Variavel,start,end,n_points,min_value,max_value,max_q,event_type
Hsig,2019-08-05 18:51:40+00:00,2019-08-05 18:51:40+00:00,1,0.48,0.48,0.6363636363636365,possible_instrumental_spike
Hsig,2019-10-22 07:51:40+00:00,2019-10-22 07:51:40+00:00,1,0.21,0.21,0.6000000000000001,possible_instrumental_spike
Hsig,2019-10-29 19:21:40+00:00,2019-10-29 19:21:40+00:00,1,0.33,0.33,0.6249999999999998,possible_instrumental_spike
Hsig,2019-11-28 10:21:40+00:00,2019-11-28 10:21:40+00:00,1,0.45,0.45,0.6153846153846158,possible_instrumental_spike
Hsig,2019-12-18 13:51:40+00:00,2019-12-18 13:51:40+00:00,1,0.31,0.31,0.5555555555555555,possible_instrumental_spike
Hsig,2020-02-01 13:51:40+00:00,2020-02-01 13:51:40+00:00,1,0.33,0.33,0.5454545454545454,possible_instrumental_spike
Hsig,2020-02-21 09:51:40+00:00,2020-02-21 09:51:40+00:00,1,0.44,0.44,0.5294117647058826,possible_instrumental_spike
Hsig,2020-03-19 08:21:40+00:00,2020-03-19 08:21:40+00:00,1,0.54,0.54,0.6250000000000004,possible_instrumental_spike
Hsig,2020-05-07 05:51:40+00:00,2020-05-07 05:51:40+00:00,1,0.81,0.81,0.52,possible_instrumental_spike
Hsig,2020-05-22 22:21:40+00:00,2020-05-22 22:21:40+00:00,1,0.75,0.75,0.545454545454546,possible_instrumental_spike
Hsig,2020-10-17 15:21:40+00:00,2020-10-17 15:21:40+00:00,1,0.29,0.29,0.5999999999999998,possible_instrumental_spike
Hsig,2020-12-07 09:21:40+00:00,2020-12-07 09:21:40+00:00,1,0.26,0.26,0.5454545454545454,possible_instrumental_spike
Hsig,2020-12-12 21:51:40+00:00,2020-12-12 21:51:40+00:00,1,0.32,0.32,0.6000000000000006,possible_instrumental_spike
Hsig,2020-12-20 05:51:40+00:00,2020-12-20 05:51:40+00:00,1,0.27,0.27,0.6000000000000003,possible_instrumental_spike
Hsig,2020-12-29 01:51:40+00:00,2020-12-29 01:51:40+00:00,1,0.36,0.36,0.6250000000000002,possible_instrumental_spike
Hsig,2021-01-05 07:21:40+00:00,2021-01-05 07:21:40+00:00,1,0.38,0.38,0.5833333333333334,possible_instrumental_spike
Hsig,2021-01-26 09:21:40+00:00,2021-01-26 09:21:40+00:00,1,0.62,0.62,0.5384615384615381,possible_instrumental_spike
Hsig,2021-02-11 02:21:40+00:00,2021-02-11 02:21:40+00:00,1,0.39,0.39,0.5333333333333333,possible_instrumental_spike
Hsig,2021-03-24 12:21:40+00:00,2021-03-24 12:21:40+00:00,1,0.23,0.23,0.5454545454545451,possible_instrumental_spike
Hsig,2021-04-09 01:21:40+00:00,2021-04-09 01:21:40+00:00,1,0.9,0.9,0.5399999999999999,possible_instrumental_spike
Hsig,2021-04-14 11:21:40+00:00,2021-04-14 11:21:40+00:00,1,0.35,0.35,0.6428571428571427,possible_instrumental_spike
Hsig,2021-04-25 01:21:40+00:00,2021-04-25 01:21:40+00:00,1,0.3,0.3,0.5599999999999999,possible_instrumental_spike
Hsig,2021-05-09 17:21:40+00:00,2021-05-09 17:21:40+00:00,1,1.12,1.12,0.541666666666667,possible_instrumental_spike
Hsig,2021-06-29 01:21:40+00:00,2021-06-29 01:21:40+00:00,1,1.34,1.34,0.5714285714285718,possible_instrumental_spike
Hsig,2021-07-14 21:21:40+00:00,2021-07-14 21:21:40+00:00,1,0.65,0.65,0.6800000000000002,possible_instrumental_spike
Hsig,2021-09-09 16:51:40+00:00,2021-09-09 16:51:40+00:00,1,0.37,0.37,0.5714285714285711,possible_instrumental_spike
Hsig,2021-09-11 23:51:40+00:00,2021-09-11 23:51:40+00:00,1,0.65,0.65,0.529411764705882,possible_instrumental_spike
Hsig,2021-12-19 09:21:40+00:00,2021-12-19 09:21:40+00:00,1,0.2,0.2,0.7499999999999998,possible_instrumental_spike
Hsig,2022-01-02 14:51:40+00:00,2022-01-02 14:51:40+00:00,1,0.32,0.32,0.6,possible_instrumental_spike
Hsig,2022-06-17 09:21:40+00:00,2022-06-17 09:21:40+00:00,1,0.89,0.89,0.5454545454545455,possible_instrumental_spike
Hsig,2022-07-04 04:51:40+00:00,2022-07-04 04:51:40+00:00,1,0.69,0.69,0.5217391304347827,possible_instrumental_spike
Hsig,2022-07-12 08:21:40+00:00,2022-07-12 08:21:40+00:00,1,0.82,0.82,0.636363636363636,possible_instrumental_spike
Hsig,2022-07-22 13:21:40+00:00,2022-07-22 13:21:40+00:00,1,0.52,0.52,0.5833333333333329,possible_instrumental_spike
Hsig,2022-08-04 10:51:40+00:00,2022-08-04 10:51:40+00:00,1,0.48,0.48,0.5454545454545455,possible_instrumental_spike
Hsig,2022-08-20 17:21:40+00:00,2022-08-20 17:21:40+00:00,1,1.08,1.08,0.5454545454545457,possible_instrumental_spike
Hsig,2022-10-04 17:51:40+00:00,2022-10-04 17:51:40+00:00,1,0.38,0.38,0.5714285714285711,possible_instrumental_spike
Hsig,2022-10-11 20:51:40+00:00,2022-10-11 20:51:40+00:00,1,0.73,0.73,0.6000000000000001,possible_instrumental_spike
Hsig,2022-10-21 03:21:40+00:00,2022-10-21 03:21:40+00:00,1,0.51,0.51,0.5294117647058826,possible_instrumental_spike
Hsig,2022-11-06 18:21:40+00:00,2022-11-06 18:21:40+00:00,1,1.3,1.3,0.5172413793103452,possible_instrumental_spike
Hsig,2022-11-10 15:51:40+00:00,2022-11-10 15:51:40+00:00,1,0.22,0.22,0.5714285714285714,possible_instrumental_spike
Hsig,2022-11-11 04:21:40+00:00,2022-11-11 04:21:40+00:00,1,0.23,0.23,0.5454545454545451,possible_instrumental_spike
Hsig,2022-11-24 08:51:40+00:00,2022-11-24 08:51:40+00:00,1,0.48,0.48,0.5555555555555556,possible_instrumental_spike
Hsig,2023-03-17 04:21:40+00:00,2023-03-17 04:21:40+00:00,1,0.73,0.73,0.5294117647058824,possible_instrumental_spike
Hsig,2023-03-23 03:51:40+00:00,2023-03-23 03:51:40+00:00,1,0.34,0.34,0.5454545454545455,possible_instrumental_spike
Hsig,2023-04-11 01:21:40+00:00,2023-04-11 01:21:40+00:00,1,0.42,0.42,0.5333333333333332,possible_instrumental_spike
Hsig,2023-04-14 05:21:40+00:00,2023-04-14 05:21:40+00:00,1,0.44,0.44,0.5454545454545455,possible_instrumental_spike
Hsig,2023-04-15 17:51:40+00:00,2023-04-15 17:51:40+00:00,1,0.29,0.29,0.5999999999999995,possible_instrumental_spike
Hsig,2023-04-20 03:21:40+00:00,2023-04-20 03:21:40+00:00,1,0.2,0.2,0.5555555555555556,possible_instrumental_spike
Hsig,2023-05-21 07:51:40+00:00,2023-05-21 07:51:40+00:00,1,1.22,1.22,0.5357142857142854,possible_instrumental_spike
Hsig,2023-06-24 07:51:40+00:00,2023-06-24 07:51:40+00:00,1,0.52,0.52,0.5714285714285723,possible_instrumental_spike
Hsig,2023-07-13 07:51:40+00:00,2023-07-13 07:51:40+00:00,1,0.48,0.48,0.6153846153846151,possible_instrumental_spike
Hsig,2023-09-06 10:21:40+00:00,2023-09-06 10:21:40+00:00,1,0.39,0.39,0.5555555555555556,possible_instrumental_spike
Hsig,2023-09-07 15:21:40+00:00,2023-09-07 15:21:40+00:00,1,0.56,0.56,0.5625000000000001,possible_instrumental_spike
Hsig,2023-10-06 18:21:40+00:00,2023-10-06 18:21:40+00:00,1,0.31,0.31,0.5714285714285711,possible_instrumental_spike
Hsig,2023-10-16 14:51:40+00:00,2023-10-16 14:51:40+00:00,1,0.53,0.53,0.5294117647058824,possible_instrumental_spike
Hsig,2023-10-29 02:21:40+00:00,2023-10-29 02:21:40+00:00,1,0.35,0.35,0.6000000000000001,possible_instrumental_spike
Hsig,2024-08-07 07:51:40+00:00,2024-08-07 07:51:40+00:00,1,0.67,0.67,0.6363636363636364,possible_instrumental_spike
Hsig,2024-08-17 05:21:40+00:00,2024-08-17 05:21:40+00:00,1,0.67,0.67,0.545454545454546,possible_instrumental_spike
Hsig,2024-09-23 13:21:40+00:00,2024-09-23 13:21:40+00:00,1,0.52,0.52,0.5454545454545452,possible_instrumental_spike
Hsig,2024-10-14 06:51:40+00:00,2024-10-14 06:51:40+00:00,1,0.51,0.51,0.5333333333333333,possible_instrumental_spike
Hsig,2024-11-03 03:51:40+00:00,2024-11-03 03:51:40+00:00,1,0.22,0.22,0.5555555555555558,possible_instrumental_spike
Hsig,2025-02-05 09:51:40+00:00,2025-02-05 09:51:40+00:00,1,0.35,0.35,0.6250000000000002,possible_instrumental_spike
Hsig,2025-02-05 12:51:40+00:00,2025-02-05 12:51:40+00:00,1,0.23,0.23,0.5714285714285717,possible_instrumental_spike
Hsig,2025-02-13 03:51:40+00:00,2025-02-13 03:51:40+00:00,1,0.27,0.27,0.5714285714285711,possible_instrumental_spike
Hsig,2025-03-15 14:51:40+00:00,2025-03-15 14:51:40+00:00,1,0.33,0.33,0.5454545454545454,possible_instrumental_spike
Hsig,2025-03-25 15:21:40+00:00,2025-03-25 15:21:40+00:00,1,0.25,0.25,0.6000000000000006,possible_instrumental_spike
Hsig,2025-06-14 09:21:40+00:00,2025-06-14 09:21:40+00:00,1,1.76,1.76,0.5652173913043479,possible_instrumental_spike
Hsig,2025-08-19 03:51:40+00:00,2025-08-19 03:51:40+00:00,1,1.11,1.11,0.5365853658536586,possible_instrumental_spike
Hsig,2025-08-22 02:21:40+00:00,2025-08-22 02:21:40+00:00,1,0.36,0.36,0.5384615384615385,possible_instrumental_spike
Hsig,2025-08-28 04:21:40+00:00,2025-08-28 04:21:40+00:00,1,0.56,0.56,0.5384615384615387,possible_instrumental_spike
Tp,2019-08-03 22:21:40+00:00,2019-08-03 22:21:40+00:00,1,15.4,15.4,0.5238095238095237,possible_instrumental_spike
Tp,2019-08-06 05:21:40+00:00,2019-08-06 05:21:40+00:00,1,11.8,11.8,0.7808219178082193,possible_instrumental_spike
Tp,2019-08-08 02:51:40+00:00,2019-08-08 02:51:40+00:00,1,12.5,12.5,0.5357142857142857,possible_instrumental_spike
Tp,2019-08-08 09:21:40+00:00,2019-08-08 09:21:40+00:00,1,11.8,11.8,0.6136363636363639,possible_instrumental_spike
Tp,2019-08-24 04:51:40+00:00,2019-08-24 04:51:40+00:00,1,11.1,11.1,0.7719298245614035,possible_instrumental_spike
Tp,2019-08-25 14:51:40+00:00,2019-08-25 14:51:40+00:00,1,5.9,5.9,0.5454545454545454,possible_instrumental_spike
Tp,2019-08-26 23:21:40+00:00,2019-08-26 23:21:40+00:00,1,11.1,11.1,0.6969696969696969,possible_instrumental_spike
Tp,2019-08-27 13:51:40+00:00,2019-08-27 13:51:40+00:00,1,11.8,11.8,0.6447368421052632,possible_instrumental_spike
Tp,2019-08-30 10:51:40+00:00,2019-08-30 10:51:40+00:00,1,9.1,9.1,0.588235294117647,possible_instrumental_spike
Tp,2019-09-02 00:21:40+00:00,2019-09-02 00:21:40+00:00,1,7.4,7.4,0.6190476190476186,possible_instrumental_spike
Tp,2019-09-16 04:51:40+00:00,2019-09-16 04:51:40+00:00,1,10.5,10.5,0.7903225806451614,possible_instrumental_spike
Tp,2019-09-18 19:51:40+00:00,2019-09-18 19:51:40+00:00,1,10.0,10.0,0.689655172413793,possible_instrumental_spike
Tp,2019-09-20 11:21:40+00:00,2019-09-20 11:21:40+00:00,1,5.6,5.6,0.6000000000000002,possible_instrumental_spike
Tp,2019-09-20 21:21:40+00:00,2019-09-20 21:21:40+00:00,1,3.6,3.6,0.7454545454545454,possible_instrumental_spike
Tp,2019-09-22 02:21:40+00:00,2019-09-22 02:21:40+00:00,1,11.8,11.8,0.574468085106383,possible_instrumental_spike
Tp,2019-09-26 17:51:40+00:00,2019-09-26 17:51:40+00:00,1,15.4,15.4,0.5806451612903226,possible_instrumental_spike
Tp,2019-10-03 11:21:40+00:00,2019-10-03 11:21:40+00:00,1,6.1,6.1,0.5199999999999999,possible_instrumental_spike
Tp,2019-10-15 12:51:40+00:00,2019-10-15 12:51:40+00:00,1,4.4,4.4,0.5409836065573771,possible_instrumental_spike
Tp,2019-10-17 03:51:40+00:00,2019-10-17 03:51:40+00:00,1,2.9,2.9,0.9213483146067415,possible_instrumental_spike
Tp,2019-10-19 02:21:40+00:00,2019-10-19 02:21:40+00:00,1,9.5,9.5,0.605263157894737,possible_instrumental_spike
Tp,2019-10-20 14:51:40+00:00,2019-10-20 14:51:40+00:00,1,8.7,8.7,0.7741935483870965,possible_instrumental_spike
Tp,2019-10-20 18:51:40+00:00,2019-10-20 18:51:40+00:00,1,11.8,11.8,0.538461538461539,possible_instrumental_spike
Tp,2019-10-21 11:51:40+00:00,2019-10-21 11:51:40+00:00,1,10.5,10.5,0.7200000000000003,possible_instrumental_spike
Tp,2019-10-23 10:51:40+00:00,2019-10-23 10:51:40+00:00,1,2.4,2.4,0.5544554455445544,possible_instrumental_spike
Tp,2019-10-24 05:51:40+00:00,2019-10-24 05:51:40+00:00,1,9.1,9.1,0.5185185185185185,possible_instrumental_spike
Tp,2019-10-27 16:51:40+00:00,2019-10-27 16:51:40+00:00,1,4.3,4.3,0.6538461538461539,possible_instrumental_spike
Tp,2019-10-31 17:21:40+00:00,2019-10-31 17:21:40+00:00,1,11.8,11.8,0.7101449275362319,possible_instrumental_spike
Tp,2019-11-02 11:21:40+00:00,2019-11-02 11:21:40+00:00,1,11.1,11.1,0.8076923076923077,possible_instrumental_spike
Tp,2019-11-04 01:21:40+00:00,2019-11-04 01:21:40+00:00,1,18.2,18.2,0.5714285714285714,possible_instrumental_spike
Tp,2019-11-04 11:51:40+00:00,2019-11-04 11:51:40+00:00,1,18.2,18.2,0.5357142857142859,possible_instrumental_spike
Tp,2019-11-06 09:51:40+00:00,2019-11-06 09:51:40+00:00,1,12.5,12.5,1.0,possible_instrumental_spike
Tp,2019-11-06 17:51:40+00:00,2019-11-06 17:51:40+00:00,1,15.4,15.4,0.5238095238095237,possible_instrumental_spike
Tp,2019-11-07 00:51:40+00:00,2019-11-07 00:51:40+00:00,1,11.8,11.8,0.6,possible_instrumental_spike
Tp,2019-11-07 14:21:40+00:00,2019-11-07 14:21:40+00:00,1,11.8,11.8,0.6,possible_instrumental_spike
Tp,2019-11-08 08:51:40+00:00,2019-11-08 08:51:40+00:00,1,9.5,9.5,0.5333333333333332,possible_instrumental_spike
Tp,2019-11-13 00:51:40+00:00,2019-11-13 00:51:40+00:00,1,3.4,3.4,0.7777777777777777,possible_instrumental_spike
Tp,2019-11-13 14:51:40+00:00,2019-11-13 14:51:40+00:00,1,9.1,9.1,0.588235294117647,possible_instrumental_spike
Tp,2019-11-14 13:21:40+00:00,2019-11-14 13:21:40+00:00,1,8.7,8.7,0.6153846153846156,possible_instrumental_spike
Tp,2019-11-14 16:51:40+00:00,2019-11-14 16:51:40+00:00,1,9.5,9.5,1.0,possible_instrumental_spike
Tp,2019-11-20 13:21:40+00:00,2019-11-20 13:21:40+00:00,1,5.0,5.0,0.6727272727272726,possible_instrumental_spike
Tp,2019-11-23 10:51:40+00:00,2019-11-23 10:51:40+00:00,1,10.5,10.5,0.5952380952380952,possible_instrumental_spike
Tp,2019-11-25 15:51:40+00:00,2019-11-25 15:51:40+00:00,1,16.7,16.7,0.6122448979591837,possible_instrumental_spike
Tp,2019-11-28 05:51:40+00:00,2019-11-28 05:51:40+00:00,1,6.3,6.3,0.7708333333333334,possible_instrumental_spike
Tp,2019-11-30 10:21:40+00:00,2019-11-30 10:21:40+00:00,1,6.9,6.9,0.7380952380952381,possible_instrumental_spike
Tp,2019-12-11 14:51:40+00:00,2019-12-11 14:51:40+00:00,1,5.9,5.9,0.6969696969696969,possible_instrumental_spike
Tp,2019-12-12 01:21:40+00:00,2019-12-12 01:21:40+00:00,1,5.4,5.4,0.647887323943662,possible_instrumental_spike
Tp,2019-12-12 14:51:40+00:00,2019-12-12 14:51:40+00:00,1,2.6,2.6,0.797979797979798,possible_instrumental_spike
Tp,2019-12-13 20:21:40+00:00,2019-12-13 20:21:40+00:00,1,6.9,6.9,0.6428571428571428,possible_instrumental_spike
Tp,2019-12-17 08:21:40+00:00,2019-12-17 08:21:40+00:00,1,10.5,10.5,0.5901639344262295,possible_instrumental_spike
Tp,2019-12-18 20:21:40+00:00,2019-12-18 20:21:40+00:00,1,11.8,11.8,0.7313432835820894,possible_instrumental_spike
Tp,2019-12-21 12:21:40+00:00,2019-12-21 12:21:40+00:00,1,5.3,5.3,0.7241379310344828,possible_instrumental_spike
Tp,2019-12-24 23:21:40+00:00,2019-12-24 23:21:40+00:00,1,2.0,2.0,0.5499999999999999,possible_instrumental_spike
Tp,2019-12-31 16:21:40+00:00,2019-12-31 16:21:40+00:00,1,5.7,5.7,0.6842105263157896,possible_instrumental_spike
Tp,2020-01-01 11:51:40+00:00,2020-01-01 11:51:40+00:00,1,2.1,2.1,0.7118644067796609,possible_instrumental_spike
Tp,2020-01-06 16:51:40+00:00,2020-01-06 16:51:40+00:00,1,11.8,11.8,0.538461538461539,possible_instrumental_spike
Tp,2020-01-06 22:21:40+00:00,2020-01-06 22:21:40+00:00,1,5.9,5.9,0.7884615384615385,possible_instrumental_spike
Tp,2020-01-07 01:21:40+00:00,2020-01-07 01:21:40+00:00,1,2.3,2.3,0.875,possible_instrumental_spike
Tp,2020-01-07 08:21:40+00:00,2020-01-07 08:21:40+00:00,1,9.5,9.5,0.6250000000000001,possible_instrumental_spike
Tp,2020-01-07 12:51:40+00:00,2020-01-07 12:51:40+00:00,1,2.2,2.2,0.9325842696629216,possible_instrumental_spike
Tp,2020-01-07 22:51:40+00:00,2020-01-07 22:51:40+00:00,1,2.0,2.0,0.9411764705882353,possible_instrumental_spike
Tp,2020-01-12 05:21:40+00:00,2020-01-12 05:21:40+00:00,1,3.8,3.8,0.6,possible_instrumental_spike
Tp,2020-01-12 10:51:40+00:00,2020-01-12 10:51:40+00:00,1,2.9,2.9,0.6578947368421053,possible_instrumental_spike
Tp,2020-01-13 01:21:40+00:00,2020-01-13 01:21:40+00:00,1,4.3,4.3,0.5500000000000003,possible_instrumental_spike
Tp,2020-01-19 10:21:40+00:00,2020-01-19 10:21:40+00:00,1,3.6,3.6,0.7954545454545453,possible_instrumental_spike
Tp,2020-01-20 04:51:40+00:00,2020-01-20 04:51:40+00:00,1,4.8,4.8,0.6551724137931035,possible_instrumental_spike
Tp,2020-01-21 07:21:40+00:00,2020-01-21 07:21:40+00:00,1,15.4,15.4,0.67816091954023,possible_instrumental_spike
Tp,2020-01-21 17:21:40+00:00,2020-01-21 17:21:40+00:00,1,5.1,5.1,0.6388888888888892,possible_instrumental_spike
Tp,2020-01-28 22:21:40+00:00,2020-01-28 22:21:40+00:00,1,6.3,6.3,1.0,possible_instrumental_spike
Tp,2020-01-30 10:51:40+00:00,2020-01-30 10:51:40+00:00,1,10.5,10.5,0.5217391304347825,possible_instrumental_spike
Tp,2020-01-30 15:21:40+00:00,2020-01-30 15:21:40+00:00,1,11.8,11.8,0.8,possible_instrumental_spike
Tp,2020-02-06 18:21:40+00:00,2020-02-06 18:21:40+00:00,1,11.8,11.8,0.7446808510638296,possible_instrumental_spike
Tp,2020-02-09 14:51:40+00:00,2020-02-09 14:51:40+00:00,1,5.1,5.1,0.5909090909090909,possible_instrumental_spike
Tp,2020-02-10 16:21:40+00:00,2020-02-10 16:21:40+00:00,1,9.1,9.1,0.6428571428571429,possible_instrumental_spike
Tp,2020-02-13 15:51:40+00:00,2020-02-13 15:51:40+00:00,1,7.4,7.4,0.7045454545454544,possible_instrumental_spike
Tp,2020-02-14 06:51:40+00:00,2020-02-14 06:51:40+00:00,1,3.4,3.4,0.7261904761904762,possible_instrumental_spike
Tp,2020-02-18 23:51:40+00:00,2020-02-18 23:51:40+00:00,1,3.1,3.1,0.7187499999999999,possible_instrumental_spike
Tp,2020-02-25 07:21:40+00:00,2020-02-25 07:21:40+00:00,1,9.1,9.1,0.6938775510204082,possible_instrumental_spike
Tp,2020-03-02 12:51:40+00:00,2020-03-02 12:51:40+00:00,1,2.0,2.0,0.520408163265306,possible_instrumental_spike
Tp,2020-03-02 22:51:40+00:00,2020-03-02 22:51:40+00:00,1,2.8,2.8,0.7,possible_instrumental_spike
Tp,2020-03-03 16:51:40+00:00,2020-03-03 16:51:40+00:00,1,6.1,6.1,0.6842105263157897,possible_instrumental_spike
Tp,2020-03-04 22:21:40+00:00,2020-03-04 22:21:40+00:00,1,10.5,10.5,0.7857142857142855,possible_instrumental_spike
Tp,2020-03-08 17:51:40+00:00,2020-03-08 17:51:40+00:00,1,13.3,13.3,0.8888888888888888,possible_instrumental_spike
Tp,2020-03-10 02:51:40+00:00,2020-03-10 02:51:40+00:00,1,11.1,11.1,0.8148148148148148,possible_instrumental_spike
Tp,2020-03-10 07:51:40+00:00,2020-03-10 07:51:40+00:00,1,11.8,11.8,0.7966101694915255,possible_instrumental_spike
Tp,2020-03-14 01:21:40+00:00,2020-03-14 01:21:40+00:00,1,7.1,7.1,0.6170212765957446,possible_instrumental_spike
Tp,2020-03-15 09:51:40+00:00,2020-03-15 09:51:40+00:00,1,11.1,11.1,0.7647058823529411,possible_instrumental_spike
Tp,2020-03-19 07:21:40+00:00,2020-03-19 07:21:40+00:00,1,7.7,7.7,0.5614035087719298,possible_instrumental_spike
Tp,2020-03-21 05:21:40+00:00,2020-03-21 05:21:40+00:00,1,10.5,10.5,0.891566265060241,possible_instrumental_spike
Tp,2020-04-01 09:51:40+00:00,2020-04-01 09:51:40+00:00,1,11.1,11.1,0.8701298701298701,possible_instrumental_spike
Tp,2020-04-07 02:21:40+00:00,2020-04-07 02:21:40+00:00,1,12.5,12.5,0.7692307692307693,possible_instrumental_spike
Tp,2020-04-07 12:51:40+00:00,2020-04-07 12:51:40+00:00,1,3.9,3.9,0.6363636363636364,possible_instrumental_spike
Tp,2020-04-07 17:51:40+00:00,2020-04-07 17:51:40+00:00,1,10.0,10.0,0.7551020408163265,possible_instrumental_spike
Tp,2020-04-08 20:21:40+00:00,2020-04-08 20:21:40+00:00,1,7.4,7.4,0.6271186440677965,possible_instrumental_spike
Tp,2020-04-13 11:21:40+00:00,2020-04-13 11:21:40+00:00,1,3.6,3.6,0.7009345794392523,possible_instrumental_spike
Tp,2020-04-15 18:21:40+00:00,2020-04-15 18:21:40+00:00,1,6.1,6.1,0.6249999999999998,possible_instrumental_spike
Tp,2020-04-21 20:21:40+00:00,2020-04-21 20:21:40+00:00,1,4.9,4.9,0.7272727272727273,possible_instrumental_spike
Tp,2020-04-30 10:21:40+00:00,2020-04-30 10:21:40+00:00,1,10.5,10.5,0.5970149253731343,possible_instrumental_spike
Tp,2020-05-01 15:51:40+00:00,2020-05-01 15:51:40+00:00,1,13.3,13.3,0.7500000000000001,possible_instrumental_spike
Tp,2020-05-01 19:21:40+00:00,2020-05-01 19:21:40+00:00,1,13.3,13.3,0.7924528301886793,possible_instrumental_spike
Tp,2020-05-02 12:21:40+00:00,2020-05-02 12:21:40+00:00,1,12.5,12.5,0.5757575757575759,possible_instrumental_spike
Tp,2020-05-02 17:51:40+00:00,2020-05-02 17:51:40+00:00,1,5.1,5.1,0.6388888888888892,possible_instrumental_spike
Tp,2020-05-04 16:51:40+00:00,2020-05-04 16:51:40+00:00,1,12.5,12.5,0.7887323943661971,possible_instrumental_spike
Tp,2020-05-05 14:51:40+00:00,2020-05-05 14:51:40+00:00,1,11.8,11.8,0.7611940298507462,possible_instrumental_spike
Tp,2020-05-10 00:21:40+00:00,2020-05-10 00:21:40+00:00,1,6.9,6.9,0.818181818181818,possible_instrumental_spike
Tp,2020-05-10 06:21:40+00:00,2020-05-10 06:21:40+00:00,1,6.1,6.1,0.6333333333333334,possible_instrumental_spike
Tp,2020-05-15 05:21:40+00:00,2020-05-15 05:21:40+00:00,1,7.4,7.4,0.5294117647058828,possible_instrumental_spike
Tp,2020-05-16 19:51:40+00:00,2020-05-16 19:51:40+00:00,1,8.0,8.0,0.6451612903225807,possible_instrumental_spike
Tp,2020-05-20 18:21:40+00:00,2020-05-20 18:21:40+00:00,1,5.1,5.1,0.71875,possible_instrumental_spike
Tp,2020-05-21 09:21:40+00:00,2020-05-21 09:21:40+00:00,1,6.7,6.7,0.6249999999999998,possible_instrumental_spike
Tp,2020-05-26 21:51:40+00:00,2020-05-26 21:51:40+00:00,1,10.0,10.0,0.5294117647058828,possible_instrumental_spike
Tp,2020-05-28 23:51:40+00:00,2020-05-28 23:51:40+00:00,1,5.4,5.4,0.5294117647058822,possible_instrumental_spike
Tp,2020-06-01 16:21:40+00:00,2020-06-01 16:21:40+00:00,1,6.9,6.9,0.5624999999999999,possible_instrumental_spike
Tp,2020-06-05 19:21:40+00:00,2020-06-05 19:21:40+00:00,1,11.8,11.8,0.8867924528301888,possible_instrumental_spike
Tp,2020-06-10 04:51:40+00:00,2020-06-10 04:51:40+00:00,1,7.7,7.7,0.5555555555555551,possible_instrumental_spike
Tp,2020-06-11 12:51:40+00:00,2020-06-11 12:51:40+00:00,1,9.1,9.1,0.5714285714285708,possible_instrumental_spike
Tp,2020-06-11 19:51:40+00:00,2020-06-11 19:51:40+00:00,1,3.0,3.0,0.5849056603773584,possible_instrumental_spike
Tp,2020-06-12 00:51:40+00:00,2020-06-12 00:51:40+00:00,1,4.8,4.8,0.53125,possible_instrumental_spike
Tp,2020-06-14 03:21:40+00:00,2020-06-14 03:21:40+00:00,1,3.6,3.6,0.5227272727272727,possible_instrumental_spike
Tp,2020-06-15 21:51:40+00:00,2020-06-15 21:51:40+00:00,1,9.1,9.1,0.7755102040816327,possible_instrumental_spike
Tp,2020-06-19 15:21:40+00:00,2020-06-19 15:21:40+00:00,1,16.7,16.7,0.861111111111111,possible_instrumental_spike
Tp,2020-06-20 10:21:40+00:00,2020-06-20 10:21:40+00:00,1,15.4,15.4,0.6417910447761194,possible_instrumental_spike
Tp,2020-06-21 02:21:40+00:00,2020-06-21 02:21:40+00:00,1,5.4,5.4,0.5730337078651685,possible_instrumental_spike
Tp,2020-06-24 08:51:40+00:00,2020-06-24 08:51:40+00:00,1,11.1,11.1,0.8571428571428571,possible_instrumental_spike
Tp,2020-07-03 05:51:40+00:00,2020-07-03 05:51:40+00:00,1,11.1,11.1,0.5217391304347827,possible_instrumental_spike
Tp,2020-07-05 07:21:40+00:00,2020-07-05 07:21:40+00:00,1,12.5,12.5,0.8117647058823529,possible_instrumental_spike
Tp,2020-07-05 13:21:40+00:00,2020-07-05 13:21:40+00:00,1,12.5,12.5,0.8292682926829269,possible_instrumental_spike
Tp,2020-07-06 20:21:40+00:00,2020-07-06 20:21:40+00:00,1,11.8,11.8,0.546875,possible_instrumental_spike
Tp,2020-07-08 08:51:40+00:00,2020-07-08 08:51:40+00:00,1,10.5,10.5,0.5636363636363636,possible_instrumental_spike
Tp,2020-07-11 01:51:40+00:00,2020-07-11 01:51:40+00:00,1,7.4,7.4,0.6176470588235295,possible_instrumental_spike
Tp,2020-07-12 21:51:40+00:00,2020-07-12 21:51:40+00:00,1,12.5,12.5,0.6829268292682927,possible_instrumental_spike
Tp,2020-07-15 05:51:40+00:00,2020-07-15 05:51:40+00:00,1,4.5,4.5,0.5714285714285716,possible_instrumental_spike
Tp,2020-07-16 07:51:40+00:00,2020-07-16 07:51:40+00:00,1,15.4,15.4,0.9279279279279279,possible_instrumental_spike
Tp,2020-07-17 13:51:40+00:00,2020-07-17 13:51:40+00:00,1,6.3,6.3,0.55,possible_instrumental_spike
Tp,2020-07-22 04:21:40+00:00,2020-07-22 04:21:40+00:00,1,10.0,10.0,0.5789473684210525,possible_instrumental_spike
Tp,2020-07-22 16:51:40+00:00,2020-07-22 16:51:40+00:00,1,9.1,9.1,0.7454545454545454,possible_instrumental_spike
Tp,2020-07-23 18:51:40+00:00,2020-07-23 18:51:40+00:00,1,8.0,8.0,0.7250000000000001,possible_instrumental_spike
Tp,2020-07-27 08:21:40+00:00,2020-07-27 08:21:40+00:00,1,5.4,5.4,0.6304347826086958,possible_instrumental_spike
Tp,2020-08-17 10:51:40+00:00,2020-08-17 10:51:40+00:00,1,4.9,4.9,0.6071428571428572,possible_instrumental_spike
Tp,2020-08-20 13:51:40+00:00,2020-08-20 13:51:40+00:00,1,4.1,4.1,0.7142857142857143,possible_instrumental_spike
Tp,2020-08-20 20:21:40+00:00,2020-08-20 20:21:40+00:00,1,11.8,11.8,0.538461538461539,possible_instrumental_spike
Tp,2020-08-22 01:51:40+00:00,2020-08-22 01:51:40+00:00,1,11.8,11.8,0.538461538461539,possible_instrumental_spike
Tp,2020-08-22 04:51:40+00:00,2020-08-22 04:51:40+00:00,1,12.5,12.5,0.7000000000000002,possible_instrumental_spike
Tp,2020-08-22 14:21:40+00:00,2020-08-22 14:21:40+00:00,1,12.5,12.5,0.7000000000000002,possible_instrumental_spike
Tp,2020-08-31 17:21:40+00:00,2020-08-31 17:21:40+00:00,1,3.7,3.7,0.7301587301587302,possible_instrumental_spike
Tp,2020-08-31 21:21:40+00:00,2020-08-31 21:21:40+00:00,1,5.1,5.1,0.6530612244897961,possible_instrumental_spike
Tp,2020-09-03 16:21:40+00:00,2020-09-03 16:21:40+00:00,1,15.4,15.4,0.8454545454545456,possible_instrumental_spike
Tp,2020-09-03 19:51:40+00:00,2020-09-03 19:51:40+00:00,1,15.4,15.4,0.8365384615384615,possible_instrumental_spike
Tp,2020-09-06 09:51:40+00:00,2020-09-06 09:51:40+00:00,1,11.1,11.1,0.5636363636363636,possible_instrumental_spike
Tp,2020-09-06 22:51:40+00:00,2020-09-06 22:51:40+00:00,1,11.1,11.1,0.5396825396825397,possible_instrumental_spike
Tp,2020-09-11 12:21:40+00:00,2020-09-11 12:21:40+00:00,1,4.0,4.0,0.9102564102564101,possible_instrumental_spike
Tp,2020-09-12 01:21:40+00:00,2020-09-12 01:21:40+00:00,1,3.8,3.8,0.7126436781609197,possible_instrumental_spike
Tp,2020-09-14 11:21:40+00:00,2020-09-14 11:21:40+00:00,1,5.9,5.9,0.6153846153846153,possible_instrumental_spike
Tp,2020-09-15 10:21:40+00:00,2020-09-15 10:21:40+00:00,1,4.2,4.2,0.5507246376811594,possible_instrumental_spike
Tp,2020-09-20 20:21:40+00:00,2020-09-20 20:21:40+00:00,1,13.3,13.3,0.5357142857142856,possible_instrumental_spike
Tp,2020-09-21 04:51:40+00:00,2020-09-21 04:51:40+00:00,1,5.7,5.7,0.7058823529411765,possible_instrumental_spike
Tp,2020-09-21 08:51:40+00:00,2020-09-21 08:51:40+00:00,1,6.9,6.9,0.5624999999999999,possible_instrumental_spike
Tp,2020-09-23 05:51:40+00:00,2020-09-23 05:51:40+00:00,1,5.4,5.4,0.8028169014084506,possible_instrumental_spike
Tp,2020-09-25 08:21:40+00:00,2020-09-25 08:21:40+00:00,1,8.0,8.0,0.675,possible_instrumental_spike
Tp,2020-10-01 17:21:40+00:00,2020-10-01 17:21:40+00:00,1,9.1,9.1,0.6666666666666667,possible_instrumental_spike
Tp,2020-10-08 10:51:40+00:00,2020-10-08 10:51:40+00:00,1,2.1,2.1,0.6391752577319588,possible_instrumental_spike
Tp,2020-10-09 07:21:40+00:00,2020-10-09 07:21:40+00:00,1,6.7,6.7,0.8627450980392155,possible_instrumental_spike
Tp,2020-10-13 15:21:40+00:00,2020-10-13 15:21:40+00:00,1,11.1,11.1,0.6199999999999999,possible_instrumental_spike
Tp,2020-10-18 06:21:40+00:00,2020-10-18 06:21:40+00:00,1,11.1,11.1,0.7164179104477613,possible_instrumental_spike
Tp,2020-10-23 04:21:40+00:00,2020-10-23 04:21:40+00:00,1,8.3,8.3,1.0,possible_instrumental_spike
Tp,2020-10-23 19:51:40+00:00,2020-10-23 19:51:40+00:00,1,7.1,7.1,0.5625000000000003,possible_instrumental_spike
Tp,2020-10-25 11:51:40+00:00,2020-10-25 11:51:40+00:00,1,6.9,6.9,0.692307692307692,possible_instrumental_spike
Tp,2020-10-25 16:21:40+00:00,2020-10-25 16:21:40+00:00,1,7.4,7.4,0.6190476190476186,possible_instrumental_spike
Tp,2020-10-29 13:21:40+00:00,2020-10-29 13:21:40+00:00,1,4.8,4.8,0.6140350877192984,possible_instrumental_spike
Tp,2020-10-30 05:51:40+00:00,2020-10-30 05:51:40+00:00,1,7.4,7.4,0.5294117647058828,possible_instrumental_spike
Tp,2020-10-31 07:51:40+00:00,2020-10-31 07:51:40+00:00,1,2.2,2.2,0.5180722891566264,possible_instrumental_spike
Tp,2020-11-08 19:21:40+00:00,2020-11-08 19:21:40+00:00,1,11.1,11.1,0.5714285714285715,possible_instrumental_spike
Tp,2020-11-09 03:21:40+00:00,2020-11-09 03:21:40+00:00,1,11.8,11.8,0.5806451612903225,possible_instrumental_spike
Tp,2020-11-10 01:51:40+00:00,2020-11-10 01:51:40+00:00,1,11.1,11.1,0.6666666666666664,possible_instrumental_spike
Tp,2020-11-13 06:51:40+00:00,2020-11-13 06:51:40+00:00,1,11.1,11.1,0.5714285714285715,possible_instrumental_spike
Tp,2020-11-20 08:51:40+00:00,2020-11-20 08:51:40+00:00,1,6.7,6.7,0.8043478260869567,possible_instrumental_spike
Tp,2020-11-20 17:51:40+00:00,2020-11-20 17:51:40+00:00,1,4.7,4.7,0.6666666666666666,possible_instrumental_spike
Tp,2020-11-23 00:21:40+00:00,2020-11-23 00:21:40+00:00,1,10.5,10.5,0.5434782608695653,possible_instrumental_spike
Tp,2020-11-25 18:21:40+00:00,2020-11-25 18:21:40+00:00,1,8.3,8.3,0.6923076923076924,possible_instrumental_spike
Tp,2020-12-05 04:51:40+00:00,2020-12-05 04:51:40+00:00,1,11.1,11.1,0.7777777777777777,possible_instrumental_spike
Tp,2020-12-08 11:21:40+00:00,2020-12-08 11:21:40+00:00,1,2.2,2.2,0.5813953488372093,possible_instrumental_spike
Tp,2020-12-11 11:21:40+00:00,2020-12-11 11:21:40+00:00,1,11.1,11.1,0.5866666666666666,possible_instrumental_spike
Tp,2020-12-11 14:51:40+00:00,2020-12-11 14:51:40+00:00,1,2.1,2.1,0.6875,possible_instrumental_spike
Tp,2020-12-12 11:21:40+00:00,2020-12-12 11:21:40+00:00,1,11.1,11.1,0.6060606060606061,possible_instrumental_spike
Tp,2020-12-14 02:51:40+00:00,2020-12-14 02:51:40+00:00,1,6.3,6.3,0.7812500000000001,possible_instrumental_spike
Tp,2020-12-16 19:21:40+00:00,2020-12-16 19:21:40+00:00,1,11.8,11.8,0.6351351351351352,possible_instrumental_spike
Tp,2020-12-21 14:51:40+00:00,2020-12-21 14:51:40+00:00,1,1.9,1.9,0.6727272727272727,possible_instrumental_spike
Tp,2020-12-21 22:51:40+00:00,2020-12-21 22:51:40+00:00,1,2.6,2.6,0.6000000000000005,possible_instrumental_spike
Tp,2020-12-23 15:21:40+00:00,2020-12-23 15:21:40+00:00,1,2.2,2.2,0.673076923076923,possible_instrumental_spike
Tp,2020-12-27 06:51:40+00:00,2020-12-27 06:51:40+00:00,1,10.5,10.5,0.8095238095238095,possible_instrumental_spike
Tp,2021-01-01 19:21:40+00:00,2021-01-01 19:21:40+00:00,1,2.5,2.5,0.6545454545454544,possible_instrumental_spike
Tp,2021-01-02 09:21:40+00:00,2021-01-02 09:21:40+00:00,1,11.8,11.8,0.6909090909090909,possible_instrumental_spike
Tp,2021-01-04 18:51:40+00:00,2021-01-04 18:51:40+00:00,1,2.2,2.2,0.653061224489796,possible_instrumental_spike
Tp,2021-01-05 06:21:40+00:00,2021-01-05 06:21:40+00:00,1,3.6,3.6,0.5526315789473684,possible_instrumental_spike
Tp,2021-01-07 04:51:40+00:00,2021-01-07 04:51:40+00:00,1,11.1,11.1,0.6000000000000001,possible_instrumental_spike
Tp,2021-01-12 13:21:40+00:00,2021-01-12 13:21:40+00:00,1,2.6,2.6,0.5333333333333334,possible_instrumental_spike
Tp,2021-01-14 09:51:40+00:00,2021-01-14 09:51:40+00:00,1,2.2,2.2,0.574468085106383,possible_instrumental_spike
Tp,2021-01-16 13:21:40+00:00,2021-01-16 13:21:40+00:00,1,4.3,4.3,0.5384615384615384,possible_instrumental_spike
Tp,2021-01-16 19:21:40+00:00,2021-01-16 19:21:40+00:00,1,3.2,3.2,0.6153846153846153,possible_instrumental_spike
Tp,2021-01-18 03:21:40+00:00,2021-01-18 03:21:40+00:00,1,11.8,11.8,0.5875000000000001,possible_instrumental_spike
Tp,2021-01-18 20:21:40+00:00,2021-01-18 20:21:40+00:00,1,10.5,10.5,0.596153846153846,possible_instrumental_spike
Tp,2021-01-31 06:51:40+00:00,2021-01-31 06:51:40+00:00,1,9.5,9.5,0.5423728813559322,possible_instrumental_spike
Tp,2021-02-02 10:21:40+00:00,2021-02-02 10:21:40+00:00,1,10.5,10.5,0.5384615384615384,possible_instrumental_spike
Tp,2021-02-05 05:51:40+00:00,2021-02-05 05:51:40+00:00,1,8.7,8.7,0.8157894736842107,possible_instrumental_spike
Tp,2021-02-06 14:21:40+00:00,2021-02-06 14:21:40+00:00,1,2.4,2.4,0.7358490566037734,possible_instrumental_spike
Tp,2021-02-08 20:21:40+00:00,2021-02-08 20:21:40+00:00,1,12.5,12.5,0.6829268292682927,possible_instrumental_spike
Tp,2021-02-09 21:51:40+00:00,2021-02-09 21:51:40+00:00,1,6.9,6.9,0.857142857142857,possible_instrumental_spike
Tp,2021-02-15 20:51:40+00:00,2021-02-15 20:51:40+00:00,1,2.2,2.2,0.6179775280898877,possible_instrumental_spike
Tp,2021-02-18 09:51:40+00:00,2021-02-18 09:51:40+00:00,1,6.7,6.7,0.9090909090909091,possible_instrumental_spike
Tp,2021-02-28 06:21:40+00:00,2021-02-28 06:21:40+00:00,1,12.5,12.5,0.7073170731707318,possible_instrumental_spike
Tp,2021-03-04 14:21:40+00:00,2021-03-04 14:21:40+00:00,1,6.3,6.3,0.6774193548387097,possible_instrumental_spike
Tp,2021-03-05 07:21:40+00:00,2021-03-05 07:21:40+00:00,1,6.7,6.7,0.7586206896551724,possible_instrumental_spike
Tp,2021-03-05 15:51:40+00:00,2021-03-05 15:51:40+00:00,1,9.5,9.5,0.5333333333333332,possible_instrumental_spike
Tp,2021-03-05 20:21:40+00:00,2021-03-05 20:21:40+00:00,1,6.9,6.9,0.5306122448979591,possible_instrumental_spike
Tp,2021-03-06 05:51:40+00:00,2021-03-06 05:51:40+00:00,1,9.1,9.1,0.5185185185185185,possible_instrumental_spike
Tp,2021-03-06 09:21:40+00:00,2021-03-06 09:21:40+00:00,1,5.9,5.9,0.6949152542372881,possible_instrumental_spike
Tp,2021-03-07 21:51:40+00:00,2021-03-07 21:51:40+00:00,1,9.1,9.1,0.5185185185185185,possible_instrumental_spike
Tp,2021-03-08 00:51:40+00:00,2021-03-08 00:51:40+00:00,1,2.5,2.5,0.8602150537634408,possible_instrumental_spike
Tp,2021-03-11 01:51:40+00:00,2021-03-11 01:51:40+00:00,1,3.1,3.1,0.7340425531914894,possible_instrumental_spike
Tp,2021-03-12 15:21:40+00:00,2021-03-12 15:21:40+00:00,1,5.6,5.6,0.8,possible_instrumental_spike
Tp,2021-03-14 03:21:40+00:00,2021-03-14 03:21:40+00:00,1,10.0,10.0,0.5857142857142856,possible_instrumental_spike
Tp,2021-03-15 02:21:40+00:00,2021-03-15 02:21:40+00:00,1,8.7,8.7,0.6181818181818182,possible_instrumental_spike
Tp,2021-03-19 15:51:40+00:00,2021-03-19 15:51:40+00:00,1,11.8,11.8,0.5789473684210528,possible_instrumental_spike
Tp,2021-03-20 03:21:40+00:00,2021-03-20 03:21:40+00:00,1,9.1,9.1,0.6857142857142856,possible_instrumental_spike
Tp,2021-03-23 17:51:40+00:00,2021-03-23 17:51:40+00:00,1,7.7,7.7,0.8541666666666669,possible_instrumental_spike
Tp,2021-03-25 13:51:40+00:00,2021-03-25 13:51:40+00:00,1,13.3,13.3,0.6588235294117648,possible_instrumental_spike
Tp,2021-03-27 06:51:40+00:00,2021-03-27 06:51:40+00:00,1,11.8,11.8,0.538461538461539,possible_instrumental_spike
Tp,2021-03-28 22:51:40+00:00,2021-03-28 22:51:40+00:00,1,7.1,7.1,0.6000000000000005,possible_instrumental_spike
Tp,2021-03-29 05:51:40+00:00,2021-03-29 05:51:40+00:00,1,10.5,10.5,0.7096774193548385,possible_instrumental_spike
Tp,2021-03-29 08:51:40+00:00,2021-03-29 08:51:40+00:00,1,10.5,10.5,0.5806451612903228,possible_instrumental_spike
Tp,2021-04-02 12:21:40+00:00,2021-04-02 12:21:40+00:00,1,2.6,2.6,0.8227848101265822,possible_instrumental_spike
Tp,2021-04-02 23:51:40+00:00,2021-04-02 23:51:40+00:00,1,2.2,2.2,0.7187499999999999,possible_instrumental_spike
Tp,2021-04-04 09:51:40+00:00,2021-04-04 09:51:40+00:00,1,11.1,11.1,0.6363636363636362,possible_instrumental_spike
Tp,2021-04-04 21:51:40+00:00,2021-04-04 21:51:40+00:00,1,2.8,2.8,0.782608695652174,possible_instrumental_spike
Tp,2021-04-10 14:21:40+00:00,2021-04-10 14:21:40+00:00,1,4.3,4.3,0.5945945945945946,possible_instrumental_spike
Tp,2021-04-14 11:21:40+00:00,2021-04-14 11:21:40+00:00,1,28.6,28.6,0.9406392694063926,possible_instrumental_spike
Tp,2021-04-15 16:21:40+00:00,2021-04-15 16:21:40+00:00,1,4.3,4.3,0.7499999999999998,possible_instrumental_spike
Tp,2021-04-30 05:51:40+00:00,2021-04-30 05:51:40+00:00,1,6.5,6.5,0.6666666666666667,possible_instrumental_spike
Tp,2021-04-30 11:21:40+00:00,2021-04-30 11:21:40+00:00,1,7.7,7.7,0.6923076923076923,possible_instrumental_spike
Tp,2021-05-02 14:51:40+00:00,2021-05-02 14:51:40+00:00,1,5.9,5.9,0.5555555555555556,possible_instrumental_spike
Tp,2021-05-04 02:51:40+00:00,2021-05-04 02:51:40+00:00,1,4.7,4.7,0.6666666666666667,possible_instrumental_spike
Tp,2021-05-04 06:21:40+00:00,2021-05-04 06:21:40+00:00,1,4.3,4.3,0.7567567567567567,possible_instrumental_spike
Tp,2021-05-05 03:21:40+00:00,2021-05-05 03:21:40+00:00,1,5.9,5.9,0.5357142857142859,possible_instrumental_spike
Tp,2021-05-10 20:21:40+00:00,2021-05-10 20:21:40+00:00,1,8.7,8.7,0.57142857142857,possible_instrumental_spike
Tp,2021-05-11 05:21:40+00:00,2021-05-11 05:21:40+00:00,1,6.7,6.7,0.6249999999999998,possible_instrumental_spike
Tp,2021-05-16 16:21:40+00:00,2021-05-16 16:21:40+00:00,1,4.5,4.5,0.5714285714285712,possible_instrumental_spike
Tp,2021-05-17 10:51:40+00:00,2021-05-17 10:51:40+00:00,1,11.1,11.1,0.8253968253968254,possible_instrumental_spike
Tp,2021-05-20 00:21:40+00:00,2021-05-20 00:21:40+00:00,1,6.1,6.1,0.5964912280701754,possible_instrumental_spike
Tp,2021-05-20 12:21:40+00:00,2021-05-20 12:21:40+00:00,1,5.7,5.7,0.7962962962962964,possible_instrumental_spike
Tp,2021-05-24 15:51:40+00:00,2021-05-24 15:51:40+00:00,1,9.5,9.5,0.6250000000000001,possible_instrumental_spike
Tp,2021-06-02 10:21:40+00:00,2021-06-02 10:21:40+00:00,1,6.3,6.3,0.7741935483870968,possible_instrumental_spike
Tp,2021-06-02 22:21:40+00:00,2021-06-02 22:21:40+00:00,1,4.0,4.0,0.6893203883495145,possible_instrumental_spike
Tp,2021-06-09 16:51:40+00:00,2021-06-09 16:51:40+00:00,1,11.8,11.8,0.538461538461539,possible_instrumental_spike
Tp,2021-06-10 03:21:40+00:00,2021-06-10 03:21:40+00:00,1,5.6,5.6,0.8,possible_instrumental_spike
Tp,2021-06-10 07:21:40+00:00,2021-06-10 07:21:40+00:00,1,4.4,4.4,0.5373134328358209,possible_instrumental_spike
Tp,2021-06-11 03:21:40+00:00,2021-06-11 03:21:40+00:00,1,3.3,3.3,0.6527777777777778,possible_instrumental_spike
Tp,2021-06-13 07:51:40+00:00,2021-06-13 07:51:40+00:00,1,10.0,10.0,0.5294117647058828,possible_instrumental_spike
Tp,2021-06-16 02:21:40+00:00,2021-06-16 02:21:40+00:00,1,6.1,6.1,0.5950413223140497,possible_instrumental_spike
Tp,2021-06-17 11:51:40+00:00,2021-06-17 11:51:40+00:00,1,13.3,13.3,1.0,possible_instrumental_spike
Tp,2021-06-18 06:51:40+00:00,2021-06-18 06:51:40+00:00,1,14.3,14.3,1.0,possible_instrumental_spike
Tp,2021-06-21 15:21:40+00:00,2021-06-21 15:21:40+00:00,1,13.3,13.3,0.5544554455445544,possible_instrumental_spike
Tp,2021-06-29 05:51:40+00:00,2021-06-29 05:51:40+00:00,1,14.3,14.3,1.0,possible_instrumental_spike
Tp,2021-06-29 17:51:40+00:00,2021-06-29 17:51:40+00:00,1,12.5,12.5,1.0,possible_instrumental_spike
Tp,2021-06-29 22:51:40+00:00,2021-06-29 22:51:40+00:00,1,14.3,14.3,1.0,possible_instrumental_spike
Tp,2021-07-02 06:21:40+00:00,2021-07-02 06:21:40+00:00,1,6.1,6.1,0.6000000000000005,possible_instrumental_spike
Tp,2021-07-03 08:21:40+00:00,2021-07-03 08:21:40+00:00,1,5.4,5.4,0.5652173913043478,possible_instrumental_spike
Tp,2021-07-17 11:51:40+00:00,2021-07-17 11:51:40+00:00,1,4.9,4.9,0.7368421052631579,possible_instrumental_spike
Tp,2021-07-17 20:51:40+00:00,2021-07-17 20:51:40+00:00,1,6.1,6.1,0.5416666666666666,possible_instrumental_spike
Tp,2021-07-22 03:51:40+00:00,2021-07-22 03:51:40+00:00,1,6.3,6.3,0.5454545454545456,possible_instrumental_spike
Tp,2021-07-22 19:51:40+00:00,2021-07-22 19:51:40+00:00,1,5.1,5.1,0.6249999999999998,possible_instrumental_spike
Tp,2021-08-03 01:21:40+00:00,2021-08-03 01:21:40+00:00,1,12.5,12.5,0.631578947368421,possible_instrumental_spike
Tp,2021-08-09 01:51:40+00:00,2021-08-09 01:51:40+00:00,1,5.3,5.3,0.7234042553191488,possible_instrumental_spike
Tp,2021-08-12 16:21:40+00:00,2021-08-12 16:21:40+00:00,1,3.0,3.0,0.6266666666666667,possible_instrumental_spike
Tp,2021-08-20 06:21:40+00:00,2021-08-20 06:21:40+00:00,1,11.8,11.8,0.546875,possible_instrumental_spike
Tp,2021-08-27 09:21:40+00:00,2021-08-27 09:21:40+00:00,1,6.3,6.3,0.525,possible_instrumental_spike
Tp,2021-08-29 20:51:40+00:00,2021-08-29 20:51:40+00:00,1,3.6,3.6,0.8533333333333334,possible_instrumental_spike
Tp,2021-08-30 18:51:40+00:00,2021-08-30 18:51:40+00:00,1,11.1,11.1,0.8208955223880597,possible_instrumental_spike
Tp,2021-09-01 17:21:40+00:00,2021-09-01 17:21:40+00:00,1,7.7,7.7,0.6000000000000011,possible_instrumental_spike
Tp,2021-09-07 07:21:40+00:00,2021-09-07 07:21:40+00:00,1,14.3,14.3,0.7894736842105262,possible_instrumental_spike
Tp,2021-09-08 23:51:40+00:00,2021-09-08 23:51:40+00:00,1,5.9,5.9,0.5476190476190476,possible_instrumental_spike
Tp,2021-09-09 06:21:40+00:00,2021-09-09 06:21:40+00:00,1,15.4,15.4,0.6744186046511628,possible_instrumental_spike
Tp,2021-09-09 14:21:40+00:00,2021-09-09 14:21:40+00:00,1,14.3,14.3,0.6578947368421051,possible_instrumental_spike
Tp,2021-09-11 05:21:40+00:00,2021-09-11 05:21:40+00:00,1,9.1,9.1,0.5185185185185185,possible_instrumental_spike
Tp,2021-09-16 06:51:40+00:00,2021-09-16 06:51:40+00:00,1,15.4,15.4,0.5238095238095237,possible_instrumental_spike
Tp,2021-09-16 20:21:40+00:00,2021-09-16 20:21:40+00:00,1,14.3,14.3,1.0,possible_instrumental_spike
Tp,2021-09-16 23:21:40+00:00,2021-09-16 23:21:40+00:00,1,14.3,14.3,1.0,possible_instrumental_spike
Tp,2021-09-17 17:51:40+00:00,2021-09-17 17:51:40+00:00,1,3.8,3.8,0.7684210526315789,possible_instrumental_spike
Tp,2021-09-19 00:21:40+00:00,2021-09-19 00:21:40+00:00,1,3.8,3.8,0.5625000000000001,possible_instrumental_spike
Tp,2021-09-22 08:51:40+00:00,2021-09-22 08:51:40+00:00,1,2.5,2.5,0.7526881720430108,possible_instrumental_spike
Tp,2021-09-22 12:21:40+00:00,2021-09-22 12:21:40+00:00,1,5.0,5.0,0.6029411764705881,possible_instrumental_spike
Tp,2021-09-27 12:51:40+00:00,2021-09-27 12:51:40+00:00,1,6.7,6.7,0.8793103448275863,possible_instrumental_spike
Tp,2021-09-29 04:51:40+00:00,2021-09-29 04:51:40+00:00,1,8.0,8.0,0.6578947368421051,possible_instrumental_spike
Tp,2021-09-30 17:51:40+00:00,2021-09-30 17:51:40+00:00,1,11.1,11.1,0.6874999999999999,possible_instrumental_spike
Tp,2021-10-02 03:51:40+00:00,2021-10-02 03:51:40+00:00,1,13.3,13.3,0.6666666666666669,possible_instrumental_spike
Tp,2021-10-04 18:51:40+00:00,2021-10-04 18:51:40+00:00,1,11.1,11.1,0.5499999999999998,possible_instrumental_spike
Tp,2021-10-05 04:21:40+00:00,2021-10-05 04:21:40+00:00,1,12.5,12.5,0.5263157894736841,possible_instrumental_spike
Tp,2021-10-11 16:51:40+00:00,2021-10-11 16:51:40+00:00,1,6.7,6.7,0.7586206896551724,possible_instrumental_spike
Tp,2021-10-18 13:21:40+00:00,2021-10-18 13:21:40+00:00,1,5.4,5.4,0.8048780487804876,possible_instrumental_spike
Tp,2021-10-19 11:51:40+00:00,2021-10-19 11:51:40+00:00,1,3.6,3.6,0.8644067796610169,possible_instrumental_spike
Tp,2021-10-20 01:51:40+00:00,2021-10-20 01:51:40+00:00,1,4.3,4.3,0.7017543859649125,possible_instrumental_spike
Tp,2021-10-20 12:21:40+00:00,2021-10-20 12:21:40+00:00,1,6.7,6.7,0.714285714285714,possible_instrumental_spike
Tp,2021-10-20 15:51:40+00:00,2021-10-20 15:51:40+00:00,1,6.7,6.7,0.7272727272727272,possible_instrumental_spike
Tp,2021-10-27 00:21:40+00:00,2021-10-27 00:21:40+00:00,1,3.9,3.9,0.5853658536585367,possible_instrumental_spike
Tp,2021-10-28 11:21:40+00:00,2021-10-28 11:21:40+00:00,1,7.4,7.4,0.606060606060606,possible_instrumental_spike
Tp,2021-10-31 06:51:40+00:00,2021-10-31 06:51:40+00:00,1,11.1,11.1,0.5441176470588235,possible_instrumental_spike
Tp,2021-10-31 10:21:40+00:00,2021-10-31 10:21:40+00:00,1,14.3,14.3,0.8787878787878789,possible_instrumental_spike
Tp,2021-11-01 04:21:40+00:00,2021-11-01 04:21:40+00:00,1,12.5,12.5,0.6585365853658538,possible_instrumental_spike
Tp,2021-11-05 22:21:40+00:00,2021-11-05 22:21:40+00:00,1,7.7,7.7,0.6212121212121212,possible_instrumental_spike
Tp,2021-11-06 02:21:40+00:00,2021-11-06 02:21:40+00:00,1,2.0,2.0,0.9333333333333333,possible_instrumental_spike
Tp,2021-11-06 18:21:40+00:00,2021-11-06 18:21:40+00:00,1,6.9,6.9,0.6428571428571428,possible_instrumental_spike
Tp,2021-11-07 08:51:40+00:00,2021-11-07 08:51:40+00:00,1,2.2,2.2,0.7477477477477478,possible_instrumental_spike
Tp,2021-11-07 15:51:40+00:00,2021-11-07 15:51:40+00:00,1,11.8,11.8,0.7808219178082193,possible_instrumental_spike
Tp,2021-11-09 18:21:40+00:00,2021-11-09 18:21:40+00:00,1,5.3,5.3,0.6382978723404257,possible_instrumental_spike
Tp,2021-11-15 08:51:40+00:00,2021-11-15 08:51:40+00:00,1,11.8,11.8,0.7142857142857142,possible_instrumental_spike
Tp,2021-11-18 08:21:40+00:00,2021-11-18 08:21:40+00:00,1,7.4,7.4,0.5909090909090908,possible_instrumental_spike
Tp,2021-11-18 16:21:40+00:00,2021-11-18 16:21:40+00:00,1,6.9,6.9,0.5238095238095237,possible_instrumental_spike
Tp,2021-11-18 22:51:40+00:00,2021-11-18 22:51:40+00:00,1,7.4,7.4,0.7027027027027027,possible_instrumental_spike
Tp,2021-11-19 15:51:40+00:00,2021-11-19 15:51:40+00:00,1,7.1,7.1,0.5517241379310343,possible_instrumental_spike
Tp,2021-11-24 01:51:40+00:00,2021-11-24 01:51:40+00:00,1,8.7,8.7,0.5555555555555554,possible_instrumental_spike
Tp,2021-11-28 17:51:40+00:00,2021-11-28 17:51:40+00:00,1,7.7,7.7,0.9107142857142857,possible_instrumental_spike
Tp,2021-12-02 04:21:40+00:00,2021-12-02 04:21:40+00:00,1,14.3,14.3,0.8560000000000001,possible_instrumental_spike
Tp,2021-12-02 14:51:40+00:00,2021-12-02 14:51:40+00:00,1,3.7,3.7,0.9056603773584906,possible_instrumental_spike
Tp,2021-12-09 18:51:40+00:00,2021-12-09 18:51:40+00:00,1,10.0,10.0,0.6046511627906976,possible_instrumental_spike
Tp,2021-12-13 05:51:40+00:00,2021-12-13 05:51:40+00:00,1,8.7,8.7,0.5384615384615383,possible_instrumental_spike
Tp,2021-12-15 12:51:40+00:00,2021-12-15 12:51:40+00:00,1,2.1,2.1,0.6875,possible_instrumental_spike
Tp,2021-12-17 15:51:40+00:00,2021-12-17 15:51:40+00:00,1,1.9,1.9,0.5769230769230771,possible_instrumental_spike
Tp,2021-12-20 18:21:40+00:00,2021-12-20 18:21:40+00:00,1,11.1,11.1,0.5454545454545453,possible_instrumental_spike
Tp,2021-12-21 02:51:40+00:00,2021-12-21 02:51:40+00:00,1,3.7,3.7,0.918918918918919,possible_instrumental_spike
Tp,2021-12-21 14:21:40+00:00,2021-12-21 14:21:40+00:00,1,9.1,9.1,0.6428571428571429,possible_instrumental_spike
Tp,2021-12-26 16:51:40+00:00,2021-12-26 16:51:40+00:00,1,11.1,11.1,0.888888888888889,possible_instrumental_spike
Tp,2021-12-29 13:21:40+00:00,2021-12-29 13:21:40+00:00,1,10.0,10.0,0.5306122448979591,possible_instrumental_spike
Tp,2022-01-01 18:21:40+00:00,2022-01-01 18:21:40+00:00,1,2.4,2.4,0.6610169491525423,possible_instrumental_spike
Tp,2022-01-05 21:51:40+00:00,2022-01-05 21:51:40+00:00,1,2.1,2.1,0.7419354838709675,possible_instrumental_spike
Tp,2022-01-08 08:51:40+00:00,2022-01-08 08:51:40+00:00,1,5.7,5.7,0.8333333333333333,possible_instrumental_spike
Tp,2022-01-08 20:21:40+00:00,2022-01-08 20:21:40+00:00,1,4.3,4.3,0.5833333333333334,possible_instrumental_spike
Tp,2022-01-09 23:21:40+00:00,2022-01-09 23:21:40+00:00,1,1.9,1.9,0.5434782608695654,possible_instrumental_spike
Tp,2022-01-10 11:21:40+00:00,2022-01-10 11:21:40+00:00,1,5.1,5.1,0.6666666666666666,possible_instrumental_spike
Tp,2022-01-10 16:51:40+00:00,2022-01-10 16:51:40+00:00,1,5.7,5.7,0.6249999999999999,possible_instrumental_spike
Tp,2022-01-14 19:21:40+00:00,2022-01-14 19:21:40+00:00,1,7.7,7.7,0.5675675675675677,possible_instrumental_spike
Tp,2022-01-18 13:51:40+00:00,2022-01-18 13:51:40+00:00,1,12.5,12.5,0.7727272727272727,possible_instrumental_spike
Tp,2022-01-20 01:21:40+00:00,2022-01-20 01:21:40+00:00,1,4.2,4.2,0.7142857142857143,possible_instrumental_spike
Tp,2022-01-21 09:21:40+00:00,2022-01-21 09:21:40+00:00,1,12.5,12.5,0.8225806451612903,possible_instrumental_spike
Tp,2022-01-23 23:51:40+00:00,2022-01-23 23:51:40+00:00,1,11.1,11.1,0.8148148148148148,possible_instrumental_spike
Tp,2022-01-24 11:51:40+00:00,2022-01-24 11:51:40+00:00,1,10.5,10.5,0.6451612903225806,possible_instrumental_spike
Tp,2022-01-25 10:21:40+00:00,2022-01-25 10:21:40+00:00,1,6.1,6.1,0.5416666666666666,possible_instrumental_spike
Tp,2022-01-25 16:51:40+00:00,2022-01-25 16:51:40+00:00,1,5.4,5.4,0.5211267605633803,possible_instrumental_spike
Tp,2022-01-27 05:21:40+00:00,2022-01-27 05:21:40+00:00,1,5.4,5.4,0.75,possible_instrumental_spike
Tp,2022-01-27 09:21:40+00:00,2022-01-27 09:21:40+00:00,1,11.1,11.1,0.6799999999999999,possible_instrumental_spike
Tp,2022-02-07 00:21:40+00:00,2022-02-07 00:21:40+00:00,1,4.5,4.5,0.5263157894736841,possible_instrumental_spike
Tp,2022-02-10 17:21:40+00:00,2022-02-10 17:21:40+00:00,1,11.8,11.8,0.7454545454545455,possible_instrumental_spike
Tp,2022-02-12 23:51:40+00:00,2022-02-12 23:51:40+00:00,1,11.1,11.1,0.5365853658536586,possible_instrumental_spike
Tp,2022-02-15 00:51:40+00:00,2022-02-15 00:51:40+00:00,1,5.9,5.9,0.6829268292682925,possible_instrumental_spike
Tp,2022-02-16 09:21:40+00:00,2022-02-16 09:21:40+00:00,1,8.3,8.3,0.6285714285714283,possible_instrumental_spike
Tp,2022-02-17 12:51:40+00:00,2022-02-17 12:51:40+00:00,1,12.5,12.5,0.5263157894736841,possible_instrumental_spike
Tp,2022-02-24 05:21:40+00:00,2022-02-24 05:21:40+00:00,1,3.8,3.8,0.641025641025641,possible_instrumental_spike
Tp,2022-02-28 20:21:40+00:00,2022-02-28 20:21:40+00:00,1,5.4,5.4,0.5781249999999999,possible_instrumental_spike
Tp,2022-03-02 02:51:40+00:00,2022-03-02 02:51:40+00:00,1,3.8,3.8,0.5849056603773586,possible_instrumental_spike
Tp,2022-03-05 14:51:40+00:00,2022-03-05 14:51:40+00:00,1,5.9,5.9,0.6249999999999999,possible_instrumental_spike
Tp,2022-03-06 20:51:40+00:00,2022-03-06 20:51:40+00:00,1,13.3,13.3,0.5656565656565656,possible_instrumental_spike
Tp,2022-03-07 14:51:40+00:00,2022-03-07 14:51:40+00:00,1,12.5,12.5,0.6292134831460674,possible_instrumental_spike
Tp,2022-03-09 11:21:40+00:00,2022-03-09 11:21:40+00:00,1,11.8,11.8,0.6376811594202899,possible_instrumental_spike
Tp,2022-03-10 06:21:40+00:00,2022-03-10 06:21:40+00:00,1,5.0,5.0,0.6190476190476191,possible_instrumental_spike
Tp,2022-03-14 13:21:40+00:00,2022-03-14 13:21:40+00:00,1,6.3,6.3,0.5285714285714286,possible_instrumental_spike
Tp,2022-03-15 22:21:40+00:00,2022-03-15 22:21:40+00:00,1,11.8,11.8,0.6,possible_instrumental_spike
Tp,2022-06-01 15:51:40+00:00,2022-06-01 15:51:40+00:00,1,6.1,6.1,0.68,possible_instrumental_spike
Tp,2022-06-07 11:21:40+00:00,2022-06-07 11:21:40+00:00,1,15.4,15.4,0.5238095238095237,possible_instrumental_spike
Tp,2022-06-10 21:21:40+00:00,2022-06-10 21:21:40+00:00,1,3.2,3.2,0.782178217821782,possible_instrumental_spike
Tp,2022-06-11 16:21:40+00:00,2022-06-11 16:21:40+00:00,1,11.8,11.8,0.6944444444444445,possible_instrumental_spike
Tp,2022-06-18 21:51:40+00:00,2022-06-18 21:51:40+00:00,1,5.9,5.9,0.6153846153846153,possible_instrumental_spike
Tp,2022-06-19 06:21:40+00:00,2022-06-19 06:21:40+00:00,1,5.9,5.9,0.5384615384615383,possible_instrumental_spike
Tp,2022-06-23 19:21:40+00:00,2022-06-23 19:21:40+00:00,1,11.8,11.8,0.5569620253164557,possible_instrumental_spike
Tp,2022-06-24 08:21:40+00:00,2022-06-24 08:21:40+00:00,1,9.5,9.5,0.6538461538461539,possible_instrumental_spike
Tp,2022-06-24 14:21:40+00:00,2022-06-24 14:21:40+00:00,1,10.0,10.0,0.6491228070175439,possible_instrumental_spike
Tp,2022-06-25 13:51:40+00:00,2022-06-25 13:51:40+00:00,1,7.4,7.4,0.5555555555555555,possible_instrumental_spike
Tp,2022-06-26 16:21:40+00:00,2022-06-26 16:21:40+00:00,1,11.1,11.1,0.75,possible_instrumental_spike
Tp,2022-07-01 20:21:40+00:00,2022-07-01 20:21:40+00:00,1,3.6,3.6,0.6190476190476192,possible_instrumental_spike
Tp,2022-07-13 21:21:40+00:00,2022-07-13 21:21:40+00:00,1,7.4,7.4,0.5909090909090908,possible_instrumental_spike
Tp,2022-07-17 14:51:40+00:00,2022-07-17 14:51:40+00:00,1,3.8,3.8,0.7126436781609197,possible_instrumental_spike
Tp,2022-07-17 22:51:40+00:00,2022-07-17 22:51:40+00:00,1,14.3,14.3,0.5813953488372092,possible_instrumental_spike
Tp,2022-07-18 07:51:40+00:00,2022-07-18 07:51:40+00:00,1,11.1,11.1,0.5599999999999999,possible_instrumental_spike
Tp,2022-07-19 04:21:40+00:00,2022-07-19 04:21:40+00:00,1,12.5,12.5,0.7777777777777777,possible_instrumental_spike
Tp,2022-07-22 22:51:40+00:00,2022-07-22 22:51:40+00:00,1,11.1,11.1,0.746268656716418,possible_instrumental_spike
Tp,2022-07-23 04:21:40+00:00,2022-07-23 04:21:40+00:00,1,14.3,14.3,0.8200000000000001,possible_instrumental_spike
Tp,2022-07-23 16:21:40+00:00,2022-07-23 16:21:40+00:00,1,13.3,13.3,0.5227272727272728,possible_instrumental_spike
Tp,2022-07-27 07:21:40+00:00,2022-07-27 07:21:40+00:00,1,12.5,12.5,0.7631578947368421,possible_instrumental_spike
Tp,2022-07-30 09:21:40+00:00,2022-07-30 09:21:40+00:00,1,2.4,2.4,0.7127659574468084,possible_instrumental_spike
Tp,2022-07-30 22:21:40+00:00,2022-07-30 22:21:40+00:00,1,11.1,11.1,0.5714285714285715,possible_instrumental_spike
Tp,2022-07-31 02:51:40+00:00,2022-07-31 02:51:40+00:00,1,5.4,5.4,0.5609756097560976,possible_instrumental_spike
Tp,2022-08-02 06:51:40+00:00,2022-08-02 06:51:40+00:00,1,11.8,11.8,0.5176470588235295,possible_instrumental_spike
Tp,2022-08-03 07:21:40+00:00,2022-08-03 07:21:40+00:00,1,11.1,11.1,0.7419354838709677,possible_instrumental_spike
Tp,2022-08-05 23:21:40+00:00,2022-08-05 23:21:40+00:00,1,15.4,15.4,0.6417910447761194,possible_instrumental_spike
Tp,2022-08-08 18:21:40+00:00,2022-08-08 18:21:40+00:00,1,10.5,10.5,1.0,possible_instrumental_spike
Tp,2022-08-08 23:51:40+00:00,2022-08-08 23:51:40+00:00,1,11.8,11.8,0.565217391304348,possible_instrumental_spike
Tp,2022-08-10 09:51:40+00:00,2022-08-10 09:51:40+00:00,1,13.3,13.3,0.5333333333333338,possible_instrumental_spike
Tp,2022-08-10 20:21:40+00:00,2022-08-10 20:21:40+00:00,1,13.3,13.3,0.5333333333333338,possible_instrumental_spike
Tp,2022-08-12 17:21:40+00:00,2022-08-12 17:21:40+00:00,1,14.3,14.3,1.0,possible_instrumental_spike
Tp,2022-08-16 19:21:40+00:00,2022-08-16 19:21:40+00:00,1,8.7,8.7,0.673913043478261,possible_instrumental_spike
Tp,2022-08-17 23:51:40+00:00,2022-08-17 23:51:40+00:00,1,11.1,11.1,0.6875000000000001,possible_instrumental_spike
Tp,2022-08-19 23:51:40+00:00,2022-08-19 23:51:40+00:00,1,4.3,4.3,0.8266666666666665,possible_instrumental_spike
Tp,2022-08-21 01:21:40+00:00,2022-08-21 01:21:40+00:00,1,11.1,11.1,0.7719298245614035,possible_instrumental_spike
Tp,2022-08-22 16:51:40+00:00,2022-08-22 16:51:40+00:00,1,11.8,11.8,0.7704918032786886,possible_instrumental_spike
Tp,2022-08-24 00:21:40+00:00,2022-08-24 00:21:40+00:00,1,12.5,12.5,0.7073170731707318,possible_instrumental_spike
Tp,2022-08-24 05:51:40+00:00,2022-08-24 05:51:40+00:00,1,11.1,11.1,0.5873015873015872,possible_instrumental_spike
Tp,2022-08-25 16:21:40+00:00,2022-08-25 16:21:40+00:00,1,7.4,7.4,0.666666666666666,possible_instrumental_spike
Tp,2022-09-05 21:21:40+00:00,2022-09-05 21:21:40+00:00,1,13.3,13.3,0.5333333333333338,possible_instrumental_spike
Tp,2022-09-15 09:51:40+00:00,2022-09-15 09:51:40+00:00,1,14.3,14.3,0.5555555555555554,possible_instrumental_spike
Tp,2022-09-20 03:21:40+00:00,2022-09-20 03:21:40+00:00,1,5.9,5.9,0.7878787878787878,possible_instrumental_spike
Tp,2022-09-20 14:21:40+00:00,2022-09-20 14:21:40+00:00,1,5.9,5.9,0.6969696969696969,possible_instrumental_spike
Tp,2022-09-20 22:21:40+00:00,2022-09-20 22:21:40+00:00,1,11.1,11.1,1.0,possible_instrumental_spike
Tp,2022-09-23 05:21:40+00:00,2022-09-23 05:21:40+00:00,1,25.0,25.0,0.9354838709677419,possible_instrumental_spike
Tp,2022-09-27 06:51:40+00:00,2022-09-27 06:51:40+00:00,1,9.5,9.5,0.5294117647058822,possible_instrumental_spike
Tp,2022-09-29 16:51:40+00:00,2022-09-29 16:51:40+00:00,1,4.9,4.9,0.8225806451612904,possible_instrumental_spike
Tp,2022-10-01 09:21:40+00:00,2022-10-01 09:21:40+00:00,1,8.7,8.7,0.5555555555555555,possible_instrumental_spike
Tp,2022-10-03 07:51:40+00:00,2022-10-03 07:51:40+00:00,1,6.7,6.7,0.763157894736842,possible_instrumental_spike
Tp,2022-10-06 13:21:40+00:00,2022-10-06 13:21:40+00:00,1,6.9,6.9,0.6190476190476191,possible_instrumental_spike
Tp,2022-10-18 01:21:40+00:00,2022-10-18 01:21:40+00:00,1,5.3,5.3,0.6666666666666666,possible_instrumental_spike
Tp,2022-10-20 05:51:40+00:00,2022-10-20 05:51:40+00:00,1,11.8,11.8,0.6909090909090909,possible_instrumental_spike
Tp,2022-10-21 19:21:40+00:00,2022-10-21 19:21:40+00:00,1,13.3,13.3,0.6129032258064516,possible_instrumental_spike
Tp,2022-10-22 11:21:40+00:00,2022-10-22 11:21:40+00:00,1,12.5,12.5,0.5277777777777779,possible_instrumental_spike
Tp,2022-10-23 23:51:40+00:00,2022-10-23 23:51:40+00:00,1,7.1,7.1,0.6000000000000005,possible_instrumental_spike
Tp,2022-10-28 16:51:40+00:00,2022-10-28 16:51:40+00:00,1,4.7,4.7,0.5689655172413793,possible_instrumental_spike
Tp,2022-11-08 05:21:40+00:00,2022-11-08 05:21:40+00:00,1,10.5,10.5,0.5636363636363636,possible_instrumental_spike
Tp,2022-11-11 03:51:40+00:00,2022-11-11 03:51:40+00:00,1,3.2,3.2,0.5735294117647058,possible_instrumental_spike
Tp,2022-11-16 12:51:40+00:00,2022-11-16 12:51:40+00:00,1,2.0,2.0,0.5185185185185185,possible_instrumental_spike
Tp,2022-11-17 11:51:40+00:00,2022-11-17 11:51:40+00:00,1,2.0,2.0,0.7555555555555556,possible_instrumental_spike
Tp,2022-11-21 00:21:40+00:00,2022-11-21 00:21:40+00:00,1,3.2,3.2,0.5952380952380952,possible_instrumental_spike
Tp,2022-11-26 14:51:40+00:00,2022-11-26 14:51:40+00:00,1,2.2,2.2,0.7704918032786885,possible_instrumental_spike
Tp,2022-11-27 16:21:40+00:00,2022-11-27 16:21:40+00:00,1,2.1,2.1,0.847457627118644,possible_instrumental_spike
Tp,2022-11-29 08:51:40+00:00,2022-11-29 08:51:40+00:00,1,2.6,2.6,0.7868852459016396,possible_instrumental_spike
Tp,2022-12-04 03:21:40+00:00,2022-12-04 03:21:40+00:00,1,6.7,6.7,0.7272727272727272,possible_instrumental_spike
Tp,2022-12-05 04:51:40+00:00,2022-12-05 04:51:40+00:00,1,11.8,11.8,0.538461538461539,possible_instrumental_spike
Tp,2022-12-06 00:21:40+00:00,2022-12-06 00:21:40+00:00,1,6.1,6.1,0.7692307692307692,possible_instrumental_spike
Tp,2022-12-06 05:21:40+00:00,2022-12-06 05:21:40+00:00,1,6.9,6.9,0.846153846153846,possible_instrumental_spike
Tp,2022-12-07 05:21:40+00:00,2022-12-07 05:21:40+00:00,1,6.5,6.5,0.5652173913043478,possible_instrumental_spike
Tp,2022-12-07 12:51:40+00:00,2022-12-07 12:51:40+00:00,1,5.6,5.6,0.6326530612244897,possible_instrumental_spike
Tp,2022-12-08 05:21:40+00:00,2022-12-08 05:21:40+00:00,1,10.0,10.0,0.5555555555555554,possible_instrumental_spike
Tp,2022-12-08 09:21:40+00:00,2022-12-08 09:21:40+00:00,1,6.9,6.9,0.5384615384615387,possible_instrumental_spike
Tp,2022-12-09 20:21:40+00:00,2022-12-09 20:21:40+00:00,1,2.0,2.0,0.7142857142857142,possible_instrumental_spike
Tp,2022-12-13 17:21:40+00:00,2022-12-13 17:21:40+00:00,1,2.0,2.0,0.6382978723404255,possible_instrumental_spike
Tp,2022-12-14 08:51:40+00:00,2022-12-14 08:51:40+00:00,1,6.3,6.3,0.7999999999999999,possible_instrumental_spike
Tp,2022-12-16 07:51:40+00:00,2022-12-16 07:51:40+00:00,1,4.3,4.3,0.6923076923076921,possible_instrumental_spike
Tp,2022-12-16 23:51:40+00:00,2022-12-16 23:51:40+00:00,1,10.5,10.5,1.0,possible_instrumental_spike
Tp,2022-12-19 11:51:40+00:00,2022-12-19 11:51:40+00:00,1,6.3,6.3,0.6666666666666667,possible_instrumental_spike
Tp,2022-12-20 23:51:40+00:00,2022-12-20 23:51:40+00:00,1,2.1,2.1,0.5333333333333334,possible_instrumental_spike
Tp,2022-12-22 07:21:40+00:00,2022-12-22 07:21:40+00:00,1,2.7,2.7,0.8205128205128205,possible_instrumental_spike
Tp,2022-12-22 12:21:40+00:00,2022-12-22 12:21:40+00:00,1,5.3,5.3,0.7241379310344828,possible_instrumental_spike
Tp,2022-12-26 08:51:40+00:00,2022-12-26 08:51:40+00:00,1,7.1,7.1,0.8529411764705882,possible_instrumental_spike
Tp,2022-12-28 14:51:40+00:00,2022-12-28 14:51:40+00:00,1,7.1,7.1,0.6296296296296297,possible_instrumental_spike
Tp,2022-12-28 21:51:40+00:00,2022-12-28 21:51:40+00:00,1,6.9,6.9,0.7346938775510203,possible_instrumental_spike
Tp,2023-01-05 06:21:40+00:00,2023-01-05 06:21:40+00:00,1,12.5,12.5,0.5517241379310345,possible_instrumental_spike
Tp,2023-01-07 19:51:40+00:00,2023-01-07 19:51:40+00:00,1,2.2,2.2,0.5384615384615384,possible_instrumental_spike
Tp,2023-01-10 14:51:40+00:00,2023-01-10 14:51:40+00:00,1,4.4,4.4,0.635135135135135,possible_instrumental_spike
Tp,2023-01-12 11:21:40+00:00,2023-01-12 11:21:40+00:00,1,2.1,2.1,0.5675675675675674,possible_instrumental_spike
Tp,2023-01-18 03:21:40+00:00,2023-01-18 03:21:40+00:00,1,7.4,7.4,0.7045454545454544,possible_instrumental_spike
Tp,2023-01-21 19:51:40+00:00,2023-01-21 19:51:40+00:00,1,2.4,2.4,0.6170212765957448,possible_instrumental_spike
Tp,2023-01-27 09:21:40+00:00,2023-01-27 09:21:40+00:00,1,2.7,2.7,0.6904761904761904,possible_instrumental_spike
Tp,2023-01-29 20:21:40+00:00,2023-01-29 20:21:40+00:00,1,5.4,5.4,0.8947368421052632,possible_instrumental_spike
Tp,2023-01-30 00:51:40+00:00,2023-01-30 00:51:40+00:00,1,5.9,5.9,0.8913043478260869,possible_instrumental_spike
Tp,2023-01-30 06:21:40+00:00,2023-01-30 06:21:40+00:00,1,7.7,7.7,0.6428571428571428,possible_instrumental_spike
Tp,2023-02-01 02:51:40+00:00,2023-02-01 02:51:40+00:00,1,3.6,3.6,0.6363636363636364,possible_instrumental_spike
Tp,2023-02-03 08:51:40+00:00,2023-02-03 08:51:40+00:00,1,4.4,4.4,0.5277777777777777,possible_instrumental_spike
Tp,2023-02-04 09:51:40+00:00,2023-02-04 09:51:40+00:00,1,4.2,4.2,0.5428571428571427,possible_instrumental_spike
Tp,2023-02-10 20:51:40+00:00,2023-02-10 20:51:40+00:00,1,14.3,14.3,0.6324786324786325,possible_instrumental_spike
Tp,2023-02-11 03:21:40+00:00,2023-02-11 03:21:40+00:00,1,14.3,14.3,0.6915887850467289,possible_instrumental_spike
Tp,2023-02-13 14:21:40+00:00,2023-02-13 14:21:40+00:00,1,10.0,10.0,0.6346153846153846,possible_instrumental_spike
Tp,2023-02-13 22:21:40+00:00,2023-02-13 22:21:40+00:00,1,2.2,2.2,0.6222222222222222,possible_instrumental_spike
Tp,2023-02-14 03:51:40+00:00,2023-02-14 03:51:40+00:00,1,7.7,7.7,0.6666666666666664,possible_instrumental_spike
Tp,2023-02-17 13:21:40+00:00,2023-02-17 13:21:40+00:00,1,2.2,2.2,0.810344827586207,possible_instrumental_spike
Tp,2023-02-25 09:21:40+00:00,2023-02-25 09:21:40+00:00,1,10.5,10.5,0.5483870967741936,possible_instrumental_spike
Tp,2023-02-26 15:21:40+00:00,2023-02-26 15:21:40+00:00,1,11.1,11.1,0.6557377049180328,possible_instrumental_spike
Tp,2023-02-27 16:51:40+00:00,2023-02-27 16:51:40+00:00,1,5.1,5.1,0.6000000000000001,possible_instrumental_spike
Tp,2023-02-28 01:51:40+00:00,2023-02-28 01:51:40+00:00,1,4.9,4.9,0.8999999999999999,possible_instrumental_spike
Tp,2023-03-01 02:51:40+00:00,2023-03-01 02:51:40+00:00,1,5.6,5.6,0.6000000000000002,possible_instrumental_spike
Tp,2023-03-01 17:21:40+00:00,2023-03-01 17:21:40+00:00,1,4.8,4.8,0.6521739130434783,possible_instrumental_spike
Tp,2023-03-01 23:21:40+00:00,2023-03-01 23:21:40+00:00,1,5.1,5.1,0.6666666666666665,possible_instrumental_spike
Tp,2023-03-02 06:51:40+00:00,2023-03-02 06:51:40+00:00,1,4.4,4.4,0.7599999999999998,possible_instrumental_spike
Tp,2023-03-03 15:51:40+00:00,2023-03-03 15:51:40+00:00,1,10.0,10.0,0.7200000000000003,possible_instrumental_spike
Tp,2023-03-03 19:21:40+00:00,2023-03-03 19:21:40+00:00,1,9.5,9.5,0.5333333333333332,possible_instrumental_spike
Tp,2023-03-05 08:51:40+00:00,2023-03-05 08:51:40+00:00,1,7.1,7.1,0.6170212765957446,possible_instrumental_spike
Tp,2023-03-23 01:21:40+00:00,2023-03-23 01:21:40+00:00,1,4.4,4.4,0.9135802469135803,possible_instrumental_spike
Tp,2023-03-24 06:51:40+00:00,2023-03-24 06:51:40+00:00,1,5.9,5.9,0.5714285714285718,possible_instrumental_spike
Tp,2023-03-26 12:21:40+00:00,2023-03-26 12:21:40+00:00,1,13.3,13.3,0.5357142857142856,possible_instrumental_spike
Tp,2023-03-29 17:21:40+00:00,2023-03-29 17:21:40+00:00,1,14.3,14.3,1.0,possible_instrumental_spike
Tp,2023-04-02 13:51:40+00:00,2023-04-02 13:51:40+00:00,1,2.2,2.2,0.5421686746987951,possible_instrumental_spike
Tp,2023-04-14 17:51:40+00:00,2023-04-14 17:51:40+00:00,1,7.4,7.4,0.7375,possible_instrumental_spike
Tp,2023-04-14 21:21:40+00:00,2023-04-14 21:21:40+00:00,1,8.3,8.3,0.6999999999999998,possible_instrumental_spike
Tp,2023-04-15 03:21:40+00:00,2023-04-15 03:21:40+00:00,1,7.1,7.1,0.5555555555555555,possible_instrumental_spike
Tp,2023-04-17 17:21:40+00:00,2023-04-17 17:21:40+00:00,1,13.3,13.3,0.7555555555555556,possible_instrumental_spike
Tp,2023-04-18 14:21:40+00:00,2023-04-18 14:21:40+00:00,1,12.5,12.5,0.5588235294117648,possible_instrumental_spike
Tp,2023-04-19 01:51:40+00:00,2023-04-19 01:51:40+00:00,1,11.1,11.1,0.6999999999999997,possible_instrumental_spike
Tp,2023-04-20 05:21:40+00:00,2023-04-20 05:21:40+00:00,1,10.0,10.0,0.8783783783783783,possible_instrumental_spike
Tp,2023-04-21 08:51:40+00:00,2023-04-21 08:51:40+00:00,1,16.7,16.7,0.5170068027210885,possible_instrumental_spike
Tp,2023-04-21 14:51:40+00:00,2023-04-21 14:51:40+00:00,1,15.4,15.4,0.7238805970149254,possible_instrumental_spike
Tp,2023-04-23 17:51:40+00:00,2023-04-23 17:51:40+00:00,1,6.1,6.1,0.6153846153846156,possible_instrumental_spike
Tp,2023-04-25 03:21:40+00:00,2023-04-25 03:21:40+00:00,1,5.1,5.1,0.608695652173913,possible_instrumental_spike
Tp,2023-04-26 23:21:40+00:00,2023-04-26 23:21:40+00:00,1,4.2,4.2,0.6444444444444445,possible_instrumental_spike
Tp,2023-04-27 19:21:40+00:00,2023-04-27 19:21:40+00:00,1,11.8,11.8,0.5636363636363638,possible_instrumental_spike
Tp,2023-04-27 23:21:40+00:00,2023-04-27 23:21:40+00:00,1,11.8,11.8,0.6909090909090909,possible_instrumental_spike
Tp,2023-05-02 08:21:40+00:00,2023-05-02 08:21:40+00:00,1,11.8,11.8,0.6049382716049382,possible_instrumental_spike
Tp,2023-05-03 18:51:40+00:00,2023-05-03 18:51:40+00:00,1,11.1,11.1,0.6065573770491802,possible_instrumental_spike
Tp,2023-05-04 14:21:40+00:00,2023-05-04 14:21:40+00:00,1,5.9,5.9,0.5853658536585368,possible_instrumental_spike
Tp,2023-05-05 21:21:40+00:00,2023-05-05 21:21:40+00:00,1,7.4,7.4,0.6578947368421052,possible_instrumental_spike
Tp,2023-05-13 04:21:40+00:00,2023-05-13 04:21:40+00:00,1,6.9,6.9,0.5624999999999999,possible_instrumental_spike
Tp,2023-05-14 21:51:40+00:00,2023-05-14 21:51:40+00:00,1,5.1,5.1,0.8043478260869564,possible_instrumental_spike
Tp,2023-05-15 10:51:40+00:00,2023-05-15 10:51:40+00:00,1,5.4,5.4,0.721518987341772,possible_instrumental_spike
Tp,2023-05-16 07:21:40+00:00,2023-05-16 07:21:40+00:00,1,9.1,9.1,0.588235294117647,possible_instrumental_spike
Tp,2023-05-16 10:21:40+00:00,2023-05-16 10:21:40+00:00,1,9.5,9.5,0.6956521739130431,possible_instrumental_spike
Tp,2023-05-18 06:51:40+00:00,2023-05-18 06:51:40+00:00,1,10.5,10.5,0.5753424657534247,possible_instrumental_spike
Tp,2023-05-19 12:51:40+00:00,2023-05-19 12:51:40+00:00,1,5.6,5.6,0.5384615384615383,possible_instrumental_spike
Tp,2023-05-20 20:51:40+00:00,2023-05-20 20:51:40+00:00,1,12.5,12.5,0.8529411764705882,possible_instrumental_spike
Tp,2023-05-26 23:51:40+00:00,2023-05-26 23:51:40+00:00,1,6.1,6.1,0.6333333333333334,possible_instrumental_spike
Tp,2023-05-28 08:51:40+00:00,2023-05-28 08:51:40+00:00,1,3.9,3.9,0.7213114754098362,possible_instrumental_spike
Tp,2023-05-29 12:51:40+00:00,2023-05-29 12:51:40+00:00,1,13.3,13.3,0.5937500000000001,possible_instrumental_spike
Tp,2023-06-02 09:21:40+00:00,2023-06-02 09:21:40+00:00,1,13.3,13.3,0.7021276595744681,possible_instrumental_spike
Tp,2023-06-02 14:21:40+00:00,2023-06-02 14:21:40+00:00,1,13.3,13.3,0.7403846153846154,possible_instrumental_spike
Tp,2023-06-10 16:21:40+00:00,2023-06-10 16:21:40+00:00,1,4.2,4.2,0.9156626506024096,possible_instrumental_spike
Tp,2023-06-11 02:21:40+00:00,2023-06-11 02:21:40+00:00,1,13.3,13.3,1.0,possible_instrumental_spike
Tp,2023-06-12 11:21:40+00:00,2023-06-12 11:21:40+00:00,1,2.8,2.8,0.8556701030927837,possible_instrumental_spike
Tp,2023-06-14 06:21:40+00:00,2023-06-14 06:21:40+00:00,1,4.3,4.3,0.6799999999999999,possible_instrumental_spike
Tp,2023-06-14 15:51:40+00:00,2023-06-14 15:51:40+00:00,1,14.3,14.3,0.7155963302752294,possible_instrumental_spike
Tp,2023-06-22 21:21:40+00:00,2023-06-22 21:21:40+00:00,1,6.3,6.3,0.6,possible_instrumental_spike
Tp,2023-06-24 18:51:40+00:00,2023-06-24 18:51:40+00:00,1,7.7,7.7,0.7083333333333333,possible_instrumental_spike
Tp,2023-06-24 22:21:40+00:00,2023-06-24 22:21:40+00:00,1,6.5,6.5,0.7666666666666666,possible_instrumental_spike
Tp,2023-06-27 20:51:40+00:00,2023-06-27 20:51:40+00:00,1,12.5,12.5,0.5862068965517242,possible_instrumental_spike
Tp,2023-06-28 06:21:40+00:00,2023-06-28 06:21:40+00:00,1,7.7,7.7,0.6923076923076923,possible_instrumental_spike
Tp,2023-06-29 01:51:40+00:00,2023-06-29 01:51:40+00:00,1,10.5,10.5,0.6129032258064515,possible_instrumental_spike
Tp,2023-07-06 08:51:40+00:00,2023-07-06 08:51:40+00:00,1,7.7,7.7,0.6212121212121212,possible_instrumental_spike
Tp,2023-07-09 17:51:40+00:00,2023-07-09 17:51:40+00:00,1,13.3,13.3,1.0,possible_instrumental_spike
Tp,2023-07-10 04:51:40+00:00,2023-07-10 04:51:40+00:00,1,11.1,11.1,0.6363636363636362,possible_instrumental_spike
Tp,2023-07-10 19:51:40+00:00,2023-07-10 19:51:40+00:00,1,14.3,14.3,0.6153846153846152,possible_instrumental_spike
Tp,2023-07-10 22:51:40+00:00,2023-07-10 22:51:40+00:00,1,14.3,14.3,1.0,possible_instrumental_spike
Tp,2023-07-11 17:21:40+00:00,2023-07-11 17:21:40+00:00,1,12.5,12.5,0.6206896551724139,possible_instrumental_spike
Tp,2023-07-13 07:21:40+00:00,2023-07-13 07:21:40+00:00,1,11.8,11.8,0.6,possible_instrumental_spike
Tp,2023-07-19 03:21:40+00:00,2023-07-19 03:21:40+00:00,1,3.8,3.8,0.8548387096774193,possible_instrumental_spike
Tp,2023-07-23 22:51:40+00:00,2023-07-23 22:51:40+00:00,1,8.0,8.0,0.6451612903225807,possible_instrumental_spike
Tp,2023-07-24 11:21:40+00:00,2023-07-24 11:21:40+00:00,1,6.9,6.9,0.7222222222222222,possible_instrumental_spike
Tp,2023-07-24 14:21:40+00:00,2023-07-24 14:21:40+00:00,1,6.7,6.7,0.526315789473684,possible_instrumental_spike
Tp,2023-07-25 16:21:40+00:00,2023-07-25 16:21:40+00:00,1,11.8,11.8,0.538461538461539,possible_instrumental_spike
Tp,2023-07-26 20:21:40+00:00,2023-07-26 20:21:40+00:00,1,11.8,11.8,0.538461538461539,possible_instrumental_spike
Tp,2023-07-27 20:21:40+00:00,2023-07-27 20:21:40+00:00,1,10.5,10.5,0.8225806451612903,possible_instrumental_spike
Tp,2023-07-30 06:51:40+00:00,2023-07-30 06:51:40+00:00,1,5.1,5.1,0.5365853658536585,possible_instrumental_spike
Tp,2023-08-02 17:51:40+00:00,2023-08-02 17:51:40+00:00,1,10.5,10.5,0.6461538461538462,possible_instrumental_spike
Tp,2023-08-04 21:51:40+00:00,2023-08-04 21:51:40+00:00,1,14.3,14.3,0.5333333333333335,possible_instrumental_spike
Tp,2023-08-06 08:21:40+00:00,2023-08-06 08:21:40+00:00,1,3.6,3.6,0.6448598130841121,possible_instrumental_spike
Tp,2023-08-07 01:21:40+00:00,2023-08-07 01:21:40+00:00,1,4.9,4.9,0.5904761904761904,possible_instrumental_spike
Tp,2023-08-13 05:21:40+00:00,2023-08-13 05:21:40+00:00,1,12.5,12.5,0.6666666666666666,possible_instrumental_spike
Tp,2023-08-14 12:51:40+00:00,2023-08-14 12:51:40+00:00,1,11.8,11.8,0.8421052631578947,possible_instrumental_spike
Tp,2023-08-17 23:51:40+00:00,2023-08-17 23:51:40+00:00,1,13.3,13.3,0.7662337662337662,possible_instrumental_spike
Tp,2023-08-18 18:21:40+00:00,2023-08-18 18:21:40+00:00,1,5.9,5.9,0.893939393939394,possible_instrumental_spike
Tp,2023-08-23 06:21:40+00:00,2023-08-23 06:21:40+00:00,1,6.3,6.3,0.7692307692307692,possible_instrumental_spike
Tp,2023-08-25 08:21:40+00:00,2023-08-25 08:21:40+00:00,1,2.2,2.2,0.8018018018018016,possible_instrumental_spike
Tp,2023-08-25 11:51:40+00:00,2023-08-25 11:51:40+00:00,1,2.2,2.2,0.5855855855855854,possible_instrumental_spike
Tp,2023-08-27 15:51:40+00:00,2023-08-27 15:51:40+00:00,1,6.3,6.3,0.8857142857142857,possible_instrumental_spike
Tp,2023-08-27 20:21:40+00:00,2023-08-27 20:21:40+00:00,1,2.5,2.5,0.9259259259259258,possible_instrumental_spike
Tp,2023-08-29 12:51:40+00:00,2023-08-29 12:51:40+00:00,1,10.0,10.0,0.6500000000000004,possible_instrumental_spike
Tp,2023-08-31 01:51:40+00:00,2023-08-31 01:51:40+00:00,1,11.8,11.8,0.6363636363636362,possible_instrumental_spike
Tp,2023-08-31 14:51:40+00:00,2023-08-31 14:51:40+00:00,1,7.4,7.4,0.5254237288135593,possible_instrumental_spike
Tp,2023-09-04 01:21:40+00:00,2023-09-04 01:21:40+00:00,1,5.7,5.7,0.7049180327868851,possible_instrumental_spike
Tp,2023-09-04 13:21:40+00:00,2023-09-04 13:21:40+00:00,1,5.4,5.4,0.8028169014084506,possible_instrumental_spike
Tp,2023-09-05 15:21:40+00:00,2023-09-05 15:21:40+00:00,1,8.7,8.7,0.7741935483870965,possible_instrumental_spike
Tp,2023-09-05 20:21:40+00:00,2023-09-05 20:21:40+00:00,1,6.9,6.9,0.8571428571428572,possible_instrumental_spike
Tp,2023-09-05 23:51:40+00:00,2023-09-05 23:51:40+00:00,1,11.8,11.8,0.538461538461539,possible_instrumental_spike
Tp,2023-09-06 02:51:40+00:00,2023-09-06 02:51:40+00:00,1,11.8,11.8,0.538461538461539,possible_instrumental_spike
Tp,2023-09-06 11:51:40+00:00,2023-09-06 11:51:40+00:00,1,11.8,11.8,0.538461538461539,possible_instrumental_spike
Tp,2023-09-08 12:21:40+00:00,2023-09-08 12:21:40+00:00,1,5.4,5.4,0.8028169014084506,possible_instrumental_spike
Tp,2023-09-11 23:21:40+00:00,2023-09-11 23:21:40+00:00,1,8.0,8.0,0.5263157894736841,possible_instrumental_spike
Tp,2023-09-15 14:21:40+00:00,2023-09-15 14:21:40+00:00,1,3.9,3.9,0.7222222222222222,possible_instrumental_spike
Tp,2023-09-17 11:21:40+00:00,2023-09-17 11:21:40+00:00,1,4.5,4.5,0.625,possible_instrumental_spike
Tp,2023-09-17 16:51:40+00:00,2023-09-17 16:51:40+00:00,1,5.3,5.3,0.7222222222222222,possible_instrumental_spike
Tp,2023-09-21 02:21:40+00:00,2023-09-21 02:21:40+00:00,1,8.3,8.3,0.5217391304347826,possible_instrumental_spike
Tp,2023-09-21 10:21:40+00:00,2023-09-21 10:21:40+00:00,1,16.7,16.7,0.7716535433070866,possible_instrumental_spike
Tp,2023-09-22 23:51:40+00:00,2023-09-22 23:51:40+00:00,1,5.9,5.9,0.619047619047619,possible_instrumental_spike
Tp,2023-09-24 05:21:40+00:00,2023-09-24 05:21:40+00:00,1,6.7,6.7,0.7586206896551724,possible_instrumental_spike
Tp,2023-09-25 13:51:40+00:00,2023-09-25 13:51:40+00:00,1,5.9,5.9,0.6212121212121212,possible_instrumental_spike
Tp,2023-09-29 14:21:40+00:00,2023-09-29 14:21:40+00:00,1,4.9,4.9,0.898550724637681,possible_instrumental_spike
Tp,2023-10-04 01:51:40+00:00,2023-10-04 01:51:40+00:00,1,9.5,9.5,0.5333333333333332,possible_instrumental_spike
Tp,2023-10-12 08:51:40+00:00,2023-10-12 08:51:40+00:00,1,9.1,9.1,0.7000000000000002,possible_instrumental_spike
Tp,2023-10-13 08:21:40+00:00,2023-10-13 08:21:40+00:00,1,9.1,9.1,0.5185185185185185,possible_instrumental_spike
Tp,2023-10-13 16:51:40+00:00,2023-10-13 16:51:40+00:00,1,4.5,4.5,0.8333333333333334,possible_instrumental_spike
Tp,2023-10-19 10:51:40+00:00,2023-10-19 10:51:40+00:00,1,11.1,11.1,0.8235294117647057,possible_instrumental_spike
Tp,2023-10-20 09:21:40+00:00,2023-10-20 09:21:40+00:00,1,10.5,10.5,0.6578947368421053,possible_instrumental_spike
Tp,2023-10-22 20:51:40+00:00,2023-10-22 20:51:40+00:00,1,6.1,6.1,0.6944444444444443,possible_instrumental_spike
Tp,2023-10-30 03:21:40+00:00,2023-10-30 03:21:40+00:00,1,6.1,6.1,0.78,possible_instrumental_spike
Tp,2023-10-31 01:51:40+00:00,2023-10-31 01:51:40+00:00,1,3.0,3.0,0.6022727272727273,possible_instrumental_spike
Tp,2023-11-01 20:21:40+00:00,2023-11-01 20:21:40+00:00,1,2.2,2.2,0.7758620689655172,possible_instrumental_spike
Tp,2023-11-02 14:51:40+00:00,2023-11-02 14:51:40+00:00,1,4.9,4.9,0.588235294117647,possible_instrumental_spike
Tp,2023-11-02 17:51:40+00:00,2023-11-02 17:51:40+00:00,1,2.3,2.3,0.7666666666666666,possible_instrumental_spike
Tp,2023-11-02 21:51:40+00:00,2023-11-02 21:51:40+00:00,1,2.5,2.5,0.838709677419355,possible_instrumental_spike
Tp,2023-11-04 11:51:40+00:00,2023-11-04 11:51:40+00:00,1,2.1,2.1,0.8653846153846153,possible_instrumental_spike
Tp,2023-11-05 01:21:40+00:00,2023-11-05 01:21:40+00:00,1,2.4,2.4,0.8613861386138614,possible_instrumental_spike
Tp,2023-11-09 07:21:40+00:00,2023-11-09 07:21:40+00:00,1,13.3,13.3,0.8571428571428571,possible_instrumental_spike
Tp,2023-11-11 17:21:40+00:00,2023-11-11 17:21:40+00:00,1,6.9,6.9,0.6326530612244897,possible_instrumental_spike
Tp,2023-11-12 01:51:40+00:00,2023-11-12 01:51:40+00:00,1,2.4,2.4,0.8735632183908046,possible_instrumental_spike
Tp,2023-11-13 11:51:40+00:00,2023-11-13 11:51:40+00:00,1,3.5,3.5,0.7563025210084033,possible_instrumental_spike
Tp,2023-11-15 13:51:40+00:00,2023-11-15 13:51:40+00:00,1,5.7,5.7,0.7105263157894736,possible_instrumental_spike
Tp,2023-11-16 02:51:40+00:00,2023-11-16 02:51:40+00:00,1,2.1,2.1,0.8653846153846153,possible_instrumental_spike
Tp,2023-11-18 11:51:40+00:00,2023-11-18 11:51:40+00:00,1,2.0,2.0,0.7647058823529413,possible_instrumental_spike
Tp,2023-11-21 09:51:40+00:00,2023-11-21 09:51:40+00:00,1,2.2,2.2,0.7906976744186046,possible_instrumental_spike
Tp,2023-11-29 05:51:40+00:00,2023-11-29 05:51:40+00:00,1,7.1,7.1,0.6170212765957446,possible_instrumental_spike
Tp,2023-11-30 14:21:40+00:00,2023-11-30 14:21:40+00:00,1,6.1,6.1,0.7727272727272727,possible_instrumental_spike
Tp,2023-11-30 20:21:40+00:00,2023-11-30 20:21:40+00:00,1,7.4,7.4,0.5483870967741934,possible_instrumental_spike
Tp,2023-12-02 08:21:40+00:00,2023-12-02 08:21:40+00:00,1,2.2,2.2,0.5818181818181819,possible_instrumental_spike
Tp,2023-12-03 02:21:40+00:00,2023-12-03 02:21:40+00:00,1,11.8,11.8,0.7450980392156863,possible_instrumental_spike
Tp,2023-12-05 02:21:40+00:00,2023-12-05 02:21:40+00:00,1,4.0,4.0,0.7941176470588235,possible_instrumental_spike
Tp,2023-12-08 19:21:40+00:00,2023-12-08 19:21:40+00:00,1,8.7,8.7,0.5806451612903223,possible_instrumental_spike
Tp,2023-12-18 11:21:40+00:00,2023-12-18 11:21:40+00:00,1,8.7,8.7,0.6046511627906977,possible_instrumental_spike
Tp,2023-12-24 00:21:40+00:00,2023-12-24 00:21:40+00:00,1,2.3,2.3,0.7037037037037036,possible_instrumental_spike
Tp,2023-12-25 07:51:40+00:00,2023-12-25 07:51:40+00:00,1,11.1,11.1,0.5454545454545453,possible_instrumental_spike
Tp,2023-12-26 04:21:40+00:00,2023-12-26 04:21:40+00:00,1,9.5,9.5,0.9041095890410958,possible_instrumental_spike
Tp,2023-12-31 08:51:40+00:00,2023-12-31 08:51:40+00:00,1,2.2,2.2,0.7831325301204818,possible_instrumental_spike
Tp,2024-01-03 16:21:40+00:00,2024-01-03 16:21:40+00:00,1,11.1,11.1,1.0,possible_instrumental_spike
Tp,2024-01-05 10:51:40+00:00,2024-01-05 10:51:40+00:00,1,6.1,6.1,0.9230769230769231,possible_instrumental_spike
Tp,2024-01-06 12:21:40+00:00,2024-01-06 12:21:40+00:00,1,6.3,6.3,0.9024390243902439,possible_instrumental_spike
Tp,2024-01-07 02:21:40+00:00,2024-01-07 02:21:40+00:00,1,5.9,5.9,0.7894736842105263,possible_instrumental_spike
Tp,2024-01-07 09:21:40+00:00,2024-01-07 09:21:40+00:00,1,11.1,11.1,0.5636363636363636,possible_instrumental_spike
Tp,2024-01-08 17:21:40+00:00,2024-01-08 17:21:40+00:00,1,6.3,6.3,0.7619047619047619,possible_instrumental_spike
Tp,2024-01-15 13:21:40+00:00,2024-01-15 13:21:40+00:00,1,4.8,4.8,0.523809523809524,possible_instrumental_spike
Tp,2024-01-21 10:51:40+00:00,2024-01-21 10:51:40+00:00,1,6.1,6.1,0.9024390243902439,possible_instrumental_spike
Tp,2024-01-25 05:21:40+00:00,2024-01-25 05:21:40+00:00,1,3.4,3.4,0.8452380952380951,possible_instrumental_spike
Tp,2024-02-01 20:21:40+00:00,2024-02-01 20:21:40+00:00,1,5.1,5.1,0.7333333333333334,possible_instrumental_spike
Tp,2024-02-03 00:51:40+00:00,2024-02-03 00:51:40+00:00,1,4.1,4.1,0.6923076923076924,possible_instrumental_spike
Tp,2024-02-03 12:51:40+00:00,2024-02-03 12:51:40+00:00,1,12.5,12.5,0.8985507246376812,possible_instrumental_spike
Tp,2024-02-16 19:51:40+00:00,2024-02-16 19:51:40+00:00,1,28.6,28.6,0.8415094339622642,possible_instrumental_spike
Tp,2024-02-17 00:51:40+00:00,2024-02-17 00:51:40+00:00,1,7.7,7.7,0.5964912280701755,possible_instrumental_spike
Tp,2024-02-17 03:51:40+00:00,2024-02-17 03:51:40+00:00,1,7.7,7.7,0.9298245614035089,possible_instrumental_spike
Tp,2024-02-19 02:51:40+00:00,2024-02-19 02:51:40+00:00,1,6.3,6.3,0.8863636363636362,possible_instrumental_spike
Tp,2024-02-22 09:21:40+00:00,2024-02-22 09:21:40+00:00,1,4.8,4.8,0.5769230769230768,possible_instrumental_spike
Tp,2024-03-02 16:21:40+00:00,2024-03-02 16:21:40+00:00,1,4.5,4.5,0.8333333333333334,possible_instrumental_spike
Tp,2024-03-03 07:21:40+00:00,2024-03-03 07:21:40+00:00,1,3.8,3.8,0.9178082191780822,possible_instrumental_spike
Tp,2024-03-03 11:51:40+00:00,2024-03-03 11:51:40+00:00,1,3.7,3.7,0.8513513513513514,possible_instrumental_spike
Tp,2024-03-03 22:21:40+00:00,2024-03-03 22:21:40+00:00,1,9.5,9.5,0.573529411764706,possible_instrumental_spike
Tp,2024-03-04 13:21:40+00:00,2024-03-04 13:21:40+00:00,1,3.8,3.8,0.5384615384615387,possible_instrumental_spike
Tp,2024-03-04 16:51:40+00:00,2024-03-04 16:51:40+00:00,1,8.7,8.7,0.7727272727272727,possible_instrumental_spike
Tp,2024-03-05 09:51:40+00:00,2024-03-05 09:51:40+00:00,1,5.7,5.7,0.5882352941176472,possible_instrumental_spike
Tp,2024-03-08 10:21:40+00:00,2024-03-08 10:21:40+00:00,1,14.3,14.3,0.5625,possible_instrumental_spike
Tp,2024-03-09 05:21:40+00:00,2024-03-09 05:21:40+00:00,1,5.3,5.3,0.7241379310344828,possible_instrumental_spike
Tp,2024-03-11 12:51:40+00:00,2024-03-11 12:51:40+00:00,1,6.7,6.7,0.75,possible_instrumental_spike
Tp,2024-03-16 20:21:40+00:00,2024-03-16 20:21:40+00:00,1,5.6,5.6,0.5384615384615385,possible_instrumental_spike
Tp,2024-03-19 01:51:40+00:00,2024-03-19 01:51:40+00:00,1,3.0,3.0,0.5285714285714286,possible_instrumental_spike
Tp,2024-03-19 14:21:40+00:00,2024-03-19 14:21:40+00:00,1,2.1,2.1,0.7142857142857143,possible_instrumental_spike
Tp,2024-03-19 20:51:40+00:00,2024-03-19 20:51:40+00:00,1,11.8,11.8,0.5937500000000001,possible_instrumental_spike
Tp,2024-03-21 20:21:40+00:00,2024-03-21 20:21:40+00:00,1,11.1,11.1,0.6000000000000001,possible_instrumental_spike
Tp,2024-03-25 13:21:40+00:00,2024-03-25 13:21:40+00:00,1,5.7,5.7,0.7037037037037037,possible_instrumental_spike
Tp,2024-03-29 04:21:40+00:00,2024-03-29 04:21:40+00:00,1,13.3,13.3,0.7956989247311828,possible_instrumental_spike
Tp,2024-03-30 01:21:40+00:00,2024-03-30 01:21:40+00:00,1,12.5,12.5,0.8648648648648649,possible_instrumental_spike
Tp,2024-03-30 17:21:40+00:00,2024-03-30 17:21:40+00:00,1,6.9,6.9,0.857142857142857,possible_instrumental_spike
Tp,2024-03-30 21:51:40+00:00,2024-03-30 21:51:40+00:00,1,11.8,11.8,0.538461538461539,possible_instrumental_spike
Tp,2024-04-01 04:51:40+00:00,2024-04-01 04:51:40+00:00,1,6.3,6.3,0.5833333333333334,possible_instrumental_spike
Tp,2024-04-01 09:51:40+00:00,2024-04-01 09:51:40+00:00,1,2.1,2.1,0.9333333333333333,possible_instrumental_spike
Tp,2024-04-05 16:51:40+00:00,2024-04-05 16:51:40+00:00,1,10.5,10.5,0.7213114754098362,possible_instrumental_spike
Tp,2024-04-06 00:21:40+00:00,2024-04-06 00:21:40+00:00,1,4.1,4.1,0.6923076923076922,possible_instrumental_spike
Tp,2024-04-07 03:21:40+00:00,2024-04-07 03:21:40+00:00,1,10.0,10.0,0.8461538461538461,possible_instrumental_spike
Tp,2024-04-07 16:51:40+00:00,2024-04-07 16:51:40+00:00,1,7.1,7.1,0.5999999999999996,possible_instrumental_spike
Tp,2024-04-09 19:51:40+00:00,2024-04-09 19:51:40+00:00,1,12.5,12.5,0.7012987012987013,possible_instrumental_spike
Tp,2024-04-12 19:51:40+00:00,2024-04-12 19:51:40+00:00,1,7.4,7.4,0.5675675675675675,possible_instrumental_spike
Tp,2024-04-14 17:21:40+00:00,2024-04-14 17:21:40+00:00,1,12.5,12.5,0.7200000000000001,possible_instrumental_spike
Tp,2024-04-15 06:21:40+00:00,2024-04-15 06:21:40+00:00,1,11.8,11.8,0.7450980392156863,possible_instrumental_spike
Tp,2024-04-15 09:51:40+00:00,2024-04-15 09:51:40+00:00,1,11.8,11.8,0.8085106382978723,possible_instrumental_spike
Tp,2024-04-15 16:51:40+00:00,2024-04-15 16:51:40+00:00,1,11.8,11.8,0.6078431372549021,possible_instrumental_spike
Tp,2024-04-19 23:21:40+00:00,2024-04-19 23:21:40+00:00,1,3.8,3.8,0.7701149425287357,possible_instrumental_spike
Tp,2024-04-21 06:51:40+00:00,2024-04-21 06:51:40+00:00,1,5.0,5.0,0.9,possible_instrumental_spike
Tp,2024-04-23 20:51:40+00:00,2024-04-23 20:51:40+00:00,1,7.7,7.7,0.857142857142857,possible_instrumental_spike
Tp,2024-04-25 18:21:40+00:00,2024-04-25 18:21:40+00:00,1,13.3,13.3,0.5333333333333338,possible_instrumental_spike
Tp,2024-04-27 03:51:40+00:00,2024-04-27 03:51:40+00:00,1,4.4,4.4,0.692307692307692,possible_instrumental_spike
Tp,2024-04-28 16:51:40+00:00,2024-04-28 16:51:40+00:00,1,4.9,4.9,0.5806451612903226,possible_instrumental_spike
Tp,2024-05-03 00:21:40+00:00,2024-05-03 00:21:40+00:00,1,7.7,7.7,0.7321428571428572,possible_instrumental_spike
Tp,2024-05-03 05:51:40+00:00,2024-05-03 05:51:40+00:00,1,7.4,7.4,0.8627450980392158,possible_instrumental_spike
Tp,2024-05-06 06:51:40+00:00,2024-05-06 06:51:40+00:00,1,14.3,14.3,0.7078651685393259,possible_instrumental_spike
Tp,2024-05-09 19:21:40+00:00,2024-05-09 19:21:40+00:00,1,5.9,5.9,0.6956521739130433,possible_instrumental_spike
Tp,2024-05-09 22:21:40+00:00,2024-05-09 22:21:40+00:00,1,6.7,6.7,0.526315789473684,possible_instrumental_spike
Tp,2024-05-12 09:21:40+00:00,2024-05-12 09:21:40+00:00,1,6.9,6.9,0.6190476190476191,possible_instrumental_spike
Tp,2024-05-13 15:21:40+00:00,2024-05-13 15:21:40+00:00,1,13.3,13.3,0.5789473684210528,possible_instrumental_spike
Tp,2024-05-15 17:21:40+00:00,2024-05-15 17:21:40+00:00,1,7.7,7.7,0.5294117647058824,possible_instrumental_spike
Tp,2024-05-21 16:21:40+00:00,2024-05-21 16:21:40+00:00,1,13.3,13.3,0.7872340425531915,possible_instrumental_spike
Tp,2024-05-22 13:51:40+00:00,2024-05-22 13:51:40+00:00,1,3.7,3.7,0.7727272727272726,possible_instrumental_spike
Tp,2024-05-22 17:51:40+00:00,2024-05-22 17:51:40+00:00,1,5.7,5.7,0.7058823529411765,possible_instrumental_spike
Tp,2024-05-23 13:51:40+00:00,2024-05-23 13:51:40+00:00,1,6.9,6.9,0.6153846153846154,possible_instrumental_spike
Tp,2024-05-23 21:21:40+00:00,2024-05-23 21:21:40+00:00,1,9.5,9.5,0.76,possible_instrumental_spike
Tp,2024-05-24 19:21:40+00:00,2024-05-24 19:21:40+00:00,1,7.7,7.7,0.5294117647058824,possible_instrumental_spike
Tp,2024-05-30 21:51:40+00:00,2024-05-30 21:51:40+00:00,1,3.3,3.3,0.5277777777777778,possible_instrumental_spike
Tp,2024-06-04 18:21:40+00:00,2024-06-04 18:21:40+00:00,1,9.1,9.1,0.7441860465116278,possible_instrumental_spike
Tp,2024-06-04 21:51:40+00:00,2024-06-04 21:51:40+00:00,1,9.1,9.1,0.7804878048780487,possible_instrumental_spike
Tp,2024-06-05 23:21:40+00:00,2024-06-05 23:21:40+00:00,1,9.1,9.1,0.5909090909090909,possible_instrumental_spike
Tp,2024-06-06 20:21:40+00:00,2024-06-06 20:21:40+00:00,1,9.1,9.1,0.5531914893617021,possible_instrumental_spike
Tp,2024-06-07 21:21:40+00:00,2024-06-07 21:21:40+00:00,1,13.3,13.3,0.6666666666666667,possible_instrumental_spike
Tp,2024-06-08 18:51:40+00:00,2024-06-08 18:51:40+00:00,1,4.7,4.7,0.8255813953488371,possible_instrumental_spike
Tp,2024-06-09 21:21:40+00:00,2024-06-09 21:21:40+00:00,1,6.3,6.3,0.5274725274725274,possible_instrumental_spike
Tp,2024-06-14 16:51:40+00:00,2024-06-14 16:51:40+00:00,1,11.8,11.8,0.6129032258064516,possible_instrumental_spike
Tp,2024-06-24 22:21:40+00:00,2024-06-24 22:21:40+00:00,1,8.7,8.7,0.5806451612903225,possible_instrumental_spike
Tp,2024-06-26 14:51:40+00:00,2024-06-26 14:51:40+00:00,1,11.1,11.1,0.6363636363636362,possible_instrumental_spike
Tp,2024-07-02 12:21:40+00:00,2024-07-02 12:21:40+00:00,1,15.4,15.4,0.5370370370370371,possible_instrumental_spike
Tp,2024-07-02 21:21:40+00:00,2024-07-02 21:21:40+00:00,1,3.8,3.8,0.6124999999999999,possible_instrumental_spike
Tp,2024-07-03 00:21:40+00:00,2024-07-03 00:21:40+00:00,1,4.3,4.3,0.6333333333333333,possible_instrumental_spike
Tp,2024-07-05 07:21:40+00:00,2024-07-05 07:21:40+00:00,1,11.1,11.1,0.7647058823529411,possible_instrumental_spike
Tp,2024-07-05 11:51:40+00:00,2024-07-05 11:51:40+00:00,1,9.1,9.1,0.5925925925925926,possible_instrumental_spike
Tp,2024-07-09 12:21:40+00:00,2024-07-09 12:21:40+00:00,1,8.3,8.3,0.6666666666666665,possible_instrumental_spike
Tp,2024-07-09 17:21:40+00:00,2024-07-09 17:21:40+00:00,1,8.0,8.0,0.5849056603773584,possible_instrumental_spike
Tp,2024-07-10 17:51:40+00:00,2024-07-10 17:51:40+00:00,1,5.3,5.3,0.7999999999999999,possible_instrumental_spike
Tp,2024-07-13 03:21:40+00:00,2024-07-13 03:21:40+00:00,1,9.5,9.5,0.78,possible_instrumental_spike
Tp,2024-07-13 06:51:40+00:00,2024-07-13 06:51:40+00:00,1,12.5,12.5,0.8625,possible_instrumental_spike
Tp,2024-07-13 16:51:40+00:00,2024-07-13 16:51:40+00:00,1,11.1,11.1,0.6027397260273972,possible_instrumental_spike
Tp,2024-07-17 22:21:40+00:00,2024-07-17 22:21:40+00:00,1,11.8,11.8,0.6,possible_instrumental_spike
Tp,2024-07-18 22:51:40+00:00,2024-07-18 22:51:40+00:00,1,8.7,8.7,0.6785714285714285,possible_instrumental_spike
Tp,2024-07-20 08:21:40+00:00,2024-07-20 08:21:40+00:00,1,12.5,12.5,0.8625,possible_instrumental_spike
Tp,2024-07-21 07:21:40+00:00,2024-07-21 07:21:40+00:00,1,11.1,11.1,0.618181818181818,possible_instrumental_spike
Tp,2024-07-24 10:51:40+00:00,2024-07-24 10:51:40+00:00,1,11.1,11.1,0.7936507936507937,possible_instrumental_spike
Tp,2024-07-29 10:51:40+00:00,2024-07-29 10:51:40+00:00,1,5.7,5.7,0.7105263157894736,possible_instrumental_spike
Tp,2024-07-30 23:21:40+00:00,2024-07-30 23:21:40+00:00,1,10.5,10.5,0.6500000000000004,possible_instrumental_spike
Tp,2024-08-01 21:21:40+00:00,2024-08-01 21:21:40+00:00,1,10.5,10.5,0.8225806451612903,possible_instrumental_spike
Tp,2024-08-04 01:51:40+00:00,2024-08-04 01:51:40+00:00,1,5.4,5.4,0.7027027027027027,possible_instrumental_spike
Tp,2024-08-04 13:51:40+00:00,2024-08-04 13:51:40+00:00,1,6.5,6.5,0.846153846153846,possible_instrumental_spike
Tp,2024-08-05 08:51:40+00:00,2024-08-05 08:51:40+00:00,1,13.3,13.3,0.5283018867924529,possible_instrumental_spike
Tp,2024-08-07 03:51:40+00:00,2024-08-07 03:51:40+00:00,1,5.6,5.6,0.5510204081632655,possible_instrumental_spike
Tp,2024-08-09 11:51:40+00:00,2024-08-09 11:51:40+00:00,1,6.9,6.9,0.653061224489796,possible_instrumental_spike
Tp,2024-08-10 22:51:40+00:00,2024-08-10 22:51:40+00:00,1,2.1,2.1,0.7950819672131147,possible_instrumental_spike
Tp,2024-08-11 12:21:40+00:00,2024-08-11 12:21:40+00:00,1,5.1,5.1,0.9054054054054055,possible_instrumental_spike
Tp,2024-08-12 22:21:40+00:00,2024-08-12 22:21:40+00:00,1,7.4,7.4,0.6774193548387096,possible_instrumental_spike
Tp,2024-08-14 02:21:40+00:00,2024-08-14 02:21:40+00:00,1,7.1,7.1,0.7407407407407407,possible_instrumental_spike
Tp,2024-08-20 01:21:40+00:00,2024-08-20 01:21:40+00:00,1,3.8,3.8,0.9051724137931033,possible_instrumental_spike
Tp,2024-08-22 11:21:40+00:00,2024-08-22 11:21:40+00:00,1,7.4,7.4,0.5254237288135593,possible_instrumental_spike
Tp,2024-08-22 15:21:40+00:00,2024-08-22 15:21:40+00:00,1,14.3,14.3,0.5555555555555554,possible_instrumental_spike
Tp,2024-08-23 06:21:40+00:00,2024-08-23 06:21:40+00:00,1,5.1,5.1,0.5869565217391304,possible_instrumental_spike
Tp,2024-08-25 19:21:40+00:00,2024-08-25 19:21:40+00:00,1,4.7,4.7,0.7464788732394365,possible_instrumental_spike
Tp,2024-08-26 12:51:40+00:00,2024-08-26 12:51:40+00:00,1,13.3,13.3,0.8051948051948052,possible_instrumental_spike
Tp,2024-08-28 07:21:40+00:00,2024-08-28 07:21:40+00:00,1,11.8,11.8,0.9199999999999999,possible_instrumental_spike
Tp,2024-08-31 02:21:40+00:00,2024-08-31 02:21:40+00:00,1,11.1,11.1,0.75,possible_instrumental_spike
Tp,2024-09-01 16:51:40+00:00,2024-09-01 16:51:40+00:00,1,4.1,4.1,0.7142857142857143,possible_instrumental_spike
Tp,2024-09-06 06:21:40+00:00,2024-09-06 06:21:40+00:00,1,10.5,10.5,0.6500000000000004,possible_instrumental_spike
Tp,2024-09-06 12:21:40+00:00,2024-09-06 12:21:40+00:00,1,10.5,10.5,0.6500000000000004,possible_instrumental_spike
Tp,2024-09-07 00:21:40+00:00,2024-09-07 00:21:40+00:00,1,13.3,13.3,0.5333333333333338,possible_instrumental_spike
Tp,2024-09-07 19:51:40+00:00,2024-09-07 19:51:40+00:00,1,10.5,10.5,0.6500000000000004,possible_instrumental_spike
Tp,2024-09-08 04:51:40+00:00,2024-09-08 04:51:40+00:00,1,3.6,3.6,0.8414634146341463,possible_instrumental_spike
Tp,2024-09-08 16:21:40+00:00,2024-09-08 16:21:40+00:00,1,11.1,11.1,0.6363636363636362,possible_instrumental_spike
Tp,2024-09-09 03:21:40+00:00,2024-09-09 03:21:40+00:00,1,11.8,11.8,1.0,possible_instrumental_spike
Tp,2024-09-10 23:21:40+00:00,2024-09-10 23:21:40+00:00,1,10.5,10.5,1.0,possible_instrumental_spike
Tp,2024-09-11 05:21:40+00:00,2024-09-11 05:21:40+00:00,1,11.8,11.8,0.538461538461539,possible_instrumental_spike
Tp,2024-09-12 08:21:40+00:00,2024-09-12 08:21:40+00:00,1,6.7,6.7,0.7368421052631579,possible_instrumental_spike
Tp,2024-09-17 11:21:40+00:00,2024-09-17 11:21:40+00:00,1,5.3,5.3,0.5230769230769229,possible_instrumental_spike
Tp,2024-09-17 14:21:40+00:00,2024-09-17 14:21:40+00:00,1,4.7,4.7,0.6249999999999999,possible_instrumental_spike
Tp,2024-09-18 00:21:40+00:00,2024-09-18 00:21:40+00:00,1,3.7,3.7,0.6825396825396826,possible_instrumental_spike
Tp,2024-09-18 14:51:40+00:00,2024-09-18 14:51:40+00:00,1,3.2,3.2,0.8088235294117646,possible_instrumental_spike
Tp,2024-09-20 00:21:40+00:00,2024-09-20 00:21:40+00:00,1,14.3,14.3,0.6333333333333334,possible_instrumental_spike
Tp,2024-09-22 20:21:40+00:00,2024-09-22 20:21:40+00:00,1,5.4,5.4,0.7968749999999999,possible_instrumental_spike
Tp,2024-09-23 13:21:40+00:00,2024-09-23 13:21:40+00:00,1,5.7,5.7,0.6249999999999999,possible_instrumental_spike
Tp,2024-09-24 23:21:40+00:00,2024-09-24 23:21:40+00:00,1,9.5,9.5,0.5357142857142857,possible_instrumental_spike
Tp,2024-09-26 13:51:40+00:00,2024-09-26 13:51:40+00:00,1,6.5,6.5,0.7666666666666666,possible_instrumental_spike
Tp,2024-09-26 16:51:40+00:00,2024-09-26 16:51:40+00:00,1,7.7,7.7,0.8541666666666669,possible_instrumental_spike
Tp,2024-09-27 08:21:40+00:00,2024-09-27 08:21:40+00:00,1,8.3,8.3,0.7999999999999997,possible_instrumental_spike
Tp,2024-09-27 16:21:40+00:00,2024-09-27 16:21:40+00:00,1,7.1,7.1,0.8510638297872338,possible_instrumental_spike
Tp,2024-09-27 20:21:40+00:00,2024-09-27 20:21:40+00:00,1,8.0,8.0,0.8157894736842103,possible_instrumental_spike
Tp,2024-09-28 02:51:40+00:00,2024-09-28 02:51:40+00:00,1,7.1,7.1,0.8510638297872338,possible_instrumental_spike
Tp,2024-09-28 08:21:40+00:00,2024-09-28 08:21:40+00:00,1,8.0,8.0,0.5263157894736841,possible_instrumental_spike
Tp,2024-09-28 13:21:40+00:00,2024-09-28 13:21:40+00:00,1,8.7,8.7,0.5416666666666669,possible_instrumental_spike
Tp,2024-09-30 18:21:40+00:00,2024-09-30 18:21:40+00:00,1,10.0,10.0,0.5199999999999999,possible_instrumental_spike
Tp,2024-10-01 21:21:40+00:00,2024-10-01 21:21:40+00:00,1,7.4,7.4,0.7045454545454544,possible_instrumental_spike
Tp,2024-10-02 18:21:40+00:00,2024-10-02 18:21:40+00:00,1,7.7,7.7,0.6829268292682925,possible_instrumental_spike
Tp,2024-10-07 17:21:40+00:00,2024-10-07 17:21:40+00:00,1,10.5,10.5,0.7857142857142858,possible_instrumental_spike
Tp,2024-10-08 06:51:40+00:00,2024-10-08 06:51:40+00:00,1,11.8,11.8,0.565217391304348,possible_instrumental_spike
Tp,2024-10-09 12:21:40+00:00,2024-10-09 12:21:40+00:00,1,13.3,13.3,0.5333333333333338,possible_instrumental_spike
Tp,2024-10-10 05:51:40+00:00,2024-10-10 05:51:40+00:00,1,12.5,12.5,1.0,possible_instrumental_spike
Tp,2024-10-12 18:51:40+00:00,2024-10-12 18:51:40+00:00,1,8.7,8.7,0.673913043478261,possible_instrumental_spike
Tp,2024-10-13 16:21:40+00:00,2024-10-13 16:21:40+00:00,1,7.4,7.4,0.5362318840579708,possible_instrumental_spike
Tp,2024-10-14 02:21:40+00:00,2024-10-14 02:21:40+00:00,1,8.3,8.3,0.7,possible_instrumental_spike
Tp,2024-10-16 13:21:40+00:00,2024-10-16 13:21:40+00:00,1,4.9,4.9,0.5599999999999998,possible_instrumental_spike
Tp,2024-10-18 10:51:40+00:00,2024-10-18 10:51:40+00:00,1,10.0,10.0,0.5555555555555554,possible_instrumental_spike
Tp,2024-10-20 20:51:40+00:00,2024-10-20 20:51:40+00:00,1,9.1,9.1,0.7407407407407405,possible_instrumental_spike
Tp,2024-10-21 03:21:40+00:00,2024-10-21 03:21:40+00:00,1,5.6,5.6,0.564516129032258,possible_instrumental_spike
Tp,2024-10-21 07:21:40+00:00,2024-10-21 07:21:40+00:00,1,11.8,11.8,0.538461538461539,possible_instrumental_spike
Tp,2024-10-24 09:51:40+00:00,2024-10-24 09:51:40+00:00,1,6.9,6.9,0.857142857142857,possible_instrumental_spike
Tp,2024-10-25 09:21:40+00:00,2024-10-25 09:21:40+00:00,1,25.0,25.0,0.6096491228070176,possible_instrumental_spike
Tp,2024-10-30 09:51:40+00:00,2024-10-30 09:51:40+00:00,1,6.9,6.9,0.5238095238095237,possible_instrumental_spike
Tp,2024-10-30 23:51:40+00:00,2024-10-30 23:51:40+00:00,1,7.4,7.4,0.8627450980392158,possible_instrumental_spike
Tp,2024-11-04 05:21:40+00:00,2024-11-04 05:21:40+00:00,1,6.9,6.9,0.8648648648648649,possible_instrumental_spike
Tp,2024-11-04 13:21:40+00:00,2024-11-04 13:21:40+00:00,1,14.3,14.3,0.5555555555555554,possible_instrumental_spike
Tp,2024-11-06 23:21:40+00:00,2024-11-06 23:21:40+00:00,1,11.8,11.8,0.7446808510638296,possible_instrumental_spike
Tp,2024-11-10 21:51:40+00:00,2024-11-10 21:51:40+00:00,1,25.0,25.0,0.8031088082901554,possible_instrumental_spike
Tp,2024-11-13 11:21:40+00:00,2024-11-13 11:21:40+00:00,1,2.2,2.2,0.8640776699029125,possible_instrumental_spike
Tp,2024-11-14 10:21:40+00:00,2024-11-14 10:21:40+00:00,1,5.1,5.1,0.7333333333333334,possible_instrumental_spike
Tp,2024-11-14 13:21:40+00:00,2024-11-14 13:21:40+00:00,1,2.9,2.9,0.868421052631579,possible_instrumental_spike
Tp,2024-12-07 23:21:40+00:00,2024-12-07 23:21:40+00:00,1,10.5,10.5,0.5263157894736841,possible_instrumental_spike
Tp,2024-12-14 10:21:40+00:00,2024-12-14 10:21:40+00:00,1,9.5,9.5,0.6250000000000001,possible_instrumental_spike
Tp,2024-12-15 14:51:40+00:00,2024-12-15 14:51:40+00:00,1,11.8,11.8,0.538461538461539,possible_instrumental_spike
Tp,2024-12-15 19:21:40+00:00,2024-12-15 19:21:40+00:00,1,11.8,11.8,0.538461538461539,possible_instrumental_spike
Tp,2024-12-19 16:21:40+00:00,2024-12-19 16:21:40+00:00,1,5.9,5.9,0.6086956521739129,possible_instrumental_spike
Tp,2024-12-20 18:21:40+00:00,2024-12-20 18:21:40+00:00,1,2.5,2.5,0.7391304347826089,possible_instrumental_spike
Tp,2024-12-21 21:21:40+00:00,2024-12-21 21:21:40+00:00,1,2.7,2.7,0.7812500000000001,possible_instrumental_spike
Tp,2024-12-22 20:51:40+00:00,2024-12-22 20:51:40+00:00,1,2.2,2.2,0.6938775510204082,possible_instrumental_spike
Tp,2024-12-26 16:21:40+00:00,2024-12-26 16:21:40+00:00,1,6.5,6.5,0.8833333333333334,possible_instrumental_spike
Tp,2024-12-27 05:51:40+00:00,2024-12-27 05:51:40+00:00,1,11.8,11.8,0.538461538461539,possible_instrumental_spike
Tp,2024-12-28 12:51:40+00:00,2024-12-28 12:51:40+00:00,1,5.1,5.1,0.6249999999999998,possible_instrumental_spike
Tp,2024-12-29 04:21:40+00:00,2024-12-29 04:21:40+00:00,1,10.5,10.5,0.574074074074074,possible_instrumental_spike
Tp,2024-12-31 12:21:40+00:00,2024-12-31 12:21:40+00:00,1,3.8,3.8,0.5454545454545454,possible_instrumental_spike
Tp,2025-01-01 20:51:40+00:00,2025-01-01 20:51:40+00:00,1,2.3,2.3,0.5869565217391304,possible_instrumental_spike
Tp,2025-01-03 12:51:40+00:00,2025-01-03 12:51:40+00:00,1,11.1,11.1,0.5454545454545453,possible_instrumental_spike
Tp,2025-01-03 16:51:40+00:00,2025-01-03 16:51:40+00:00,1,11.1,11.1,0.5454545454545453,possible_instrumental_spike
Tp,2025-01-11 21:21:40+00:00,2025-01-11 21:21:40+00:00,1,6.7,6.7,0.74,possible_instrumental_spike
Tp,2025-01-13 19:51:40+00:00,2025-01-13 19:51:40+00:00,1,1.9,1.9,0.7540983606557377,possible_instrumental_spike
Tp,2025-01-14 08:51:40+00:00,2025-01-14 08:51:40+00:00,1,1.8,1.8,0.875,possible_instrumental_spike
Tp,2025-01-15 20:51:40+00:00,2025-01-15 20:51:40+00:00,1,13.3,13.3,0.8939393939393939,possible_instrumental_spike
Tp,2025-01-15 23:51:40+00:00,2025-01-15 23:51:40+00:00,1,12.5,12.5,0.9107142857142857,possible_instrumental_spike
Tp,2025-01-17 13:21:40+00:00,2025-01-17 13:21:40+00:00,1,6.7,6.7,0.526315789473684,possible_instrumental_spike
Tp,2025-01-21 23:51:40+00:00,2025-01-21 23:51:40+00:00,1,2.7,2.7,0.5555555555555555,possible_instrumental_spike
Tp,2025-01-22 09:21:40+00:00,2025-01-22 09:21:40+00:00,1,6.7,6.7,0.9183673469387754,possible_instrumental_spike
Tp,2025-01-27 21:21:40+00:00,2025-01-27 21:21:40+00:00,1,9.5,9.5,0.7222222222222222,possible_instrumental_spike
Tp,2025-01-28 07:51:40+00:00,2025-01-28 07:51:40+00:00,1,10.0,10.0,0.7948717948717947,possible_instrumental_spike
Tp,2025-02-07 02:51:40+00:00,2025-02-07 02:51:40+00:00,1,3.6,3.6,0.6571428571428573,possible_instrumental_spike
Tp,2025-02-07 07:21:40+00:00,2025-02-07 07:21:40+00:00,1,4.4,4.4,0.6333333333333332,possible_instrumental_spike
Tp,2025-02-10 20:51:40+00:00,2025-02-10 20:51:40+00:00,1,11.8,11.8,0.8311688311688311,possible_instrumental_spike
Tp,2025-02-11 12:51:40+00:00,2025-02-11 12:51:40+00:00,1,11.8,11.8,0.7564102564102564,possible_instrumental_spike
Tp,2025-02-13 19:51:40+00:00,2025-02-13 19:51:40+00:00,1,12.5,12.5,0.5757575757575759,possible_instrumental_spike
Tp,2025-02-15 04:21:40+00:00,2025-02-15 04:21:40+00:00,1,3.6,3.6,0.92,possible_instrumental_spike
Tp,2025-02-16 13:21:40+00:00,2025-02-16 13:21:40+00:00,1,14.3,14.3,0.5405405405405405,possible_instrumental_spike
Tp,2025-02-23 05:21:40+00:00,2025-02-23 05:21:40+00:00,1,11.1,11.1,0.5862068965517241,possible_instrumental_spike
Tp,2025-03-01 05:21:40+00:00,2025-03-01 05:21:40+00:00,1,3.9,3.9,0.9142857142857141,possible_instrumental_spike
Tp,2025-03-08 09:21:40+00:00,2025-03-08 09:21:40+00:00,1,9.5,9.5,0.6666666666666667,possible_instrumental_spike
Tp,2025-03-13 07:21:40+00:00,2025-03-13 07:21:40+00:00,1,10.5,10.5,0.5277777777777778,possible_instrumental_spike
Tp,2025-03-19 14:51:40+00:00,2025-03-19 14:51:40+00:00,1,11.1,11.1,0.6363636363636362,possible_instrumental_spike
Tp,2025-03-21 04:21:40+00:00,2025-03-21 04:21:40+00:00,1,13.3,13.3,0.5333333333333338,possible_instrumental_spike
Tp,2025-03-24 15:51:40+00:00,2025-03-24 15:51:40+00:00,1,11.8,11.8,0.7222222222222223,possible_instrumental_spike
Tp,2025-03-25 20:21:40+00:00,2025-03-25 20:21:40+00:00,1,8.3,8.3,0.5454545454545453,possible_instrumental_spike
Tp,2025-03-26 00:21:40+00:00,2025-03-26 00:21:40+00:00,1,3.8,3.8,0.7808219178082192,possible_instrumental_spike
Tp,2025-03-27 03:51:40+00:00,2025-03-27 03:51:40+00:00,1,2.6,2.6,0.5555555555555555,possible_instrumental_spike
Tp,2025-03-27 23:51:40+00:00,2025-03-27 23:51:40+00:00,1,14.3,14.3,0.5555555555555554,possible_instrumental_spike
Tp,2025-03-29 09:21:40+00:00,2025-03-29 09:21:40+00:00,1,13.3,13.3,0.5333333333333338,possible_instrumental_spike
Tp,2025-03-30 11:51:40+00:00,2025-03-30 11:51:40+00:00,1,10.5,10.5,0.6500000000000004,possible_instrumental_spike
Tp,2025-04-01 14:51:40+00:00,2025-04-01 14:51:40+00:00,1,11.8,11.8,0.5616438356164384,possible_instrumental_spike
Tp,2025-04-10 11:21:40+00:00,2025-04-10 11:21:40+00:00,1,5.7,5.7,0.5666666666666669,possible_instrumental_spike
Tp,2025-04-14 18:21:40+00:00,2025-04-14 18:21:40+00:00,1,8.3,8.3,0.6071428571428571,possible_instrumental_spike
Tp,2025-04-16 12:21:40+00:00,2025-04-16 12:21:40+00:00,1,11.8,11.8,0.538461538461539,possible_instrumental_spike
Tp,2025-04-17 12:21:40+00:00,2025-04-17 12:21:40+00:00,1,10.0,10.0,0.6111111111111107,possible_instrumental_spike
Tp,2025-04-20 12:21:40+00:00,2025-04-20 12:21:40+00:00,1,10.5,10.5,0.6500000000000004,possible_instrumental_spike
Tp,2025-04-20 17:51:40+00:00,2025-04-20 17:51:40+00:00,1,10.5,10.5,0.6500000000000004,possible_instrumental_spike
Tp,2025-04-24 14:21:40+00:00,2025-04-24 14:21:40+00:00,1,5.1,5.1,0.6000000000000005,possible_instrumental_spike
Tp,2025-04-29 00:21:40+00:00,2025-04-29 00:21:40+00:00,1,8.0,8.0,0.6578947368421051,possible_instrumental_spike
Tp,2025-05-02 08:51:40+00:00,2025-05-02 08:51:40+00:00,1,6.5,6.5,0.6000000000000002,possible_instrumental_spike
Tp,2025-05-08 01:21:40+00:00,2025-05-08 01:21:40+00:00,1,12.5,12.5,0.5454545454545453,possible_instrumental_spike
Tp,2025-05-09 21:21:40+00:00,2025-05-09 21:21:40+00:00,1,7.1,7.1,0.6296296296296297,possible_instrumental_spike
Tp,2025-05-16 15:51:40+00:00,2025-05-16 15:51:40+00:00,1,3.9,3.9,0.7884615384615385,possible_instrumental_spike
Tp,2025-05-17 16:51:40+00:00,2025-05-17 16:51:40+00:00,1,6.3,6.3,0.6071428571428572,possible_instrumental_spike
Tp,2025-05-21 04:21:40+00:00,2025-05-21 04:21:40+00:00,1,9.1,9.1,0.7941176470588237,possible_instrumental_spike
Tp,2025-05-21 10:21:40+00:00,2025-05-21 10:21:40+00:00,1,8.7,8.7,0.631578947368421,possible_instrumental_spike
Tp,2025-05-23 14:21:40+00:00,2025-05-23 14:21:40+00:00,1,11.8,11.8,0.6296296296296295,possible_instrumental_spike
Tp,2025-05-24 11:51:40+00:00,2025-05-24 11:51:40+00:00,1,3.6,3.6,0.7663551401869159,possible_instrumental_spike
Tp,2025-05-28 04:51:40+00:00,2025-05-28 04:51:40+00:00,1,11.8,11.8,0.538461538461539,possible_instrumental_spike
Tp,2025-05-28 17:51:40+00:00,2025-05-28 17:51:40+00:00,1,11.1,11.1,0.5454545454545453,possible_instrumental_spike
Tp,2025-05-31 13:51:40+00:00,2025-05-31 13:51:40+00:00,1,9.5,9.5,0.5333333333333332,possible_instrumental_spike
Tp,2025-06-01 15:21:40+00:00,2025-06-01 15:21:40+00:00,1,9.5,9.5,0.6956521739130431,possible_instrumental_spike
Tp,2025-06-01 21:21:40+00:00,2025-06-01 21:21:40+00:00,1,5.1,5.1,0.8108108108108107,possible_instrumental_spike
Tp,2025-06-07 09:21:40+00:00,2025-06-07 09:21:40+00:00,1,14.3,14.3,0.5555555555555554,possible_instrumental_spike
Tp,2025-06-09 17:21:40+00:00,2025-06-09 17:21:40+00:00,1,8.7,8.7,0.7000000000000002,possible_instrumental_spike
Tp,2025-06-09 23:21:40+00:00,2025-06-09 23:21:40+00:00,1,10.0,10.0,0.7962962962962964,possible_instrumental_spike
Tp,2025-06-16 11:21:40+00:00,2025-06-16 11:21:40+00:00,1,16.7,16.7,0.8333333333333334,possible_instrumental_spike
Tp,2025-06-16 16:51:40+00:00,2025-06-16 16:51:40+00:00,1,15.4,15.4,0.6893203883495145,possible_instrumental_spike
Tp,2025-06-18 06:21:40+00:00,2025-06-18 06:21:40+00:00,1,16.7,16.7,0.6436781609195402,possible_instrumental_spike
Tp,2025-06-29 07:51:40+00:00,2025-06-29 07:51:40+00:00,1,15.4,15.4,0.5238095238095237,possible_instrumental_spike
Tp,2025-07-01 06:51:40+00:00,2025-07-01 06:51:40+00:00,1,14.3,14.3,0.5555555555555554,possible_instrumental_spike
Tp,2025-07-01 10:21:40+00:00,2025-07-01 10:21:40+00:00,1,14.3,14.3,0.5555555555555554,possible_instrumental_spike
Tp,2025-07-02 06:21:40+00:00,2025-07-02 06:21:40+00:00,1,4.3,4.3,0.911111111111111,possible_instrumental_spike
Tp,2025-07-09 16:51:40+00:00,2025-07-09 16:51:40+00:00,1,3.3,3.3,0.8799999999999999,possible_instrumental_spike
Tp,2025-07-10 03:21:40+00:00,2025-07-10 03:21:40+00:00,1,7.1,7.1,0.8484848484848485,possible_instrumental_spike
Tp,2025-07-11 20:51:40+00:00,2025-07-11 20:51:40+00:00,1,15.4,15.4,0.7766990291262136,possible_instrumental_spike
Tp,2025-07-13 03:51:40+00:00,2025-07-13 03:51:40+00:00,1,13.3,13.3,0.736842105263158,possible_instrumental_spike
Tp,2025-07-13 06:51:40+00:00,2025-07-13 06:51:40+00:00,1,14.3,14.3,0.6285714285714287,possible_instrumental_spike
Tp,2025-07-15 11:21:40+00:00,2025-07-15 11:21:40+00:00,1,11.8,11.8,0.5223880597014925,possible_instrumental_spike
Tp,2025-07-18 13:51:40+00:00,2025-07-18 13:51:40+00:00,1,13.3,13.3,0.6588235294117648,possible_instrumental_spike
Tp,2025-07-21 22:51:40+00:00,2025-07-21 22:51:40+00:00,1,12.5,12.5,0.8620689655172414,possible_instrumental_spike
Tp,2025-07-27 13:21:40+00:00,2025-07-27 13:21:40+00:00,1,4.9,4.9,0.6071428571428571,possible_instrumental_spike
Tp,2025-07-29 16:21:40+00:00,2025-07-29 16:21:40+00:00,1,11.1,11.1,0.6363636363636362,possible_instrumental_spike
Tp,2025-07-30 12:51:40+00:00,2025-07-30 12:51:40+00:00,1,7.7,7.7,0.5833333333333334,possible_instrumental_spike
Tp,2025-08-03 01:21:40+00:00,2025-08-03 01:21:40+00:00,1,11.8,11.8,0.75,possible_instrumental_spike
Tp,2025-08-03 06:51:40+00:00,2025-08-03 06:51:40+00:00,1,11.8,11.8,0.7808219178082193,possible_instrumental_spike
Tp,2025-08-03 16:21:40+00:00,2025-08-03 16:21:40+00:00,1,11.8,11.8,0.6714285714285715,possible_instrumental_spike
Tp,2025-08-03 19:21:40+00:00,2025-08-03 19:21:40+00:00,1,11.1,11.1,0.6349206349206349,possible_instrumental_spike
Tp,2025-08-04 16:51:40+00:00,2025-08-04 16:51:40+00:00,1,11.8,11.8,0.7446808510638296,possible_instrumental_spike
Tp,2025-08-09 08:51:40+00:00,2025-08-09 08:51:40+00:00,1,12.5,12.5,0.6206896551724139,possible_instrumental_spike
Tp,2025-08-10 05:51:40+00:00,2025-08-10 05:51:40+00:00,1,11.8,11.8,0.6,possible_instrumental_spike
Tp,2025-08-11 13:21:40+00:00,2025-08-11 13:21:40+00:00,1,12.5,12.5,1.0,possible_instrumental_spike
Tp,2025-08-12 08:51:40+00:00,2025-08-12 08:51:40+00:00,1,14.3,14.3,0.8250000000000001,possible_instrumental_spike
Tp,2025-08-18 14:21:40+00:00,2025-08-18 14:21:40+00:00,1,6.9,6.9,0.6,possible_instrumental_spike
Tp,2025-08-20 05:51:40+00:00,2025-08-20 05:51:40+00:00,1,11.1,11.1,0.7419354838709677,possible_instrumental_spike
Tp,2025-08-20 10:21:40+00:00,2025-08-20 10:21:40+00:00,1,12.5,12.5,0.7586206896551725,possible_instrumental_spike
Hmax,2019-08-13 17:51:40+00:00,2019-08-13 17:51:40+00:00,1,0.91,0.91,0.5172413793103449,possible_instrumental_spike
Hmax,2019-08-14 07:51:40+00:00,2019-08-14 07:51:40+00:00,1,1.0,1.0,0.6571428571428571,possible_instrumental_spike
Hmax,2019-08-19 01:51:40+00:00,2019-08-19 01:51:40+00:00,1,1.19,1.19,0.6571428571428571,possible_instrumental_spike
Hmax,2019-08-22 12:21:40+00:00,2019-08-22 12:21:40+00:00,1,0.93,0.93,0.7796610169491526,possible_instrumental_spike
Hmax,2019-09-09 06:51:40+00:00,2019-09-09 06:51:40+00:00,1,1.77,1.77,0.5733333333333333,possible_instrumental_spike
Hmax,2019-09-20 05:51:40+00:00,2019-09-20 05:51:40+00:00,1,0.9,0.9,0.5652173913043478,possible_instrumental_spike
Hmax,2019-09-28 16:51:40+00:00,2019-09-28 16:51:40+00:00,1,0.98,0.98,0.7407407407407407,possible_instrumental_spike
Hmax,2019-09-29 16:51:40+00:00,2019-09-29 16:51:40+00:00,1,0.79,0.79,0.5405405405405407,possible_instrumental_spike
Hmax,2019-10-07 01:21:40+00:00,2019-10-07 01:21:40+00:00,1,0.85,0.85,0.5428571428571427,possible_instrumental_spike
Hmax,2019-10-12 05:21:40+00:00,2019-10-12 05:21:40+00:00,1,0.88,0.88,0.5555555555555556,possible_instrumental_spike
Hmax,2019-10-15 08:21:40+00:00,2019-10-15 08:21:40+00:00,1,0.8,0.8,0.6111111111111113,possible_instrumental_spike
Hmax,2019-10-15 11:51:40+00:00,2019-10-15 11:51:40+00:00,1,0.65,0.65,0.5238095238095237,possible_instrumental_spike
Hmax,2019-10-20 12:21:40+00:00,2019-10-20 12:21:40+00:00,1,0.86,0.86,0.5526315789473684,possible_instrumental_spike
Hmax,2019-10-27 12:21:40+00:00,2019-10-27 12:21:40+00:00,1,0.9,0.9,0.6909090909090908,possible_instrumental_spike
Hmax,2019-10-29 16:51:40+00:00,2019-10-29 16:51:40+00:00,1,0.85,0.85,0.5227272727272727,possible_instrumental_spike
Hmax,2019-10-31 16:51:40+00:00,2019-10-31 16:51:40+00:00,1,0.81,0.81,0.5384615384615385,possible_instrumental_spike
Hmax,2019-11-10 21:51:40+00:00,2019-11-10 21:51:40+00:00,1,0.66,0.66,0.5199999999999999,possible_instrumental_spike
Hmax,2019-11-13 12:21:40+00:00,2019-11-13 12:21:40+00:00,1,0.81,0.81,0.6585365853658537,possible_instrumental_spike
Hmax,2019-11-13 20:21:40+00:00,2019-11-13 20:21:40+00:00,1,0.79,0.79,0.5250000000000001,possible_instrumental_spike
Hmax,2019-11-26 22:51:40+00:00,2019-11-26 22:51:40+00:00,1,2.78,2.78,0.5765765765765763,possible_instrumental_spike
Hmax,2019-11-30 04:21:40+00:00,2019-11-30 04:21:40+00:00,1,0.53,0.53,0.5333333333333333,possible_instrumental_spike
Hmax,2019-11-30 12:21:40+00:00,2019-11-30 12:21:40+00:00,1,0.88,0.88,0.6034482758620688,possible_instrumental_spike
Hmax,2019-12-03 12:51:40+00:00,2019-12-03 12:51:40+00:00,1,0.47,0.47,0.5217391304347826,possible_instrumental_spike
Hmax,2019-12-04 12:21:40+00:00,2019-12-04 12:21:40+00:00,1,0.56,0.56,0.5517241379310345,possible_instrumental_spike
Hmax,2019-12-05 14:21:40+00:00,2019-12-05 14:21:40+00:00,1,0.72,0.72,0.6153846153846152,possible_instrumental_spike
Hmax,2019-12-14 14:21:40+00:00,2019-12-14 14:21:40+00:00,1,0.66,0.66,0.5294117647058827,possible_instrumental_spike
Hmax,2019-12-17 06:51:40+00:00,2019-12-17 06:51:40+00:00,1,0.73,0.73,0.5263157894736843,possible_instrumental_spike
Hmax,2019-12-19 16:51:40+00:00,2019-12-19 16:51:40+00:00,1,0.75,0.75,0.627906976744186,possible_instrumental_spike
Hmax,2019-12-24 22:51:40+00:00,2019-12-24 22:51:40+00:00,1,0.69,0.69,0.6315789473684212,possible_instrumental_spike
Hmax,2020-01-05 20:51:40+00:00,2020-01-05 20:51:40+00:00,1,0.83,0.83,0.5283018867924526,possible_instrumental_spike
Hmax,2020-01-11 16:51:40+00:00,2020-01-11 16:51:40+00:00,1,1.05,1.05,0.619047619047619,possible_instrumental_spike
Hmax,2020-01-12 03:21:40+00:00,2020-01-12 03:21:40+00:00,1,0.56,0.56,0.590909090909091,possible_instrumental_spike
Hmax,2020-01-12 10:51:40+00:00,2020-01-12 10:51:40+00:00,1,0.87,0.87,0.5901639344262295,possible_instrumental_spike
Hmax,2020-01-12 16:51:40+00:00,2020-01-12 16:51:40+00:00,1,0.94,0.94,0.6607142857142858,possible_instrumental_spike
Hmax,2020-01-21 17:21:40+00:00,2020-01-21 17:21:40+00:00,1,1.14,1.14,0.7468354430379746,possible_instrumental_spike
Hmax,2020-01-25 20:21:40+00:00,2020-01-25 20:21:40+00:00,1,0.65,0.65,0.5652173913043478,possible_instrumental_spike
Hmax,2020-01-28 12:21:40+00:00,2020-01-28 12:21:40+00:00,1,0.86,0.86,0.74,possible_instrumental_spike
Hmax,2020-01-29 15:51:40+00:00,2020-01-29 15:51:40+00:00,1,0.59,0.59,0.5769230769230769,possible_instrumental_spike
Hmax,2020-01-29 20:21:40+00:00,2020-01-29 20:21:40+00:00,1,0.91,0.91,0.7230769230769231,possible_instrumental_spike
Hmax,2020-02-02 20:21:40+00:00,2020-02-02 20:21:40+00:00,1,0.81,0.81,0.5500000000000002,possible_instrumental_spike
Hmax,2020-02-03 19:51:40+00:00,2020-02-03 19:51:40+00:00,1,0.74,0.74,0.5454545454545454,possible_instrumental_spike
Hmax,2020-02-04 16:51:40+00:00,2020-02-04 16:51:40+00:00,1,0.6,0.6,0.5277777777777778,possible_instrumental_spike
Hmax,2020-02-04 20:21:40+00:00,2020-02-04 20:21:40+00:00,1,0.64,0.64,0.6,possible_instrumental_spike
Hmax,2020-02-10 16:51:40+00:00,2020-02-10 16:51:40+00:00,1,0.89,0.89,0.5789473684210525,possible_instrumental_spike
Hmax,2020-02-15 20:21:40+00:00,2020-02-15 20:21:40+00:00,1,0.7,0.7,0.5200000000000001,possible_instrumental_spike
Hmax,2020-02-22 19:21:40+00:00,2020-02-22 19:21:40+00:00,1,0.75,0.75,0.5714285714285713,possible_instrumental_spike
Hmax,2020-02-24 12:21:40+00:00,2020-02-24 12:21:40+00:00,1,0.82,0.82,0.5576923076923075,possible_instrumental_spike
Hmax,2020-02-27 12:51:40+00:00,2020-02-27 12:51:40+00:00,1,0.82,0.82,0.7115384615384615,possible_instrumental_spike
Hmax,2020-02-27 20:21:40+00:00,2020-02-27 20:21:40+00:00,1,0.84,0.84,0.625,possible_instrumental_spike
Hmax,2020-02-28 20:21:40+00:00,2020-02-28 20:21:40+00:00,1,0.71,0.71,0.5476190476190476,possible_instrumental_spike
Hmax,2020-03-02 16:51:40+00:00,2020-03-02 16:51:40+00:00,1,0.72,0.72,0.6153846153846154,possible_instrumental_spike
Hmax,2020-03-04 01:51:40+00:00,2020-03-04 01:51:40+00:00,1,0.68,0.68,0.6666666666666666,possible_instrumental_spike
Hmax,2020-03-13 02:51:40+00:00,2020-03-13 02:51:40+00:00,1,0.87,0.87,0.576923076923077,possible_instrumental_spike
Hmax,2020-04-07 11:21:40+00:00,2020-04-07 11:21:40+00:00,1,1.42,1.42,0.671875,possible_instrumental_spike
Hmax,2020-04-16 01:51:40+00:00,2020-04-16 01:51:40+00:00,1,0.71,0.71,0.5882352941176472,possible_instrumental_spike
Hmax,2020-05-11 08:51:40+00:00,2020-05-11 08:51:40+00:00,1,2.24,2.24,0.6024096385542169,possible_instrumental_spike
Hmax,2020-05-24 22:51:40+00:00,2020-05-24 22:51:40+00:00,1,1.13,1.13,0.5510204081632653,possible_instrumental_spike
Hmax,2020-05-27 21:21:40+00:00,2020-05-27 21:21:40+00:00,1,0.51,0.51,0.6153846153846155,possible_instrumental_spike
Hmax,2020-06-09 00:51:40+00:00,2020-06-09 00:51:40+00:00,1,1.38,1.38,0.7441860465116277,possible_instrumental_spike
Hmax,2020-06-15 20:51:40+00:00,2020-06-15 20:51:40+00:00,1,1.15,1.15,0.7000000000000001,possible_instrumental_spike
Hmax,2020-07-09 20:21:40+00:00,2020-07-09 20:21:40+00:00,1,1.51,1.51,0.5846153846153848,possible_instrumental_spike
Hmax,2020-07-17 16:21:40+00:00,2020-07-17 16:21:40+00:00,1,2.54,2.54,0.5822784810126581,possible_instrumental_spike
Hmax,2020-07-24 11:51:40+00:00,2020-07-24 11:51:40+00:00,1,1.31,1.31,0.6000000000000001,possible_instrumental_spike
Hmax,2020-08-04 22:21:40+00:00,2020-08-04 22:21:40+00:00,1,2.52,2.52,0.5285714285714288,possible_instrumental_spike
Hmax,2020-08-20 12:21:40+00:00,2020-08-20 12:21:40+00:00,1,0.83,0.83,0.6666666666666664,possible_instrumental_spike
Hmax,2020-09-02 11:51:40+00:00,2020-09-02 11:51:40+00:00,1,2.04,2.04,0.5505617977528089,possible_instrumental_spike
Hmax,2020-09-03 22:51:40+00:00,2020-09-03 22:51:40+00:00,1,1.49,1.49,0.5263157894736843,possible_instrumental_spike
Hmax,2020-09-22 12:21:40+00:00,2020-09-22 12:21:40+00:00,1,0.61,0.61,0.5172413793103448,possible_instrumental_spike
Hmax,2020-10-05 12:21:40+00:00,2020-10-05 12:21:40+00:00,1,0.78,0.78,0.5531914893617021,possible_instrumental_spike
Hmax,2020-10-24 23:21:40+00:00,2020-10-24 23:21:40+00:00,1,0.74,0.74,0.653846153846154,possible_instrumental_spike
Hmax,2020-10-25 06:21:40+00:00,2020-10-25 06:21:40+00:00,1,0.97,0.97,0.7777777777777776,possible_instrumental_spike
Hmax,2020-10-25 18:21:40+00:00,2020-10-25 18:21:40+00:00,1,1.03,1.03,0.5581395348837208,possible_instrumental_spike
Hmax,2020-12-03 04:21:40+00:00,2020-12-03 04:21:40+00:00,1,0.61,0.61,0.5333333333333333,possible_instrumental_spike
Hmax,2020-12-04 06:21:40+00:00,2020-12-04 06:21:40+00:00,1,0.94,0.94,0.6507936507936508,possible_instrumental_spike
Hmax,2020-12-07 09:21:40+00:00,2020-12-07 09:21:40+00:00,1,0.48,0.48,0.5200000000000001,possible_instrumental_spike
Hmax,2020-12-07 16:51:40+00:00,2020-12-07 16:51:40+00:00,1,0.53,0.53,0.5185185185185185,possible_instrumental_spike
Hmax,2020-12-11 18:51:40+00:00,2020-12-11 18:51:40+00:00,1,0.63,0.63,0.5483870967741935,possible_instrumental_spike
Hmax,2020-12-21 11:21:40+00:00,2020-12-21 11:21:40+00:00,1,0.61,0.61,0.5185185185185186,possible_instrumental_spike
Hmax,2020-12-24 12:51:40+00:00,2020-12-24 12:51:40+00:00,1,0.6,0.6,0.5555555555555555,possible_instrumental_spike
Hmax,2020-12-25 12:21:40+00:00,2020-12-25 12:21:40+00:00,1,0.67,0.67,0.6666666666666666,possible_instrumental_spike
Hmax,2020-12-30 11:51:40+00:00,2020-12-30 11:51:40+00:00,1,1.1,1.1,0.6617647058823529,possible_instrumental_spike
Hmax,2020-12-31 12:21:40+00:00,2020-12-31 12:21:40+00:00,1,0.69,0.69,0.5263157894736843,possible_instrumental_spike
Hmax,2020-12-31 20:21:40+00:00,2020-12-31 20:21:40+00:00,1,0.77,0.77,0.5483870967741937,possible_instrumental_spike
Hmax,2021-01-03 16:21:40+00:00,2021-01-03 16:21:40+00:00,1,0.89,0.89,0.5686274509803922,possible_instrumental_spike
Hmax,2021-01-14 14:21:40+00:00,2021-01-14 14:21:40+00:00,1,0.64,0.64,0.6400000000000001,possible_instrumental_spike
Hmax,2021-01-15 11:21:40+00:00,2021-01-15 11:21:40+00:00,1,0.89,0.89,0.6086956521739131,possible_instrumental_spike
Hmax,2021-02-03 06:51:40+00:00,2021-02-03 06:51:40+00:00,1,0.83,0.83,0.6222222222222221,possible_instrumental_spike
Hmax,2021-02-06 00:21:40+00:00,2021-02-06 00:21:40+00:00,1,0.8,0.8,0.5714285714285715,possible_instrumental_spike
Hmax,2021-02-14 20:21:40+00:00,2021-02-14 20:21:40+00:00,1,0.9,0.9,0.5217391304347826,possible_instrumental_spike
Hmax,2021-02-17 08:21:40+00:00,2021-02-17 08:21:40+00:00,1,0.66,0.66,0.6521739130434783,possible_instrumental_spike
Hmax,2021-02-22 14:21:40+00:00,2021-02-22 14:21:40+00:00,1,0.86,0.86,0.5319148936170213,possible_instrumental_spike
Hmax,2021-02-22 17:51:40+00:00,2021-02-22 17:51:40+00:00,1,0.73,0.73,0.6,possible_instrumental_spike
Hmax,2021-02-25 01:21:40+00:00,2021-02-25 01:21:40+00:00,1,0.63,0.63,0.5555555555555556,possible_instrumental_spike
Hmax,2021-02-26 20:21:40+00:00,2021-02-26 20:21:40+00:00,1,0.8,0.8,0.5365853658536587,possible_instrumental_spike
Hmax,2021-02-27 16:21:40+00:00,2021-02-27 16:21:40+00:00,1,0.77,0.77,0.5517241379310345,possible_instrumental_spike
Hmax,2021-03-11 05:51:40+00:00,2021-03-11 05:51:40+00:00,1,0.62,0.62,0.6363636363636365,possible_instrumental_spike
Hmax,2021-03-12 16:21:40+00:00,2021-03-12 16:21:40+00:00,1,0.69,0.69,0.5454545454545453,possible_instrumental_spike
Hmax,2021-03-15 19:51:40+00:00,2021-03-15 19:51:40+00:00,1,0.82,0.82,0.6444444444444444,possible_instrumental_spike
Hmax,2021-03-23 14:51:40+00:00,2021-03-23 14:51:40+00:00,1,0.96,0.96,0.5897435897435896,possible_instrumental_spike
Hmax,2021-03-30 21:51:40+00:00,2021-03-30 21:51:40+00:00,1,0.55,0.55,0.5454545454545456,possible_instrumental_spike
Hmax,2021-04-04 15:21:40+00:00,2021-04-04 15:21:40+00:00,1,0.77,0.77,0.7777777777777777,possible_instrumental_spike
Hmax,2021-04-12 05:21:40+00:00,2021-04-12 05:21:40+00:00,1,1.22,1.22,0.5517241379310344,possible_instrumental_spike
Hmax,2021-04-14 11:21:40+00:00,2021-04-14 11:21:40+00:00,1,1.0,1.0,0.7352941176470589,possible_instrumental_spike
Hmax,2021-04-22 01:51:40+00:00,2021-04-22 01:51:40+00:00,1,0.42,0.42,0.588235294117647,possible_instrumental_spike
Hmax,2021-04-26 13:21:40+00:00,2021-04-26 13:21:40+00:00,1,0.92,0.92,0.5319148936170213,possible_instrumental_spike
Hmax,2021-05-07 07:51:40+00:00,2021-05-07 07:51:40+00:00,1,0.64,0.64,0.5555555555555555,possible_instrumental_spike
Hmax,2021-05-11 19:21:40+00:00,2021-05-11 19:21:40+00:00,1,2.72,2.72,0.5467625899280577,possible_instrumental_spike
Hmax,2021-05-12 06:51:40+00:00,2021-05-12 06:51:40+00:00,1,1.75,1.75,0.5373134328358211,possible_instrumental_spike
Hmax,2021-05-20 12:21:40+00:00,2021-05-20 12:21:40+00:00,1,0.75,0.75,0.625,possible_instrumental_spike
Hmax,2021-06-09 07:21:40+00:00,2021-06-09 07:21:40+00:00,1,0.93,0.93,0.5833333333333334,possible_instrumental_spike
Hmax,2021-06-30 16:51:40+00:00,2021-06-30 16:51:40+00:00,1,1.81,1.81,0.5238095238095238,possible_instrumental_spike
Hmax,2021-07-03 06:51:40+00:00,2021-07-03 06:51:40+00:00,1,3.21,3.21,0.5304347826086956,possible_instrumental_spike
Hmax,2021-07-07 10:21:40+00:00,2021-07-07 10:21:40+00:00,1,1.63,1.63,0.5945945945945947,possible_instrumental_spike
Hmax,2021-07-12 12:21:40+00:00,2021-07-12 12:21:40+00:00,1,0.93,0.93,0.5925925925925927,possible_instrumental_spike
Hmax,2021-07-14 21:21:40+00:00,2021-07-14 21:21:40+00:00,1,1.02,1.02,0.5714285714285714,possible_instrumental_spike
Hmax,2021-07-23 22:51:40+00:00,2021-07-23 22:51:40+00:00,1,2.72,2.72,0.5937500000000002,possible_instrumental_spike
Hmax,2021-07-27 14:51:40+00:00,2021-07-27 14:51:40+00:00,1,1.36,1.36,0.5434782608695651,possible_instrumental_spike
Hmax,2021-08-10 19:51:40+00:00,2021-08-10 19:51:40+00:00,1,1.43,1.43,0.5797101449275361,possible_instrumental_spike
Hmax,2021-09-03 09:21:40+00:00,2021-09-03 09:21:40+00:00,1,1.52,1.52,0.5555555555555557,possible_instrumental_spike
Hmax,2021-09-24 01:51:40+00:00,2021-09-24 01:51:40+00:00,1,3.62,3.62,0.548780487804878,possible_instrumental_spike
Hmax,2021-09-30 05:51:40+00:00,2021-09-30 05:51:40+00:00,1,0.95,0.95,0.5526315789473684,possible_instrumental_spike
Hmax,2021-10-02 10:51:40+00:00,2021-10-02 10:51:40+00:00,1,0.76,0.76,0.5333333333333334,possible_instrumental_spike
Hmax,2021-10-11 10:21:40+00:00,2021-10-11 10:21:40+00:00,1,1.45,1.45,0.5735294117647058,possible_instrumental_spike
Hmax,2021-11-03 22:21:40+00:00,2021-11-03 22:21:40+00:00,1,0.74,0.74,0.6,possible_instrumental_spike
Hmax,2021-12-08 05:51:40+00:00,2021-12-08 05:51:40+00:00,1,0.6,0.6,0.52,possible_instrumental_spike
Hmax,2021-12-11 05:21:40+00:00,2021-12-11 05:21:40+00:00,1,0.85,0.85,0.5714285714285714,possible_instrumental_spike
Hmax,2021-12-11 10:21:40+00:00,2021-12-11 10:21:40+00:00,1,0.71,0.71,0.5789473684210528,possible_instrumental_spike
Hmax,2021-12-11 19:21:40+00:00,2021-12-11 19:21:40+00:00,1,0.72,0.72,0.6086956521739132,possible_instrumental_spike
Hmax,2021-12-13 12:21:40+00:00,2021-12-13 12:21:40+00:00,1,0.77,0.77,0.7619047619047619,possible_instrumental_spike
Hmax,2021-12-18 12:21:40+00:00,2021-12-18 12:21:40+00:00,1,0.67,0.67,0.6315789473684211,possible_instrumental_spike
Hmax,2021-12-23 18:51:40+00:00,2021-12-23 18:51:40+00:00,1,0.67,0.67,0.7333333333333333,possible_instrumental_spike
Hmax,2022-01-03 16:51:40+00:00,2022-01-03 16:51:40+00:00,1,0.66,0.66,0.5384615384615385,possible_instrumental_spike
Hmax,2022-01-03 20:21:40+00:00,2022-01-03 20:21:40+00:00,1,0.66,0.66,0.5641025641025642,possible_instrumental_spike
Hmax,2022-01-10 16:51:40+00:00,2022-01-10 16:51:40+00:00,1,0.62,0.62,0.6333333333333334,possible_instrumental_spike
Hmax,2022-01-13 20:21:40+00:00,2022-01-13 20:21:40+00:00,1,0.67,0.67,0.5909090909090908,possible_instrumental_spike
Hmax,2022-01-17 02:21:40+00:00,2022-01-17 02:21:40+00:00,1,0.8,0.8,0.5172413793103449,possible_instrumental_spike
Hmax,2022-02-13 07:21:40+00:00,2022-02-13 07:21:40+00:00,1,0.46,0.46,0.7222222222222223,possible_instrumental_spike
Hmax,2022-02-28 21:51:40+00:00,2022-02-28 21:51:40+00:00,1,0.85,0.85,0.6923076923076921,possible_instrumental_spike
Hmax,2022-03-14 17:21:40+00:00,2022-03-14 17:21:40+00:00,1,0.79,0.79,0.5625,possible_instrumental_spike
Hmax,2022-03-15 07:51:40+00:00,2022-03-15 07:51:40+00:00,1,0.74,0.74,0.5217391304347826,possible_instrumental_spike
Hmax,2022-03-19 19:51:40+00:00,2022-03-19 19:51:40+00:00,1,1.05,1.05,0.5714285714285715,possible_instrumental_spike
Hmax,2022-06-03 03:21:40+00:00,2022-06-03 03:21:40+00:00,1,1.1,1.1,0.6097560975609757,possible_instrumental_spike
Hmax,2022-06-29 04:51:40+00:00,2022-06-29 04:51:40+00:00,1,0.9,0.9,0.5686274509803921,possible_instrumental_spike
Hmax,2022-07-04 04:51:40+00:00,2022-07-04 04:51:40+00:00,1,1.47,1.47,0.6197183098591549,possible_instrumental_spike
Hmax,2022-07-22 06:51:40+00:00,2022-07-22 06:51:40+00:00,1,1.31,1.31,0.5581395348837208,possible_instrumental_spike
Hmax,2022-07-26 18:21:40+00:00,2022-07-26 18:21:40+00:00,1,2.29,2.29,0.7355371900826447,possible_instrumental_spike
Hmax,2022-08-08 21:21:40+00:00,2022-08-08 21:21:40+00:00,1,0.85,0.85,0.5499999999999999,possible_instrumental_spike
Hmax,2022-08-20 17:21:40+00:00,2022-08-20 17:21:40+00:00,1,1.96,1.96,0.5692307692307691,possible_instrumental_spike
Hmax,2022-08-22 23:51:40+00:00,2022-08-22 23:51:40+00:00,1,1.78,1.78,0.5576923076923077,possible_instrumental_spike
Hmax,2022-08-25 00:51:40+00:00,2022-08-25 00:51:40+00:00,1,1.18,1.18,0.5405405405405406,possible_instrumental_spike
Hmax,2022-09-13 23:51:40+00:00,2022-09-13 23:51:40+00:00,1,0.64,0.64,0.5909090909090908,possible_instrumental_spike
Hmax,2022-09-30 01:51:40+00:00,2022-09-30 01:51:40+00:00,1,0.52,0.52,0.5714285714285715,possible_instrumental_spike
Hmax,2022-09-30 16:51:40+00:00,2022-09-30 16:51:40+00:00,1,0.67,0.67,0.5714285714285716,possible_instrumental_spike
Hmax,2022-10-10 19:51:40+00:00,2022-10-10 19:51:40+00:00,1,1.09,1.09,0.5434782608695654,possible_instrumental_spike
Hmax,2022-10-11 11:51:40+00:00,2022-10-11 11:51:40+00:00,1,1.21,1.21,0.5925925925925926,possible_instrumental_spike
Hmax,2022-10-12 03:21:40+00:00,2022-10-12 03:21:40+00:00,1,1.42,1.42,0.586206896551724,possible_instrumental_spike
Hmax,2022-10-17 06:21:40+00:00,2022-10-17 06:21:40+00:00,1,1.06,1.06,0.6129032258064517,possible_instrumental_spike
Hmax,2022-10-18 22:51:40+00:00,2022-10-18 22:51:40+00:00,1,0.72,0.72,0.590909090909091,possible_instrumental_spike
Hmax,2022-11-11 19:51:40+00:00,2022-11-11 19:51:40+00:00,1,0.8,0.8,0.5238095238095241,possible_instrumental_spike
Hmax,2022-11-14 12:21:40+00:00,2022-11-14 12:21:40+00:00,1,0.69,0.69,0.5609756097560975,possible_instrumental_spike
Hmax,2022-11-16 12:21:40+00:00,2022-11-16 12:21:40+00:00,1,0.79,0.79,0.5227272727272726,possible_instrumental_spike
Hmax,2022-11-17 18:21:40+00:00,2022-11-17 18:21:40+00:00,1,0.56,0.56,0.6129032258064517,possible_instrumental_spike
Hmax,2022-11-24 14:51:40+00:00,2022-11-24 14:51:40+00:00,1,1.0,1.0,0.5818181818181817,possible_instrumental_spike
Hmax,2022-11-26 01:21:40+00:00,2022-11-26 01:21:40+00:00,1,0.65,0.65,0.5499999999999999,possible_instrumental_spike
Hmax,2022-12-02 15:21:40+00:00,2022-12-02 15:21:40+00:00,1,1.14,1.14,0.5344827586206897,possible_instrumental_spike
Hmax,2022-12-08 10:21:40+00:00,2022-12-08 10:21:40+00:00,1,0.83,0.83,0.5806451612903225,possible_instrumental_spike
Hmax,2022-12-09 12:21:40+00:00,2022-12-09 12:21:40+00:00,1,0.9,0.9,0.6666666666666666,possible_instrumental_spike
Hmax,2022-12-11 20:21:40+00:00,2022-12-11 20:21:40+00:00,1,0.79,0.79,0.5925925925925927,possible_instrumental_spike
Hmax,2022-12-21 14:21:40+00:00,2022-12-21 14:21:40+00:00,1,0.84,0.84,0.5348837209302325,possible_instrumental_spike
Hmax,2022-12-25 00:21:40+00:00,2022-12-25 00:21:40+00:00,1,0.8,0.8,0.5357142857142857,possible_instrumental_spike
Hmax,2022-12-25 23:21:40+00:00,2022-12-25 23:21:40+00:00,1,1.07,1.07,0.5535714285714286,possible_instrumental_spike
Hmax,2023-01-07 02:51:40+00:00,2023-01-07 02:51:40+00:00,1,0.55,0.55,0.5416666666666669,possible_instrumental_spike
Hmax,2023-01-11 14:51:40+00:00,2023-01-11 14:51:40+00:00,1,0.83,0.83,0.6521739130434782,possible_instrumental_spike
Hmax,2023-01-15 12:51:40+00:00,2023-01-15 12:51:40+00:00,1,0.71,0.71,0.6666666666666669,possible_instrumental_spike
Hmax,2023-01-16 13:51:40+00:00,2023-01-16 13:51:40+00:00,1,0.94,0.94,0.5263157894736843,possible_instrumental_spike
Hmax,2023-01-19 16:21:40+00:00,2023-01-19 16:21:40+00:00,1,0.73,0.73,0.6285714285714286,possible_instrumental_spike
Hmax,2023-01-19 19:21:40+00:00,2023-01-19 19:21:40+00:00,1,0.57,0.57,0.6470588235294116,possible_instrumental_spike
Hmax,2023-01-23 14:51:40+00:00,2023-01-23 14:51:40+00:00,1,0.65,0.65,0.6428571428571428,possible_instrumental_spike
Hmax,2023-01-27 13:51:40+00:00,2023-01-27 13:51:40+00:00,1,0.93,0.93,0.5660377358490567,possible_instrumental_spike
Hmax,2023-01-29 14:21:40+00:00,2023-01-29 14:21:40+00:00,1,0.85,0.85,0.6382978723404255,possible_instrumental_spike
Hmax,2023-01-30 12:21:40+00:00,2023-01-30 12:21:40+00:00,1,1.04,1.04,0.7377049180327869,possible_instrumental_spike
Hmax,2023-02-02 12:21:40+00:00,2023-02-02 12:21:40+00:00,1,0.83,0.83,0.5510204081632651,possible_instrumental_spike
Hmax,2023-02-03 16:21:40+00:00,2023-02-03 16:21:40+00:00,1,0.97,0.97,0.5714285714285715,possible_instrumental_spike
Hmax,2023-02-04 00:51:40+00:00,2023-02-04 00:51:40+00:00,1,0.67,0.67,0.6052631578947368,possible_instrumental_spike
Hmax,2023-02-04 21:21:40+00:00,2023-02-04 21:21:40+00:00,1,0.65,0.65,0.5277777777777777,possible_instrumental_spike
Hmax,2023-02-05 14:21:40+00:00,2023-02-05 14:21:40+00:00,1,0.78,0.78,0.5625,possible_instrumental_spike
Hmax,2023-02-07 03:21:40+00:00,2023-02-07 03:21:40+00:00,1,0.56,0.56,0.6363636363636366,possible_instrumental_spike
Hmax,2023-02-09 14:21:40+00:00,2023-02-09 14:21:40+00:00,1,0.83,0.83,0.5471698113207546,possible_instrumental_spike
Hmax,2023-02-15 14:51:40+00:00,2023-02-15 14:51:40+00:00,1,0.79,0.79,0.5277777777777779,possible_instrumental_spike
Hmax,2023-02-22 21:51:40+00:00,2023-02-22 21:51:40+00:00,1,1.05,1.05,0.6829268292682927,possible_instrumental_spike
Hmax,2023-02-24 19:51:40+00:00,2023-02-24 19:51:40+00:00,1,1.05,1.05,0.5272727272727273,possible_instrumental_spike
Hmax,2023-02-25 12:21:40+00:00,2023-02-25 12:21:40+00:00,1,0.82,0.82,0.5555555555555556,possible_instrumental_spike
Hmax,2023-02-26 20:21:40+00:00,2023-02-26 20:21:40+00:00,1,0.75,0.75,0.5185185185185185,possible_instrumental_spike
Hmax,2023-03-06 12:21:40+00:00,2023-03-06 12:21:40+00:00,1,0.84,0.84,0.6739130434782608,possible_instrumental_spike
Hmax,2023-03-07 16:21:40+00:00,2023-03-07 16:21:40+00:00,1,0.72,0.72,0.625,possible_instrumental_spike
Hmax,2023-03-08 14:21:40+00:00,2023-03-08 14:21:40+00:00,1,0.93,0.93,0.5263157894736842,possible_instrumental_spike
Hmax,2023-03-28 12:21:40+00:00,2023-03-28 12:21:40+00:00,1,1.0,1.0,0.576923076923077,possible_instrumental_spike
Hmax,2023-04-10 10:51:40+00:00,2023-04-10 10:51:40+00:00,1,0.36,0.36,0.5263157894736842,possible_instrumental_spike
Hmax,2023-04-11 01:21:40+00:00,2023-04-11 01:21:40+00:00,1,0.75,0.75,0.6129032258064514,possible_instrumental_spike
Hmax,2023-04-14 16:21:40+00:00,2023-04-14 16:21:40+00:00,1,0.79,0.79,0.5333333333333333,possible_instrumental_spike
Hmax,2023-04-15 14:21:40+00:00,2023-04-15 14:21:40+00:00,1,0.74,0.74,0.5909090909090909,possible_instrumental_spike
Hmax,2023-04-16 02:21:40+00:00,2023-04-16 02:21:40+00:00,1,0.66,0.66,0.6315789473684211,possible_instrumental_spike
Hmax,2023-04-25 12:21:40+00:00,2023-04-25 12:21:40+00:00,1,2.05,2.05,0.6111111111111109,possible_instrumental_spike
Hmax,2023-04-30 18:21:40+00:00,2023-04-30 18:21:40+00:00,1,1.16,1.16,0.6197183098591549,possible_instrumental_spike
Hmax,2023-05-10 03:21:40+00:00,2023-05-10 03:21:40+00:00,1,1.54,1.54,0.6249999999999998,possible_instrumental_spike
Hmax,2023-05-17 17:21:40+00:00,2023-05-17 17:21:40+00:00,1,0.82,0.82,0.5384615384615383,possible_instrumental_spike
Hmax,2023-05-24 03:51:40+00:00,2023-05-24 03:51:40+00:00,1,1.35,1.35,0.5405405405405409,possible_instrumental_spike
Hmax,2023-05-25 04:51:40+00:00,2023-05-25 04:51:40+00:00,1,1.83,1.83,0.6986301369863014,possible_instrumental_spike
Hmax,2023-06-22 12:51:40+00:00,2023-06-22 12:51:40+00:00,1,2.12,2.12,0.5930232558139534,possible_instrumental_spike
Hmax,2023-07-01 21:51:40+00:00,2023-07-01 21:51:40+00:00,1,1.79,1.79,0.5409836065573771,possible_instrumental_spike
Hmax,2023-07-11 19:21:40+00:00,2023-07-11 19:21:40+00:00,1,1.15,1.15,0.5319148936170212,possible_instrumental_spike
Hmax,2023-07-12 20:51:40+00:00,2023-07-12 20:51:40+00:00,1,0.93,0.93,0.5945945945945948,possible_instrumental_spike
Hmax,2023-07-13 07:51:40+00:00,2023-07-13 07:51:40+00:00,1,0.91,0.91,0.523809523809524,possible_instrumental_spike
Hmax,2023-08-26 12:21:40+00:00,2023-08-26 12:21:40+00:00,1,0.96,0.96,0.6363636363636362,possible_instrumental_spike
Hmax,2023-08-27 19:51:40+00:00,2023-08-27 19:51:40+00:00,1,0.76,0.76,0.6222222222222222,possible_instrumental_spike
Hmax,2023-09-29 14:21:40+00:00,2023-09-29 14:21:40+00:00,1,0.87,0.87,0.7169811320754716,possible_instrumental_spike
Hmax,2023-10-12 05:51:40+00:00,2023-10-12 05:51:40+00:00,1,0.87,0.87,0.5806451612903228,possible_instrumental_spike
Hmax,2023-10-18 23:21:40+00:00,2023-10-18 23:21:40+00:00,1,0.91,0.91,0.6097560975609756,possible_instrumental_spike
Hmax,2023-10-26 11:21:40+00:00,2023-10-26 11:21:40+00:00,1,0.55,0.55,0.5454545454545456,possible_instrumental_spike
Hmax,2023-10-26 17:21:40+00:00,2023-10-26 17:21:40+00:00,1,0.79,0.79,0.6938775510204082,possible_instrumental_spike
Hmax,2023-10-27 12:21:40+00:00,2023-10-27 12:21:40+00:00,1,0.85,0.85,0.7454545454545454,possible_instrumental_spike
Hmax,2023-10-29 14:21:40+00:00,2023-10-29 14:21:40+00:00,1,1.11,1.11,0.6666666666666667,possible_instrumental_spike
Hmax,2023-10-29 19:21:40+00:00,2023-10-29 19:21:40+00:00,1,0.79,0.79,0.6666666666666669,possible_instrumental_spike
Hmax,2023-10-30 02:51:40+00:00,2023-10-30 02:51:40+00:00,1,0.79,0.79,0.647058823529412,possible_instrumental_spike
Hmax,2023-10-30 11:51:40+00:00,2023-10-30 11:51:40+00:00,1,0.67,0.67,0.6,possible_instrumental_spike
Hmax,2023-10-31 12:21:40+00:00,2023-10-31 12:21:40+00:00,1,0.55,0.55,0.5217391304347827,possible_instrumental_spike
Hmax,2023-11-01 16:21:40+00:00,2023-11-01 16:21:40+00:00,1,0.85,0.85,0.6785714285714285,possible_instrumental_spike
Hmax,2023-11-12 13:51:40+00:00,2023-11-12 13:51:40+00:00,1,1.03,1.03,0.6486486486486487,possible_instrumental_spike
Hmax,2023-11-20 08:51:40+00:00,2023-11-20 08:51:40+00:00,1,0.52,0.52,0.6923076923076923,possible_instrumental_spike
Hmax,2023-11-25 21:51:40+00:00,2023-11-25 21:51:40+00:00,1,0.44,0.44,0.5789473684210525,possible_instrumental_spike
Hmax,2023-11-29 11:51:40+00:00,2023-11-29 11:51:40+00:00,1,0.81,0.81,0.5714285714285715,possible_instrumental_spike
Hmax,2023-11-30 16:51:40+00:00,2023-11-30 16:51:40+00:00,1,0.61,0.61,0.5499999999999999,possible_instrumental_spike
Hmax,2023-12-05 13:51:40+00:00,2023-12-05 13:51:40+00:00,1,0.62,0.62,0.5294117647058824,possible_instrumental_spike
Hmax,2023-12-15 11:51:40+00:00,2023-12-15 11:51:40+00:00,1,1.0,1.0,0.5918367346938777,possible_instrumental_spike
Hmax,2023-12-20 12:21:40+00:00,2023-12-20 12:21:40+00:00,1,0.8,0.8,0.627906976744186,possible_instrumental_spike
Hmax,2023-12-20 16:51:40+00:00,2023-12-20 16:51:40+00:00,1,0.64,0.64,0.6666666666666666,possible_instrumental_spike
Hmax,2023-12-22 17:51:40+00:00,2023-12-22 17:51:40+00:00,1,0.61,0.61,0.5357142857142857,possible_instrumental_spike
Hmax,2023-12-24 17:51:40+00:00,2023-12-24 17:51:40+00:00,1,0.65,0.65,0.5833333333333334,possible_instrumental_spike
Hmax,2023-12-27 12:21:40+00:00,2023-12-27 12:21:40+00:00,1,0.83,0.83,0.6964285714285714,possible_instrumental_spike
Hmax,2024-01-07 16:51:40+00:00,2024-01-07 16:51:40+00:00,1,0.92,0.92,0.5932203389830509,possible_instrumental_spike
Hmax,2024-01-08 16:21:40+00:00,2024-01-08 16:21:40+00:00,1,1.01,1.01,0.8833333333333332,possible_instrumental_spike
Hmax,2024-01-14 16:51:40+00:00,2024-01-14 16:51:40+00:00,1,0.97,0.97,0.7014925373134329,possible_instrumental_spike
Hmax,2024-01-15 10:21:40+00:00,2024-01-15 10:21:40+00:00,1,0.59,0.59,0.6363636363636364,possible_instrumental_spike
Hmax,2024-01-16 16:51:40+00:00,2024-01-16 16:51:40+00:00,1,0.78,0.78,0.5882352941176472,possible_instrumental_spike
Hmax,2024-01-17 16:21:40+00:00,2024-01-17 16:21:40+00:00,1,0.74,0.74,0.5555555555555555,possible_instrumental_spike
Hmax,2024-01-18 12:21:40+00:00,2024-01-18 12:21:40+00:00,1,0.69,0.69,0.5853658536585366,possible_instrumental_spike
Hmax,2024-01-24 14:51:40+00:00,2024-01-24 14:51:40+00:00,1,0.86,0.86,0.6249999999999999,possible_instrumental_spike
Hmax,2024-01-29 15:51:40+00:00,2024-01-29 15:51:40+00:00,1,0.88,0.88,0.6379310344827586,possible_instrumental_spike
Hmax,2024-01-30 09:51:40+00:00,2024-01-30 09:51:40+00:00,1,0.73,0.73,0.6382978723404256,possible_instrumental_spike
Hmax,2024-01-30 14:51:40+00:00,2024-01-30 14:51:40+00:00,1,0.63,0.63,0.6756756756756757,possible_instrumental_spike
Hmax,2024-02-05 20:21:40+00:00,2024-02-05 20:21:40+00:00,1,0.63,0.63,0.6923076923076923,possible_instrumental_spike
Hmax,2024-02-06 17:51:40+00:00,2024-02-06 17:51:40+00:00,1,0.64,0.64,0.6206896551724137,possible_instrumental_spike
Hmax,2024-02-07 11:21:40+00:00,2024-02-07 11:21:40+00:00,1,0.5,0.5,0.7058823529411765,possible_instrumental_spike
Hmax,2024-02-13 10:21:40+00:00,2024-02-13 10:21:40+00:00,1,1.02,1.02,0.5185185185185185,possible_instrumental_spike
Hmax,2024-02-14 20:21:40+00:00,2024-02-14 20:21:40+00:00,1,0.87,0.87,0.6451612903225806,possible_instrumental_spike
Hmax,2024-02-16 19:51:40+00:00,2024-02-16 19:51:40+00:00,1,1.2,1.2,0.5544554455445544,possible_instrumental_spike
Hmax,2024-02-17 17:21:40+00:00,2024-02-17 17:21:40+00:00,1,0.62,0.62,0.6451612903225807,possible_instrumental_spike
Hmax,2024-03-03 02:51:40+00:00,2024-03-03 02:51:40+00:00,1,0.84,0.84,0.574074074074074,possible_instrumental_spike
Hmax,2024-03-03 11:51:40+00:00,2024-03-03 11:51:40+00:00,1,0.97,0.97,0.5344827586206896,possible_instrumental_spike
Hmax,2024-03-03 15:51:40+00:00,2024-03-03 15:51:40+00:00,1,0.93,0.93,0.574468085106383,possible_instrumental_spike
Hmax,2024-03-15 16:51:40+00:00,2024-03-15 16:51:40+00:00,1,0.69,0.69,0.6363636363636364,possible_instrumental_spike
Hmax,2024-03-18 15:21:40+00:00,2024-03-18 15:21:40+00:00,1,0.67,0.67,0.608695652173913,possible_instrumental_spike
Hmax,2024-03-19 09:51:40+00:00,2024-03-19 09:51:40+00:00,1,0.57,0.57,0.5263157894736842,possible_instrumental_spike
Hmax,2024-03-19 19:21:40+00:00,2024-03-19 19:21:40+00:00,1,0.58,0.58,0.5428571428571427,possible_instrumental_spike
Hmax,2024-03-21 17:51:40+00:00,2024-03-21 17:51:40+00:00,1,0.77,0.77,0.5306122448979592,possible_instrumental_spike
Hmax,2024-04-16 00:51:40+00:00,2024-04-16 00:51:40+00:00,1,1.61,1.61,0.5500000000000003,possible_instrumental_spike
Hmax,2024-04-16 04:51:40+00:00,2024-04-16 04:51:40+00:00,1,1.72,1.72,0.5192307692307693,possible_instrumental_spike
Hmax,2024-04-22 16:51:40+00:00,2024-04-22 16:51:40+00:00,1,1.77,1.77,0.6629213483146068,possible_instrumental_spike
Hmax,2024-05-03 03:21:40+00:00,2024-05-03 03:21:40+00:00,1,1.07,1.07,0.5333333333333334,possible_instrumental_spike
Hmax,2024-05-15 12:21:40+00:00,2024-05-15 12:21:40+00:00,1,0.95,0.95,0.7076923076923077,possible_instrumental_spike
Hmax,2024-05-26 10:21:40+00:00,2024-05-26 10:21:40+00:00,1,1.3,1.3,0.5217391304347827,possible_instrumental_spike
Hmax,2024-05-26 19:21:40+00:00,2024-05-26 19:21:40+00:00,1,1.28,1.28,0.7837837837837839,possible_instrumental_spike
Hmax,2024-06-29 16:51:40+00:00,2024-06-29 16:51:40+00:00,1,0.85,0.85,0.7413793103448276,possible_instrumental_spike
Hmax,2024-07-05 01:51:40+00:00,2024-07-05 01:51:40+00:00,1,1.43,1.43,0.6935483870967742,possible_instrumental_spike
Hmax,2024-07-09 20:21:40+00:00,2024-07-09 20:21:40+00:00,1,1.29,1.29,0.6625,possible_instrumental_spike
Hmax,2024-07-10 14:21:40+00:00,2024-07-10 14:21:40+00:00,1,0.76,0.76,0.5454545454545455,possible_instrumental_spike
Hmax,2024-08-07 16:51:40+00:00,2024-08-07 16:51:40+00:00,1,0.64,0.64,0.5357142857142857,possible_instrumental_spike
Hmax,2024-08-08 13:51:40+00:00,2024-08-08 13:51:40+00:00,1,1.17,1.17,0.5624999999999998,possible_instrumental_spike
Hmax,2024-09-04 02:21:40+00:00,2024-09-04 02:21:40+00:00,1,0.6,0.6,0.5333333333333332,possible_instrumental_spike
Hmax,2024-09-04 06:51:40+00:00,2024-09-04 06:51:40+00:00,1,0.71,0.71,0.5416666666666667,possible_instrumental_spike
Hmax,2024-09-09 07:21:40+00:00,2024-09-09 07:21:40+00:00,1,0.64,0.64,0.5294117647058822,possible_instrumental_spike
Hmax,2024-09-13 23:51:40+00:00,2024-09-13 23:51:40+00:00,1,0.98,0.98,0.5348837209302326,possible_instrumental_spike
Hmax,2024-09-16 16:51:40+00:00,2024-09-16 16:51:40+00:00,1,0.93,0.93,0.7111111111111111,possible_instrumental_spike
Hmax,2024-09-17 01:21:40+00:00,2024-09-17 01:21:40+00:00,1,0.62,0.62,0.611111111111111,possible_instrumental_spike
Hmax,2024-09-17 05:51:40+00:00,2024-09-17 05:51:40+00:00,1,0.61,0.61,0.5294117647058822,possible_instrumental_spike
Hmax,2024-10-07 19:51:40+00:00,2024-10-07 19:51:40+00:00,1,1.27,1.27,0.5909090909090908,possible_instrumental_spike
Hmax,2024-10-13 11:21:40+00:00,2024-10-13 11:21:40+00:00,1,0.48,0.48,0.5217391304347826,possible_instrumental_spike
Hmax,2024-10-26 16:21:40+00:00,2024-10-26 16:21:40+00:00,1,0.65,0.65,0.5588235294117647,possible_instrumental_spike
Hmax,2024-12-10 11:21:40+00:00,2024-12-10 11:21:40+00:00,1,0.56,0.56,0.5555555555555557,possible_instrumental_spike
Hmax,2024-12-20 10:51:40+00:00,2024-12-20 10:51:40+00:00,1,0.78,0.78,0.5806451612903226,possible_instrumental_spike
Hmax,2024-12-30 01:51:40+00:00,2024-12-30 01:51:40+00:00,1,0.85,0.85,0.5499999999999999,possible_instrumental_spike
Hmax,2025-01-03 11:51:40+00:00,2025-01-03 11:51:40+00:00,1,1.08,1.08,0.6875,possible_instrumental_spike
Hmax,2025-01-05 11:51:40+00:00,2025-01-05 11:51:40+00:00,1,0.65,0.65,0.5555555555555555,possible_instrumental_spike
Hmax,2025-01-09 18:21:40+00:00,2025-01-09 18:21:40+00:00,1,0.73,0.73,0.6585365853658536,possible_instrumental_spike
Hmax,2025-01-15 16:51:40+00:00,2025-01-15 16:51:40+00:00,1,0.74,0.74,0.627906976744186,possible_instrumental_spike
Hmax,2025-01-28 16:51:40+00:00,2025-01-28 16:51:40+00:00,1,0.85,0.85,0.6101694915254238,possible_instrumental_spike
Hmax,2025-01-29 16:51:40+00:00,2025-01-29 16:51:40+00:00,1,0.96,0.96,0.7049180327868851,possible_instrumental_spike
Hmax,2025-02-02 19:51:40+00:00,2025-02-02 19:51:40+00:00,1,1.14,1.14,0.5689655172413792,possible_instrumental_spike
Hmax,2025-02-03 21:51:40+00:00,2025-02-03 21:51:40+00:00,1,1.03,1.03,0.7096774193548386,possible_instrumental_spike
Hmax,2025-02-07 14:51:40+00:00,2025-02-07 14:51:40+00:00,1,0.8,0.8,0.5882352941176472,possible_instrumental_spike
Hmax,2025-02-11 20:51:40+00:00,2025-02-11 20:51:40+00:00,1,1.17,1.17,0.7647058823529411,possible_instrumental_spike
Hmax,2025-03-06 06:51:40+00:00,2025-03-06 06:51:40+00:00,1,1.22,1.22,0.690909090909091,possible_instrumental_spike
Hmax,2025-03-11 17:51:40+00:00,2025-03-11 17:51:40+00:00,1,0.66,0.66,0.5714285714285715,possible_instrumental_spike
Hmax,2025-03-22 15:21:40+00:00,2025-03-22 15:21:40+00:00,1,1.01,1.01,0.5454545454545455,possible_instrumental_spike
Hmax,2025-03-23 12:21:40+00:00,2025-03-23 12:21:40+00:00,1,0.97,0.97,0.6545454545454544,possible_instrumental_spike
Hmax,2025-03-30 16:51:40+00:00,2025-03-30 16:51:40+00:00,1,0.95,0.95,0.5714285714285714,possible_instrumental_spike
Hmax,2025-03-30 21:21:40+00:00,2025-03-30 21:21:40+00:00,1,0.82,0.82,0.5757575757575757,possible_instrumental_spike
Hmax,2025-04-03 17:51:40+00:00,2025-04-03 17:51:40+00:00,1,0.77,0.77,0.5625000000000001,possible_instrumental_spike
Hmax,2025-04-05 13:51:40+00:00,2025-04-05 13:51:40+00:00,1,0.54,0.54,0.5294117647058824,possible_instrumental_spike
Hmax,2025-04-22 12:51:40+00:00,2025-04-22 12:51:40+00:00,1,1.55,1.55,0.5283018867924528,possible_instrumental_spike
Hmax,2025-04-22 16:21:40+00:00,2025-04-22 16:21:40+00:00,1,0.9,0.9,0.5405405405405407,possible_instrumental_spike
Hmax,2025-04-30 17:51:40+00:00,2025-04-30 17:51:40+00:00,1,0.68,0.68,0.6136363636363638,possible_instrumental_spike
Hmax,2025-05-02 15:51:40+00:00,2025-05-02 15:51:40+00:00,1,3.11,3.11,0.5841584158415841,possible_instrumental_spike
Hmax,2025-05-04 13:51:40+00:00,2025-05-04 13:51:40+00:00,1,1.98,1.98,0.6333333333333331,possible_instrumental_spike
Hmax,2025-05-08 03:51:40+00:00,2025-05-08 03:51:40+00:00,1,1.18,1.18,0.659090909090909,possible_instrumental_spike
Hmax,2025-05-13 05:51:40+00:00,2025-05-13 05:51:40+00:00,1,1.94,1.94,0.5555555555555555,possible_instrumental_spike
Hmax,2025-05-15 04:21:40+00:00,2025-05-15 04:21:40+00:00,1,2.81,2.81,0.5421686746987954,possible_instrumental_spike
Hmax,2025-05-23 06:21:40+00:00,2025-05-23 06:21:40+00:00,1,0.99,0.99,0.56,possible_instrumental_spike
Hmax,2025-05-30 23:51:40+00:00,2025-05-30 23:51:40+00:00,1,1.6,1.6,0.578125,possible_instrumental_spike
Hmax,2025-06-07 12:51:40+00:00,2025-06-07 12:51:40+00:00,1,0.58,0.58,0.5652173913043477,possible_instrumental_spike
Hmax,2025-07-27 07:51:40+00:00,2025-07-27 07:51:40+00:00,1,1.18,1.18,0.6271186440677965,possible_instrumental_spike
Hmax,2025-07-27 15:51:40+00:00,2025-07-27 15:51:40+00:00,1,0.81,0.81,0.6999999999999998,possible_instrumental_spike
Hmax,2025-07-28 14:21:40+00:00,2025-07-28 14:21:40+00:00,1,0.91,0.91,0.5714285714285715,possible_instrumental_spike
Hmax,2025-07-29 01:21:40+00:00,2025-07-29 01:21:40+00:00,1,1.02,1.02,0.5490196078431373,possible_instrumental_spike
Hmax,2025-07-30 12:21:40+00:00,2025-07-30 12:21:40+00:00,1,0.75,0.75,0.6666666666666667,possible_instrumental_spike
Hmax,2025-08-29 00:21:40+00:00,2025-08-29 00:21:40+00:00,1,1.1,1.1,0.5384615384615385,possible_instrumental_spike
HM0,2019-08-05 18:51:40+00:00,2019-08-05 18:51:40+00:00,1,0.53,0.53,0.681818181818182,possible_instrumental_spike
HM0,2019-11-28 10:21:40+00:00,2019-11-28 10:21:40+00:00,1,0.48,0.48,0.5714285714285718,possible_instrumental_spike
HM0,2020-01-11 02:51:40+00:00,2020-01-11 02:51:40+00:00,1,0.32,0.32,0.5714285714285711,possible_instrumental_spike
HM0,2020-01-20 16:21:40+00:00,2020-01-20 16:21:40+00:00,1,0.25,0.25,0.5555555555555552,possible_instrumental_spike
HM0,2020-02-16 06:51:40+00:00,2020-02-16 06:51:40+00:00,1,0.41,0.41,0.5714285714285715,possible_instrumental_spike
HM0,2020-08-19 10:21:40+00:00,2020-08-19 10:21:40+00:00,1,0.4,0.4,0.5789473684210528,possible_instrumental_spike
HM0,2020-08-21 03:51:40+00:00,2020-08-21 03:51:40+00:00,1,0.43,0.43,0.5454545454545455,possible_instrumental_spike
HM0,2020-10-17 15:21:40+00:00,2020-10-17 15:21:40+00:00,1,0.33,0.33,0.5454545454545455,possible_instrumental_spike
HM0,2020-12-20 05:51:40+00:00,2020-12-20 05:51:40+00:00,1,0.29,0.29,0.5999999999999995,possible_instrumental_spike
HM0,2021-03-24 12:21:40+00:00,2021-03-24 12:21:40+00:00,1,0.26,0.26,0.5454545454545455,possible_instrumental_spike
HM0,2021-04-03 11:21:40+00:00,2021-04-03 11:21:40+00:00,1,0.34,0.34,0.5555555555555559,possible_instrumental_spike
HM0,2021-04-10 05:51:40+00:00,2021-04-10 05:51:40+00:00,1,1.18,1.18,0.5185185185185184,possible_instrumental_spike
HM0,2021-04-11 14:51:40+00:00,2021-04-11 14:51:40+00:00,1,0.6,0.6,0.6111111111111108,possible_instrumental_spike
HM0,2021-04-14 11:21:40+00:00,2021-04-14 11:21:40+00:00,1,0.46,0.46,0.7083333333333335,possible_instrumental_spike
HM0,2021-04-25 01:21:40+00:00,2021-04-25 01:21:40+00:00,1,0.34,0.34,0.5599999999999999,possible_instrumental_spike
HM0,2021-05-09 17:21:40+00:00,2021-05-09 17:21:40+00:00,1,1.19,1.19,0.5384615384615383,possible_instrumental_spike
HM0,2021-06-11 20:21:40+00:00,2021-06-11 20:21:40+00:00,1,0.68,0.68,0.5714285714285718,possible_instrumental_spike
HM0,2021-07-12 19:51:40+00:00,2021-07-12 19:51:40+00:00,1,0.75,0.75,0.533333333333333,possible_instrumental_spike
HM0,2021-07-14 21:21:40+00:00,2021-07-14 21:21:40+00:00,1,0.7,0.7,0.6296296296296294,possible_instrumental_spike
HM0,2021-07-24 15:21:40+00:00,2021-07-24 15:21:40+00:00,1,0.73,0.73,0.5306122448979592,possible_instrumental_spike
HM0,2021-08-11 11:21:40+00:00,2021-08-11 11:21:40+00:00,1,0.64,0.64,0.529411764705882,possible_instrumental_spike
HM0,2021-11-11 05:21:40+00:00,2021-11-11 05:21:40+00:00,1,0.32,0.32,0.5714285714285711,possible_instrumental_spike
HM0,2022-01-02 14:51:40+00:00,2022-01-02 14:51:40+00:00,1,0.33,0.33,0.5555555555555552,possible_instrumental_spike
HM0,2022-03-14 17:21:40+00:00,2022-03-14 17:21:40+00:00,1,0.47,0.47,0.5384615384615383,possible_instrumental_spike
HM0,2022-06-17 09:21:40+00:00,2022-06-17 09:21:40+00:00,1,0.97,0.97,0.52,possible_instrumental_spike
HM0,2022-07-12 08:21:40+00:00,2022-07-12 08:21:40+00:00,1,0.85,0.85,0.6500000000000001,possible_instrumental_spike
HM0,2022-07-22 13:21:40+00:00,2022-07-22 13:21:40+00:00,1,0.56,0.56,0.636363636363636,possible_instrumental_spike
HM0,2022-07-27 18:21:40+00:00,2022-07-27 18:21:40+00:00,1,1.0,1.0,0.5294117647058826,possible_instrumental_spike
HM0,2022-09-23 05:21:40+00:00,2022-09-23 05:21:40+00:00,1,0.51,0.51,0.52,possible_instrumental_spike
HM0,2022-10-11 20:51:40+00:00,2022-10-11 20:51:40+00:00,1,0.77,0.77,0.6190476190476192,possible_instrumental_spike
HM0,2022-10-22 21:51:40+00:00,2022-10-22 21:51:40+00:00,1,0.47,0.47,0.5454545454545455,possible_instrumental_spike
HM0,2022-10-24 19:51:40+00:00,2022-10-24 19:51:40+00:00,1,0.35,0.35,0.5333333333333333,possible_instrumental_spike
HM0,2022-11-10 15:51:40+00:00,2022-11-10 15:51:40+00:00,1,0.24,0.24,0.5333333333333333,possible_instrumental_spike
HM0,2022-11-11 04:21:40+00:00,2022-11-11 04:21:40+00:00,1,0.25,0.25,0.5833333333333334,possible_instrumental_spike
HM0,2022-11-24 08:51:40+00:00,2022-11-24 08:51:40+00:00,1,0.5,0.5,0.5555555555555552,possible_instrumental_spike
HM0,2022-11-28 08:21:40+00:00,2022-11-28 08:21:40+00:00,1,0.35,0.35,0.6,possible_instrumental_spike
HM0,2023-05-21 07:51:40+00:00,2023-05-21 07:51:40+00:00,1,1.28,1.28,0.6000000000000005,possible_instrumental_spike
HM0,2023-07-13 07:51:40+00:00,2023-07-13 07:51:40+00:00,1,0.49,0.49,0.7000000000000002,possible_instrumental_spike
HM0,2023-09-08 11:51:40+00:00,2023-09-08 11:51:40+00:00,1,0.76,0.76,0.6000000000000006,possible_instrumental_spike
HM0,2023-10-04 02:21:40+00:00,2023-10-04 02:21:40+00:00,1,0.37,0.37,0.5714285714285711,possible_instrumental_spike
HM0,2023-10-16 14:51:40+00:00,2023-10-16 14:51:40+00:00,1,0.55,0.55,0.5294117647058824,possible_instrumental_spike
HM0,2023-10-29 02:21:40+00:00,2023-10-29 02:21:40+00:00,1,0.36,0.36,0.5555555555555556,possible_instrumental_spike
HM0,2023-10-31 12:21:40+00:00,2023-10-31 12:21:40+00:00,1,0.34,0.34,0.5454545454545454,possible_instrumental_spike
HM0,2024-01-28 09:21:40+00:00,2024-01-28 09:21:40+00:00,1,0.28,0.28,0.5454545454545456,possible_instrumental_spike
HM0,2024-02-15 02:51:40+00:00,2024-02-15 02:51:40+00:00,1,0.34,0.34,0.6,possible_instrumental_spike
HM0,2024-02-16 19:51:40+00:00,2024-02-16 19:51:40+00:00,1,0.72,0.72,0.564516129032258,possible_instrumental_spike
HM0,2024-03-17 20:21:40+00:00,2024-03-17 20:21:40+00:00,1,0.32,0.32,0.5555555555555555,possible_instrumental_spike
HM0,2024-04-24 11:51:40+00:00,2024-04-24 11:51:40+00:00,1,0.96,0.96,0.5263157894736843,possible_instrumental_spike
HM0,2024-07-09 07:51:40+00:00,2024-07-09 07:51:40+00:00,1,0.58,0.58,0.5454545454545453,possible_instrumental_spike
HM0,2024-08-04 15:21:40+00:00,2024-08-04 15:21:40+00:00,1,0.48,0.48,0.56,possible_instrumental_spike
HM0,2024-08-07 07:51:40+00:00,2024-08-07 07:51:40+00:00,1,0.72,0.72,0.56,possible_instrumental_spike
HM0,2025-01-03 17:51:40+00:00,2025-01-03 17:51:40+00:00,1,0.26,0.26,0.5454545454545455,possible_instrumental_spike
HM0,2025-02-05 09:51:40+00:00,2025-02-05 09:51:40+00:00,1,0.38,0.38,0.5714285714285711,possible_instrumental_spike
HM0,2025-02-05 12:51:40+00:00,2025-02-05 12:51:40+00:00,1,0.25,0.25,0.5555555555555552,possible_instrumental_spike
HM0,2025-03-20 20:21:40+00:00,2025-03-20 20:21:40+00:00,1,0.47,0.47,0.5454545454545455,possible_instrumental_spike
HM0,2025-03-21 04:51:40+00:00,2025-03-21 04:51:40+00:00,1,0.29,0.29,0.5454545454545452,possible_instrumental_spike
HM0,2025-05-12 06:51:40+00:00,2025-05-12 06:51:40+00:00,1,0.75,0.75,0.5217391304347826,possible_instrumental_spike
HM0,2025-06-14 09:21:40+00:00,2025-06-14 09:21:40+00:00,1,1.83,1.83,0.5531914893617021,possible_instrumental_spike
Avg_Sal,2019-08-03 15:51:40+00:00,2019-08-03 15:51:40+00:00,1,3.35,3.35,0.9457411336768716,possible_instrumental_spike
Avg_Sal,2019-09-03 15:51:40+00:00,2019-09-03 15:51:40+00:00,1,25.46,25.46,0.9103641456582632,possible_instrumental_spike
Avg_Sal,2019-10-01 15:21:40+00:00,2019-10-01 15:21:40+00:00,1,11.21,11.21,0.9585110507948817,possible_instrumental_spike
Avg_Sal,2019-10-03 18:21:40+00:00,2019-10-03 18:21:40+00:00,1,35.19,35.19,0.5294117647058817,possible_instrumental_spike
Avg_Sal,2019-10-23 16:51:40+00:00,2019-10-23 16:51:40+00:00,1,36.86,36.86,0.5408163265306152,possible_instrumental_spike
Avg_Sal,2019-11-04 13:51:40+00:00,2019-11-04 13:51:40+00:00,1,34.6,34.6,0.6836158192090416,possible_instrumental_spike
Avg_Sal,2019-11-06 01:51:40+00:00,2019-11-06 01:51:40+00:00,1,36.73,36.73,0.526315789473679,possible_instrumental_spike
Avg_Sal,2019-11-06 15:21:40+00:00,2019-11-06 15:21:40+00:00,1,36.84,36.84,0.724137931034479,possible_instrumental_spike
Avg_Sal,2019-11-12 14:21:40+00:00,2019-11-12 14:21:40+00:00,1,18.8,18.8,0.9728703201302225,possible_instrumental_spike
Avg_Sal,2019-11-20 23:51:40+00:00,2019-11-20 23:51:40+00:00,1,37.19,37.19,0.5365853658536602,possible_instrumental_spike
Avg_Sal,2020-01-10 02:51:40+00:00,2020-01-10 02:51:40+00:00,1,37.52,37.52,0.5781250000000066,possible_instrumental_spike
Avg_Sal,2020-01-12 19:21:40+00:00,2020-01-12 19:21:40+00:00,1,37.04,37.04,0.545454545454569,possible_instrumental_spike
Avg_Sal,2020-01-15 11:21:40+00:00,2020-01-15 11:21:40+00:00,1,14.79,14.79,0.9888343010272443,possible_instrumental_spike
Avg_Sal,2020-01-18 23:21:40+00:00,2020-01-18 23:21:40+00:00,1,37.6,37.6,0.7142857142857159,possible_instrumental_spike
Avg_Sal,2020-01-25 15:51:40+00:00,2020-01-25 15:51:40+00:00,1,37.57,37.57,0.5978260869565175,possible_instrumental_spike
Avg_Sal,2020-02-16 14:21:40+00:00,2020-02-16 14:21:40+00:00,1,36.64,36.64,0.5526315789473669,possible_instrumental_spike
Avg_Sal,2020-02-17 15:51:40+00:00,2020-02-17 15:51:40+00:00,1,36.63,36.63,0.5384615384615399,possible_instrumental_spike
Avg_Sal,2020-03-04 18:21:40+00:00,2020-03-04 18:21:40+00:00,1,36.78,36.78,0.5625000000000083,possible_instrumental_spike
Avg_Sal,2020-03-17 13:21:40+00:00,2020-03-17 13:21:40+00:00,1,17.66,17.66,0.9890282131661445,possible_instrumental_spike
Avg_Sal,2020-04-18 08:21:40+00:00,2020-04-18 08:21:40+00:00,1,33.8,33.8,0.5398230088495589,possible_instrumental_spike
Avg_Sal,2020-05-13 10:51:40+00:00,2020-05-13 10:51:40+00:00,1,31.85,31.85,0.6117647058823472,possible_instrumental_spike
Avg_Sal,2020-05-14 05:21:40+00:00,2020-05-14 05:21:40+00:00,1,32.55,32.55,0.5172413793103533,possible_instrumental_spike
Avg_Sal,2020-08-15 16:21:40+00:00,2020-08-15 16:21:40+00:00,1,1.63,1.63,0.9454438218814508,possible_instrumental_spike
Avg_Sal,2020-10-25 16:21:40+00:00,2020-10-25 16:21:40+00:00,1,5.47,5.47,0.974441928178583,possible_instrumental_spike
Avg_Sal,2021-02-20 00:21:40+00:00,2021-02-20 00:21:40+00:00,1,36.6,36.6,0.5555555555555644,possible_instrumental_spike
Avg_Sal,2021-02-21 09:51:40+00:00,2021-02-21 09:51:40+00:00,1,36.48,36.48,1.0,possible_instrumental_spike
Avg_Sal,2021-03-03 05:51:40+00:00,2021-03-03 05:51:40+00:00,1,36.82,36.82,0.8823529411764534,possible_instrumental_spike
Avg_Sal,2021-03-03 17:51:40+00:00,2021-03-03 17:51:40+00:00,1,36.7,36.7,0.6666666666667456,possible_instrumental_spike
Avg_Sal,2021-04-04 07:21:40+00:00,2021-04-04 07:21:40+00:00,1,36.8,36.8,1.0,possible_instrumental_spike
Avg_Sal,2021-04-04 23:21:40+00:00,2021-04-04 23:21:40+00:00,1,36.9,36.9,0.6666666666666666,possible_instrumental_spike
Avg_Sal,2021-04-05 15:51:40+00:00,2021-04-05 15:51:40+00:00,1,36.69,36.69,0.769230769230765,possible_instrumental_spike
Avg_Sal,2021-04-09 19:51:40+00:00,2021-04-09 19:51:40+00:00,1,34.95,34.95,0.6514285714285718,possible_instrumental_spike
Avg_Sal,2021-04-14 12:51:40+00:00,2021-04-14 12:51:40+00:00,1,1.38,1.38,0.9101283880171185,possible_instrumental_spike
Avg_Sal,2021-04-20 08:51:40+00:00,2021-04-20 08:51:40+00:00,1,35.82,35.82,0.5499999999999894,possible_instrumental_spike
Avg_Sal,2021-08-11 15:21:40+00:00,2021-08-11 15:21:40+00:00,1,14.81,14.81,0.9279236276849643,possible_instrumental_spike
Avg_Sal,2021-11-09 11:21:40+00:00,2021-11-09 11:21:40+00:00,1,27.83,27.83,0.9806157354618014,possible_instrumental_spike
Avg_Sal,2021-11-15 00:21:40+00:00,2021-11-15 00:21:40+00:00,1,36.27,36.27,0.5483870967741846,possible_instrumental_spike
Avg_Sal,2021-12-12 20:21:40+00:00,2021-12-12 20:21:40+00:00,1,36.12,36.12,0.523809523809519,possible_instrumental_spike
Avg_Sal,2022-05-30 13:51:40+00:00,2022-05-30 13:51:40+00:00,1,22.51,22.51,0.9462450592885375,possible_instrumental_spike
Avg_Sal,2022-09-04 13:21:40+00:00,2022-09-04 13:21:40+00:00,1,15.85,15.85,0.9754999999999999,possible_instrumental_spike
Avg_Sal,2022-09-07 14:21:40+00:00,2022-09-07 14:21:40+00:00,1,36.47,36.47,0.5789473684210522,possible_instrumental_spike
Avg_Sal,2022-11-15 12:51:40+00:00,2022-11-15 12:51:40+00:00,1,2.98,2.98,0.9943836831214896,possible_instrumental_spike
Avg_Sal,2022-11-19 18:21:40+00:00,2022-11-19 18:21:40+00:00,1,37.0,37.0,0.6551724137930975,possible_instrumental_spike
Avg_Sal,2023-01-26 17:51:40+00:00,2023-01-26 17:51:40+00:00,1,14.99,14.99,0.5826271186440678,possible_instrumental_spike
Avg_Sal,2023-03-06 14:51:40+00:00,2023-03-06 14:51:40+00:00,1,32.78,32.78,0.5700934579439245,possible_instrumental_spike
Avg_Sal,2023-04-07 10:51:40+00:00,2023-04-07 10:51:40+00:00,1,34.17,34.17,0.5259740259740231,possible_instrumental_spike
Avg_Sal,2023-05-12 07:51:40+00:00,2023-05-12 07:51:40+00:00,1,34.9,34.9,0.5769230769230759,possible_instrumental_spike
Avg_Sal,2023-05-27 08:51:40+00:00,2023-05-27 08:51:40+00:00,1,32.08,32.08,0.9151515151515149,possible_instrumental_spike
Avg_Sal,2023-06-12 10:21:40+00:00,2023-06-12 10:21:40+00:00,1,0.41,0.41,0.9543496985357449,possible_instrumental_spike
Avg_Sal,2023-07-09 09:51:40+00:00,2023-07-09 09:51:40+00:00,1,35.52,35.52,0.5289855072463787,possible_instrumental_spike
Avg_Sal,2023-09-08 09:21:40+00:00,2023-09-08 09:21:40+00:00,1,36.01,36.01,0.5555555555555819,possible_instrumental_spike
Avg_Sal,2023-09-25 10:51:40+00:00,2023-09-25 10:51:40+00:00,1,32.13,32.13,0.8310502283105032,possible_instrumental_spike
Avg_Sal,2023-11-06 07:51:40+00:00,2023-11-06 07:51:40+00:00,1,36.73,36.73,0.6250000000000111,possible_instrumental_spike
Avg_Sal,2023-11-10 10:51:40+00:00,2023-11-10 10:51:40+00:00,1,33.74,33.74,0.9746031746031751,possible_instrumental_spike
Avg_Sal,2023-12-20 06:21:40+00:00,2023-12-20 06:21:40+00:00,1,37.01,37.01,0.5999999999999716,possible_instrumental_spike
Avg_Sal,2023-12-20 10:21:40+00:00,2023-12-20 10:21:40+00:00,1,37.09,37.09,0.7499999999999112,possible_instrumental_spike
Avg_Sal,2023-12-31 08:21:40+00:00,2023-12-31 08:21:40+00:00,1,36.95,36.95,0.7499999999999556,possible_instrumental_spike
Avg_Sal,2023-12-31 11:51:40+00:00,2023-12-31 11:51:40+00:00,1,36.93,36.93,0.6363636363636422,possible_instrumental_spike
Avg_Sal,2024-01-01 04:21:40+00:00,2024-01-01 04:21:40+00:00,1,36.94,36.94,0.5555555555555819,possible_instrumental_spike
Avg_Sal,2024-01-01 19:21:40+00:00,2024-01-01 19:21:40+00:00,1,37.09,37.09,0.7142857142857723,possible_instrumental_spike
Avg_Sal,2024-01-02 13:21:40+00:00,2024-01-02 13:21:40+00:00,1,37.0,37.0,0.7500000000000444,possible_instrumental_spike
Avg_Sal,2024-01-04 00:21:40+00:00,2024-01-04 00:21:40+00:00,1,36.98,36.98,0.6250000000000111,possible_instrumental_spike
Avg_Sal,2024-01-05 15:21:40+00:00,2024-01-05 15:21:40+00:00,1,12.73,12.73,0.9979482970865817,possible_instrumental_spike
Avg_Sal,2024-01-14 23:21:40+00:00,2024-01-14 23:21:40+00:00,1,37.07,37.07,0.6666666666667193,possible_instrumental_spike
Avg_Sal,2024-01-20 03:51:40+00:00,2024-01-20 03:51:40+00:00,1,37.03,37.03,0.7857142857142785,possible_instrumental_spike
Avg_Sal,2024-01-20 18:21:40+00:00,2024-01-20 18:21:40+00:00,1,37.14,37.14,0.6000000000000568,possible_instrumental_spike
Avg_Sal,2024-01-23 10:51:40+00:00,2024-01-23 10:51:40+00:00,1,37.13,37.13,0.7499999999998668,possible_instrumental_spike
Avg_Sal,2024-01-26 03:51:40+00:00,2024-01-26 03:51:40+00:00,1,37.14,37.14,0.571428571428557,possible_instrumental_spike
Avg_Sal,2024-02-04 01:21:40+00:00,2024-02-04 01:21:40+00:00,1,36.93,36.93,0.7142857142856708,possible_instrumental_spike
Avg_Sal,2024-02-04 14:21:40+00:00,2024-02-04 14:21:40+00:00,1,37.02,37.02,0.7499999999999112,possible_instrumental_spike
Avg_Sal,2024-02-05 15:21:40+00:00,2024-02-05 15:21:40+00:00,1,16.16,16.16,0.9928057553956835,possible_instrumental_spike
Avg_Sal,2024-03-06 11:21:40+00:00,2024-03-06 11:21:40+00:00,1,32.22,32.22,0.8767123287671236,possible_instrumental_spike
Avg_Sal,2024-04-05 09:21:40+00:00,2024-04-05 09:21:40+00:00,1,34.23,34.23,0.5326086956521751,possible_instrumental_spike
Avg_Sal,2024-04-29 09:21:40+00:00,2024-04-29 09:21:40+00:00,1,34.19,34.19,0.5434782608695642,possible_instrumental_spike
Avg_Sal,2024-06-11 12:51:40+00:00,2024-06-11 12:51:40+00:00,1,6.17,6.17,0.9490835030549898,possible_instrumental_spike
Avg_Sal,2024-08-13 12:51:40+00:00,2024-08-13 12:51:40+00:00,1,10.89,10.89,0.9358288770053476,possible_instrumental_spike
Avg_Sal,2024-09-10 10:21:40+00:00,2024-09-10 10:21:40+00:00,1,1.37,1.37,0.9781622234826999,possible_instrumental_spike
Avg_Sal,2024-09-12 00:51:40+00:00,2024-09-12 00:51:40+00:00,1,36.02,36.02,0.6111111111111484,possible_instrumental_spike
Avg_Sal,2024-10-01 10:21:40+00:00,2024-10-01 10:21:40+00:00,1,1.32,1.32,0.9839527027027027,possible_instrumental_spike
Avg_Sal,2024-11-06 05:21:40+00:00,2024-11-06 05:21:40+00:00,1,36.47,36.47,0.5357142857142785,possible_instrumental_spike
Avg_Sal,2024-11-11 15:51:40+00:00,2024-11-11 15:51:40+00:00,1,35.28,35.28,0.5279999999999972,possible_instrumental_spike
Avg_Sal,2024-12-29 14:21:40+00:00,2024-12-29 14:21:40+00:00,1,36.45,36.45,0.5781249999999954,possible_instrumental_spike
Avg_Sal,2025-01-08 15:21:40+00:00,2025-01-08 15:21:40+00:00,1,36.72,36.72,0.575000000000012,possible_instrumental_spike
Avg_Sal,2025-01-19 14:51:40+00:00,2025-01-19 14:51:40+00:00,1,36.68,36.68,0.6111111111111089,possible_instrumental_spike
Avg_Sal,2025-01-20 10:21:40+00:00,2025-01-20 10:21:40+00:00,1,25.42,25.42,0.9888698630136984,possible_instrumental_spike
Avg_Sal,2025-01-22 16:21:40+00:00,2025-01-22 16:21:40+00:00,1,36.82,36.82,0.6249999999999778,possible_instrumental_spike
Avg_Sal,2025-01-24 02:51:40+00:00,2025-01-24 02:51:40+00:00,1,37.05,37.05,0.571428571428557,possible_instrumental_spike
Avg_Sal,2025-01-29 15:21:40+00:00,2025-01-29 15:21:40+00:00,1,37.23,37.23,0.6250000000000074,possible_instrumental_spike
Avg_Sal,2025-01-31 04:21:40+00:00,2025-01-31 04:21:40+00:00,1,37.26,37.26,0.5600000000000023,possible_instrumental_spike
Avg_Sal,2025-02-03 18:51:40+00:00,2025-02-03 18:51:40+00:00,1,37.24,37.24,0.5769230769230601,possible_instrumental_spike
Avg_Sal,2025-02-06 15:21:40+00:00,2025-02-06 15:21:40+00:00,1,36.83,36.83,0.6956521739130475,possible_instrumental_spike
Avg_Sal,2025-02-08 08:21:40+00:00,2025-02-08 08:21:40+00:00,1,36.74,36.74,0.566666666666654,possible_instrumental_spike
Avg_Sal,2025-02-08 13:51:40+00:00,2025-02-08 13:51:40+00:00,1,37.12,37.12,0.5624999999999889,possible_instrumental_spike
Avg_Sal,2025-02-09 01:21:40+00:00,2025-02-09 01:21:40+00:00,1,37.12,37.12,0.5384615384615595,possible_instrumental_spike
Avg_Sal,2025-02-10 10:51:40+00:00,2025-02-10 10:51:40+00:00,1,36.45,36.45,0.7586206896551707,possible_instrumental_spike
Avg_Sal,2025-02-10 14:21:40+00:00,2025-02-10 14:21:40+00:00,1,37.18,37.18,0.7272727272727155,possible_instrumental_spike
Avg_Sal,2025-02-16 17:21:40+00:00,2025-02-16 17:21:40+00:00,1,37.19,37.19,0.6818181818181789,possible_instrumental_spike
Avg_Sal,2025-02-17 05:51:40+00:00,2025-02-17 05:51:40+00:00,1,37.23,37.23,0.7599999999999909,possible_instrumental_spike
Avg_Sal,2025-02-19 10:51:40+00:00,2025-02-19 10:51:40+00:00,1,37.01,37.01,0.5999999999999716,possible_instrumental_spike
Avg_Sal,2025-02-19 20:21:40+00:00,2025-02-19 20:21:40+00:00,1,37.27,37.27,0.8800000000000239,possible_instrumental_spike
Avg_Sal,2025-02-20 05:51:40+00:00,2025-02-20 05:51:40+00:00,1,36.64,36.64,0.5641025641025603,possible_instrumental_spike
Avg_Sal,2025-02-20 14:21:40+00:00,2025-02-20 14:21:40+00:00,1,36.28,36.28,0.5333333333333314,possible_instrumental_spike
Avg_Sal,2025-02-23 01:21:40+00:00,2025-02-23 01:21:40+00:00,1,37.05,37.05,0.7777777777778129,possible_instrumental_spike
Avg_Sal,2025-02-25 08:51:40+00:00,2025-02-25 08:51:40+00:00,1,36.9,36.9,0.6000000000000142,possible_instrumental_spike
Avg_Sal,2025-02-25 13:51:40+00:00,2025-02-25 13:51:40+00:00,1,37.04,37.04,0.545454545454569,possible_instrumental_spike
Avg_Sal,2025-02-26 05:21:40+00:00,2025-02-26 05:21:40+00:00,1,36.89,36.89,0.5555555555555468,possible_instrumental_spike
Avg_Sal,2025-02-27 19:51:40+00:00,2025-02-27 19:51:40+00:00,1,36.72,36.72,0.7391304347826033,possible_instrumental_spike
Avg_Sal,2025-02-28 22:51:40+00:00,2025-02-28 22:51:40+00:00,1,36.69,36.69,0.6666666666666929,possible_instrumental_spike
Avg_Sal,2025-03-01 23:21:40+00:00,2025-03-01 23:21:40+00:00,1,36.74,36.74,0.6666666666666666,possible_instrumental_spike
Avg_Sal,2025-03-07 12:51:40+00:00,2025-03-07 12:51:40+00:00,1,36.82,36.82,0.6666666666667456,possible_instrumental_spike
Avg_Sal,2025-04-04 11:21:40+00:00,2025-04-04 11:21:40+00:00,1,36.55,36.55,0.5714285714285738,possible_instrumental_spike
Avg_Sal,2025-04-06 12:51:40+00:00,2025-04-06 12:51:40+00:00,1,36.97,36.97,0.8000000000000285,possible_instrumental_spike
Avg_Sal,2025-04-13 14:51:40+00:00,2025-04-13 14:51:40+00:00,1,36.46,36.46,0.8979591836734611,possible_instrumental_spike
Avg_Sal,2025-04-18 14:21:40+00:00,2025-04-18 14:21:40+00:00,1,36.68,36.68,0.7391304347826262,possible_instrumental_spike
Avg_Sal,2025-04-20 01:51:40+00:00,2025-04-20 01:51:40+00:00,1,36.73,36.73,0.6818181818181892,possible_instrumental_spike
Avg_Sal,2025-04-21 08:21:40+00:00,2025-04-21 08:21:40+00:00,1,36.84,36.84,0.5555555555555468,possible_instrumental_spike
Avg_Sal,2025-04-21 16:51:40+00:00,2025-04-21 16:51:40+00:00,1,36.76,36.76,0.5263157894736783,possible_instrumental_spike
Avg_Sal,2025-04-25 15:51:40+00:00,2025-04-25 15:51:40+00:00,1,36.67,36.67,0.8260869565217405,possible_instrumental_spike
Avg_Sal,2025-04-26 02:51:40+00:00,2025-04-26 02:51:40+00:00,1,36.66,36.66,0.8695652173913017,possible_instrumental_spike
Avg_Sal,2025-05-06 13:21:40+00:00,2025-05-06 13:21:40+00:00,1,35.19,35.19,0.5362318840579738,possible_instrumental_spike
Avg_Sal,2025-05-15 11:21:40+00:00,2025-05-15 11:21:40+00:00,1,34.47,34.47,0.5342465753424637,possible_instrumental_spike
Avg_Sal,2025-06-04 10:21:40+00:00,2025-06-04 10:21:40+00:00,1,2.27,2.27,0.976600985221675,possible_instrumental_spike
Avg_Sal,2025-07-21 10:51:40+00:00,2025-07-21 10:51:40+00:00,1,1.12,1.12,0.9827739827739829,possible_instrumental_spike
Avg_Sal,2025-10-08 14:21:40+00:00,2025-10-08 14:21:40+00:00,1,17.66,17.66,0.9495625321667522,possible_instrumental_spike
Avg_Sal,2025-11-14 15:51:40+00:00,2025-11-14 15:51:40+00:00,1,35.58,35.58,0.5922330097087367,possible_instrumental_spike
Avg_Sal,2025-12-10 10:21:40+00:00,2025-12-10 10:21:40+00:00,1,21.54,21.54,0.9669689119170986,possible_instrumental_spike
Avg_Sal,2025-12-29 16:21:40+00:00,2025-12-29 16:21:40+00:00,1,36.68,36.68,0.5277777777777724,possible_instrumental_spike
Avg_Sal,2026-01-06 05:21:40+00:00,2026-01-06 05:21:40+00:00,1,37.18,37.18,0.615384615384607,possible_instrumental_spike
Avg_Sal,2026-01-07 06:21:40+00:00,2026-01-07 06:21:40+00:00,1,37.14,37.14,0.5789473684210565,possible_instrumental_spike
Avg_Sal,2026-01-13 10:51:40+00:00,2026-01-13 10:51:40+00:00,1,34.13,34.13,0.9034482758620686,possible_instrumental_spike
Avg_Sal,2026-01-18 12:21:40+00:00,2026-01-18 12:21:40+00:00,1,36.85,36.85,0.7368421052631697,possible_instrumental_spike
Avg_Sal,2026-01-24 19:51:40+00:00,2026-01-24 19:51:40+00:00,1,37.28,37.28,0.7407407407407427,possible_instrumental_spike
Avg_Sal,2026-01-26 10:51:40+00:00,2026-01-26 10:51:40+00:00,1,36.88,36.88,0.7142857142857046,possible_instrumental_spike
Avg_Sal,2026-01-31 14:21:40+00:00,2026-01-31 14:21:40+00:00,1,37.08,37.08,0.6363636363636422,possible_instrumental_spike
Avg_Sal,2026-02-02 10:51:40+00:00,2026-02-02 10:51:40+00:00,1,2.11,2.11,0.9971436732362183,possible_instrumental_spike
Avg_Sal,2026-02-04 19:51:40+00:00,2026-02-04 19:51:40+00:00,1,37.05,37.05,0.545454545454569,possible_instrumental_spike
Avg_Sal,2026-02-25 18:51:40+00:00,2026-02-25 18:51:40+00:00,1,37.07,37.07,0.6666666666667456,possible_instrumental_spike
Avg_Sal,2026-03-01 19:51:40+00:00,2026-03-01 19:51:40+00:00,1,37.22,37.22,0.7368421052631697,possible_instrumental_spike
Avg_Sal,2026-03-02 10:21:40+00:00,2026-03-02 10:21:40+00:00,1,36.8,36.8,0.8749999999999963,possible_instrumental_spike
Avg_Sal,2026-03-04 08:21:40+00:00,2026-03-04 08:21:40+00:00,1,36.32,36.32,0.5652173913043425,possible_instrumental_spike
Avg_Sal,2026-03-05 10:21:40+00:00,2026-03-05 10:21:40+00:00,1,11.57,11.57,0.9936583432421722,possible_instrumental_spike
Avg_Sal,2026-03-11 08:21:40+00:00,2026-03-11 08:21:40+00:00,1,36.55,36.55,0.6666666666666864,possible_instrumental_spike
Avg_Sal,2026-03-12 13:51:40+00:00,2026-03-12 13:51:40+00:00,1,36.31,36.31,0.6111111111111089,possible_instrumental_spike
Avg_Sal,2026-05-13 10:51:40+00:00,2026-05-13 10:51:40+00:00,1,0.46,0.46,0.9807637906647808,possible_instrumental_spike
Avg_DO,2019-08-03 15:51:40+00:00,2019-08-03 15:51:40+00:00,1,5.3,5.3,0.736842105263158,possible_instrumental_spike
Avg_DO,2019-08-12 15:21:40+00:00,2019-08-12 15:21:40+00:00,1,4.19,4.19,0.5625000000000018,possible_instrumental_spike
Avg_DO,2019-08-14 07:21:40+00:00,2019-08-14 07:21:40+00:00,1,3.96,3.96,0.6764705882352956,possible_instrumental_spike
Avg_DO,2019-08-17 02:51:40+00:00,2019-08-17 02:51:40+00:00,1,4.12,4.12,0.6428571428571433,possible_instrumental_spike
Avg_DO,2019-08-18 03:51:40+00:00,2019-08-18 03:51:40+00:00,1,4.06,4.06,0.6875000000000013,possible_instrumental_spike
Avg_DO,2019-08-29 01:21:40+00:00,2019-08-29 01:21:40+00:00,1,4.12,4.12,0.5555555555555545,possible_instrumental_spike
Avg_DO,2019-09-17 09:21:40+00:00,2019-09-17 09:21:40+00:00,1,3.92,3.92,0.5757575757575768,possible_instrumental_spike
Avg_DO,2019-09-29 07:51:40+00:00,2019-09-29 07:51:40+00:00,1,3.98,3.98,0.5357142857142858,possible_instrumental_spike
Avg_DO,2019-10-12 18:51:40+00:00,2019-10-12 18:51:40+00:00,1,4.15,4.15,0.5652173913043484,possible_instrumental_spike
Avg_DO,2019-10-20 19:51:40+00:00,2019-10-20 19:51:40+00:00,1,4.06,4.06,0.6818181818181814,possible_instrumental_spike
Avg_DO,2019-10-23 16:51:40+00:00,2019-10-23 16:51:40+00:00,1,4.09,4.09,0.6315789473684204,possible_instrumental_spike
Avg_DO,2019-10-27 18:51:40+00:00,2019-10-27 18:51:40+00:00,1,4.26,4.26,0.5217391304347822,possible_instrumental_spike
Avg_DO,2019-10-30 08:51:40+00:00,2019-10-30 08:51:40+00:00,1,3.95,3.95,0.7435897435897443,possible_instrumental_spike
Avg_DO,2019-10-31 09:21:40+00:00,2019-10-31 09:21:40+00:00,1,3.94,3.94,0.7857142857142869,possible_instrumental_spike
Avg_DO,2019-11-07 22:51:40+00:00,2019-11-07 22:51:40+00:00,1,4.01,4.01,0.5675675675675673,possible_instrumental_spike
Avg_DO,2019-12-18 12:21:40+00:00,2019-12-18 12:21:40+00:00,1,4.33,4.33,0.5652173913043463,possible_instrumental_spike
Avg_DO,2020-01-15 11:21:40+00:00,2020-01-15 11:21:40+00:00,1,4.75,4.75,0.5967741935483871,possible_instrumental_spike
Avg_DO,2020-01-29 12:21:40+00:00,2020-01-29 12:21:40+00:00,1,4.03,4.03,0.5384615384615342,possible_instrumental_spike
Avg_DO,2020-01-30 11:51:40+00:00,2020-01-30 11:51:40+00:00,1,3.97,3.97,0.6190476190476178,possible_instrumental_spike
Avg_DO,2020-02-16 14:21:40+00:00,2020-02-16 14:21:40+00:00,1,3.96,3.96,0.6470588235294139,possible_instrumental_spike
Avg_DO,2020-02-28 10:21:40+00:00,2020-02-28 10:21:40+00:00,1,3.85,3.85,0.5517241379310343,possible_instrumental_spike
Avg_DO,2020-03-05 03:51:40+00:00,2020-03-05 03:51:40+00:00,1,4.1,4.1,0.5714285714285696,possible_instrumental_spike
Avg_DO,2020-03-06 18:51:40+00:00,2020-03-06 18:51:40+00:00,1,3.89,3.89,0.7187500000000003,possible_instrumental_spike
Avg_DO,2020-04-09 14:51:40+00:00,2020-04-09 14:51:40+00:00,1,3.68,3.68,0.5937500000000001,possible_instrumental_spike
Avg_DO,2020-04-25 20:51:40+00:00,2020-04-25 20:51:40+00:00,1,4.23,4.23,0.5555555555555567,possible_instrumental_spike
Avg_DO,2020-05-04 12:21:40+00:00,2020-05-04 12:21:40+00:00,1,3.9,3.9,0.636363636363636,possible_instrumental_spike
Avg_DO,2020-05-21 07:21:40+00:00,2020-05-21 07:21:40+00:00,1,3.04,3.04,0.8260869565217389,possible_instrumental_spike
Avg_DO,2020-05-26 18:51:40+00:00,2020-05-26 18:51:40+00:00,1,3.12,3.12,0.5370370370370371,possible_instrumental_spike
Avg_DO,2020-05-29 04:51:40+00:00,2020-05-29 04:51:40+00:00,1,3.44,3.44,0.531914893617021,possible_instrumental_spike
Avg_DO,2020-06-07 16:21:40+00:00,2020-06-07 16:21:40+00:00,1,3.75,3.75,0.5199999999999996,possible_instrumental_spike
Avg_DO,2020-06-09 18:21:40+00:00,2020-06-09 18:21:40+00:00,1,3.79,3.79,0.5749999999999983,possible_instrumental_spike
Avg_DO,2020-06-17 02:51:40+00:00,2020-06-17 02:51:40+00:00,1,3.87,3.87,0.6285714285714284,possible_instrumental_spike
Avg_DO,2020-06-20 18:51:40+00:00,2020-06-20 18:51:40+00:00,1,3.93,3.93,0.5652173913043455,possible_instrumental_spike
Avg_DO,2020-07-31 00:21:40+00:00,2020-07-31 00:21:40+00:00,1,3.85,3.85,0.628571428571429,possible_instrumental_spike
Avg_DO,2020-08-15 16:21:40+00:00,2020-08-15 16:21:40+00:00,1,5.43,5.43,0.734375,possible_instrumental_spike
Avg_DO,2020-10-25 16:21:40+00:00,2020-10-25 16:21:40+00:00,1,5.32,5.32,0.7760000000000005,possible_instrumental_spike
Avg_DO,2020-10-29 04:51:40+00:00,2020-10-29 04:51:40+00:00,1,3.02,3.02,0.5978260869565216,possible_instrumental_spike
Avg_DO,2020-10-30 11:21:40+00:00,2020-10-30 11:21:40+00:00,1,1.93,1.93,0.5326633165829147,possible_instrumental_spike
Avg_DO,2020-10-31 11:51:40+00:00,2020-10-31 11:51:40+00:00,1,3.24,3.24,0.531645569620253,possible_instrumental_spike
Avg_DO,2020-11-01 06:51:40+00:00,2020-11-01 06:51:40+00:00,1,3.73,3.73,0.6938775510204092,possible_instrumental_spike
Avg_DO,2020-11-02 00:21:40+00:00,2020-11-02 00:21:40+00:00,1,3.67,3.67,0.660377358490565,possible_instrumental_spike
Avg_DO,2020-11-16 00:21:40+00:00,2020-11-16 00:21:40+00:00,1,3.97,3.97,0.5384615384615384,possible_instrumental_spike
Avg_DO,2021-02-26 08:51:40+00:00,2021-02-26 08:51:40+00:00,1,3.61,3.61,0.5510204081632656,possible_instrumental_spike
Avg_DO,2021-02-27 09:21:40+00:00,2021-02-27 09:21:40+00:00,1,3.82,3.82,0.689655172413791,possible_instrumental_spike
Avg_DO,2021-04-08 06:21:40+00:00,2021-04-08 06:21:40+00:00,1,3.68,3.68,0.6129032258064513,possible_instrumental_spike
Avg_DO,2021-04-08 12:21:40+00:00,2021-04-08 12:21:40+00:00,1,3.84,3.84,0.6153846153846143,possible_instrumental_spike
Avg_DO,2021-04-13 20:51:40+00:00,2021-04-13 20:51:40+00:00,1,3.67,3.67,0.5800000000000001,possible_instrumental_spike
Avg_DO,2021-04-14 12:51:40+00:00,2021-04-14 12:51:40+00:00,1,5.41,5.41,0.6772486772486773,possible_instrumental_spike
Avg_DO,2021-04-17 05:51:40+00:00,2021-04-17 05:51:40+00:00,1,4.01,4.01,0.5555555555555545,possible_instrumental_spike
Avg_DO,2021-04-27 19:51:40+00:00,2021-04-27 19:51:40+00:00,1,3.94,3.94,0.5789473684210521,possible_instrumental_spike
Avg_DO,2021-05-09 10:21:40+00:00,2021-05-09 10:21:40+00:00,1,3.79,3.79,0.5384615384615394,possible_instrumental_spike
Avg_DO,2021-06-04 11:51:40+00:00,2021-06-04 11:51:40+00:00,1,5.43,5.43,0.5487364620938627,possible_instrumental_spike
Avg_DO,2021-07-04 13:51:40+00:00,2021-07-04 13:51:40+00:00,1,3.97,3.97,0.5312499999999987,possible_instrumental_spike
Avg_DO,2021-07-21 22:21:40+00:00,2021-07-21 22:21:40+00:00,1,3.99,3.99,0.5333333333333341,possible_instrumental_spike
Avg_DO,2021-09-12 11:51:40+00:00,2021-09-12 11:51:40+00:00,1,3.91,3.91,0.5454545454545445,possible_instrumental_spike
Avg_DO,2021-09-25 10:51:40+00:00,2021-09-25 10:51:40+00:00,1,3.9,3.9,0.5769230769230761,possible_instrumental_spike
Avg_DO,2022-01-16 20:21:40+00:00,2022-01-16 20:21:40+00:00,1,2.82,2.82,0.8405797101449274,possible_instrumental_spike
Avg_DO,2022-01-21 10:51:40+00:00,2022-01-21 10:51:40+00:00,1,2.1,2.1,0.7208121827411167,possible_instrumental_spike
Avg_DO,2022-01-30 07:21:40+00:00,2022-01-30 07:21:40+00:00,1,3.34,3.34,0.7142857142857142,possible_instrumental_spike
Avg_DO,2022-02-11 19:51:40+00:00,2022-02-11 19:51:40+00:00,1,2.57,2.57,0.5658914728682171,possible_instrumental_spike
Avg_DO,2022-02-13 06:51:40+00:00,2022-02-13 06:51:40+00:00,1,3.14,3.14,0.6216216216216218,possible_instrumental_spike
Avg_DO,2022-02-14 08:21:40+00:00,2022-02-14 08:21:40+00:00,1,3.04,3.04,0.6438356164383559,possible_instrumental_spike
Avg_DO,2022-02-17 21:51:40+00:00,2022-02-17 21:51:40+00:00,1,2.88,2.88,0.5600000000000002,possible_instrumental_spike
Avg_DO,2022-02-22 00:21:40+00:00,2022-02-22 00:21:40+00:00,1,2.86,2.86,0.6880733944954126,possible_instrumental_spike
Avg_DO,2022-02-23 01:51:40+00:00,2022-02-23 01:51:40+00:00,1,2.66,2.66,0.5503875968992248,possible_instrumental_spike
Avg_DO,2022-02-28 09:51:40+00:00,2022-02-28 09:51:40+00:00,1,2.72,2.72,0.6666666666666665,possible_instrumental_spike
Avg_DO,2022-03-01 09:51:40+00:00,2022-03-01 09:51:40+00:00,1,2.68,2.68,0.5555555555555555,possible_instrumental_spike
Avg_DO,2022-03-02 21:21:40+00:00,2022-03-02 21:21:40+00:00,1,3.37,3.37,0.6164383561643836,possible_instrumental_spike
Avg_DO,2022-03-03 15:21:40+00:00,2022-03-03 15:21:40+00:00,1,2.77,2.77,0.6203703703703702,possible_instrumental_spike
Avg_DO,2022-03-05 23:51:40+00:00,2022-03-05 23:51:40+00:00,1,2.31,2.31,0.5273972602739726,possible_instrumental_spike
Avg_DO,2022-03-16 08:51:40+00:00,2022-03-16 08:51:40+00:00,1,1.76,1.76,0.6208791208791209,possible_instrumental_spike
Avg_DO,2022-03-17 08:51:40+00:00,2022-03-17 08:51:40+00:00,1,2.45,2.45,0.5683453237410073,possible_instrumental_spike
Avg_DO,2022-03-18 02:21:40+00:00,2022-03-18 02:21:40+00:00,1,2.51,2.51,0.6241134751773051,possible_instrumental_spike
Avg_DO,2022-04-19 10:21:40+00:00,2022-04-19 10:21:40+00:00,1,3.79,3.79,0.714285714285714,possible_instrumental_spike
Avg_DO,2022-04-30 08:21:40+00:00,2022-04-30 08:21:40+00:00,1,3.69,3.69,0.6999999999999995,possible_instrumental_spike
Avg_DO,2022-05-11 04:51:40+00:00,2022-05-11 04:51:40+00:00,1,3.84,3.84,0.5357142857142865,possible_instrumental_spike
Avg_DO,2022-05-12 18:21:40+00:00,2022-05-12 18:21:40+00:00,1,3.72,3.72,0.5178571428571421,possible_instrumental_spike
Avg_DO,2022-06-05 11:51:40+00:00,2022-06-05 11:51:40+00:00,1,4.03,4.03,0.5454545454545465,possible_instrumental_spike
Avg_DO,2022-09-04 13:21:40+00:00,2022-09-04 13:21:40+00:00,1,4.99,4.99,0.7215189873417724,possible_instrumental_spike
Avg_DO,2022-09-23 19:51:40+00:00,2022-09-23 19:51:40+00:00,1,4.17,4.17,0.6428571428571433,possible_instrumental_spike
Avg_DO,2022-11-12 22:51:40+00:00,2022-11-12 22:51:40+00:00,1,4.25,4.25,0.5333333333333325,possible_instrumental_spike
Avg_DO,2022-11-14 23:21:40+00:00,2022-11-14 23:21:40+00:00,1,4.1,4.1,0.5416666666666694,possible_instrumental_spike
Avg_DO,2022-11-15 12:51:40+00:00,2022-11-15 12:51:40+00:00,1,5.16,5.16,0.8762886597938152,possible_instrumental_spike
Avg_DO,2022-11-26 08:21:40+00:00,2022-11-26 08:21:40+00:00,1,4.03,4.03,0.5263157894736837,possible_instrumental_spike
Avg_DO,2022-11-27 04:21:40+00:00,2022-11-27 04:21:40+00:00,1,3.67,3.67,0.6363636363636364,possible_instrumental_spike
Avg_DO,2022-12-03 12:51:40+00:00,2022-12-03 12:51:40+00:00,1,4.04,4.04,0.5500000000000012,possible_instrumental_spike
Avg_DO,2022-12-30 09:51:40+00:00,2022-12-30 09:51:40+00:00,1,3.79,3.79,0.5769230769230771,possible_instrumental_spike
Avg_DO,2023-01-06 19:51:40+00:00,2023-01-06 19:51:40+00:00,1,3.6,3.6,0.5285714285714289,possible_instrumental_spike
Avg_DO,2023-01-11 16:21:40+00:00,2023-01-11 16:21:40+00:00,1,3.93,3.93,0.5294117647058805,possible_instrumental_spike
Avg_DO,2023-09-25 10:51:40+00:00,2023-09-25 10:51:40+00:00,1,4.58,4.58,0.8235294117647044,possible_instrumental_spike
Avg_DO,2023-10-10 14:21:40+00:00,2023-10-10 14:21:40+00:00,1,4.5,4.5,0.5555555555555545,possible_instrumental_spike
Avg_DO,2024-01-05 15:21:40+00:00,2024-01-05 15:21:40+00:00,1,5.04,5.04,0.6705882352941183,possible_instrumental_spike
Avg_DO,2024-02-05 15:21:40+00:00,2024-02-05 15:21:40+00:00,1,4.9,4.9,0.5373134328358214,possible_instrumental_spike
Avg_DO,2024-04-13 18:51:40+00:00,2024-04-13 18:51:40+00:00,1,4.81,4.81,0.5483870967741941,possible_instrumental_spike
Avg_DO,2024-04-14 07:51:40+00:00,2024-04-14 07:51:40+00:00,1,4.13,4.13,0.5294117647058817,possible_instrumental_spike
Avg_DO,2024-06-11 12:51:40+00:00,2024-06-11 12:51:40+00:00,1,5.13,5.13,0.6306306306306306,possible_instrumental_spike
Avg_DO,2024-06-28 09:51:40+00:00,2024-06-28 09:51:40+00:00,1,3.95,3.95,0.5599999999999987,possible_instrumental_spike
Avg_DO,2024-07-11 19:51:40+00:00,2024-07-11 19:51:40+00:00,1,4.06,4.06,0.58974358974359,possible_instrumental_spike
Avg_DO,2024-08-13 12:51:40+00:00,2024-08-13 12:51:40+00:00,1,5.27,5.27,0.7363636363636362,possible_instrumental_spike
Avg_DO,2024-09-10 10:21:40+00:00,2024-09-10 10:21:40+00:00,1,5.51,5.51,0.904347826086957,possible_instrumental_spike
Avg_DO,2024-10-01 10:21:40+00:00,2024-10-01 10:21:40+00:00,1,5.51,5.51,0.8931297709923667,possible_instrumental_spike
Avg_DO,2024-11-02 03:51:40+00:00,2024-11-02 03:51:40+00:00,1,4.15,4.15,0.5333333333333357,possible_instrumental_spike
Avg_DO,2024-11-06 15:21:40+00:00,2024-11-06 15:21:40+00:00,1,4.39,4.39,0.5555555555555545,possible_instrumental_spike
Avg_DO,2024-11-10 21:21:40+00:00,2024-11-10 21:21:40+00:00,1,3.91,3.91,0.5263157894736848,possible_instrumental_spike
Avg_DO,2025-01-03 04:51:40+00:00,2025-01-03 04:51:40+00:00,1,3.95,3.95,0.5555555555555551,possible_instrumental_spike
Avg_DO,2025-01-20 10:21:40+00:00,2025-01-20 10:21:40+00:00,1,4.72,4.72,0.7435897435897443,possible_instrumental_spike
Avg_DO,2025-03-05 11:51:40+00:00,2025-03-05 11:51:40+00:00,1,4.01,4.01,0.5600000000000023,possible_instrumental_spike
Avg_DO,2025-03-09 04:51:40+00:00,2025-03-09 04:51:40+00:00,1,3.79,3.79,0.6470588235294114,possible_instrumental_spike
Avg_DO,2025-03-18 06:21:40+00:00,2025-03-18 06:21:40+00:00,1,3.59,3.59,0.5192307692307688,possible_instrumental_spike
Avg_DO,2025-03-22 13:21:40+00:00,2025-03-22 13:21:40+00:00,1,3.83,3.83,0.6756756756756754,possible_instrumental_spike
Avg_DO,2025-03-26 16:51:40+00:00,2025-03-26 16:51:40+00:00,1,3.72,3.72,0.5217391304347827,possible_instrumental_spike
Avg_DO,2025-04-01 22:21:40+00:00,2025-04-01 22:21:40+00:00,1,4.08,4.08,0.5769230769230788,possible_instrumental_spike
Avg_DO,2025-04-02 23:21:40+00:00,2025-04-02 23:21:40+00:00,1,3.97,3.97,0.6296296296296277,possible_instrumental_spike
Avg_DO,2025-04-06 22:51:40+00:00,2025-04-06 22:51:40+00:00,1,3.23,3.23,0.6122448979591838,possible_instrumental_spike
Avg_DO,2025-04-07 12:51:40+00:00,2025-04-07 12:51:40+00:00,1,3.35,3.35,0.5238095238095241,possible_instrumental_spike
Avg_DO,2025-04-24 17:21:40+00:00,2025-04-24 17:21:40+00:00,1,3.15,3.15,0.6146788990825686,possible_instrumental_spike
Avg_DO,2025-04-25 00:21:40+00:00,2025-04-25 00:21:40+00:00,1,2.9,2.9,0.5348837209302323,possible_instrumental_spike
Avg_DO,2025-04-25 05:51:40+00:00,2025-04-25 05:51:40+00:00,1,2.06,2.06,0.8585365853658534,possible_instrumental_spike
Avg_DO,2025-05-01 23:21:40+00:00,2025-05-01 23:21:40+00:00,1,3.98,3.98,0.5294117647058829,possible_instrumental_spike
Avg_DO,2025-05-23 23:21:40+00:00,2025-05-23 23:21:40+00:00,1,3.26,3.26,0.7010309278350513,possible_instrumental_spike
Avg_DO,2025-06-04 10:21:40+00:00,2025-06-04 10:21:40+00:00,1,5.29,5.29,0.7328244274809159,possible_instrumental_spike
Avg_DO,2025-06-06 14:21:40+00:00,2025-06-06 14:21:40+00:00,1,4.04,4.04,0.5263157894736813,possible_instrumental_spike
Avg_DO,2025-06-10 07:51:40+00:00,2025-06-10 07:51:40+00:00,1,3.84,3.84,0.5833333333333334,possible_instrumental_spike
Avg_DO,2025-06-24 07:21:40+00:00,2025-06-24 07:21:40+00:00,1,3.93,3.93,0.6410256410256396,possible_instrumental_spike
Avg_DO,2025-06-27 09:51:40+00:00,2025-06-27 09:51:40+00:00,1,4.06,4.06,0.5555555555555559,possible_instrumental_spike
Avg_DO,2025-06-28 10:51:40+00:00,2025-06-28 10:51:40+00:00,1,4.06,4.06,0.5384615384615392,possible_instrumental_spike
Avg_DO,2025-07-02 05:51:40+00:00,2025-07-02 05:51:40+00:00,1,4.12,4.12,0.6,possible_instrumental_spike
Avg_DO,2025-07-03 01:51:40+00:00,2025-07-03 01:51:40+00:00,1,4.06,4.06,0.5483870967741953,possible_instrumental_spike
Avg_DO,2025-07-21 10:51:40+00:00,2025-07-21 10:51:40+00:00,1,5.53,5.53,0.8650793650793644,possible_instrumental_spike
Avg_DO,2025-07-30 19:51:40+00:00,2025-07-30 19:51:40+00:00,1,4.38,4.38,0.5624999999999987,possible_instrumental_spike
Avg_DO,2025-07-30 23:51:40+00:00,2025-07-30 23:51:40+00:00,1,4.2,4.2,0.5806451612903224,possible_instrumental_spike
Avg_DO,2025-08-08 07:51:40+00:00,2025-08-08 07:51:40+00:00,1,4.14,4.14,0.6499999999999989,possible_instrumental_spike
Avg_DO,2025-08-09 08:21:40+00:00,2025-08-09 08:21:40+00:00,1,4.03,4.03,0.535714285714285,possible_instrumental_spike
Avg_DO,2025-08-15 17:21:40+00:00,2025-08-15 17:21:40+00:00,1,4.07,4.07,0.6333333333333321,possible_instrumental_spike
Avg_DO,2025-08-17 20:51:40+00:00,2025-08-17 20:51:40+00:00,1,3.99,3.99,0.517241379310343,possible_instrumental_spike
Avg_DO,2025-08-19 01:51:40+00:00,2025-08-19 01:51:40+00:00,1,4.06,4.06,0.6111111111111108,possible_instrumental_spike
Avg_DO,2025-08-19 10:21:40+00:00,2025-08-19 10:21:40+00:00,1,3.97,3.97,0.6153846153846136,possible_instrumental_spike
Avg_DO,2025-08-20 06:21:40+00:00,2025-08-20 06:21:40+00:00,1,4.19,4.19,0.5714285714285768,possible_instrumental_spike
Avg_DO,2025-09-23 08:51:40+00:00,2025-09-23 08:51:40+00:00,1,4.15,4.15,0.5555555555555545,possible_instrumental_spike
Avg_DO,2025-10-01 08:21:40+00:00,2025-10-01 08:21:40+00:00,1,4.19,4.19,0.7037037037037029,possible_instrumental_spike
Avg_DO,2025-10-31 09:21:40+00:00,2025-10-31 09:21:40+00:00,1,4.05,4.05,0.723404255319149,possible_instrumental_spike
Avg_DO,2025-11-28 19:51:40+00:00,2025-11-28 19:51:40+00:00,1,4.3,4.3,0.5833333333333351,possible_instrumental_spike
Avg_DO,2025-12-09 23:21:40+00:00,2025-12-09 23:21:40+00:00,1,4.31,4.31,0.6000000000000018,possible_instrumental_spike
Avg_DO,2025-12-10 10:21:40+00:00,2025-12-10 10:21:40+00:00,1,4.77,4.77,0.6562500000000002,possible_instrumental_spike
Avg_DO,2026-01-14 06:51:40+00:00,2026-01-14 06:51:40+00:00,1,3.83,3.83,0.6315789473684218,possible_instrumental_spike
Avg_DO,2026-01-31 12:21:40+00:00,2026-01-31 12:21:40+00:00,1,3.84,3.84,0.6000000000000014,possible_instrumental_spike
Avg_DO,2026-02-02 10:51:40+00:00,2026-02-02 10:51:40+00:00,1,5.26,5.26,0.859504132231405,possible_instrumental_spike
Avg_DO,2026-02-25 07:51:40+00:00,2026-02-25 07:51:40+00:00,1,3.85,3.85,0.5277777777777778,possible_instrumental_spike
Avg_DO,2026-03-05 10:21:40+00:00,2026-03-05 10:21:40+00:00,1,5.14,5.14,0.8468468468468469,possible_instrumental_spike
Avg_DO,2026-03-13 09:21:40+00:00,2026-03-13 09:21:40+00:00,1,4.06,4.06,0.6896551724137936,possible_instrumental_spike
Avg_DO,2026-04-08 01:51:40+00:00,2026-04-08 01:51:40+00:00,1,4.14,4.14,0.5882352941176504,possible_instrumental_spike
Avg_DO,2026-05-02 08:51:40+00:00,2026-05-02 08:51:40+00:00,1,3.92,3.92,0.5384615384615377,possible_instrumental_spike
Avg_DO,2026-05-10 19:21:40+00:00,2026-05-10 19:21:40+00:00,1,3.7,3.7,0.6031746031746031,possible_instrumental_spike
Avg_DO,2026-05-13 10:51:40+00:00,2026-05-13 10:51:40+00:00,1,5.36,5.36,0.825,possible_instrumental_spike
Avg_DO,2026-05-26 05:21:40+00:00,2026-05-26 05:21:40+00:00,1,3.82,3.82,0.7727272727272737,possible_instrumental_spike
Avg_DO,2026-05-26 08:21:40+00:00,2026-05-26 08:21:40+00:00,1,3.77,3.77,0.7407407407407414,possible_instrumental_spike
Avg_DO,2026-06-23 07:51:40+00:00,2026-06-23 07:51:40+00:00,1,4.17,4.17,0.5862068965517239,possible_instrumental_spike
Avg_W_Tmp1,2019-08-03 15:51:40+00:00,2019-08-03 15:51:40+00:00,1,24.75,24.75,0.75,possible_instrumental_spike
Avg_W_Tmp1,2019-09-20 16:51:40+00:00,2019-09-20 16:51:40+00:00,1,26.98,26.98,0.6571428571428557,possible_instrumental_spike
Avg_W_Tmp1,2019-10-23 16:51:40+00:00,2019-10-23 16:51:40+00:00,1,26.35,26.35,0.7322834645669292,possible_instrumental_spike
Avg_W_Tmp1,2019-11-06 15:21:40+00:00,2019-11-06 15:21:40+00:00,1,27.34,27.34,0.5189873417721527,possible_instrumental_spike
Avg_W_Tmp1,2020-05-31 03:21:40+00:00,2020-05-31 03:21:40+00:00,1,26.5,26.5,0.5862068965517317,possible_instrumental_spike
Avg_W_Tmp1,2020-06-27 01:21:40+00:00,2020-06-27 01:21:40+00:00,1,26.36,26.36,0.6666666666666666,possible_instrumental_spike
Avg_W_Tmp1,2020-07-04 07:51:40+00:00,2020-07-04 07:51:40+00:00,1,26.33,26.33,0.6666666666666601,possible_instrumental_spike
Avg_W_Tmp1,2020-07-22 16:21:40+00:00,2020-07-22 16:21:40+00:00,1,25.78,25.78,0.5263157894736793,possible_instrumental_spike
Avg_W_Tmp1,2020-08-15 16:21:40+00:00,2020-08-15 16:21:40+00:00,1,24.48,24.48,0.7187500000000001,possible_instrumental_spike
Avg_W_Tmp1,2020-09-18 15:21:40+00:00,2020-09-18 15:21:40+00:00,1,26.43,26.43,0.5185185185185215,possible_instrumental_spike
Avg_W_Tmp1,2020-09-29 22:21:40+00:00,2020-09-29 22:21:40+00:00,1,26.78,26.78,0.5499999999999894,possible_instrumental_spike
Avg_W_Tmp1,2021-02-06 20:21:40+00:00,2021-02-06 20:21:40+00:00,1,28.44,28.44,0.5217391304347859,possible_instrumental_spike
Avg_W_Tmp1,2021-02-20 00:21:40+00:00,2021-02-20 00:21:40+00:00,1,27.75,27.75,0.5243902439024385,possible_instrumental_spike
Avg_W_Tmp1,2021-05-14 16:21:40+00:00,2021-05-14 16:21:40+00:00,1,27.28,27.28,0.5555555555555644,possible_instrumental_spike
Avg_W_Tmp1,2021-05-25 01:51:40+00:00,2021-05-25 01:51:40+00:00,1,27.06,27.06,0.7058823529411753,possible_instrumental_spike
Avg_W_Tmp1,2021-06-04 11:21:40+00:00,2021-06-04 11:21:40+00:00,1,26.89,26.89,0.5172413793103414,possible_instrumental_spike
Avg_W_Tmp1,2021-06-22 12:51:40+00:00,2021-06-22 12:51:40+00:00,1,26.7,26.7,0.6250000000000222,possible_instrumental_spike
Avg_W_Tmp1,2021-06-28 05:51:40+00:00,2021-06-28 05:51:40+00:00,1,25.97,25.97,0.6666666666666733,possible_instrumental_spike
Avg_W_Tmp1,2021-07-24 21:51:40+00:00,2021-07-24 21:51:40+00:00,1,25.36,25.36,0.5555555555555644,possible_instrumental_spike
Avg_W_Tmp1,2021-08-11 15:21:40+00:00,2021-08-11 15:21:40+00:00,1,23.86,23.86,0.7868852459016408,possible_instrumental_spike
Avg_W_Tmp1,2021-08-23 23:51:40+00:00,2021-08-23 23:51:40+00:00,1,25.41,25.41,0.6842105263157796,possible_instrumental_spike
Avg_W_Tmp1,2021-09-25 21:51:40+00:00,2021-09-25 21:51:40+00:00,1,26.03,26.03,0.5454545454545366,possible_instrumental_spike
Avg_W_Tmp1,2021-10-01 14:51:40+00:00,2021-10-01 14:51:40+00:00,1,26.27,26.27,0.5714285714285714,possible_instrumental_spike
Avg_W_Tmp1,2021-12-25 17:21:40+00:00,2021-12-25 17:21:40+00:00,1,26.81,26.81,0.656716417910448,possible_instrumental_spike
Avg_W_Tmp1,2022-01-13 05:21:40+00:00,2022-01-13 05:21:40+00:00,1,26.54,26.54,0.5328467153284671,possible_instrumental_spike
Avg_W_Tmp1,2022-04-25 08:51:40+00:00,2022-04-25 08:51:40+00:00,1,28.11,28.11,0.545454545454569,possible_instrumental_spike
Avg_W_Tmp1,2022-05-11 06:51:40+00:00,2022-05-11 06:51:40+00:00,1,27.68,27.68,0.571428571428557,possible_instrumental_spike
Avg_W_Tmp1,2022-09-14 04:51:40+00:00,2022-09-14 04:51:40+00:00,1,25.06,25.06,0.7826086956521712,possible_instrumental_spike
Avg_W_Tmp1,2022-09-18 11:21:40+00:00,2022-09-18 11:21:40+00:00,1,25.73,25.73,0.6666666666666666,possible_instrumental_spike
Avg_W_Tmp1,2022-11-15 12:51:40+00:00,2022-11-15 12:51:40+00:00,1,25.99,25.99,0.7964601769911506,possible_instrumental_spike
Avg_W_Tmp1,2023-01-16 07:51:40+00:00,2023-01-16 07:51:40+00:00,1,27.65,27.65,0.6363636363636319,possible_instrumental_spike
Avg_W_Tmp1,2023-03-17 18:21:40+00:00,2023-03-17 18:21:40+00:00,1,28.9,28.9,0.5769230769230816,possible_instrumental_spike
Avg_W_Tmp1,2023-04-10 15:51:40+00:00,2023-04-10 15:51:40+00:00,1,29.82,29.82,0.5444444444444475,possible_instrumental_spike
Avg_W_Tmp1,2023-06-12 10:21:40+00:00,2023-06-12 10:21:40+00:00,1,24.56,24.56,0.8325791855203616,possible_instrumental_spike
Avg_W_Tmp1,2023-08-21 13:51:40+00:00,2023-08-21 13:51:40+00:00,1,26.36,26.36,0.6071428571428481,possible_instrumental_spike
Avg_W_Tmp1,2024-05-04 08:21:40+00:00,2024-05-04 08:21:40+00:00,1,29.01,29.01,0.6250000000000083,possible_instrumental_spike
Avg_W_Tmp1,2024-06-11 12:51:40+00:00,2024-06-11 12:51:40+00:00,1,26.46,26.46,0.7401574803149591,possible_instrumental_spike
Avg_W_Tmp1,2024-08-05 03:21:40+00:00,2024-08-05 03:21:40+00:00,1,26.11,26.11,0.5714285714285823,possible_instrumental_spike
Avg_W_Tmp1,2024-08-06 03:51:40+00:00,2024-08-06 03:51:40+00:00,1,26.07,26.07,0.533333333333327,possible_instrumental_spike
Avg_W_Tmp1,2024-08-11 03:51:40+00:00,2024-08-11 03:51:40+00:00,1,26.35,26.35,0.5555555555555644,possible_instrumental_spike
Avg_W_Tmp1,2024-09-10 10:21:40+00:00,2024-09-10 10:21:40+00:00,1,24.73,24.73,0.8742138364779879,possible_instrumental_spike
Avg_W_Tmp1,2024-10-01 10:21:40+00:00,2024-10-01 10:21:40+00:00,1,24.2,24.2,0.8470588235294115,possible_instrumental_spike
Avg_W_Tmp1,2024-12-24 13:21:40+00:00,2024-12-24 13:21:40+00:00,1,27.88,27.88,0.5479452054794547,possible_instrumental_spike
Avg_W_Tmp1,2025-04-06 12:51:40+00:00,2025-04-06 12:51:40+00:00,1,28.91,28.91,0.5909090909090895,possible_instrumental_spike
Avg_W_Tmp1,2025-05-09 00:21:40+00:00,2025-05-09 00:21:40+00:00,1,27.73,27.73,0.6000000000000048,possible_instrumental_spike
Avg_W_Tmp1,2025-05-15 11:21:40+00:00,2025-05-15 11:21:40+00:00,1,27.35,27.35,0.6000000000000048,possible_instrumental_spike
Avg_W_Tmp1,2025-05-22 07:51:40+00:00,2025-05-22 07:51:40+00:00,1,27.07,27.07,0.5454545454545527,possible_instrumental_spike
Avg_W_Tmp1,2025-06-01 00:21:40+00:00,2025-06-01 00:21:40+00:00,1,27.11,27.11,0.5416666666666581,possible_instrumental_spike
Avg_W_Tmp1,2025-06-04 10:21:40+00:00,2025-06-04 10:21:40+00:00,1,25.41,25.41,0.8611111111111112,possible_instrumental_spike
Avg_W_Tmp1,2025-06-07 07:51:40+00:00,2025-06-07 07:51:40+00:00,1,27.08,27.08,0.5333333333333381,possible_instrumental_spike
Avg_W_Tmp1,2025-07-09 06:51:40+00:00,2025-07-09 06:51:40+00:00,1,25.32,25.32,0.6250000000000083,possible_instrumental_spike
Avg_W_Tmp1,2025-07-21 10:51:40+00:00,2025-07-21 10:51:40+00:00,1,23.83,23.83,0.8571428571428559,possible_instrumental_spike
Avg_W_Tmp1,2025-07-24 23:21:40+00:00,2025-07-24 23:21:40+00:00,1,25.54,25.54,0.5624999999999987,possible_instrumental_spike
Avg_W_Tmp1,2025-08-12 04:51:40+00:00,2025-08-12 04:51:40+00:00,1,25.67,25.67,0.6428571428571556,possible_instrumental_spike
Avg_W_Tmp1,2025-08-24 15:51:40+00:00,2025-08-24 15:51:40+00:00,1,26.01,26.01,0.6538461538461565,possible_instrumental_spike
Avg_W_Tmp1,2025-09-29 02:21:40+00:00,2025-09-29 02:21:40+00:00,1,25.81,25.81,0.5555555555555248,possible_instrumental_spike
Avg_W_Tmp1,2025-10-01 06:51:40+00:00,2025-10-01 06:51:40+00:00,1,25.77,25.77,0.6000000000000142,possible_instrumental_spike
Avg_W_Tmp1,2025-10-17 21:21:40+00:00,2025-10-17 21:21:40+00:00,1,26.85,26.85,0.5294117647058817,possible_instrumental_spike
Avg_W_Tmp1,2026-04-03 18:51:40+00:00,2026-04-03 18:51:40+00:00,1,28.36,28.36,0.5416666666666581,possible_instrumental_spike
Avg_W_Tmp1,2026-04-12 14:21:40+00:00,2026-04-12 14:21:40+00:00,1,27.96,27.96,0.5714285714285708,possible_instrumental_spike
Avg_W_Tmp1,2026-05-06 22:51:40+00:00,2026-05-06 22:51:40+00:00,1,28.16,28.16,0.5185185185185215,possible_instrumental_spike
Avg_W_Tmp1,2026-05-13 10:51:40+00:00,2026-05-13 10:51:40+00:00,1,24.99,24.99,0.9519519519519519,possible_instrumental_spike
Avg_W_Tmp1,2026-05-23 02:21:40+00:00,2026-05-23 02:21:40+00:00,1,27.91,27.91,0.769230769230786,possible_instrumental_spike
Avg_W_Tmp1,2026-05-24 09:21:40+00:00,2026-05-24 09:21:40+00:00,1,27.84,27.84,0.5555555555555644,possible_instrumental_spike
Avg_W_Tmp1,2026-06-23 03:21:40+00:00,2026-06-23 03:21:40+00:00,1,26.3,26.3,0.5416666666666661,possible_instrumental_spike
Avg_W_Tmp2,2019-10-23 16:51:40+00:00,2019-10-23 16:51:40+00:00,1,26.43,26.43,0.7000000000000003,possible_instrumental_spike
Avg_W_Tmp2,2019-11-06 15:21:40+00:00,2019-11-06 15:21:40+00:00,1,27.26,27.26,0.5681818181818188,possible_instrumental_spike
Avg_W_Tmp2,2020-05-29 00:51:40+00:00,2020-05-29 00:51:40+00:00,1,26.94,26.94,0.615384615384607,possible_instrumental_spike
Avg_W_Tmp2,2020-06-22 10:21:40+00:00,2020-06-22 10:21:40+00:00,1,26.44,26.44,0.5384615384615448,possible_instrumental_spike
Avg_W_Tmp2,2020-06-27 01:21:40+00:00,2020-06-27 01:21:40+00:00,1,26.37,26.37,0.7142857142857215,possible_instrumental_spike
Avg_W_Tmp2,2020-09-18 15:21:40+00:00,2020-09-18 15:21:40+00:00,1,26.51,26.51,0.5294117647058922,possible_instrumental_spike
Avg_W_Tmp2,2021-04-14 13:21:40+00:00,2021-04-14 13:21:40+00:00,1,27.38,27.38,0.5971223021582744,possible_instrumental_spike
Avg_W_Tmp2,2021-05-24 00:51:40+00:00,2021-05-24 00:51:40+00:00,1,27.07,27.07,0.6999999999999929,possible_instrumental_spike
Avg_W_Tmp2,2021-08-23 23:51:40+00:00,2021-08-23 23:51:40+00:00,1,25.37,25.37,0.6250000000000083,possible_instrumental_spike
Avg_W_Tmp2,2022-02-22 17:21:40+00:00,2022-02-22 17:21:40+00:00,1,29.45,29.45,0.5172413793103475,possible_instrumental_spike
Avg_W_Tmp2,2022-09-16 16:51:40+00:00,2022-09-16 16:51:40+00:00,1,26.19,26.19,0.5882352941176556,possible_instrumental_spike
Avg_W_Tmp2,2023-05-11 10:51:40+00:00,2023-05-11 10:51:40+00:00,1,27.5,27.5,0.882352941176473,possible_instrumental_spike
Avg_W_Tmp2,2023-07-06 17:21:40+00:00,2023-07-06 17:21:40+00:00,1,25.68,25.68,0.5714285714285823,possible_instrumental_spike
Avg_W_Tmp2,2023-09-26 14:51:40+00:00,2023-09-26 14:51:40+00:00,1,26.66,26.66,0.5257731958762909,possible_instrumental_spike
Avg_W_Tmp2,2024-06-01 04:21:40+00:00,2024-06-01 04:21:40+00:00,1,27.97,27.97,0.5454545454545366,possible_instrumental_spike
Avg_W_Tmp2,2024-06-23 03:21:40+00:00,2024-06-23 03:21:40+00:00,1,26.94,26.94,0.6363636363636422,possible_instrumental_spike
Avg_W_Tmp2,2024-08-26 13:51:40+00:00,2024-08-26 13:51:40+00:00,1,27.4,27.4,0.5446428571428579,possible_instrumental_spike
Avg_W_Tmp2,2024-09-14 21:51:40+00:00,2024-09-14 21:51:40+00:00,1,26.51,26.51,0.5263157894736882,possible_instrumental_spike
Avg_W_Tmp2,2025-05-09 06:51:40+00:00,2025-05-09 06:51:40+00:00,1,27.64,27.64,0.5185185185185215,possible_instrumental_spike
Avg_W_Tmp2,2025-05-22 07:51:40+00:00,2025-05-22 07:51:40+00:00,1,27.08,27.08,0.5238095238095359,possible_instrumental_spike
Avg_W_Tmp2,2025-05-26 21:21:40+00:00,2025-05-26 21:21:40+00:00,1,27.2,27.2,0.545454545454569,possible_instrumental_spike
Avg_W_Tmp2,2025-06-04 09:51:40+00:00,2025-06-04 09:51:40+00:00,1,26.21,26.21,0.7368421052631577,possible_instrumental_spike
Avg_W_Tmp2,2025-07-21 10:21:40+00:00,2025-07-21 10:21:40+00:00,1,23.66,23.66,0.8827160493827153,possible_instrumental_spike
Avg_W_Tmp2,2025-08-11 03:51:40+00:00,2025-08-11 03:51:40+00:00,1,25.63,25.63,0.8181818181818211,possible_instrumental_spike
Avg_W_Tmp2,2025-09-09 13:51:40+00:00,2025-09-09 13:51:40+00:00,1,24.67,24.67,0.7073170731707314,possible_instrumental_spike
Avg_W_Tmp2,2025-09-24 15:21:40+00:00,2025-09-24 15:21:40+00:00,1,26.64,26.64,0.6091954022988512,possible_instrumental_spike
Avg_W_Tmp2,2025-10-17 21:21:40+00:00,2025-10-17 21:21:40+00:00,1,26.78,26.78,0.5185185185185215,possible_instrumental_spike
Avg_W_Tmp2,2026-05-10 04:21:40+00:00,2026-05-10 04:21:40+00:00,1,28.28,28.28,0.545454545454569,possible_instrumental_spike
Avg_W_Tmp2,2026-05-25 04:21:40+00:00,2026-05-25 04:21:40+00:00,1,27.83,27.83,0.53846153846153,possible_instrumental_spike
Avg_W_Tmp2,2026-06-24 03:21:40+00:00,2026-06-24 03:21:40+00:00,1,26.26,26.26,0.6874999999999959,possible_instrumental_spike
Avg_Turb,2019-08-03 12:21:40+00:00,2019-08-03 12:21:40+00:00,1,1.07,1.07,0.5285714285714287,possible_instrumental_spike
Avg_Turb,2019-08-03 23:51:40+00:00,2019-08-03 23:51:40+00:00,1,0.93,0.93,0.5254237288135594,possible_instrumental_spike
Avg_Turb,2019-08-08 11:21:40+00:00,2019-08-08 11:21:40+00:00,1,0.5,0.5,0.8048780487804876,possible_instrumental_spike
Avg_Turb,2019-08-10 23:21:40+00:00,2019-08-10 23:21:40+00:00,1,0.11,0.11,0.6666666666666664,possible_instrumental_spike
Avg_Turb,2019-08-11 14:51:40+00:00,2019-08-11 14:51:40+00:00,1,0.79,0.79,0.6428571428571428,possible_instrumental_spike
Avg_Turb,2019-08-12 22:51:40+00:00,2019-08-12 22:51:40+00:00,1,0.23,0.23,0.7142857142857144,possible_instrumental_spike
Avg_Turb,2019-08-22 13:21:40+00:00,2019-08-22 13:21:40+00:00,1,0.5,0.5,0.696969696969697,possible_instrumental_spike
Avg_Turb,2019-08-23 14:51:40+00:00,2019-08-23 14:51:40+00:00,1,0.26,0.26,0.5294117647058822,possible_instrumental_spike
Avg_Turb,2019-08-24 09:21:40+00:00,2019-08-24 09:21:40+00:00,1,0.02,0.02,0.8571428571428572,possible_instrumental_spike
Avg_Turb,2019-08-24 19:21:40+00:00,2019-08-24 19:21:40+00:00,1,0.15,0.15,0.8571428571428572,possible_instrumental_spike
Avg_Turb,2019-08-25 06:51:40+00:00,2019-08-25 06:51:40+00:00,1,0.08,0.08,1.0,possible_instrumental_spike
Avg_Turb,2019-08-29 09:51:40+00:00,2019-08-29 09:51:40+00:00,1,1.99,1.99,0.5384615384615384,possible_instrumental_spike
Avg_Turb,2019-09-04 07:51:40+00:00,2019-09-04 07:51:40+00:00,1,0.51,0.51,0.5882352941176473,possible_instrumental_spike
Avg_Turb,2019-09-07 00:51:40+00:00,2019-09-07 00:51:40+00:00,1,0.15,0.15,0.7142857142857142,possible_instrumental_spike
Avg_Turb,2019-09-07 06:21:40+00:00,2019-09-07 06:21:40+00:00,1,0.26,0.26,0.6111111111111112,possible_instrumental_spike
Avg_Turb,2019-09-07 18:21:40+00:00,2019-09-07 18:21:40+00:00,1,0.03,0.03,1.0,possible_instrumental_spike
Avg_Turb,2019-09-07 22:21:40+00:00,2019-09-07 22:21:40+00:00,1,0.03,0.03,0.857142857142857,possible_instrumental_spike
Avg_Turb,2019-09-09 06:51:40+00:00,2019-09-09 06:51:40+00:00,1,0.61,0.61,0.6923076923076923,possible_instrumental_spike
Avg_Turb,2019-09-21 01:21:40+00:00,2019-09-21 01:21:40+00:00,1,0.26,0.26,0.5294117647058822,possible_instrumental_spike
Avg_Turb,2019-09-21 17:21:40+00:00,2019-09-21 17:21:40+00:00,1,0.08,0.08,1.0,possible_instrumental_spike
Avg_Turb,2019-09-22 00:51:40+00:00,2019-09-22 00:51:40+00:00,1,0.14,0.14,0.8333333333333335,possible_instrumental_spike
Avg_Turb,2019-09-22 17:51:40+00:00,2019-09-22 17:51:40+00:00,1,0.02,0.02,0.8571428571428572,possible_instrumental_spike
Avg_Turb,2019-09-23 16:51:40+00:00,2019-09-23 16:51:40+00:00,1,0.26,0.26,0.5294117647058822,possible_instrumental_spike
Avg_Turb,2019-09-23 20:51:40+00:00,2019-09-23 20:51:40+00:00,1,0.24,0.24,0.6666666666666665,possible_instrumental_spike
Avg_Turb,2019-09-25 13:21:40+00:00,2019-09-25 13:21:40+00:00,1,2.36,2.36,0.7671232876712327,possible_instrumental_spike
Avg_Turb,2019-10-01 15:21:40+00:00,2019-10-01 15:21:40+00:00,1,3.16,3.16,0.6895161290322581,possible_instrumental_spike
Avg_Turb,2019-10-05 12:51:40+00:00,2019-10-05 12:51:40+00:00,1,0.23,0.23,0.8333333333333336,possible_instrumental_spike
Avg_Turb,2019-10-05 18:21:40+00:00,2019-10-05 18:21:40+00:00,1,0.23,0.23,1.0,possible_instrumental_spike
Avg_Turb,2019-10-06 21:51:40+00:00,2019-10-06 21:51:40+00:00,1,0.08,0.08,1.0,possible_instrumental_spike
Avg_Turb,2019-10-07 15:51:40+00:00,2019-10-07 15:51:40+00:00,1,0.38,0.38,0.7419354838709677,possible_instrumental_spike
Avg_Turb,2019-10-08 18:21:40+00:00,2019-10-08 18:21:40+00:00,1,0.43,0.43,0.5588235294117647,possible_instrumental_spike
Avg_Turb,2019-10-09 00:51:40+00:00,2019-10-09 00:51:40+00:00,1,0.1,0.1,0.625,possible_instrumental_spike
Avg_Turb,2019-10-12 09:21:40+00:00,2019-10-12 09:21:40+00:00,1,3.53,3.53,0.8773006134969326,possible_instrumental_spike
Avg_Turb,2019-10-20 17:21:40+00:00,2019-10-20 17:21:40+00:00,1,0.28,0.28,0.8947368421052633,possible_instrumental_spike
Avg_Turb,2019-10-20 20:21:40+00:00,2019-10-20 20:21:40+00:00,1,4.09,4.09,0.995,possible_instrumental_spike
Avg_Turb,2019-10-21 02:21:40+00:00,2019-10-21 02:21:40+00:00,1,0.33,0.33,0.9600000000000001,possible_instrumental_spike
Avg_Turb,2019-10-21 14:21:40+00:00,2019-10-21 14:21:40+00:00,1,0.03,0.03,0.8333333333333334,possible_instrumental_spike
Avg_Turb,2019-10-22 04:51:40+00:00,2019-10-22 04:51:40+00:00,1,0.02,0.02,0.7142857142857144,possible_instrumental_spike
Avg_Turb,2019-10-22 12:21:40+00:00,2019-10-22 12:21:40+00:00,1,0.21,0.21,0.6,possible_instrumental_spike
Avg_Turb,2019-10-22 16:51:40+00:00,2019-10-22 16:51:40+00:00,1,0.26,0.26,0.5555555555555556,possible_instrumental_spike
Avg_Turb,2019-10-26 05:21:40+00:00,2019-10-26 05:21:40+00:00,1,0.8,0.8,0.6037735849056605,possible_instrumental_spike
Avg_Turb,2019-11-01 23:51:40+00:00,2019-11-01 23:51:40+00:00,1,0.51,0.51,0.6470588235294119,possible_instrumental_spike
Avg_Turb,2019-11-03 12:51:40+00:00,2019-11-03 12:51:40+00:00,1,0.36,0.36,0.7777777777777777,possible_instrumental_spike
Avg_Turb,2019-11-04 13:51:40+00:00,2019-11-04 13:51:40+00:00,1,0.15,0.15,0.8571428571428572,possible_instrumental_spike
Avg_Turb,2019-11-04 23:51:40+00:00,2019-11-04 23:51:40+00:00,1,0.75,0.75,0.8787878787878787,possible_instrumental_spike
Avg_Turb,2019-11-05 11:51:40+00:00,2019-11-05 11:51:40+00:00,1,0.08,0.08,1.0,possible_instrumental_spike
Avg_Turb,2019-11-11 10:51:40+00:00,2019-11-11 10:51:40+00:00,1,0.95,0.95,0.5454545454545455,possible_instrumental_spike
Avg_Turb,2019-11-15 13:21:40+00:00,2019-11-15 13:21:40+00:00,1,0.46,0.46,0.523809523809524,possible_instrumental_spike
Avg_Turb,2019-11-16 18:21:40+00:00,2019-11-16 18:21:40+00:00,1,0.48,0.48,0.6521739130434782,possible_instrumental_spike
Avg_Turb,2019-11-19 02:21:40+00:00,2019-11-19 02:21:40+00:00,1,0.32,0.32,0.6521739130434782,possible_instrumental_spike
Avg_Turb,2019-11-21 15:21:40+00:00,2019-11-21 15:21:40+00:00,1,15.13,15.13,0.9932795698924731,possible_instrumental_spike
Avg_Turb,2019-11-21 21:51:40+00:00,2019-11-21 21:51:40+00:00,1,0.79,0.79,0.8032786885245901,possible_instrumental_spike
Avg_Turb,2019-11-25 12:51:40+00:00,2019-11-25 12:51:40+00:00,1,1.49,1.49,0.6190476190476191,possible_instrumental_spike
Avg_Turb,2019-11-28 12:21:40+00:00,2019-11-28 12:21:40+00:00,1,1.25,1.25,0.573170731707317,possible_instrumental_spike
Avg_Turb,2019-11-30 10:21:40+00:00,2019-11-30 10:21:40+00:00,1,0.92,0.92,0.8805970149253732,possible_instrumental_spike
Avg_Turb,2019-11-30 16:21:40+00:00,2019-11-30 16:21:40+00:00,1,0.41,0.41,0.7500000000000003,possible_instrumental_spike
Avg_Turb,2019-12-02 16:51:40+00:00,2019-12-02 16:51:40+00:00,1,0.14,0.14,1.0,possible_instrumental_spike
Avg_Turb,2019-12-03 01:51:40+00:00,2019-12-03 01:51:40+00:00,1,0.35,0.35,0.6538461538461537,possible_instrumental_spike
Avg_Turb,2019-12-04 07:21:40+00:00,2019-12-04 07:21:40+00:00,1,0.21,0.21,0.846153846153846,possible_instrumental_spike
Avg_Turb,2019-12-04 12:51:40+00:00,2019-12-04 12:51:40+00:00,1,0.1,0.1,1.0,possible_instrumental_spike
Avg_Turb,2019-12-06 00:51:40+00:00,2019-12-06 00:51:40+00:00,1,0.84,0.84,0.9078947368421052,possible_instrumental_spike
Avg_Turb,2019-12-06 13:51:40+00:00,2019-12-06 13:51:40+00:00,1,0.09,0.09,1.0,possible_instrumental_spike
Avg_Turb,2019-12-07 00:21:40+00:00,2019-12-07 00:21:40+00:00,1,0.15,0.15,1.0,possible_instrumental_spike
Avg_Turb,2019-12-08 14:51:40+00:00,2019-12-08 14:51:40+00:00,1,0.29,0.29,0.5499999999999999,possible_instrumental_spike
Avg_Turb,2019-12-12 20:51:40+00:00,2019-12-12 20:51:40+00:00,1,0.6,0.6,0.6153846153846154,possible_instrumental_spike
Avg_Turb,2019-12-22 02:51:40+00:00,2019-12-22 02:51:40+00:00,1,0.24,0.24,0.7142857142857143,possible_instrumental_spike
Avg_Turb,2019-12-27 10:21:40+00:00,2019-12-27 10:21:40+00:00,1,1.29,1.29,0.6601941747572816,possible_instrumental_spike
Avg_Turb,2019-12-31 12:51:40+00:00,2019-12-31 12:51:40+00:00,1,1.24,1.24,0.7319587628865979,possible_instrumental_spike
Avg_Turb,2020-01-02 16:21:40+00:00,2020-01-02 16:21:40+00:00,1,0.14,0.14,0.8333333333333335,possible_instrumental_spike
Avg_Turb,2020-01-04 19:21:40+00:00,2020-01-04 19:21:40+00:00,1,0.17,0.17,0.5333333333333333,possible_instrumental_spike
Avg_Turb,2020-01-05 09:51:40+00:00,2020-01-05 09:51:40+00:00,1,0.02,0.02,0.8571428571428572,possible_instrumental_spike
Avg_Turb,2020-01-05 18:21:40+00:00,2020-01-05 18:21:40+00:00,1,0.17,0.17,0.888888888888889,possible_instrumental_spike
Avg_Turb,2020-01-07 03:21:40+00:00,2020-01-07 03:21:40+00:00,1,0.72,0.72,0.6521739130434783,possible_instrumental_spike
Avg_Turb,2020-01-08 06:51:40+00:00,2020-01-08 06:51:40+00:00,1,0.51,0.51,0.5588235294117647,possible_instrumental_spike
Avg_Turb,2020-01-15 08:51:40+00:00,2020-01-15 08:51:40+00:00,1,0.64,0.64,0.5777777777777778,possible_instrumental_spike
Avg_Turb,2020-01-15 12:21:40+00:00,2020-01-15 12:21:40+00:00,1,0.8,0.8,0.5409836065573771,possible_instrumental_spike
Avg_Turb,2020-01-16 04:51:40+00:00,2020-01-16 04:51:40+00:00,1,0.37,0.37,0.5789473684210525,possible_instrumental_spike
Avg_Turb,2020-01-17 02:21:40+00:00,2020-01-17 02:21:40+00:00,1,0.33,0.33,0.6818181818181819,possible_instrumental_spike
Avg_Turb,2020-01-21 03:51:40+00:00,2020-01-21 03:51:40+00:00,1,0.38,0.38,0.5454545454545454,possible_instrumental_spike
Avg_Turb,2020-01-22 19:51:40+00:00,2020-01-22 19:51:40+00:00,1,0.27,0.27,0.8181818181818183,possible_instrumental_spike
Avg_Turb,2020-01-26 10:21:40+00:00,2020-01-26 10:21:40+00:00,1,0.19,0.19,0.6666666666666664,possible_instrumental_spike
Avg_Turb,2020-01-28 04:21:40+00:00,2020-01-28 04:21:40+00:00,1,0.44,0.44,0.5555555555555555,possible_instrumental_spike
Avg_Turb,2020-01-28 12:51:40+00:00,2020-01-28 12:51:40+00:00,1,0.27,0.27,0.8000000000000002,possible_instrumental_spike
Avg_Turb,2020-01-29 21:21:40+00:00,2020-01-29 21:21:40+00:00,1,0.37,0.37,0.6428571428571428,possible_instrumental_spike
Avg_Turb,2020-01-30 07:51:40+00:00,2020-01-30 07:51:40+00:00,1,0.7,0.7,0.6557377049180327,possible_instrumental_spike
Avg_Turb,2020-01-31 00:51:40+00:00,2020-01-31 00:51:40+00:00,1,0.26,0.26,0.5294117647058822,possible_instrumental_spike
Avg_Turb,2020-01-31 07:21:40+00:00,2020-01-31 07:21:40+00:00,1,0.15,0.15,0.8571428571428572,possible_instrumental_spike
Avg_Turb,2020-01-31 19:21:40+00:00,2020-01-31 19:21:40+00:00,1,0.03,0.03,0.7142857142857143,possible_instrumental_spike
Avg_Turb,2020-02-01 17:51:40+00:00,2020-02-01 17:51:40+00:00,1,0.02,0.02,0.7142857142857144,possible_instrumental_spike
Avg_Turb,2020-02-01 23:51:40+00:00,2020-02-01 23:51:40+00:00,1,0.11,0.11,0.6666666666666669,possible_instrumental_spike
Avg_Turb,2020-02-02 05:21:40+00:00,2020-02-02 05:21:40+00:00,1,0.03,0.03,0.8333333333333334,possible_instrumental_spike
Avg_Turb,2020-02-02 11:21:40+00:00,2020-02-02 11:21:40+00:00,1,0.19,0.19,0.6111111111111112,possible_instrumental_spike
Avg_Turb,2020-02-03 04:21:40+00:00,2020-02-03 04:21:40+00:00,1,0.25,0.25,0.8823529411764707,possible_instrumental_spike
Avg_Turb,2020-02-04 02:21:40+00:00,2020-02-04 02:21:40+00:00,1,0.16,0.16,0.7142857142857143,possible_instrumental_spike
Avg_Turb,2020-02-04 11:51:40+00:00,2020-02-04 11:51:40+00:00,1,0.02,0.02,0.75,possible_instrumental_spike
Avg_Turb,2020-02-04 15:21:40+00:00,2020-02-04 15:21:40+00:00,1,0.16,0.16,0.75,possible_instrumental_spike
Avg_Turb,2020-02-06 19:51:40+00:00,2020-02-06 19:51:40+00:00,1,0.34,0.34,0.5625,possible_instrumental_spike
Avg_Turb,2020-02-11 13:51:40+00:00,2020-02-11 13:51:40+00:00,1,1.21,1.21,0.6883116883116882,possible_instrumental_spike
Avg_Turb,2020-02-14 09:21:40+00:00,2020-02-14 09:21:40+00:00,1,0.8,0.8,0.6415094339622641,possible_instrumental_spike
Avg_Turb,2020-02-16 20:21:40+00:00,2020-02-16 20:21:40+00:00,1,0.53,0.53,0.6904761904761905,possible_instrumental_spike
Avg_Turb,2020-02-20 20:21:40+00:00,2020-02-20 20:21:40+00:00,1,0.34,0.34,0.6999999999999998,possible_instrumental_spike
Avg_Turb,2020-02-21 09:21:40+00:00,2020-02-21 09:21:40+00:00,1,0.36,0.36,0.8999999999999999,possible_instrumental_spike
Avg_Turb,2020-02-24 21:21:40+00:00,2020-02-24 21:21:40+00:00,1,0.51,0.51,0.52,possible_instrumental_spike
Avg_Turb,2020-02-25 02:21:40+00:00,2020-02-25 02:21:40+00:00,1,1.1,1.1,0.5263157894736844,possible_instrumental_spike
Avg_Turb,2020-02-27 16:51:40+00:00,2020-02-27 16:51:40+00:00,1,0.18,0.18,0.5384615384615385,possible_instrumental_spike
Avg_Turb,2020-02-28 20:21:40+00:00,2020-02-28 20:21:40+00:00,1,0.25,0.25,0.7500000000000001,possible_instrumental_spike
Avg_Turb,2020-02-29 09:51:40+00:00,2020-02-29 09:51:40+00:00,1,0.1,0.1,0.6,possible_instrumental_spike
Avg_Turb,2020-03-01 01:21:40+00:00,2020-03-01 01:21:40+00:00,1,0.18,0.18,1.0,possible_instrumental_spike
Avg_Turb,2020-03-02 22:51:40+00:00,2020-03-02 22:51:40+00:00,1,0.15,0.15,1.0,possible_instrumental_spike
Avg_Turb,2020-03-03 22:21:40+00:00,2020-03-03 22:21:40+00:00,1,0.2,0.2,1.0,possible_instrumental_spike
Avg_Turb,2020-03-04 07:51:40+00:00,2020-03-04 07:51:40+00:00,1,18.1,18.1,0.9950027762354248,possible_instrumental_spike
Avg_Turb,2020-03-04 16:51:40+00:00,2020-03-04 16:51:40+00:00,1,8.5,8.5,0.998812351543943,possible_instrumental_spike
Avg_Turb,2020-03-04 22:21:40+00:00,2020-03-04 22:21:40+00:00,1,0.21,0.21,0.923076923076923,possible_instrumental_spike
Avg_Turb,2020-03-05 12:51:40+00:00,2020-03-05 12:51:40+00:00,1,0.18,0.18,0.9,possible_instrumental_spike
Avg_Turb,2020-03-06 09:21:40+00:00,2020-03-06 09:21:40+00:00,1,1.69,1.69,0.8875000000000001,possible_instrumental_spike
Avg_Turb,2020-03-12 03:21:40+00:00,2020-03-12 03:21:40+00:00,1,2.1,2.1,0.5838926174496644,possible_instrumental_spike
Avg_Turb,2020-03-12 17:51:40+00:00,2020-03-12 17:51:40+00:00,1,1.31,1.31,0.6823529411764706,possible_instrumental_spike
Avg_Turb,2020-03-14 04:51:40+00:00,2020-03-14 04:51:40+00:00,1,2.46,2.46,0.8325358851674641,possible_instrumental_spike
Avg_Turb,2020-03-17 13:21:40+00:00,2020-03-17 13:21:40+00:00,1,88.39,88.39,0.9987542468856172,possible_instrumental_spike
Avg_Turb,2020-03-18 00:51:40+00:00,2020-03-18 00:51:40+00:00,1,0.15,0.15,0.8333333333333331,possible_instrumental_spike
Avg_Turb,2020-03-19 04:21:40+00:00,2020-03-19 04:21:40+00:00,1,0.26,0.26,0.8333333333333335,possible_instrumental_spike
Avg_Turb,2020-03-19 08:51:40+00:00,2020-03-19 08:51:40+00:00,1,0.68,0.68,0.8474576271186439,possible_instrumental_spike
Avg_Turb,2020-03-19 17:21:40+00:00,2020-03-19 17:21:40+00:00,1,0.14,0.14,0.8333333333333335,possible_instrumental_spike
Avg_Turb,2020-03-20 10:21:40+00:00,2020-03-20 10:21:40+00:00,1,0.16,0.16,0.857142857142857,possible_instrumental_spike
Avg_Turb,2020-03-20 17:21:40+00:00,2020-03-20 17:21:40+00:00,1,3.95,3.95,0.9818652849740932,possible_instrumental_spike
Avg_Turb,2020-03-20 20:51:40+00:00,2020-03-20 20:51:40+00:00,1,30.2,30.2,0.9823978744603121,possible_instrumental_spike
Avg_Turb,2020-03-21 02:51:40+00:00,2020-03-21 02:51:40+00:00,1,0.47,0.47,0.5789473684210525,possible_instrumental_spike
Avg_Turb,2020-03-21 20:51:40+00:00,2020-03-21 20:51:40+00:00,1,0.46,0.46,0.6551724137931034,possible_instrumental_spike
Avg_Turb,2020-03-24 17:21:40+00:00,2020-03-24 17:21:40+00:00,1,3.72,3.72,0.6626865671641792,possible_instrumental_spike
Avg_Turb,2020-03-29 03:21:40+00:00,2020-03-29 03:21:40+00:00,1,0.63,0.63,0.7297297297297298,possible_instrumental_spike
Avg_Turb,2020-03-30 20:51:40+00:00,2020-03-30 20:51:40+00:00,1,8.98,8.98,0.9774520856820743,possible_instrumental_spike
Avg_Turb,2020-03-31 03:51:40+00:00,2020-03-31 03:51:40+00:00,1,0.24,0.24,0.8571428571428573,possible_instrumental_spike
Avg_Turb,2020-03-31 17:51:40+00:00,2020-03-31 17:51:40+00:00,1,0.23,0.23,0.7142857142857144,possible_instrumental_spike
Avg_Turb,2020-04-02 00:21:40+00:00,2020-04-02 00:21:40+00:00,1,0.28,0.28,0.8947368421052633,possible_instrumental_spike
Avg_Turb,2020-04-02 21:51:40+00:00,2020-04-02 21:51:40+00:00,1,0.16,0.16,0.857142857142857,possible_instrumental_spike
Avg_Turb,2020-04-04 13:21:40+00:00,2020-04-04 13:21:40+00:00,1,0.64,0.64,0.8363636363636363,possible_instrumental_spike
Avg_Turb,2020-04-04 22:51:40+00:00,2020-04-04 22:51:40+00:00,1,0.41,0.41,0.5833333333333333,possible_instrumental_spike
Avg_Turb,2020-04-05 11:51:40+00:00,2020-04-05 11:51:40+00:00,1,0.53,0.53,0.7567567567567568,possible_instrumental_spike
Avg_Turb,2020-04-06 10:21:40+00:00,2020-04-06 10:21:40+00:00,1,17.46,17.46,0.9872093023255815,possible_instrumental_spike
Avg_Turb,2020-04-09 20:21:40+00:00,2020-04-09 20:21:40+00:00,1,9.95,9.95,0.9690402476780186,possible_instrumental_spike
Avg_Turb,2020-04-11 16:51:40+00:00,2020-04-11 16:51:40+00:00,1,1.18,1.18,0.9166666666666669,possible_instrumental_spike
Avg_Turb,2020-04-11 19:51:40+00:00,2020-04-11 19:51:40+00:00,1,0.58,0.58,0.53125,possible_instrumental_spike
Avg_Turb,2020-04-12 08:21:40+00:00,2020-04-12 08:21:40+00:00,1,1.68,1.68,0.8211920529801324,possible_instrumental_spike
Avg_Turb,2020-04-12 14:21:40+00:00,2020-04-12 14:21:40+00:00,1,0.58,0.58,0.6249999999999999,possible_instrumental_spike
Avg_Turb,2020-04-15 03:51:40+00:00,2020-04-15 03:51:40+00:00,1,0.22,0.22,0.8333333333333331,possible_instrumental_spike
Avg_Turb,2020-04-20 15:21:40+00:00,2020-04-20 15:21:40+00:00,1,1.31,1.31,0.7767857142857143,possible_instrumental_spike
Avg_Turb,2020-04-20 20:21:40+00:00,2020-04-20 20:21:40+00:00,1,1.0,1.0,0.5405405405405406,possible_instrumental_spike
Avg_Turb,2020-04-21 18:21:40+00:00,2020-04-21 18:21:40+00:00,1,1.87,1.87,0.6434782608695653,possible_instrumental_spike
Avg_Turb,2020-04-23 16:51:40+00:00,2020-04-23 16:51:40+00:00,1,2.35,2.35,0.5700000000000001,possible_instrumental_spike
Avg_Turb,2020-04-23 20:21:40+00:00,2020-04-23 20:21:40+00:00,1,8.57,8.57,0.9075215782983972,possible_instrumental_spike
Avg_Turb,2020-04-24 18:51:40+00:00,2020-04-24 18:51:40+00:00,1,7.42,7.42,0.7306590257879656,possible_instrumental_spike
Avg_Turb,2020-04-26 06:21:40+00:00,2020-04-26 06:21:40+00:00,1,0.9,0.9,0.574468085106383,possible_instrumental_spike
Avg_Turb,2020-04-28 13:51:40+00:00,2020-04-28 13:51:40+00:00,1,11.66,11.66,0.9859649122807017,possible_instrumental_spike
Avg_Turb,2020-05-02 00:51:40+00:00,2020-05-02 00:51:40+00:00,1,0.54,0.54,0.5909090909090908,possible_instrumental_spike
Avg_Turb,2020-05-03 06:21:40+00:00,2020-05-03 06:21:40+00:00,1,40.64,40.64,0.9935881627620222,possible_instrumental_spike
Avg_Turb,2020-05-08 16:51:40+00:00,2020-05-08 16:51:40+00:00,1,0.93,0.93,0.5344827586206897,possible_instrumental_spike
Avg_Turb,2020-05-10 20:21:40+00:00,2020-05-10 20:21:40+00:00,1,6.83,6.83,0.6846405228758169,possible_instrumental_spike
Avg_Turb,2020-05-11 09:51:40+00:00,2020-05-11 09:51:40+00:00,1,7.03,7.03,0.8707165109034268,possible_instrumental_spike
Avg_Turb,2020-05-14 03:51:40+00:00,2020-05-14 03:51:40+00:00,1,0.23,0.23,0.8333333333333336,possible_instrumental_spike
Avg_Turb,2020-05-14 17:51:40+00:00,2020-05-14 17:51:40+00:00,1,0.41,0.41,0.5833333333333333,possible_instrumental_spike
Avg_Turb,2020-05-16 19:51:40+00:00,2020-05-16 19:51:40+00:00,1,0.7,0.7,0.5522388059701492,possible_instrumental_spike
Avg_Turb,2020-05-17 07:51:40+00:00,2020-05-17 07:51:40+00:00,1,0.42,0.42,0.575,possible_instrumental_spike
Avg_Turb,2020-05-19 02:51:40+00:00,2020-05-19 02:51:40+00:00,1,0.75,0.75,0.7343749999999999,possible_instrumental_spike
Avg_Turb,2020-05-19 14:51:40+00:00,2020-05-19 14:51:40+00:00,1,0.74,0.74,0.653061224489796,possible_instrumental_spike
Avg_Turb,2020-05-23 23:21:40+00:00,2020-05-23 23:21:40+00:00,1,1.02,1.02,0.7794117647058825,possible_instrumental_spike
Avg_Turb,2020-05-25 17:21:40+00:00,2020-05-25 17:21:40+00:00,1,1.49,1.49,0.7886178861788617,possible_instrumental_spike
Avg_Turb,2020-05-26 16:51:40+00:00,2020-05-26 16:51:40+00:00,1,1.44,1.44,0.7716535433070866,possible_instrumental_spike
Avg_Turb,2020-05-27 13:51:40+00:00,2020-05-27 13:51:40+00:00,1,0.95,0.95,0.6941176470588235,possible_instrumental_spike
Avg_Turb,2020-05-30 08:51:40+00:00,2020-05-30 08:51:40+00:00,1,2.26,2.26,0.9615384615384616,possible_instrumental_spike
Avg_Turb,2020-05-30 16:21:40+00:00,2020-05-30 16:21:40+00:00,1,6.16,6.16,0.9148580968280468,possible_instrumental_spike
Avg_Turb,2020-06-03 15:21:40+00:00,2020-06-03 15:21:40+00:00,1,0.59,0.59,0.7142857142857142,possible_instrumental_spike
Avg_Turb,2020-06-03 20:51:40+00:00,2020-06-03 20:51:40+00:00,1,0.64,0.64,0.525,possible_instrumental_spike
Avg_Turb,2020-06-08 11:21:40+00:00,2020-06-08 11:21:40+00:00,1,3.6,3.6,0.9730538922155689,possible_instrumental_spike
Avg_Turb,2020-06-09 07:51:40+00:00,2020-06-09 07:51:40+00:00,1,0.49,0.49,0.5666666666666667,possible_instrumental_spike
Avg_Turb,2020-06-09 20:51:40+00:00,2020-06-09 20:51:40+00:00,1,0.2,0.2,0.6249999999999998,possible_instrumental_spike
Avg_Turb,2020-06-10 12:51:40+00:00,2020-06-10 12:51:40+00:00,1,1.77,1.77,0.9119496855345911,possible_instrumental_spike
Avg_Turb,2020-06-11 09:21:40+00:00,2020-06-11 09:21:40+00:00,1,2.93,2.93,0.9565217391304347,possible_instrumental_spike
Avg_Turb,2020-06-11 14:21:40+00:00,2020-06-11 14:21:40+00:00,1,0.65,0.65,0.5370370370370371,possible_instrumental_spike
Avg_Turb,2020-06-12 10:21:40+00:00,2020-06-12 10:21:40+00:00,1,5.73,5.73,0.8812056737588653,possible_instrumental_spike
Avg_Turb,2020-06-12 13:21:40+00:00,2020-06-12 13:21:40+00:00,1,0.78,0.78,0.7285714285714285,possible_instrumental_spike
Avg_Turb,2020-06-12 16:21:40+00:00,2020-06-12 16:21:40+00:00,1,1.74,1.74,0.8855421686746988,possible_instrumental_spike
Avg_Turb,2020-06-12 20:51:40+00:00,2020-06-12 20:51:40+00:00,1,0.15,0.15,0.8333333333333331,possible_instrumental_spike
Avg_Turb,2020-06-13 05:21:40+00:00,2020-06-13 05:21:40+00:00,1,0.27,0.27,0.6111111111111112,possible_instrumental_spike
Avg_Turb,2020-06-13 11:51:40+00:00,2020-06-13 11:51:40+00:00,1,0.47,0.47,0.8157894736842104,possible_instrumental_spike
Avg_Turb,2020-06-15 04:51:40+00:00,2020-06-15 04:51:40+00:00,1,0.08,0.08,1.0,possible_instrumental_spike
Avg_Turb,2020-06-15 17:21:40+00:00,2020-06-15 17:21:40+00:00,1,0.2,0.2,1.0,possible_instrumental_spike
Avg_Turb,2020-06-16 05:51:40+00:00,2020-06-16 05:51:40+00:00,1,0.25,0.25,0.5625,possible_instrumental_spike
Avg_Turb,2020-06-16 11:21:40+00:00,2020-06-16 11:21:40+00:00,1,1.02,1.02,0.903225806451613,possible_instrumental_spike
Avg_Turb,2020-06-17 18:21:40+00:00,2020-06-17 18:21:40+00:00,1,215.45,215.45,0.998374663323117,possible_instrumental_spike
Avg_Turb,2020-06-19 14:51:40+00:00,2020-06-19 14:51:40+00:00,1,3.9,3.9,0.7211796246648794,possible_instrumental_spike
Avg_Turb,2020-06-21 19:21:40+00:00,2020-06-21 19:21:40+00:00,1,7.9,7.9,0.888888888888889,possible_instrumental_spike
Avg_Turb,2020-06-22 13:51:40+00:00,2020-06-22 13:51:40+00:00,1,0.2,0.2,0.5714285714285711,possible_instrumental_spike
Avg_Turb,2020-06-22 18:51:40+00:00,2020-06-22 18:51:40+00:00,1,2.47,2.47,0.7342342342342343,possible_instrumental_spike
Avg_Turb,2020-06-25 19:51:40+00:00,2020-06-25 19:51:40+00:00,1,46.63,46.63,0.9898837709857943,possible_instrumental_spike
Avg_Turb,2020-06-26 19:51:40+00:00,2020-06-26 19:51:40+00:00,1,0.65,0.65,0.5178571428571429,possible_instrumental_spike
Avg_Turb,2020-06-27 19:51:40+00:00,2020-06-27 19:51:40+00:00,1,0.24,0.24,0.7142857142857143,possible_instrumental_spike
Avg_Turb,2020-06-28 08:51:40+00:00,2020-06-28 08:51:40+00:00,1,0.16,0.16,0.7142857142857143,possible_instrumental_spike
Avg_Turb,2020-06-28 14:21:40+00:00,2020-06-28 14:21:40+00:00,1,13.29,13.29,0.5340909090909091,possible_instrumental_spike
Avg_Turb,2020-06-29 11:21:40+00:00,2020-06-29 11:21:40+00:00,1,73.18,73.18,0.9466411273772063,possible_instrumental_spike
Avg_Turb,2020-06-29 19:51:40+00:00,2020-06-29 19:51:40+00:00,1,43.55,43.55,0.9981592268752877,possible_instrumental_spike
Avg_Turb,2020-07-01 10:21:40+00:00,2020-07-01 10:21:40+00:00,1,39.1,39.1,0.9964166879959048,possible_instrumental_spike
Avg_Turb,2020-07-01 19:21:40+00:00,2020-07-01 19:21:40+00:00,1,11.24,11.24,0.6735426008968609,possible_instrumental_spike
Avg_Turb,2020-07-02 10:21:40+00:00,2020-07-02 10:21:40+00:00,1,2.36,2.36,0.9427312775330395,possible_instrumental_spike
Avg_Turb,2020-07-02 16:21:40+00:00,2020-07-02 16:21:40+00:00,1,2.15,2.15,0.9797979797979798,possible_instrumental_spike
Avg_Turb,2020-07-02 19:21:40+00:00,2020-07-02 19:21:40+00:00,1,0.26,0.26,0.7777777777777779,possible_instrumental_spike
Avg_Turb,2020-07-07 19:51:40+00:00,2020-07-07 19:51:40+00:00,1,40.7,40.7,0.988897113249445,possible_instrumental_spike
Avg_Turb,2020-07-08 07:51:40+00:00,2020-07-08 07:51:40+00:00,1,0.92,0.92,0.6081081081081082,possible_instrumental_spike
Avg_Turb,2020-07-08 13:21:40+00:00,2020-07-08 13:21:40+00:00,1,135.7,135.7,0.9983768629186957,possible_instrumental_spike
Avg_Turb,2020-07-09 22:51:40+00:00,2020-07-09 22:51:40+00:00,1,1.04,1.04,0.7471264367816092,possible_instrumental_spike
Avg_Turb,2020-07-10 08:21:40+00:00,2020-07-10 08:21:40+00:00,1,0.36,0.36,0.6315789473684211,possible_instrumental_spike
Avg_Turb,2020-07-10 19:51:40+00:00,2020-07-10 19:51:40+00:00,1,2.25,2.25,0.8653846153846154,possible_instrumental_spike
Avg_Turb,2020-07-11 09:51:40+00:00,2020-07-11 09:51:40+00:00,1,0.37,0.37,0.5499999999999999,possible_instrumental_spike
Avg_Turb,2020-07-12 02:51:40+00:00,2020-07-12 02:51:40+00:00,1,0.26,0.26,0.5625,possible_instrumental_spike
Avg_Turb,2020-07-12 19:51:40+00:00,2020-07-12 19:51:40+00:00,1,2.78,2.78,0.9739776951672862,possible_instrumental_spike
Avg_Turb,2020-07-13 09:51:40+00:00,2020-07-13 09:51:40+00:00,1,5.01,5.01,0.9878048780487804,possible_instrumental_spike
Avg_Turb,2020-07-13 18:51:40+00:00,2020-07-13 18:51:40+00:00,1,0.15,0.15,0.6666666666666666,possible_instrumental_spike
Avg_Turb,2020-07-13 21:51:40+00:00,2020-07-13 21:51:40+00:00,1,0.15,0.15,0.6666666666666666,possible_instrumental_spike
Avg_Turb,2020-07-14 07:21:40+00:00,2020-07-14 07:21:40+00:00,1,0.14,0.14,0.8333333333333335,possible_instrumental_spike
Avg_Turb,2020-07-14 15:51:40+00:00,2020-07-14 15:51:40+00:00,1,0.14,0.14,0.8333333333333335,possible_instrumental_spike
Avg_Turb,2020-07-14 22:21:40+00:00,2020-07-14 22:21:40+00:00,1,0.08,0.08,1.0,possible_instrumental_spike
Avg_Turb,2020-07-15 03:21:40+00:00,2020-07-15 03:21:40+00:00,1,0.14,0.14,0.8333333333333335,possible_instrumental_spike
Avg_Turb,2020-07-16 09:51:40+00:00,2020-07-16 09:51:40+00:00,1,0.47,0.47,0.6578947368421052,possible_instrumental_spike
Avg_Turb,2020-07-16 13:51:40+00:00,2020-07-16 13:51:40+00:00,1,0.54,0.54,0.6888888888888889,possible_instrumental_spike
Avg_Turb,2020-07-16 21:21:40+00:00,2020-07-16 21:21:40+00:00,1,0.26,0.26,0.8000000000000002,possible_instrumental_spike
Avg_Turb,2020-07-19 00:21:40+00:00,2020-07-19 00:21:40+00:00,1,31.84,31.84,0.9895503483217226,possible_instrumental_spike
Avg_Turb,2020-07-19 11:21:40+00:00,2020-07-19 11:21:40+00:00,1,5.26,5.26,0.9675456389452333,possible_instrumental_spike
Avg_Turb,2020-07-19 19:51:40+00:00,2020-07-19 19:51:40+00:00,1,19.03,19.03,0.9515183803942461,possible_instrumental_spike
Avg_Turb,2020-07-23 11:51:40+00:00,2020-07-23 11:51:40+00:00,1,1.11,1.11,0.5882352941176471,possible_instrumental_spike
Avg_Turb,2020-07-24 13:51:40+00:00,2020-07-24 13:51:40+00:00,1,2.73,2.73,0.905511811023622,possible_instrumental_spike
Avg_Turb,2020-07-24 19:51:40+00:00,2020-07-24 19:51:40+00:00,1,2.81,2.81,0.8666666666666667,possible_instrumental_spike
Avg_Turb,2020-07-26 12:51:40+00:00,2020-07-26 12:51:40+00:00,1,5.53,5.53,0.9646182495344507,possible_instrumental_spike
Avg_Turb,2020-07-26 18:21:40+00:00,2020-07-26 18:21:40+00:00,1,0.38,0.38,0.5185185185185185,possible_instrumental_spike
Avg_Turb,2020-07-27 05:51:40+00:00,2020-07-27 05:51:40+00:00,1,0.1,0.1,0.7500000000000001,possible_instrumental_spike
Avg_Turb,2020-07-29 18:21:40+00:00,2020-07-29 18:21:40+00:00,1,6.71,6.71,0.8429003021148036,possible_instrumental_spike
Avg_Turb,2020-07-30 10:21:40+00:00,2020-07-30 10:21:40+00:00,1,6.29,6.29,0.9645161290322581,possible_instrumental_spike
Avg_Turb,2020-07-30 22:21:40+00:00,2020-07-30 22:21:40+00:00,1,1.22,1.22,0.8198198198198199,possible_instrumental_spike
Avg_Turb,2020-08-02 06:21:40+00:00,2020-08-02 06:21:40+00:00,1,49.75,49.75,0.976682887266829,possible_instrumental_spike
Avg_Turb,2020-08-04 20:51:40+00:00,2020-08-04 20:51:40+00:00,1,2.51,2.51,0.5577889447236181,possible_instrumental_spike
Avg_Turb,2020-08-10 13:21:40+00:00,2020-08-10 13:21:40+00:00,1,5.92,5.92,0.9738675958188153,possible_instrumental_spike
Avg_Turb,2020-08-14 01:21:40+00:00,2020-08-14 01:21:40+00:00,1,0.15,0.15,0.8333333333333331,possible_instrumental_spike
Avg_Turb,2020-08-14 06:51:40+00:00,2020-08-14 06:51:40+00:00,1,0.1,0.1,1.0,possible_instrumental_spike
Avg_Turb,2020-08-15 16:21:40+00:00,2020-08-15 16:21:40+00:00,1,6.38,6.38,0.9286871961102107,possible_instrumental_spike
Avg_Turb,2020-08-15 20:21:40+00:00,2020-08-15 20:21:40+00:00,1,9.43,9.43,0.975374732334047,possible_instrumental_spike
Avg_Turb,2020-08-16 07:21:40+00:00,2020-08-16 07:21:40+00:00,1,0.27,0.27,0.8181818181818183,possible_instrumental_spike
Avg_Turb,2020-08-16 15:51:40+00:00,2020-08-16 15:51:40+00:00,1,0.82,0.82,0.5492957746478873,possible_instrumental_spike
Avg_Turb,2020-08-20 09:21:40+00:00,2020-08-20 09:21:40+00:00,1,0.65,0.65,0.5238095238095237,possible_instrumental_spike
Avg_Turb,2020-08-21 13:21:40+00:00,2020-08-21 13:21:40+00:00,1,1.52,1.52,0.7068965517241379,possible_instrumental_spike
Avg_Turb,2020-08-24 14:21:40+00:00,2020-08-24 14:21:40+00:00,1,1.71,1.71,0.6015625,possible_instrumental_spike
Avg_Turb,2020-08-26 17:21:40+00:00,2020-08-26 17:21:40+00:00,1,1.35,1.35,0.6046511627906977,possible_instrumental_spike
Avg_Turb,2020-08-27 10:51:40+00:00,2020-08-27 10:51:40+00:00,1,1.6,1.6,0.5840000000000001,possible_instrumental_spike
Avg_Turb,2020-08-28 01:21:40+00:00,2020-08-28 01:21:40+00:00,1,1.93,1.93,0.6666666666666667,possible_instrumental_spike
Avg_Turb,2020-08-28 17:21:40+00:00,2020-08-28 17:21:40+00:00,1,0.86,0.86,0.7166666666666667,possible_instrumental_spike
Avg_Turb,2020-08-31 12:21:40+00:00,2020-08-31 12:21:40+00:00,1,0.7,0.7,0.7333333333333333,possible_instrumental_spike
Avg_Turb,2020-09-03 21:51:40+00:00,2020-09-03 21:51:40+00:00,1,2.96,2.96,0.8045977011494254,possible_instrumental_spike
Avg_Turb,2020-09-06 18:21:40+00:00,2020-09-06 18:21:40+00:00,1,0.64,0.64,0.641025641025641,possible_instrumental_spike
Avg_Turb,2020-09-07 00:21:40+00:00,2020-09-07 00:21:40+00:00,1,0.43,0.43,0.5789473684210525,possible_instrumental_spike
Avg_Turb,2020-09-09 11:21:40+00:00,2020-09-09 11:21:40+00:00,1,0.41,0.41,0.6666666666666666,possible_instrumental_spike
Avg_Turb,2020-09-10 03:21:40+00:00,2020-09-10 03:21:40+00:00,1,0.23,0.23,0.8333333333333336,possible_instrumental_spike
Avg_Turb,2020-09-11 00:21:40+00:00,2020-09-11 00:21:40+00:00,1,0.23,0.23,0.8333333333333336,possible_instrumental_spike
Avg_Turb,2020-09-11 07:51:40+00:00,2020-09-11 07:51:40+00:00,1,0.25,0.25,0.8888888888888888,possible_instrumental_spike
Avg_Turb,2020-09-11 16:51:40+00:00,2020-09-11 16:51:40+00:00,1,0.29,0.29,1.0,possible_instrumental_spike
Avg_Turb,2020-09-11 21:21:40+00:00,2020-09-11 21:21:40+00:00,1,0.11,0.11,0.8333333333333333,possible_instrumental_spike
Avg_Turb,2020-09-12 06:21:40+00:00,2020-09-12 06:21:40+00:00,1,0.11,0.11,1.0,possible_instrumental_spike
Avg_Turb,2020-09-13 01:51:40+00:00,2020-09-13 01:51:40+00:00,1,0.34,0.34,0.6999999999999998,possible_instrumental_spike
Avg_Turb,2020-09-13 05:21:40+00:00,2020-09-13 05:21:40+00:00,1,0.18,0.18,0.6666666666666664,possible_instrumental_spike
Avg_Turb,2020-09-18 12:51:40+00:00,2020-09-18 12:51:40+00:00,1,7.78,7.78,0.9414225941422594,possible_instrumental_spike
Avg_Turb,2020-09-19 13:51:40+00:00,2020-09-19 13:51:40+00:00,1,1.36,1.36,0.625,possible_instrumental_spike
Avg_Turb,2020-09-22 12:21:40+00:00,2020-09-22 12:21:40+00:00,1,0.92,0.92,0.5964912280701755,possible_instrumental_spike
Avg_Turb,2020-09-22 20:21:40+00:00,2020-09-22 20:21:40+00:00,1,0.28,0.28,0.8571428571428578,possible_instrumental_spike
Avg_Turb,2020-09-25 03:51:40+00:00,2020-09-25 03:51:40+00:00,1,0.35,0.35,0.5294117647058822,possible_instrumental_spike
Avg_Turb,2020-09-25 22:51:40+00:00,2020-09-25 22:51:40+00:00,1,0.23,0.23,0.6666666666666669,possible_instrumental_spike
Avg_Turb,2020-09-26 09:21:40+00:00,2020-09-26 09:21:40+00:00,1,0.23,0.23,0.6666666666666669,possible_instrumental_spike
Avg_Turb,2020-09-27 00:51:40+00:00,2020-09-27 00:51:40+00:00,1,0.18,0.18,0.7777777777777777,possible_instrumental_spike
Avg_Turb,2020-10-04 01:51:40+00:00,2020-10-04 01:51:40+00:00,1,1.29,1.29,0.8390804597701148,possible_instrumental_spike
Avg_Turb,2020-10-05 19:21:40+00:00,2020-10-05 19:21:40+00:00,1,0.71,0.71,0.6222222222222222,possible_instrumental_spike
Avg_Turb,2020-10-05 22:21:40+00:00,2020-10-05 22:21:40+00:00,1,1.33,1.33,0.8411214953271029,possible_instrumental_spike
Avg_Turb,2020-10-06 07:51:40+00:00,2020-10-06 07:51:40+00:00,1,0.33,0.33,0.8749999999999999,possible_instrumental_spike
Avg_Turb,2020-10-06 19:21:40+00:00,2020-10-06 19:21:40+00:00,1,1.48,1.48,0.65625,possible_instrumental_spike
Avg_Turb,2020-10-07 09:21:40+00:00,2020-10-07 09:21:40+00:00,1,1.25,1.25,0.73,possible_instrumental_spike
Avg_Turb,2020-10-07 17:51:40+00:00,2020-10-07 17:51:40+00:00,1,0.76,0.76,0.7254901960784313,possible_instrumental_spike
Avg_Turb,2020-10-09 00:51:40+00:00,2020-10-09 00:51:40+00:00,1,0.34,0.34,0.5294117647058825,possible_instrumental_spike
Avg_Turb,2020-10-10 01:51:40+00:00,2020-10-10 01:51:40+00:00,1,23.77,23.77,0.9974576271186442,possible_instrumental_spike
Avg_Turb,2020-10-10 17:51:40+00:00,2020-10-10 17:51:40+00:00,1,4.59,4.59,0.8633257403189066,possible_instrumental_spike
Avg_Turb,2020-10-11 06:21:40+00:00,2020-10-11 06:21:40+00:00,1,16.96,16.96,0.9701848539057841,possible_instrumental_spike
Avg_Turb,2020-10-11 11:51:40+00:00,2020-10-11 11:51:40+00:00,1,1.32,1.32,0.7304347826086957,possible_instrumental_spike
Avg_Turb,2020-10-11 17:21:40+00:00,2020-10-11 17:21:40+00:00,1,3.61,3.61,0.7645348837209303,possible_instrumental_spike
Avg_Turb,2020-10-12 00:51:40+00:00,2020-10-12 00:51:40+00:00,1,0.83,0.83,0.6140350877192983,possible_instrumental_spike
Avg_Turb,2020-10-12 09:51:40+00:00,2020-10-12 09:51:40+00:00,1,1.29,1.29,0.6036036036036035,possible_instrumental_spike
Avg_Turb,2020-10-14 16:21:40+00:00,2020-10-14 16:21:40+00:00,1,1.88,1.88,0.5955882352941175,possible_instrumental_spike
Avg_Turb,2020-10-15 03:51:40+00:00,2020-10-15 03:51:40+00:00,1,1.62,1.62,0.71875,possible_instrumental_spike
Avg_Turb,2020-10-15 17:21:40+00:00,2020-10-15 17:21:40+00:00,1,3.98,3.98,0.6996904024767802,possible_instrumental_spike
Avg_Turb,2020-10-16 00:21:40+00:00,2020-10-16 00:21:40+00:00,1,2.77,2.77,0.5314009661835748,possible_instrumental_spike
Avg_Turb,2020-10-17 03:51:40+00:00,2020-10-17 03:51:40+00:00,1,2.87,2.87,0.5833333333333334,possible_instrumental_spike
Avg_Turb,2020-10-17 13:21:40+00:00,2020-10-17 13:21:40+00:00,1,4.46,4.46,0.7170329670329669,possible_instrumental_spike
Avg_Turb,2020-10-17 19:21:40+00:00,2020-10-17 19:21:40+00:00,1,15.65,15.65,0.9535666218034994,possible_instrumental_spike
Avg_Turb,2020-10-18 00:51:40+00:00,2020-10-18 00:51:40+00:00,1,19.24,19.24,0.9192849404117011,possible_instrumental_spike
Avg_Turb,2020-10-18 13:51:40+00:00,2020-10-18 13:51:40+00:00,1,11.66,11.66,0.9259259259259258,possible_instrumental_spike
Avg_Turb,2020-10-19 04:21:40+00:00,2020-10-19 04:21:40+00:00,1,16.11,16.11,0.8842809364548495,possible_instrumental_spike
Avg_Turb,2020-10-20 06:51:40+00:00,2020-10-20 06:51:40+00:00,1,11.29,11.29,0.9285714285714285,possible_instrumental_spike
Avg_Turb,2020-10-20 18:21:40+00:00,2020-10-20 18:21:40+00:00,1,0.88,0.88,0.6222222222222222,possible_instrumental_spike
Avg_Turb,2020-10-22 14:51:40+00:00,2020-10-22 14:51:40+00:00,1,1.59,1.59,0.8045112781954887,possible_instrumental_spike
Avg_Turb,2020-10-22 21:21:40+00:00,2020-10-22 21:21:40+00:00,1,0.8,0.8,0.9814814814814815,possible_instrumental_spike
Avg_Turb,2020-10-23 00:21:40+00:00,2020-10-23 00:21:40+00:00,1,0.33,0.33,0.8749999999999999,possible_instrumental_spike
Avg_Turb,2020-10-23 05:21:40+00:00,2020-10-23 05:21:40+00:00,1,0.55,0.55,0.7837837837837838,possible_instrumental_spike
Avg_Turb,2020-10-23 11:51:40+00:00,2020-10-23 11:51:40+00:00,1,2.15,2.15,0.8989898989898989,possible_instrumental_spike
Avg_Turb,2020-10-23 19:51:40+00:00,2020-10-23 19:51:40+00:00,1,48.7,48.7,0.9950546053987226,possible_instrumental_spike
Avg_Turb,2020-10-24 11:51:40+00:00,2020-10-24 11:51:40+00:00,1,0.23,0.23,0.8333333333333336,possible_instrumental_spike
Avg_Turb,2020-10-25 04:21:40+00:00,2020-10-25 04:21:40+00:00,1,0.42,0.42,0.6,possible_instrumental_spike
Avg_Turb,2020-10-25 09:21:40+00:00,2020-10-25 09:21:40+00:00,1,1.11,1.11,0.851063829787234,possible_instrumental_spike
Avg_Turb,2020-10-26 09:21:40+00:00,2020-10-26 09:21:40+00:00,1,20.5,20.5,0.8789965568125924,possible_instrumental_spike
Avg_Turb,2020-10-26 14:21:40+00:00,2020-10-26 14:21:40+00:00,1,1.42,1.42,0.8396946564885496,possible_instrumental_spike
Avg_Turb,2020-10-27 11:51:40+00:00,2020-10-27 11:51:40+00:00,1,60.99,60.99,0.763690182535767,possible_instrumental_spike
Avg_Turb,2020-10-27 18:21:40+00:00,2020-10-27 18:21:40+00:00,1,112.61,112.61,0.9949265687583445,possible_instrumental_spike
Avg_Turb,2020-10-28 10:51:40+00:00,2020-10-28 10:51:40+00:00,1,5.59,5.59,0.7003745318352059,possible_instrumental_spike
Avg_Turb,2020-10-28 23:21:40+00:00,2020-10-28 23:21:40+00:00,1,3.73,3.73,0.8377581120943952,possible_instrumental_spike
Avg_Turb,2020-10-29 11:51:40+00:00,2020-10-29 11:51:40+00:00,1,6.0,6.0,0.6672473867595818,possible_instrumental_spike
Avg_Turb,2020-10-29 17:51:40+00:00,2020-10-29 17:51:40+00:00,1,4.15,4.15,0.7506561679790026,possible_instrumental_spike
Avg_Turb,2020-10-30 06:21:40+00:00,2020-10-30 06:21:40+00:00,1,1.8,1.8,0.8344827586206895,possible_instrumental_spike
Avg_Turb,2020-10-30 19:51:40+00:00,2020-10-30 19:51:40+00:00,1,1.98,1.98,0.8012422360248448,possible_instrumental_spike
Avg_Turb,2020-10-31 00:21:40+00:00,2020-10-31 00:21:40+00:00,1,4.28,4.28,0.8597402597402598,possible_instrumental_spike
Avg_Turb,2020-10-31 08:21:40+00:00,2020-10-31 08:21:40+00:00,1,4.17,4.17,0.9319371727748692,possible_instrumental_spike
Avg_Turb,2020-10-31 12:21:40+00:00,2020-10-31 12:21:40+00:00,1,5.6,5.6,0.5852713178294574,possible_instrumental_spike
Avg_Turb,2020-11-01 17:51:40+00:00,2020-11-01 17:51:40+00:00,1,70.33,70.33,0.9151186053158044,possible_instrumental_spike
Avg_Turb,2020-11-02 00:51:40+00:00,2020-11-02 00:51:40+00:00,1,2.62,2.62,0.8767123287671234,possible_instrumental_spike
Avg_Turb,2020-11-02 15:51:40+00:00,2020-11-02 15:51:40+00:00,1,237.08,237.08,0.9721388407390185,possible_instrumental_spike
Avg_Turb,2020-11-03 13:21:40+00:00,2020-11-03 13:21:40+00:00,1,4.77,4.77,0.6496519721577726,possible_instrumental_spike
Avg_Turb,2020-11-03 17:51:40+00:00,2020-11-03 17:51:40+00:00,1,238.31,238.31,0.9680050451965525,possible_instrumental_spike
Avg_Turb,2020-11-04 01:51:40+00:00,2020-11-04 01:51:40+00:00,1,3.86,3.86,0.801829268292683,possible_instrumental_spike
Avg_Turb,2020-11-04 12:51:40+00:00,2020-11-04 12:51:40+00:00,1,84.44,84.44,0.9893946615824595,possible_instrumental_spike
Avg_Turb,2020-11-05 15:21:40+00:00,2020-11-05 15:21:40+00:00,1,1.94,1.94,0.5222929936305732,possible_instrumental_spike
Avg_Turb,2020-11-06 08:21:40+00:00,2020-11-06 08:21:40+00:00,1,1.66,1.66,0.66412213740458,possible_instrumental_spike
Avg_Turb,2020-11-07 19:21:40+00:00,2020-11-07 19:21:40+00:00,1,0.59,0.59,0.5599999999999999,possible_instrumental_spike
Avg_Turb,2020-11-08 01:51:40+00:00,2020-11-08 01:51:40+00:00,1,0.42,0.42,0.8888888888888887,possible_instrumental_spike
Avg_Turb,2020-11-09 14:21:40+00:00,2020-11-09 14:21:40+00:00,1,1.67,1.67,0.9014084507042253,possible_instrumental_spike
Avg_Turb,2020-11-11 13:51:40+00:00,2020-11-11 13:51:40+00:00,1,22.14,22.14,0.9735038830516218,possible_instrumental_spike
Avg_Turb,2020-11-11 17:21:40+00:00,2020-11-11 17:21:40+00:00,1,2.47,2.47,0.7663551401869159,possible_instrumental_spike
Avg_Turb,2020-11-13 11:21:40+00:00,2020-11-13 11:21:40+00:00,1,3.22,3.22,0.8850174216027874,possible_instrumental_spike
Avg_Turb,2020-11-14 16:21:40+00:00,2020-11-14 16:21:40+00:00,1,1.16,1.16,0.676923076923077,possible_instrumental_spike
Avg_Turb,2020-11-14 23:51:40+00:00,2020-11-14 23:51:40+00:00,1,2.24,2.24,0.5906432748538012,possible_instrumental_spike
Avg_Turb,2020-11-16 16:51:40+00:00,2020-11-16 16:51:40+00:00,1,0.9,0.9,0.5897435897435896,possible_instrumental_spike
Avg_Turb,2020-11-17 09:51:40+00:00,2020-11-17 09:51:40+00:00,1,0.94,0.94,0.7058823529411764,possible_instrumental_spike
Avg_Turb,2020-11-17 14:21:40+00:00,2020-11-17 14:21:40+00:00,1,1.51,1.51,0.6728971962616822,possible_instrumental_spike
Avg_Turb,2020-11-19 15:21:40+00:00,2020-11-19 15:21:40+00:00,1,2.87,2.87,0.8961538461538462,possible_instrumental_spike
Avg_Turb,2020-11-21 05:21:40+00:00,2020-11-21 05:21:40+00:00,1,16.91,16.91,0.9825825825825827,possible_instrumental_spike
Avg_Turb,2020-11-21 19:51:40+00:00,2020-11-21 19:51:40+00:00,1,0.59,0.59,0.8181818181818181,possible_instrumental_spike
Avg_Turb,2020-11-22 15:21:40+00:00,2020-11-22 15:21:40+00:00,1,0.7,0.7,0.84,possible_instrumental_spike
Avg_Turb,2020-11-23 04:21:40+00:00,2020-11-23 04:21:40+00:00,1,1.12,1.12,0.8965517241379309,possible_instrumental_spike
Avg_Turb,2020-11-23 18:21:40+00:00,2020-11-23 18:21:40+00:00,1,4.9,4.9,0.8922413793103449,possible_instrumental_spike
Avg_Turb,2020-11-24 13:51:40+00:00,2020-11-24 13:51:40+00:00,1,11.84,11.84,0.9622641509433962,possible_instrumental_spike
Avg_Turb,2020-11-24 18:21:40+00:00,2020-11-24 18:21:40+00:00,1,0.46,0.46,0.7307692307692307,possible_instrumental_spike
Avg_Turb,2020-11-25 02:21:40+00:00,2020-11-25 02:21:40+00:00,1,0.68,0.68,0.813953488372093,possible_instrumental_spike
Avg_Turb,2020-11-25 17:21:40+00:00,2020-11-25 17:21:40+00:00,1,0.58,0.58,0.53125,possible_instrumental_spike
Avg_Turb,2020-11-25 20:51:40+00:00,2020-11-25 20:51:40+00:00,1,5.28,5.28,0.7629482071713147,possible_instrumental_spike
Avg_Turb,2020-11-26 14:51:40+00:00,2020-11-26 14:51:40+00:00,1,1.18,1.18,0.6236559139784946,possible_instrumental_spike
Avg_Turb,2020-11-27 03:21:40+00:00,2020-11-27 03:21:40+00:00,1,17.56,17.56,0.9390597794544399,possible_instrumental_spike
Avg_Turb,2020-11-27 10:21:40+00:00,2020-11-27 10:21:40+00:00,1,0.82,0.82,0.7272727272727273,possible_instrumental_spike
Avg_Turb,2020-11-27 19:21:40+00:00,2020-11-27 19:21:40+00:00,1,4.01,4.01,0.8773841961852861,possible_instrumental_spike
Avg_Turb,2020-11-29 01:51:40+00:00,2020-11-29 01:51:40+00:00,1,17.51,17.51,0.9110070257611241,possible_instrumental_spike
Avg_Turb,2020-11-29 11:51:40+00:00,2020-11-29 11:51:40+00:00,1,1.92,1.92,0.8076923076923075,possible_instrumental_spike
Avg_Turb,2020-11-29 23:51:40+00:00,2020-11-29 23:51:40+00:00,1,1.08,1.08,0.578125,possible_instrumental_spike
Avg_Turb,2020-11-30 12:21:40+00:00,2020-11-30 12:21:40+00:00,1,1.2,1.2,0.6744186046511629,possible_instrumental_spike
Avg_Turb,2020-12-01 04:51:40+00:00,2020-12-01 04:51:40+00:00,1,45.79,45.79,0.9787985865724381,possible_instrumental_spike
Avg_Turb,2020-12-02 01:21:40+00:00,2020-12-02 01:21:40+00:00,1,0.84,0.84,0.5714285714285714,possible_instrumental_spike
Avg_Turb,2020-12-02 19:21:40+00:00,2020-12-02 19:21:40+00:00,1,2.2,2.2,0.7621621621621621,possible_instrumental_spike
Avg_Turb,2020-12-03 01:51:40+00:00,2020-12-03 01:51:40+00:00,1,2.35,2.35,0.914572864321608,possible_instrumental_spike
Avg_Turb,2020-12-03 14:51:40+00:00,2020-12-03 14:51:40+00:00,1,5.64,5.64,0.6698113207547169,possible_instrumental_spike
Avg_Turb,2020-12-04 14:21:40+00:00,2020-12-04 14:21:40+00:00,1,2.87,2.87,0.6692913385826772,possible_instrumental_spike
Avg_Turb,2020-12-05 03:51:40+00:00,2020-12-05 03:51:40+00:00,1,0.7,0.7,0.7045454545454545,possible_instrumental_spike
Avg_Turb,2020-12-05 15:21:40+00:00,2020-12-05 15:21:40+00:00,1,4.85,4.85,0.5869565217391304,possible_instrumental_spike
Avg_Turb,2020-12-05 23:21:40+00:00,2020-12-05 23:21:40+00:00,1,15.85,15.85,0.9615137908915972,possible_instrumental_spike
Avg_Turb,2020-12-07 11:21:40+00:00,2020-12-07 11:21:40+00:00,1,16.97,16.97,0.9910607866507748,possible_instrumental_spike
Avg_Turb,2020-12-07 15:21:40+00:00,2020-12-07 15:21:40+00:00,1,3.97,3.97,0.6711590296495957,possible_instrumental_spike
Avg_Turb,2020-12-07 21:51:40+00:00,2020-12-07 21:51:40+00:00,1,0.77,0.77,0.8461538461538461,possible_instrumental_spike
Avg_Turb,2020-12-08 01:51:40+00:00,2020-12-08 01:51:40+00:00,1,1.38,1.38,0.5982142857142857,possible_instrumental_spike
Avg_Turb,2020-12-08 11:51:40+00:00,2020-12-08 11:51:40+00:00,1,71.79,71.79,0.5350852669835058,possible_instrumental_spike
Avg_Turb,2020-12-10 09:51:40+00:00,2020-12-10 09:51:40+00:00,1,2.39,2.39,0.5539906103286386,possible_instrumental_spike
Avg_Turb,2020-12-10 14:21:40+00:00,2020-12-10 14:21:40+00:00,1,0.97,0.97,0.6197183098591549,possible_instrumental_spike
Avg_Turb,2020-12-10 21:21:40+00:00,2020-12-10 21:21:40+00:00,1,6.02,6.02,0.9233449477351917,possible_instrumental_spike
Avg_Turb,2020-12-11 04:21:40+00:00,2020-12-11 04:21:40+00:00,1,1.51,1.51,0.878048780487805,possible_instrumental_spike
Avg_Turb,2020-12-11 11:21:40+00:00,2020-12-11 11:21:40+00:00,1,3.6,3.6,0.6616766467065869,possible_instrumental_spike
Avg_Turb,2020-12-11 15:21:40+00:00,2020-12-11 15:21:40+00:00,1,26.87,26.87,0.9341857841293719,possible_instrumental_spike
Avg_Turb,2020-12-12 00:21:40+00:00,2020-12-12 00:21:40+00:00,1,33.04,33.04,0.9269113149847096,possible_instrumental_spike
Avg_Turb,2020-12-12 05:21:40+00:00,2020-12-12 05:21:40+00:00,1,2.57,2.57,0.9237668161434975,possible_instrumental_spike
Avg_Turb,2020-12-12 10:51:40+00:00,2020-12-12 10:51:40+00:00,1,2.06,2.06,0.6333333333333334,possible_instrumental_spike
Avg_Turb,2020-12-12 17:51:40+00:00,2020-12-12 17:51:40+00:00,1,120.62,120.62,0.9886845827439887,possible_instrumental_spike
Avg_Turb,2020-12-13 01:21:40+00:00,2020-12-13 01:21:40+00:00,1,87.66,87.66,0.889576883384933,possible_instrumental_spike
Avg_Turb,2020-12-13 18:21:40+00:00,2020-12-13 18:21:40+00:00,1,6.62,6.62,0.9775641025641024,possible_instrumental_spike
Avg_Turb,2020-12-14 03:21:40+00:00,2020-12-14 03:21:40+00:00,1,71.52,71.52,0.9367961711711712,possible_instrumental_spike
Avg_Turb,2020-12-14 11:51:40+00:00,2020-12-14 11:51:40+00:00,1,1.41,1.41,0.7525773195876287,possible_instrumental_spike
Avg_Turb,2020-12-14 14:51:40+00:00,2020-12-14 14:51:40+00:00,1,54.13,54.13,0.970560834730762,possible_instrumental_spike
Avg_Turb,2020-12-15 04:21:40+00:00,2020-12-15 04:21:40+00:00,1,29.97,29.97,0.9888249238062987,possible_instrumental_spike
Avg_Turb,2020-12-15 18:51:40+00:00,2020-12-15 18:51:40+00:00,1,1.42,1.42,0.7830188679245282,possible_instrumental_spike
Avg_Turb,2020-12-16 08:51:40+00:00,2020-12-16 08:51:40+00:00,1,0.71,0.71,0.6666666666666665,possible_instrumental_spike
Avg_Turb,2020-12-17 14:51:40+00:00,2020-12-17 14:51:40+00:00,1,1.09,1.09,0.926470588235294,possible_instrumental_spike
Avg_Turb,2020-12-17 19:51:40+00:00,2020-12-17 19:51:40+00:00,1,17.79,17.79,0.9586919104991395,possible_instrumental_spike
Avg_Turb,2020-12-18 15:21:40+00:00,2020-12-18 15:21:40+00:00,1,0.77,0.77,0.6046511627906977,possible_instrumental_spike
Avg_Turb,2020-12-19 16:51:40+00:00,2020-12-19 16:51:40+00:00,1,0.51,0.51,0.6799999999999999,possible_instrumental_spike
Avg_Turb,2020-12-21 02:21:40+00:00,2020-12-21 02:21:40+00:00,1,0.45,0.45,0.5555555555555558,possible_instrumental_spike
Avg_Turb,2020-12-22 02:21:40+00:00,2020-12-22 02:21:40+00:00,1,0.27,0.27,0.857142857142857,possible_instrumental_spike
Avg_Turb,2020-12-22 15:51:40+00:00,2020-12-22 15:51:40+00:00,1,0.49,0.49,0.9583333333333333,possible_instrumental_spike
Avg_Turb,2020-12-23 04:21:40+00:00,2020-12-23 04:21:40+00:00,1,0.5,0.5,0.6666666666666666,possible_instrumental_spike
Avg_Turb,2020-12-24 11:51:40+00:00,2020-12-24 11:51:40+00:00,1,2.63,2.63,0.9873949579831932,possible_instrumental_spike
Avg_Turb,2020-12-28 17:21:40+00:00,2020-12-28 17:21:40+00:00,1,1.95,1.95,0.813664596273292,possible_instrumental_spike
Avg_Turb,2020-12-29 10:21:40+00:00,2020-12-29 10:21:40+00:00,1,0.68,0.68,0.68,possible_instrumental_spike
Avg_Turb,2020-12-30 06:51:40+00:00,2020-12-30 06:51:40+00:00,1,0.78,0.78,0.5833333333333335,possible_instrumental_spike
Avg_Turb,2020-12-30 10:51:40+00:00,2020-12-30 10:51:40+00:00,1,0.96,0.96,0.7407407407407405,possible_instrumental_spike
Avg_Turb,2020-12-31 14:21:40+00:00,2020-12-31 14:21:40+00:00,1,2.22,2.22,0.9277777777777777,possible_instrumental_spike
Avg_Turb,2020-12-31 17:21:40+00:00,2020-12-31 17:21:40+00:00,1,1.46,1.46,0.8653846153846153,possible_instrumental_spike
Avg_Turb,2021-01-01 06:21:40+00:00,2021-01-01 06:21:40+00:00,1,342.74,342.74,0.9992406098487061,possible_instrumental_spike
Avg_Turb,2021-01-02 18:51:40+00:00,2021-01-02 18:51:40+00:00,1,0.57,0.57,0.6086956521739131,possible_instrumental_spike
Avg_Turb,2021-01-03 08:51:40+00:00,2021-01-03 08:51:40+00:00,1,1.75,1.75,0.8928571428571429,possible_instrumental_spike
Avg_Turb,2021-01-04 03:21:40+00:00,2021-01-04 03:21:40+00:00,1,0.72,0.72,0.736842105263158,possible_instrumental_spike
Avg_Turb,2021-01-04 08:51:40+00:00,2021-01-04 08:51:40+00:00,1,31.63,31.63,0.9968040907638223,possible_instrumental_spike
Avg_Turb,2021-01-04 12:21:40+00:00,2021-01-04 12:21:40+00:00,1,148.9,148.9,0.9995288099084545,possible_instrumental_spike
Avg_Turb,2021-01-05 06:21:40+00:00,2021-01-05 06:21:40+00:00,1,0.54,0.54,0.6000000000000002,possible_instrumental_spike
Avg_Turb,2021-01-05 18:51:40+00:00,2021-01-05 18:51:40+00:00,1,10.41,10.41,0.9940711462450592,possible_instrumental_spike
Avg_Turb,2021-01-07 03:21:40+00:00,2021-01-07 03:21:40+00:00,1,46.39,46.39,0.9980456026058633,possible_instrumental_spike
Avg_Turb,2021-01-08 10:21:40+00:00,2021-01-08 10:21:40+00:00,1,1.89,1.89,0.9358288770053477,possible_instrumental_spike
Avg_Turb,2021-01-09 02:51:40+00:00,2021-01-09 02:51:40+00:00,1,1.7,1.7,0.8944099378881988,possible_instrumental_spike
Avg_Turb,2021-01-09 13:51:40+00:00,2021-01-09 13:51:40+00:00,1,0.3,0.3,0.5454545454545455,possible_instrumental_spike
Avg_Turb,2021-01-10 19:51:40+00:00,2021-01-10 19:51:40+00:00,1,1.74,1.74,0.8343558282208589,possible_instrumental_spike
Avg_Turb,2021-01-13 16:51:40+00:00,2021-01-13 16:51:40+00:00,1,0.51,0.51,0.5454545454545454,possible_instrumental_spike
Avg_Turb,2021-01-13 20:51:40+00:00,2021-01-13 20:51:40+00:00,1,0.56,0.56,0.724137931034483,possible_instrumental_spike
Avg_Turb,2021-01-14 17:51:40+00:00,2021-01-14 17:51:40+00:00,1,0.66,0.66,0.6000000000000001,possible_instrumental_spike
Avg_Turb,2021-01-15 07:21:40+00:00,2021-01-15 07:21:40+00:00,1,1.24,1.24,0.8476190476190476,possible_instrumental_spike
Avg_Turb,2021-01-15 14:21:40+00:00,2021-01-15 14:21:40+00:00,1,0.48,0.48,0.5454545454545455,possible_instrumental_spike
Avg_Turb,2021-01-17 05:51:40+00:00,2021-01-17 05:51:40+00:00,1,0.75,0.75,0.6938775510204083,possible_instrumental_spike
Avg_Turb,2021-01-17 18:21:40+00:00,2021-01-17 18:21:40+00:00,1,0.92,0.92,0.7014925373134329,possible_instrumental_spike
Avg_Turb,2021-01-18 01:51:40+00:00,2021-01-18 01:51:40+00:00,1,0.2,0.2,0.7142857142857141,possible_instrumental_spike
Avg_Turb,2021-01-19 06:51:40+00:00,2021-01-19 06:51:40+00:00,1,0.4,0.4,0.8214285714285714,possible_instrumental_spike
Avg_Turb,2021-01-19 21:21:40+00:00,2021-01-19 21:21:40+00:00,1,0.24,0.24,0.7500000000000001,possible_instrumental_spike
Avg_Turb,2021-01-21 23:21:40+00:00,2021-01-21 23:21:40+00:00,1,0.08,0.08,1.0,possible_instrumental_spike
Avg_Turb,2021-01-22 02:51:40+00:00,2021-01-22 02:51:40+00:00,1,0.02,0.02,0.8571428571428572,possible_instrumental_spike
Avg_Turb,2021-01-22 06:21:40+00:00,2021-01-22 06:21:40+00:00,1,0.02,0.02,0.75,possible_instrumental_spike
Avg_Turb,2021-01-22 16:21:40+00:00,2021-01-22 16:21:40+00:00,1,1.19,1.19,0.990990990990991,possible_instrumental_spike
Avg_Turb,2021-01-22 22:21:40+00:00,2021-01-22 22:21:40+00:00,1,0.16,0.16,0.8750000000000001,possible_instrumental_spike
Avg_Turb,2021-01-23 19:21:40+00:00,2021-01-23 19:21:40+00:00,1,0.15,0.15,0.8571428571428572,possible_instrumental_spike
Avg_Turb,2021-01-24 02:51:40+00:00,2021-01-24 02:51:40+00:00,1,0.15,0.15,0.7142857142857142,possible_instrumental_spike
Avg_Turb,2021-01-24 10:51:40+00:00,2021-01-24 10:51:40+00:00,1,279.97,279.97,0.9997498928112046,possible_instrumental_spike
Avg_Turb,2021-01-24 15:51:40+00:00,2021-01-24 15:51:40+00:00,1,0.17,0.17,1.0,possible_instrumental_spike
Avg_Turb,2021-01-24 18:51:40+00:00,2021-01-24 18:51:40+00:00,1,0.34,0.34,0.6400000000000001,possible_instrumental_spike
Avg_Turb,2021-01-25 01:51:40+00:00,2021-01-25 01:51:40+00:00,1,0.28,0.28,0.6315789473684211,possible_instrumental_spike
Avg_Turb,2021-01-25 05:51:40+00:00,2021-01-25 05:51:40+00:00,1,0.27,0.27,0.6111111111111112,possible_instrumental_spike
Avg_Turb,2021-01-26 18:21:40+00:00,2021-01-26 18:21:40+00:00,1,0.72,0.72,0.537037037037037,possible_instrumental_spike
Avg_Turb,2021-01-27 00:51:40+00:00,2021-01-27 00:51:40+00:00,1,1.44,1.44,0.8500000000000001,possible_instrumental_spike
Avg_Turb,2021-01-28 10:21:40+00:00,2021-01-28 10:21:40+00:00,1,0.64,0.64,0.5526315789473685,possible_instrumental_spike
Avg_Turb,2021-01-28 16:21:40+00:00,2021-01-28 16:21:40+00:00,1,1.54,1.54,0.5905511811023622,possible_instrumental_spike
Avg_Turb,2021-01-29 13:51:40+00:00,2021-01-29 13:51:40+00:00,1,57.56,57.56,0.9973785389723873,possible_instrumental_spike
Avg_Turb,2021-01-30 16:51:40+00:00,2021-01-30 16:51:40+00:00,1,10.26,10.26,0.8888888888888887,possible_instrumental_spike
Avg_Turb,2021-02-01 12:21:40+00:00,2021-02-01 12:21:40+00:00,1,0.68,0.68,0.7200000000000001,possible_instrumental_spike
Avg_Turb,2021-02-01 21:21:40+00:00,2021-02-01 21:21:40+00:00,1,1.38,1.38,0.7647058823529411,possible_instrumental_spike
Avg_Turb,2021-02-02 01:51:40+00:00,2021-02-02 01:51:40+00:00,1,0.66,0.66,0.6382978723404256,possible_instrumental_spike
Avg_Turb,2021-02-02 13:21:40+00:00,2021-02-02 13:21:40+00:00,1,1.9,1.9,0.9540229885057471,possible_instrumental_spike
Avg_Turb,2021-02-03 03:51:40+00:00,2021-02-03 03:51:40+00:00,1,0.37,0.37,0.5789473684210525,possible_instrumental_spike
Avg_Turb,2021-02-04 12:51:40+00:00,2021-02-04 12:51:40+00:00,1,3.03,3.03,0.6428571428571428,possible_instrumental_spike
Avg_Turb,2021-02-05 19:51:40+00:00,2021-02-05 19:51:40+00:00,1,0.2,0.2,1.0,possible_instrumental_spike
Avg_Turb,2021-02-06 08:51:40+00:00,2021-02-06 08:51:40+00:00,1,0.71,0.71,0.8709677419354838,possible_instrumental_spike
Avg_Turb,2021-02-06 14:51:40+00:00,2021-02-06 14:51:40+00:00,1,0.14,0.14,0.8333333333333335,possible_instrumental_spike
Avg_Turb,2021-02-07 09:51:40+00:00,2021-02-07 09:51:40+00:00,1,0.18,0.18,0.9,possible_instrumental_spike
Avg_Turb,2021-02-07 13:21:40+00:00,2021-02-07 13:21:40+00:00,1,0.17,0.17,0.888888888888889,possible_instrumental_spike
Avg_Turb,2021-02-07 18:21:40+00:00,2021-02-07 18:21:40+00:00,1,2.01,2.01,0.9583333333333334,possible_instrumental_spike
Avg_Turb,2021-02-08 08:51:40+00:00,2021-02-08 08:51:40+00:00,1,6.98,6.98,0.9753265602322206,possible_instrumental_spike
Avg_Turb,2021-02-08 15:21:40+00:00,2021-02-08 15:21:40+00:00,1,1.81,1.81,0.9127906976744187,possible_instrumental_spike
Avg_Turb,2021-02-09 08:51:40+00:00,2021-02-09 08:51:40+00:00,1,1.77,1.77,0.9107142857142858,possible_instrumental_spike
Avg_Turb,2021-02-09 17:51:40+00:00,2021-02-09 17:51:40+00:00,1,2.06,2.06,0.7513227513227513,possible_instrumental_spike
Avg_Turb,2021-02-09 21:21:40+00:00,2021-02-09 21:21:40+00:00,1,2.81,2.81,0.9431818181818182,possible_instrumental_spike
Avg_Turb,2021-02-10 08:21:40+00:00,2021-02-10 08:21:40+00:00,1,4.66,4.66,0.9642857142857143,possible_instrumental_spike
Avg_Turb,2021-02-10 16:51:40+00:00,2021-02-10 16:51:40+00:00,1,237.22,237.22,0.9972571525023209,possible_instrumental_spike
Avg_Turb,2021-02-11 16:21:40+00:00,2021-02-11 16:21:40+00:00,1,4.74,4.74,0.9375,possible_instrumental_spike
Avg_Turb,2021-02-11 21:21:40+00:00,2021-02-11 21:21:40+00:00,1,1.88,1.88,0.8633540372670807,possible_instrumental_spike
Avg_Turb,2021-02-12 09:51:40+00:00,2021-02-12 09:51:40+00:00,1,0.66,0.66,0.6250000000000001,possible_instrumental_spike
Avg_Turb,2021-02-12 16:21:40+00:00,2021-02-12 16:21:40+00:00,1,1.42,1.42,0.7672413793103448,possible_instrumental_spike
Avg_Turb,2021-02-14 10:21:40+00:00,2021-02-14 10:21:40+00:00,1,1.08,1.08,0.6,possible_instrumental_spike
Avg_Turb,2021-02-15 11:51:40+00:00,2021-02-15 11:51:40+00:00,1,4.79,4.79,0.9761904761904762,possible_instrumental_spike
Avg_Turb,2021-02-16 12:21:40+00:00,2021-02-16 12:21:40+00:00,1,1.67,1.67,0.8846153846153847,possible_instrumental_spike
Avg_Turb,2021-02-16 19:21:40+00:00,2021-02-16 19:21:40+00:00,1,3.37,3.37,0.9204892966360857,possible_instrumental_spike
Avg_Turb,2021-02-16 23:21:40+00:00,2021-02-16 23:21:40+00:00,1,0.35,0.35,0.5555555555555556,possible_instrumental_spike
Avg_Turb,2021-02-19 06:21:40+00:00,2021-02-19 06:21:40+00:00,1,0.2,0.2,0.6666666666666667,possible_instrumental_spike
Avg_Turb,2021-02-19 20:51:40+00:00,2021-02-19 20:51:40+00:00,1,0.65,0.65,0.888888888888889,possible_instrumental_spike
Avg_Turb,2021-02-20 03:51:40+00:00,2021-02-20 03:51:40+00:00,1,0.26,0.26,0.6470588235294118,possible_instrumental_spike
Avg_Turb,2021-02-20 10:21:40+00:00,2021-02-20 10:21:40+00:00,1,0.11,0.11,0.6666666666666669,possible_instrumental_spike
Avg_Turb,2021-02-21 11:21:40+00:00,2021-02-21 11:21:40+00:00,1,0.15,0.15,0.8333333333333331,possible_instrumental_spike
Avg_Turb,2021-02-21 19:51:40+00:00,2021-02-21 19:51:40+00:00,1,0.78,0.78,0.9078947368421053,possible_instrumental_spike
Avg_Turb,2021-02-22 18:51:40+00:00,2021-02-22 18:51:40+00:00,1,11.65,11.65,0.9930795847750865,possible_instrumental_spike
Avg_Turb,2021-02-22 22:51:40+00:00,2021-02-22 22:51:40+00:00,1,13.89,13.89,0.9891304347826086,possible_instrumental_spike
Avg_Turb,2021-02-23 06:51:40+00:00,2021-02-23 06:51:40+00:00,1,0.36,0.36,0.6666666666666666,possible_instrumental_spike
Avg_Turb,2021-02-23 20:51:40+00:00,2021-02-23 20:51:40+00:00,1,14.33,14.33,0.9564300773014757,possible_instrumental_spike
Avg_Turb,2021-02-24 12:21:40+00:00,2021-02-24 12:21:40+00:00,1,1.71,1.71,0.9012345679012346,possible_instrumental_spike
Avg_Turb,2021-02-26 15:21:40+00:00,2021-02-26 15:21:40+00:00,1,3.48,3.48,0.9504643962848297,possible_instrumental_spike
Avg_Turb,2021-02-27 11:21:40+00:00,2021-02-27 11:21:40+00:00,1,3.41,3.41,0.7142857142857142,possible_instrumental_spike
Avg_Turb,2021-02-28 10:21:40+00:00,2021-02-28 10:21:40+00:00,1,17.45,17.45,0.834973943254198,possible_instrumental_spike
Avg_Turb,2021-03-03 11:51:40+00:00,2021-03-03 11:51:40+00:00,1,8.46,8.46,0.9466019417475728,possible_instrumental_spike
Avg_Turb,2021-03-03 18:21:40+00:00,2021-03-03 18:21:40+00:00,1,52.67,52.67,0.8957816377171216,possible_instrumental_spike
Avg_Turb,2021-03-04 18:21:40+00:00,2021-03-04 18:21:40+00:00,1,1.32,1.32,0.8130841121495328,possible_instrumental_spike
Avg_Turb,2021-03-06 05:51:40+00:00,2021-03-06 05:51:40+00:00,1,2.17,2.17,0.9414634146341464,possible_instrumental_spike
Avg_Turb,2021-03-06 11:21:40+00:00,2021-03-06 11:21:40+00:00,1,31.87,31.87,0.9962216624685138,possible_instrumental_spike
Avg_Turb,2021-03-06 17:21:40+00:00,2021-03-06 17:21:40+00:00,1,0.15,0.15,1.0,possible_instrumental_spike
Avg_Turb,2021-03-06 20:51:40+00:00,2021-03-06 20:51:40+00:00,1,0.16,0.16,0.857142857142857,possible_instrumental_spike
Avg_Turb,2021-03-06 23:51:40+00:00,2021-03-06 23:51:40+00:00,1,1.15,1.15,0.8679245283018868,possible_instrumental_spike
Avg_Turb,2021-03-07 19:21:40+00:00,2021-03-07 19:21:40+00:00,1,0.62,0.62,0.9814814814814815,possible_instrumental_spike
Avg_Turb,2021-03-08 08:51:40+00:00,2021-03-08 08:51:40+00:00,1,2.06,2.06,0.8781725888324873,possible_instrumental_spike
Avg_Turb,2021-03-09 13:51:40+00:00,2021-03-09 13:51:40+00:00,1,12.41,12.41,0.9821428571428571,possible_instrumental_spike
Avg_Turb,2021-03-09 18:51:40+00:00,2021-03-09 18:51:40+00:00,1,258.64,258.64,0.9809649088869115,possible_instrumental_spike
Avg_Turb,2021-03-10 10:21:40+00:00,2021-03-10 10:21:40+00:00,1,12.33,12.33,0.9934156378600822,possible_instrumental_spike
Avg_Turb,2021-03-11 00:21:40+00:00,2021-03-11 00:21:40+00:00,1,1.29,1.29,0.7475728155339806,possible_instrumental_spike
Avg_Turb,2021-03-11 06:21:40+00:00,2021-03-11 06:21:40+00:00,1,4.32,4.32,0.9581280788177339,possible_instrumental_spike
Avg_Turb,2021-03-11 09:21:40+00:00,2021-03-11 09:21:40+00:00,1,1.73,1.73,0.8843537414965987,possible_instrumental_spike
Avg_Turb,2021-03-12 00:51:40+00:00,2021-03-12 00:51:40+00:00,1,0.81,0.81,0.5333333333333334,possible_instrumental_spike
Avg_Turb,2021-03-12 11:21:40+00:00,2021-03-12 11:21:40+00:00,1,8.34,8.34,0.76,possible_instrumental_spike
Avg_Turb,2021-03-13 20:21:40+00:00,2021-03-13 20:21:40+00:00,1,68.04,68.04,0.9957252358490567,possible_instrumental_spike
Avg_Turb,2021-03-15 15:21:40+00:00,2021-03-15 15:21:40+00:00,1,1.22,1.22,0.6774193548387097,possible_instrumental_spike
Avg_Turb,2021-03-17 18:51:40+00:00,2021-03-17 18:51:40+00:00,1,2.5,2.5,0.8616071428571428,possible_instrumental_spike
Avg_Turb,2021-03-18 03:51:40+00:00,2021-03-18 03:51:40+00:00,1,0.59,0.59,0.64,possible_instrumental_spike
Avg_Turb,2021-03-18 12:21:40+00:00,2021-03-18 12:21:40+00:00,1,23.92,23.92,0.9966187658495351,possible_instrumental_spike
Avg_Turb,2021-03-19 23:51:40+00:00,2021-03-19 23:51:40+00:00,1,1.22,1.22,0.6476190476190475,possible_instrumental_spike
Avg_Turb,2021-03-20 03:51:40+00:00,2021-03-20 03:51:40+00:00,1,0.54,0.54,0.6216216216216217,possible_instrumental_spike
Avg_Turb,2021-03-20 12:21:40+00:00,2021-03-20 12:21:40+00:00,1,0.38,0.38,0.6785714285714285,possible_instrumental_spike
Avg_Turb,2021-03-21 13:21:40+00:00,2021-03-21 13:21:40+00:00,1,0.45,0.45,0.8055555555555557,possible_instrumental_spike
Avg_Turb,2021-03-22 08:21:40+00:00,2021-03-22 08:21:40+00:00,1,0.15,0.15,0.6666666666666666,possible_instrumental_spike
Avg_Turb,2021-03-22 13:21:40+00:00,2021-03-22 13:21:40+00:00,1,6.05,6.05,0.9916107382550335,possible_instrumental_spike
Avg_Turb,2021-03-22 16:51:40+00:00,2021-03-22 16:51:40+00:00,1,345.61,345.61,0.9751099791618429,possible_instrumental_spike
Avg_Turb,2021-03-23 08:51:40+00:00,2021-03-23 08:51:40+00:00,1,344.96,344.96,0.999796977870588,possible_instrumental_spike
Avg_Turb,2021-03-23 12:21:40+00:00,2021-03-23 12:21:40+00:00,1,3.31,3.31,0.9750778816199377,possible_instrumental_spike
Avg_Turb,2021-03-24 08:51:40+00:00,2021-03-24 08:51:40+00:00,1,96.17,96.17,0.9998958333333333,possible_instrumental_spike
Avg_Turb,2021-03-26 20:51:40+00:00,2021-03-26 20:51:40+00:00,1,1.98,1.98,0.7865853658536586,possible_instrumental_spike
Avg_Turb,2021-03-28 17:21:40+00:00,2021-03-28 17:21:40+00:00,1,283.61,283.61,0.9968933135635105,possible_instrumental_spike
Avg_Turb,2021-03-29 09:21:40+00:00,2021-03-29 09:21:40+00:00,1,2.76,2.76,0.5506072874493927,possible_instrumental_spike
Avg_Turb,2021-03-29 12:21:40+00:00,2021-03-29 12:21:40+00:00,1,59.99,59.99,0.9848714069591529,possible_instrumental_spike
Avg_Turb,2021-03-30 11:21:40+00:00,2021-03-30 11:21:40+00:00,1,344.31,344.31,0.9964249382357215,possible_instrumental_spike
Avg_Turb,2021-03-30 16:21:40+00:00,2021-03-30 16:21:40+00:00,1,9.46,9.46,0.9642857142857143,possible_instrumental_spike
Avg_Turb,2021-03-31 04:21:40+00:00,2021-03-31 04:21:40+00:00,1,2.71,2.71,0.670940170940171,possible_instrumental_spike
Avg_Turb,2021-03-31 12:51:40+00:00,2021-03-31 12:51:40+00:00,1,315.62,315.62,0.9287775487553511,possible_instrumental_spike
Avg_Turb,2021-03-31 17:21:40+00:00,2021-03-31 17:21:40+00:00,1,259.96,259.96,0.9368741334154983,possible_instrumental_spike
Avg_Turb,2021-03-31 20:21:40+00:00,2021-03-31 20:21:40+00:00,1,31.41,31.41,0.9820109219402506,possible_instrumental_spike
Avg_Turb,2021-04-01 13:21:40+00:00,2021-04-01 13:21:40+00:00,1,181.84,181.84,0.7735682819383262,possible_instrumental_spike
Avg_Turb,2021-04-01 22:21:40+00:00,2021-04-01 22:21:40+00:00,1,1.78,1.78,0.8092105263157895,possible_instrumental_spike
Avg_Turb,2021-04-02 12:51:40+00:00,2021-04-02 12:51:40+00:00,1,2.51,2.51,0.7914893617021277,possible_instrumental_spike
Avg_Turb,2021-04-04 07:51:40+00:00,2021-04-04 07:51:40+00:00,1,6.22,6.22,0.9690553745928339,possible_instrumental_spike
Avg_Turb,2021-04-04 21:21:40+00:00,2021-04-04 21:21:40+00:00,1,0.51,0.51,0.738095238095238,possible_instrumental_spike
Avg_Turb,2021-04-05 01:21:40+00:00,2021-04-05 01:21:40+00:00,1,1.11,1.11,0.8834951456310681,possible_instrumental_spike
Avg_Turb,2021-04-05 07:21:40+00:00,2021-04-05 07:21:40+00:00,1,113.51,113.51,0.9955943254912327,possible_instrumental_spike
Avg_Turb,2021-04-05 21:21:40+00:00,2021-04-05 21:21:40+00:00,1,6.2,6.2,0.9967266775777414,possible_instrumental_spike
Avg_Turb,2021-04-06 08:21:40+00:00,2021-04-06 08:21:40+00:00,1,20.72,20.72,0.9956395348837208,possible_instrumental_spike
Avg_Turb,2021-04-06 16:21:40+00:00,2021-04-06 16:21:40+00:00,1,0.14,0.14,0.6666666666666666,possible_instrumental_spike
Avg_Turb,2021-04-06 21:21:40+00:00,2021-04-06 21:21:40+00:00,1,208.0,208.0,0.9787418237783764,possible_instrumental_spike
Avg_Turb,2021-04-07 08:51:40+00:00,2021-04-07 08:51:40+00:00,1,0.25,0.25,0.625,possible_instrumental_spike
Avg_Turb,2021-04-07 13:51:40+00:00,2021-04-07 13:51:40+00:00,1,0.44,0.44,0.6857142857142857,possible_instrumental_spike
Avg_Turb,2021-04-09 05:21:40+00:00,2021-04-09 05:21:40+00:00,1,15.27,15.27,0.9567243675099867,possible_instrumental_spike
Avg_Turb,2021-04-09 14:51:40+00:00,2021-04-09 14:51:40+00:00,1,2.65,2.65,0.7196652719665272,possible_instrumental_spike
Avg_Turb,2021-04-10 00:21:40+00:00,2021-04-10 00:21:40+00:00,1,6.94,6.94,0.8920539730134933,possible_instrumental_spike
Avg_Turb,2021-04-11 09:21:40+00:00,2021-04-11 09:21:40+00:00,1,9.07,9.07,0.9375709421112371,possible_instrumental_spike
Avg_Turb,2021-04-11 23:21:40+00:00,2021-04-11 23:21:40+00:00,1,4.71,4.71,0.9357798165137614,possible_instrumental_spike
Avg_Turb,2021-04-12 10:51:40+00:00,2021-04-12 10:51:40+00:00,1,302.97,302.97,0.8893660599253411,possible_instrumental_spike
Avg_Turb,2021-04-12 16:21:40+00:00,2021-04-12 16:21:40+00:00,1,144.1,144.1,0.8925815198498228,possible_instrumental_spike
Avg_Turb,2021-04-12 20:51:40+00:00,2021-04-12 20:51:40+00:00,1,6.24,6.24,0.9197324414715718,possible_instrumental_spike
Avg_Turb,2021-04-13 10:51:40+00:00,2021-04-13 10:51:40+00:00,1,2.7,2.7,0.7280000000000001,possible_instrumental_spike
Avg_Turb,2021-04-14 03:51:40+00:00,2021-04-14 03:51:40+00:00,1,2.07,2.07,0.8222222222222223,possible_instrumental_spike
Avg_Turb,2021-04-14 12:21:40+00:00,2021-04-14 12:21:40+00:00,1,1.04,1.04,0.6395348837209303,possible_instrumental_spike
Avg_Turb,2021-04-16 10:21:40+00:00,2021-04-16 10:21:40+00:00,1,1.49,1.49,0.6811594202898551,possible_instrumental_spike
Avg_Turb,2021-04-17 21:21:40+00:00,2021-04-17 21:21:40+00:00,1,1.66,1.66,0.5906040268456375,possible_instrumental_spike
Avg_Turb,2021-04-19 10:21:40+00:00,2021-04-19 10:21:40+00:00,1,1.38,1.38,0.5271317829457365,possible_instrumental_spike
Avg_Turb,2021-04-20 21:21:40+00:00,2021-04-20 21:21:40+00:00,1,0.37,0.37,0.5238095238095237,possible_instrumental_spike
Avg_Turb,2021-04-21 01:51:40+00:00,2021-04-21 01:51:40+00:00,1,0.32,0.32,0.6086956521739131,possible_instrumental_spike
Avg_Turb,2021-04-21 05:51:40+00:00,2021-04-21 05:51:40+00:00,1,0.27,0.27,0.5625,possible_instrumental_spike
Avg_Turb,2021-04-21 14:51:40+00:00,2021-04-21 14:51:40+00:00,1,0.16,0.16,0.857142857142857,possible_instrumental_spike
Avg_Turb,2021-04-21 21:21:40+00:00,2021-04-21 21:21:40+00:00,1,0.36,0.36,0.7599999999999999,possible_instrumental_spike
Avg_Turb,2021-04-22 03:51:40+00:00,2021-04-22 03:51:40+00:00,1,3.91,3.91,0.9738219895287958,possible_instrumental_spike
Avg_Turb,2021-04-22 17:21:40+00:00,2021-04-22 17:21:40+00:00,1,13.97,13.97,0.9899135446685878,possible_instrumental_spike
Avg_Turb,2021-04-22 23:21:40+00:00,2021-04-22 23:21:40+00:00,1,1.45,1.45,0.9296874999999999,possible_instrumental_spike
Avg_Turb,2021-04-23 18:51:40+00:00,2021-04-23 18:51:40+00:00,1,17.78,17.78,0.9653802497162316,possible_instrumental_spike
Avg_Turb,2021-04-24 08:51:40+00:00,2021-04-24 08:51:40+00:00,1,1.47,1.47,0.8449612403100774,possible_instrumental_spike
Avg_Turb,2021-04-24 11:51:40+00:00,2021-04-24 11:51:40+00:00,1,3.39,3.39,0.7227414330218069,possible_instrumental_spike
Avg_Turb,2021-04-24 20:21:40+00:00,2021-04-24 20:21:40+00:00,1,243.49,243.49,0.9897661419588181,possible_instrumental_spike
Avg_Turb,2021-04-26 05:51:40+00:00,2021-04-26 05:51:40+00:00,1,1.7,1.7,0.6382978723404255,possible_instrumental_spike
Avg_Turb,2021-04-26 15:21:40+00:00,2021-04-26 15:21:40+00:00,1,1.76,1.76,0.6866666666666666,possible_instrumental_spike
Avg_Turb,2021-04-27 08:51:40+00:00,2021-04-27 08:51:40+00:00,1,11.37,11.37,0.945994599459946,possible_instrumental_spike
Avg_Turb,2021-04-28 11:51:40+00:00,2021-04-28 11:51:40+00:00,1,4.79,4.79,0.8980044345898004,possible_instrumental_spike
Avg_Turb,2021-04-29 10:21:40+00:00,2021-04-29 10:21:40+00:00,1,3.53,3.53,0.9024390243902439,possible_instrumental_spike
Avg_Turb,2021-05-02 19:21:40+00:00,2021-05-02 19:21:40+00:00,1,0.57,0.57,0.6153846153846153,possible_instrumental_spike
Avg_Turb,2021-05-05 05:51:40+00:00,2021-05-05 05:51:40+00:00,1,0.23,0.23,0.5714285714285715,possible_instrumental_spike
Avg_Turb,2021-05-07 20:51:40+00:00,2021-05-07 20:51:40+00:00,1,0.87,0.87,0.8441558441558442,possible_instrumental_spike
Avg_Turb,2021-05-08 11:51:40+00:00,2021-05-08 11:51:40+00:00,1,1.08,1.08,0.8383838383838383,possible_instrumental_spike
Avg_Turb,2021-05-08 15:21:40+00:00,2021-05-08 15:21:40+00:00,1,0.43,0.43,0.5294117647058824,possible_instrumental_spike
Avg_Turb,2021-05-09 08:51:40+00:00,2021-05-09 08:51:40+00:00,1,0.63,0.63,0.6170212765957447,possible_instrumental_spike
Avg_Turb,2021-05-11 23:21:40+00:00,2021-05-11 23:21:40+00:00,1,0.63,0.63,0.5238095238095237,possible_instrumental_spike
Avg_Turb,2021-05-13 11:51:40+00:00,2021-05-13 11:51:40+00:00,1,0.73,0.73,0.5853658536585366,possible_instrumental_spike
Avg_Turb,2021-05-15 12:51:40+00:00,2021-05-15 12:51:40+00:00,1,0.56,0.56,0.6842105263157895,possible_instrumental_spike
Avg_Turb,2021-05-17 09:21:40+00:00,2021-05-17 09:21:40+00:00,1,0.85,0.85,0.6176470588235294,possible_instrumental_spike
Avg_Turb,2021-05-17 20:51:40+00:00,2021-05-17 20:51:40+00:00,1,1.56,1.56,0.6462585034013606,possible_instrumental_spike
Avg_Turb,2021-05-22 18:21:40+00:00,2021-05-22 18:21:40+00:00,1,0.3,0.3,0.5714285714285714,possible_instrumental_spike
Avg_Turb,2021-05-25 00:21:40+00:00,2021-05-25 00:21:40+00:00,1,0.8,0.8,0.6909090909090909,possible_instrumental_spike
Avg_Turb,2021-05-28 06:51:40+00:00,2021-05-28 06:51:40+00:00,1,0.62,0.62,0.5277777777777778,possible_instrumental_spike
Avg_Turb,2021-05-29 14:21:40+00:00,2021-05-29 14:21:40+00:00,1,0.63,0.63,0.8043478260869565,possible_instrumental_spike
Avg_Turb,2021-05-29 18:21:40+00:00,2021-05-29 18:21:40+00:00,1,0.44,0.44,0.7307692307692307,possible_instrumental_spike
Avg_Turb,2021-05-29 22:21:40+00:00,2021-05-29 22:21:40+00:00,1,0.41,0.41,0.625,possible_instrumental_spike
Avg_Turb,2021-05-31 15:21:40+00:00,2021-05-31 15:21:40+00:00,1,0.16,0.16,1.0,possible_instrumental_spike
Avg_Turb,2021-06-02 01:21:40+00:00,2021-06-02 01:21:40+00:00,1,0.38,0.38,0.8,possible_instrumental_spike
Avg_Turb,2021-06-03 02:21:40+00:00,2021-06-03 02:21:40+00:00,1,0.15,0.15,0.8571428571428572,possible_instrumental_spike
Avg_Turb,2021-06-03 17:51:40+00:00,2021-06-03 17:51:40+00:00,1,0.26,0.26,0.6470588235294118,possible_instrumental_spike
Avg_Turb,2021-06-04 11:21:40+00:00,2021-06-04 11:21:40+00:00,1,1.1,1.1,0.9042553191489362,possible_instrumental_spike
Avg_Turb,2021-06-07 20:21:40+00:00,2021-06-07 20:21:40+00:00,1,9.16,9.16,0.9561797752808988,possible_instrumental_spike
Avg_Turb,2021-06-16 03:21:40+00:00,2021-06-16 03:21:40+00:00,1,0.37,0.37,0.5555555555555555,possible_instrumental_spike
Avg_Turb,2021-06-17 07:21:40+00:00,2021-06-17 07:21:40+00:00,1,0.7,0.7,0.6818181818181818,possible_instrumental_spike
Avg_Turb,2021-06-17 10:51:40+00:00,2021-06-17 10:51:40+00:00,1,0.62,0.62,0.611111111111111,possible_instrumental_spike
Avg_Turb,2021-06-18 17:21:40+00:00,2021-06-18 17:21:40+00:00,1,0.72,0.72,0.6666666666666666,possible_instrumental_spike
Avg_Turb,2021-06-24 12:51:40+00:00,2021-06-24 12:51:40+00:00,1,1.82,1.82,0.6351351351351352,possible_instrumental_spike
Avg_Turb,2021-06-25 10:51:40+00:00,2021-06-25 10:51:40+00:00,1,1.03,1.03,0.5301204819277109,possible_instrumental_spike
Avg_Turb,2021-06-27 18:21:40+00:00,2021-06-27 18:21:40+00:00,1,229.52,229.52,0.9923231265811742,possible_instrumental_spike
Avg_Turb,2021-07-03 19:51:40+00:00,2021-07-03 19:51:40+00:00,1,0.23,0.23,0.8333333333333336,possible_instrumental_spike
Avg_Turb,2021-07-07 03:21:40+00:00,2021-07-07 03:21:40+00:00,1,2.88,2.88,0.5762081784386617,possible_instrumental_spike
Avg_Turb,2021-07-11 12:21:40+00:00,2021-07-11 12:21:40+00:00,1,0.7,0.7,0.6274509803921567,possible_instrumental_spike
Avg_Turb,2021-07-13 12:51:40+00:00,2021-07-13 12:51:40+00:00,1,1.45,1.45,0.9296874999999999,possible_instrumental_spike
Avg_Turb,2021-07-13 18:51:40+00:00,2021-07-13 18:51:40+00:00,1,119.54,119.54,0.9925435656836462,possible_instrumental_spike
Avg_Turb,2021-07-16 13:21:40+00:00,2021-07-16 13:21:40+00:00,1,25.13,25.13,0.9860223642172523,possible_instrumental_spike
Avg_Turb,2021-07-16 16:51:40+00:00,2021-07-16 16:51:40+00:00,1,175.38,175.38,0.9996577100804381,possible_instrumental_spike
Avg_Turb,2021-07-22 03:21:40+00:00,2021-07-22 03:21:40+00:00,1,206.84,206.84,0.5577137321385323,possible_instrumental_spike
Avg_Turb,2021-07-23 07:51:40+00:00,2021-07-23 07:51:40+00:00,1,203.95,203.95,0.6085760597278845,possible_instrumental_spike
Avg_Turb,2021-07-26 12:21:40+00:00,2021-07-26 12:21:40+00:00,1,49.26,49.26,0.9915880180549858,possible_instrumental_spike
Avg_Turb,2021-07-28 13:51:40+00:00,2021-07-28 13:51:40+00:00,1,44.8,44.8,0.9927992799279928,possible_instrumental_spike
Avg_Turb,2021-07-29 01:51:40+00:00,2021-07-29 01:51:40+00:00,1,251.58,251.58,0.7183059348007801,possible_instrumental_spike
Avg_Turb,2021-07-29 11:51:40+00:00,2021-07-29 11:51:40+00:00,1,84.01,84.01,0.9962980654406496,possible_instrumental_spike
Avg_Turb,2021-07-29 19:21:40+00:00,2021-07-29 19:21:40+00:00,1,284.17,284.17,0.6855048974702276,possible_instrumental_spike
Avg_Turb,2021-07-30 00:21:40+00:00,2021-07-30 00:21:40+00:00,1,253.56,253.56,0.5787852460311192,possible_instrumental_spike
Avg_Turb,2021-07-30 03:21:40+00:00,2021-07-30 03:21:40+00:00,1,257.81,257.81,0.5857153953705142,possible_instrumental_spike
Avg_Turb,2021-07-30 06:21:40+00:00,2021-07-30 06:21:40+00:00,1,252.12,252.12,0.6964186452791233,possible_instrumental_spike
Avg_Turb,2021-07-30 09:51:40+00:00,2021-07-30 09:51:40+00:00,1,288.57,288.57,0.7320939266761471,possible_instrumental_spike
Avg_Turb,2021-07-30 12:51:40+00:00,2021-07-30 12:51:40+00:00,1,295.85,295.85,0.6899421495991069,possible_instrumental_spike
Avg_Turb,2021-07-30 19:51:40+00:00,2021-07-30 19:51:40+00:00,1,346.8,346.8,0.7812788550323176,possible_instrumental_spike
Avg_Turb,2021-08-02 19:51:40+00:00,2021-08-02 19:51:40+00:00,1,85.96,85.96,0.9980163360560094,possible_instrumental_spike
Avg_Turb,2021-08-03 11:21:40+00:00,2021-08-03 11:21:40+00:00,1,0.92,0.92,0.6666666666666667,possible_instrumental_spike
Avg_Turb,2021-08-04 12:51:40+00:00,2021-08-04 12:51:40+00:00,1,86.14,86.14,0.9838146250582208,possible_instrumental_spike
Avg_Turb,2021-08-04 16:21:40+00:00,2021-08-04 16:21:40+00:00,1,102.89,102.89,0.9879964867766176,possible_instrumental_spike
Avg_Turb,2021-08-05 01:21:40+00:00,2021-08-05 01:21:40+00:00,1,113.45,113.45,0.9841746971974185,possible_instrumental_spike
Avg_Turb,2021-08-05 18:21:40+00:00,2021-08-05 18:21:40+00:00,1,346.8,346.8,0.5430641343878081,possible_instrumental_spike
Avg_Turb,2021-08-07 14:51:40+00:00,2021-08-07 14:51:40+00:00,1,319.15,319.15,0.9368430960373985,possible_instrumental_spike
Avg_Turb,2021-08-07 23:21:40+00:00,2021-08-07 23:21:40+00:00,1,111.12,111.12,0.838479595521849,possible_instrumental_spike
Avg_Turb,2021-08-09 09:51:40+00:00,2021-08-09 09:51:40+00:00,1,113.74,113.74,0.905568793575148,possible_instrumental_spike
Avg_Turb,2021-08-09 16:21:40+00:00,2021-08-09 16:21:40+00:00,1,129.69,129.69,0.7465615824447536,possible_instrumental_spike
Avg_Turb,2021-08-09 22:51:40+00:00,2021-08-09 22:51:40+00:00,1,129.24,129.24,0.7632089378539839,possible_instrumental_spike
Avg_Turb,2021-08-10 02:21:40+00:00,2021-08-10 02:21:40+00:00,1,135.97,135.97,0.8736904234912204,possible_instrumental_spike
Avg_Turb,2021-08-10 07:21:40+00:00,2021-08-10 07:21:40+00:00,1,136.48,136.48,0.8418614909572122,possible_instrumental_spike
Avg_Turb,2021-08-10 15:21:40+00:00,2021-08-10 15:21:40+00:00,1,152.53,152.53,0.8876404494382023,possible_instrumental_spike
Avg_Turb,2021-08-11 06:51:40+00:00,2021-08-11 06:51:40+00:00,1,140.28,140.28,0.9264505974100308,possible_instrumental_spike
Avg_Turb,2021-08-12 10:51:40+00:00,2021-08-12 10:51:40+00:00,1,126.85,126.85,0.610149395304719,possible_instrumental_spike
Avg_Turb,2021-08-13 04:51:40+00:00,2021-08-13 04:51:40+00:00,1,138.17,138.17,0.6396925531143498,possible_instrumental_spike
Avg_Turb,2021-08-18 11:21:40+00:00,2021-08-18 11:21:40+00:00,1,123.03,123.03,0.5820725557182366,possible_instrumental_spike
Avg_Turb,2021-08-21 00:21:40+00:00,2021-08-21 00:21:40+00:00,1,26.17,26.17,0.7307098765432098,possible_instrumental_spike
Avg_Turb,2021-08-21 04:21:40+00:00,2021-08-21 04:21:40+00:00,1,98.01,98.01,0.5294117647058825,possible_instrumental_spike
Avg_Turb,2021-08-24 06:21:40+00:00,2021-08-24 06:21:40+00:00,1,35.62,35.62,0.6042021578648494,possible_instrumental_spike
Avg_Turb,2021-08-25 04:21:40+00:00,2021-08-25 04:21:40+00:00,1,134.44,134.44,0.5289157525557794,possible_instrumental_spike
Avg_Turb,2021-08-25 15:51:40+00:00,2021-08-25 15:51:40+00:00,1,238.93,238.93,0.7621542330259851,possible_instrumental_spike
Avg_Turb,2021-08-26 03:21:40+00:00,2021-08-26 03:21:40+00:00,1,13.32,13.32,0.5764796310530361,possible_instrumental_spike
Avg_Turb,2021-08-27 09:51:40+00:00,2021-08-27 09:51:40+00:00,1,14.14,14.14,0.5937726285300506,possible_instrumental_spike
Avg_Turb,2021-08-28 01:21:40+00:00,2021-08-28 01:21:40+00:00,1,86.9,86.9,0.8051423959414276,possible_instrumental_spike
Avg_Turb,2021-08-28 07:21:40+00:00,2021-08-28 07:21:40+00:00,1,165.08,165.08,0.7700397431977989,possible_instrumental_spike
Avg_Turb,2021-08-30 00:21:40+00:00,2021-08-30 00:21:40+00:00,1,157.46,157.46,0.5543254376930998,possible_instrumental_spike
Avg_Turb,2021-08-31 18:51:40+00:00,2021-08-31 18:51:40+00:00,1,208.57,208.57,0.7436809226333493,possible_instrumental_spike
Avg_Turb,2021-09-02 02:51:40+00:00,2021-09-02 02:51:40+00:00,1,52.48,52.48,0.7552968123687727,possible_instrumental_spike
Avg_Turb,2021-09-02 13:51:40+00:00,2021-09-02 13:51:40+00:00,1,145.53,145.53,0.7414257125112138,possible_instrumental_spike
Avg_Turb,2021-09-03 12:21:40+00:00,2021-09-03 12:21:40+00:00,1,92.95,92.95,0.5639274518584864,possible_instrumental_spike
Avg_Turb,2021-09-04 09:21:40+00:00,2021-09-04 09:21:40+00:00,1,170.86,170.86,0.6465396554872481,possible_instrumental_spike
Avg_Turb,2021-09-05 08:51:40+00:00,2021-09-05 08:51:40+00:00,1,259.74,259.74,0.995065535851966,possible_instrumental_spike
Avg_Turb,2021-09-05 13:51:40+00:00,2021-09-05 13:51:40+00:00,1,57.47,57.47,0.8604732690622261,possible_instrumental_spike
Avg_Turb,2021-09-05 19:21:40+00:00,2021-09-05 19:21:40+00:00,1,75.08,75.08,0.8723575060208725,possible_instrumental_spike
Avg_Turb,2021-09-06 05:51:40+00:00,2021-09-06 05:51:40+00:00,1,19.27,19.27,0.6647214854111406,possible_instrumental_spike
Avg_Turb,2021-09-06 14:21:40+00:00,2021-09-06 14:21:40+00:00,1,114.68,114.68,0.706519839188953,possible_instrumental_spike
Avg_Turb,2021-09-07 00:51:40+00:00,2021-09-07 00:51:40+00:00,1,97.61,97.61,0.5419839473142622,possible_instrumental_spike
Avg_Turb,2021-09-08 18:21:40+00:00,2021-09-08 18:21:40+00:00,1,253.74,253.74,0.8065599683856945,possible_instrumental_spike
Avg_Turb,2021-09-09 02:51:40+00:00,2021-09-09 02:51:40+00:00,1,86.1,86.1,0.7409271833294311,possible_instrumental_spike
Avg_Turb,2021-09-09 14:51:40+00:00,2021-09-09 14:51:40+00:00,1,108.4,108.4,0.6750902527075813,possible_instrumental_spike
Avg_Turb,2021-09-10 03:21:40+00:00,2021-09-10 03:21:40+00:00,1,242.9,242.9,0.5549001814882033,possible_instrumental_spike
Avg_Turb,2021-09-10 09:21:40+00:00,2021-09-10 09:21:40+00:00,1,141.11,141.11,0.993674035112659,possible_instrumental_spike
Avg_Turb,2021-09-12 05:21:40+00:00,2021-09-12 05:21:40+00:00,1,136.62,136.62,0.6539223600205475,possible_instrumental_spike
Avg_Turb,2021-09-12 08:21:40+00:00,2021-09-12 08:21:40+00:00,1,171.99,171.99,0.7249010016305615,possible_instrumental_spike
Avg_Turb,2021-09-13 23:21:40+00:00,2021-09-13 23:21:40+00:00,1,170.89,170.89,0.7590714578814702,possible_instrumental_spike
Avg_Turb,2021-09-14 04:21:40+00:00,2021-09-14 04:21:40+00:00,1,150.72,150.72,0.6553304549983393,possible_instrumental_spike
Avg_Turb,2021-09-14 14:51:40+00:00,2021-09-14 14:51:40+00:00,1,152.57,152.57,0.5485417761429322,possible_instrumental_spike
Avg_Turb,2021-09-15 01:21:40+00:00,2021-09-15 01:21:40+00:00,1,6.43,6.43,0.7113564668769716,possible_instrumental_spike
Avg_Turb,2021-09-15 20:21:40+00:00,2021-09-15 20:21:40+00:00,1,104.68,104.68,0.8336682936166141,possible_instrumental_spike
Avg_Turb,2021-09-15 23:21:40+00:00,2021-09-15 23:21:40+00:00,1,15.08,15.08,0.6181208053691276,possible_instrumental_spike
Avg_Turb,2021-09-16 02:21:40+00:00,2021-09-16 02:21:40+00:00,1,92.12,92.12,0.8740893769707514,possible_instrumental_spike
Avg_Turb,2021-09-16 14:51:40+00:00,2021-09-16 14:51:40+00:00,1,156.21,156.21,0.5196769644917318,possible_instrumental_spike
Avg_Turb,2021-09-18 01:51:40+00:00,2021-09-18 01:51:40+00:00,1,100.63,100.63,0.6718468016843794,possible_instrumental_spike
Avg_Turb,2021-09-19 00:21:40+00:00,2021-09-19 00:21:40+00:00,1,17.27,17.27,0.5316380839739799,possible_instrumental_spike
Avg_Turb,2021-09-19 03:21:40+00:00,2021-09-19 03:21:40+00:00,1,27.66,27.66,0.8022702306847309,possible_instrumental_spike
Avg_Turb,2021-09-19 13:21:40+00:00,2021-09-19 13:21:40+00:00,1,26.61,26.61,0.5800383877159309,possible_instrumental_spike
Avg_Turb,2021-09-20 02:21:40+00:00,2021-09-20 02:21:40+00:00,1,22.6,22.6,0.691647855530474,possible_instrumental_spike
Avg_Turb,2021-09-20 19:21:40+00:00,2021-09-20 19:21:40+00:00,1,65.74,65.74,0.8322096230462764,possible_instrumental_spike
Avg_Turb,2021-09-21 01:51:40+00:00,2021-09-21 01:51:40+00:00,1,10.3,10.3,0.7445932028836251,possible_instrumental_spike
Avg_Turb,2021-09-22 00:21:40+00:00,2021-09-22 00:21:40+00:00,1,21.21,21.21,0.8042532624456259,possible_instrumental_spike
Avg_Turb,2021-09-22 10:21:40+00:00,2021-09-22 10:21:40+00:00,1,62.32,62.32,0.7602272727272726,possible_instrumental_spike
Avg_Turb,2021-09-22 13:51:40+00:00,2021-09-22 13:51:40+00:00,1,12.93,12.93,0.6247974068071313,possible_instrumental_spike
Avg_Turb,2021-09-22 19:21:40+00:00,2021-09-22 19:21:40+00:00,1,43.82,43.82,0.6140877598152426,possible_instrumental_spike
Avg_Turb,2021-09-24 01:21:40+00:00,2021-09-24 01:21:40+00:00,1,15.07,15.07,0.6291344123856439,possible_instrumental_spike
Avg_Turb,2021-09-25 01:21:40+00:00,2021-09-25 01:21:40+00:00,1,1.46,1.46,0.5735294117647058,possible_instrumental_spike
Avg_Turb,2021-09-26 04:21:40+00:00,2021-09-26 04:21:40+00:00,1,2.47,2.47,0.5567010309278352,possible_instrumental_spike
Avg_Turb,2021-09-28 01:21:40+00:00,2021-09-28 01:21:40+00:00,1,0.81,0.81,0.6595744680851064,possible_instrumental_spike
Avg_Turb,2021-09-28 04:21:40+00:00,2021-09-28 04:21:40+00:00,1,2.57,2.57,0.9220779220779222,possible_instrumental_spike
Avg_Turb,2021-09-29 01:21:40+00:00,2021-09-29 01:21:40+00:00,1,2.02,2.02,0.875,possible_instrumental_spike
Avg_Turb,2021-09-29 04:21:40+00:00,2021-09-29 04:21:40+00:00,1,5.19,5.19,0.5338645418326694,possible_instrumental_spike
Avg_Turb,2021-09-29 07:21:40+00:00,2021-09-29 07:21:40+00:00,1,5.46,5.46,0.55765595463138,possible_instrumental_spike
Avg_Turb,2021-09-30 05:51:40+00:00,2021-09-30 05:51:40+00:00,1,4.89,4.89,0.6764091858037578,possible_instrumental_spike
Avg_Turb,2021-09-30 20:51:40+00:00,2021-09-30 20:51:40+00:00,1,34.12,34.12,0.8736409050837497,possible_instrumental_spike
Avg_Turb,2021-10-01 01:21:40+00:00,2021-10-01 01:21:40+00:00,1,5.32,5.32,0.5219885277246654,possible_instrumental_spike
Avg_Turb,2021-10-01 08:51:40+00:00,2021-10-01 08:51:40+00:00,1,0.54,0.54,0.7777777777777778,possible_instrumental_spike
Avg_Turb,2021-10-05 06:51:40+00:00,2021-10-05 06:51:40+00:00,1,1.61,1.61,0.8809523809523808,possible_instrumental_spike
Avg_Turb,2021-10-05 10:51:40+00:00,2021-10-05 10:51:40+00:00,1,3.01,3.01,0.9022556390977444,possible_instrumental_spike
Avg_Turb,2021-10-08 17:51:40+00:00,2021-10-08 17:51:40+00:00,1,3.47,3.47,0.9278688524590163,possible_instrumental_spike
Avg_Turb,2021-10-09 02:51:40+00:00,2021-10-09 02:51:40+00:00,1,1.12,1.12,0.6346153846153846,possible_instrumental_spike
Avg_Turb,2021-10-09 20:21:40+00:00,2021-10-09 20:21:40+00:00,1,1.97,1.97,0.8513513513513513,possible_instrumental_spike
Avg_Turb,2021-10-12 03:51:40+00:00,2021-10-12 03:51:40+00:00,1,0.84,0.84,0.6153846153846153,possible_instrumental_spike
Avg_Turb,2021-10-12 11:51:40+00:00,2021-10-12 11:51:40+00:00,1,1.78,1.78,0.9490445859872612,possible_instrumental_spike
Avg_Turb,2021-10-12 18:51:40+00:00,2021-10-12 18:51:40+00:00,1,0.91,0.91,0.8873239436619719,possible_instrumental_spike
Avg_Turb,2021-10-14 13:51:40+00:00,2021-10-14 13:51:40+00:00,1,1.84,1.84,0.9085365853658537,possible_instrumental_spike
Avg_Turb,2021-10-14 20:21:40+00:00,2021-10-14 20:21:40+00:00,1,3.04,3.04,0.9680851063829787,possible_instrumental_spike
Avg_Turb,2021-10-15 12:21:40+00:00,2021-10-15 12:21:40+00:00,1,28.93,28.93,0.9288950853956082,possible_instrumental_spike
Avg_Turb,2021-10-15 18:51:40+00:00,2021-10-15 18:51:40+00:00,1,5.35,5.35,0.7297830374753452,possible_instrumental_spike
Avg_Turb,2021-10-16 12:21:40+00:00,2021-10-16 12:21:40+00:00,1,13.33,13.33,0.981679389312977,possible_instrumental_spike
Avg_Turb,2021-10-17 19:21:40+00:00,2021-10-17 19:21:40+00:00,1,1.41,1.41,0.7217391304347827,possible_instrumental_spike
Avg_Turb,2021-10-18 12:21:40+00:00,2021-10-18 12:21:40+00:00,1,4.57,4.57,0.9105882352941177,possible_instrumental_spike
Avg_Turb,2021-10-20 02:21:40+00:00,2021-10-20 02:21:40+00:00,1,3.64,3.64,0.8181818181818181,possible_instrumental_spike
Avg_Turb,2021-10-21 12:51:40+00:00,2021-10-21 12:51:40+00:00,1,1.36,1.36,0.7525773195876289,possible_instrumental_spike
Avg_Turb,2021-10-21 18:51:40+00:00,2021-10-21 18:51:40+00:00,1,1.04,1.04,0.7142857142857143,possible_instrumental_spike
Avg_Turb,2021-10-22 08:51:40+00:00,2021-10-22 08:51:40+00:00,1,1.31,1.31,0.6404494382022472,possible_instrumental_spike
Avg_Turb,2021-10-24 01:51:40+00:00,2021-10-24 01:51:40+00:00,1,4.7,4.7,0.9402298850574711,possible_instrumental_spike
Avg_Turb,2021-10-25 22:51:40+00:00,2021-10-25 22:51:40+00:00,1,0.61,0.61,0.6341463414634146,possible_instrumental_spike
Avg_Turb,2021-10-26 05:51:40+00:00,2021-10-26 05:51:40+00:00,1,0.58,0.58,0.5897435897435898,possible_instrumental_spike
Avg_Turb,2021-10-26 19:21:40+00:00,2021-10-26 19:21:40+00:00,1,0.78,0.78,0.7777777777777778,possible_instrumental_spike
Avg_Turb,2021-10-27 17:21:40+00:00,2021-10-27 17:21:40+00:00,1,16.1,16.1,0.9811557788944724,possible_instrumental_spike
Avg_Turb,2021-10-28 06:51:40+00:00,2021-10-28 06:51:40+00:00,1,0.83,0.83,0.6619718309859155,possible_instrumental_spike
Avg_Turb,2021-10-30 15:21:40+00:00,2021-10-30 15:21:40+00:00,1,26.9,26.9,0.9812804193186072,possible_instrumental_spike
Avg_Turb,2021-10-30 18:51:40+00:00,2021-10-30 18:51:40+00:00,1,1.79,1.79,0.6875,possible_instrumental_spike
Avg_Turb,2021-10-31 08:21:40+00:00,2021-10-31 08:21:40+00:00,1,18.98,18.98,0.9883227176220808,possible_instrumental_spike
Avg_Turb,2021-10-31 13:51:40+00:00,2021-10-31 13:51:40+00:00,1,26.07,26.07,0.9918950212273253,possible_instrumental_spike
Avg_Turb,2021-10-31 20:21:40+00:00,2021-10-31 20:21:40+00:00,1,35.87,35.87,0.8718092566619916,possible_instrumental_spike
Avg_Turb,2021-11-01 00:21:40+00:00,2021-11-01 00:21:40+00:00,1,1.97,1.97,0.6971428571428572,possible_instrumental_spike
Avg_Turb,2021-11-01 08:21:40+00:00,2021-11-01 08:21:40+00:00,1,99.16,99.16,0.8173913043478261,possible_instrumental_spike
Avg_Turb,2021-11-01 18:21:40+00:00,2021-11-01 18:21:40+00:00,1,48.94,48.94,0.7121430039038422,possible_instrumental_spike
Avg_Turb,2021-11-01 23:51:40+00:00,2021-11-01 23:51:40+00:00,1,2.49,2.49,0.8423423423423423,possible_instrumental_spike
Avg_Turb,2021-11-02 15:21:40+00:00,2021-11-02 15:21:40+00:00,1,14.95,14.95,0.9546703296703296,possible_instrumental_spike
Avg_Turb,2021-11-02 19:21:40+00:00,2021-11-02 19:21:40+00:00,1,5.91,5.91,0.8940754039497307,possible_instrumental_spike
Avg_Turb,2021-11-04 08:21:40+00:00,2021-11-04 08:21:40+00:00,1,2.2,2.2,0.6379310344827586,possible_instrumental_spike
Avg_Turb,2021-11-04 11:51:40+00:00,2021-11-04 11:51:40+00:00,1,1.88,1.88,0.5736434108527132,possible_instrumental_spike
Avg_Turb,2021-11-06 09:21:40+00:00,2021-11-06 09:21:40+00:00,1,5.18,5.18,0.5329218106995885,possible_instrumental_spike
Avg_Turb,2021-11-06 17:51:40+00:00,2021-11-06 17:51:40+00:00,1,1.54,1.54,0.7560975609756098,possible_instrumental_spike
Avg_Turb,2021-11-08 07:21:40+00:00,2021-11-08 07:21:40+00:00,1,2.35,2.35,0.8900000000000001,possible_instrumental_spike
Avg_Turb,2021-11-08 13:21:40+00:00,2021-11-08 13:21:40+00:00,1,2.73,2.73,0.6218487394957983,possible_instrumental_spike
Avg_Turb,2021-11-09 01:51:40+00:00,2021-11-09 01:51:40+00:00,1,1.3,1.3,0.9062500000000001,possible_instrumental_spike
Avg_Turb,2021-11-10 09:21:40+00:00,2021-11-10 09:21:40+00:00,1,0.34,0.34,0.6666666666666666,possible_instrumental_spike
Avg_Turb,2021-11-10 15:51:40+00:00,2021-11-10 15:51:40+00:00,1,0.35,0.35,0.5999999999999999,possible_instrumental_spike
Avg_Turb,2021-11-10 19:51:40+00:00,2021-11-10 19:51:40+00:00,1,0.22,0.22,0.625,possible_instrumental_spike
Avg_Turb,2021-11-11 07:21:40+00:00,2021-11-11 07:21:40+00:00,1,4.03,4.03,0.9873737373737373,possible_instrumental_spike
Avg_Turb,2021-11-12 21:51:40+00:00,2021-11-12 21:51:40+00:00,1,0.15,0.15,0.5555555555555555,possible_instrumental_spike
Avg_Turb,2021-11-14 16:21:40+00:00,2021-11-14 16:21:40+00:00,1,13.28,13.28,0.9801980198019802,possible_instrumental_spike
Avg_Turb,2021-11-15 18:51:40+00:00,2021-11-15 18:51:40+00:00,1,19.28,19.28,0.9860813704496789,possible_instrumental_spike
Avg_Turb,2021-11-17 17:21:40+00:00,2021-11-17 17:21:40+00:00,1,9.43,9.43,0.793141592920354,possible_instrumental_spike
Avg_Turb,2021-11-18 18:21:40+00:00,2021-11-18 18:21:40+00:00,1,4.16,4.16,0.8407310704960835,possible_instrumental_spike
Avg_Turb,2021-11-20 16:21:40+00:00,2021-11-20 16:21:40+00:00,1,0.65,0.65,0.6923076923076923,possible_instrumental_spike
Avg_Turb,2021-11-21 16:21:40+00:00,2021-11-21 16:21:40+00:00,1,0.42,0.42,0.6,possible_instrumental_spike
Avg_Turb,2021-11-21 20:21:40+00:00,2021-11-21 20:21:40+00:00,1,1.19,1.19,0.8163265306122448,possible_instrumental_spike
Avg_Turb,2021-11-22 14:51:40+00:00,2021-11-22 14:51:40+00:00,1,0.92,0.92,0.5844155844155845,possible_instrumental_spike
Avg_Turb,2021-11-23 09:51:40+00:00,2021-11-23 09:51:40+00:00,1,2.58,2.58,0.846153846153846,possible_instrumental_spike
Avg_Turb,2021-11-24 00:21:40+00:00,2021-11-24 00:21:40+00:00,1,3.92,3.92,0.9373368146214098,possible_instrumental_spike
Avg_Turb,2021-11-25 10:51:40+00:00,2021-11-25 10:51:40+00:00,1,6.98,6.98,0.9869942196531791,possible_instrumental_spike
Avg_Turb,2021-11-25 17:21:40+00:00,2021-11-25 17:21:40+00:00,1,1.29,1.29,0.9579831932773111,possible_instrumental_spike
Avg_Turb,2021-11-25 23:51:40+00:00,2021-11-25 23:51:40+00:00,1,1.75,1.75,0.9397590361445783,possible_instrumental_spike
Avg_Turb,2021-11-26 14:21:40+00:00,2021-11-26 14:21:40+00:00,1,0.66,0.66,0.7068965517241379,possible_instrumental_spike
Avg_Turb,2021-11-27 01:51:40+00:00,2021-11-27 01:51:40+00:00,1,0.18,0.18,0.7777777777777777,possible_instrumental_spike
Avg_Turb,2021-11-27 13:21:40+00:00,2021-11-27 13:21:40+00:00,1,15.35,15.35,0.9823066841415465,possible_instrumental_spike
Avg_Turb,2021-11-27 16:21:40+00:00,2021-11-27 16:21:40+00:00,1,1.22,1.22,0.5175438596491229,possible_instrumental_spike
Avg_Turb,2021-11-27 20:21:40+00:00,2021-11-27 20:21:40+00:00,1,5.69,5.69,0.946524064171123,possible_instrumental_spike
Avg_Turb,2021-11-28 01:51:40+00:00,2021-11-28 01:51:40+00:00,1,0.16,0.16,0.6666666666666669,possible_instrumental_spike
Avg_Turb,2021-11-28 04:51:40+00:00,2021-11-28 04:51:40+00:00,1,0.25,0.25,0.8125,possible_instrumental_spike
Avg_Turb,2021-11-28 11:51:40+00:00,2021-11-28 11:51:40+00:00,1,5.57,5.57,0.9166666666666666,possible_instrumental_spike
Avg_Turb,2021-11-28 15:21:40+00:00,2021-11-28 15:21:40+00:00,1,7.18,7.18,0.998589562764457,possible_instrumental_spike
Avg_Turb,2021-11-29 14:51:40+00:00,2021-11-29 14:51:40+00:00,1,9.08,9.08,0.557285873192436,possible_instrumental_spike
Avg_Turb,2021-12-01 06:21:40+00:00,2021-12-01 06:21:40+00:00,1,1.92,1.92,0.7853107344632768,possible_instrumental_spike
Avg_Turb,2021-12-01 11:21:40+00:00,2021-12-01 11:21:40+00:00,1,2.71,2.71,0.5402298850574713,possible_instrumental_spike
Avg_Turb,2021-12-03 10:21:40+00:00,2021-12-03 10:21:40+00:00,1,18.7,18.7,0.6769647696476965,possible_instrumental_spike
Avg_Turb,2021-12-03 20:21:40+00:00,2021-12-03 20:21:40+00:00,1,12.57,12.57,0.9577235772357724,possible_instrumental_spike
Avg_Turb,2021-12-03 23:51:40+00:00,2021-12-03 23:51:40+00:00,1,1.17,1.17,0.7176470588235294,possible_instrumental_spike
Avg_Turb,2021-12-04 06:51:40+00:00,2021-12-04 06:51:40+00:00,1,5.5,5.5,0.8202676864244741,possible_instrumental_spike
Avg_Turb,2021-12-05 03:21:40+00:00,2021-12-05 03:21:40+00:00,1,1.82,1.82,0.8590604026845637,possible_instrumental_spike
Avg_Turb,2021-12-06 01:21:40+00:00,2021-12-06 01:21:40+00:00,1,0.89,0.89,0.5735294117647058,possible_instrumental_spike
Avg_Turb,2021-12-06 19:21:40+00:00,2021-12-06 19:21:40+00:00,1,17.81,17.81,0.7953382603752132,possible_instrumental_spike
Avg_Turb,2021-12-07 00:21:40+00:00,2021-12-07 00:21:40+00:00,1,4.33,4.33,0.5717761557177615,possible_instrumental_spike
Avg_Turb,2021-12-07 07:51:40+00:00,2021-12-07 07:51:40+00:00,1,5.46,5.46,0.889943074003795,possible_instrumental_spike
Avg_Turb,2021-12-07 11:51:40+00:00,2021-12-07 11:51:40+00:00,1,43.65,43.65,0.7310170271514035,possible_instrumental_spike
Avg_Turb,2021-12-08 08:51:40+00:00,2021-12-08 08:51:40+00:00,1,19.76,19.76,0.6620724859622258,possible_instrumental_spike
Avg_Turb,2021-12-09 09:51:40+00:00,2021-12-09 09:51:40+00:00,1,1.3,1.3,0.6416666666666667,possible_instrumental_spike
Avg_Turb,2021-12-09 12:51:40+00:00,2021-12-09 12:51:40+00:00,1,7.08,7.08,0.6738197424892703,possible_instrumental_spike
Avg_Turb,2021-12-09 17:51:40+00:00,2021-12-09 17:51:40+00:00,1,7.08,7.08,0.6051502145922747,possible_instrumental_spike
Avg_Turb,2021-12-10 08:21:40+00:00,2021-12-10 08:21:40+00:00,1,8.98,8.98,0.8886389201349831,possible_instrumental_spike
Avg_Turb,2021-12-10 13:21:40+00:00,2021-12-10 13:21:40+00:00,1,5.1,5.1,0.7544910179640718,possible_instrumental_spike
Avg_Turb,2021-12-10 20:21:40+00:00,2021-12-10 20:21:40+00:00,1,1.63,1.63,0.8766233766233766,possible_instrumental_spike
Avg_Turb,2021-12-10 23:51:40+00:00,2021-12-10 23:51:40+00:00,1,1.06,1.06,0.8350515463917526,possible_instrumental_spike
Avg_Turb,2021-12-11 11:21:40+00:00,2021-12-11 11:21:40+00:00,1,1.47,1.47,0.6737588652482269,possible_instrumental_spike
Avg_Turb,2021-12-11 19:51:40+00:00,2021-12-11 19:51:40+00:00,1,2.13,2.13,0.6097560975609757,possible_instrumental_spike
Avg_Turb,2021-12-12 09:21:40+00:00,2021-12-12 09:21:40+00:00,1,16.4,16.4,0.8425869432580843,possible_instrumental_spike
Avg_Turb,2021-12-12 13:21:40+00:00,2021-12-12 13:21:40+00:00,1,6.91,6.91,0.6574746008708273,possible_instrumental_spike
Avg_Turb,2021-12-13 03:51:40+00:00,2021-12-13 03:51:40+00:00,1,0.86,0.86,0.9113924050632911,possible_instrumental_spike
Avg_Turb,2021-12-13 07:21:40+00:00,2021-12-13 07:21:40+00:00,1,0.25,0.25,0.5238095238095237,possible_instrumental_spike
Avg_Turb,2021-12-13 10:51:40+00:00,2021-12-13 10:51:40+00:00,1,8.76,8.76,0.8982857142857142,possible_instrumental_spike
Avg_Turb,2021-12-13 15:21:40+00:00,2021-12-13 15:21:40+00:00,1,13.72,13.72,0.8388278388278388,possible_instrumental_spike
Avg_Turb,2021-12-13 20:21:40+00:00,2021-12-13 20:21:40+00:00,1,9.55,9.55,0.6575342465753424,possible_instrumental_spike
Avg_Turb,2021-12-14 01:21:40+00:00,2021-12-14 01:21:40+00:00,1,0.95,0.95,0.9534883720930232,possible_instrumental_spike
Avg_Turb,2021-12-14 18:21:40+00:00,2021-12-14 18:21:40+00:00,1,136.01,136.01,0.8753034650187598,possible_instrumental_spike
Avg_Turb,2021-12-15 13:51:40+00:00,2021-12-15 13:51:40+00:00,1,68.59,68.59,0.9855621992124834,possible_instrumental_spike
Avg_Turb,2021-12-15 18:21:40+00:00,2021-12-15 18:21:40+00:00,1,3.09,3.09,0.5666666666666667,possible_instrumental_spike
Avg_Turb,2021-12-16 01:21:40+00:00,2021-12-16 01:21:40+00:00,1,1.69,1.69,0.9024390243902439,possible_instrumental_spike
Avg_Turb,2021-12-16 17:21:40+00:00,2021-12-16 17:21:40+00:00,1,6.01,6.01,0.8932203389830509,possible_instrumental_spike
Avg_Turb,2021-12-17 00:21:40+00:00,2021-12-17 00:21:40+00:00,1,6.7,6.7,0.9288956127080182,possible_instrumental_spike
Avg_Turb,2021-12-17 12:51:40+00:00,2021-12-17 12:51:40+00:00,1,240.5,240.5,0.989060355226488,possible_instrumental_spike
Avg_Turb,2021-12-17 20:21:40+00:00,2021-12-17 20:21:40+00:00,1,0.51,0.51,0.6969696969696969,possible_instrumental_spike
Avg_Turb,2021-12-18 02:21:40+00:00,2021-12-18 02:21:40+00:00,1,1.49,1.49,0.8478260869565217,possible_instrumental_spike
Avg_Turb,2021-12-18 11:21:40+00:00,2021-12-18 11:21:40+00:00,1,15.13,15.13,0.9355053191489361,possible_instrumental_spike
Avg_Turb,2021-12-18 20:51:40+00:00,2021-12-18 20:51:40+00:00,1,40.02,40.02,0.740210843373494,possible_instrumental_spike
Avg_Turb,2021-12-19 08:21:40+00:00,2021-12-19 08:21:40+00:00,1,16.63,16.63,0.9660194174757281,possible_instrumental_spike
Avg_Turb,2021-12-19 19:21:40+00:00,2021-12-19 19:21:40+00:00,1,198.81,198.81,0.902436568666935,possible_instrumental_spike
Avg_Turb,2021-12-20 03:21:40+00:00,2021-12-20 03:21:40+00:00,1,3.71,3.71,0.8833333333333332,possible_instrumental_spike
Avg_Turb,2021-12-20 09:51:40+00:00,2021-12-20 09:51:40+00:00,1,31.47,31.47,0.919246728375359,possible_instrumental_spike
Avg_Turb,2021-12-21 04:21:40+00:00,2021-12-21 04:21:40+00:00,1,1.57,1.57,0.8843537414965987,possible_instrumental_spike
Avg_Turb,2021-12-21 08:21:40+00:00,2021-12-21 08:21:40+00:00,1,2.57,2.57,0.631578947368421,possible_instrumental_spike
Avg_Turb,2021-12-22 09:51:40+00:00,2021-12-22 09:51:40+00:00,1,6.42,6.42,0.745253164556962,possible_instrumental_spike
Avg_Turb,2021-12-23 08:51:40+00:00,2021-12-23 08:51:40+00:00,1,140.42,140.42,0.9992160775370581,possible_instrumental_spike
Avg_Turb,2021-12-23 16:51:40+00:00,2021-12-23 16:51:40+00:00,1,7.5,7.5,0.5199449793672627,possible_instrumental_spike
Avg_Turb,2021-12-23 21:21:40+00:00,2021-12-23 21:21:40+00:00,1,6.86,6.86,0.6952662721893491,possible_instrumental_spike
Avg_Turb,2021-12-24 00:21:40+00:00,2021-12-24 00:21:40+00:00,1,4.49,4.49,0.5240274599542334,possible_instrumental_spike
Avg_Turb,2021-12-24 21:21:40+00:00,2021-12-24 21:21:40+00:00,1,24.92,24.92,0.9826612903225806,possible_instrumental_spike
Avg_Turb,2021-12-25 08:21:40+00:00,2021-12-25 08:21:40+00:00,1,5.38,5.38,0.6513409961685824,possible_instrumental_spike
Avg_Turb,2021-12-26 08:21:40+00:00,2021-12-26 08:21:40+00:00,1,0.84,0.84,0.8666666666666666,possible_instrumental_spike
Avg_Turb,2021-12-26 15:51:40+00:00,2021-12-26 15:51:40+00:00,1,59.22,59.22,0.9420731707317073,possible_instrumental_spike
Avg_Turb,2021-12-27 10:51:40+00:00,2021-12-27 10:51:40+00:00,1,24.93,24.93,0.7379227053140096,possible_instrumental_spike
Avg_Turb,2021-12-27 21:51:40+00:00,2021-12-27 21:51:40+00:00,1,48.0,48.0,0.8383458646616541,possible_instrumental_spike
Avg_Turb,2021-12-28 05:21:40+00:00,2021-12-28 05:21:40+00:00,1,0.51,0.51,0.689655172413793,possible_instrumental_spike
Avg_Turb,2021-12-28 09:21:40+00:00,2021-12-28 09:21:40+00:00,1,15.31,15.31,0.8935888962326503,possible_instrumental_spike
Avg_Turb,2021-12-29 10:21:40+00:00,2021-12-29 10:21:40+00:00,1,11.95,11.95,0.7991561181434599,possible_instrumental_spike
Avg_Turb,2021-12-29 16:51:40+00:00,2021-12-29 16:51:40+00:00,1,4.71,4.71,0.7396963123644251,possible_instrumental_spike
Avg_Turb,2021-12-29 20:51:40+00:00,2021-12-29 20:51:40+00:00,1,16.43,16.43,0.9815950920245399,possible_instrumental_spike
Avg_Turb,2021-12-30 16:21:40+00:00,2021-12-30 16:21:40+00:00,1,16.5,16.5,0.7538086532602073,possible_instrumental_spike
Avg_Turb,2021-12-31 02:21:40+00:00,2021-12-31 02:21:40+00:00,1,3.67,3.67,0.7681564245810055,possible_instrumental_spike
Avg_Turb,2021-12-31 14:21:40+00:00,2021-12-31 14:21:40+00:00,1,20.13,20.13,0.6676646706586826,possible_instrumental_spike
Avg_Turb,2021-12-31 19:51:40+00:00,2021-12-31 19:51:40+00:00,1,7.79,7.79,0.7402597402597403,possible_instrumental_spike
Avg_Turb,2022-01-01 08:21:40+00:00,2022-01-01 08:21:40+00:00,1,5.17,5.17,0.9173228346456693,possible_instrumental_spike
Avg_Turb,2022-01-01 16:51:40+00:00,2022-01-01 16:51:40+00:00,1,106.0,106.0,0.9957507082152974,possible_instrumental_spike
Avg_Turb,2022-01-02 14:51:40+00:00,2022-01-02 14:51:40+00:00,1,77.52,77.52,0.6168562564632886,possible_instrumental_spike
Avg_Turb,2022-01-02 19:21:40+00:00,2022-01-02 19:21:40+00:00,1,82.46,82.46,0.6394656952034001,possible_instrumental_spike
Avg_Turb,2022-01-03 00:51:40+00:00,2022-01-03 00:51:40+00:00,1,4.27,4.27,0.9585365853658536,possible_instrumental_spike
Avg_Turb,2022-01-03 17:21:40+00:00,2022-01-03 17:21:40+00:00,1,17.72,17.72,0.9829059829059831,possible_instrumental_spike
Avg_Turb,2022-01-03 20:51:40+00:00,2022-01-03 20:51:40+00:00,1,30.94,30.94,0.9902502437439065,possible_instrumental_spike
Avg_Turb,2022-01-04 10:21:40+00:00,2022-01-04 10:21:40+00:00,1,20.46,20.46,0.7203348104382077,possible_instrumental_spike
Avg_Turb,2022-01-04 16:21:40+00:00,2022-01-04 16:21:40+00:00,1,7.57,7.57,0.5333333333333333,possible_instrumental_spike
Avg_Turb,2022-01-04 20:51:40+00:00,2022-01-04 20:51:40+00:00,1,31.75,31.75,0.7972758948368704,possible_instrumental_spike
Avg_Turb,2022-01-05 19:51:40+00:00,2022-01-05 19:51:40+00:00,1,85.72,85.72,0.7258592471358429,possible_instrumental_spike
Avg_Turb,2022-01-06 05:51:40+00:00,2022-01-06 05:51:40+00:00,1,1.04,1.04,0.9222222222222223,possible_instrumental_spike
Avg_Turb,2022-01-06 10:51:40+00:00,2022-01-06 10:51:40+00:00,1,119.74,119.74,0.600785887467603,possible_instrumental_spike
Avg_Turb,2022-01-06 19:21:40+00:00,2022-01-06 19:21:40+00:00,1,69.98,69.98,0.9808050422575562,possible_instrumental_spike
Avg_Turb,2022-01-07 04:21:40+00:00,2022-01-07 04:21:40+00:00,1,6.22,6.22,0.8839869281045751,possible_instrumental_spike
Avg_Turb,2022-01-07 09:21:40+00:00,2022-01-07 09:21:40+00:00,1,33.82,33.82,0.5476119845743103,possible_instrumental_spike
Avg_Turb,2022-01-07 18:51:40+00:00,2022-01-07 18:51:40+00:00,1,48.13,48.13,0.8429166666666666,possible_instrumental_spike
Avg_Turb,2022-01-09 04:21:40+00:00,2022-01-09 04:21:40+00:00,1,10.59,10.59,0.9467174119885823,possible_instrumental_spike
Avg_Turb,2022-01-09 15:21:40+00:00,2022-01-09 15:21:40+00:00,1,56.11,56.11,0.6547725245316682,possible_instrumental_spike
Avg_Turb,2022-01-10 04:51:40+00:00,2022-01-10 04:51:40+00:00,1,0.19,0.19,0.6428571428571428,possible_instrumental_spike
Avg_Turb,2022-01-10 11:51:40+00:00,2022-01-10 11:51:40+00:00,1,91.31,91.31,0.7770351703736168,possible_instrumental_spike
Avg_Turb,2022-01-13 11:51:40+00:00,2022-01-13 11:51:40+00:00,1,0.42,0.42,0.6756756756756757,possible_instrumental_spike
Avg_Turb,2022-01-13 21:21:40+00:00,2022-01-13 21:21:40+00:00,1,3.52,3.52,0.8596491228070176,possible_instrumental_spike
Avg_Turb,2022-01-15 18:21:40+00:00,2022-01-15 18:21:40+00:00,1,0.7,0.7,0.6724137931034483,possible_instrumental_spike
Avg_Turb,2022-01-15 23:21:40+00:00,2022-01-15 23:21:40+00:00,1,0.42,0.42,0.7419354838709676,possible_instrumental_spike
Avg_Turb,2022-01-16 06:21:40+00:00,2022-01-16 06:21:40+00:00,1,0.76,0.76,0.8955223880597014,possible_instrumental_spike
Avg_Turb,2022-01-16 17:51:40+00:00,2022-01-16 17:51:40+00:00,1,5.22,5.22,0.732943469785575,possible_instrumental_spike
Avg_Turb,2022-01-17 21:21:40+00:00,2022-01-17 21:21:40+00:00,1,1.19,1.19,0.9009900990099009,possible_instrumental_spike
Avg_Turb,2022-01-18 05:51:40+00:00,2022-01-18 05:51:40+00:00,1,0.51,0.51,0.6571428571428571,possible_instrumental_spike
Avg_Turb,2022-01-18 12:21:40+00:00,2022-01-18 12:21:40+00:00,1,0.5,0.5,0.6428571428571429,possible_instrumental_spike
Avg_Turb,2022-01-18 23:21:40+00:00,2022-01-18 23:21:40+00:00,1,0.57,0.57,0.5476190476190476,possible_instrumental_spike
Avg_Turb,2022-01-19 04:21:40+00:00,2022-01-19 04:21:40+00:00,1,0.5,0.5,0.59375,possible_instrumental_spike
Avg_Turb,2022-01-19 12:21:40+00:00,2022-01-19 12:21:40+00:00,1,1.82,1.82,0.9393939393939393,possible_instrumental_spike
Avg_Turb,2022-01-19 16:21:40+00:00,2022-01-19 16:21:40+00:00,1,32.56,32.56,0.9969126273541216,possible_instrumental_spike
Avg_Turb,2022-01-20 01:51:40+00:00,2022-01-20 01:51:40+00:00,1,2.14,2.14,0.9441624365482233,possible_instrumental_spike
Avg_Turb,2022-01-20 14:51:40+00:00,2022-01-20 14:51:40+00:00,1,18.43,18.43,0.9918211559432935,possible_instrumental_spike
Avg_Turb,2022-01-20 20:21:40+00:00,2022-01-20 20:21:40+00:00,1,1.87,1.87,0.9248554913294799,possible_instrumental_spike
Avg_Turb,2022-01-21 13:51:40+00:00,2022-01-21 13:51:40+00:00,1,306.73,306.73,0.8507973779473633,possible_instrumental_spike
Avg_Turb,2022-01-21 19:21:40+00:00,2022-01-21 19:21:40+00:00,1,0.83,0.83,0.7837837837837838,possible_instrumental_spike
Avg_Turb,2022-01-22 08:51:40+00:00,2022-01-22 08:51:40+00:00,1,3.0,3.0,0.9896193771626297,possible_instrumental_spike
Avg_Turb,2022-01-22 19:21:40+00:00,2022-01-22 19:21:40+00:00,1,3.93,3.93,0.5900783289817233,possible_instrumental_spike
Avg_Turb,2022-01-23 17:21:40+00:00,2022-01-23 17:21:40+00:00,1,24.41,24.41,0.9950657894736842,possible_instrumental_spike
Avg_Turb,2022-01-24 01:51:40+00:00,2022-01-24 01:51:40+00:00,1,1.13,1.13,0.826923076923077,possible_instrumental_spike
Avg_Turb,2022-01-24 17:21:40+00:00,2022-01-24 17:21:40+00:00,1,1.3,1.3,0.8666666666666667,possible_instrumental_spike
Avg_Turb,2022-01-25 03:51:40+00:00,2022-01-25 03:51:40+00:00,1,0.43,0.43,0.5294117647058824,possible_instrumental_spike
Avg_Turb,2022-01-25 13:51:40+00:00,2022-01-25 13:51:40+00:00,1,0.32,0.32,0.9166666666666667,possible_instrumental_spike
Avg_Turb,2022-01-29 05:21:40+00:00,2022-01-29 05:21:40+00:00,1,1.79,1.79,0.911764705882353,possible_instrumental_spike
Avg_Turb,2022-01-29 19:21:40+00:00,2022-01-29 19:21:40+00:00,1,0.46,0.46,0.7027027027027027,possible_instrumental_spike
Avg_Turb,2022-01-31 04:51:40+00:00,2022-01-31 04:51:40+00:00,1,0.17,0.17,0.5714285714285715,possible_instrumental_spike
Avg_Turb,2022-01-31 14:21:40+00:00,2022-01-31 14:21:40+00:00,1,0.59,0.59,0.72,possible_instrumental_spike
Avg_Turb,2022-02-01 18:51:40+00:00,2022-02-01 18:51:40+00:00,1,5.2,5.2,0.9362549800796812,possible_instrumental_spike
Avg_Turb,2022-02-02 09:21:40+00:00,2022-02-02 09:21:40+00:00,1,1.8,1.8,0.8719512195121951,possible_instrumental_spike
Avg_Turb,2022-02-02 14:51:40+00:00,2022-02-02 14:51:40+00:00,1,0.4,0.4,0.523809523809524,possible_instrumental_spike
Avg_Turb,2022-02-02 21:51:40+00:00,2022-02-02 21:51:40+00:00,1,4.81,4.81,0.7259100642398286,possible_instrumental_spike
Avg_Turb,2022-02-03 20:51:40+00:00,2022-02-03 20:51:40+00:00,1,1.26,1.26,0.8703703703703702,possible_instrumental_spike
Avg_Turb,2022-02-04 12:51:40+00:00,2022-02-04 12:51:40+00:00,1,11.37,11.37,0.6326530612244897,possible_instrumental_spike
Avg_Turb,2022-02-04 16:51:40+00:00,2022-02-04 16:51:40+00:00,1,2.89,2.89,0.7985347985347986,possible_instrumental_spike
Avg_Turb,2022-02-04 20:21:40+00:00,2022-02-04 20:21:40+00:00,1,0.6,0.6,0.9090909090909092,possible_instrumental_spike
Avg_Turb,2022-02-04 23:51:40+00:00,2022-02-04 23:51:40+00:00,1,0.78,0.78,0.6129032258064516,possible_instrumental_spike
Avg_Turb,2022-02-05 12:21:40+00:00,2022-02-05 12:21:40+00:00,1,1.69,1.69,0.61875,possible_instrumental_spike
Avg_Turb,2022-02-06 19:21:40+00:00,2022-02-06 19:21:40+00:00,1,0.89,0.89,0.8624999999999999,possible_instrumental_spike
Avg_Turb,2022-02-07 08:51:40+00:00,2022-02-07 08:51:40+00:00,1,10.52,10.52,0.9300095877277085,possible_instrumental_spike
Avg_Turb,2022-02-07 15:21:40+00:00,2022-02-07 15:21:40+00:00,1,0.86,0.86,0.8961038961038961,possible_instrumental_spike
Avg_Turb,2022-02-08 08:21:40+00:00,2022-02-08 08:21:40+00:00,1,15.16,15.16,0.9768058316766071,possible_instrumental_spike
Avg_Turb,2022-02-08 12:21:40+00:00,2022-02-08 12:21:40+00:00,1,2.51,2.51,0.6475409836065572,possible_instrumental_spike
Avg_Turb,2022-02-08 18:21:40+00:00,2022-02-08 18:21:40+00:00,1,3.55,3.55,0.6801152737752162,possible_instrumental_spike
Avg_Turb,2022-02-08 21:21:40+00:00,2022-02-08 21:21:40+00:00,1,0.67,0.67,0.9137931034482758,possible_instrumental_spike
Avg_Turb,2022-02-09 08:21:40+00:00,2022-02-09 08:21:40+00:00,1,1.46,1.46,0.8985507246376813,possible_instrumental_spike
Avg_Turb,2022-02-09 20:51:40+00:00,2022-02-09 20:51:40+00:00,1,8.11,8.11,0.5204968944099378,possible_instrumental_spike
Avg_Turb,2022-02-10 09:21:40+00:00,2022-02-10 09:21:40+00:00,1,55.8,55.8,0.8546563789700341,possible_instrumental_spike
Avg_Turb,2022-02-11 13:21:40+00:00,2022-02-11 13:21:40+00:00,1,3.17,3.17,0.7427652733118971,possible_instrumental_spike
Avg_Turb,2022-02-11 17:21:40+00:00,2022-02-11 17:21:40+00:00,1,9.18,9.18,0.8217821782178217,possible_instrumental_spike
Avg_Turb,2022-02-12 02:21:40+00:00,2022-02-12 02:21:40+00:00,1,22.52,22.52,0.8841870824053453,possible_instrumental_spike
Avg_Turb,2022-02-12 05:51:40+00:00,2022-02-12 05:51:40+00:00,1,14.56,14.56,0.9311768754301445,possible_instrumental_spike
Avg_Turb,2022-02-12 09:51:40+00:00,2022-02-12 09:51:40+00:00,1,25.0,25.0,0.717208182912154,possible_instrumental_spike
Avg_Turb,2022-02-12 20:21:40+00:00,2022-02-12 20:21:40+00:00,1,9.12,9.12,0.8528761061946902,possible_instrumental_spike
Avg_Turb,2022-02-13 08:21:40+00:00,2022-02-13 08:21:40+00:00,1,0.29,0.29,0.5238095238095238,possible_instrumental_spike
Avg_Turb,2022-02-13 14:21:40+00:00,2022-02-13 14:21:40+00:00,1,67.8,67.8,0.9322209096278794,possible_instrumental_spike
Avg_Turb,2022-02-14 02:51:40+00:00,2022-02-14 02:51:40+00:00,1,0.17,0.17,0.5555555555555557,possible_instrumental_spike
Avg_Turb,2022-02-14 08:51:40+00:00,2022-02-14 08:51:40+00:00,1,72.99,72.99,0.7064874502811684,possible_instrumental_spike
Avg_Turb,2022-02-14 18:51:40+00:00,2022-02-14 18:51:40+00:00,1,7.14,7.14,0.7716312056737589,possible_instrumental_spike
Avg_Turb,2022-02-14 23:51:40+00:00,2022-02-14 23:51:40+00:00,1,1.63,1.63,0.9014084507042253,possible_instrumental_spike
Avg_Turb,2022-02-15 11:51:40+00:00,2022-02-15 11:51:40+00:00,1,3.05,3.05,0.864406779661017,possible_instrumental_spike
Avg_Turb,2022-02-15 19:21:40+00:00,2022-02-15 19:21:40+00:00,1,38.67,38.67,0.9844317592112093,possible_instrumental_spike
Avg_Turb,2022-02-16 12:51:40+00:00,2022-02-16 12:51:40+00:00,1,29.19,29.19,0.9941520467836258,possible_instrumental_spike
Avg_Turb,2022-02-17 11:51:40+00:00,2022-02-17 11:51:40+00:00,1,1.69,1.69,0.6776315789473683,possible_instrumental_spike
Avg_Turb,2022-02-17 15:21:40+00:00,2022-02-17 15:21:40+00:00,1,18.3,18.3,0.974047487575925,possible_instrumental_spike
Avg_Turb,2022-02-17 19:21:40+00:00,2022-02-17 19:21:40+00:00,1,3.38,3.38,0.7663551401869159,possible_instrumental_spike
Avg_Turb,2022-02-18 09:21:40+00:00,2022-02-18 09:21:40+00:00,1,1.59,1.59,0.9366197183098591,possible_instrumental_spike
Avg_Turb,2022-02-18 12:21:40+00:00,2022-02-18 12:21:40+00:00,1,1.46,1.46,0.9147286821705426,possible_instrumental_spike
Avg_Turb,2022-02-18 15:51:40+00:00,2022-02-18 15:51:40+00:00,1,2.82,2.82,0.9323308270676692,possible_instrumental_spike
Avg_Turb,2022-02-18 20:21:40+00:00,2022-02-18 20:21:40+00:00,1,4.13,4.13,0.9475,possible_instrumental_spike
Avg_Turb,2022-02-19 09:21:40+00:00,2022-02-19 09:21:40+00:00,1,0.31,0.31,0.625,possible_instrumental_spike
Avg_Turb,2022-02-19 15:21:40+00:00,2022-02-19 15:21:40+00:00,1,4.3,4.3,0.8612440191387559,possible_instrumental_spike
Avg_Turb,2022-02-19 19:21:40+00:00,2022-02-19 19:21:40+00:00,1,3.36,3.36,0.7608695652173912,possible_instrumental_spike
Avg_Turb,2022-02-20 08:21:40+00:00,2022-02-20 08:21:40+00:00,1,0.72,0.72,0.6499999999999999,possible_instrumental_spike
Avg_Turb,2022-02-20 12:21:40+00:00,2022-02-20 12:21:40+00:00,1,7.41,7.41,0.9794801641586867,possible_instrumental_spike
Avg_Turb,2022-02-20 15:51:40+00:00,2022-02-20 15:51:40+00:00,1,11.96,11.96,0.9238578680203047,possible_instrumental_spike
Avg_Turb,2022-02-21 08:51:40+00:00,2022-02-21 08:51:40+00:00,1,4.33,4.33,0.8416075650118202,possible_instrumental_spike
Avg_Turb,2022-02-21 14:21:40+00:00,2022-02-21 14:21:40+00:00,1,4.36,4.36,0.6416861826697892,possible_instrumental_spike
Avg_Turb,2022-02-22 11:21:40+00:00,2022-02-22 11:21:40+00:00,1,1.24,1.24,0.7699115044247788,possible_instrumental_spike
Avg_Turb,2022-02-23 18:21:40+00:00,2022-02-23 18:21:40+00:00,1,0.39,0.39,0.8666666666666666,possible_instrumental_spike
Avg_Turb,2022-02-25 09:21:40+00:00,2022-02-25 09:21:40+00:00,1,4.67,4.67,0.9716157205240175,possible_instrumental_spike
Avg_Turb,2022-02-25 17:21:40+00:00,2022-02-25 17:21:40+00:00,1,1.23,1.23,0.6052631578947368,possible_instrumental_spike
Avg_Turb,2022-02-26 05:51:40+00:00,2022-02-26 05:51:40+00:00,1,0.44,0.44,0.6285714285714287,possible_instrumental_spike
Avg_Turb,2022-02-26 16:51:40+00:00,2022-02-26 16:51:40+00:00,1,1.26,1.26,0.7350427350427351,possible_instrumental_spike
Avg_Turb,2022-02-28 12:21:40+00:00,2022-02-28 12:21:40+00:00,1,4.27,4.27,0.5198019801980198,possible_instrumental_spike
Avg_Turb,2022-03-01 16:51:40+00:00,2022-03-01 16:51:40+00:00,1,8.72,8.72,0.6815511163337251,possible_instrumental_spike
Avg_Turb,2022-03-02 06:51:40+00:00,2022-03-02 06:51:40+00:00,1,1.65,1.65,0.7867647058823529,possible_instrumental_spike
Avg_Turb,2022-03-02 18:21:40+00:00,2022-03-02 18:21:40+00:00,1,0.83,0.83,0.7169811320754715,possible_instrumental_spike
Avg_Turb,2022-03-03 14:21:40+00:00,2022-03-03 14:21:40+00:00,1,1.24,1.24,0.7078651685393258,possible_instrumental_spike
Avg_Turb,2022-03-03 19:51:40+00:00,2022-03-03 19:51:40+00:00,1,2.19,2.19,0.7875647668393783,possible_instrumental_spike
Avg_Turb,2022-03-04 20:21:40+00:00,2022-03-04 20:21:40+00:00,1,1.49,1.49,0.7203389830508474,possible_instrumental_spike
Avg_Turb,2022-03-05 18:51:40+00:00,2022-03-05 18:51:40+00:00,1,4.37,4.37,0.9070904645476773,possible_instrumental_spike
Avg_Turb,2022-03-06 13:51:40+00:00,2022-03-06 13:51:40+00:00,1,28.53,28.53,0.9095406360424029,possible_instrumental_spike
Avg_Turb,2022-03-07 04:21:40+00:00,2022-03-07 04:21:40+00:00,1,1.48,1.48,0.9516129032258064,possible_instrumental_spike
Avg_Turb,2022-03-07 10:21:40+00:00,2022-03-07 10:21:40+00:00,1,1.28,1.28,0.8818181818181817,possible_instrumental_spike
Avg_Turb,2022-03-08 09:21:40+00:00,2022-03-08 09:21:40+00:00,1,1.78,1.78,0.9625,possible_instrumental_spike
Avg_Turb,2022-03-08 17:21:40+00:00,2022-03-08 17:21:40+00:00,1,0.74,0.74,0.857142857142857,possible_instrumental_spike
Avg_Turb,2022-03-09 19:51:40+00:00,2022-03-09 19:51:40+00:00,1,1.89,1.89,0.9606741573033709,possible_instrumental_spike
Avg_Turb,2022-03-10 06:21:40+00:00,2022-03-10 06:21:40+00:00,1,0.14,0.14,0.6000000000000001,possible_instrumental_spike
Avg_Turb,2022-03-10 11:21:40+00:00,2022-03-10 11:21:40+00:00,1,4.27,4.27,0.9952380952380954,possible_instrumental_spike
Avg_Turb,2022-03-10 21:21:40+00:00,2022-03-10 21:21:40+00:00,1,5.46,5.46,0.5437616387337058,possible_instrumental_spike
Avg_Turb,2022-03-11 10:21:40+00:00,2022-03-11 10:21:40+00:00,1,0.46,0.46,0.9249999999999999,possible_instrumental_spike
Avg_Turb,2022-03-12 11:51:40+00:00,2022-03-12 11:51:40+00:00,1,1.6,1.6,0.7388535031847134,possible_instrumental_spike
Avg_Turb,2022-03-13 12:51:40+00:00,2022-03-13 12:51:40+00:00,1,2.55,2.55,0.932806324110672,possible_instrumental_spike
Avg_Turb,2022-03-13 15:51:40+00:00,2022-03-13 15:51:40+00:00,1,0.74,0.74,0.7746478873239437,possible_instrumental_spike
Avg_Turb,2022-03-13 19:21:40+00:00,2022-03-13 19:21:40+00:00,1,0.98,0.98,0.8999999999999999,possible_instrumental_spike
Avg_Turb,2022-03-14 09:51:40+00:00,2022-03-14 09:51:40+00:00,1,0.34,0.34,0.7200000000000001,possible_instrumental_spike
Avg_Turb,2022-03-14 19:21:40+00:00,2022-03-14 19:21:40+00:00,1,16.08,16.08,0.8405253283302063,possible_instrumental_spike
Avg_Turb,2022-03-15 10:21:40+00:00,2022-03-15 10:21:40+00:00,1,1.97,1.97,0.8994708994708995,possible_instrumental_spike
Avg_Turb,2022-03-15 17:21:40+00:00,2022-03-15 17:21:40+00:00,1,2.4,2.4,0.8777292576419213,possible_instrumental_spike
Avg_Turb,2022-03-16 10:51:40+00:00,2022-03-16 10:51:40+00:00,1,70.93,70.93,0.9949166902005083,possible_instrumental_spike
Avg_Turb,2022-03-16 14:51:40+00:00,2022-03-16 14:51:40+00:00,1,0.48,0.48,0.5945945945945945,possible_instrumental_spike
Avg_Turb,2022-03-17 09:51:40+00:00,2022-03-17 09:51:40+00:00,1,161.23,161.23,0.8016770186335404,possible_instrumental_spike
Avg_Turb,2022-03-18 10:21:40+00:00,2022-03-18 10:21:40+00:00,1,295.89,295.89,0.7966852697446305,possible_instrumental_spike
Avg_Turb,2022-03-20 11:21:40+00:00,2022-03-20 11:21:40+00:00,1,17.44,17.44,0.9396401625072548,possible_instrumental_spike
Avg_Turb,2022-03-20 14:21:40+00:00,2022-03-20 14:21:40+00:00,1,7.37,7.37,0.8511821974965229,possible_instrumental_spike
Avg_Turb,2022-03-20 19:21:40+00:00,2022-03-20 19:21:40+00:00,1,111.79,111.79,0.8642716359075434,possible_instrumental_spike
Avg_Turb,2022-03-21 16:51:40+00:00,2022-03-21 16:51:40+00:00,1,40.01,40.01,0.5964339527875439,possible_instrumental_spike
Avg_Turb,2022-03-21 20:51:40+00:00,2022-03-21 20:51:40+00:00,1,19.0,19.0,0.9936406995230525,possible_instrumental_spike
Avg_Turb,2022-04-15 02:51:40+00:00,2022-04-15 02:51:40+00:00,1,2.08,2.08,0.7630057803468209,possible_instrumental_spike
Avg_Turb,2022-04-16 22:51:40+00:00,2022-04-16 22:51:40+00:00,1,6.76,6.76,0.5385826771653544,possible_instrumental_spike
Avg_Turb,2022-04-20 12:51:40+00:00,2022-04-20 12:51:40+00:00,1,2.61,2.61,0.7254901960784313,possible_instrumental_spike
Avg_Turb,2022-04-20 18:51:40+00:00,2022-04-20 18:51:40+00:00,1,2.83,2.83,0.8051948051948052,possible_instrumental_spike
Avg_Turb,2022-04-21 20:21:40+00:00,2022-04-21 20:21:40+00:00,1,1.23,1.23,0.5882352941176471,possible_instrumental_spike
Avg_Turb,2022-04-24 13:21:40+00:00,2022-04-24 13:21:40+00:00,1,0.33,0.33,0.5217391304347827,possible_instrumental_spike
Avg_Turb,2022-04-25 01:21:40+00:00,2022-04-25 01:21:40+00:00,1,0.43,0.43,0.7333333333333334,possible_instrumental_spike
Avg_Turb,2022-04-26 01:51:40+00:00,2022-04-26 01:51:40+00:00,1,0.35,0.35,0.6538461538461537,possible_instrumental_spike
Avg_Turb,2022-04-29 09:51:40+00:00,2022-04-29 09:51:40+00:00,1,4.77,4.77,0.7593818984547461,possible_instrumental_spike
Avg_Turb,2022-05-01 11:21:40+00:00,2022-05-01 11:21:40+00:00,1,2.15,2.15,0.6938775510204082,possible_instrumental_spike
Avg_Turb,2022-05-02 22:21:40+00:00,2022-05-02 22:21:40+00:00,1,0.28,0.28,0.6363636363636366,possible_instrumental_spike
Avg_Turb,2022-05-03 05:51:40+00:00,2022-05-03 05:51:40+00:00,1,0.37,0.37,0.8181818181818181,possible_instrumental_spike
Avg_Turb,2022-05-03 11:51:40+00:00,2022-05-03 11:51:40+00:00,1,4.5,4.5,0.6247139588100686,possible_instrumental_spike
Avg_Turb,2022-05-04 01:21:40+00:00,2022-05-04 01:21:40+00:00,1,0.34,0.34,0.823529411764706,possible_instrumental_spike
Avg_Turb,2022-05-05 11:51:40+00:00,2022-05-05 11:51:40+00:00,1,0.19,0.19,0.7999999999999999,possible_instrumental_spike
Avg_Turb,2022-05-07 05:21:40+00:00,2022-05-07 05:21:40+00:00,1,0.16,0.16,0.5714285714285715,possible_instrumental_spike
Avg_Turb,2022-05-07 13:21:40+00:00,2022-05-07 13:21:40+00:00,1,0.17,0.17,0.6666666666666667,possible_instrumental_spike
Avg_Turb,2022-05-08 22:51:40+00:00,2022-05-08 22:51:40+00:00,1,1.3,1.3,0.578512396694215,possible_instrumental_spike
Avg_Turb,2022-05-11 01:21:40+00:00,2022-05-11 01:21:40+00:00,1,0.68,0.68,0.6458333333333334,possible_instrumental_spike
Avg_Turb,2022-05-13 02:21:40+00:00,2022-05-13 02:21:40+00:00,1,1.48,1.48,0.8538461538461537,possible_instrumental_spike
Avg_Turb,2022-05-14 02:51:40+00:00,2022-05-14 02:51:40+00:00,1,2.24,2.24,0.7178217821782179,possible_instrumental_spike
Avg_Turb,2022-05-14 14:51:40+00:00,2022-05-14 14:51:40+00:00,1,2.16,2.16,0.7326732673267327,possible_instrumental_spike
Avg_Turb,2022-05-15 02:51:40+00:00,2022-05-15 02:51:40+00:00,1,2.34,2.34,0.7962962962962963,possible_instrumental_spike
Avg_Turb,2022-05-20 20:51:40+00:00,2022-05-20 20:51:40+00:00,1,0.2,0.2,0.6666666666666673,possible_instrumental_spike
Avg_Turb,2022-05-21 13:21:40+00:00,2022-05-21 13:21:40+00:00,1,0.27,0.27,0.5294117647058825,possible_instrumental_spike
Avg_Turb,2022-05-22 02:21:40+00:00,2022-05-22 02:21:40+00:00,1,0.31,0.31,0.5454545454545454,possible_instrumental_spike
Avg_Turb,2022-05-30 13:51:40+00:00,2022-05-30 13:51:40+00:00,1,3.66,3.66,0.8,possible_instrumental_spike
Avg_Turb,2022-05-31 11:21:40+00:00,2022-05-31 11:21:40+00:00,1,0.26,0.26,0.6,possible_instrumental_spike
Avg_Turb,2022-06-01 20:51:40+00:00,2022-06-01 20:51:40+00:00,1,0.36,0.36,0.75,possible_instrumental_spike
Avg_Turb,2022-06-18 08:21:40+00:00,2022-06-18 08:21:40+00:00,1,0.73,0.73,0.5476190476190476,possible_instrumental_spike
Avg_Turb,2022-06-21 22:51:40+00:00,2022-06-21 22:51:40+00:00,1,0.34,0.34,0.7368421052631579,possible_instrumental_spike
Avg_Turb,2022-06-24 22:51:40+00:00,2022-06-24 22:51:40+00:00,1,0.63,0.63,0.88,possible_instrumental_spike
Avg_Turb,2022-06-25 05:51:40+00:00,2022-06-25 05:51:40+00:00,1,0.61,0.61,0.8936170212765958,possible_instrumental_spike
Avg_Turb,2022-06-27 09:51:40+00:00,2022-06-27 09:51:40+00:00,1,1.41,1.41,0.8230088495575222,possible_instrumental_spike
Avg_Turb,2022-06-30 04:51:40+00:00,2022-06-30 04:51:40+00:00,1,1.75,1.75,0.5319148936170213,possible_instrumental_spike
Avg_Turb,2022-07-02 06:21:40+00:00,2022-07-02 06:21:40+00:00,1,0.9,0.9,0.653061224489796,possible_instrumental_spike
Avg_Turb,2022-07-02 18:51:40+00:00,2022-07-02 18:51:40+00:00,1,0.85,0.85,0.7,possible_instrumental_spike
Avg_Turb,2022-07-07 05:51:40+00:00,2022-07-07 05:51:40+00:00,1,1.66,1.66,0.8559322033898303,possible_instrumental_spike
Avg_Turb,2022-07-08 17:21:40+00:00,2022-07-08 17:21:40+00:00,1,2.68,2.68,0.8761061946902655,possible_instrumental_spike
Avg_Turb,2022-07-15 05:51:40+00:00,2022-07-15 05:51:40+00:00,1,1.44,1.44,0.5638297872340425,possible_instrumental_spike
Avg_Turb,2022-07-15 09:21:40+00:00,2022-07-15 09:21:40+00:00,1,56.23,56.23,0.9901557186325399,possible_instrumental_spike
Avg_Turb,2022-07-15 22:51:40+00:00,2022-07-15 22:51:40+00:00,1,2.25,2.25,0.8633879781420765,possible_instrumental_spike
Avg_Turb,2022-07-17 01:51:40+00:00,2022-07-17 01:51:40+00:00,1,0.34,0.34,0.5833333333333329,possible_instrumental_spike
Avg_Turb,2022-07-21 21:51:40+00:00,2022-07-21 21:51:40+00:00,1,1.4,1.4,0.7368421052631579,possible_instrumental_spike
Avg_Turb,2022-07-25 17:51:40+00:00,2022-07-25 17:51:40+00:00,1,9.81,9.81,0.5933117583603021,possible_instrumental_spike
Avg_Turb,2022-07-26 05:51:40+00:00,2022-07-26 05:51:40+00:00,1,5.95,5.95,0.7682481751824817,possible_instrumental_spike
Avg_Turb,2022-07-26 20:51:40+00:00,2022-07-26 20:51:40+00:00,1,1.51,1.51,0.5612244897959184,possible_instrumental_spike
Avg_Turb,2022-07-30 07:21:40+00:00,2022-07-30 07:21:40+00:00,1,0.81,0.81,0.5957446808510638,possible_instrumental_spike
Avg_Turb,2022-07-30 17:21:40+00:00,2022-07-30 17:21:40+00:00,1,0.77,0.77,0.5490196078431373,possible_instrumental_spike
Avg_Turb,2022-07-31 00:21:40+00:00,2022-07-31 00:21:40+00:00,1,1.81,1.81,0.9415584415584417,possible_instrumental_spike
Avg_Turb,2022-08-02 19:51:40+00:00,2022-08-02 19:51:40+00:00,1,0.65,0.65,0.641025641025641,possible_instrumental_spike
Avg_Turb,2022-08-04 22:21:40+00:00,2022-08-04 22:21:40+00:00,1,0.94,0.94,0.6666666666666669,possible_instrumental_spike
Avg_Turb,2022-08-06 23:51:40+00:00,2022-08-06 23:51:40+00:00,1,0.18,0.18,0.6250000000000001,possible_instrumental_spike
Avg_Turb,2022-08-08 09:51:40+00:00,2022-08-08 09:51:40+00:00,1,0.16,0.16,0.5714285714285715,possible_instrumental_spike
Avg_Turb,2022-08-15 01:51:40+00:00,2022-08-15 01:51:40+00:00,1,1.12,1.12,0.5744680851063831,possible_instrumental_spike
Avg_Turb,2022-08-20 13:21:40+00:00,2022-08-20 13:21:40+00:00,1,0.31,0.31,0.6,possible_instrumental_spike
Avg_Turb,2022-09-02 08:51:40+00:00,2022-09-02 08:51:40+00:00,1,1.71,1.71,0.7307692307692307,possible_instrumental_spike
Avg_Turb,2022-09-03 09:21:40+00:00,2022-09-03 09:21:40+00:00,1,2.14,2.14,0.8969696969696969,possible_instrumental_spike
Avg_Turb,2022-09-05 14:21:40+00:00,2022-09-05 14:21:40+00:00,1,0.2,0.2,0.6666666666666673,possible_instrumental_spike
Avg_Turb,2022-09-05 17:21:40+00:00,2022-09-05 17:21:40+00:00,1,0.29,0.29,0.6666666666666667,possible_instrumental_spike
Avg_Turb,2022-09-15 19:21:40+00:00,2022-09-15 19:21:40+00:00,1,0.87,0.87,0.888888888888889,possible_instrumental_spike
Avg_Turb,2022-09-16 08:51:40+00:00,2022-09-16 08:51:40+00:00,1,1.8,1.8,0.930817610062893,possible_instrumental_spike
Avg_Turb,2022-09-17 08:51:40+00:00,2022-09-17 08:51:40+00:00,1,4.19,4.19,0.9236641221374046,possible_instrumental_spike
Avg_Turb,2022-09-19 11:21:40+00:00,2022-09-19 11:21:40+00:00,1,0.4,0.4,0.5217391304347826,possible_instrumental_spike
Avg_Turb,2022-09-21 07:21:40+00:00,2022-09-21 07:21:40+00:00,1,0.53,0.53,0.6071428571428572,possible_instrumental_spike
Avg_Turb,2022-09-25 03:51:40+00:00,2022-09-25 03:51:40+00:00,1,0.75,0.75,0.641025641025641,possible_instrumental_spike
Avg_Turb,2022-09-25 20:21:40+00:00,2022-09-25 20:21:40+00:00,1,0.84,0.84,0.5510204081632654,possible_instrumental_spike
Avg_Turb,2022-09-27 11:51:40+00:00,2022-09-27 11:51:40+00:00,1,2.49,2.49,0.803921568627451,possible_instrumental_spike
Avg_Turb,2022-09-29 12:51:40+00:00,2022-09-29 12:51:40+00:00,1,1.62,1.62,0.56,possible_instrumental_spike
Avg_Turb,2022-10-02 23:51:40+00:00,2022-10-02 23:51:40+00:00,1,0.21,0.21,0.7500000000000003,possible_instrumental_spike
Avg_Turb,2022-10-03 02:51:40+00:00,2022-10-03 02:51:40+00:00,1,0.22,0.22,0.6666666666666669,possible_instrumental_spike
Avg_Turb,2022-10-04 09:21:40+00:00,2022-10-04 09:21:40+00:00,1,0.1,0.1,1.0,possible_instrumental_spike
Avg_Turb,2022-10-05 18:21:40+00:00,2022-10-05 18:21:40+00:00,1,0.38,0.38,0.6,possible_instrumental_spike
Avg_Turb,2022-10-08 19:51:40+00:00,2022-10-08 19:51:40+00:00,1,0.72,0.72,0.6590909090909092,possible_instrumental_spike
Avg_Turb,2022-10-16 14:21:40+00:00,2022-10-16 14:21:40+00:00,1,0.23,0.23,0.7142857142857144,possible_instrumental_spike
Avg_Turb,2022-10-19 18:21:40+00:00,2022-10-19 18:21:40+00:00,1,0.26,0.26,0.5454545454545454,possible_instrumental_spike
Avg_Turb,2022-10-19 21:51:40+00:00,2022-10-19 21:51:40+00:00,1,0.26,0.26,0.6250000000000001,possible_instrumental_spike
Avg_Turb,2022-10-30 12:51:40+00:00,2022-10-30 12:51:40+00:00,1,0.47,0.47,0.782608695652174,possible_instrumental_spike
Avg_Turb,2022-11-01 02:51:40+00:00,2022-11-01 02:51:40+00:00,1,0.26,0.26,0.6923076923076923,possible_instrumental_spike
Avg_Turb,2022-11-05 08:51:40+00:00,2022-11-05 08:51:40+00:00,1,2.57,2.57,0.6138613861386139,possible_instrumental_spike
Avg_Turb,2022-11-05 20:21:40+00:00,2022-11-05 20:21:40+00:00,1,2.3,2.3,0.5792349726775956,possible_instrumental_spike
Avg_Turb,2022-11-11 16:51:40+00:00,2022-11-11 16:51:40+00:00,1,0.51,0.51,0.5263157894736844,possible_instrumental_spike
Avg_Turb,2022-11-13 09:51:40+00:00,2022-11-13 09:51:40+00:00,1,0.43,0.43,0.5416666666666667,possible_instrumental_spike
Avg_Turb,2022-11-14 06:21:40+00:00,2022-11-14 06:21:40+00:00,1,1.05,1.05,0.7356321839080461,possible_instrumental_spike
Avg_Turb,2022-11-14 15:21:40+00:00,2022-11-14 15:21:40+00:00,1,3.17,3.17,0.7966666666666665,possible_instrumental_spike
Avg_Turb,2022-11-15 00:21:40+00:00,2022-11-15 00:21:40+00:00,1,0.63,0.63,0.5833333333333334,possible_instrumental_spike
Avg_Turb,2022-11-16 03:21:40+00:00,2022-11-16 03:21:40+00:00,1,0.25,0.25,0.8750000000000001,possible_instrumental_spike
Avg_Turb,2022-11-16 14:51:40+00:00,2022-11-16 14:51:40+00:00,1,0.08,0.08,1.0,possible_instrumental_spike
Avg_Turb,2022-11-17 10:21:40+00:00,2022-11-17 10:21:40+00:00,1,0.08,0.08,1.0,possible_instrumental_spike
Avg_Turb,2022-11-17 20:21:40+00:00,2022-11-17 20:21:40+00:00,1,0.11,0.11,1.0,possible_instrumental_spike
Avg_Turb,2022-11-18 06:21:40+00:00,2022-11-18 06:21:40+00:00,1,0.68,0.68,0.8305084745762712,possible_instrumental_spike
Avg_Turb,2022-11-19 05:51:40+00:00,2022-11-19 05:51:40+00:00,1,0.41,0.41,0.625,possible_instrumental_spike
Avg_Turb,2022-11-28 12:51:40+00:00,2022-11-28 12:51:40+00:00,1,0.83,0.83,0.6727272727272727,possible_instrumental_spike
Avg_Turb,2022-11-30 04:51:40+00:00,2022-11-30 04:51:40+00:00,1,73.51,73.51,0.9923705722070845,possible_instrumental_spike
Avg_Turb,2022-11-30 15:21:40+00:00,2022-11-30 15:21:40+00:00,1,0.52,0.52,0.6744186046511628,possible_instrumental_spike
Avg_Turb,2022-12-01 03:21:40+00:00,2022-12-01 03:21:40+00:00,1,0.51,0.51,0.5263157894736842,possible_instrumental_spike
Avg_Turb,2022-12-08 20:51:40+00:00,2022-12-08 20:51:40+00:00,1,0.74,0.74,0.55,possible_instrumental_spike
Avg_Turb,2022-12-09 19:51:40+00:00,2022-12-09 19:51:40+00:00,1,2.78,2.78,0.7854077253218885,possible_instrumental_spike
Avg_Turb,2022-12-10 10:51:40+00:00,2022-12-10 10:51:40+00:00,1,7.62,7.62,0.9497206703910615,possible_instrumental_spike
Avg_Turb,2022-12-10 14:51:40+00:00,2022-12-10 14:51:40+00:00,1,34.04,34.04,0.9860492727812408,possible_instrumental_spike
Avg_Turb,2022-12-12 23:21:40+00:00,2022-12-12 23:21:40+00:00,1,0.73,0.73,0.5333333333333334,possible_instrumental_spike
Avg_Turb,2022-12-14 00:51:40+00:00,2022-12-14 00:51:40+00:00,1,0.44,0.44,0.5555555555555552,possible_instrumental_spike
Avg_Turb,2022-12-14 13:21:40+00:00,2022-12-14 13:21:40+00:00,1,0.41,0.41,0.5555555555555556,possible_instrumental_spike
Avg_Turb,2022-12-15 23:51:40+00:00,2022-12-15 23:51:40+00:00,1,0.75,0.75,0.9117647058823529,possible_instrumental_spike
Avg_Turb,2022-12-16 08:51:40+00:00,2022-12-16 08:51:40+00:00,1,0.39,0.39,0.5999999999999995,possible_instrumental_spike
Avg_Turb,2022-12-17 03:51:40+00:00,2022-12-17 03:51:40+00:00,1,0.5,0.5,0.5333333333333333,possible_instrumental_spike
Avg_Turb,2022-12-17 10:51:40+00:00,2022-12-17 10:51:40+00:00,1,0.51,0.51,0.7647058823529412,possible_instrumental_spike
Avg_Turb,2022-12-17 14:51:40+00:00,2022-12-17 14:51:40+00:00,1,2.01,2.01,0.9476744186046513,possible_instrumental_spike
Avg_Turb,2022-12-18 18:21:40+00:00,2022-12-18 18:21:40+00:00,1,0.51,0.51,0.5294117647058826,possible_instrumental_spike
Avg_Turb,2022-12-20 05:51:40+00:00,2022-12-20 05:51:40+00:00,1,0.67,0.67,0.5599999999999999,possible_instrumental_spike
Avg_Turb,2022-12-27 00:51:40+00:00,2022-12-27 00:51:40+00:00,1,42.06,42.06,0.6868052199130015,possible_instrumental_spike
Avg_Turb,2022-12-27 05:51:40+00:00,2022-12-27 05:51:40+00:00,1,69.59,69.59,0.996516185222819,possible_instrumental_spike
Avg_Turb,2022-12-27 14:51:40+00:00,2022-12-27 14:51:40+00:00,1,1.23,1.23,0.7192982456140352,possible_instrumental_spike
Avg_Turb,2022-12-27 21:51:40+00:00,2022-12-27 21:51:40+00:00,1,1.03,1.03,0.6,possible_instrumental_spike
Avg_Turb,2022-12-28 16:51:40+00:00,2022-12-28 16:51:40+00:00,1,4.28,4.28,0.9419889502762431,possible_instrumental_spike
Avg_Turb,2022-12-29 06:21:40+00:00,2022-12-29 06:21:40+00:00,1,1.16,1.16,0.5652173913043477,possible_instrumental_spike
Avg_Turb,2023-01-02 04:51:40+00:00,2023-01-02 04:51:40+00:00,1,1.65,1.65,0.5199999999999999,possible_instrumental_spike
Avg_Turb,2023-01-03 09:51:40+00:00,2023-01-03 09:51:40+00:00,1,1.63,1.63,0.5555555555555555,possible_instrumental_spike
Avg_Turb,2023-01-04 21:21:40+00:00,2023-01-04 21:21:40+00:00,1,8.12,8.12,0.916445623342175,possible_instrumental_spike
Avg_Turb,2023-01-05 17:51:40+00:00,2023-01-05 17:51:40+00:00,1,4.41,4.41,0.8367875647668395,possible_instrumental_spike
Avg_Turb,2023-01-09 02:21:40+00:00,2023-01-09 02:21:40+00:00,1,21.55,21.55,0.9291566265060242,possible_instrumental_spike
Avg_Turb,2023-01-10 09:51:40+00:00,2023-01-10 09:51:40+00:00,1,8.18,8.18,0.5661664392905865,possible_instrumental_spike
Avg_Turb,2023-01-12 17:21:40+00:00,2023-01-12 17:21:40+00:00,1,7.27,7.27,0.6815384615384615,possible_instrumental_spike
Avg_Turb,2023-01-17 14:51:40+00:00,2023-01-17 14:51:40+00:00,1,4.51,4.51,0.5694444444444444,possible_instrumental_spike
Avg_Turb,2023-01-17 23:51:40+00:00,2023-01-17 23:51:40+00:00,1,5.18,5.18,0.5837104072398189,possible_instrumental_spike
Avg_Turb,2023-01-20 17:51:40+00:00,2023-01-20 17:51:40+00:00,1,4.42,4.42,0.6741935483870968,possible_instrumental_spike
Avg_Turb,2023-01-21 01:21:40+00:00,2023-01-21 01:21:40+00:00,1,7.9,7.9,0.5251479289940829,possible_instrumental_spike
Avg_Turb,2023-01-23 02:51:40+00:00,2023-01-23 02:51:40+00:00,1,6.09,6.09,0.5256124721603563,possible_instrumental_spike
Avg_Turb,2023-01-26 16:21:40+00:00,2023-01-26 16:21:40+00:00,1,4.82,4.82,0.7133620689655172,possible_instrumental_spike
Avg_Turb,2023-01-27 10:21:40+00:00,2023-01-27 10:21:40+00:00,1,0.31,0.31,0.6666666666666667,possible_instrumental_spike
Avg_Turb,2023-01-28 01:21:40+00:00,2023-01-28 01:21:40+00:00,1,0.32,0.32,0.8666666666666667,possible_instrumental_spike
Avg_Turb,2023-01-29 03:21:40+00:00,2023-01-29 03:21:40+00:00,1,0.17,0.17,0.6250000000000001,possible_instrumental_spike
Avg_Turb,2023-01-29 19:21:40+00:00,2023-01-29 19:21:40+00:00,1,4.23,4.23,0.9879227053140097,possible_instrumental_spike
Avg_Turb,2023-01-30 13:21:40+00:00,2023-01-30 13:21:40+00:00,1,0.17,0.17,1.0,possible_instrumental_spike
Avg_Turb,2023-01-30 16:51:40+00:00,2023-01-30 16:51:40+00:00,1,0.08,0.08,1.0,possible_instrumental_spike
Avg_Turb,2023-01-30 23:51:40+00:00,2023-01-30 23:51:40+00:00,1,0.1,0.1,1.0,possible_instrumental_spike
Avg_Turb,2023-02-01 08:51:40+00:00,2023-02-01 08:51:40+00:00,1,1.86,1.86,0.9662921348314608,possible_instrumental_spike
Avg_Turb,2023-02-01 14:51:40+00:00,2023-02-01 14:51:40+00:00,1,0.3,0.3,0.8571428571428571,possible_instrumental_spike
Avg_Turb,2023-02-01 18:51:40+00:00,2023-02-01 18:51:40+00:00,1,0.33,0.33,0.5416666666666666,possible_instrumental_spike
Avg_Turb,2023-02-04 20:51:40+00:00,2023-02-04 20:51:40+00:00,1,0.49,0.49,0.5357142857142856,possible_instrumental_spike
Avg_Turb,2023-02-08 17:21:40+00:00,2023-02-08 17:21:40+00:00,1,0.52,0.52,0.6176470588235294,possible_instrumental_spike
Avg_Turb,2023-02-09 03:51:40+00:00,2023-02-09 03:51:40+00:00,1,1.98,1.98,0.9322033898305084,possible_instrumental_spike
Avg_Turb,2023-02-12 09:51:40+00:00,2023-02-12 09:51:40+00:00,1,0.45,0.45,0.84375,possible_instrumental_spike
Avg_Turb,2023-02-12 16:21:40+00:00,2023-02-12 16:21:40+00:00,1,1.15,1.15,0.9142857142857144,possible_instrumental_spike
Avg_Turb,2023-02-16 16:51:40+00:00,2023-02-16 16:51:40+00:00,1,52.58,52.58,0.9410642761777608,possible_instrumental_spike
Avg_Turb,2023-02-17 17:21:40+00:00,2023-02-17 17:21:40+00:00,1,41.38,41.38,0.940562833575934,possible_instrumental_spike
Avg_Turb,2023-02-22 22:51:40+00:00,2023-02-22 22:51:40+00:00,1,6.66,6.66,0.5371248025276462,possible_instrumental_spike
Avg_Turb,2023-03-02 18:21:40+00:00,2023-03-02 18:21:40+00:00,1,5.21,5.21,0.7052845528455284,possible_instrumental_spike
Avg_Turb,2023-03-05 12:21:40+00:00,2023-03-05 12:21:40+00:00,1,8.75,8.75,0.565947242206235,possible_instrumental_spike
Avg_Turb,2023-03-08 06:51:40+00:00,2023-03-08 06:51:40+00:00,1,4.36,4.36,0.5412844036697249,possible_instrumental_spike
Avg_Turb,2023-03-09 18:51:40+00:00,2023-03-09 18:51:40+00:00,1,37.39,37.39,0.8873431533006001,possible_instrumental_spike
Avg_Turb,2023-03-15 06:51:40+00:00,2023-03-15 06:51:40+00:00,1,2.61,2.61,0.5240963855421686,possible_instrumental_spike
Avg_Turb,2023-03-18 19:51:40+00:00,2023-03-18 19:51:40+00:00,1,5.59,5.59,0.8633776091081594,possible_instrumental_spike
Avg_Turb,2023-03-23 11:51:40+00:00,2023-03-23 11:51:40+00:00,1,19.46,19.46,0.9812889812889813,possible_instrumental_spike
Avg_Turb,2023-04-01 20:21:40+00:00,2023-04-01 20:21:40+00:00,1,0.64,0.64,0.8936170212765959,possible_instrumental_spike
Avg_Turb,2023-04-02 16:51:40+00:00,2023-04-02 16:51:40+00:00,1,0.47,0.47,0.8,possible_instrumental_spike
Avg_Turb,2023-04-03 06:21:40+00:00,2023-04-03 06:21:40+00:00,1,0.61,0.61,0.7954545454545455,possible_instrumental_spike
Avg_Turb,2023-04-03 09:51:40+00:00,2023-04-03 09:51:40+00:00,1,0.36,0.36,0.5263157894736842,possible_instrumental_spike
Avg_Turb,2023-04-06 09:21:40+00:00,2023-04-06 09:21:40+00:00,1,1.16,1.16,0.6923076923076923,possible_instrumental_spike
Avg_Turb,2023-04-06 16:51:40+00:00,2023-04-06 16:51:40+00:00,1,1.26,1.26,0.5416666666666667,possible_instrumental_spike
Avg_Turb,2023-04-08 16:51:40+00:00,2023-04-08 16:51:40+00:00,1,2.22,2.22,0.6861702127659575,possible_instrumental_spike
Avg_Turb,2023-04-09 15:21:40+00:00,2023-04-09 15:21:40+00:00,1,1.42,1.42,0.8017241379310345,possible_instrumental_spike
Avg_Turb,2023-04-09 18:51:40+00:00,2023-04-09 18:51:40+00:00,1,1.02,1.02,0.8552631578947368,possible_instrumental_spike
Avg_Turb,2023-04-10 12:21:40+00:00,2023-04-10 12:21:40+00:00,1,0.62,0.62,0.7954545454545454,possible_instrumental_spike
Avg_Turb,2023-04-12 17:51:40+00:00,2023-04-12 17:51:40+00:00,1,0.39,0.39,0.7391304347826088,possible_instrumental_spike
Avg_Turb,2023-04-13 09:51:40+00:00,2023-04-13 09:51:40+00:00,1,0.34,0.34,0.7000000000000001,possible_instrumental_spike
Avg_Turb,2023-04-14 12:51:40+00:00,2023-04-14 12:51:40+00:00,1,0.2,0.2,0.6363636363636364,possible_instrumental_spike
Avg_Turb,2023-04-14 19:51:40+00:00,2023-04-14 19:51:40+00:00,1,0.23,0.23,0.7857142857142857,possible_instrumental_spike
Avg_Turb,2023-04-15 19:51:40+00:00,2023-04-15 19:51:40+00:00,1,15.84,15.84,0.9917460317460317,possible_instrumental_spike
Avg_Turb,2023-04-16 14:21:40+00:00,2023-04-16 14:21:40+00:00,1,1.1,1.1,0.9200000000000002,possible_instrumental_spike
Avg_Turb,2023-04-23 13:21:40+00:00,2023-04-23 13:21:40+00:00,1,21.06,21.06,0.9778846153846155,possible_instrumental_spike
Avg_Turb,2023-04-24 06:51:40+00:00,2023-04-24 06:51:40+00:00,1,0.38,0.38,0.5714285714285715,possible_instrumental_spike
Avg_Turb,2023-04-24 16:21:40+00:00,2023-04-24 16:21:40+00:00,1,1.15,1.15,0.9090909090909092,possible_instrumental_spike
Avg_Turb,2023-04-24 20:21:40+00:00,2023-04-24 20:21:40+00:00,1,2.96,2.96,0.9154411764705884,possible_instrumental_spike
Avg_Turb,2023-04-26 15:51:40+00:00,2023-04-26 15:51:40+00:00,1,3.42,3.42,0.9746835443037974,possible_instrumental_spike
Avg_Turb,2023-04-27 09:51:40+00:00,2023-04-27 09:51:40+00:00,1,13.66,13.66,0.9933234421364985,possible_instrumental_spike
Avg_Turb,2023-04-27 20:51:40+00:00,2023-04-27 20:51:40+00:00,1,10.27,10.27,0.988095238095238,possible_instrumental_spike
Avg_Turb,2023-04-28 10:21:40+00:00,2023-04-28 10:21:40+00:00,1,1.1,1.1,0.956989247311828,possible_instrumental_spike
Avg_Turb,2023-04-28 13:21:40+00:00,2023-04-28 13:21:40+00:00,1,0.18,0.18,1.0,possible_instrumental_spike
Avg_Turb,2023-04-28 17:21:40+00:00,2023-04-28 17:21:40+00:00,1,25.53,25.53,1.0,possible_instrumental_spike
Avg_Turb,2023-04-28 22:21:40+00:00,2023-04-28 22:21:40+00:00,1,0.22,0.22,0.6000000000000001,possible_instrumental_spike
Avg_Turb,2023-04-29 05:51:40+00:00,2023-04-29 05:51:40+00:00,1,0.25,0.25,0.7500000000000001,possible_instrumental_spike
Avg_Turb,2023-04-29 10:21:40+00:00,2023-04-29 10:21:40+00:00,1,3.04,3.04,0.9825783972125435,possible_instrumental_spike
Avg_Turb,2023-04-29 13:51:40+00:00,2023-04-29 13:51:40+00:00,1,0.54,0.54,0.864864864864865,possible_instrumental_spike
Avg_Turb,2023-04-29 19:21:40+00:00,2023-04-29 19:21:40+00:00,1,19.61,19.61,0.9891975308641977,possible_instrumental_spike
Avg_Turb,2023-04-30 08:51:40+00:00,2023-04-30 08:51:40+00:00,1,19.93,19.93,0.9924012158054712,possible_instrumental_spike
Avg_Turb,2023-04-30 12:51:40+00:00,2023-04-30 12:51:40+00:00,1,1.87,1.87,0.9526627218934911,possible_instrumental_spike
Avg_Turb,2023-04-30 18:21:40+00:00,2023-04-30 18:21:40+00:00,1,2.6,2.6,0.9300411522633745,possible_instrumental_spike
Avg_Turb,2023-05-01 10:51:40+00:00,2023-05-01 10:51:40+00:00,1,3.08,3.08,0.7388316151202748,possible_instrumental_spike
Avg_Turb,2023-05-02 19:21:40+00:00,2023-05-02 19:21:40+00:00,1,3.29,3.29,0.8355263157894737,possible_instrumental_spike
Avg_Turb,2023-05-03 16:21:40+00:00,2023-05-03 16:21:40+00:00,1,4.25,4.25,0.9597989949748743,possible_instrumental_spike
Avg_Turb,2023-05-04 09:21:40+00:00,2023-05-04 09:21:40+00:00,1,1.1,1.1,0.7721518987341773,possible_instrumental_spike
Avg_Turb,2023-05-04 14:51:40+00:00,2023-05-04 14:51:40+00:00,1,0.62,0.62,0.517241379310345,possible_instrumental_spike
Avg_Turb,2023-05-06 15:51:40+00:00,2023-05-06 15:51:40+00:00,1,1.18,1.18,0.7499999999999999,possible_instrumental_spike
Avg_Turb,2023-05-06 23:21:40+00:00,2023-05-06 23:21:40+00:00,1,1.35,1.35,0.6565656565656567,possible_instrumental_spike
Avg_Turb,2023-05-08 03:51:40+00:00,2023-05-08 03:51:40+00:00,1,101.4,101.4,0.791319857312723,possible_instrumental_spike
Avg_Turb,2023-05-08 22:21:40+00:00,2023-05-08 22:21:40+00:00,1,0.81,0.81,0.7826086956521738,possible_instrumental_spike
Avg_Turb,2023-05-09 19:21:40+00:00,2023-05-09 19:21:40+00:00,1,8.91,8.91,0.9777517564402809,possible_instrumental_spike
Avg_Turb,2023-05-10 11:21:40+00:00,2023-05-10 11:21:40+00:00,1,1.08,1.08,0.8615384615384615,possible_instrumental_spike
Avg_Turb,2023-05-18 22:21:40+00:00,2023-05-18 22:21:40+00:00,1,1.23,1.23,0.5841584158415841,possible_instrumental_spike
Avg_Turb,2023-05-20 16:21:40+00:00,2023-05-20 16:21:40+00:00,1,8.4,8.4,0.9340796019900497,possible_instrumental_spike
Avg_Turb,2023-05-23 16:51:40+00:00,2023-05-23 16:51:40+00:00,1,0.88,0.88,0.6785714285714285,possible_instrumental_spike
Avg_Turb,2023-05-24 13:21:40+00:00,2023-05-24 13:21:40+00:00,1,2.84,2.84,0.7215686274509804,possible_instrumental_spike
Avg_Turb,2023-05-25 19:21:40+00:00,2023-05-25 19:21:40+00:00,1,0.93,0.93,0.8644067796610169,possible_instrumental_spike
Avg_Turb,2023-05-27 09:51:40+00:00,2023-05-27 09:51:40+00:00,1,7.54,7.54,0.9888734353268428,possible_instrumental_spike
Avg_Turb,2023-05-31 04:51:40+00:00,2023-05-31 04:51:40+00:00,1,0.6,0.6,0.7419354838709676,possible_instrumental_spike
Avg_Turb,2023-06-01 03:21:40+00:00,2023-06-01 03:21:40+00:00,1,0.75,0.75,0.6888888888888889,possible_instrumental_spike
Avg_Turb,2023-06-01 21:21:40+00:00,2023-06-01 21:21:40+00:00,1,0.64,0.64,0.5312500000000001,possible_instrumental_spike
Avg_Turb,2023-06-05 11:21:40+00:00,2023-06-05 11:21:40+00:00,1,1.67,1.67,0.5737704918032787,possible_instrumental_spike
Avg_Turb,2023-06-05 17:21:40+00:00,2023-06-05 17:21:40+00:00,1,3.46,3.46,0.8637873754152825,possible_instrumental_spike
Avg_Turb,2023-06-06 15:21:40+00:00,2023-06-06 15:21:40+00:00,1,25.66,25.66,0.9821570182394925,possible_instrumental_spike
Avg_Turb,2023-06-08 09:21:40+00:00,2023-06-08 09:21:40+00:00,1,1.65,1.65,0.5984251968503936,possible_instrumental_spike
Avg_Turb,2023-06-08 13:21:40+00:00,2023-06-08 13:21:40+00:00,1,0.55,0.55,0.5294117647058824,possible_instrumental_spike
Avg_Turb,2023-06-09 01:51:40+00:00,2023-06-09 01:51:40+00:00,1,6.26,6.26,0.9593908629441624,possible_instrumental_spike
Avg_Turb,2023-06-09 10:51:40+00:00,2023-06-09 10:51:40+00:00,1,100.45,100.45,0.7106893106893106,possible_instrumental_spike
Avg_Turb,2023-06-10 11:51:40+00:00,2023-06-10 11:51:40+00:00,1,0.75,0.75,0.7272727272727273,possible_instrumental_spike
Avg_Turb,2023-06-10 20:21:40+00:00,2023-06-10 20:21:40+00:00,1,0.45,0.45,0.857142857142857,possible_instrumental_spike
Avg_Turb,2023-06-11 18:51:40+00:00,2023-06-11 18:51:40+00:00,1,0.74,0.74,0.8863636363636364,possible_instrumental_spike
Avg_Turb,2023-06-13 01:21:40+00:00,2023-06-13 01:21:40+00:00,1,0.09,0.09,1.0,possible_instrumental_spike
Avg_Turb,2023-06-13 13:51:40+00:00,2023-06-13 13:51:40+00:00,1,0.49,0.49,0.7000000000000001,possible_instrumental_spike
Avg_Turb,2023-06-13 17:51:40+00:00,2023-06-13 17:51:40+00:00,1,1.87,1.87,0.8932584269662922,possible_instrumental_spike
Avg_Turb,2023-06-17 16:51:40+00:00,2023-06-17 16:51:40+00:00,1,1.59,1.59,0.9109589041095891,possible_instrumental_spike
Avg_Turb,2023-06-18 17:51:40+00:00,2023-06-18 17:51:40+00:00,1,0.72,0.72,0.5925925925925924,possible_instrumental_spike
Avg_Turb,2023-06-18 23:21:40+00:00,2023-06-18 23:21:40+00:00,1,0.51,0.51,0.5625,possible_instrumental_spike
Avg_Turb,2023-06-19 17:51:40+00:00,2023-06-19 17:51:40+00:00,1,0.86,0.86,0.6060606060606061,possible_instrumental_spike
Avg_Turb,2023-06-20 17:51:40+00:00,2023-06-20 17:51:40+00:00,1,1.27,1.27,0.5670103092783506,possible_instrumental_spike
Avg_Turb,2023-06-21 00:51:40+00:00,2023-06-21 00:51:40+00:00,1,0.69,0.69,0.5813953488372092,possible_instrumental_spike
Avg_Turb,2023-06-28 13:51:40+00:00,2023-06-28 13:51:40+00:00,1,0.47,0.47,0.5909090909090907,possible_instrumental_spike
Avg_Turb,2023-06-29 12:51:40+00:00,2023-06-29 12:51:40+00:00,1,0.79,0.79,0.894736842105263,possible_instrumental_spike
Avg_Turb,2023-06-30 03:51:40+00:00,2023-06-30 03:51:40+00:00,1,1.02,1.02,0.8421052631578947,possible_instrumental_spike
Avg_Turb,2023-06-30 13:51:40+00:00,2023-06-30 13:51:40+00:00,1,0.94,0.94,0.8108108108108106,possible_instrumental_spike
Avg_Turb,2023-06-30 18:51:40+00:00,2023-06-30 18:51:40+00:00,1,3.14,3.14,0.986159169550173,possible_instrumental_spike
Avg_Turb,2023-07-01 06:21:40+00:00,2023-07-01 06:21:40+00:00,1,0.78,0.78,0.5833333333333334,possible_instrumental_spike
Avg_Turb,2023-07-03 10:21:40+00:00,2023-07-03 10:21:40+00:00,1,3.42,3.42,0.5324232081911263,possible_instrumental_spike
Avg_Turb,2023-07-03 21:21:40+00:00,2023-07-03 21:21:40+00:00,1,0.93,0.93,0.627906976744186,possible_instrumental_spike
Avg_Turb,2023-07-05 15:51:40+00:00,2023-07-05 15:51:40+00:00,1,8.51,8.51,0.8054421768707484,possible_instrumental_spike
Avg_Turb,2023-07-06 13:21:40+00:00,2023-07-06 13:21:40+00:00,1,25.34,25.34,0.9557635048915355,possible_instrumental_spike
Avg_Turb,2023-07-07 04:51:40+00:00,2023-07-07 04:51:40+00:00,1,18.13,18.13,0.8487928843710293,possible_instrumental_spike
Avg_Turb,2023-07-07 15:51:40+00:00,2023-07-07 15:51:40+00:00,1,5.25,5.25,0.6505190311418685,possible_instrumental_spike
Avg_Turb,2023-07-07 22:21:40+00:00,2023-07-07 22:21:40+00:00,1,8.69,8.69,0.7268041237113402,possible_instrumental_spike
Avg_Turb,2023-07-09 17:51:40+00:00,2023-07-09 17:51:40+00:00,1,27.83,27.83,0.9509611612397019,possible_instrumental_spike
Avg_Turb,2023-07-10 03:51:40+00:00,2023-07-10 03:51:40+00:00,1,8.43,8.43,0.7949125596184421,possible_instrumental_spike
Avg_Turb,2023-07-11 02:21:40+00:00,2023-07-11 02:21:40+00:00,1,8.74,8.74,0.9693877551020408,possible_instrumental_spike
Avg_Turb,2023-07-13 03:51:40+00:00,2023-07-13 03:51:40+00:00,1,10.2,10.2,0.9732441471571907,possible_instrumental_spike
Avg_Turb,2023-07-13 08:21:40+00:00,2023-07-13 08:21:40+00:00,1,0.98,0.98,0.5517241379310341,possible_instrumental_spike
Avg_Turb,2023-07-15 21:21:40+00:00,2023-07-15 21:21:40+00:00,1,8.48,8.48,0.8415841584158416,possible_instrumental_spike
Avg_Turb,2023-07-17 04:21:40+00:00,2023-07-17 04:21:40+00:00,1,5.87,5.87,0.6274509803921569,possible_instrumental_spike
Avg_Turb,2023-07-19 03:51:40+00:00,2023-07-19 03:51:40+00:00,1,4.89,4.89,0.6367521367521367,possible_instrumental_spike
Avg_Turb,2023-07-20 05:21:40+00:00,2023-07-20 05:21:40+00:00,1,20.81,20.81,0.9081334113516676,possible_instrumental_spike
Avg_Turb,2023-07-21 16:21:40+00:00,2023-07-21 16:21:40+00:00,1,7.93,7.93,0.8189300411522634,possible_instrumental_spike
Avg_Turb,2023-07-21 21:51:40+00:00,2023-07-21 21:51:40+00:00,1,8.22,8.22,0.7722007722007723,possible_instrumental_spike
Avg_Turb,2023-07-22 03:51:40+00:00,2023-07-22 03:51:40+00:00,1,6.9,6.9,0.9067357512953368,possible_instrumental_spike
Avg_Turb,2023-07-23 14:51:40+00:00,2023-07-23 14:51:40+00:00,1,3.52,3.52,0.6373626373626373,possible_instrumental_spike
Avg_Turb,2023-07-24 15:51:40+00:00,2023-07-24 15:51:40+00:00,1,3.52,3.52,0.8321678321678321,possible_instrumental_spike
Avg_Turb,2023-07-24 22:51:40+00:00,2023-07-24 22:51:40+00:00,1,9.96,9.96,0.5186567164179104,possible_instrumental_spike
Avg_Turb,2023-07-26 06:21:40+00:00,2023-07-26 06:21:40+00:00,1,22.61,22.61,0.9549461312438786,possible_instrumental_spike
Avg_Turb,2023-07-27 22:21:40+00:00,2023-07-27 22:21:40+00:00,1,13.6,13.6,0.9536423841059603,possible_instrumental_spike
Avg_Turb,2023-07-29 00:51:40+00:00,2023-07-29 00:51:40+00:00,1,5.07,5.07,0.8848039215686275,possible_instrumental_spike
Avg_Turb,2023-07-29 18:51:40+00:00,2023-07-29 18:51:40+00:00,1,3.09,3.09,0.9342105263157895,possible_instrumental_spike
Avg_Turb,2023-07-30 04:51:40+00:00,2023-07-30 04:51:40+00:00,1,47.06,47.06,0.9924389717001514,possible_instrumental_spike
Avg_Turb,2023-07-31 16:51:40+00:00,2023-07-31 16:51:40+00:00,1,1.04,1.04,0.5576923076923077,possible_instrumental_spike
Avg_Turb,2023-08-01 02:21:40+00:00,2023-08-01 02:21:40+00:00,1,3.55,3.55,0.8129251700680271,possible_instrumental_spike
Avg_Turb,2023-08-02 04:21:40+00:00,2023-08-02 04:21:40+00:00,1,11.13,11.13,0.9346153846153846,possible_instrumental_spike
Avg_Turb,2023-08-02 23:21:40+00:00,2023-08-02 23:21:40+00:00,1,1.74,1.74,0.7368421052631577,possible_instrumental_spike
Avg_Turb,2023-08-03 08:21:40+00:00,2023-08-03 08:21:40+00:00,1,4.4,4.4,0.8606557377049181,possible_instrumental_spike
Avg_Turb,2023-08-06 02:51:40+00:00,2023-08-06 02:51:40+00:00,1,4.25,4.25,0.9575596816976127,possible_instrumental_spike
Avg_Turb,2023-08-08 23:51:40+00:00,2023-08-08 23:51:40+00:00,1,2.27,2.27,0.9809523809523809,possible_instrumental_spike
Avg_Turb,2023-08-09 02:51:40+00:00,2023-08-09 02:51:40+00:00,1,0.23,0.23,0.6666666666666669,possible_instrumental_spike
Avg_Turb,2023-08-10 04:21:40+00:00,2023-08-10 04:21:40+00:00,1,2.25,2.25,0.5961538461538461,possible_instrumental_spike
Avg_Turb,2023-08-10 15:21:40+00:00,2023-08-10 15:21:40+00:00,1,0.23,0.23,0.6666666666666669,possible_instrumental_spike
Avg_Turb,2023-08-11 06:51:40+00:00,2023-08-11 06:51:40+00:00,1,7.94,7.94,0.9987146529562982,possible_instrumental_spike
Avg_Turb,2023-08-11 14:51:40+00:00,2023-08-11 14:51:40+00:00,1,0.31,0.31,0.5333333333333333,possible_instrumental_spike
Avg_Turb,2023-08-13 21:21:40+00:00,2023-08-13 21:21:40+00:00,1,1.18,1.18,0.9183673469387754,possible_instrumental_spike
Avg_Turb,2023-08-14 01:51:40+00:00,2023-08-14 01:51:40+00:00,1,1.77,1.77,0.9281045751633986,possible_instrumental_spike
Avg_Turb,2023-08-17 07:21:40+00:00,2023-08-17 07:21:40+00:00,1,5.51,5.51,0.9616858237547893,possible_instrumental_spike
Avg_Turb,2023-08-19 12:21:40+00:00,2023-08-19 12:21:40+00:00,1,1.25,1.25,0.8958333333333334,possible_instrumental_spike
Avg_Turb,2023-08-23 10:51:40+00:00,2023-08-23 10:51:40+00:00,1,0.3,0.3,0.5999999999999995,possible_instrumental_spike
Avg_Turb,2023-08-23 15:21:40+00:00,2023-08-23 15:21:40+00:00,1,1.95,1.95,0.8117647058823529,possible_instrumental_spike
Avg_Turb,2023-08-24 19:21:40+00:00,2023-08-24 19:21:40+00:00,1,0.29,0.29,0.6,possible_instrumental_spike
Avg_Turb,2023-08-25 02:51:40+00:00,2023-08-25 02:51:40+00:00,1,0.84,0.84,0.9444444444444444,possible_instrumental_spike
Avg_Turb,2023-08-25 09:51:40+00:00,2023-08-25 09:51:40+00:00,1,0.4,0.4,0.5999999999999998,possible_instrumental_spike
Avg_Turb,2023-08-26 18:21:40+00:00,2023-08-26 18:21:40+00:00,1,2.55,2.55,0.5803571428571428,possible_instrumental_spike
Avg_Turb,2023-08-27 03:21:40+00:00,2023-08-27 03:21:40+00:00,1,2.67,2.67,0.9696969696969696,possible_instrumental_spike
Avg_Turb,2023-08-27 21:21:40+00:00,2023-08-27 21:21:40+00:00,1,3.07,3.07,0.956043956043956,possible_instrumental_spike
Avg_Turb,2023-08-28 03:51:40+00:00,2023-08-28 03:51:40+00:00,1,1.68,1.68,0.564885496183206,possible_instrumental_spike
Avg_Turb,2023-08-28 15:21:40+00:00,2023-08-28 15:21:40+00:00,1,3.83,3.83,0.9410029498525073,possible_instrumental_spike
Avg_Turb,2023-08-29 21:51:40+00:00,2023-08-29 21:51:40+00:00,1,5.92,5.92,0.7450271247739602,possible_instrumental_spike
Avg_Turb,2023-08-31 15:21:40+00:00,2023-08-31 15:21:40+00:00,1,2.58,2.58,0.85781990521327,possible_instrumental_spike
Avg_Turb,2023-09-01 04:21:40+00:00,2023-09-01 04:21:40+00:00,1,2.64,2.64,0.7924528301886793,possible_instrumental_spike
Avg_Turb,2023-09-02 01:51:40+00:00,2023-09-02 01:51:40+00:00,1,2.52,2.52,0.5425531914893618,possible_instrumental_spike
Avg_Turb,2023-09-03 02:51:40+00:00,2023-09-03 02:51:40+00:00,1,33.24,33.24,0.9675145571559913,possible_instrumental_spike
Avg_Turb,2023-09-03 16:21:40+00:00,2023-09-03 16:21:40+00:00,1,1.4,1.4,0.728395061728395,possible_instrumental_spike
Avg_Turb,2023-09-03 23:51:40+00:00,2023-09-03 23:51:40+00:00,1,5.09,5.09,0.9071274298056156,possible_instrumental_spike
Avg_Turb,2023-09-04 23:21:40+00:00,2023-09-04 23:21:40+00:00,1,36.82,36.82,0.9266080263881253,possible_instrumental_spike
Avg_Turb,2023-09-05 08:21:40+00:00,2023-09-05 08:21:40+00:00,1,12.0,12.0,0.9913569576490925,possible_instrumental_spike
Avg_Turb,2023-09-05 19:21:40+00:00,2023-09-05 19:21:40+00:00,1,0.58,0.58,0.6666666666666666,possible_instrumental_spike
Avg_Turb,2023-09-06 01:21:40+00:00,2023-09-06 01:21:40+00:00,1,0.8,0.8,0.763157894736842,possible_instrumental_spike
Avg_Turb,2023-09-06 10:51:40+00:00,2023-09-06 10:51:40+00:00,1,1.15,1.15,0.5641025641025641,possible_instrumental_spike
Avg_Turb,2023-09-07 02:21:40+00:00,2023-09-07 02:21:40+00:00,1,3.14,3.14,0.900763358778626,possible_instrumental_spike
Avg_Turb,2023-09-07 12:51:40+00:00,2023-09-07 12:51:40+00:00,1,3.33,3.33,0.8576923076923076,possible_instrumental_spike
Avg_Turb,2023-09-08 03:51:40+00:00,2023-09-08 03:51:40+00:00,1,60.56,60.56,0.977088948787062,possible_instrumental_spike
Avg_Turb,2023-09-08 08:21:40+00:00,2023-09-08 08:21:40+00:00,1,4.26,4.26,0.6356877323420076,possible_instrumental_spike
Avg_Turb,2023-09-09 04:51:40+00:00,2023-09-09 04:51:40+00:00,1,7.91,7.91,0.9172413793103449,possible_instrumental_spike
Avg_Turb,2023-09-11 02:51:40+00:00,2023-09-11 02:51:40+00:00,1,8.46,8.46,0.8598382749326146,possible_instrumental_spike
Avg_Turb,2023-09-14 00:21:40+00:00,2023-09-14 00:21:40+00:00,1,9.13,9.13,0.5754119138149557,possible_instrumental_spike
Avg_Turb,2023-09-14 08:51:40+00:00,2023-09-14 08:51:40+00:00,1,15.97,15.97,0.7056424201223658,possible_instrumental_spike
Avg_Turb,2023-09-17 17:51:40+00:00,2023-09-17 17:51:40+00:00,1,32.41,32.41,0.5231449965963241,possible_instrumental_spike
Avg_Turb,2023-09-19 14:51:40+00:00,2023-09-19 14:51:40+00:00,1,61.32,61.32,0.564288063137126,possible_instrumental_spike
Avg_Turb,2023-09-21 05:51:40+00:00,2023-09-21 05:51:40+00:00,1,65.49,65.49,0.5580710187625988,possible_instrumental_spike
Avg_Turb,2023-09-23 14:51:40+00:00,2023-09-23 14:51:40+00:00,1,36.92,36.92,0.6015881708652793,possible_instrumental_spike
Avg_Turb,2023-09-24 11:21:40+00:00,2023-09-24 11:21:40+00:00,1,27.26,27.26,0.6015595989602673,possible_instrumental_spike
Avg_Turb,2023-09-24 15:51:40+00:00,2023-09-24 15:51:40+00:00,1,2.95,2.95,0.641732283464567,possible_instrumental_spike
Avg_Turb,2023-09-24 23:21:40+00:00,2023-09-24 23:21:40+00:00,1,4.96,4.96,0.8949671772428883,possible_instrumental_spike
Avg_Turb,2023-09-25 10:51:40+00:00,2023-09-25 10:51:40+00:00,1,3.35,3.35,0.889937106918239,possible_instrumental_spike
Avg_Turb,2023-09-25 20:21:40+00:00,2023-09-25 20:21:40+00:00,1,13.64,13.64,0.9902985074626867,possible_instrumental_spike
Avg_Turb,2023-09-26 19:21:40+00:00,2023-09-26 19:21:40+00:00,1,2.18,2.18,0.9581151832460733,possible_instrumental_spike
Avg_Turb,2023-09-27 04:21:40+00:00,2023-09-27 04:21:40+00:00,1,0.79,0.79,0.688888888888889,possible_instrumental_spike
Avg_Turb,2023-09-28 19:51:40+00:00,2023-09-28 19:51:40+00:00,1,1.09,1.09,0.746268656716418,possible_instrumental_spike
Avg_Turb,2023-09-29 16:21:40+00:00,2023-09-29 16:21:40+00:00,1,9.12,9.12,0.9434180138568131,possible_instrumental_spike
Avg_Turb,2023-10-02 10:51:40+00:00,2023-10-02 10:51:40+00:00,1,5.67,5.67,0.924,possible_instrumental_spike
Avg_Turb,2023-10-02 21:21:40+00:00,2023-10-02 21:21:40+00:00,1,15.01,15.01,0.9692092372288313,possible_instrumental_spike
Avg_Turb,2023-10-03 06:51:40+00:00,2023-10-03 06:51:40+00:00,1,7.55,7.55,0.527165932452276,possible_instrumental_spike
Avg_Turb,2023-10-03 14:21:40+00:00,2023-10-03 14:21:40+00:00,1,0.96,0.96,0.5813953488372093,possible_instrumental_spike
Avg_Turb,2023-10-03 18:21:40+00:00,2023-10-03 18:21:40+00:00,1,1.01,1.01,0.5416666666666667,possible_instrumental_spike
Avg_Turb,2023-10-03 23:21:40+00:00,2023-10-03 23:21:40+00:00,1,0.78,0.78,0.6666666666666665,possible_instrumental_spike
Avg_Turb,2023-10-04 03:21:40+00:00,2023-10-04 03:21:40+00:00,1,19.35,19.35,0.9920424403183025,possible_instrumental_spike
Avg_Turb,2023-10-04 14:21:40+00:00,2023-10-04 14:21:40+00:00,1,0.98,0.98,0.7419354838709676,possible_instrumental_spike
Avg_Turb,2023-10-05 01:21:40+00:00,2023-10-05 01:21:40+00:00,1,30.15,30.15,0.9062814914343298,possible_instrumental_spike
Avg_Turb,2023-10-07 08:21:40+00:00,2023-10-07 08:21:40+00:00,1,15.25,15.25,0.9966843501326259,possible_instrumental_spike
Avg_Turb,2023-10-10 05:21:40+00:00,2023-10-10 05:21:40+00:00,1,12.48,12.48,0.9459901800327332,possible_instrumental_spike
Avg_Turb,2023-10-10 10:51:40+00:00,2023-10-10 10:51:40+00:00,1,1.6,1.6,0.5319148936170213,possible_instrumental_spike
Avg_Turb,2023-10-10 23:21:40+00:00,2023-10-10 23:21:40+00:00,1,26.1,26.1,0.6709252806813782,possible_instrumental_spike
Avg_Turb,2023-10-12 18:21:40+00:00,2023-10-12 18:21:40+00:00,1,1.03,1.03,0.6666666666666666,possible_instrumental_spike
Avg_Turb,2023-10-13 09:51:40+00:00,2023-10-13 09:51:40+00:00,1,0.81,0.81,0.5294117647058824,possible_instrumental_spike
Avg_Turb,2023-10-14 11:51:40+00:00,2023-10-14 11:51:40+00:00,1,1.73,1.73,0.8771929824561403,possible_instrumental_spike
Avg_Turb,2023-10-15 06:51:40+00:00,2023-10-15 06:51:40+00:00,1,10.73,10.73,0.7420289855072465,possible_instrumental_spike
Avg_Turb,2023-10-16 05:21:40+00:00,2023-10-16 05:21:40+00:00,1,12.66,12.66,0.977124183006536,possible_instrumental_spike
Avg_Turb,2023-10-17 06:21:40+00:00,2023-10-17 06:21:40+00:00,1,16.97,16.97,0.9722724532851115,possible_instrumental_spike
Avg_Turb,2023-10-18 03:51:40+00:00,2023-10-18 03:51:40+00:00,1,8.27,8.27,0.9587628865979381,possible_instrumental_spike
Avg_Turb,2023-10-18 23:21:40+00:00,2023-10-18 23:21:40+00:00,1,111.76,111.76,0.998203377650018,possible_instrumental_spike
Avg_Turb,2023-10-19 09:51:40+00:00,2023-10-19 09:51:40+00:00,1,1.83,1.83,0.9054054054054055,possible_instrumental_spike
Avg_Turb,2023-10-19 15:51:40+00:00,2023-10-19 15:51:40+00:00,1,0.75,0.75,0.6216216216216216,possible_instrumental_spike
Avg_Turb,2023-10-20 02:21:40+00:00,2023-10-20 02:21:40+00:00,1,0.83,0.83,0.6666666666666665,possible_instrumental_spike
Avg_Turb,2023-10-20 07:21:40+00:00,2023-10-20 07:21:40+00:00,1,9.36,9.36,0.9778516057585825,possible_instrumental_spike
Avg_Turb,2023-10-20 12:51:40+00:00,2023-10-20 12:51:40+00:00,1,7.68,7.68,0.9781718963165075,possible_instrumental_spike
Avg_Turb,2023-10-20 16:21:40+00:00,2023-10-20 16:21:40+00:00,1,3.95,3.95,0.8659217877094972,possible_instrumental_spike
Avg_Turb,2023-10-23 15:51:40+00:00,2023-10-23 15:51:40+00:00,1,1.71,1.71,0.7103448275862068,possible_instrumental_spike
Avg_Turb,2023-10-23 23:21:40+00:00,2023-10-23 23:21:40+00:00,1,5.74,5.74,0.6654411764705882,possible_instrumental_spike
Avg_Turb,2023-10-24 02:51:40+00:00,2023-10-24 02:51:40+00:00,1,12.13,12.13,0.8020304568527918,possible_instrumental_spike
Avg_Turb,2023-10-25 01:21:40+00:00,2023-10-25 01:21:40+00:00,1,43.67,43.67,0.7543900184842884,possible_instrumental_spike
Avg_Turb,2023-10-26 14:21:40+00:00,2023-10-26 14:21:40+00:00,1,88.47,88.47,0.7895095367847411,possible_instrumental_spike
Avg_Turb,2023-10-28 11:21:40+00:00,2023-10-28 11:21:40+00:00,1,24.06,24.06,0.5636285468615649,possible_instrumental_spike
Avg_Turb,2023-10-30 08:21:40+00:00,2023-10-30 08:21:40+00:00,1,102.02,102.02,0.5849817931305974,possible_instrumental_spike
Avg_Turb,2023-11-02 05:21:40+00:00,2023-11-02 05:21:40+00:00,1,27.65,27.65,0.5545755237045203,possible_instrumental_spike
Avg_Turb,2023-11-02 14:21:40+00:00,2023-11-02 14:21:40+00:00,1,39.38,39.38,0.6762589928057554,possible_instrumental_spike
Avg_Turb,2023-11-04 06:21:40+00:00,2023-11-04 06:21:40+00:00,1,130.8,130.8,0.9166027901272421,possible_instrumental_spike
Avg_Turb,2023-11-04 20:21:40+00:00,2023-11-04 20:21:40+00:00,1,12.71,12.71,0.5322580645161291,possible_instrumental_spike
Avg_Turb,2023-11-07 05:21:40+00:00,2023-11-07 05:21:40+00:00,1,11.71,11.71,0.6882096069868996,possible_instrumental_spike
Avg_Turb,2023-11-08 01:21:40+00:00,2023-11-08 01:21:40+00:00,1,22.46,22.46,0.9620767494356659,possible_instrumental_spike
Avg_Turb,2023-11-09 09:21:40+00:00,2023-11-09 09:21:40+00:00,1,2.97,2.97,0.7175572519083969,possible_instrumental_spike
Avg_Turb,2023-11-11 16:21:40+00:00,2023-11-11 16:21:40+00:00,1,2.44,2.44,0.8578199052132702,possible_instrumental_spike
Avg_Turb,2023-11-13 11:51:40+00:00,2023-11-13 11:51:40+00:00,1,1.18,1.18,0.6296296296296295,possible_instrumental_spike
Avg_Turb,2023-11-13 17:51:40+00:00,2023-11-13 17:51:40+00:00,1,0.71,0.71,0.5869565217391304,possible_instrumental_spike
Avg_Turb,2023-11-14 09:51:40+00:00,2023-11-14 09:51:40+00:00,1,3.31,3.31,0.8403908794788273,possible_instrumental_spike
Avg_Turb,2023-11-16 14:21:40+00:00,2023-11-16 14:21:40+00:00,1,0.5,0.5,0.6956521739130435,possible_instrumental_spike
Avg_Turb,2023-11-17 12:51:40+00:00,2023-11-17 12:51:40+00:00,1,1.44,1.44,0.711864406779661,possible_instrumental_spike
Avg_Turb,2023-11-21 00:51:40+00:00,2023-11-21 00:51:40+00:00,1,8.64,8.64,0.9952774498229042,possible_instrumental_spike
Avg_Turb,2023-11-21 06:51:40+00:00,2023-11-21 06:51:40+00:00,1,8.54,8.54,0.9473684210526315,possible_instrumental_spike
Avg_Turb,2023-11-21 21:21:40+00:00,2023-11-21 21:21:40+00:00,1,42.72,42.72,0.9988235294117646,possible_instrumental_spike
Avg_Turb,2023-11-22 03:51:40+00:00,2023-11-22 03:51:40+00:00,1,10.15,10.15,0.9698795180722891,possible_instrumental_spike
Avg_Turb,2023-11-23 23:21:40+00:00,2023-11-23 23:21:40+00:00,1,10.02,10.02,0.9917525773195877,possible_instrumental_spike
Avg_Turb,2023-11-26 10:21:40+00:00,2023-11-26 10:21:40+00:00,1,10.0,10.0,0.8665966386554622,possible_instrumental_spike
Avg_Turb,2023-11-28 03:51:40+00:00,2023-11-28 03:51:40+00:00,1,2.27,2.27,0.6890243902439025,possible_instrumental_spike
Avg_Turb,2023-11-29 14:21:40+00:00,2023-11-29 14:21:40+00:00,1,3.31,3.31,0.6532846715328466,possible_instrumental_spike
Avg_Turb,2023-11-30 09:51:40+00:00,2023-11-30 09:51:40+00:00,1,3.57,3.57,0.6741935483870968,possible_instrumental_spike
Avg_Turb,2023-12-01 05:21:40+00:00,2023-12-01 05:21:40+00:00,1,7.01,7.01,0.864696734059098,possible_instrumental_spike
Avg_Turb,2023-12-01 09:51:40+00:00,2023-12-01 09:51:40+00:00,1,7.4,7.4,0.8797101449275362,possible_instrumental_spike
Avg_Turb,2023-12-01 16:51:40+00:00,2023-12-01 16:51:40+00:00,1,4.01,4.01,0.8555555555555555,possible_instrumental_spike
Avg_Turb,2023-12-02 22:21:40+00:00,2023-12-02 22:21:40+00:00,1,1.76,1.76,0.6808510638297871,possible_instrumental_spike
Avg_Turb,2023-12-04 05:51:40+00:00,2023-12-04 05:51:40+00:00,1,8.09,8.09,0.7651612903225806,possible_instrumental_spike
Avg_Turb,2023-12-04 18:51:40+00:00,2023-12-04 18:51:40+00:00,1,1.3,1.3,0.6315789473684211,possible_instrumental_spike
Avg_Turb,2023-12-05 06:51:40+00:00,2023-12-05 06:51:40+00:00,1,13.47,13.47,0.9688212927756654,possible_instrumental_spike
Avg_Turb,2023-12-05 13:51:40+00:00,2023-12-05 13:51:40+00:00,1,0.41,0.41,0.6666666666666669,possible_instrumental_spike
Avg_Turb,2023-12-05 23:51:40+00:00,2023-12-05 23:51:40+00:00,1,1.14,1.14,0.9041095890410958,possible_instrumental_spike
Avg_Turb,2023-12-06 13:51:40+00:00,2023-12-06 13:51:40+00:00,1,4.73,4.73,0.9132420091324199,possible_instrumental_spike
Avg_Turb,2023-12-06 23:21:40+00:00,2023-12-06 23:21:40+00:00,1,1.51,1.51,0.6728971962616822,possible_instrumental_spike
Avg_Turb,2023-12-07 09:51:40+00:00,2023-12-07 09:51:40+00:00,1,0.6,0.6,0.588235294117647,possible_instrumental_spike
Avg_Turb,2023-12-08 18:51:40+00:00,2023-12-08 18:51:40+00:00,1,10.5,10.5,0.7104208416833667,possible_instrumental_spike
Avg_Turb,2023-12-09 02:21:40+00:00,2023-12-09 02:21:40+00:00,1,2.08,2.08,0.6821192052980132,possible_instrumental_spike
Avg_Turb,2023-12-09 10:51:40+00:00,2023-12-09 10:51:40+00:00,1,2.8,2.8,0.9590909090909091,possible_instrumental_spike
Avg_Turb,2023-12-10 23:21:40+00:00,2023-12-10 23:21:40+00:00,1,1.04,1.04,0.6585365853658537,possible_instrumental_spike
Avg_Turb,2023-12-11 18:21:40+00:00,2023-12-11 18:21:40+00:00,1,12.78,12.78,0.9745484400656814,possible_instrumental_spike
Avg_Turb,2023-12-12 20:21:40+00:00,2023-12-12 20:21:40+00:00,1,7.37,7.37,0.524812030075188,possible_instrumental_spike
Avg_Turb,2023-12-13 13:21:40+00:00,2023-12-13 13:21:40+00:00,1,2.03,2.03,0.663716814159292,possible_instrumental_spike
Avg_Turb,2023-12-13 16:51:40+00:00,2023-12-13 16:51:40+00:00,1,162.26,162.26,0.9982054455445545,possible_instrumental_spike
Avg_Turb,2023-12-14 01:51:40+00:00,2023-12-14 01:51:40+00:00,1,2.43,2.43,0.6159420289855072,possible_instrumental_spike
Avg_Turb,2023-12-16 12:51:40+00:00,2023-12-16 12:51:40+00:00,1,68.98,68.98,0.9846491228070176,possible_instrumental_spike
Avg_Turb,2023-12-16 18:21:40+00:00,2023-12-16 18:21:40+00:00,1,230.43,230.43,0.9975653232468153,possible_instrumental_spike
Avg_Turb,2023-12-17 10:21:40+00:00,2023-12-17 10:21:40+00:00,1,27.87,27.87,0.9784277879341865,possible_instrumental_spike
Avg_Turb,2023-12-17 15:51:40+00:00,2023-12-17 15:51:40+00:00,1,12.81,12.81,0.9780130293159608,possible_instrumental_spike
Avg_Turb,2023-12-18 03:51:40+00:00,2023-12-18 03:51:40+00:00,1,1.39,1.39,0.625,possible_instrumental_spike
Avg_Turb,2023-12-18 13:51:40+00:00,2023-12-18 13:51:40+00:00,1,0.72,0.72,0.55,possible_instrumental_spike
Avg_Turb,2023-12-18 23:51:40+00:00,2023-12-18 23:51:40+00:00,1,0.71,0.71,0.7307692307692307,possible_instrumental_spike
Avg_Turb,2023-12-19 16:51:40+00:00,2023-12-19 16:51:40+00:00,1,342.97,342.97,0.7378192964530725,possible_instrumental_spike
Avg_Turb,2023-12-19 20:51:40+00:00,2023-12-19 20:51:40+00:00,1,1.0,1.0,0.8076923076923077,possible_instrumental_spike
Avg_Turb,2023-12-20 06:51:40+00:00,2023-12-20 06:51:40+00:00,1,13.63,13.63,0.6120426829268293,possible_instrumental_spike
Avg_Turb,2023-12-20 12:51:40+00:00,2023-12-20 12:51:40+00:00,1,7.55,7.55,0.8849431818181818,possible_instrumental_spike
Avg_Turb,2023-12-20 18:21:40+00:00,2023-12-20 18:21:40+00:00,1,8.56,8.56,0.8128872366790583,possible_instrumental_spike
Avg_Turb,2023-12-21 16:51:40+00:00,2023-12-21 16:51:40+00:00,1,2.27,2.27,0.8287292817679558,possible_instrumental_spike
Avg_Turb,2023-12-22 03:21:40+00:00,2023-12-22 03:21:40+00:00,1,3.47,3.47,0.7568493150684932,possible_instrumental_spike
Avg_Turb,2023-12-23 05:51:40+00:00,2023-12-23 05:51:40+00:00,1,0.92,0.92,0.6000000000000001,possible_instrumental_spike
Avg_Turb,2023-12-23 15:51:40+00:00,2023-12-23 15:51:40+00:00,1,1.52,1.52,0.5729166666666667,possible_instrumental_spike
Avg_Turb,2023-12-25 19:21:40+00:00,2023-12-25 19:21:40+00:00,1,5.15,5.15,0.8125,possible_instrumental_spike
Avg_Turb,2023-12-28 10:51:40+00:00,2023-12-28 10:51:40+00:00,1,4.21,4.21,0.8357771260997066,possible_instrumental_spike
Avg_Turb,2023-12-28 15:51:40+00:00,2023-12-28 15:51:40+00:00,1,4.51,4.51,0.6052631578947368,possible_instrumental_spike
Avg_Turb,2023-12-29 14:21:40+00:00,2023-12-29 14:21:40+00:00,1,28.62,28.62,0.6897666068222621,possible_instrumental_spike
Avg_Turb,2023-12-29 18:21:40+00:00,2023-12-29 18:21:40+00:00,1,3.49,3.49,0.5977859778597786,possible_instrumental_spike
Avg_Turb,2023-12-30 05:51:40+00:00,2023-12-30 05:51:40+00:00,1,16.43,16.43,0.8121019108280255,possible_instrumental_spike
Avg_Turb,2023-12-31 17:21:40+00:00,2023-12-31 17:21:40+00:00,1,8.13,8.13,0.9346049046321526,possible_instrumental_spike
Avg_Turb,2023-12-31 23:21:40+00:00,2023-12-31 23:21:40+00:00,1,5.78,5.78,0.9046653144016226,possible_instrumental_spike
Avg_Turb,2024-01-01 12:51:40+00:00,2024-01-01 12:51:40+00:00,1,7.31,7.31,0.8810240963855421,possible_instrumental_spike
Avg_Turb,2024-01-02 16:51:40+00:00,2024-01-02 16:51:40+00:00,1,5.46,5.46,0.6710239651416122,possible_instrumental_spike
Avg_Turb,2024-01-03 18:21:40+00:00,2024-01-03 18:21:40+00:00,1,3.83,3.83,0.5468750000000001,possible_instrumental_spike
Avg_Turb,2024-01-06 00:21:40+00:00,2024-01-06 00:21:40+00:00,1,1.95,1.95,0.949438202247191,possible_instrumental_spike
Avg_Turb,2024-01-06 18:21:40+00:00,2024-01-06 18:21:40+00:00,1,1.46,1.46,0.937984496124031,possible_instrumental_spike
Avg_Turb,2024-01-10 20:21:40+00:00,2024-01-10 20:21:40+00:00,1,0.98,0.98,0.7361111111111112,possible_instrumental_spike
Avg_Turb,2024-01-12 09:21:40+00:00,2024-01-12 09:21:40+00:00,1,20.18,20.18,0.9834254143646408,possible_instrumental_spike
Avg_Turb,2024-01-12 12:21:40+00:00,2024-01-12 12:21:40+00:00,1,1.37,1.37,0.7938144329896908,possible_instrumental_spike
Avg_Turb,2024-01-12 15:21:40+00:00,2024-01-12 15:21:40+00:00,1,0.85,0.85,0.6000000000000001,possible_instrumental_spike
Avg_Turb,2024-01-13 16:21:40+00:00,2024-01-13 16:21:40+00:00,1,1.65,1.65,0.8174603174603174,possible_instrumental_spike
Avg_Turb,2024-01-13 20:21:40+00:00,2024-01-13 20:21:40+00:00,1,1.05,1.05,0.5512820512820513,possible_instrumental_spike
Avg_Turb,2024-01-14 00:51:40+00:00,2024-01-14 00:51:40+00:00,1,3.51,3.51,0.8264984227129336,possible_instrumental_spike
Avg_Turb,2024-01-14 17:21:40+00:00,2024-01-14 17:21:40+00:00,1,1.07,1.07,0.6470588235294118,possible_instrumental_spike
Avg_Turb,2024-01-15 05:51:40+00:00,2024-01-15 05:51:40+00:00,1,9.29,9.29,0.9551569506726457,possible_instrumental_spike
Avg_Turb,2024-01-16 10:51:40+00:00,2024-01-16 10:51:40+00:00,1,10.67,10.67,0.7599611273080662,possible_instrumental_spike
Avg_Turb,2024-01-18 02:21:40+00:00,2024-01-18 02:21:40+00:00,1,0.58,0.58,0.5769230769230769,possible_instrumental_spike
Avg_Turb,2024-01-19 17:51:40+00:00,2024-01-19 17:51:40+00:00,1,0.54,0.54,0.8333333333333334,possible_instrumental_spike
Avg_Turb,2024-01-19 22:21:40+00:00,2024-01-19 22:21:40+00:00,1,0.5,0.5,0.8387096774193549,possible_instrumental_spike
Avg_Turb,2024-01-20 11:21:40+00:00,2024-01-20 11:21:40+00:00,1,0.31,0.31,0.6428571428571429,possible_instrumental_spike
Avg_Turb,2024-01-20 16:51:40+00:00,2024-01-20 16:51:40+00:00,1,3.81,3.81,0.9752747252747251,possible_instrumental_spike
Avg_Turb,2024-01-21 00:21:40+00:00,2024-01-21 00:21:40+00:00,1,0.79,0.79,0.6885245901639344,possible_instrumental_spike
Avg_Turb,2024-01-21 17:21:40+00:00,2024-01-21 17:21:40+00:00,1,1.11,1.11,0.8387096774193548,possible_instrumental_spike
Avg_Turb,2024-01-23 13:51:40+00:00,2024-01-23 13:51:40+00:00,1,2.33,2.33,0.8067632850241544,possible_instrumental_spike
Avg_Turb,2024-01-24 17:51:40+00:00,2024-01-24 17:51:40+00:00,1,1.42,1.42,0.8807339449541285,possible_instrumental_spike
Avg_Turb,2024-01-25 12:51:40+00:00,2024-01-25 12:51:40+00:00,1,1.42,1.42,0.7547169811320754,possible_instrumental_spike
Avg_Turb,2024-01-27 00:51:40+00:00,2024-01-27 00:51:40+00:00,1,3.37,3.37,0.9065743944636678,possible_instrumental_spike
Avg_Turb,2024-01-27 19:51:40+00:00,2024-01-27 19:51:40+00:00,1,1.59,1.59,0.8529411764705883,possible_instrumental_spike
Avg_Turb,2024-01-28 08:21:40+00:00,2024-01-28 08:21:40+00:00,1,8.33,8.33,0.7744458930899608,possible_instrumental_spike
Avg_Turb,2024-01-31 05:51:40+00:00,2024-01-31 05:51:40+00:00,1,16.32,16.32,0.9749530369442705,possible_instrumental_spike
Avg_Turb,2024-02-01 06:21:40+00:00,2024-02-01 06:21:40+00:00,1,104.85,104.85,0.9979908151549942,possible_instrumental_spike
Avg_Turb,2024-02-01 09:21:40+00:00,2024-02-01 09:21:40+00:00,1,1.59,1.59,0.888888888888889,possible_instrumental_spike
Avg_Turb,2024-02-02 02:51:40+00:00,2024-02-02 02:51:40+00:00,1,4.75,4.75,0.7884187082405345,possible_instrumental_spike
Avg_Turb,2024-02-03 10:21:40+00:00,2024-02-03 10:21:40+00:00,1,1.78,1.78,0.7058823529411765,possible_instrumental_spike
Avg_Turb,2024-02-03 21:51:40+00:00,2024-02-03 21:51:40+00:00,1,2.26,2.26,0.6900000000000001,possible_instrumental_spike
Avg_Turb,2024-02-04 05:21:40+00:00,2024-02-04 05:21:40+00:00,1,4.57,4.57,0.7633410672853828,possible_instrumental_spike
Avg_Turb,2024-02-04 09:21:40+00:00,2024-02-04 09:21:40+00:00,1,0.51,0.51,0.76,possible_instrumental_spike
Avg_Turb,2024-02-04 14:51:40+00:00,2024-02-04 14:51:40+00:00,1,0.33,0.33,0.7142857142857141,possible_instrumental_spike
Avg_Turb,2024-02-04 21:51:40+00:00,2024-02-04 21:51:40+00:00,1,18.56,18.56,0.5784581738655002,possible_instrumental_spike
Avg_Turb,2024-02-05 15:21:40+00:00,2024-02-05 15:21:40+00:00,1,5.44,5.44,0.601904761904762,possible_instrumental_spike
Avg_Turb,2024-02-07 03:51:40+00:00,2024-02-07 03:51:40+00:00,1,6.75,6.75,0.5756172839506173,possible_instrumental_spike
Avg_Turb,2024-02-07 23:51:40+00:00,2024-02-07 23:51:40+00:00,1,1.48,1.48,0.9035087719298247,possible_instrumental_spike
Avg_Turb,2024-02-09 07:21:40+00:00,2024-02-09 07:21:40+00:00,1,10.01,10.01,0.6846473029045642,possible_instrumental_spike
Avg_Turb,2024-02-11 03:51:40+00:00,2024-02-11 03:51:40+00:00,1,3.75,3.75,0.8198757763975155,possible_instrumental_spike
Avg_Turb,2024-02-12 07:21:40+00:00,2024-02-12 07:21:40+00:00,1,3.43,3.43,0.8260869565217391,possible_instrumental_spike
Avg_Turb,2024-02-12 15:21:40+00:00,2024-02-12 15:21:40+00:00,1,22.67,22.67,0.9886826618379357,possible_instrumental_spike
Avg_Turb,2024-02-13 16:21:40+00:00,2024-02-13 16:21:40+00:00,1,1.41,1.41,0.7045454545454545,possible_instrumental_spike
Avg_Turb,2024-02-13 22:21:40+00:00,2024-02-13 22:21:40+00:00,1,0.81,0.81,0.5625,possible_instrumental_spike
Avg_Turb,2024-02-14 16:21:40+00:00,2024-02-14 16:21:40+00:00,1,4.13,4.13,0.9595687331536389,possible_instrumental_spike
Avg_Turb,2024-02-14 22:21:40+00:00,2024-02-14 22:21:40+00:00,1,1.27,1.27,0.8043478260869564,possible_instrumental_spike
Avg_Turb,2024-02-15 12:21:40+00:00,2024-02-15 12:21:40+00:00,1,11.53,11.53,0.9857777777777778,possible_instrumental_spike
Avg_Turb,2024-02-15 16:21:40+00:00,2024-02-15 16:21:40+00:00,1,1.94,1.94,0.6149068322981367,possible_instrumental_spike
Avg_Turb,2024-02-16 11:21:40+00:00,2024-02-16 11:21:40+00:00,1,0.44,0.44,0.6470588235294118,possible_instrumental_spike
Avg_Turb,2024-02-16 19:21:40+00:00,2024-02-16 19:21:40+00:00,1,0.71,0.71,0.8958333333333333,possible_instrumental_spike
Avg_Turb,2024-02-17 00:51:40+00:00,2024-02-17 00:51:40+00:00,1,1.36,1.36,0.8849557522123893,possible_instrumental_spike
Avg_Turb,2024-02-17 06:51:40+00:00,2024-02-17 06:51:40+00:00,1,1.0,1.0,0.9249999999999999,possible_instrumental_spike
Avg_Turb,2024-02-17 09:51:40+00:00,2024-02-17 09:51:40+00:00,1,1.19,1.19,0.8699999999999999,possible_instrumental_spike
Avg_Turb,2024-02-17 15:51:40+00:00,2024-02-17 15:51:40+00:00,1,0.36,0.36,0.6666666666666666,possible_instrumental_spike
Avg_Turb,2024-02-17 20:21:40+00:00,2024-02-17 20:21:40+00:00,1,35.16,35.16,0.9413615560640733,possible_instrumental_spike
Avg_Turb,2024-02-18 15:51:40+00:00,2024-02-18 15:51:40+00:00,1,1.33,1.33,0.689655172413793,possible_instrumental_spike
Avg_Turb,2024-02-19 02:51:40+00:00,2024-02-19 02:51:40+00:00,1,5.09,5.09,0.6919917864476386,possible_instrumental_spike
Avg_Turb,2024-02-19 16:51:40+00:00,2024-02-19 16:51:40+00:00,1,2.56,2.56,0.9181034482758619,possible_instrumental_spike
Avg_Turb,2024-02-20 00:21:40+00:00,2024-02-20 00:21:40+00:00,1,7.35,7.35,0.7926657263751762,possible_instrumental_spike
Avg_Turb,2024-02-20 04:51:40+00:00,2024-02-20 04:51:40+00:00,1,7.88,7.88,0.7860892388451444,possible_instrumental_spike
Avg_Turb,2024-02-21 18:51:40+00:00,2024-02-21 18:51:40+00:00,1,3.57,3.57,0.8792569659442724,possible_instrumental_spike
Avg_Turb,2024-02-22 02:21:40+00:00,2024-02-22 02:21:40+00:00,1,4.61,4.61,0.9736211031175062,possible_instrumental_spike
Avg_Turb,2024-02-23 10:51:40+00:00,2024-02-23 10:51:40+00:00,1,7.47,7.47,0.5770308123249299,possible_instrumental_spike
Avg_Turb,2024-02-23 15:21:40+00:00,2024-02-23 15:21:40+00:00,1,6.52,6.52,0.7293354943273906,possible_instrumental_spike
Avg_Turb,2024-02-23 23:21:40+00:00,2024-02-23 23:21:40+00:00,1,1.13,1.13,0.7000000000000001,possible_instrumental_spike
Avg_Turb,2024-02-24 02:21:40+00:00,2024-02-24 02:21:40+00:00,1,0.94,0.94,0.6981132075471698,possible_instrumental_spike
Avg_Turb,2024-02-24 20:51:40+00:00,2024-02-24 20:51:40+00:00,1,9.78,9.78,0.7784877529286475,possible_instrumental_spike
Avg_Turb,2024-02-26 08:51:40+00:00,2024-02-26 08:51:40+00:00,1,11.95,11.95,0.9457567804024496,possible_instrumental_spike
Avg_Turb,2024-02-26 14:21:40+00:00,2024-02-26 14:21:40+00:00,1,12.52,12.52,0.9503311258278146,possible_instrumental_spike
Avg_Turb,2024-02-28 10:21:40+00:00,2024-02-28 10:21:40+00:00,1,44.89,44.89,0.9477695583949788,possible_instrumental_spike
Avg_Turb,2024-02-28 14:21:40+00:00,2024-02-28 14:21:40+00:00,1,2.0,2.0,0.8433734939759036,possible_instrumental_spike
Avg_Turb,2024-02-28 17:51:40+00:00,2024-02-28 17:51:40+00:00,1,2.17,2.17,0.8076923076923077,possible_instrumental_spike
Avg_Turb,2024-02-29 22:21:40+00:00,2024-02-29 22:21:40+00:00,1,4.45,4.45,0.5951219512195122,possible_instrumental_spike
Avg_Turb,2024-03-01 17:51:40+00:00,2024-03-01 17:51:40+00:00,1,0.67,0.67,0.7878787878787881,possible_instrumental_spike
Avg_Turb,2024-03-01 21:51:40+00:00,2024-03-01 21:51:40+00:00,1,0.58,0.58,0.7826086956521737,possible_instrumental_spike
Avg_Turb,2024-03-02 17:51:40+00:00,2024-03-02 17:51:40+00:00,1,0.65,0.65,0.5806451612903227,possible_instrumental_spike
Avg_Turb,2024-03-02 21:21:40+00:00,2024-03-02 21:21:40+00:00,1,10.5,10.5,0.9891518737672582,possible_instrumental_spike
Avg_Turb,2024-03-03 12:51:40+00:00,2024-03-03 12:51:40+00:00,1,20.24,20.24,0.9979889391654098,possible_instrumental_spike
Avg_Turb,2024-03-03 17:21:40+00:00,2024-03-03 17:21:40+00:00,1,1.39,1.39,0.7333333333333334,possible_instrumental_spike
Avg_Turb,2024-03-04 14:21:40+00:00,2024-03-04 14:21:40+00:00,1,0.81,0.81,0.7234042553191491,possible_instrumental_spike
Avg_Turb,2024-03-04 21:51:40+00:00,2024-03-04 21:51:40+00:00,1,6.32,6.32,0.7959866220735785,possible_instrumental_spike
Avg_Turb,2024-03-05 01:21:40+00:00,2024-03-05 01:21:40+00:00,1,0.43,0.43,0.5555555555555556,possible_instrumental_spike
Avg_Turb,2024-03-05 06:21:40+00:00,2024-03-05 06:21:40+00:00,1,22.77,22.77,0.6152474364690147,possible_instrumental_spike
Avg_Turb,2024-03-05 09:21:40+00:00,2024-03-05 09:21:40+00:00,1,2.25,2.25,0.9743589743589743,possible_instrumental_spike
Avg_Turb,2024-03-05 12:51:40+00:00,2024-03-05 12:51:40+00:00,1,0.89,0.89,0.9016393442622952,possible_instrumental_spike
Avg_Turb,2024-03-05 19:51:40+00:00,2024-03-05 19:51:40+00:00,1,7.49,7.49,0.9832167832167832,possible_instrumental_spike
Avg_Turb,2024-03-06 08:51:40+00:00,2024-03-06 08:51:40+00:00,1,17.05,17.05,0.5296229802513466,possible_instrumental_spike
Avg_Turb,2024-03-08 13:51:40+00:00,2024-03-08 13:51:40+00:00,1,0.24,0.24,0.5555555555555558,possible_instrumental_spike
Avg_Turb,2024-03-08 21:51:40+00:00,2024-03-08 21:51:40+00:00,1,19.69,19.69,0.9468798349664775,possible_instrumental_spike
Avg_Turb,2024-03-09 08:51:40+00:00,2024-03-09 08:51:40+00:00,1,6.81,6.81,0.7285276073619632,possible_instrumental_spike
Avg_Turb,2024-03-09 13:21:40+00:00,2024-03-09 13:21:40+00:00,1,6.7,6.7,0.9587301587301588,possible_instrumental_spike
Avg_Turb,2024-03-10 19:21:40+00:00,2024-03-10 19:21:40+00:00,1,110.63,110.63,0.8947941229820425,possible_instrumental_spike
Avg_Turb,2024-03-12 10:51:40+00:00,2024-03-12 10:51:40+00:00,1,5.56,5.56,0.6801541425818882,possible_instrumental_spike
Avg_Turb,2024-03-12 17:21:40+00:00,2024-03-12 17:21:40+00:00,1,47.46,47.46,0.7347068819031437,possible_instrumental_spike
Avg_Turb,2024-03-13 11:21:40+00:00,2024-03-13 11:21:40+00:00,1,112.53,112.53,0.5981458370476019,possible_instrumental_spike
Avg_Turb,2024-03-13 16:51:40+00:00,2024-03-13 16:51:40+00:00,1,310.55,310.55,0.9727228760277284,possible_instrumental_spike
Avg_Turb,2024-03-14 03:21:40+00:00,2024-03-14 03:21:40+00:00,1,0.73,0.73,0.7419354838709676,possible_instrumental_spike
Avg_Turb,2024-03-14 16:21:40+00:00,2024-03-14 16:21:40+00:00,1,170.16,170.16,0.9919335845501648,possible_instrumental_spike
Avg_Turb,2024-03-15 20:21:40+00:00,2024-03-15 20:21:40+00:00,1,250.57,250.57,0.9895741791164017,possible_instrumental_spike
Avg_Turb,2024-03-16 21:21:40+00:00,2024-03-16 21:21:40+00:00,1,78.37,78.37,0.8830753485992069,possible_instrumental_spike
Avg_Turb,2024-03-17 09:21:40+00:00,2024-03-17 09:21:40+00:00,1,2.59,2.59,0.9669421487603306,possible_instrumental_spike
Avg_Turb,2024-03-18 15:21:40+00:00,2024-03-18 15:21:40+00:00,1,0.92,0.92,0.6538461538461539,possible_instrumental_spike
Avg_Turb,2024-03-18 23:51:40+00:00,2024-03-18 23:51:40+00:00,1,57.99,57.99,0.7071947423037012,possible_instrumental_spike
Avg_Turb,2024-03-19 15:51:40+00:00,2024-03-19 15:51:40+00:00,1,14.87,14.87,0.985733695652174,possible_instrumental_spike
Avg_Turb,2024-03-19 18:51:40+00:00,2024-03-19 18:51:40+00:00,1,0.73,0.73,0.9482758620689656,possible_instrumental_spike
Avg_Turb,2024-03-20 09:21:40+00:00,2024-03-20 09:21:40+00:00,1,2.47,2.47,0.9612068965517242,possible_instrumental_spike
Avg_Turb,2024-03-20 13:51:40+00:00,2024-03-20 13:51:40+00:00,1,3.31,3.31,0.9841772151898733,possible_instrumental_spike
Avg_Turb,2024-03-20 17:21:40+00:00,2024-03-20 17:21:40+00:00,1,12.19,12.19,0.7479201331114808,possible_instrumental_spike
Avg_Turb,2024-03-21 07:51:40+00:00,2024-03-21 07:51:40+00:00,1,6.65,6.65,0.9506172839506173,possible_instrumental_spike
Avg_Turb,2024-03-24 06:21:40+00:00,2024-03-24 06:21:40+00:00,1,1.77,1.77,0.6821192052980133,possible_instrumental_spike
Avg_Turb,2024-03-24 10:51:40+00:00,2024-03-24 10:51:40+00:00,1,75.11,75.11,0.9165886913514235,possible_instrumental_spike
Avg_Turb,2024-03-25 09:21:40+00:00,2024-03-25 09:21:40+00:00,1,11.98,11.98,0.9432989690721649,possible_instrumental_spike
Avg_Turb,2024-03-25 17:51:40+00:00,2024-03-25 17:51:40+00:00,1,4.77,4.77,0.8859060402684563,possible_instrumental_spike
Avg_Turb,2024-03-26 08:21:40+00:00,2024-03-26 08:21:40+00:00,1,47.26,47.26,0.5534953111679455,possible_instrumental_spike
Avg_Turb,2024-03-26 19:51:40+00:00,2024-03-26 19:51:40+00:00,1,211.87,211.87,0.9982508391244741,possible_instrumental_spike
Avg_Turb,2024-03-28 01:51:40+00:00,2024-03-28 01:51:40+00:00,1,10.0,10.0,0.8748696558915537,possible_instrumental_spike
Avg_Turb,2024-03-28 15:21:40+00:00,2024-03-28 15:21:40+00:00,1,71.52,71.52,0.9587020648967552,possible_instrumental_spike
Avg_Turb,2024-03-28 20:51:40+00:00,2024-03-28 20:51:40+00:00,1,1.12,1.12,0.653846153846154,possible_instrumental_spike
Avg_Turb,2024-03-29 06:21:40+00:00,2024-03-29 06:21:40+00:00,1,0.59,0.59,0.7142857142857142,possible_instrumental_spike
Avg_Turb,2024-03-29 09:51:40+00:00,2024-03-29 09:51:40+00:00,1,58.06,58.06,0.9980962270681897,possible_instrumental_spike
Avg_Turb,2024-03-29 21:51:40+00:00,2024-03-29 21:51:40+00:00,1,0.66,0.66,0.6111111111111112,possible_instrumental_spike
Avg_Turb,2024-04-01 00:51:40+00:00,2024-04-01 00:51:40+00:00,1,6.71,6.71,0.8052147239263804,possible_instrumental_spike
Avg_Turb,2024-04-01 11:51:40+00:00,2024-04-01 11:51:40+00:00,1,1.99,1.99,0.9615384615384615,possible_instrumental_spike
Avg_Turb,2024-04-01 17:51:40+00:00,2024-04-01 17:51:40+00:00,1,188.01,188.01,0.8589224872231686,possible_instrumental_spike
Avg_Turb,2024-04-02 06:21:40+00:00,2024-04-02 06:21:40+00:00,1,2.39,2.39,0.9342723004694837,possible_instrumental_spike
Avg_Turb,2024-04-02 09:51:40+00:00,2024-04-02 09:51:40+00:00,1,8.71,8.71,0.765680473372781,possible_instrumental_spike
Avg_Turb,2024-04-03 01:21:40+00:00,2024-04-03 01:21:40+00:00,1,7.08,7.08,0.946298984034833,possible_instrumental_spike
Avg_Turb,2024-04-04 14:51:40+00:00,2024-04-04 14:51:40+00:00,1,1.15,1.15,0.9591836734693878,possible_instrumental_spike
Avg_Turb,2024-04-04 17:51:40+00:00,2024-04-04 17:51:40+00:00,1,61.48,61.48,0.8775077475126407,possible_instrumental_spike
Avg_Turb,2024-04-05 02:51:40+00:00,2024-04-05 02:51:40+00:00,1,0.55,0.55,0.717948717948718,possible_instrumental_spike
Avg_Turb,2024-04-05 08:21:40+00:00,2024-04-05 08:21:40+00:00,1,83.89,83.89,0.9968936678614098,possible_instrumental_spike
Avg_Turb,2024-04-07 06:51:40+00:00,2024-04-07 06:51:40+00:00,1,3.73,3.73,0.8208092485549132,possible_instrumental_spike
Avg_Turb,2024-04-07 11:21:40+00:00,2024-04-07 11:21:40+00:00,1,1.89,1.89,0.5514705882352942,possible_instrumental_spike
Avg_Turb,2024-04-07 14:51:40+00:00,2024-04-07 14:51:40+00:00,1,3.9,3.9,0.6706231454005934,possible_instrumental_spike
Avg_Turb,2024-04-08 00:21:40+00:00,2024-04-08 00:21:40+00:00,1,13.83,13.83,0.9764079147640791,possible_instrumental_spike
Avg_Turb,2024-04-08 15:51:40+00:00,2024-04-08 15:51:40+00:00,1,2.3,2.3,0.6868131868131867,possible_instrumental_spike
Avg_Turb,2024-04-12 13:21:40+00:00,2024-04-12 13:21:40+00:00,1,5.24,5.24,0.9816700610997964,possible_instrumental_spike
Avg_Turb,2024-04-13 14:51:40+00:00,2024-04-13 14:51:40+00:00,1,3.61,3.61,0.9724770642201834,possible_instrumental_spike
Avg_Turb,2024-04-14 07:21:40+00:00,2024-04-14 07:21:40+00:00,1,0.42,0.42,0.6250000000000002,possible_instrumental_spike
Avg_Turb,2024-04-16 17:21:40+00:00,2024-04-16 17:21:40+00:00,1,0.62,0.62,0.6944444444444444,possible_instrumental_spike
Avg_Turb,2024-04-17 16:51:40+00:00,2024-04-17 16:51:40+00:00,1,6.49,6.49,0.985553772070626,possible_instrumental_spike
Avg_Turb,2024-04-18 20:51:40+00:00,2024-04-18 20:51:40+00:00,1,4.78,4.78,0.8443935926773456,possible_instrumental_spike
Avg_Turb,2024-04-23 07:21:40+00:00,2024-04-23 07:21:40+00:00,1,4.18,4.18,0.6176470588235294,possible_instrumental_spike
Avg_Turb,2024-04-24 14:51:40+00:00,2024-04-24 14:51:40+00:00,1,2.65,2.65,0.5454545454545455,possible_instrumental_spike
Avg_Turb,2024-04-25 04:51:40+00:00,2024-04-25 04:51:40+00:00,1,1.19,1.19,0.5333333333333333,possible_instrumental_spike
Avg_Turb,2024-04-26 02:21:40+00:00,2024-04-26 02:21:40+00:00,1,11.44,11.44,0.798984771573604,possible_instrumental_spike
Avg_Turb,2024-04-26 11:51:40+00:00,2024-04-26 11:51:40+00:00,1,9.43,9.43,0.8808353808353807,possible_instrumental_spike
Avg_Turb,2024-04-26 21:21:40+00:00,2024-04-26 21:21:40+00:00,1,2.54,2.54,0.6197183098591549,possible_instrumental_spike
Avg_Turb,2024-04-27 03:51:40+00:00,2024-04-27 03:51:40+00:00,1,4.1,4.1,0.7107142857142856,possible_instrumental_spike
Avg_Turb,2024-04-27 21:51:40+00:00,2024-04-27 21:51:40+00:00,1,2.86,2.86,0.5416666666666664,possible_instrumental_spike
Avg_Turb,2024-04-28 13:51:40+00:00,2024-04-28 13:51:40+00:00,1,10.65,10.65,0.8097949886104783,possible_instrumental_spike
Avg_Turb,2024-04-28 20:21:40+00:00,2024-04-28 20:21:40+00:00,1,22.99,22.99,0.9943476212906266,possible_instrumental_spike
Avg_Turb,2024-04-29 00:51:40+00:00,2024-04-29 00:51:40+00:00,1,2.53,2.53,0.7380952380952381,possible_instrumental_spike
Avg_Turb,2024-04-29 06:51:40+00:00,2024-04-29 06:51:40+00:00,1,3.44,3.44,0.7916666666666667,possible_instrumental_spike
Avg_Turb,2024-04-29 18:51:40+00:00,2024-04-29 18:51:40+00:00,1,7.41,7.41,0.8758865248226949,possible_instrumental_spike
Avg_Turb,2024-04-30 04:21:40+00:00,2024-04-30 04:21:40+00:00,1,9.59,9.59,0.8464373464373464,possible_instrumental_spike
Avg_Turb,2024-04-30 08:51:40+00:00,2024-04-30 08:51:40+00:00,1,3.65,3.65,0.6529680365296803,possible_instrumental_spike
Avg_Turb,2024-05-01 01:51:40+00:00,2024-05-01 01:51:40+00:00,1,7.76,7.76,0.9599332220367278,possible_instrumental_spike
Avg_Turb,2024-05-01 05:21:40+00:00,2024-05-01 05:21:40+00:00,1,6.84,6.84,0.9238281250000001,possible_instrumental_spike
Avg_Turb,2024-05-01 08:21:40+00:00,2024-05-01 08:21:40+00:00,1,9.23,9.23,0.9060489060489061,possible_instrumental_spike
Avg_Turb,2024-05-01 20:51:40+00:00,2024-05-01 20:51:40+00:00,1,5.44,5.44,0.5444444444444445,possible_instrumental_spike
Avg_Turb,2024-05-02 17:51:40+00:00,2024-05-02 17:51:40+00:00,1,2.83,2.83,0.7401574803149608,possible_instrumental_spike
Avg_Turb,2024-05-03 11:21:40+00:00,2024-05-03 11:21:40+00:00,1,48.38,48.38,0.7882377389858687,possible_instrumental_spike
Avg_Turb,2024-05-04 01:21:40+00:00,2024-05-04 01:21:40+00:00,1,0.58,0.58,0.53125,possible_instrumental_spike
Avg_Turb,2024-05-04 13:51:40+00:00,2024-05-04 13:51:40+00:00,1,3.04,3.04,0.8782287822878229,possible_instrumental_spike
Avg_Turb,2024-05-05 01:51:40+00:00,2024-05-05 01:51:40+00:00,1,1.09,1.09,0.6666666666666669,possible_instrumental_spike
Avg_Turb,2024-05-11 08:51:40+00:00,2024-05-11 08:51:40+00:00,1,0.92,0.92,0.6964285714285714,possible_instrumental_spike
Avg_Turb,2024-05-11 14:51:40+00:00,2024-05-11 14:51:40+00:00,1,2.07,2.07,0.8273809523809523,possible_instrumental_spike
Avg_Turb,2024-05-12 23:51:40+00:00,2024-05-12 23:51:40+00:00,1,0.92,0.92,0.7704918032786885,possible_instrumental_spike
Avg_Turb,2024-05-13 20:21:40+00:00,2024-05-13 20:21:40+00:00,1,0.5,0.5,0.7222222222222223,possible_instrumental_spike
Avg_Turb,2024-05-14 06:51:40+00:00,2024-05-14 06:51:40+00:00,1,0.41,0.41,0.5714285714285713,possible_instrumental_spike
Avg_Turb,2024-05-14 11:51:40+00:00,2024-05-14 11:51:40+00:00,1,0.33,0.33,0.6000000000000006,possible_instrumental_spike
Avg_Turb,2024-05-15 12:51:40+00:00,2024-05-15 12:51:40+00:00,1,2.18,2.18,0.9427083333333333,possible_instrumental_spike
Avg_Turb,2024-05-15 18:21:40+00:00,2024-05-15 18:21:40+00:00,1,0.7,0.7,0.9318181818181819,possible_instrumental_spike
Avg_Turb,2024-05-15 22:21:40+00:00,2024-05-15 22:21:40+00:00,1,1.57,1.57,0.6946564885496184,possible_instrumental_spike
Avg_Turb,2024-05-16 12:51:40+00:00,2024-05-16 12:51:40+00:00,1,0.59,0.59,0.5757575757575757,possible_instrumental_spike
Avg_Turb,2024-05-18 17:51:40+00:00,2024-05-18 17:51:40+00:00,1,2.23,2.23,0.6243654822335025,possible_instrumental_spike
Avg_Turb,2024-05-19 04:51:40+00:00,2024-05-19 04:51:40+00:00,1,0.65,0.65,0.6666666666666667,possible_instrumental_spike
Avg_Turb,2024-05-19 18:21:40+00:00,2024-05-19 18:21:40+00:00,1,1.26,1.26,0.8913043478260871,possible_instrumental_spike
Avg_Turb,2024-05-20 02:51:40+00:00,2024-05-20 02:51:40+00:00,1,0.99,0.99,0.78125,possible_instrumental_spike
Avg_Turb,2024-05-21 11:21:40+00:00,2024-05-21 11:21:40+00:00,1,8.65,8.65,0.9865361077111384,possible_instrumental_spike
Avg_Turb,2024-05-21 18:21:40+00:00,2024-05-21 18:21:40+00:00,1,2.21,2.21,0.9096045197740112,possible_instrumental_spike
Avg_Turb,2024-05-22 11:21:40+00:00,2024-05-22 11:21:40+00:00,1,1.05,1.05,0.5789473684210527,possible_instrumental_spike
Avg_Turb,2024-05-24 16:21:40+00:00,2024-05-24 16:21:40+00:00,1,2.38,2.38,0.9059405940594059,possible_instrumental_spike
Avg_Turb,2024-05-25 05:21:40+00:00,2024-05-25 05:21:40+00:00,1,0.95,0.95,0.7166666666666666,possible_instrumental_spike
Avg_Turb,2024-05-25 19:21:40+00:00,2024-05-25 19:21:40+00:00,1,16.26,16.26,0.9981155778894473,possible_instrumental_spike
Avg_Turb,2024-05-26 22:21:40+00:00,2024-05-26 22:21:40+00:00,1,0.52,0.52,0.6111111111111114,possible_instrumental_spike
Avg_Turb,2024-05-27 16:21:40+00:00,2024-05-27 16:21:40+00:00,1,1.21,1.21,0.8426966292134832,possible_instrumental_spike
Avg_Turb,2024-05-28 06:51:40+00:00,2024-05-28 06:51:40+00:00,1,0.52,0.52,0.7916666666666667,possible_instrumental_spike
Avg_Turb,2024-05-28 11:21:40+00:00,2024-05-28 11:21:40+00:00,1,2.04,2.04,0.8295454545454545,possible_instrumental_spike
Avg_Turb,2024-05-29 11:51:40+00:00,2024-05-29 11:51:40+00:00,1,2.64,2.64,0.8649789029535866,possible_instrumental_spike
Avg_Turb,2024-05-29 16:51:40+00:00,2024-05-29 16:51:40+00:00,1,3.97,3.97,0.989100817438692,possible_instrumental_spike
Avg_Turb,2024-05-31 08:51:40+00:00,2024-05-31 08:51:40+00:00,1,0.4,0.4,0.7142857142857149,possible_instrumental_spike
Avg_Turb,2024-06-02 05:21:40+00:00,2024-06-02 05:21:40+00:00,1,0.61,0.61,0.56,possible_instrumental_spike
Avg_Turb,2024-06-02 19:51:40+00:00,2024-06-02 19:51:40+00:00,1,7.07,7.07,0.9761549925484353,possible_instrumental_spike
Avg_Turb,2024-06-04 19:21:40+00:00,2024-06-04 19:21:40+00:00,1,34.28,34.28,0.9961595273264401,possible_instrumental_spike
Avg_Turb,2024-06-05 15:21:40+00:00,2024-06-05 15:21:40+00:00,1,0.91,0.91,0.5918367346938775,possible_instrumental_spike
Avg_Turb,2024-06-06 09:21:40+00:00,2024-06-06 09:21:40+00:00,1,1.79,1.79,0.6865671641791045,possible_instrumental_spike
Avg_Turb,2024-06-06 17:51:40+00:00,2024-06-06 17:51:40+00:00,1,1.67,1.67,0.8278688524590162,possible_instrumental_spike
Avg_Turb,2024-06-07 13:51:40+00:00,2024-06-07 13:51:40+00:00,1,1.22,1.22,0.8051948051948051,possible_instrumental_spike
Avg_Turb,2024-06-08 04:21:40+00:00,2024-06-08 04:21:40+00:00,1,6.27,6.27,0.9879725085910654,possible_instrumental_spike
Avg_Turb,2024-06-09 12:21:40+00:00,2024-06-09 12:21:40+00:00,1,2.02,2.02,0.8757763975155279,possible_instrumental_spike
Avg_Turb,2024-06-11 18:51:40+00:00,2024-06-11 18:51:40+00:00,1,6.93,6.93,0.636094674556213,possible_instrumental_spike
Avg_Turb,2024-06-12 01:21:40+00:00,2024-06-12 01:21:40+00:00,1,0.26,0.26,0.6666666666666669,possible_instrumental_spike
Avg_Turb,2024-06-13 02:21:40+00:00,2024-06-13 02:21:40+00:00,1,0.24,0.24,0.6153846153846153,possible_instrumental_spike
Avg_Turb,2024-06-14 19:21:40+00:00,2024-06-14 19:21:40+00:00,1,0.82,0.82,0.9402985074626865,possible_instrumental_spike
Avg_Turb,2024-06-15 10:21:40+00:00,2024-06-15 10:21:40+00:00,1,0.75,0.75,0.9062499999999999,possible_instrumental_spike
Avg_Turb,2024-06-16 17:51:40+00:00,2024-06-16 17:51:40+00:00,1,0.18,0.18,0.625,possible_instrumental_spike
Avg_Turb,2024-06-19 09:21:40+00:00,2024-06-19 09:21:40+00:00,1,15.12,15.12,0.9886892880904857,possible_instrumental_spike
Avg_Turb,2024-06-19 17:51:40+00:00,2024-06-19 17:51:40+00:00,1,37.49,37.49,0.9839314408141403,possible_instrumental_spike
Avg_Turb,2024-06-20 19:51:40+00:00,2024-06-20 19:51:40+00:00,1,0.43,0.43,0.5263157894736841,possible_instrumental_spike
Avg_Turb,2024-06-22 18:51:40+00:00,2024-06-22 18:51:40+00:00,1,2.63,2.63,0.620253164556962,possible_instrumental_spike
Avg_Turb,2024-06-22 22:21:40+00:00,2024-06-22 22:21:40+00:00,1,0.77,0.77,0.5882352941176472,possible_instrumental_spike
Avg_Turb,2024-06-23 20:21:40+00:00,2024-06-23 20:21:40+00:00,1,2.45,2.45,0.9315068493150683,possible_instrumental_spike
Avg_Turb,2024-06-24 01:21:40+00:00,2024-06-24 01:21:40+00:00,1,4.48,4.48,0.9834123222748814,possible_instrumental_spike
Avg_Turb,2024-06-24 13:21:40+00:00,2024-06-24 13:21:40+00:00,1,0.42,0.42,0.7777777777777776,possible_instrumental_spike
Avg_Turb,2024-06-26 05:51:40+00:00,2024-06-26 05:51:40+00:00,1,0.95,0.95,0.9189189189189189,possible_instrumental_spike
Avg_Turb,2024-06-27 13:51:40+00:00,2024-06-27 13:51:40+00:00,1,0.93,0.93,0.8026315789473686,possible_instrumental_spike
Avg_Turb,2024-06-28 14:21:40+00:00,2024-06-28 14:21:40+00:00,1,0.31,0.31,0.7857142857142857,possible_instrumental_spike
Avg_Turb,2024-06-28 20:51:40+00:00,2024-06-28 20:51:40+00:00,1,0.66,0.66,0.6041666666666667,possible_instrumental_spike
Avg_Turb,2024-06-29 06:21:40+00:00,2024-06-29 06:21:40+00:00,1,101.1,101.1,0.9990093124628492,possible_instrumental_spike
Avg_Turb,2024-06-29 11:51:40+00:00,2024-06-29 11:51:40+00:00,1,3.68,3.68,0.9660056657223796,possible_instrumental_spike
Avg_Turb,2024-06-30 00:21:40+00:00,2024-06-30 00:21:40+00:00,1,0.51,0.51,0.8648648648648649,possible_instrumental_spike
Avg_Turb,2024-06-30 05:51:40+00:00,2024-06-30 05:51:40+00:00,1,0.49,0.49,0.6486486486486487,possible_instrumental_spike
Avg_Turb,2024-06-30 14:21:40+00:00,2024-06-30 14:21:40+00:00,1,12.77,12.77,0.8,possible_instrumental_spike
Avg_Turb,2024-07-02 13:21:40+00:00,2024-07-02 13:21:40+00:00,1,4.4,4.4,0.868544600938967,possible_instrumental_spike
Avg_Turb,2024-07-02 18:21:40+00:00,2024-07-02 18:21:40+00:00,1,7.3,7.3,0.9634831460674156,possible_instrumental_spike
Avg_Turb,2024-07-03 12:51:40+00:00,2024-07-03 12:51:40+00:00,1,3.98,3.98,0.7060367454068242,possible_instrumental_spike
Avg_Turb,2024-07-03 19:21:40+00:00,2024-07-03 19:21:40+00:00,1,3.51,3.51,0.8682634730538922,possible_instrumental_spike
Avg_Turb,2024-07-04 09:21:40+00:00,2024-07-04 09:21:40+00:00,1,22.94,22.94,0.9638925583443417,possible_instrumental_spike
Avg_Turb,2024-07-06 02:51:40+00:00,2024-07-06 02:51:40+00:00,1,1.56,1.56,0.9224806201550387,possible_instrumental_spike
Avg_Turb,2024-07-06 13:21:40+00:00,2024-07-06 13:21:40+00:00,1,1.87,1.87,0.6627218934911242,possible_instrumental_spike
Avg_Turb,2024-07-07 11:51:40+00:00,2024-07-07 11:51:40+00:00,1,1.07,1.07,0.6463414634146342,possible_instrumental_spike
Avg_Turb,2024-07-08 11:21:40+00:00,2024-07-08 11:21:40+00:00,1,1.12,1.12,0.7325581395348838,possible_instrumental_spike
Avg_Turb,2024-07-08 20:21:40+00:00,2024-07-08 20:21:40+00:00,1,0.79,0.79,0.7358490566037735,possible_instrumental_spike
Avg_Turb,2024-07-09 14:51:40+00:00,2024-07-09 14:51:40+00:00,1,0.46,0.46,0.625,possible_instrumental_spike
Avg_Turb,2024-07-09 19:21:40+00:00,2024-07-09 19:21:40+00:00,1,0.6,0.6,0.6578947368421053,possible_instrumental_spike
Avg_Turb,2024-07-10 08:51:40+00:00,2024-07-10 08:51:40+00:00,1,0.85,0.85,0.9523809523809523,possible_instrumental_spike
Avg_Turb,2024-07-10 11:51:40+00:00,2024-07-10 11:51:40+00:00,1,2.28,2.28,0.8714285714285716,possible_instrumental_spike
Avg_Turb,2024-07-11 08:51:40+00:00,2024-07-11 08:51:40+00:00,1,0.45,0.45,0.9285714285714285,possible_instrumental_spike
Avg_Turb,2024-07-11 15:21:40+00:00,2024-07-11 15:21:40+00:00,1,1.08,1.08,0.6703296703296704,possible_instrumental_spike
Avg_Turb,2024-07-12 09:21:40+00:00,2024-07-12 09:21:40+00:00,1,0.98,0.98,0.9382716049382717,possible_instrumental_spike
Avg_Turb,2024-07-13 01:51:40+00:00,2024-07-13 01:51:40+00:00,1,0.26,0.26,0.6666666666666666,possible_instrumental_spike
Avg_Turb,2024-07-13 08:21:40+00:00,2024-07-13 08:21:40+00:00,1,4.17,4.17,0.6932668329177059,possible_instrumental_spike
Avg_Turb,2024-07-13 16:51:40+00:00,2024-07-13 16:51:40+00:00,1,1.51,1.51,0.8273381294964027,possible_instrumental_spike
Avg_Turb,2024-07-13 20:21:40+00:00,2024-07-13 20:21:40+00:00,1,0.4,0.4,0.7600000000000001,possible_instrumental_spike
Avg_Turb,2024-07-14 04:21:40+00:00,2024-07-14 04:21:40+00:00,1,1.76,1.76,0.9006211180124223,possible_instrumental_spike
Avg_Turb,2024-07-14 13:21:40+00:00,2024-07-14 13:21:40+00:00,1,1.12,1.12,0.8229166666666666,possible_instrumental_spike
Avg_Turb,2024-07-14 19:21:40+00:00,2024-07-14 19:21:40+00:00,1,2.34,2.34,0.7522522522522523,possible_instrumental_spike
Avg_Turb,2024-07-15 00:51:40+00:00,2024-07-15 00:51:40+00:00,1,2.76,2.76,0.9846743295019157,possible_instrumental_spike
Avg_Turb,2024-07-15 03:51:40+00:00,2024-07-15 03:51:40+00:00,1,0.8,0.8,0.7878787878787878,possible_instrumental_spike
Avg_Turb,2024-07-15 09:51:40+00:00,2024-07-15 09:51:40+00:00,1,4.9,4.9,0.9957716701902748,possible_instrumental_spike
Avg_Turb,2024-07-16 02:51:40+00:00,2024-07-16 02:51:40+00:00,1,1.2,1.2,0.8165137614678899,possible_instrumental_spike
Avg_Turb,2024-07-16 15:21:40+00:00,2024-07-16 15:21:40+00:00,1,0.41,0.41,0.6666666666666666,possible_instrumental_spike
Avg_Turb,2024-07-17 00:51:40+00:00,2024-07-17 00:51:40+00:00,1,0.32,0.32,0.5882352941176471,possible_instrumental_spike
Avg_Turb,2024-07-18 09:21:40+00:00,2024-07-18 09:21:40+00:00,1,1.0,1.0,0.5903614457831325,possible_instrumental_spike
Avg_Turb,2024-07-19 18:51:40+00:00,2024-07-19 18:51:40+00:00,1,3.97,3.97,0.9540540540540541,possible_instrumental_spike
Avg_Turb,2024-07-20 00:51:40+00:00,2024-07-20 00:51:40+00:00,1,3.65,3.65,0.659942363112392,possible_instrumental_spike
Avg_Turb,2024-07-20 12:51:40+00:00,2024-07-20 12:51:40+00:00,1,7.77,7.77,0.7619680851063829,possible_instrumental_spike
Avg_Turb,2024-07-21 04:21:40+00:00,2024-07-21 04:21:40+00:00,1,0.69,0.69,0.5555555555555555,possible_instrumental_spike
Avg_Turb,2024-07-21 10:51:40+00:00,2024-07-21 10:51:40+00:00,1,1.6,1.6,0.8345864661654135,possible_instrumental_spike
Avg_Turb,2024-07-22 08:51:40+00:00,2024-07-22 08:51:40+00:00,1,1.59,1.59,0.6641221374045803,possible_instrumental_spike
Avg_Turb,2024-07-24 15:21:40+00:00,2024-07-24 15:21:40+00:00,1,22.02,22.02,0.8856481481481482,possible_instrumental_spike
Avg_Turb,2024-07-24 18:21:40+00:00,2024-07-24 18:21:40+00:00,1,1.0,1.0,0.7241379310344828,possible_instrumental_spike
Avg_Turb,2024-07-24 22:51:40+00:00,2024-07-24 22:51:40+00:00,1,1.17,1.17,0.783132530120482,possible_instrumental_spike
Avg_Turb,2024-07-25 16:21:40+00:00,2024-07-25 16:21:40+00:00,1,4.41,4.41,0.8266331658291457,possible_instrumental_spike
Avg_Turb,2024-07-25 23:21:40+00:00,2024-07-25 23:21:40+00:00,1,3.35,3.35,0.5185185185185185,possible_instrumental_spike
Avg_Turb,2024-07-26 03:21:40+00:00,2024-07-26 03:21:40+00:00,1,0.72,0.72,0.8235294117647058,possible_instrumental_spike
Avg_Turb,2024-07-27 15:51:40+00:00,2024-07-27 15:51:40+00:00,1,3.36,3.36,0.6943521594684385,possible_instrumental_spike
Avg_Turb,2024-07-27 23:51:40+00:00,2024-07-27 23:51:40+00:00,1,1.9,1.9,0.5398773006134969,possible_instrumental_spike
Avg_Turb,2024-07-28 06:51:40+00:00,2024-07-28 06:51:40+00:00,1,1.5,1.5,0.6370967741935484,possible_instrumental_spike
Avg_Turb,2024-07-28 11:21:40+00:00,2024-07-28 11:21:40+00:00,1,4.59,4.59,0.6921296296296295,possible_instrumental_spike
Avg_Turb,2024-07-28 16:21:40+00:00,2024-07-28 16:21:40+00:00,1,2.89,2.89,0.7245283018867924,possible_instrumental_spike
Avg_Turb,2024-07-28 19:51:40+00:00,2024-07-28 19:51:40+00:00,1,1.06,1.06,0.54320987654321,possible_instrumental_spike
Avg_Turb,2024-07-29 08:21:40+00:00,2024-07-29 08:21:40+00:00,1,1.82,1.82,0.7012195121951218,possible_instrumental_spike
Avg_Turb,2024-07-29 12:21:40+00:00,2024-07-29 12:21:40+00:00,1,1.21,1.21,0.524271844660194,possible_instrumental_spike
Avg_Turb,2024-07-29 15:51:40+00:00,2024-07-29 15:51:40+00:00,1,1.39,1.39,0.8583333333333332,possible_instrumental_spike
Avg_Turb,2024-07-29 22:21:40+00:00,2024-07-29 22:21:40+00:00,1,4.21,4.21,0.9900744416873448,possible_instrumental_spike
Avg_Turb,2024-07-30 08:51:40+00:00,2024-07-30 08:51:40+00:00,1,0.74,0.74,0.6842105263157896,possible_instrumental_spike
Avg_Turb,2024-07-31 09:51:40+00:00,2024-07-31 09:51:40+00:00,1,2.42,2.42,0.8903508771929824,possible_instrumental_spike
Avg_Turb,2024-08-01 19:21:40+00:00,2024-08-01 19:21:40+00:00,1,0.49,0.49,0.5416666666666667,possible_instrumental_spike
Avg_Turb,2024-08-02 05:51:40+00:00,2024-08-02 05:51:40+00:00,1,0.74,0.74,0.8250000000000001,possible_instrumental_spike
Avg_Turb,2024-08-02 11:21:40+00:00,2024-08-02 11:21:40+00:00,1,0.83,0.83,0.6938775510204082,possible_instrumental_spike
Avg_Turb,2024-08-04 03:21:40+00:00,2024-08-04 03:21:40+00:00,1,1.09,1.09,0.6164383561643836,possible_instrumental_spike
Avg_Turb,2024-08-04 18:51:40+00:00,2024-08-04 18:51:40+00:00,1,2.3,2.3,0.7336956521739131,possible_instrumental_spike
Avg_Turb,2024-08-04 23:51:40+00:00,2024-08-04 23:51:40+00:00,1,3.58,3.58,0.974921630094044,possible_instrumental_spike
Avg_Turb,2024-08-05 20:51:40+00:00,2024-08-05 20:51:40+00:00,1,17.87,17.87,0.5384615384615384,possible_instrumental_spike
Avg_Turb,2024-08-06 10:21:40+00:00,2024-08-06 10:21:40+00:00,1,0.99,0.99,0.6511627906976746,possible_instrumental_spike
Avg_Turb,2024-08-07 10:21:40+00:00,2024-08-07 10:21:40+00:00,1,1.38,1.38,0.7613636363636364,possible_instrumental_spike
Avg_Turb,2024-08-07 13:21:40+00:00,2024-08-07 13:21:40+00:00,1,4.25,4.25,0.9461538461538461,possible_instrumental_spike
Avg_Turb,2024-08-07 18:21:40+00:00,2024-08-07 18:21:40+00:00,1,2.91,2.91,0.61328125,possible_instrumental_spike
Avg_Turb,2024-08-07 22:21:40+00:00,2024-08-07 22:21:40+00:00,1,14.07,14.07,0.9705882352941178,possible_instrumental_spike
Avg_Turb,2024-08-08 16:21:40+00:00,2024-08-08 16:21:40+00:00,1,7.9,7.9,0.8952254641909815,possible_instrumental_spike
Avg_Turb,2024-08-09 10:21:40+00:00,2024-08-09 10:21:40+00:00,1,4.37,4.37,0.6886075949367089,possible_instrumental_spike
Avg_Turb,2024-08-09 15:51:40+00:00,2024-08-09 15:51:40+00:00,1,1.68,1.68,0.7388059701492538,possible_instrumental_spike
Avg_Turb,2024-08-09 19:51:40+00:00,2024-08-09 19:51:40+00:00,1,3.43,3.43,0.8896103896103896,possible_instrumental_spike
Avg_Turb,2024-08-10 10:21:40+00:00,2024-08-10 10:21:40+00:00,1,8.44,8.44,0.8223039215686273,possible_instrumental_spike
Avg_Turb,2024-08-11 13:21:40+00:00,2024-08-11 13:21:40+00:00,1,13.51,13.51,0.9200603318250377,possible_instrumental_spike
Avg_Turb,2024-08-12 08:51:40+00:00,2024-08-12 08:51:40+00:00,1,3.95,3.95,0.9259259259259258,possible_instrumental_spike
Avg_Turb,2024-08-13 05:51:40+00:00,2024-08-13 05:51:40+00:00,1,0.52,0.52,0.9142857142857144,possible_instrumental_spike
Avg_Turb,2024-08-14 01:21:40+00:00,2024-08-14 01:21:40+00:00,1,6.87,6.87,0.9734513274336283,possible_instrumental_spike
Avg_Turb,2024-08-14 09:51:40+00:00,2024-08-14 09:51:40+00:00,1,306.78,306.78,0.8206006064755941,possible_instrumental_spike
Avg_Turb,2024-08-14 14:51:40+00:00,2024-08-14 14:51:40+00:00,1,1.97,1.97,0.8510638297872342,possible_instrumental_spike
Avg_Turb,2024-08-16 15:21:40+00:00,2024-08-16 15:21:40+00:00,1,71.41,71.41,0.5739619985925405,possible_instrumental_spike
Avg_Turb,2024-08-18 09:51:40+00:00,2024-08-18 09:51:40+00:00,1,22.77,22.77,0.5860215053763441,possible_instrumental_spike
Avg_Turb,2024-08-18 17:51:40+00:00,2024-08-18 17:51:40+00:00,1,5.87,5.87,0.6011342155009453,possible_instrumental_spike
Avg_Turb,2024-08-19 02:51:40+00:00,2024-08-19 02:51:40+00:00,1,4.18,4.18,0.8406593406593407,possible_instrumental_spike
Avg_Turb,2024-08-19 08:51:40+00:00,2024-08-19 08:51:40+00:00,1,17.01,17.01,0.6533816425120772,possible_instrumental_spike
Avg_Turb,2024-08-19 14:21:40+00:00,2024-08-19 14:21:40+00:00,1,12.2,12.2,0.5282363162467419,possible_instrumental_spike
Avg_Turb,2024-08-19 19:51:40+00:00,2024-08-19 19:51:40+00:00,1,4.25,4.25,0.8903743315508021,possible_instrumental_spike
Avg_Turb,2024-08-20 02:21:40+00:00,2024-08-20 02:21:40+00:00,1,2.73,2.73,0.8190954773869347,possible_instrumental_spike
Avg_Turb,2024-08-20 09:21:40+00:00,2024-08-20 09:21:40+00:00,1,52.26,52.26,0.9298008122220073,possible_instrumental_spike
Avg_Turb,2024-08-20 15:51:40+00:00,2024-08-20 15:51:40+00:00,1,55.77,55.77,0.9885600145269657,possible_instrumental_spike
Avg_Turb,2024-08-20 19:51:40+00:00,2024-08-20 19:51:40+00:00,1,8.63,8.63,0.6654228855721394,possible_instrumental_spike
Avg_Turb,2024-08-21 00:51:40+00:00,2024-08-21 00:51:40+00:00,1,8.01,8.01,0.9339752407152683,possible_instrumental_spike
Avg_Turb,2024-08-21 16:21:40+00:00,2024-08-21 16:21:40+00:00,1,100.19,100.19,0.652318213818767,possible_instrumental_spike
Avg_Turb,2024-08-22 05:21:40+00:00,2024-08-22 05:21:40+00:00,1,9.41,9.41,0.8355855855855855,possible_instrumental_spike
Avg_Turb,2024-08-22 17:51:40+00:00,2024-08-22 17:51:40+00:00,1,150.65,150.65,0.8551825206501464,possible_instrumental_spike
Avg_Turb,2024-08-23 01:51:40+00:00,2024-08-23 01:51:40+00:00,1,23.33,23.33,0.7393593681439227,possible_instrumental_spike
Avg_Turb,2024-08-24 01:21:40+00:00,2024-08-24 01:21:40+00:00,1,14.21,14.21,0.9835361488904796,possible_instrumental_spike
Avg_Turb,2024-08-24 04:21:40+00:00,2024-08-24 04:21:40+00:00,1,0.58,0.58,0.6111111111111113,possible_instrumental_spike
Avg_Turb,2024-08-25 00:51:40+00:00,2024-08-25 00:51:40+00:00,1,0.42,0.42,0.8749999999999999,possible_instrumental_spike
Avg_Turb,2024-08-26 00:21:40+00:00,2024-08-26 00:21:40+00:00,1,0.26,0.26,0.6,possible_instrumental_spike
Avg_Turb,2024-08-26 19:21:40+00:00,2024-08-26 19:21:40+00:00,1,272.94,272.94,0.5307139715584226,possible_instrumental_spike
Avg_Turb,2024-08-29 17:51:40+00:00,2024-08-29 17:51:40+00:00,1,13.86,13.86,0.6632428466617755,possible_instrumental_spike
Avg_Turb,2024-08-30 06:51:40+00:00,2024-08-30 06:51:40+00:00,1,17.71,17.71,0.7549971444888635,possible_instrumental_spike
Avg_Turb,2024-08-31 00:21:40+00:00,2024-08-31 00:21:40+00:00,1,7.05,7.05,0.9749631811487481,possible_instrumental_spike
Avg_Turb,2024-08-31 09:51:40+00:00,2024-08-31 09:51:40+00:00,1,232.68,232.68,0.8633390705679863,possible_instrumental_spike
Avg_Turb,2024-09-01 00:21:40+00:00,2024-09-01 00:21:40+00:00,1,1.76,1.76,0.7516778523489933,possible_instrumental_spike
Avg_Turb,2024-09-01 13:51:40+00:00,2024-09-01 13:51:40+00:00,1,179.66,179.66,0.8509985495927704,possible_instrumental_spike
Avg_Turb,2024-09-02 12:21:40+00:00,2024-09-02 12:21:40+00:00,1,5.6,5.6,0.6162570888468809,possible_instrumental_spike
Avg_Turb,2024-09-02 15:21:40+00:00,2024-09-02 15:21:40+00:00,1,192.91,192.91,0.7061266874350987,possible_instrumental_spike
Avg_Turb,2024-09-02 19:21:40+00:00,2024-09-02 19:21:40+00:00,1,190.85,190.85,0.7606424859587423,possible_instrumental_spike
Avg_Turb,2024-09-04 19:51:40+00:00,2024-09-04 19:51:40+00:00,1,2.88,2.88,0.7969348659003832,possible_instrumental_spike
Avg_Turb,2024-09-05 08:21:40+00:00,2024-09-05 08:21:40+00:00,1,6.71,6.71,0.7147335423197493,possible_instrumental_spike
Avg_Turb,2024-09-05 13:51:40+00:00,2024-09-05 13:51:40+00:00,1,48.99,48.99,0.8430566967953985,possible_instrumental_spike
Avg_Turb,2024-09-05 20:51:40+00:00,2024-09-05 20:51:40+00:00,1,47.48,47.48,0.8691232528589581,possible_instrumental_spike
Avg_Turb,2024-09-06 04:51:40+00:00,2024-09-06 04:51:40+00:00,1,0.48,0.48,0.5384615384615383,possible_instrumental_spike
Avg_Turb,2024-09-06 09:21:40+00:00,2024-09-06 09:21:40+00:00,1,31.08,31.08,0.6922077922077923,possible_instrumental_spike
Avg_Turb,2024-09-07 01:51:40+00:00,2024-09-07 01:51:40+00:00,1,56.81,56.81,0.968904593639576,possible_instrumental_spike
Avg_Turb,2024-09-08 16:21:40+00:00,2024-09-08 16:21:40+00:00,1,4.44,4.44,0.6823529411764707,possible_instrumental_spike
Avg_Turb,2024-09-09 02:51:40+00:00,2024-09-09 02:51:40+00:00,1,28.87,28.87,0.9927007299270074,possible_instrumental_spike
Avg_Turb,2024-09-10 02:51:40+00:00,2024-09-10 02:51:40+00:00,1,13.48,13.48,0.9895444361463779,possible_instrumental_spike
Avg_Turb,2024-09-10 16:51:40+00:00,2024-09-10 16:51:40+00:00,1,128.52,128.52,0.8918750486873881,possible_instrumental_spike
Avg_Turb,2024-09-10 20:21:40+00:00,2024-09-10 20:21:40+00:00,1,5.48,5.48,0.9033457249070631,possible_instrumental_spike
Avg_Turb,2024-09-11 03:21:40+00:00,2024-09-11 03:21:40+00:00,1,0.17,0.17,0.8749999999999999,possible_instrumental_spike
Avg_Turb,2024-09-11 12:21:40+00:00,2024-09-11 12:21:40+00:00,1,40.41,40.41,0.6461691048847011,possible_instrumental_spike
Avg_Turb,2024-09-12 20:51:40+00:00,2024-09-12 20:51:40+00:00,1,146.13,146.13,0.6795398520953163,possible_instrumental_spike
Avg_Turb,2024-09-13 08:51:40+00:00,2024-09-13 08:51:40+00:00,1,1.34,1.34,0.8480000000000001,possible_instrumental_spike
Avg_Turb,2024-09-13 19:21:40+00:00,2024-09-13 19:21:40+00:00,1,106.02,106.02,0.5885519977330689,possible_instrumental_spike
Avg_Turb,2024-09-14 10:51:40+00:00,2024-09-14 10:51:40+00:00,1,89.84,89.84,0.9112076648841355,possible_instrumental_spike
Avg_Turb,2024-09-14 17:21:40+00:00,2024-09-14 17:21:40+00:00,1,9.25,9.25,0.6006674082313682,possible_instrumental_spike
Avg_Turb,2024-09-14 20:21:40+00:00,2024-09-14 20:21:40+00:00,1,121.16,121.16,0.8864275086791206,possible_instrumental_spike
Avg_Turb,2024-09-15 09:51:40+00:00,2024-09-15 09:51:40+00:00,1,9.56,9.56,0.9236559139784946,possible_instrumental_spike
Avg_Turb,2024-09-15 19:51:40+00:00,2024-09-15 19:51:40+00:00,1,66.63,66.63,0.8643837682908433,possible_instrumental_spike
Avg_Turb,2024-09-16 00:21:40+00:00,2024-09-16 00:21:40+00:00,1,3.55,3.55,0.7920489296636086,possible_instrumental_spike
Avg_Turb,2024-09-16 23:51:40+00:00,2024-09-16 23:51:40+00:00,1,1.86,1.86,0.5202702702702703,possible_instrumental_spike
Avg_Turb,2024-09-17 20:21:40+00:00,2024-09-17 20:21:40+00:00,1,38.9,38.9,0.8316445830085736,possible_instrumental_spike
Avg_Turb,2024-09-18 11:51:40+00:00,2024-09-18 11:51:40+00:00,1,3.64,3.64,0.7142857142857143,possible_instrumental_spike
Avg_Turb,2024-09-18 18:51:40+00:00,2024-09-18 18:51:40+00:00,1,24.98,24.98,0.7252344068487565,possible_instrumental_spike
Avg_Turb,2024-09-19 04:21:40+00:00,2024-09-19 04:21:40+00:00,1,21.76,21.76,0.9537383177570092,possible_instrumental_spike
Avg_Turb,2024-09-19 10:21:40+00:00,2024-09-19 10:21:40+00:00,1,13.4,13.4,0.7078565980167811,possible_instrumental_spike
Avg_Turb,2024-09-20 06:51:40+00:00,2024-09-20 06:51:40+00:00,1,2.28,2.28,0.8020833333333333,possible_instrumental_spike
Avg_Turb,2024-09-21 00:21:40+00:00,2024-09-21 00:21:40+00:00,1,2.22,2.22,0.797872340425532,possible_instrumental_spike
Avg_Turb,2024-09-21 03:51:40+00:00,2024-09-21 03:51:40+00:00,1,8.9,8.9,0.9585798816568045,possible_instrumental_spike
Avg_Turb,2024-09-21 20:21:40+00:00,2024-09-21 20:21:40+00:00,1,32.13,32.13,0.9824010056568195,possible_instrumental_spike
Avg_Turb,2024-09-22 09:51:40+00:00,2024-09-22 09:51:40+00:00,1,8.61,8.61,0.9440476190476191,possible_instrumental_spike
Avg_Turb,2024-09-22 14:51:40+00:00,2024-09-22 14:51:40+00:00,1,2.9,2.9,0.9655172413793104,possible_instrumental_spike
Avg_Turb,2024-09-22 19:51:40+00:00,2024-09-22 19:51:40+00:00,1,0.95,0.95,0.835820895522388,possible_instrumental_spike
Avg_Turb,2024-09-23 12:21:40+00:00,2024-09-23 12:21:40+00:00,1,11.97,11.97,0.7919863597612958,possible_instrumental_spike
Avg_Turb,2024-09-23 16:51:40+00:00,2024-09-23 16:51:40+00:00,1,4.23,4.23,0.862155388471178,possible_instrumental_spike
Avg_Turb,2024-09-23 20:51:40+00:00,2024-09-23 20:51:40+00:00,1,13.06,13.06,0.9789555728760717,possible_instrumental_spike
Avg_Turb,2024-09-23 23:51:40+00:00,2024-09-23 23:51:40+00:00,1,5.51,5.51,0.7378277153558052,possible_instrumental_spike
Avg_Turb,2024-09-24 03:21:40+00:00,2024-09-24 03:21:40+00:00,1,0.22,0.22,0.8000000000000004,possible_instrumental_spike
Avg_Turb,2024-09-24 08:51:40+00:00,2024-09-24 08:51:40+00:00,1,40.99,40.99,0.8502202643171807,possible_instrumental_spike
Avg_Turb,2024-09-25 10:21:40+00:00,2024-09-25 10:21:40+00:00,1,2.39,2.39,0.8782608695652173,possible_instrumental_spike
Avg_Turb,2024-09-25 14:51:40+00:00,2024-09-25 14:51:40+00:00,1,5.63,5.63,0.5776173285198556,possible_instrumental_spike
Avg_Turb,2024-09-27 08:51:40+00:00,2024-09-27 08:51:40+00:00,1,26.18,26.18,0.6765044078190877,possible_instrumental_spike
Avg_Turb,2024-09-27 11:51:40+00:00,2024-09-27 11:51:40+00:00,1,6.75,6.75,0.6636636636636637,possible_instrumental_spike
Avg_Turb,2024-09-28 08:51:40+00:00,2024-09-28 08:51:40+00:00,1,1.56,1.56,0.9115646258503403,possible_instrumental_spike
Avg_Turb,2024-09-28 12:21:40+00:00,2024-09-28 12:21:40+00:00,1,3.81,3.81,0.8709677419354839,possible_instrumental_spike
Avg_Turb,2024-09-28 15:51:40+00:00,2024-09-28 15:51:40+00:00,1,1.85,1.85,0.7257142857142858,possible_instrumental_spike
Avg_Turb,2024-09-28 23:51:40+00:00,2024-09-28 23:51:40+00:00,1,2.64,2.64,0.9593495934959351,possible_instrumental_spike
Avg_Turb,2024-09-29 04:21:40+00:00,2024-09-29 04:21:40+00:00,1,2.39,2.39,0.9318181818181819,possible_instrumental_spike
Avg_Turb,2024-09-30 02:21:40+00:00,2024-09-30 02:21:40+00:00,1,1.16,1.16,0.8089887640449439,possible_instrumental_spike
Avg_Turb,2024-09-30 18:21:40+00:00,2024-09-30 18:21:40+00:00,1,2.76,2.76,0.9330543933054393,possible_instrumental_spike
Avg_Turb,2024-09-30 22:21:40+00:00,2024-09-30 22:21:40+00:00,1,1.03,1.03,0.7,possible_instrumental_spike
Avg_Turb,2024-10-01 07:21:40+00:00,2024-10-01 07:21:40+00:00,1,5.05,5.05,0.605543710021322,possible_instrumental_spike
Avg_Turb,2024-10-01 10:21:40+00:00,2024-10-01 10:21:40+00:00,1,23.33,23.33,0.730718954248366,possible_instrumental_spike
Avg_Turb,2024-10-02 22:21:40+00:00,2024-10-02 22:21:40+00:00,1,3.63,3.63,0.6829268292682927,possible_instrumental_spike
Avg_Turb,2024-10-03 02:21:40+00:00,2024-10-03 02:21:40+00:00,1,2.5,2.5,0.8701923076923077,possible_instrumental_spike
Avg_Turb,2024-10-03 08:51:40+00:00,2024-10-03 08:51:40+00:00,1,64.26,64.26,0.9828205528658442,possible_instrumental_spike
Avg_Turb,2024-10-03 13:51:40+00:00,2024-10-03 13:51:40+00:00,1,4.97,4.97,0.9237472766884532,possible_instrumental_spike
Avg_Turb,2024-10-04 08:21:40+00:00,2024-10-04 08:21:40+00:00,1,0.63,0.63,0.5319148936170213,possible_instrumental_spike
Avg_Turb,2024-10-04 18:21:40+00:00,2024-10-04 18:21:40+00:00,1,0.94,0.94,0.835820895522388,possible_instrumental_spike
Avg_Turb,2024-10-04 23:21:40+00:00,2024-10-04 23:21:40+00:00,1,10.28,10.28,0.5404595404595404,possible_instrumental_spike
Avg_Turb,2024-10-05 18:21:40+00:00,2024-10-05 18:21:40+00:00,1,0.9,0.9,0.78125,possible_instrumental_spike
Avg_Turb,2024-10-05 22:21:40+00:00,2024-10-05 22:21:40+00:00,1,1.19,1.19,0.8764044943820226,possible_instrumental_spike
Avg_Turb,2024-10-06 01:51:40+00:00,2024-10-06 01:51:40+00:00,1,9.16,9.16,0.9909194097616345,possible_instrumental_spike
Avg_Turb,2024-10-06 21:51:40+00:00,2024-10-06 21:51:40+00:00,1,0.82,0.82,0.8,possible_instrumental_spike
Avg_Turb,2024-10-07 04:51:40+00:00,2024-10-07 04:51:40+00:00,1,7.85,7.85,0.6811594202898551,possible_instrumental_spike
Avg_Turb,2024-10-07 09:21:40+00:00,2024-10-07 09:21:40+00:00,1,6.2,6.2,0.9173693086003374,possible_instrumental_spike
Avg_Turb,2024-10-08 00:51:40+00:00,2024-10-08 00:51:40+00:00,1,8.17,8.17,0.9747474747474747,possible_instrumental_spike
Avg_Turb,2024-10-08 13:51:40+00:00,2024-10-08 13:51:40+00:00,1,2.63,2.63,0.8353909465020576,possible_instrumental_spike
Avg_Turb,2024-10-08 18:51:40+00:00,2024-10-08 18:51:40+00:00,1,6.29,6.29,0.9608482871125611,possible_instrumental_spike
Avg_Turb,2024-10-08 22:21:40+00:00,2024-10-08 22:21:40+00:00,1,12.58,12.58,0.982258064516129,possible_instrumental_spike
Avg_Turb,2024-10-09 13:51:40+00:00,2024-10-09 13:51:40+00:00,1,0.33,0.33,0.9166666666666667,possible_instrumental_spike
Avg_Turb,2024-10-09 21:21:40+00:00,2024-10-09 21:21:40+00:00,1,17.1,17.1,0.8271604938271605,possible_instrumental_spike
Avg_Turb,2024-10-10 02:21:40+00:00,2024-10-10 02:21:40+00:00,1,4.39,4.39,0.9395348837209303,possible_instrumental_spike
Avg_Turb,2024-10-10 05:21:40+00:00,2024-10-10 05:21:40+00:00,1,2.77,2.77,0.917910447761194,possible_instrumental_spike
Avg_Turb,2024-10-10 18:21:40+00:00,2024-10-10 18:21:40+00:00,1,307.79,307.79,0.9847578810529737,possible_instrumental_spike
Avg_Turb,2024-10-10 22:51:40+00:00,2024-10-10 22:51:40+00:00,1,15.88,15.88,0.7029765674477518,possible_instrumental_spike
Avg_Turb,2024-10-11 21:21:40+00:00,2024-10-11 21:21:40+00:00,1,11.78,11.78,0.6236099230111206,possible_instrumental_spike
Avg_Turb,2024-10-12 00:21:40+00:00,2024-10-12 00:21:40+00:00,1,13.2,13.2,0.6643783371472158,possible_instrumental_spike
Avg_Turb,2024-10-12 06:51:40+00:00,2024-10-12 06:51:40+00:00,1,0.95,0.95,0.755813953488372,possible_instrumental_spike
Avg_Turb,2024-10-12 09:51:40+00:00,2024-10-12 09:51:40+00:00,1,8.62,8.62,0.9824355971896955,possible_instrumental_spike
Avg_Turb,2024-10-12 17:51:40+00:00,2024-10-12 17:51:40+00:00,1,2.2,2.2,0.895734597156398,possible_instrumental_spike
Avg_Turb,2024-10-13 09:21:40+00:00,2024-10-13 09:21:40+00:00,1,0.53,0.53,0.7999999999999999,possible_instrumental_spike
Avg_Turb,2024-10-14 07:51:40+00:00,2024-10-14 07:51:40+00:00,1,13.23,13.23,0.6579754601226994,possible_instrumental_spike
Avg_Turb,2024-10-14 11:21:40+00:00,2024-10-14 11:21:40+00:00,1,0.88,0.88,0.5277777777777778,possible_instrumental_spike
Avg_Turb,2024-10-14 19:21:40+00:00,2024-10-14 19:21:40+00:00,1,3.37,3.37,0.8971061093247588,possible_instrumental_spike
Avg_Turb,2024-10-14 23:21:40+00:00,2024-10-14 23:21:40+00:00,1,5.45,5.45,0.6195219123505976,possible_instrumental_spike
Avg_Turb,2024-10-15 18:21:40+00:00,2024-10-15 18:21:40+00:00,1,3.9,3.9,0.8192090395480226,possible_instrumental_spike
Avg_Turb,2024-10-15 21:51:40+00:00,2024-10-15 21:51:40+00:00,1,7.75,7.75,0.7807848443843031,possible_instrumental_spike
Avg_Turb,2024-10-16 05:51:40+00:00,2024-10-16 05:51:40+00:00,1,8.84,8.84,0.9536266349583828,possible_instrumental_spike
Avg_Turb,2024-10-17 00:51:40+00:00,2024-10-17 00:51:40+00:00,1,4.92,4.92,0.9204819277108433,possible_instrumental_spike
Avg_Turb,2024-10-18 08:51:40+00:00,2024-10-18 08:51:40+00:00,1,2.33,2.33,0.67,possible_instrumental_spike
Avg_Turb,2024-10-18 13:51:40+00:00,2024-10-18 13:51:40+00:00,1,2.98,2.98,0.6834862385321102,possible_instrumental_spike
Avg_Turb,2024-10-18 17:21:40+00:00,2024-10-18 17:21:40+00:00,1,9.37,9.37,0.9643268124280782,possible_instrumental_spike
Avg_Turb,2024-10-19 03:51:40+00:00,2024-10-19 03:51:40+00:00,1,29.36,29.36,0.6831647398843931,possible_instrumental_spike
Avg_Turb,2024-10-20 02:21:40+00:00,2024-10-20 02:21:40+00:00,1,29.81,29.81,0.8908330163560289,possible_instrumental_spike
Avg_Turb,2024-10-21 11:51:40+00:00,2024-10-21 11:51:40+00:00,1,13.85,13.85,0.8251986379114643,possible_instrumental_spike
Avg_Turb,2024-10-29 14:21:40+00:00,2024-10-29 14:21:40+00:00,1,16.26,16.26,0.7695852534562213,possible_instrumental_spike
Avg_Turb,2024-11-05 02:51:40+00:00,2024-11-05 02:51:40+00:00,1,118.27,118.27,0.8938342585249801,possible_instrumental_spike
Avg_Turb,2024-11-05 05:51:40+00:00,2024-11-05 05:51:40+00:00,1,87.85,87.85,0.8208912858359352,possible_instrumental_spike
Avg_Turb,2024-11-05 13:21:40+00:00,2024-11-05 13:21:40+00:00,1,26.67,26.67,0.5895691609977327,possible_instrumental_spike
Avg_Turb,2024-11-08 04:51:40+00:00,2024-11-08 04:51:40+00:00,1,24.87,24.87,0.7591125198098259,possible_instrumental_spike
Avg_Turb,2024-11-08 15:21:40+00:00,2024-11-08 15:21:40+00:00,1,29.67,29.67,0.8703568827385288,possible_instrumental_spike
Avg_Turb,2024-11-10 14:21:40+00:00,2024-11-10 14:21:40+00:00,1,90.16,90.16,0.9123484747568936,possible_instrumental_spike
Avg_Turb,2024-11-13 14:21:40+00:00,2024-11-13 14:21:40+00:00,1,26.37,26.37,0.7229669347631813,possible_instrumental_spike
Avg_Turb,2024-11-14 08:51:40+00:00,2024-11-14 08:51:40+00:00,1,85.63,85.63,0.8822720396094071,possible_instrumental_spike
Avg_Turb,2024-11-14 16:21:40+00:00,2024-11-14 16:21:40+00:00,1,156.94,156.94,0.9561707852439284,possible_instrumental_spike
Avg_Turb,2024-11-16 05:21:40+00:00,2024-11-16 05:21:40+00:00,1,24.1,24.1,0.5558441558441558,possible_instrumental_spike
Avg_Turb,2024-11-17 14:21:40+00:00,2024-11-17 14:21:40+00:00,1,51.37,51.37,0.8723926380368099,possible_instrumental_spike
Avg_Turb,2024-12-19 16:51:40+00:00,2024-12-19 16:51:40+00:00,1,1.27,1.27,0.92,possible_instrumental_spike
Avg_Turb,2024-12-21 13:21:40+00:00,2024-12-21 13:21:40+00:00,1,0.21,0.21,0.6666666666666665,possible_instrumental_spike
Avg_Turb,2024-12-24 04:21:40+00:00,2024-12-24 04:21:40+00:00,1,0.51,0.51,0.8235294117647061,possible_instrumental_spike
Avg_Turb,2024-12-25 05:21:40+00:00,2024-12-25 05:21:40+00:00,1,0.68,0.68,0.7419354838709677,possible_instrumental_spike
Avg_Turb,2024-12-27 07:51:40+00:00,2024-12-27 07:51:40+00:00,1,0.67,0.67,0.5833333333333333,possible_instrumental_spike
Avg_Turb,2025-01-01 01:51:40+00:00,2025-01-01 01:51:40+00:00,1,1.29,1.29,0.5322580645161291,possible_instrumental_spike
Avg_Turb,2025-01-01 15:21:40+00:00,2025-01-01 15:21:40+00:00,1,1.08,1.08,0.6808510638297872,possible_instrumental_spike
Avg_Turb,2025-01-02 03:21:40+00:00,2025-01-02 03:21:40+00:00,1,1.24,1.24,0.6545454545454544,possible_instrumental_spike
Avg_Turb,2025-01-02 15:21:40+00:00,2025-01-02 15:21:40+00:00,1,1.02,1.02,0.5777777777777777,possible_instrumental_spike
Avg_Turb,2025-01-02 21:21:40+00:00,2025-01-02 21:21:40+00:00,1,1.53,1.53,0.7499999999999999,possible_instrumental_spike
Avg_Turb,2025-01-03 04:51:40+00:00,2025-01-03 04:51:40+00:00,1,2.56,2.56,0.8434343434343434,possible_instrumental_spike
Avg_Turb,2025-01-04 12:51:40+00:00,2025-01-04 12:51:40+00:00,1,0.82,0.82,0.5483870967741934,possible_instrumental_spike
Avg_Turb,2025-01-05 11:21:40+00:00,2025-01-05 11:21:40+00:00,1,0.75,0.75,0.7599999999999998,possible_instrumental_spike
Avg_Turb,2025-01-10 00:51:40+00:00,2025-01-10 00:51:40+00:00,1,0.65,0.65,0.6666666666666666,possible_instrumental_spike
Avg_Turb,2025-01-10 07:51:40+00:00,2025-01-10 07:51:40+00:00,1,1.42,1.42,0.57,possible_instrumental_spike
Avg_Turb,2025-01-13 08:51:40+00:00,2025-01-13 08:51:40+00:00,1,0.74,0.74,0.5862068965517243,possible_instrumental_spike
Avg_Turb,2025-01-13 17:51:40+00:00,2025-01-13 17:51:40+00:00,1,1.3,1.3,0.9080459770114941,possible_instrumental_spike
Avg_Turb,2025-01-14 18:51:40+00:00,2025-01-14 18:51:40+00:00,1,0.94,0.94,0.86,possible_instrumental_spike
Avg_Turb,2025-01-17 11:51:40+00:00,2025-01-17 11:51:40+00:00,1,0.52,0.52,0.7499999999999998,possible_instrumental_spike
Avg_Turb,2025-01-19 00:21:40+00:00,2025-01-19 00:21:40+00:00,1,0.49,0.49,0.5454545454545455,possible_instrumental_spike
Avg_Turb,2025-01-19 14:51:40+00:00,2025-01-19 14:51:40+00:00,1,0.5,0.5,0.625,possible_instrumental_spike
Avg_Turb,2025-01-19 18:21:40+00:00,2025-01-19 18:21:40+00:00,1,1.56,1.56,0.9508196721311477,possible_instrumental_spike
Avg_Turb,2025-01-22 03:21:40+00:00,2025-01-22 03:21:40+00:00,1,0.29,0.29,0.8333333333333334,possible_instrumental_spike
Avg_Turb,2025-01-23 04:51:40+00:00,2025-01-23 04:51:40+00:00,1,0.57,0.57,0.8,possible_instrumental_spike
Avg_Turb,2025-01-24 02:21:40+00:00,2025-01-24 02:21:40+00:00,1,0.2,0.2,0.6666666666666673,possible_instrumental_spike
Avg_Turb,2025-01-24 06:21:40+00:00,2025-01-24 06:21:40+00:00,1,0.32,0.32,0.8666666666666667,possible_instrumental_spike
Avg_Turb,2025-01-25 14:51:40+00:00,2025-01-25 14:51:40+00:00,1,0.31,0.31,0.6428571428571429,possible_instrumental_spike
Avg_Turb,2025-01-26 07:21:40+00:00,2025-01-26 07:21:40+00:00,1,0.4,0.4,0.647058823529412,possible_instrumental_spike
Avg_Turb,2025-01-26 19:21:40+00:00,2025-01-26 19:21:40+00:00,1,0.46,0.46,0.6,possible_instrumental_spike
Avg_Turb,2025-01-27 10:21:40+00:00,2025-01-27 10:21:40+00:00,1,0.68,0.68,0.804878048780488,possible_instrumental_spike
Avg_Turb,2025-01-27 13:21:40+00:00,2025-01-27 13:21:40+00:00,1,1.91,1.91,0.896969696969697,possible_instrumental_spike
Avg_Turb,2025-01-28 13:51:40+00:00,2025-01-28 13:51:40+00:00,1,1.36,1.36,0.8773584905660379,possible_instrumental_spike
Avg_Turb,2025-01-28 17:51:40+00:00,2025-01-28 17:51:40+00:00,1,2.2,2.2,0.9326424870466322,possible_instrumental_spike
Avg_Turb,2025-01-31 13:51:40+00:00,2025-01-31 13:51:40+00:00,1,1.15,1.15,0.7540983606557378,possible_instrumental_spike
Avg_Turb,2025-02-01 14:21:40+00:00,2025-02-01 14:21:40+00:00,1,1.2,1.2,0.7424242424242425,possible_instrumental_spike
Avg_Turb,2025-02-02 09:21:40+00:00,2025-02-02 09:21:40+00:00,1,4.53,4.53,0.7427884615384616,possible_instrumental_spike
Avg_Turb,2025-02-02 16:51:40+00:00,2025-02-02 16:51:40+00:00,1,1.53,1.53,0.9142857142857144,possible_instrumental_spike
Avg_Turb,2025-02-03 09:21:40+00:00,2025-02-03 09:21:40+00:00,1,1.12,1.12,0.7733333333333333,possible_instrumental_spike
Avg_Turb,2025-02-03 15:21:40+00:00,2025-02-03 15:21:40+00:00,1,0.9,0.9,0.8085106382978723,possible_instrumental_spike
Avg_Turb,2025-02-04 14:21:40+00:00,2025-02-04 14:21:40+00:00,1,1.02,1.02,0.8805970149253732,possible_instrumental_spike
Avg_Turb,2025-02-04 17:51:40+00:00,2025-02-04 17:51:40+00:00,1,8.36,8.36,0.9523212045169386,possible_instrumental_spike
Avg_Turb,2025-02-05 09:21:40+00:00,2025-02-05 09:21:40+00:00,1,1.02,1.02,0.8676470588235297,possible_instrumental_spike
Avg_Turb,2025-02-05 12:51:40+00:00,2025-02-05 12:51:40+00:00,1,1.13,1.13,0.9750000000000001,possible_instrumental_spike
Avg_Turb,2025-02-06 17:21:40+00:00,2025-02-06 17:21:40+00:00,1,0.52,0.52,0.653846153846154,possible_instrumental_spike
Avg_Turb,2025-02-07 16:21:40+00:00,2025-02-07 16:21:40+00:00,1,0.27,0.27,1.0,possible_instrumental_spike
Avg_Turb,2025-02-07 23:51:40+00:00,2025-02-07 23:51:40+00:00,1,1.15,1.15,0.9411764705882354,possible_instrumental_spike
Avg_Turb,2025-02-08 15:51:40+00:00,2025-02-08 15:51:40+00:00,1,0.51,0.51,0.7083333333333333,possible_instrumental_spike
Avg_Turb,2025-02-08 18:51:40+00:00,2025-02-08 18:51:40+00:00,1,0.44,0.44,0.5333333333333333,possible_instrumental_spike
Avg_Turb,2025-02-09 12:51:40+00:00,2025-02-09 12:51:40+00:00,1,1.85,1.85,0.9245283018867926,possible_instrumental_spike
Avg_Turb,2025-02-09 15:51:40+00:00,2025-02-09 15:51:40+00:00,1,2.52,2.52,0.9469026548672568,possible_instrumental_spike
Avg_Turb,2025-02-10 09:21:40+00:00,2025-02-10 09:21:40+00:00,1,2.92,2.92,0.9140624999999999,possible_instrumental_spike
Avg_Turb,2025-02-11 15:51:40+00:00,2025-02-11 15:51:40+00:00,1,1.51,1.51,0.8584070796460177,possible_instrumental_spike
Avg_Turb,2025-02-14 13:51:40+00:00,2025-02-14 13:51:40+00:00,1,1.48,1.48,0.819047619047619,possible_instrumental_spike
Avg_Turb,2025-02-14 20:21:40+00:00,2025-02-14 20:21:40+00:00,1,3.53,3.53,0.9528301886792453,possible_instrumental_spike
Avg_Turb,2025-02-16 13:21:40+00:00,2025-02-16 13:21:40+00:00,1,4.56,4.56,0.6666666666666666,possible_instrumental_spike
Avg_Turb,2025-02-16 19:21:40+00:00,2025-02-16 19:21:40+00:00,1,1.38,1.38,0.8163265306122449,possible_instrumental_spike
Avg_Turb,2025-02-17 20:51:40+00:00,2025-02-17 20:51:40+00:00,1,1.28,1.28,0.8924731182795699,possible_instrumental_spike
Avg_Turb,2025-02-18 08:51:40+00:00,2025-02-18 08:51:40+00:00,1,5.19,5.19,0.9732510288065844,possible_instrumental_spike
Avg_Turb,2025-02-18 16:51:40+00:00,2025-02-18 16:51:40+00:00,1,0.64,0.64,0.8108108108108107,possible_instrumental_spike
Avg_Turb,2025-02-18 19:51:40+00:00,2025-02-18 19:51:40+00:00,1,0.74,0.74,0.7391304347826086,possible_instrumental_spike
Avg_Turb,2025-02-19 16:51:40+00:00,2025-02-19 16:51:40+00:00,1,1.9,1.9,0.8666666666666667,possible_instrumental_spike
Avg_Turb,2025-02-20 08:51:40+00:00,2025-02-20 08:51:40+00:00,1,6.79,6.79,0.924357034795764,possible_instrumental_spike
Avg_Turb,2025-02-20 17:51:40+00:00,2025-02-20 17:51:40+00:00,1,4.59,4.59,0.6176470588235293,possible_instrumental_spike
Avg_Turb,2025-02-20 20:51:40+00:00,2025-02-20 20:51:40+00:00,1,1.67,1.67,0.9533333333333333,possible_instrumental_spike
Avg_Turb,2025-02-21 06:51:40+00:00,2025-02-21 06:51:40+00:00,1,4.96,4.96,0.9916492693110647,possible_instrumental_spike
Avg_Turb,2025-02-21 17:21:40+00:00,2025-02-21 17:21:40+00:00,1,3.08,3.08,0.6426116838487973,possible_instrumental_spike
Avg_Turb,2025-02-22 06:21:40+00:00,2025-02-22 06:21:40+00:00,1,0.29,0.29,0.9166666666666669,possible_instrumental_spike
Avg_Turb,2025-02-23 09:51:40+00:00,2025-02-23 09:51:40+00:00,1,0.48,0.48,0.65625,possible_instrumental_spike
Avg_Turb,2025-02-23 19:21:40+00:00,2025-02-23 19:21:40+00:00,1,0.58,0.58,0.7499999999999999,possible_instrumental_spike
Avg_Turb,2025-02-24 11:21:40+00:00,2025-02-24 11:21:40+00:00,1,2.02,2.02,0.9010989010989011,possible_instrumental_spike
Avg_Turb,2025-02-24 14:51:40+00:00,2025-02-24 14:51:40+00:00,1,1.76,1.76,0.7371794871794871,possible_instrumental_spike
Avg_Turb,2025-02-24 18:21:40+00:00,2025-02-24 18:21:40+00:00,1,3.12,3.12,0.8776223776223776,possible_instrumental_spike
Avg_Turb,2025-02-25 17:21:40+00:00,2025-02-25 17:21:40+00:00,1,2.5,2.5,0.9201877934272301,possible_instrumental_spike
Avg_Turb,2025-02-25 20:51:40+00:00,2025-02-25 20:51:40+00:00,1,0.73,0.73,0.5277777777777777,possible_instrumental_spike
Avg_Turb,2025-02-26 21:51:40+00:00,2025-02-26 21:51:40+00:00,1,0.9,0.9,0.5416666666666666,possible_instrumental_spike
Avg_Turb,2025-02-28 09:51:40+00:00,2025-02-28 09:51:40+00:00,1,1.72,1.72,0.6690647482014388,possible_instrumental_spike
Avg_Turb,2025-03-02 04:21:40+00:00,2025-03-02 04:21:40+00:00,1,1.74,1.74,0.608,possible_instrumental_spike
Avg_Turb,2025-03-03 17:51:40+00:00,2025-03-03 17:51:40+00:00,1,3.06,3.06,0.575187969924812,possible_instrumental_spike
Avg_Turb,2025-03-04 16:21:40+00:00,2025-03-04 16:21:40+00:00,1,5.49,5.49,0.9666666666666666,possible_instrumental_spike
Avg_Turb,2025-03-05 03:21:40+00:00,2025-03-05 03:21:40+00:00,1,2.76,2.76,0.9508196721311475,possible_instrumental_spike
Avg_Turb,2025-03-05 07:21:40+00:00,2025-03-05 07:21:40+00:00,1,0.58,0.58,0.6363636363636362,possible_instrumental_spike
Avg_Turb,2025-03-05 15:51:40+00:00,2025-03-05 15:51:40+00:00,1,2.49,2.49,0.9414414414414415,possible_instrumental_spike
Avg_Turb,2025-03-06 14:51:40+00:00,2025-03-06 14:51:40+00:00,1,2.06,2.06,0.9666666666666667,possible_instrumental_spike
Avg_Turb,2025-03-06 18:51:40+00:00,2025-03-06 18:51:40+00:00,1,4.37,4.37,0.9853658536585367,possible_instrumental_spike
Avg_Turb,2025-03-07 13:51:40+00:00,2025-03-07 13:51:40+00:00,1,2.98,2.98,0.9889705882352942,possible_instrumental_spike
Avg_Turb,2025-03-07 21:21:40+00:00,2025-03-07 21:21:40+00:00,1,0.35,0.35,0.7999999999999998,possible_instrumental_spike
Avg_Turb,2025-03-08 15:51:40+00:00,2025-03-08 15:51:40+00:00,1,2.34,2.34,0.9278846153846153,possible_instrumental_spike
Avg_Turb,2025-03-08 19:51:40+00:00,2025-03-08 19:51:40+00:00,1,1.54,1.54,0.984375,possible_instrumental_spike
Avg_Turb,2025-03-10 12:51:40+00:00,2025-03-10 12:51:40+00:00,1,3.82,3.82,0.9661016949152542,possible_instrumental_spike
Avg_Turb,2025-03-12 02:51:40+00:00,2025-03-12 02:51:40+00:00,1,10.43,10.43,0.9860696517412937,possible_instrumental_spike
Avg_Turb,2025-03-12 17:51:40+00:00,2025-03-12 17:51:40+00:00,1,3.08,3.08,0.9306569343065693,possible_instrumental_spike
Avg_Turb,2025-03-13 01:51:40+00:00,2025-03-13 01:51:40+00:00,1,1.13,1.13,0.7432432432432433,possible_instrumental_spike
Avg_Turb,2025-03-13 09:21:40+00:00,2025-03-13 09:21:40+00:00,1,2.36,2.36,0.6169154228855721,possible_instrumental_spike
Avg_Turb,2025-03-13 18:51:40+00:00,2025-03-13 18:51:40+00:00,1,3.77,3.77,0.9651162790697674,possible_instrumental_spike
Avg_Turb,2025-03-16 16:51:40+00:00,2025-03-16 16:51:40+00:00,1,0.87,0.87,0.6199999999999999,possible_instrumental_spike
Avg_Turb,2025-03-17 06:21:40+00:00,2025-03-17 06:21:40+00:00,1,1.55,1.55,0.8347107438016529,possible_instrumental_spike
Avg_Turb,2025-03-18 13:21:40+00:00,2025-03-18 13:21:40+00:00,1,0.53,0.53,0.736842105263158,possible_instrumental_spike
Avg_Turb,2025-03-19 07:51:40+00:00,2025-03-19 07:51:40+00:00,1,2.34,2.34,0.9346733668341709,possible_instrumental_spike
Avg_Turb,2025-03-21 10:51:40+00:00,2025-03-21 10:51:40+00:00,1,0.39,0.39,0.6923076923076925,possible_instrumental_spike
Avg_Turb,2025-03-21 16:51:40+00:00,2025-03-21 16:51:40+00:00,1,0.42,0.42,0.6875,possible_instrumental_spike
Avg_Turb,2025-03-22 12:21:40+00:00,2025-03-22 12:21:40+00:00,1,0.38,0.38,0.8,possible_instrumental_spike
Avg_Turb,2025-03-22 15:51:40+00:00,2025-03-22 15:51:40+00:00,1,0.48,0.48,0.88,possible_instrumental_spike
Avg_Turb,2025-03-25 18:51:40+00:00,2025-03-25 18:51:40+00:00,1,0.39,0.39,0.5333333333333333,possible_instrumental_spike
Avg_Turb,2025-03-26 16:51:40+00:00,2025-03-26 16:51:40+00:00,1,0.55,0.55,0.5172413793103449,possible_instrumental_spike
Avg_Turb,2025-03-27 19:21:40+00:00,2025-03-27 19:21:40+00:00,1,0.73,0.73,0.5227272727272727,possible_instrumental_spike
Avg_Turb,2025-03-31 10:21:40+00:00,2025-03-31 10:21:40+00:00,1,5.97,5.97,0.5765124555160142,possible_instrumental_spike
Avg_Turb,2025-03-31 16:21:40+00:00,2025-03-31 16:21:40+00:00,1,0.95,0.95,0.596153846153846,possible_instrumental_spike
Avg_Turb,2025-04-04 03:21:40+00:00,2025-04-04 03:21:40+00:00,1,28.76,28.76,0.6418539325842697,possible_instrumental_spike
Avg_Turb,2025-04-04 22:51:40+00:00,2025-04-04 22:51:40+00:00,1,3.67,3.67,0.9941520467836257,possible_instrumental_spike
Avg_Turb,2025-04-05 03:51:40+00:00,2025-04-05 03:51:40+00:00,1,1.34,1.34,0.9724770642201834,possible_instrumental_spike
Avg_Turb,2025-04-05 18:21:40+00:00,2025-04-05 18:21:40+00:00,1,0.62,0.62,0.8604651162790697,possible_instrumental_spike
Avg_Turb,2025-04-06 11:51:40+00:00,2025-04-06 11:51:40+00:00,1,3.2,3.2,0.9601328903654485,possible_instrumental_spike
Avg_Turb,2025-04-09 18:51:40+00:00,2025-04-09 18:51:40+00:00,1,0.96,0.96,0.5857142857142856,possible_instrumental_spike
Avg_Turb,2025-04-15 15:51:40+00:00,2025-04-15 15:51:40+00:00,1,3.64,3.64,0.9118541033434651,possible_instrumental_spike
Avg_Turb,2025-04-18 08:51:40+00:00,2025-04-18 08:51:40+00:00,1,2.82,2.82,0.7665369649805447,possible_instrumental_spike
Avg_Turb,2025-04-18 23:21:40+00:00,2025-04-18 23:21:40+00:00,1,0.36,0.36,0.727272727272727,possible_instrumental_spike
Avg_Turb,2025-04-19 19:21:40+00:00,2025-04-19 19:21:40+00:00,1,1.43,1.43,0.8050847457627118,possible_instrumental_spike
Avg_Turb,2025-04-20 10:51:40+00:00,2025-04-20 10:51:40+00:00,1,1.83,1.83,0.5212121212121212,possible_instrumental_spike
Avg_Turb,2025-04-21 10:51:40+00:00,2025-04-21 10:51:40+00:00,1,0.52,0.52,0.6857142857142857,possible_instrumental_spike
Avg_Turb,2025-04-21 13:51:40+00:00,2025-04-21 13:51:40+00:00,1,0.26,0.26,0.5555555555555558,possible_instrumental_spike
Avg_Turb,2025-04-22 23:51:40+00:00,2025-04-22 23:51:40+00:00,1,0.2,0.2,0.5555555555555556,possible_instrumental_spike
Avg_Turb,2025-04-23 09:21:40+00:00,2025-04-23 09:21:40+00:00,1,4.68,4.68,0.9753914988814317,possible_instrumental_spike
Avg_Turb,2025-04-23 12:51:40+00:00,2025-04-23 12:51:40+00:00,1,0.41,0.41,0.5294117647058822,possible_instrumental_spike
Avg_Turb,2025-04-23 20:51:40+00:00,2025-04-23 20:51:40+00:00,1,0.87,0.87,0.8095238095238095,possible_instrumental_spike
Avg_Turb,2025-04-24 13:51:40+00:00,2025-04-24 13:51:40+00:00,1,3.01,3.01,0.7272727272727272,possible_instrumental_spike
Avg_Turb,2025-04-25 01:21:40+00:00,2025-04-25 01:21:40+00:00,1,13.88,13.88,0.9808823529411763,possible_instrumental_spike
Avg_Turb,2025-04-25 18:51:40+00:00,2025-04-25 18:51:40+00:00,1,2.59,2.59,0.8712446351931329,possible_instrumental_spike
Avg_Turb,2025-04-26 11:21:40+00:00,2025-04-26 11:21:40+00:00,1,2.81,2.81,0.569620253164557,possible_instrumental_spike
Avg_Turb,2025-04-27 15:21:40+00:00,2025-04-27 15:21:40+00:00,1,9.89,9.89,0.525369978858351,possible_instrumental_spike
Avg_Turb,2025-04-28 08:51:40+00:00,2025-04-28 08:51:40+00:00,1,12.01,12.01,0.9597257926306769,possible_instrumental_spike
Avg_Turb,2025-04-28 13:21:40+00:00,2025-04-28 13:21:40+00:00,1,27.07,27.07,0.8432187381941821,possible_instrumental_spike
Avg_Turb,2025-04-28 19:51:40+00:00,2025-04-28 19:51:40+00:00,1,1.72,1.72,0.7164179104477613,possible_instrumental_spike
Avg_Turb,2025-04-29 02:21:40+00:00,2025-04-29 02:21:40+00:00,1,3.15,3.15,0.8909774436090225,possible_instrumental_spike
Avg_Turb,2025-04-29 06:51:40+00:00,2025-04-29 06:51:40+00:00,1,2.91,2.91,0.5912698412698414,possible_instrumental_spike
Avg_Turb,2025-04-30 08:51:40+00:00,2025-04-30 08:51:40+00:00,1,4.83,4.83,0.9736263736263736,possible_instrumental_spike
Avg_Turb,2025-05-01 02:51:40+00:00,2025-05-01 02:51:40+00:00,1,0.78,0.78,0.8596491228070176,possible_instrumental_spike
Avg_Turb,2025-05-02 02:21:40+00:00,2025-05-02 02:21:40+00:00,1,0.73,0.73,0.7758620689655172,possible_instrumental_spike
Avg_Turb,2025-05-03 00:21:40+00:00,2025-05-03 00:21:40+00:00,1,15.15,15.15,0.9886515353805073,possible_instrumental_spike
Avg_Turb,2025-05-03 14:51:40+00:00,2025-05-03 14:51:40+00:00,1,3.81,3.81,0.8292011019283746,possible_instrumental_spike
Avg_Turb,2025-05-03 20:51:40+00:00,2025-05-03 20:51:40+00:00,1,2.27,2.27,0.8413461538461539,possible_instrumental_spike
Avg_Turb,2025-05-05 05:21:40+00:00,2025-05-05 05:21:40+00:00,1,1.82,1.82,0.9310344827586207,possible_instrumental_spike
Avg_Turb,2025-05-05 18:21:40+00:00,2025-05-05 18:21:40+00:00,1,12.41,12.41,0.8275290215588723,possible_instrumental_spike
Avg_Turb,2025-05-06 15:21:40+00:00,2025-05-06 15:21:40+00:00,1,7.51,7.51,0.9540389972144847,possible_instrumental_spike
Avg_Turb,2025-05-06 18:51:40+00:00,2025-05-06 18:51:40+00:00,1,12.52,12.52,0.9876948318293683,possible_instrumental_spike
Avg_Turb,2025-05-06 23:51:40+00:00,2025-05-06 23:51:40+00:00,1,1.69,1.69,0.7611940298507464,possible_instrumental_spike
Avg_Turb,2025-05-07 10:21:40+00:00,2025-05-07 10:21:40+00:00,1,4.12,4.12,0.8282548476454293,possible_instrumental_spike
Avg_Turb,2025-05-08 08:51:40+00:00,2025-05-08 08:51:40+00:00,1,30.48,30.48,0.854485049833887,possible_instrumental_spike
Avg_Turb,2025-05-08 17:21:40+00:00,2025-05-08 17:21:40+00:00,1,8.75,8.75,0.8,possible_instrumental_spike
Avg_Turb,2025-05-09 09:21:40+00:00,2025-05-09 09:21:40+00:00,1,8.17,8.17,0.632446134347275,possible_instrumental_spike
Avg_Turb,2025-05-09 16:51:40+00:00,2025-05-09 16:51:40+00:00,1,24.55,24.55,0.6103789126853377,possible_instrumental_spike
Avg_Turb,2025-05-09 20:51:40+00:00,2025-05-09 20:51:40+00:00,1,2.68,2.68,0.8547717842323651,possible_instrumental_spike
Avg_Turb,2025-05-10 17:21:40+00:00,2025-05-10 17:21:40+00:00,1,2.97,2.97,0.6037037037037037,possible_instrumental_spike
Avg_Turb,2025-05-11 13:21:40+00:00,2025-05-11 13:21:40+00:00,1,7.47,7.47,0.6806722689075629,possible_instrumental_spike
Avg_Turb,2025-05-12 09:51:40+00:00,2025-05-12 09:51:40+00:00,1,1.4,1.4,0.8782608695652173,possible_instrumental_spike
Avg_Turb,2025-05-12 14:21:40+00:00,2025-05-12 14:21:40+00:00,1,1.98,1.98,0.9047619047619048,possible_instrumental_spike
Avg_Turb,2025-05-14 14:51:40+00:00,2025-05-14 14:51:40+00:00,1,18.04,18.04,0.5205865764241397,possible_instrumental_spike
Avg_Turb,2025-05-18 09:21:40+00:00,2025-05-18 09:21:40+00:00,1,3.12,3.12,0.6258992805755396,possible_instrumental_spike
Avg_Turb,2025-05-18 19:21:40+00:00,2025-05-18 19:21:40+00:00,1,1.65,1.65,0.8818897637795274,possible_instrumental_spike
Avg_Turb,2025-05-19 15:21:40+00:00,2025-05-19 15:21:40+00:00,1,21.86,21.86,0.9254284390921723,possible_instrumental_spike
Avg_Turb,2025-05-19 19:21:40+00:00,2025-05-19 19:21:40+00:00,1,10.98,10.98,0.8488805970149255,possible_instrumental_spike
Avg_Turb,2025-05-20 08:21:40+00:00,2025-05-20 08:21:40+00:00,1,0.82,0.82,0.7719298245614035,possible_instrumental_spike
Avg_Turb,2025-05-20 18:51:40+00:00,2025-05-20 18:51:40+00:00,1,1.49,1.49,0.8629032258064516,possible_instrumental_spike
Avg_Turb,2025-05-21 01:21:40+00:00,2025-05-21 01:21:40+00:00,1,3.91,3.91,0.9402173913043478,possible_instrumental_spike
Avg_Turb,2025-05-21 18:21:40+00:00,2025-05-21 18:21:40+00:00,1,1.81,1.81,0.9363057324840763,possible_instrumental_spike
Avg_Turb,2025-05-24 18:51:40+00:00,2025-05-24 18:51:40+00:00,1,31.75,31.75,0.7197452229299364,possible_instrumental_spike
Avg_Turb,2025-05-25 14:51:40+00:00,2025-05-25 14:51:40+00:00,1,1.58,1.58,0.5405405405405406,possible_instrumental_spike
Avg_Turb,2025-05-26 12:51:40+00:00,2025-05-26 12:51:40+00:00,1,14.75,14.75,0.6363636363636364,possible_instrumental_spike
Avg_Turb,2025-05-29 01:51:40+00:00,2025-05-29 01:51:40+00:00,1,7.54,7.54,0.9887482419127989,possible_instrumental_spike
Avg_Turb,2025-05-29 19:21:40+00:00,2025-05-29 19:21:40+00:00,1,26.4,26.4,0.7463433410315629,possible_instrumental_spike
Avg_Turb,2025-05-29 23:21:40+00:00,2025-05-29 23:21:40+00:00,1,0.65,0.65,0.5833333333333333,possible_instrumental_spike
Avg_Turb,2025-05-30 22:51:40+00:00,2025-05-30 22:51:40+00:00,1,1.45,1.45,0.8545454545454544,possible_instrumental_spike
Avg_Turb,2025-05-31 13:51:40+00:00,2025-05-31 13:51:40+00:00,1,27.01,27.01,0.7126264518546273,possible_instrumental_spike
Avg_Turb,2025-06-01 12:21:40+00:00,2025-06-01 12:21:40+00:00,1,15.09,15.09,0.6284558327714094,possible_instrumental_spike
Avg_Turb,2025-06-01 20:21:40+00:00,2025-06-01 20:21:40+00:00,1,2.42,2.42,0.8084112149532712,possible_instrumental_spike
Avg_Turb,2025-06-02 11:51:40+00:00,2025-06-02 11:51:40+00:00,1,18.24,18.24,0.949388209121246,possible_instrumental_spike
Avg_Turb,2025-06-03 03:21:40+00:00,2025-06-03 03:21:40+00:00,1,0.36,0.36,0.6363636363636365,possible_instrumental_spike
Avg_Turb,2025-06-03 12:51:40+00:00,2025-06-03 12:51:40+00:00,1,0.51,0.51,0.857142857142857,possible_instrumental_spike
Avg_Turb,2025-06-04 20:51:40+00:00,2025-06-04 20:51:40+00:00,1,14.61,14.61,0.7222991689750693,possible_instrumental_spike
Avg_Turb,2025-06-05 04:51:40+00:00,2025-06-05 04:51:40+00:00,1,0.42,0.42,0.5483870967741935,possible_instrumental_spike
Avg_Turb,2025-06-05 12:51:40+00:00,2025-06-05 12:51:40+00:00,1,18.04,18.04,0.5568561872909699,possible_instrumental_spike
Avg_Turb,2025-06-05 23:51:40+00:00,2025-06-05 23:51:40+00:00,1,14.93,14.93,0.9865047233468286,possible_instrumental_spike
Avg_Turb,2025-06-08 02:21:40+00:00,2025-06-08 02:21:40+00:00,1,0.5,0.5,0.611111111111111,possible_instrumental_spike
Avg_Turb,2025-06-08 19:51:40+00:00,2025-06-08 19:51:40+00:00,1,10.25,10.25,0.6335650446871897,possible_instrumental_spike
Avg_Turb,2025-06-09 10:21:40+00:00,2025-06-09 10:21:40+00:00,1,16.48,16.48,0.8034398034398034,possible_instrumental_spike
Avg_Turb,2025-06-09 13:21:40+00:00,2025-06-09 13:21:40+00:00,1,7.37,7.37,0.5529247910863511,possible_instrumental_spike
Avg_Turb,2025-06-09 20:21:40+00:00,2025-06-09 20:21:40+00:00,1,6.96,6.96,0.9174041297935103,possible_instrumental_spike
Avg_Turb,2025-06-11 11:21:40+00:00,2025-06-11 11:21:40+00:00,1,21.5,21.5,0.7542213883677298,possible_instrumental_spike
Avg_Turb,2025-06-12 17:21:40+00:00,2025-06-12 17:21:40+00:00,1,0.64,0.64,0.5882352941176471,possible_instrumental_spike
Avg_Turb,2025-06-12 23:51:40+00:00,2025-06-12 23:51:40+00:00,1,2.43,2.43,0.8037383177570094,possible_instrumental_spike
Avg_Turb,2025-06-13 19:21:40+00:00,2025-06-13 19:21:40+00:00,1,5.4,5.4,0.7676767676767677,possible_instrumental_spike
Avg_Turb,2025-06-14 22:51:40+00:00,2025-06-14 22:51:40+00:00,1,1.24,1.24,0.7368421052631579,possible_instrumental_spike
Avg_Turb,2025-06-15 18:21:40+00:00,2025-06-15 18:21:40+00:00,1,10.84,10.84,0.6628019323671497,possible_instrumental_spike
Avg_Turb,2025-06-16 02:51:40+00:00,2025-06-16 02:51:40+00:00,1,1.32,1.32,0.9101123595505617,possible_instrumental_spike
Avg_Turb,2025-06-16 23:21:40+00:00,2025-06-16 23:21:40+00:00,1,0.87,0.87,0.6808510638297872,possible_instrumental_spike
Avg_Turb,2025-06-17 03:51:40+00:00,2025-06-17 03:51:40+00:00,1,3.82,3.82,0.935860058309038,possible_instrumental_spike
Avg_Turb,2025-06-17 16:51:40+00:00,2025-06-17 16:51:40+00:00,1,0.65,0.65,0.5238095238095237,possible_instrumental_spike
Avg_Turb,2025-06-18 00:51:40+00:00,2025-06-18 00:51:40+00:00,1,1.87,1.87,0.5394736842105263,possible_instrumental_spike
Avg_Turb,2025-06-18 06:51:40+00:00,2025-06-18 06:51:40+00:00,1,1.57,1.57,0.9482758620689655,possible_instrumental_spike
Avg_Turb,2025-06-19 10:21:40+00:00,2025-06-19 10:21:40+00:00,1,98.42,98.42,0.9060299969390878,possible_instrumental_spike
Avg_Turb,2025-06-19 19:21:40+00:00,2025-06-19 19:21:40+00:00,1,2.13,2.13,0.9375000000000001,possible_instrumental_spike
Avg_Turb,2025-06-20 12:21:40+00:00,2025-06-20 12:21:40+00:00,1,5.83,5.83,0.5906642728904847,possible_instrumental_spike
Avg_Turb,2025-06-21 20:51:40+00:00,2025-06-21 20:51:40+00:00,1,1.85,1.85,0.761006289308176,possible_instrumental_spike
Avg_Turb,2025-06-22 09:21:40+00:00,2025-06-22 09:21:40+00:00,1,0.7,0.7,0.7954545454545455,possible_instrumental_spike
Avg_Turb,2025-06-23 10:21:40+00:00,2025-06-23 10:21:40+00:00,1,0.41,0.41,0.5333333333333332,possible_instrumental_spike
Avg_Turb,2025-06-23 22:51:40+00:00,2025-06-23 22:51:40+00:00,1,5.95,5.95,0.9787985865724381,possible_instrumental_spike
Avg_Turb,2025-06-24 05:21:40+00:00,2025-06-24 05:21:40+00:00,1,2.01,2.01,0.9425287356321839,possible_instrumental_spike
Avg_Turb,2025-06-24 09:51:40+00:00,2025-06-24 09:51:40+00:00,1,17.54,17.54,0.9930515344528082,possible_instrumental_spike
Avg_Turb,2025-06-25 06:21:40+00:00,2025-06-25 06:21:40+00:00,1,1.03,1.03,0.859154929577465,possible_instrumental_spike
Avg_Turb,2025-06-25 15:21:40+00:00,2025-06-25 15:21:40+00:00,1,2.13,2.13,0.8010752688172043,possible_instrumental_spike
Avg_Turb,2025-06-25 18:21:40+00:00,2025-06-25 18:21:40+00:00,1,1.11,1.11,0.6025641025641026,possible_instrumental_spike
Avg_Turb,2025-06-27 06:51:40+00:00,2025-06-27 06:51:40+00:00,1,1.01,1.01,0.7692307692307692,possible_instrumental_spike
Avg_Turb,2025-06-28 09:21:40+00:00,2025-06-28 09:21:40+00:00,1,14.51,14.51,0.8813559322033898,possible_instrumental_spike
Avg_Turb,2025-06-28 14:51:40+00:00,2025-06-28 14:51:40+00:00,1,3.49,3.49,0.8996763754045307,possible_instrumental_spike
Avg_Turb,2025-06-29 10:51:40+00:00,2025-06-29 10:51:40+00:00,1,9.55,9.55,0.8154180238870793,possible_instrumental_spike
Avg_Turb,2025-06-29 15:51:40+00:00,2025-06-29 15:51:40+00:00,1,2.49,2.49,0.9674418604651162,possible_instrumental_spike
Avg_Turb,2025-06-29 21:21:40+00:00,2025-06-29 21:21:40+00:00,1,1.39,1.39,0.9056603773584907,possible_instrumental_spike
Avg_Turb,2025-06-30 00:51:40+00:00,2025-06-30 00:51:40+00:00,1,0.39,0.39,0.6666666666666673,possible_instrumental_spike
Avg_Turb,2025-06-30 09:51:40+00:00,2025-06-30 09:51:40+00:00,1,0.81,0.81,0.7843137254901962,possible_instrumental_spike
Avg_Turb,2025-07-01 19:21:40+00:00,2025-07-01 19:21:40+00:00,1,1.98,1.98,0.9476744186046511,possible_instrumental_spike
Avg_Turb,2025-07-01 22:51:40+00:00,2025-07-01 22:51:40+00:00,1,0.69,0.69,0.9767441860465116,possible_instrumental_spike
Avg_Turb,2025-07-03 12:21:40+00:00,2025-07-03 12:21:40+00:00,1,0.75,0.75,0.7962962962962963,possible_instrumental_spike
Avg_Turb,2025-07-03 15:21:40+00:00,2025-07-03 15:21:40+00:00,1,3.29,3.29,0.961038961038961,possible_instrumental_spike
Avg_Turb,2025-07-03 22:21:40+00:00,2025-07-03 22:21:40+00:00,1,0.35,0.35,0.6999999999999996,possible_instrumental_spike
Avg_Turb,2025-07-04 03:21:40+00:00,2025-07-04 03:21:40+00:00,1,0.77,0.77,0.9107142857142857,possible_instrumental_spike
Avg_Turb,2025-07-05 00:51:40+00:00,2025-07-05 00:51:40+00:00,1,0.34,0.34,0.5384615384615383,possible_instrumental_spike
Avg_Turb,2025-07-07 16:51:40+00:00,2025-07-07 16:51:40+00:00,1,9.85,9.85,0.8949044585987261,possible_instrumental_spike
Avg_Turb,2025-07-08 15:21:40+00:00,2025-07-08 15:21:40+00:00,1,1.87,1.87,0.6027397260273972,possible_instrumental_spike
Avg_Turb,2025-07-08 20:21:40+00:00,2025-07-08 20:21:40+00:00,1,1.0,1.0,0.7894736842105261,possible_instrumental_spike
Avg_Turb,2025-07-09 12:51:40+00:00,2025-07-09 12:51:40+00:00,1,1.1,1.1,0.7866666666666666,possible_instrumental_spike
Avg_Turb,2025-07-10 14:51:40+00:00,2025-07-10 14:51:40+00:00,1,0.83,0.83,0.5319148936170213,possible_instrumental_spike
Avg_Turb,2025-07-10 19:51:40+00:00,2025-07-10 19:51:40+00:00,1,0.75,0.75,0.5294117647058825,possible_instrumental_spike
Avg_Turb,2025-07-14 19:21:40+00:00,2025-07-14 19:21:40+00:00,1,1.5,1.5,0.8173913043478261,possible_instrumental_spike
Avg_Turb,2025-07-15 11:21:40+00:00,2025-07-15 11:21:40+00:00,1,1.02,1.02,0.8805970149253732,possible_instrumental_spike
Avg_Turb,2025-07-17 04:51:40+00:00,2025-07-17 04:51:40+00:00,1,0.65,0.65,0.7,possible_instrumental_spike
Avg_Turb,2025-07-18 07:21:40+00:00,2025-07-18 07:21:40+00:00,1,111.62,111.62,0.5177929547088426,possible_instrumental_spike
Avg_Turb,2025-07-18 12:21:40+00:00,2025-07-18 12:21:40+00:00,1,1.18,1.18,0.9204545454545455,possible_instrumental_spike
Avg_Turb,2025-07-18 16:51:40+00:00,2025-07-18 16:51:40+00:00,1,0.47,0.47,0.5294117647058822,possible_instrumental_spike
Avg_Turb,2025-07-20 01:51:40+00:00,2025-07-20 01:51:40+00:00,1,0.78,0.78,0.7307692307692307,possible_instrumental_spike
Avg_Turb,2025-07-21 10:51:40+00:00,2025-07-21 10:51:40+00:00,1,6.24,6.24,0.9648241206030149,possible_instrumental_spike
Avg_Turb,2025-07-21 20:21:40+00:00,2025-07-21 20:21:40+00:00,1,3.81,3.81,0.9519774011299436,possible_instrumental_spike
Avg_Turb,2025-07-22 11:21:40+00:00,2025-07-22 11:21:40+00:00,1,0.83,0.83,0.7037037037037036,possible_instrumental_spike
Avg_Turb,2025-07-22 19:51:40+00:00,2025-07-22 19:51:40+00:00,1,0.43,0.43,0.6363636363636365,possible_instrumental_spike
Avg_Turb,2025-07-23 16:21:40+00:00,2025-07-23 16:21:40+00:00,1,5.94,5.94,0.9666080843585236,possible_instrumental_spike
Avg_Turb,2025-07-24 05:51:40+00:00,2025-07-24 05:51:40+00:00,1,1.44,1.44,0.9000000000000001,possible_instrumental_spike
Avg_Turb,2025-07-24 11:51:40+00:00,2025-07-24 11:51:40+00:00,1,9.42,9.42,0.9465648854961832,possible_instrumental_spike
Avg_Turb,2025-07-27 23:21:40+00:00,2025-07-27 23:21:40+00:00,1,0.69,0.69,0.5862068965517241,possible_instrumental_spike
Avg_Turb,2025-07-28 19:51:40+00:00,2025-07-28 19:51:40+00:00,1,0.56,0.56,0.5789473684210527,possible_instrumental_spike
Avg_Turb,2025-07-29 12:21:40+00:00,2025-07-29 12:21:40+00:00,1,0.6,0.6,0.52,possible_instrumental_spike
Avg_Turb,2025-07-29 23:51:40+00:00,2025-07-29 23:51:40+00:00,1,0.51,0.51,0.6153846153846155,possible_instrumental_spike
Avg_Turb,2025-07-31 09:21:40+00:00,2025-07-31 09:21:40+00:00,1,0.44,0.44,0.6153846153846155,possible_instrumental_spike
Avg_Turb,2025-08-02 20:21:40+00:00,2025-08-02 20:21:40+00:00,1,26.37,26.37,0.9930822444273636,possible_instrumental_spike
Avg_Turb,2025-08-03 14:21:40+00:00,2025-08-03 14:21:40+00:00,1,0.61,0.61,0.8387096774193549,possible_instrumental_spike
Avg_Turb,2025-08-04 08:51:40+00:00,2025-08-04 08:51:40+00:00,1,97.71,97.71,0.9992816091954022,possible_instrumental_spike
Avg_Turb,2025-08-04 11:51:40+00:00,2025-08-04 11:51:40+00:00,1,6.04,6.04,0.9792387543252595,possible_instrumental_spike
Avg_Turb,2025-08-04 19:21:40+00:00,2025-08-04 19:21:40+00:00,1,0.64,0.64,0.605263157894737,possible_instrumental_spike
Avg_Turb,2025-08-05 08:21:40+00:00,2025-08-05 08:21:40+00:00,1,25.72,25.72,0.7486252945797329,possible_instrumental_spike
Avg_Turb,2025-08-05 18:21:40+00:00,2025-08-05 18:21:40+00:00,1,0.84,0.84,0.8245614035087719,possible_instrumental_spike
Avg_Turb,2025-08-06 09:21:40+00:00,2025-08-06 09:21:40+00:00,1,6.04,6.04,0.968476357267951,possible_instrumental_spike
Avg_Turb,2025-08-07 11:21:40+00:00,2025-08-07 11:21:40+00:00,1,28.61,28.61,0.9939865581888928,possible_instrumental_spike
Avg_Turb,2025-08-10 16:21:40+00:00,2025-08-10 16:21:40+00:00,1,0.97,0.97,0.5818181818181817,possible_instrumental_spike
Avg_Turb,2025-08-12 03:51:40+00:00,2025-08-12 03:51:40+00:00,1,26.07,26.07,0.9944968553459119,possible_instrumental_spike
Avg_Turb,2025-08-13 14:21:40+00:00,2025-08-13 14:21:40+00:00,1,2.0,2.0,0.748251748251748,possible_instrumental_spike
Avg_Turb,2025-08-14 01:21:40+00:00,2025-08-14 01:21:40+00:00,1,10.55,10.55,0.9698795180722891,possible_instrumental_spike
Avg_Turb,2025-08-18 00:51:40+00:00,2025-08-18 00:51:40+00:00,1,2.83,2.83,0.6048387096774194,possible_instrumental_spike
Avg_Turb,2025-08-20 12:51:40+00:00,2025-08-20 12:51:40+00:00,1,13.08,13.08,0.661188369152971,possible_instrumental_spike
Avg_Turb,2025-08-20 18:21:40+00:00,2025-08-20 18:21:40+00:00,1,12.18,12.18,0.7318181818181819,possible_instrumental_spike
Avg_Turb,2025-08-23 05:51:40+00:00,2025-08-23 05:51:40+00:00,1,23.26,23.26,0.6196840826245443,possible_instrumental_spike
Avg_Turb,2025-08-28 14:51:40+00:00,2025-08-28 14:51:40+00:00,1,0.88,0.88,0.8714285714285714,possible_instrumental_spike
Avg_Turb,2025-08-29 12:51:40+00:00,2025-08-29 12:51:40+00:00,1,1.45,1.45,0.9312977099236641,possible_instrumental_spike
Avg_Turb,2025-08-31 19:21:40+00:00,2025-08-31 19:21:40+00:00,1,8.35,8.35,0.988997555012225,possible_instrumental_spike
Avg_Turb,2025-09-02 09:21:40+00:00,2025-09-02 09:21:40+00:00,1,1.68,1.68,0.9473684210526315,possible_instrumental_spike
Avg_Turb,2025-09-02 14:51:40+00:00,2025-09-02 14:51:40+00:00,1,0.42,0.42,0.71875,possible_instrumental_spike
Avg_Turb,2025-09-03 04:51:40+00:00,2025-09-03 04:51:40+00:00,1,0.73,0.73,0.9322033898305085,possible_instrumental_spike
Avg_Turb,2025-09-06 09:51:40+00:00,2025-09-06 09:51:40+00:00,1,43.93,43.93,0.983191342390053,possible_instrumental_spike
Avg_Turb,2025-09-12 10:51:40+00:00,2025-09-12 10:51:40+00:00,1,4.92,4.92,0.9678800856531048,possible_instrumental_spike
Avg_Turb,2025-09-12 15:21:40+00:00,2025-09-12 15:21:40+00:00,1,0.68,0.68,0.6000000000000001,possible_instrumental_spike
Avg_Turb,2025-09-13 00:51:40+00:00,2025-09-13 00:51:40+00:00,1,0.41,0.41,0.8235294117647057,possible_instrumental_spike
Avg_Turb,2025-09-13 08:51:40+00:00,2025-09-13 08:51:40+00:00,1,0.59,0.59,0.875,possible_instrumental_spike
Avg_Turb,2025-09-13 17:21:40+00:00,2025-09-13 17:21:40+00:00,1,0.31,0.31,0.5999999999999995,possible_instrumental_spike
Avg_Turb,2025-09-14 14:51:40+00:00,2025-09-14 14:51:40+00:00,1,9.85,9.85,0.7807377049180327,possible_instrumental_spike
Avg_Turb,2025-09-17 11:21:40+00:00,2025-09-17 11:21:40+00:00,1,0.37,0.37,0.7666666666666666,possible_instrumental_spike
Avg_Turb,2025-09-19 22:51:40+00:00,2025-09-19 22:51:40+00:00,1,0.35,0.35,0.6666666666666669,possible_instrumental_spike
Avg_Turb,2025-09-21 20:21:40+00:00,2025-09-21 20:21:40+00:00,1,0.84,0.84,0.5365853658536585,possible_instrumental_spike
Avg_Turb,2025-09-26 10:51:40+00:00,2025-09-26 10:51:40+00:00,1,11.27,11.27,0.9808917197452228,possible_instrumental_spike
Avg_Turb,2025-09-27 06:21:40+00:00,2025-09-27 06:21:40+00:00,1,1.43,1.43,0.569620253164557,possible_instrumental_spike
Avg_Turb,2025-09-30 18:51:40+00:00,2025-09-30 18:51:40+00:00,1,0.57,0.57,0.9361702127659574,possible_instrumental_spike
Avg_Turb,2025-10-01 13:51:40+00:00,2025-10-01 13:51:40+00:00,1,0.61,0.61,0.5599999999999999,possible_instrumental_spike
Avg_Turb,2025-10-02 19:21:40+00:00,2025-10-02 19:21:40+00:00,1,3.08,3.08,0.9664429530201342,possible_instrumental_spike
Avg_Turb,2025-10-05 11:21:40+00:00,2025-10-05 11:21:40+00:00,1,6.23,6.23,0.9631490787269681,possible_instrumental_spike
Avg_Turb,2025-10-06 10:21:40+00:00,2025-10-06 10:21:40+00:00,1,1.34,1.34,0.66,possible_instrumental_spike
Avg_Turb,2025-10-08 13:21:40+00:00,2025-10-08 13:21:40+00:00,1,4.84,4.84,0.9244444444444445,possible_instrumental_spike
Avg_Turb,2025-12-10 16:21:40+00:00,2025-12-10 16:21:40+00:00,1,30.78,30.78,0.9947523778287963,possible_instrumental_spike
Avg_Turb,2025-12-12 03:21:40+00:00,2025-12-12 03:21:40+00:00,1,0.61,0.61,0.7941176470588235,possible_instrumental_spike
Avg_Turb,2025-12-14 05:21:40+00:00,2025-12-14 05:21:40+00:00,1,0.6,0.6,0.5925925925925926,possible_instrumental_spike
Avg_Turb,2025-12-17 18:21:40+00:00,2025-12-17 18:21:40+00:00,1,1.53,1.53,0.8151260504201681,possible_instrumental_spike
Avg_Turb,2025-12-19 09:51:40+00:00,2025-12-19 09:51:40+00:00,1,3.93,3.93,0.9098591549295775,possible_instrumental_spike
Avg_Turb,2025-12-20 09:51:40+00:00,2025-12-20 09:51:40+00:00,1,0.71,0.71,0.6129032258064515,possible_instrumental_spike
Avg_Turb,2025-12-20 15:51:40+00:00,2025-12-20 15:51:40+00:00,1,1.09,1.09,0.7432432432432432,possible_instrumental_spike
Avg_Turb,2025-12-20 18:51:40+00:00,2025-12-20 18:51:40+00:00,1,3.93,3.93,0.9658119658119658,possible_instrumental_spike
Avg_Turb,2025-12-23 10:21:40+00:00,2025-12-23 10:21:40+00:00,1,9.63,9.63,0.8039003250270856,possible_instrumental_spike
Avg_Turb,2025-12-23 23:21:40+00:00,2025-12-23 23:21:40+00:00,1,0.77,0.77,0.625,possible_instrumental_spike
Avg_Turb,2025-12-24 11:21:40+00:00,2025-12-24 11:21:40+00:00,1,2.14,2.14,0.8595505617977528,possible_instrumental_spike
Avg_Turb,2025-12-25 13:51:40+00:00,2025-12-25 13:51:40+00:00,1,0.3,0.3,0.6000000000000006,possible_instrumental_spike
Avg_Turb,2025-12-26 12:21:40+00:00,2025-12-26 12:21:40+00:00,1,10.31,10.31,0.9860279441117764,possible_instrumental_spike
Avg_Turb,2025-12-26 17:51:40+00:00,2025-12-26 17:51:40+00:00,1,0.38,0.38,0.6000000000000006,possible_instrumental_spike
Avg_Turb,2025-12-27 01:51:40+00:00,2025-12-27 01:51:40+00:00,1,0.63,0.63,0.8333333333333334,possible_instrumental_spike
Avg_Turb,2025-12-27 08:21:40+00:00,2025-12-27 08:21:40+00:00,1,0.3,0.3,0.6666666666666673,possible_instrumental_spike
Avg_Turb,2025-12-27 11:51:40+00:00,2025-12-27 11:51:40+00:00,1,6.94,6.94,0.9879879879879879,possible_instrumental_spike
Avg_Turb,2025-12-28 14:21:40+00:00,2025-12-28 14:21:40+00:00,1,4.03,4.03,0.9893899204244032,possible_instrumental_spike
Avg_Turb,2025-12-29 04:21:40+00:00,2025-12-29 04:21:40+00:00,1,0.62,0.62,0.8749999999999999,possible_instrumental_spike
Avg_Turb,2025-12-29 17:21:40+00:00,2025-12-29 17:21:40+00:00,1,2.7,2.7,0.9632653061224491,possible_instrumental_spike
Avg_Turb,2025-12-30 17:21:40+00:00,2025-12-30 17:21:40+00:00,1,4.29,4.29,0.9701492537313434,possible_instrumental_spike
Avg_Turb,2025-12-31 00:21:40+00:00,2025-12-31 00:21:40+00:00,1,0.3,0.3,0.6249999999999998,possible_instrumental_spike
Avg_Turb,2025-12-31 18:51:40+00:00,2025-12-31 18:51:40+00:00,1,0.51,0.51,0.5294117647058826,possible_instrumental_spike
Avg_Turb,2026-01-01 00:51:40+00:00,2026-01-01 00:51:40+00:00,1,0.36,0.36,0.5555555555555552,possible_instrumental_spike
Avg_Turb,2026-01-04 14:51:40+00:00,2026-01-04 14:51:40+00:00,1,2.09,2.09,0.8734177215189873,possible_instrumental_spike
Avg_Turb,2026-01-08 13:21:40+00:00,2026-01-08 13:21:40+00:00,1,0.62,0.62,0.6071428571428571,possible_instrumental_spike
Avg_Turb,2026-01-09 01:21:40+00:00,2026-01-09 01:21:40+00:00,1,0.55,0.55,0.6500000000000001,possible_instrumental_spike
Avg_Turb,2026-01-10 15:51:40+00:00,2026-01-10 15:51:40+00:00,1,1.09,1.09,0.9036144578313252,possible_instrumental_spike
Avg_Turb,2026-01-10 19:21:40+00:00,2026-01-10 19:21:40+00:00,1,0.41,0.41,0.6000000000000001,possible_instrumental_spike
Avg_Turb,2026-01-11 05:21:40+00:00,2026-01-11 05:21:40+00:00,1,0.3,0.3,0.7499999999999997,possible_instrumental_spike
Avg_Turb,2026-01-11 12:21:40+00:00,2026-01-11 12:21:40+00:00,1,0.35,0.35,0.6666666666666669,possible_instrumental_spike
Avg_Turb,2026-01-12 14:21:40+00:00,2026-01-12 14:21:40+00:00,1,3.81,3.81,0.9943977591036414,possible_instrumental_spike
Avg_Turb,2026-01-13 10:51:40+00:00,2026-01-13 10:51:40+00:00,1,0.57,0.57,0.7419354838709676,possible_instrumental_spike
Avg_Turb,2026-01-20 08:51:40+00:00,2026-01-20 08:51:40+00:00,1,5.81,5.81,0.9887850467289718,possible_instrumental_spike
Avg_Turb,2026-01-21 09:51:40+00:00,2026-01-21 09:51:40+00:00,1,57.81,57.81,0.9940797492599687,possible_instrumental_spike
Avg_Turb,2026-01-21 22:21:40+00:00,2026-01-21 22:21:40+00:00,1,0.66,0.66,0.5199999999999999,possible_instrumental_spike
Avg_Turb,2026-01-22 02:21:40+00:00,2026-01-22 02:21:40+00:00,1,14.2,14.2,0.9883466860888565,possible_instrumental_spike
Avg_Turb,2026-01-22 21:21:40+00:00,2026-01-22 21:21:40+00:00,1,6.42,6.42,0.983388704318937,possible_instrumental_spike
Avg_Turb,2026-01-24 16:51:40+00:00,2026-01-24 16:51:40+00:00,1,1.6,1.6,0.6060606060606061,possible_instrumental_spike
Avg_Turb,2026-01-25 00:51:40+00:00,2026-01-25 00:51:40+00:00,1,0.52,0.52,0.5294117647058824,possible_instrumental_spike
Avg_Turb,2026-01-25 12:21:40+00:00,2026-01-25 12:21:40+00:00,1,4.73,4.73,0.7583892617449665,possible_instrumental_spike
Avg_Turb,2026-01-25 16:21:40+00:00,2026-01-25 16:21:40+00:00,1,1.53,1.53,0.7647058823529412,possible_instrumental_spike
Avg_Turb,2026-01-25 20:51:40+00:00,2026-01-25 20:51:40+00:00,1,4.24,4.24,0.6269035532994923,possible_instrumental_spike
Avg_Turb,2026-01-26 20:51:40+00:00,2026-01-26 20:51:40+00:00,1,0.47,0.47,0.5909090909090907,possible_instrumental_spike
Avg_Turb,2026-01-28 09:51:40+00:00,2026-01-28 09:51:40+00:00,1,10.9,10.9,0.5511737089201878,possible_instrumental_spike
Avg_Turb,2026-01-28 15:51:40+00:00,2026-01-28 15:51:40+00:00,1,5.51,5.51,0.7134387351778656,possible_instrumental_spike
Avg_Turb,2026-01-29 11:21:40+00:00,2026-01-29 11:21:40+00:00,1,32.2,32.2,0.7993690851735016,possible_instrumental_spike
Avg_Turb,2026-01-29 16:51:40+00:00,2026-01-29 16:51:40+00:00,1,20.04,20.04,0.6131013306038894,possible_instrumental_spike
Avg_Turb,2026-01-30 14:21:40+00:00,2026-01-30 14:21:40+00:00,1,11.01,11.01,0.6711409395973155,possible_instrumental_spike
Avg_Turb,2026-01-31 15:51:40+00:00,2026-01-31 15:51:40+00:00,1,36.18,36.18,0.7829241071428573,possible_instrumental_spike
Avg_Turb,2026-02-01 10:51:40+00:00,2026-02-01 10:51:40+00:00,1,4.56,4.56,0.9575471698113208,possible_instrumental_spike
Avg_Turb,2026-02-01 13:51:40+00:00,2026-02-01 13:51:40+00:00,1,14.37,14.37,0.9272986457590877,possible_instrumental_spike
Avg_Turb,2026-02-02 10:21:40+00:00,2026-02-02 10:21:40+00:00,1,8.34,8.34,0.8562577447335812,possible_instrumental_spike
Avg_Turb,2026-02-02 14:21:40+00:00,2026-02-02 14:21:40+00:00,1,22.53,22.53,0.982392776523702,possible_instrumental_spike
Avg_Turb,2026-02-03 21:21:40+00:00,2026-02-03 21:21:40+00:00,1,5.24,5.24,0.9537223340040241,possible_instrumental_spike
Avg_Turb,2026-02-04 09:51:40+00:00,2026-02-04 09:51:40+00:00,1,35.04,35.04,0.6814133869577707,possible_instrumental_spike
Avg_Turb,2026-02-05 15:21:40+00:00,2026-02-05 15:21:40+00:00,1,45.75,45.75,0.5229399680438256,possible_instrumental_spike
Avg_Turb,2026-02-06 08:51:40+00:00,2026-02-06 08:51:40+00:00,1,54.8,54.8,0.6279112415184303,possible_instrumental_spike
Avg_Turb,2026-02-06 20:21:40+00:00,2026-02-06 20:21:40+00:00,1,90.29,90.29,0.710318782628013,possible_instrumental_spike
Avg_Turb,2026-02-10 00:21:40+00:00,2026-02-10 00:21:40+00:00,1,0.24,0.24,0.8333333333333331,possible_instrumental_spike
Avg_Turb,2026-02-10 03:51:40+00:00,2026-02-10 03:51:40+00:00,1,0.43,0.43,0.8076923076923076,possible_instrumental_spike
Avg_Turb,2026-02-10 10:21:40+00:00,2026-02-10 10:21:40+00:00,1,39.11,39.11,0.6859270672829996,possible_instrumental_spike
Avg_Turb,2026-02-12 17:51:40+00:00,2026-02-12 17:51:40+00:00,1,79.5,79.5,0.7671750913903945,possible_instrumental_spike
Avg_Turb,2026-02-14 11:21:40+00:00,2026-02-14 11:21:40+00:00,1,16.96,16.96,0.7644949193066348,possible_instrumental_spike
Avg_Turb,2026-02-15 09:51:40+00:00,2026-02-15 09:51:40+00:00,1,4.23,4.23,0.7171717171717172,possible_instrumental_spike
Avg_Turb,2026-02-16 08:51:40+00:00,2026-02-16 08:51:40+00:00,1,38.42,38.42,0.8015727391874181,possible_instrumental_spike
Avg_Turb,2026-02-16 15:21:40+00:00,2026-02-16 15:21:40+00:00,1,5.77,5.77,0.9671532846715329,possible_instrumental_spike
Avg_Turb,2026-02-16 19:21:40+00:00,2026-02-16 19:21:40+00:00,1,41.14,41.14,0.9755261869799314,possible_instrumental_spike
Avg_Turb,2026-02-17 10:51:40+00:00,2026-02-17 10:51:40+00:00,1,27.3,27.3,0.6491293071507966,possible_instrumental_spike
Avg_Turb,2026-02-17 19:51:40+00:00,2026-02-17 19:51:40+00:00,1,21.07,21.07,0.9884559884559885,possible_instrumental_spike
Avg_Turb,2026-02-18 08:21:40+00:00,2026-02-18 08:21:40+00:00,1,3.36,3.36,0.9411764705882353,possible_instrumental_spike
Avg_Turb,2026-02-18 15:51:40+00:00,2026-02-18 15:51:40+00:00,1,21.5,21.5,0.9422621864647421,possible_instrumental_spike
Avg_Turb,2026-02-18 20:21:40+00:00,2026-02-18 20:21:40+00:00,1,10.37,10.37,0.9831013916500994,possible_instrumental_spike
Avg_Turb,2026-02-19 09:21:40+00:00,2026-02-19 09:21:40+00:00,1,13.2,13.2,0.8470496894409939,possible_instrumental_spike
Avg_Turb,2026-02-19 17:21:40+00:00,2026-02-19 17:21:40+00:00,1,22.77,22.77,0.9937583593401694,possible_instrumental_spike
Avg_Turb,2026-02-20 18:21:40+00:00,2026-02-20 18:21:40+00:00,1,5.83,5.83,0.8597122302158273,possible_instrumental_spike
Avg_Turb,2026-02-21 09:21:40+00:00,2026-02-21 09:21:40+00:00,1,1.12,1.12,0.8588235294117648,possible_instrumental_spike
Avg_Turb,2026-02-22 14:51:40+00:00,2026-02-22 14:51:40+00:00,1,5.74,5.74,0.7978142076502732,possible_instrumental_spike
Avg_Turb,2026-02-22 18:51:40+00:00,2026-02-22 18:51:40+00:00,1,2.97,2.97,0.5962962962962963,possible_instrumental_spike
Avg_Turb,2026-02-23 05:51:40+00:00,2026-02-23 05:51:40+00:00,1,1.51,1.51,0.8852459016393444,possible_instrumental_spike
Avg_Turb,2026-02-23 13:21:40+00:00,2026-02-23 13:21:40+00:00,1,9.86,9.86,0.9937629937629937,possible_instrumental_spike
Avg_Turb,2026-02-23 16:51:40+00:00,2026-02-23 16:51:40+00:00,1,39.18,39.18,0.9982023626091423,possible_instrumental_spike
Avg_Turb,2026-02-23 19:51:40+00:00,2026-02-23 19:51:40+00:00,1,11.78,11.78,0.9956597222222222,possible_instrumental_spike
Avg_Turb,2026-02-24 04:51:40+00:00,2026-02-24 04:51:40+00:00,1,0.36,0.36,0.5555555555555556,possible_instrumental_spike
Avg_Turb,2026-02-24 17:51:40+00:00,2026-02-24 17:51:40+00:00,1,19.87,19.87,0.9827411167512691,possible_instrumental_spike
Avg_Turb,2026-02-24 21:21:40+00:00,2026-02-24 21:21:40+00:00,1,21.21,21.21,0.9847764034253093,possible_instrumental_spike
Avg_Turb,2026-02-25 10:51:40+00:00,2026-02-25 10:51:40+00:00,1,24.95,24.95,0.7174000807428341,possible_instrumental_spike
Avg_Turb,2026-02-25 13:51:40+00:00,2026-02-25 13:51:40+00:00,1,3.21,3.21,0.9736842105263158,possible_instrumental_spike
Avg_Turb,2026-02-27 15:21:40+00:00,2026-02-27 15:21:40+00:00,1,5.6,5.6,0.985239852398524,possible_instrumental_spike
Avg_Turb,2026-02-27 18:51:40+00:00,2026-02-27 18:51:40+00:00,1,4.72,4.72,0.944812362030905,possible_instrumental_spike
Avg_Turb,2026-02-28 07:21:40+00:00,2026-02-28 07:21:40+00:00,1,0.47,0.47,0.5454545454545455,possible_instrumental_spike
Avg_Turb,2026-02-28 12:51:40+00:00,2026-02-28 12:51:40+00:00,1,75.88,75.88,0.9988098386670194,possible_instrumental_spike
Avg_Turb,2026-03-01 01:21:40+00:00,2026-03-01 01:21:40+00:00,1,1.51,1.51,0.6166666666666667,possible_instrumental_spike
Avg_Turb,2026-03-01 04:21:40+00:00,2026-03-01 04:21:40+00:00,1,2.2,2.2,0.93717277486911,possible_instrumental_spike
Avg_Turb,2026-03-01 16:51:40+00:00,2026-03-01 16:51:40+00:00,1,1.18,1.18,0.7802197802197802,possible_instrumental_spike
Avg_Turb,2026-03-02 13:21:40+00:00,2026-03-02 13:21:40+00:00,1,51.03,51.03,0.8168708020545239,possible_instrumental_spike
Avg_Turb,2026-03-02 17:21:40+00:00,2026-03-02 17:21:40+00:00,1,2.66,2.66,0.9184549356223176,possible_instrumental_spike
Avg_Turb,2026-03-03 01:21:40+00:00,2026-03-03 01:21:40+00:00,1,1.24,1.24,0.6216216216216216,possible_instrumental_spike
Avg_Turb,2026-03-03 18:21:40+00:00,2026-03-03 18:21:40+00:00,1,41.19,41.19,0.9926542605288933,possible_instrumental_spike
Avg_Turb,2026-03-05 10:21:40+00:00,2026-03-05 10:21:40+00:00,1,5.1,5.1,0.9232365145228215,possible_instrumental_spike
Avg_Turb,2026-03-07 11:51:40+00:00,2026-03-07 11:51:40+00:00,1,0.51,0.51,0.6400000000000001,possible_instrumental_spike
Avg_Turb,2026-03-11 09:21:40+00:00,2026-03-11 09:21:40+00:00,1,1.65,1.65,0.8205128205128205,possible_instrumental_spike
Avg_Turb,2026-03-12 14:21:40+00:00,2026-03-12 14:21:40+00:00,1,0.22,0.22,0.5833333333333334,possible_instrumental_spike
Avg_Turb,2026-03-14 15:21:40+00:00,2026-03-14 15:21:40+00:00,1,3.21,3.21,0.9741100323624595,possible_instrumental_spike
Avg_Turb,2026-03-14 20:21:40+00:00,2026-03-14 20:21:40+00:00,1,0.26,0.26,0.5454545454545454,possible_instrumental_spike
Avg_Turb,2026-03-15 16:51:40+00:00,2026-03-15 16:51:40+00:00,1,11.16,11.16,0.9745454545454546,possible_instrumental_spike
Avg_Turb,2026-03-17 19:51:40+00:00,2026-03-17 19:51:40+00:00,1,1.19,1.19,0.8048780487804877,possible_instrumental_spike
Avg_Turb,2026-03-19 09:21:40+00:00,2026-03-19 09:21:40+00:00,1,1.01,1.01,0.6027397260273973,possible_instrumental_spike
Avg_Turb,2026-03-19 12:51:40+00:00,2026-03-19 12:51:40+00:00,1,8.98,8.98,0.6245654692931634,possible_instrumental_spike
Avg_Turb,2026-03-20 03:21:40+00:00,2026-03-20 03:21:40+00:00,1,2.21,2.21,0.718562874251497,possible_instrumental_spike
Avg_Turb,2026-03-20 08:51:40+00:00,2026-03-20 08:51:40+00:00,1,2.4,2.4,0.6135265700483092,possible_instrumental_spike
Avg_Turb,2026-03-21 05:21:40+00:00,2026-03-21 05:21:40+00:00,1,1.2,1.2,0.6236559139784946,possible_instrumental_spike
Avg_Turb,2026-03-22 06:21:40+00:00,2026-03-22 06:21:40+00:00,1,2.31,2.31,0.9040404040404041,possible_instrumental_spike
Avg_Turb,2026-03-22 21:21:40+00:00,2026-03-22 21:21:40+00:00,1,1.58,1.58,0.7244094488188977,possible_instrumental_spike
Avg_Turb,2026-03-23 09:21:40+00:00,2026-03-23 09:21:40+00:00,1,4.87,4.87,0.7405764966740577,possible_instrumental_spike
Avg_Turb,2026-03-24 03:51:40+00:00,2026-03-24 03:51:40+00:00,1,3.45,3.45,0.8805031446540881,possible_instrumental_spike
Avg_Turb,2026-03-24 23:51:40+00:00,2026-03-24 23:51:40+00:00,1,2.46,2.46,0.6100917431192662,possible_instrumental_spike
Avg_Turb,2026-03-25 05:51:40+00:00,2026-03-25 05:51:40+00:00,1,1.21,1.21,0.8058252427184466,possible_instrumental_spike
Avg_Turb,2026-03-25 09:51:40+00:00,2026-03-25 09:51:40+00:00,1,16.17,16.17,0.9793621013133208,possible_instrumental_spike
Avg_Turb,2026-03-25 15:21:40+00:00,2026-03-25 15:21:40+00:00,1,4.68,4.68,0.7483296213808464,possible_instrumental_spike
Avg_Turb,2026-03-25 22:51:40+00:00,2026-03-25 22:51:40+00:00,1,1.09,1.09,0.9186046511627907,possible_instrumental_spike
Avg_Turb,2026-03-26 20:21:40+00:00,2026-03-26 20:21:40+00:00,1,19.39,19.39,0.7311099531005733,possible_instrumental_spike
Avg_Turb,2026-03-27 11:21:40+00:00,2026-03-27 11:21:40+00:00,1,27.66,27.66,0.9948905109489052,possible_instrumental_spike
Avg_Turb,2026-03-27 14:21:40+00:00,2026-03-27 14:21:40+00:00,1,7.79,7.79,0.9894179894179895,possible_instrumental_spike
Avg_Turb,2026-03-27 18:21:40+00:00,2026-03-27 18:21:40+00:00,1,1.26,1.26,0.8349514563106796,possible_instrumental_spike
Avg_Turb,2026-03-28 06:51:40+00:00,2026-03-28 06:51:40+00:00,1,2.36,2.36,0.8899521531100478,possible_instrumental_spike
Avg_Turb,2026-03-28 13:21:40+00:00,2026-03-28 13:21:40+00:00,1,6.19,6.19,0.7195325542570952,possible_instrumental_spike
Avg_Turb,2026-03-30 04:51:40+00:00,2026-03-30 04:51:40+00:00,1,10.5,10.5,0.985294117647059,possible_instrumental_spike
Avg_Turb,2026-03-30 12:21:40+00:00,2026-03-30 12:21:40+00:00,1,19.23,19.23,0.8853065539112049,possible_instrumental_spike
Avg_Turb,2026-03-30 19:51:40+00:00,2026-03-30 19:51:40+00:00,1,17.76,17.76,0.6611333714939897,possible_instrumental_spike
Avg_Turb,2026-04-01 11:51:40+00:00,2026-04-01 11:51:40+00:00,1,2.88,2.88,0.726923076923077,possible_instrumental_spike
Avg_Turb,2026-04-01 17:21:40+00:00,2026-04-01 17:21:40+00:00,1,3.12,3.12,0.597938144329897,possible_instrumental_spike
Avg_Turb,2026-04-02 07:21:40+00:00,2026-04-02 07:21:40+00:00,1,0.99,0.99,0.844155844155844,possible_instrumental_spike
Avg_Turb,2026-04-02 11:51:40+00:00,2026-04-02 11:51:40+00:00,1,1.36,1.36,0.6491228070175439,possible_instrumental_spike
Avg_Turb,2026-04-03 13:21:40+00:00,2026-04-03 13:21:40+00:00,1,5.13,5.13,0.8609406952965236,possible_instrumental_spike
Avg_Turb,2026-04-05 00:21:40+00:00,2026-04-05 00:21:40+00:00,1,0.39,0.39,0.619047619047619,possible_instrumental_spike
Avg_Turb,2026-04-05 19:21:40+00:00,2026-04-05 19:21:40+00:00,1,18.33,18.33,0.8298458149779736,possible_instrumental_spike
Avg_Turb,2026-04-06 10:21:40+00:00,2026-04-06 10:21:40+00:00,1,2.19,2.19,0.5507246376811594,possible_instrumental_spike
Avg_Turb,2026-04-06 15:51:40+00:00,2026-04-06 15:51:40+00:00,1,9.31,9.31,0.7759562841530054,possible_instrumental_spike
Avg_Turb,2026-04-07 09:51:40+00:00,2026-04-07 09:51:40+00:00,1,19.87,19.87,0.9701718907987866,possible_instrumental_spike
Avg_Turb,2026-04-07 18:21:40+00:00,2026-04-07 18:21:40+00:00,1,19.02,19.02,0.9215686274509803,possible_instrumental_spike
Avg_Turb,2026-04-09 02:21:40+00:00,2026-04-09 02:21:40+00:00,1,0.25,0.25,0.5333333333333333,possible_instrumental_spike
Avg_Turb,2026-04-09 10:21:40+00:00,2026-04-09 10:21:40+00:00,1,74.92,74.92,0.7746892957370038,possible_instrumental_spike
Avg_Turb,2026-04-10 03:51:40+00:00,2026-04-10 03:51:40+00:00,1,0.1,0.1,1.0,possible_instrumental_spike
Avg_Turb,2026-04-10 23:21:40+00:00,2026-04-10 23:21:40+00:00,1,0.44,0.44,0.8571428571428572,possible_instrumental_spike
Avg_Turb,2026-04-11 05:51:40+00:00,2026-04-11 05:51:40+00:00,1,0.19,0.19,0.7999999999999999,possible_instrumental_spike
Avg_Turb,2026-04-12 10:51:40+00:00,2026-04-12 10:51:40+00:00,1,47.73,47.73,0.7861041141897566,possible_instrumental_spike
Avg_Turb,2026-04-12 22:51:40+00:00,2026-04-12 22:51:40+00:00,1,0.27,0.27,0.6249999999999999,possible_instrumental_spike
Avg_Turb,2026-04-13 10:51:40+00:00,2026-04-13 10:51:40+00:00,1,94.09,94.09,0.991273810790678,possible_instrumental_spike
Avg_Turb,2026-04-14 06:21:40+00:00,2026-04-14 06:21:40+00:00,1,2.86,2.86,0.9405204460966542,possible_instrumental_spike
Avg_Turb,2026-04-14 10:51:40+00:00,2026-04-14 10:51:40+00:00,1,4.14,4.14,0.5552699228791773,possible_instrumental_spike
Avg_Turb,2026-04-14 21:21:40+00:00,2026-04-14 21:21:40+00:00,1,1.0,1.0,0.6144578313253013,possible_instrumental_spike
Avg_Turb,2026-04-15 05:21:40+00:00,2026-04-15 05:21:40+00:00,1,2.0,2.0,0.5229885057471264,possible_instrumental_spike
Avg_Turb,2026-04-16 12:51:40+00:00,2026-04-16 12:51:40+00:00,1,49.81,49.81,0.921255060728745,possible_instrumental_spike
Avg_Turb,2026-04-17 08:51:40+00:00,2026-04-17 08:51:40+00:00,1,7.07,7.07,0.9397944199706314,possible_instrumental_spike
Avg_Turb,2026-04-18 07:51:40+00:00,2026-04-18 07:51:40+00:00,1,7.66,7.66,0.681081081081081,possible_instrumental_spike
Avg_Turb,2026-04-18 13:51:40+00:00,2026-04-18 13:51:40+00:00,1,3.65,3.65,0.9691358024691358,possible_instrumental_spike
Avg_Turb,2026-04-18 19:51:40+00:00,2026-04-18 19:51:40+00:00,1,3.35,3.35,0.9417475728155341,possible_instrumental_spike
Avg_Turb,2026-04-19 00:21:40+00:00,2026-04-19 00:21:40+00:00,1,9.05,9.05,0.8416856492027335,possible_instrumental_spike
Avg_Turb,2026-04-19 19:21:40+00:00,2026-04-19 19:21:40+00:00,1,15.21,15.21,0.9633333333333334,possible_instrumental_spike
Avg_Turb,2026-04-20 17:21:40+00:00,2026-04-20 17:21:40+00:00,1,21.79,21.79,0.8848118903855086,possible_instrumental_spike
Avg_Turb,2026-04-21 01:51:40+00:00,2026-04-21 01:51:40+00:00,1,2.08,2.08,0.9368421052631578,possible_instrumental_spike
Avg_Turb,2026-04-21 05:21:40+00:00,2026-04-21 05:21:40+00:00,1,0.4,0.4,0.6250000000000001,possible_instrumental_spike
Avg_Turb,2026-04-21 15:51:40+00:00,2026-04-21 15:51:40+00:00,1,38.29,38.29,0.7842879663688912,possible_instrumental_spike
Avg_Turb,2026-04-21 20:21:40+00:00,2026-04-21 20:21:40+00:00,1,8.27,8.27,0.9493827160493827,possible_instrumental_spike
Avg_Turb,2026-04-22 18:21:40+00:00,2026-04-22 18:21:40+00:00,1,3.99,3.99,0.9083769633507853,possible_instrumental_spike
Avg_Turb,2026-04-23 09:21:40+00:00,2026-04-23 09:21:40+00:00,1,0.5,0.5,0.6571428571428571,possible_instrumental_spike
Avg_Turb,2026-04-23 20:51:40+00:00,2026-04-23 20:51:40+00:00,1,71.82,71.82,0.8671689688851681,possible_instrumental_spike
Avg_Turb,2026-04-25 20:21:40+00:00,2026-04-25 20:21:40+00:00,1,0.86,0.86,0.8840579710144928,possible_instrumental_spike
Avg_Turb,2026-04-27 00:21:40+00:00,2026-04-27 00:21:40+00:00,1,1.04,1.04,0.896551724137931,possible_instrumental_spike
Avg_Turb,2026-04-27 09:21:40+00:00,2026-04-27 09:21:40+00:00,1,103.15,103.15,0.7644202757817051,possible_instrumental_spike
Avg_Turb,2026-04-28 22:51:40+00:00,2026-04-28 22:51:40+00:00,1,0.59,0.59,0.6444444444444445,possible_instrumental_spike
Avg_Turb,2026-04-29 02:51:40+00:00,2026-04-29 02:51:40+00:00,1,1.01,1.01,0.8735632183908046,possible_instrumental_spike
Avg_Turb,2026-04-29 14:21:40+00:00,2026-04-29 14:21:40+00:00,1,77.55,77.55,0.6262756749773931,possible_instrumental_spike
Avg_Turb,2026-05-01 14:51:40+00:00,2026-05-01 14:51:40+00:00,1,38.93,38.93,0.5752646527239866,possible_instrumental_spike
Avg_Turb,2026-05-02 09:21:40+00:00,2026-05-02 09:21:40+00:00,1,38.87,38.87,0.5451020935642285,possible_instrumental_spike
Avg_Turb,2026-05-02 13:21:40+00:00,2026-05-02 13:21:40+00:00,1,1.12,1.12,0.8913043478260869,possible_instrumental_spike
Avg_Turb,2026-05-03 23:51:40+00:00,2026-05-03 23:51:40+00:00,1,12.41,12.41,0.9893442622950821,possible_instrumental_spike
Avg_Turb,2026-05-04 19:51:40+00:00,2026-05-04 19:51:40+00:00,1,64.22,64.22,0.9500390320062452,possible_instrumental_spike
Avg_Turb,2026-05-05 12:21:40+00:00,2026-05-05 12:21:40+00:00,1,40.8,40.8,0.9581589958158997,possible_instrumental_spike
Avg_Turb,2026-05-05 15:51:40+00:00,2026-05-05 15:51:40+00:00,1,2.56,2.56,0.9453781512605043,possible_instrumental_spike
Avg_Turb,2026-05-06 01:51:40+00:00,2026-05-06 01:51:40+00:00,1,0.48,0.48,0.6551724137931035,possible_instrumental_spike
Avg_Turb,2026-05-07 10:21:40+00:00,2026-05-07 10:21:40+00:00,1,56.77,56.77,0.9570595511574483,possible_instrumental_spike
Avg_Turb,2026-05-07 19:51:40+00:00,2026-05-07 19:51:40+00:00,1,37.46,37.46,0.6231533709374161,possible_instrumental_spike
Avg_Turb,2026-05-08 04:51:40+00:00,2026-05-08 04:51:40+00:00,1,0.85,0.85,0.6231884057971014,possible_instrumental_spike
Avg_Turb,2026-05-08 19:21:40+00:00,2026-05-08 19:21:40+00:00,1,53.15,53.15,0.6440422322775263,possible_instrumental_spike
Avg_Turb,2026-05-09 20:21:40+00:00,2026-05-09 20:21:40+00:00,1,66.0,66.0,0.7427877315517766,possible_instrumental_spike
Avg_Turb,2026-05-10 04:21:40+00:00,2026-05-10 04:21:40+00:00,1,0.26,0.26,0.818181818181818,possible_instrumental_spike
Avg_Turb,2026-05-10 11:51:40+00:00,2026-05-10 11:51:40+00:00,1,137.53,137.53,0.5197962154294032,possible_instrumental_spike
Avg_Turb,2026-05-10 20:51:40+00:00,2026-05-10 20:51:40+00:00,1,99.72,99.72,0.9997991564571199,possible_instrumental_spike
Avg_Turb,2026-05-11 11:21:40+00:00,2026-05-11 11:21:40+00:00,1,58.41,58.41,0.9986280226376265,possible_instrumental_spike
Avg_Turb,2026-05-12 04:51:40+00:00,2026-05-12 04:51:40+00:00,1,1.5,1.5,0.9191176470588236,possible_instrumental_spike
Avg_Turb,2026-05-13 03:51:40+00:00,2026-05-13 03:51:40+00:00,1,0.71,0.71,0.6296296296296297,possible_instrumental_spike
Avg_Turb,2026-05-13 17:21:40+00:00,2026-05-13 17:21:40+00:00,1,47.32,47.32,0.9758218451749735,possible_instrumental_spike
Avg_Turb,2026-05-14 20:21:40+00:00,2026-05-14 20:21:40+00:00,1,21.79,21.79,0.7315716272600834,possible_instrumental_spike
Avg_Turb,2026-05-15 01:21:40+00:00,2026-05-15 01:21:40+00:00,1,0.65,0.65,0.638888888888889,possible_instrumental_spike
Avg_Turb,2026-05-15 12:51:40+00:00,2026-05-15 12:51:40+00:00,1,32.35,32.35,0.646672914714152,possible_instrumental_spike
Avg_Turb,2026-05-17 10:51:40+00:00,2026-05-17 10:51:40+00:00,1,22.76,22.76,0.6262222222222223,possible_instrumental_spike
Avg_Turb,2026-05-17 16:21:40+00:00,2026-05-17 16:21:40+00:00,1,20.98,20.98,0.7542250120714631,possible_instrumental_spike
Avg_Turb,2026-05-17 20:21:40+00:00,2026-05-17 20:21:40+00:00,1,67.61,67.61,0.8317743132887899,possible_instrumental_spike
Avg_Turb,2026-05-18 02:21:40+00:00,2026-05-18 02:21:40+00:00,1,0.91,0.91,0.8571428571428571,possible_instrumental_spike
Avg_Turb,2026-05-18 09:21:40+00:00,2026-05-18 09:21:40+00:00,1,72.91,72.91,0.6761629507294247,possible_instrumental_spike
Avg_Turb,2026-05-19 03:51:40+00:00,2026-05-19 03:51:40+00:00,1,0.71,0.71,0.7777777777777778,possible_instrumental_spike
Avg_Turb,2026-05-20 20:21:40+00:00,2026-05-20 20:21:40+00:00,1,11.53,11.53,0.666079295154185,possible_instrumental_spike
Avg_Turb,2026-05-21 09:21:40+00:00,2026-05-21 09:21:40+00:00,1,15.09,15.09,0.92828418230563,possible_instrumental_spike
Avg_Turb,2026-05-21 12:21:40+00:00,2026-05-21 12:21:40+00:00,1,19.7,19.7,0.9841269841269842,possible_instrumental_spike
Avg_Turb,2026-05-22 09:21:40+00:00,2026-05-22 09:21:40+00:00,1,10.85,10.85,0.9971910112359551,possible_instrumental_spike
Avg_Turb,2026-05-22 13:51:40+00:00,2026-05-22 13:51:40+00:00,1,4.85,4.85,0.9914712153518124,possible_instrumental_spike
Avg_Turb,2026-05-23 09:21:40+00:00,2026-05-23 09:21:40+00:00,1,17.22,17.22,0.6784037558685445,possible_instrumental_spike
Avg_Turb,2026-05-23 20:21:40+00:00,2026-05-23 20:21:40+00:00,1,19.5,19.5,0.900103519668737,possible_instrumental_spike
Avg_Turb,2026-05-24 09:51:40+00:00,2026-05-24 09:51:40+00:00,1,24.85,24.85,0.9667612484799352,possible_instrumental_spike
Avg_Turb,2026-05-24 13:21:40+00:00,2026-05-24 13:21:40+00:00,1,11.81,11.81,0.9286941580756014,possible_instrumental_spike
Avg_Turb,2026-05-25 07:21:40+00:00,2026-05-25 07:21:40+00:00,1,1.07,1.07,0.8876404494382022,possible_instrumental_spike
Avg_Turb,2026-05-25 20:21:40+00:00,2026-05-25 20:21:40+00:00,1,32.58,32.58,0.6401854714064915,possible_instrumental_spike
Avg_Turb,2026-05-26 03:51:40+00:00,2026-05-26 03:51:40+00:00,1,0.78,0.78,0.7288135593220338,possible_instrumental_spike
Avg_Turb,2026-05-26 08:21:40+00:00,2026-05-26 08:21:40+00:00,1,1.02,1.02,0.8795180722891566,possible_instrumental_spike
Avg_Turb,2026-05-26 11:51:40+00:00,2026-05-26 11:51:40+00:00,1,1.39,1.39,0.823529411764706,possible_instrumental_spike
Avg_Turb,2026-05-26 18:21:40+00:00,2026-05-26 18:21:40+00:00,1,14.14,14.14,0.99568345323741,possible_instrumental_spike
Avg_Turb,2026-05-26 23:21:40+00:00,2026-05-26 23:21:40+00:00,1,1.68,1.68,0.8775510204081634,possible_instrumental_spike
Avg_Turb,2026-05-27 06:51:40+00:00,2026-05-27 06:51:40+00:00,1,0.58,0.58,0.875,possible_instrumental_spike
Avg_Turb,2026-05-27 10:21:40+00:00,2026-05-27 10:21:40+00:00,1,46.67,46.67,0.897910833512815,possible_instrumental_spike
Avg_Turb,2026-05-27 17:51:40+00:00,2026-05-27 17:51:40+00:00,1,18.9,18.9,0.5568669527896996,possible_instrumental_spike
Avg_Turb,2026-05-28 23:21:40+00:00,2026-05-28 23:21:40+00:00,1,0.71,0.71,0.8269230769230768,possible_instrumental_spike
Avg_Turb,2026-05-29 11:21:40+00:00,2026-05-29 11:21:40+00:00,1,15.04,15.04,0.9905405405405405,possible_instrumental_spike
Avg_Turb,2026-05-31 14:21:40+00:00,2026-05-31 14:21:40+00:00,1,17.48,17.48,0.9842840512223516,possible_instrumental_spike
Avg_Turb,2026-05-31 19:21:40+00:00,2026-05-31 19:21:40+00:00,1,51.62,51.62,0.9959104186952289,possible_instrumental_spike
Avg_Turb,2026-06-04 22:21:40+00:00,2026-06-04 22:21:40+00:00,1,0.77,0.77,0.6521739130434784,possible_instrumental_spike
Avg_Turb,2026-06-05 12:21:40+00:00,2026-06-05 12:21:40+00:00,1,21.9,21.9,0.6719257540603248,possible_instrumental_spike
Avg_Turb,2026-06-06 17:21:40+00:00,2026-06-06 17:21:40+00:00,1,27.8,27.8,0.8087272727272729,possible_instrumental_spike
Avg_Turb,2026-06-08 15:21:40+00:00,2026-06-08 15:21:40+00:00,1,13.35,13.35,0.7509549274255157,possible_instrumental_spike
Avg_Turb,2026-06-10 09:21:40+00:00,2026-06-10 09:21:40+00:00,1,36.16,36.16,0.8262440922991381,possible_instrumental_spike
Avg_Turb,2026-06-10 12:21:40+00:00,2026-06-10 12:21:40+00:00,1,30.61,30.61,0.9983558040118382,possible_instrumental_spike
Avg_Turb,2026-06-10 16:21:40+00:00,2026-06-10 16:21:40+00:00,1,5.21,5.21,0.9458917835671342,possible_instrumental_spike
Avg_Turb,2026-06-10 19:21:40+00:00,2026-06-10 19:21:40+00:00,1,5.91,5.91,0.9492119089316988,possible_instrumental_spike
Avg_Turb,2026-06-11 17:51:40+00:00,2026-06-11 17:51:40+00:00,1,0.81,0.81,0.7741935483870968,possible_instrumental_spike
Avg_Turb,2026-06-13 03:21:40+00:00,2026-06-13 03:21:40+00:00,1,5.35,5.35,0.9726562500000001,possible_instrumental_spike
Avg_Turb,2026-06-13 16:21:40+00:00,2026-06-13 16:21:40+00:00,1,3.08,3.08,0.9363957597173145,possible_instrumental_spike
Avg_Turb,2026-06-14 09:51:40+00:00,2026-06-14 09:51:40+00:00,1,0.58,0.58,0.606060606060606,possible_instrumental_spike
Avg_Turb,2026-06-14 18:21:40+00:00,2026-06-14 18:21:40+00:00,1,5.35,5.35,0.7272727272727273,possible_instrumental_spike
Avg_Turb,2026-06-14 21:21:40+00:00,2026-06-14 21:21:40+00:00,1,4.73,4.73,0.6891891891891893,possible_instrumental_spike
Avg_Turb,2026-06-15 05:51:40+00:00,2026-06-15 05:51:40+00:00,1,6.08,6.08,0.8082901554404145,possible_instrumental_spike
Avg_Turb,2026-06-16 08:51:40+00:00,2026-06-16 08:51:40+00:00,1,1.13,1.13,0.8414634146341464,possible_instrumental_spike
Avg_Turb,2026-06-16 19:51:40+00:00,2026-06-16 19:51:40+00:00,1,17.77,17.77,0.7626146788990825,possible_instrumental_spike
Avg_Turb,2026-06-17 02:51:40+00:00,2026-06-17 02:51:40+00:00,1,1.74,1.74,0.8571428571428572,possible_instrumental_spike
Avg_Turb,2026-06-17 09:21:40+00:00,2026-06-17 09:21:40+00:00,1,9.58,9.58,0.6950431034482759,possible_instrumental_spike
Avg_Turb,2026-06-17 12:51:40+00:00,2026-06-17 12:51:40+00:00,1,31.42,31.42,0.910524621821693,possible_instrumental_spike
Avg_Turb,2026-06-18 22:21:40+00:00,2026-06-18 22:21:40+00:00,1,1.8,1.8,0.8775510204081634,possible_instrumental_spike
Avg_Turb,2026-06-21 02:51:40+00:00,2026-06-21 02:51:40+00:00,1,1.13,1.13,0.89873417721519,possible_instrumental_spike
Avg_Turb,2026-06-21 15:51:40+00:00,2026-06-21 15:51:40+00:00,1,29.48,29.48,0.6212328767123289,possible_instrumental_spike
Avg_Turb,2026-06-23 22:51:40+00:00,2026-06-23 22:51:40+00:00,1,20.85,20.85,0.9553398058252427,possible_instrumental_spike
Avg_Turb,2026-06-24 05:21:40+00:00,2026-06-24 05:21:40+00:00,1,0.35,0.35,0.636363636363636,possible_instrumental_spike
Avg_Turb,2026-06-25 02:51:40+00:00,2026-06-25 02:51:40+00:00,1,2.3,2.3,0.9951219512195123,possible_instrumental_spike
Avg_Turb,2026-06-25 05:51:40+00:00,2026-06-25 05:51:40+00:00,1,0.39,0.39,0.5714285714285715,possible_instrumental_spike
Avg_Turb,2026-06-25 09:51:40+00:00,2026-06-25 09:51:40+00:00,1,46.06,46.06,0.6975780056731399,possible_instrumental_spike
Avg_Turb,2026-06-25 21:21:40+00:00,2026-06-25 21:21:40+00:00,1,1.35,1.35,0.9266055045871558,possible_instrumental_spike
Avg_Turb,2026-06-26 17:21:40+00:00,2026-06-26 17:21:40+00:00,1,15.12,15.12,0.9885598923283984,possible_instrumental_spike
Avg_Turb,2026-06-27 00:51:40+00:00,2026-06-27 00:51:40+00:00,1,11.14,11.14,0.8578024007386889,possible_instrumental_spike
Avg_Turb,2026-06-27 15:51:40+00:00,2026-06-27 15:51:40+00:00,1,37.07,37.07,0.812126155519304,possible_instrumental_spike
Avg_Turb,2026-06-27 19:21:40+00:00,2026-06-27 19:21:40+00:00,1,13.07,13.07,0.7431264728986646,possible_instrumental_spike
Avg_Turb,2026-06-28 09:21:40+00:00,2026-06-28 09:21:40+00:00,1,8.54,8.54,0.775609756097561,possible_instrumental_spike
Avg_Turb,2026-06-29 09:21:40+00:00,2026-06-29 09:21:40+00:00,1,1.48,1.48,0.798076923076923,possible_instrumental_spike
Avg_Turb,2026-06-29 14:21:40+00:00,2026-06-29 14:21:40+00:00,1,5.27,5.27,0.6371134020618556,possible_instrumental_spike
Avg_Turb,2026-07-01 07:51:40+00:00,2026-07-01 07:51:40+00:00,1,19.13,19.13,0.71374865735768,possible_instrumental_spike
Avg_Turb,2026-07-01 20:51:40+00:00,2026-07-01 20:51:40+00:00,1,32.55,32.55,0.6731008717310087,possible_instrumental_spike
Avg_Turb,2026-07-02 07:51:40+00:00,2026-07-02 07:51:40+00:00,1,20.4,20.4,0.6439999999999999,possible_instrumental_spike
Avg_Turb,2026-07-03 09:51:40+00:00,2026-07-03 09:51:40+00:00,1,15.25,15.25,0.613774476704929,possible_instrumental_spike
Avg_Turb,2026-07-03 13:51:40+00:00,2026-07-03 13:51:40+00:00,1,25.39,25.39,0.8428857715430862,possible_instrumental_spike
Avg_Turb,2026-07-03 19:51:40+00:00,2026-07-03 19:51:40+00:00,1,22.59,22.59,0.5452906714736367,possible_instrumental_spike
Avg_Turb,2026-07-04 09:51:40+00:00,2026-07-04 09:51:40+00:00,1,42.94,42.94,0.518213866039953,possible_instrumental_spike
Avg_Turb,2026-07-04 20:51:40+00:00,2026-07-04 20:51:40+00:00,1,54.91,54.91,0.8110683525746748,possible_instrumental_spike
Avg_Turb,2026-07-05 09:51:40+00:00,2026-07-05 09:51:40+00:00,1,18.29,18.29,0.9910664433277498,possible_instrumental_spike
Avg_Turb,2026-07-05 21:21:40+00:00,2026-07-05 21:21:40+00:00,1,24.65,24.65,0.9008230452674898,possible_instrumental_spike
Avg_Turb,2026-07-06 15:51:40+00:00,2026-07-06 15:51:40+00:00,1,4.11,4.11,0.9658792650918634,possible_instrumental_spike
Avg_Turb,2026-07-07 04:51:40+00:00,2026-07-07 04:51:40+00:00,1,87.38,87.38,0.7051930147058824,possible_instrumental_spike
Avg_Turb,2026-07-08 18:51:40+00:00,2026-07-08 18:51:40+00:00,1,62.48,62.48,0.914175506268081,possible_instrumental_spike
Avg_Turb,2026-07-11 23:51:40+00:00,2026-07-11 23:51:40+00:00,1,34.45,34.45,0.547307132459971,possible_instrumental_spike
Avg_Turb,2026-07-12 21:51:40+00:00,2026-07-12 21:51:40+00:00,1,21.06,21.06,0.6426846933848382,possible_instrumental_spike
Avg_Turb,2026-07-13 00:51:40+00:00,2026-07-13 00:51:40+00:00,1,15.42,15.42,0.648037258815702,possible_instrumental_spike
Avg_Turb,2026-07-14 09:21:40+00:00,2026-07-14 09:21:40+00:00,1,59.14,59.14,0.648809523809524,possible_instrumental_spike
Avg_Turb,2026-07-14 14:51:40+00:00,2026-07-14 14:51:40+00:00,1,45.96,45.96,0.6341948310139165,possible_instrumental_spike
Avg_Turb,2026-07-15 03:21:40+00:00,2026-07-15 03:21:40+00:00,1,16.34,16.34,0.9435173299101411,possible_instrumental_spike
Avg_Turb,2026-07-15 07:51:40+00:00,2026-07-15 07:51:40+00:00,1,26.8,26.8,0.5988549618320611,possible_instrumental_spike
Avg_Turb,2026-07-15 13:51:40+00:00,2026-07-15 13:51:40+00:00,1,96.88,96.88,0.9512296790329304,possible_instrumental_spike
Avg_Turb,2026-07-15 20:21:40+00:00,2026-07-15 20:21:40+00:00,1,14.02,14.02,0.6194756554307116,possible_instrumental_spike
Avg_Turb,2026-07-16 00:51:40+00:00,2026-07-16 00:51:40+00:00,1,2.28,2.28,0.5870967741935482,possible_instrumental_spike
Avg_Turb,2026-07-17 05:21:40+00:00,2026-07-17 05:21:40+00:00,1,2.98,2.98,0.7162790697674419,possible_instrumental_spike
Avg_Turb,2026-07-17 09:21:40+00:00,2026-07-17 09:21:40+00:00,1,34.37,34.37,0.7375037413947919,possible_instrumental_spike
Avg_Turb,2026-07-20 03:51:40+00:00,2026-07-20 03:51:40+00:00,1,5.55,5.55,0.8173076923076923,possible_instrumental_spike
Avg_Turb,2026-07-21 15:51:40+00:00,2026-07-21 15:51:40+00:00,1,93.95,93.95,0.7762610643062814,possible_instrumental_spike
Avg_Turb,2026-07-22 19:51:40+00:00,2026-07-22 19:51:40+00:00,1,52.24,52.24,0.611356224822559,possible_instrumental_spike
Avg_Turb,2026-07-22 22:51:40+00:00,2026-07-22 22:51:40+00:00,1,2.93,2.93,0.9858657243816255,possible_instrumental_spike
Avg_Turb,2026-07-23 14:51:40+00:00,2026-07-23 14:51:40+00:00,1,112.48,112.48,0.8771242993148857,possible_instrumental_spike
Avg_Turb,2026-07-23 20:21:40+00:00,2026-07-23 20:21:40+00:00,1,35.81,35.81,0.6589190702884347,possible_instrumental_spike
Avg_Turb,2026-07-23 23:51:40+00:00,2026-07-23 23:51:40+00:00,1,79.17,79.17,0.8458523014668691,possible_instrumental_spike
Avg_Turb,2026-07-24 09:51:40+00:00,2026-07-24 09:51:40+00:00,1,73.73,73.73,0.5399260375291056,possible_instrumental_spike
Avg_Turb,2026-07-24 20:21:40+00:00,2026-07-24 20:21:40+00:00,1,3.61,3.61,0.7471590909090908,possible_instrumental_spike
Avg_Chl,2019-08-10 18:51:40+00:00,2019-08-10 18:51:40+00:00,1,0.92,0.92,0.56,possible_instrumental_spike
Avg_Chl,2019-08-21 10:51:40+00:00,2019-08-21 10:51:40+00:00,1,1.49,1.49,0.8785046728971961,possible_instrumental_spike
Avg_Chl,2019-09-07 06:21:40+00:00,2019-09-07 06:21:40+00:00,1,0.43,0.43,0.5833333333333334,possible_instrumental_spike
Avg_Chl,2019-09-08 03:51:40+00:00,2019-09-08 03:51:40+00:00,1,0.51,0.51,0.5625,possible_instrumental_spike
Avg_Chl,2019-09-24 03:51:40+00:00,2019-09-24 03:51:40+00:00,1,0.66,0.66,0.5555555555555552,possible_instrumental_spike
Avg_Chl,2019-10-02 00:51:40+00:00,2019-10-02 00:51:40+00:00,1,1.06,1.06,0.5909090909090908,possible_instrumental_spike
Avg_Chl,2019-10-02 11:51:40+00:00,2019-10-02 11:51:40+00:00,1,0.76,0.76,0.5333333333333334,possible_instrumental_spike
Avg_Chl,2019-10-21 02:21:40+00:00,2019-10-21 02:21:40+00:00,1,0.45,0.45,0.5238095238095237,possible_instrumental_spike
Avg_Chl,2019-11-01 01:21:40+00:00,2019-11-01 01:21:40+00:00,1,1.37,1.37,0.5696202531645569,possible_instrumental_spike
Avg_Chl,2019-11-03 23:21:40+00:00,2019-11-03 23:21:40+00:00,1,0.4,0.4,0.6000000000000001,possible_instrumental_spike
Avg_Chl,2019-11-04 03:21:40+00:00,2019-11-04 03:21:40+00:00,1,0.54,0.54,0.5666666666666668,possible_instrumental_spike
Avg_Chl,2019-11-08 08:51:40+00:00,2019-11-08 08:51:40+00:00,1,1.62,1.62,0.6530612244897959,possible_instrumental_spike
Avg_Chl,2019-11-09 21:21:40+00:00,2019-11-09 21:21:40+00:00,1,1.43,1.43,0.7045454545454545,possible_instrumental_spike
Avg_Chl,2019-12-17 02:51:40+00:00,2019-12-17 02:51:40+00:00,1,0.7,0.7,0.6944444444444444,possible_instrumental_spike
Avg_Chl,2019-12-22 16:21:40+00:00,2019-12-22 16:21:40+00:00,1,0.78,0.78,0.6428571428571428,possible_instrumental_spike
Avg_Chl,2020-01-04 19:21:40+00:00,2020-01-04 19:21:40+00:00,1,0.46,0.46,0.6333333333333332,possible_instrumental_spike
Avg_Chl,2020-01-23 09:51:40+00:00,2020-01-23 09:51:40+00:00,1,0.48,0.48,0.5238095238095238,possible_instrumental_spike
Avg_Chl,2020-01-23 22:21:40+00:00,2020-01-23 22:21:40+00:00,1,0.97,0.97,0.5862068965517241,possible_instrumental_spike
Avg_Chl,2020-01-24 22:51:40+00:00,2020-01-24 22:51:40+00:00,1,1.32,1.32,0.7042253521126761,possible_instrumental_spike
Avg_Chl,2020-02-19 03:51:40+00:00,2020-02-19 03:51:40+00:00,1,1.05,1.05,0.6527777777777779,possible_instrumental_spike
Avg_Chl,2020-02-28 04:51:40+00:00,2020-02-28 04:51:40+00:00,1,0.77,0.77,0.5499999999999999,possible_instrumental_spike
Avg_Chl,2020-03-17 13:21:40+00:00,2020-03-17 13:21:40+00:00,1,1.36,1.36,0.8181818181818182,possible_instrumental_spike
Avg_Chl,2020-03-19 03:51:40+00:00,2020-03-19 03:51:40+00:00,1,0.71,0.71,0.5405405405405405,possible_instrumental_spike
Avg_Chl,2020-03-30 19:21:40+00:00,2020-03-30 19:21:40+00:00,1,1.47,1.47,0.581081081081081,possible_instrumental_spike
Avg_Chl,2020-04-13 22:51:40+00:00,2020-04-13 22:51:40+00:00,1,0.92,0.92,0.6666666666666666,possible_instrumental_spike
Avg_Chl,2020-04-17 21:21:40+00:00,2020-04-17 21:21:40+00:00,1,2.2,2.2,0.7453416149068323,possible_instrumental_spike
Avg_Chl,2020-04-24 02:21:40+00:00,2020-04-24 02:21:40+00:00,1,1.02,1.02,0.7049180327868853,possible_instrumental_spike
Avg_Chl,2020-04-25 15:21:40+00:00,2020-04-25 15:21:40+00:00,1,1.26,1.26,0.6212121212121212,possible_instrumental_spike
Avg_Chl,2020-04-28 13:51:40+00:00,2020-04-28 13:51:40+00:00,1,2.09,2.09,0.8588957055214724,possible_instrumental_spike
Avg_Chl,2020-04-29 11:51:40+00:00,2020-04-29 11:51:40+00:00,1,1.27,1.27,0.6282051282051282,possible_instrumental_spike
Avg_Chl,2020-05-03 06:21:40+00:00,2020-05-03 06:21:40+00:00,1,4.86,4.86,0.6338672768878719,possible_instrumental_spike
Avg_Chl,2020-05-10 01:21:40+00:00,2020-05-10 01:21:40+00:00,1,0.63,0.63,0.5416666666666667,possible_instrumental_spike
Avg_Chl,2020-05-11 06:51:40+00:00,2020-05-11 06:51:40+00:00,1,0.65,0.65,0.52,possible_instrumental_spike
Avg_Chl,2020-05-13 12:21:40+00:00,2020-05-13 12:21:40+00:00,1,1.62,1.62,0.6415094339622642,possible_instrumental_spike
Avg_Chl,2020-05-16 19:51:40+00:00,2020-05-16 19:51:40+00:00,1,8.79,8.79,0.678147268408551,possible_instrumental_spike
Avg_Chl,2020-05-21 18:51:40+00:00,2020-05-21 18:51:40+00:00,1,1.63,1.63,0.6283185840707964,possible_instrumental_spike
Avg_Chl,2020-05-25 12:51:40+00:00,2020-05-25 12:51:40+00:00,1,2.32,2.32,0.6842105263157894,possible_instrumental_spike
Avg_Chl,2020-05-26 17:51:40+00:00,2020-05-26 17:51:40+00:00,1,1.21,1.21,0.6266666666666666,possible_instrumental_spike
Avg_Chl,2020-05-27 13:51:40+00:00,2020-05-27 13:51:40+00:00,1,11.0,11.0,0.8520263901979265,possible_instrumental_spike
Avg_Chl,2020-05-29 19:51:40+00:00,2020-05-29 19:51:40+00:00,1,1.56,1.56,0.5181818181818182,possible_instrumental_spike
Avg_Chl,2020-05-31 23:51:40+00:00,2020-05-31 23:51:40+00:00,1,0.75,0.75,0.52,possible_instrumental_spike
Avg_Chl,2020-06-01 18:21:40+00:00,2020-06-01 18:21:40+00:00,1,8.5,8.5,0.6070038910505836,possible_instrumental_spike
Avg_Chl,2020-06-02 12:51:40+00:00,2020-06-02 12:51:40+00:00,1,1.56,1.56,0.7704918032786886,possible_instrumental_spike
Avg_Chl,2020-06-06 00:21:40+00:00,2020-06-06 00:21:40+00:00,1,0.61,0.61,0.5555555555555555,possible_instrumental_spike
Avg_Chl,2020-06-08 14:51:40+00:00,2020-06-08 14:51:40+00:00,1,0.86,0.86,0.5483870967741937,possible_instrumental_spike
Avg_Chl,2020-06-19 19:21:40+00:00,2020-06-19 19:21:40+00:00,1,0.86,0.86,0.5348837209302325,possible_instrumental_spike
Avg_Chl,2020-06-26 07:51:40+00:00,2020-06-26 07:51:40+00:00,1,0.52,0.52,0.5333333333333333,possible_instrumental_spike
Avg_Chl,2020-06-30 07:21:40+00:00,2020-06-30 07:21:40+00:00,1,1.82,1.82,0.6081081081081081,possible_instrumental_spike
Avg_Chl,2020-06-30 19:51:40+00:00,2020-06-30 19:51:40+00:00,1,1.35,1.35,0.5576923076923077,possible_instrumental_spike
Avg_Chl,2020-07-03 08:51:40+00:00,2020-07-03 08:51:40+00:00,1,1.17,1.17,0.759493670886076,possible_instrumental_spike
Avg_Chl,2020-07-03 15:21:40+00:00,2020-07-03 15:21:40+00:00,1,1.5,1.5,0.7592592592592592,possible_instrumental_spike
Avg_Chl,2020-07-05 20:51:40+00:00,2020-07-05 20:51:40+00:00,1,1.39,1.39,0.5256410256410255,possible_instrumental_spike
Avg_Chl,2020-07-08 17:51:40+00:00,2020-07-08 17:51:40+00:00,1,3.45,3.45,0.8345070422535211,possible_instrumental_spike
Avg_Chl,2020-07-10 07:21:40+00:00,2020-07-10 07:21:40+00:00,1,1.69,1.69,0.798165137614679,possible_instrumental_spike
Avg_Chl,2020-07-10 14:21:40+00:00,2020-07-10 14:21:40+00:00,1,1.81,1.81,0.7,possible_instrumental_spike
Avg_Chl,2020-07-11 05:21:40+00:00,2020-07-11 05:21:40+00:00,1,1.06,1.06,0.58974358974359,possible_instrumental_spike
Avg_Chl,2020-07-13 23:51:40+00:00,2020-07-13 23:51:40+00:00,1,0.76,0.76,0.6250000000000001,possible_instrumental_spike
Avg_Chl,2020-07-15 19:51:40+00:00,2020-07-15 19:51:40+00:00,1,1.96,1.96,0.7463768115942028,possible_instrumental_spike
Avg_Chl,2020-07-17 02:21:40+00:00,2020-07-17 02:21:40+00:00,1,1.02,1.02,0.5945945945945945,possible_instrumental_spike
Avg_Chl,2020-07-20 03:21:40+00:00,2020-07-20 03:21:40+00:00,1,6.02,6.02,0.6481835564053537,possible_instrumental_spike
Avg_Chl,2020-07-20 16:21:40+00:00,2020-07-20 16:21:40+00:00,1,5.59,5.59,0.5916666666666667,possible_instrumental_spike
Avg_Chl,2020-07-20 21:21:40+00:00,2020-07-20 21:21:40+00:00,1,5.5,5.5,0.8739130434782608,possible_instrumental_spike
Avg_Chl,2020-07-23 05:21:40+00:00,2020-07-23 05:21:40+00:00,1,1.56,1.56,0.6914893617021276,possible_instrumental_spike
Avg_Chl,2020-07-23 08:21:40+00:00,2020-07-23 08:21:40+00:00,1,1.53,1.53,0.7126436781609196,possible_instrumental_spike
Avg_Chl,2020-07-23 13:21:40+00:00,2020-07-23 13:21:40+00:00,1,1.55,1.55,0.6666666666666666,possible_instrumental_spike
Avg_Chl,2020-07-25 02:51:40+00:00,2020-07-25 02:51:40+00:00,1,3.05,3.05,0.8770491803278687,possible_instrumental_spike
Avg_Chl,2020-07-26 12:51:40+00:00,2020-07-26 12:51:40+00:00,1,3.42,3.42,0.8188153310104528,possible_instrumental_spike
Avg_Chl,2020-08-01 14:21:40+00:00,2020-08-01 14:21:40+00:00,1,1.48,1.48,0.5869565217391305,possible_instrumental_spike
Avg_Chl,2020-08-03 03:51:40+00:00,2020-08-03 03:51:40+00:00,1,2.44,2.44,0.6477272727272727,possible_instrumental_spike
Avg_Chl,2020-08-04 05:21:40+00:00,2020-08-04 05:21:40+00:00,1,10.07,10.07,0.847385272145144,possible_instrumental_spike
Avg_Chl,2020-08-04 15:51:40+00:00,2020-08-04 15:51:40+00:00,1,2.67,2.67,0.6601941747572815,possible_instrumental_spike
Avg_Chl,2020-08-07 05:51:40+00:00,2020-08-07 05:51:40+00:00,1,2.28,2.28,0.6499999999999998,possible_instrumental_spike
Avg_Chl,2020-08-07 13:21:40+00:00,2020-08-07 13:21:40+00:00,1,1.13,1.13,0.5609756097560974,possible_instrumental_spike
Avg_Chl,2020-08-08 06:51:40+00:00,2020-08-08 06:51:40+00:00,1,2.35,2.35,0.9430379746835444,possible_instrumental_spike
Avg_Chl,2020-08-08 19:21:40+00:00,2020-08-08 19:21:40+00:00,1,9.14,9.14,0.9554753309265944,possible_instrumental_spike
Avg_Chl,2020-08-09 07:51:40+00:00,2020-08-09 07:51:40+00:00,1,3.77,3.77,0.9503311258278146,possible_instrumental_spike
Avg_Chl,2020-08-10 14:21:40+00:00,2020-08-10 14:21:40+00:00,1,3.8,3.8,0.9299363057324842,possible_instrumental_spike
Avg_Chl,2020-08-11 13:51:40+00:00,2020-08-11 13:51:40+00:00,1,0.91,0.91,0.5909090909090907,possible_instrumental_spike
Avg_Chl,2020-08-12 09:51:40+00:00,2020-08-12 09:51:40+00:00,1,0.85,0.85,0.681818181818182,possible_instrumental_spike
Avg_Chl,2020-08-13 00:51:40+00:00,2020-08-13 00:51:40+00:00,1,1.23,1.23,0.5714285714285715,possible_instrumental_spike
Avg_Chl,2020-08-14 01:51:40+00:00,2020-08-14 01:51:40+00:00,1,1.28,1.28,0.7241379310344828,possible_instrumental_spike
Avg_Chl,2020-08-15 15:51:40+00:00,2020-08-15 15:51:40+00:00,1,5.16,5.16,0.787524366471735,possible_instrumental_spike
Avg_Chl,2020-08-18 10:51:40+00:00,2020-08-18 10:51:40+00:00,1,1.33,1.33,0.5405405405405405,possible_instrumental_spike
Avg_Chl,2020-08-19 10:21:40+00:00,2020-08-19 10:21:40+00:00,1,1.03,1.03,0.6136363636363636,possible_instrumental_spike
Avg_Chl,2020-08-23 01:51:40+00:00,2020-08-23 01:51:40+00:00,1,1.41,1.41,0.5483870967741934,possible_instrumental_spike
Avg_Chl,2020-08-27 07:51:40+00:00,2020-08-27 07:51:40+00:00,1,0.98,0.98,0.5882352941176472,possible_instrumental_spike
Avg_Chl,2020-08-31 22:51:40+00:00,2020-08-31 22:51:40+00:00,1,1.2,1.2,0.5555555555555556,possible_instrumental_spike
Avg_Chl,2020-09-06 05:51:40+00:00,2020-09-06 05:51:40+00:00,1,0.9,0.9,0.5789473684210524,possible_instrumental_spike
Avg_Chl,2020-09-16 09:21:40+00:00,2020-09-16 09:21:40+00:00,1,2.35,2.35,0.8827160493827161,possible_instrumental_spike
Avg_Chl,2020-10-06 01:21:40+00:00,2020-10-06 01:21:40+00:00,1,1.44,1.44,0.7118644067796609,possible_instrumental_spike
Avg_Chl,2020-10-06 20:21:40+00:00,2020-10-06 20:21:40+00:00,1,1.29,1.29,0.5909090909090908,possible_instrumental_spike
Avg_Chl,2020-10-07 01:51:40+00:00,2020-10-07 01:51:40+00:00,1,2.09,2.09,0.8253968253968254,possible_instrumental_spike
Avg_Chl,2020-10-14 18:21:40+00:00,2020-10-14 18:21:40+00:00,1,2.38,2.38,0.7239263803680982,possible_instrumental_spike
Avg_Chl,2020-10-18 17:51:40+00:00,2020-10-18 17:51:40+00:00,1,7.73,7.73,0.7932053175775481,possible_instrumental_spike
Avg_Chl,2020-10-25 20:51:40+00:00,2020-10-25 20:51:40+00:00,1,1.12,1.12,0.548387096774194,possible_instrumental_spike
Avg_Chl,2020-10-26 04:21:40+00:00,2020-10-26 04:21:40+00:00,1,1.92,1.92,0.5371900826446281,possible_instrumental_spike
Avg_Chl,2020-10-27 10:21:40+00:00,2020-10-27 10:21:40+00:00,1,1.64,1.64,0.5376344086021506,possible_instrumental_spike
Avg_Chl,2020-10-27 16:51:40+00:00,2020-10-27 16:51:40+00:00,1,3.98,3.98,0.5981308411214953,possible_instrumental_spike
Avg_Chl,2020-10-27 22:51:40+00:00,2020-10-27 22:51:40+00:00,1,1.32,1.32,0.5208333333333333,possible_instrumental_spike
Avg_Chl,2020-10-28 12:51:40+00:00,2020-10-28 12:51:40+00:00,1,26.94,26.94,0.991214667685256,possible_instrumental_spike
Avg_Chl,2020-10-30 06:21:40+00:00,2020-10-30 06:21:40+00:00,1,1.42,1.42,0.7647058823529411,possible_instrumental_spike
Avg_Chl,2020-10-31 08:21:40+00:00,2020-10-31 08:21:40+00:00,1,1.36,1.36,0.6499999999999998,possible_instrumental_spike
Avg_Chl,2020-10-31 14:21:40+00:00,2020-10-31 14:21:40+00:00,1,1.98,1.98,0.7155172413793103,possible_instrumental_spike
Avg_Chl,2020-10-31 19:51:40+00:00,2020-10-31 19:51:40+00:00,1,2.06,2.06,0.5346534653465347,possible_instrumental_spike
Avg_Chl,2020-11-01 12:51:40+00:00,2020-11-01 12:51:40+00:00,1,6.69,6.69,0.9065108514190318,possible_instrumental_spike
Avg_Chl,2020-11-02 01:21:40+00:00,2020-11-02 01:21:40+00:00,1,11.53,11.53,0.9715099715099714,possible_instrumental_spike
Avg_Chl,2020-11-02 10:21:40+00:00,2020-11-02 10:21:40+00:00,1,3.71,3.71,0.6250000000000001,possible_instrumental_spike
Avg_Chl,2020-11-02 14:51:40+00:00,2020-11-02 14:51:40+00:00,1,2.53,2.53,0.748502994011976,possible_instrumental_spike
Avg_Chl,2020-11-03 02:51:40+00:00,2020-11-03 02:51:40+00:00,1,2.35,2.35,0.6363636363636364,possible_instrumental_spike
Avg_Chl,2020-11-03 08:51:40+00:00,2020-11-03 08:51:40+00:00,1,6.2,6.2,0.8878326996197718,possible_instrumental_spike
Avg_Chl,2020-11-04 13:21:40+00:00,2020-11-04 13:21:40+00:00,1,20.71,20.71,0.9681657402728652,possible_instrumental_spike
Avg_Chl,2020-11-06 04:51:40+00:00,2020-11-06 04:51:40+00:00,1,1.63,1.63,0.5925925925925924,possible_instrumental_spike
Avg_Chl,2020-11-06 20:21:40+00:00,2020-11-06 20:21:40+00:00,1,1.99,1.99,0.5312500000000002,possible_instrumental_spike
Avg_Chl,2020-11-07 03:21:40+00:00,2020-11-07 03:21:40+00:00,1,2.68,2.68,0.5185185185185185,possible_instrumental_spike
Avg_Chl,2020-11-08 08:21:40+00:00,2020-11-08 08:21:40+00:00,1,4.38,4.38,0.7011494252873564,possible_instrumental_spike
Avg_Chl,2020-11-08 13:21:40+00:00,2020-11-08 13:21:40+00:00,1,1.64,1.64,0.8472222222222222,possible_instrumental_spike
Avg_Chl,2020-11-09 01:21:40+00:00,2020-11-09 01:21:40+00:00,1,5.11,5.11,0.7191283292978208,possible_instrumental_spike
Avg_Chl,2020-11-09 10:21:40+00:00,2020-11-09 10:21:40+00:00,1,1.72,1.72,0.7045454545454544,possible_instrumental_spike
Avg_Chl,2020-11-10 10:51:40+00:00,2020-11-10 10:51:40+00:00,1,2.08,2.08,0.5470085470085472,possible_instrumental_spike
Avg_Chl,2020-11-11 03:51:40+00:00,2020-11-11 03:51:40+00:00,1,2.19,2.19,0.7767857142857143,possible_instrumental_spike
Avg_Chl,2020-11-11 13:51:40+00:00,2020-11-11 13:51:40+00:00,1,3.3,3.3,0.7983193277310925,possible_instrumental_spike
Avg_Chl,2020-11-12 06:51:40+00:00,2020-11-12 06:51:40+00:00,1,8.61,8.61,0.8465608465608465,possible_instrumental_spike
Avg_Chl,2020-11-12 09:51:40+00:00,2020-11-12 09:51:40+00:00,1,15.43,15.43,0.8029045643153527,possible_instrumental_spike
Avg_Chl,2020-11-13 01:51:40+00:00,2020-11-13 01:51:40+00:00,1,4.62,4.62,0.9211267605633804,possible_instrumental_spike
Avg_Chl,2020-11-14 13:21:40+00:00,2020-11-14 13:21:40+00:00,1,3.23,3.23,0.9559471365638766,possible_instrumental_spike
Avg_Chl,2020-11-14 18:51:40+00:00,2020-11-14 18:51:40+00:00,1,1.84,1.84,0.611111111111111,possible_instrumental_spike
Avg_Chl,2020-11-15 04:21:40+00:00,2020-11-15 04:21:40+00:00,1,4.25,4.25,0.790625,possible_instrumental_spike
Avg_Chl,2020-11-16 04:21:40+00:00,2020-11-16 04:21:40+00:00,1,24.37,24.37,0.9806617963042544,possible_instrumental_spike
Avg_Chl,2020-11-17 09:51:40+00:00,2020-11-17 09:51:40+00:00,1,4.17,4.17,0.829192546583851,possible_instrumental_spike
Avg_Chl,2020-11-18 06:21:40+00:00,2020-11-18 06:21:40+00:00,1,52.17,52.17,0.8810408921933086,possible_instrumental_spike
Avg_Chl,2020-11-19 06:21:40+00:00,2020-11-19 06:21:40+00:00,1,2.26,2.26,0.7205882352941175,possible_instrumental_spike
Avg_Chl,2020-11-20 02:21:40+00:00,2020-11-20 02:21:40+00:00,1,1.36,1.36,0.6590909090909091,possible_instrumental_spike
Avg_Chl,2020-11-20 11:51:40+00:00,2020-11-20 11:51:40+00:00,1,2.31,2.31,0.63768115942029,possible_instrumental_spike
Avg_Chl,2020-11-21 05:21:40+00:00,2020-11-21 05:21:40+00:00,1,1.41,1.41,0.7083333333333333,possible_instrumental_spike
Avg_Chl,2020-11-21 12:21:40+00:00,2020-11-21 12:21:40+00:00,1,1.54,1.54,0.6891891891891893,possible_instrumental_spike
Avg_Chl,2020-11-26 01:21:40+00:00,2020-11-26 01:21:40+00:00,1,4.25,4.25,0.7652439024390243,possible_instrumental_spike
Avg_Chl,2020-11-26 09:21:40+00:00,2020-11-26 09:21:40+00:00,1,1.96,1.96,0.6203703703703702,possible_instrumental_spike
Avg_Chl,2020-11-27 03:21:40+00:00,2020-11-27 03:21:40+00:00,1,2.4,2.4,0.6888888888888889,possible_instrumental_spike
Avg_Chl,2020-11-27 19:21:40+00:00,2020-11-27 19:21:40+00:00,1,5.07,5.07,0.828009828009828,possible_instrumental_spike
Avg_Chl,2020-12-01 04:51:40+00:00,2020-12-01 04:51:40+00:00,1,2.42,2.42,0.5454545454545455,possible_instrumental_spike
Avg_Chl,2020-12-02 05:21:40+00:00,2020-12-02 05:21:40+00:00,1,18.85,18.85,0.8426651735722284,possible_instrumental_spike
Avg_Chl,2020-12-03 01:51:40+00:00,2020-12-03 01:51:40+00:00,1,1.49,1.49,0.6222222222222223,possible_instrumental_spike
Avg_Chl,2020-12-03 05:51:40+00:00,2020-12-03 05:51:40+00:00,1,6.65,6.65,0.8966131907308378,possible_instrumental_spike
Avg_Chl,2020-12-03 21:51:40+00:00,2020-12-03 21:51:40+00:00,1,1.96,1.96,0.7191011235955056,possible_instrumental_spike
Avg_Chl,2020-12-05 08:21:40+00:00,2020-12-05 08:21:40+00:00,1,1.58,1.58,0.6521739130434785,possible_instrumental_spike
Avg_Chl,2020-12-07 11:21:40+00:00,2020-12-07 11:21:40+00:00,1,1.17,1.17,0.5357142857142856,possible_instrumental_spike
Avg_Chl,2020-12-09 07:21:40+00:00,2020-12-09 07:21:40+00:00,1,1.37,1.37,0.8541666666666669,possible_instrumental_spike
Avg_Chl,2020-12-10 03:21:40+00:00,2020-12-10 03:21:40+00:00,1,1.59,1.59,0.6607142857142858,possible_instrumental_spike
Avg_Chl,2020-12-10 21:21:40+00:00,2020-12-10 21:21:40+00:00,1,2.65,2.65,0.8292682926829268,possible_instrumental_spike
Avg_Chl,2020-12-11 15:21:40+00:00,2020-12-11 15:21:40+00:00,1,4.36,4.36,0.9343283582089552,possible_instrumental_spike
Avg_Chl,2020-12-12 00:21:40+00:00,2020-12-12 00:21:40+00:00,1,7.62,7.62,0.9433384379785604,possible_instrumental_spike
Avg_Chl,2020-12-12 17:51:40+00:00,2020-12-12 17:51:40+00:00,1,5.24,5.24,0.9016786570743406,possible_instrumental_spike
Avg_Chl,2020-12-13 01:21:40+00:00,2020-12-13 01:21:40+00:00,1,2.56,2.56,0.6474820143884893,possible_instrumental_spike
Avg_Chl,2020-12-13 18:21:40+00:00,2020-12-13 18:21:40+00:00,1,17.62,17.62,0.9753160746538232,possible_instrumental_spike
Avg_Chl,2020-12-14 03:21:40+00:00,2020-12-14 03:21:40+00:00,1,2.22,2.22,0.689075630252101,possible_instrumental_spike
Avg_Chl,2020-12-14 14:51:40+00:00,2020-12-14 14:51:40+00:00,1,1.51,1.51,0.8541666666666665,possible_instrumental_spike
Avg_Chl,2020-12-14 20:21:40+00:00,2020-12-14 20:21:40+00:00,1,1.71,1.71,0.5409836065573773,possible_instrumental_spike
Avg_Chl,2020-12-15 04:21:40+00:00,2020-12-15 04:21:40+00:00,1,3.15,3.15,0.7962962962962963,possible_instrumental_spike
Avg_Chl,2020-12-22 16:51:40+00:00,2020-12-22 16:51:40+00:00,1,1.82,1.82,0.8271604938271606,possible_instrumental_spike
Avg_Chl,2020-12-25 09:21:40+00:00,2020-12-25 09:21:40+00:00,1,1.62,1.62,0.7049180327868854,possible_instrumental_spike
Avg_Chl,2020-12-26 09:21:40+00:00,2020-12-26 09:21:40+00:00,1,1.75,1.75,0.5599999999999999,possible_instrumental_spike
Avg_Chl,2021-01-02 11:51:40+00:00,2021-01-02 11:51:40+00:00,1,3.34,3.34,0.9020408163265307,possible_instrumental_spike
Avg_Chl,2021-01-03 15:51:40+00:00,2021-01-03 15:51:40+00:00,1,2.16,2.16,0.7734375,possible_instrumental_spike
Avg_Chl,2021-01-17 01:21:40+00:00,2021-01-17 01:21:40+00:00,1,1.12,1.12,0.6031746031746033,possible_instrumental_spike
Avg_Chl,2021-02-20 00:21:40+00:00,2021-02-20 00:21:40+00:00,1,0.55,0.55,0.642857142857143,possible_instrumental_spike
Avg_Chl,2021-02-25 00:51:40+00:00,2021-02-25 00:51:40+00:00,1,0.64,0.64,0.619047619047619,possible_instrumental_spike
Avg_Chl,2021-03-19 06:51:40+00:00,2021-03-19 06:51:40+00:00,1,1.22,1.22,0.6666666666666666,possible_instrumental_spike
Avg_Chl,2021-04-07 02:51:40+00:00,2021-04-07 02:51:40+00:00,1,0.55,0.55,0.5714285714285716,possible_instrumental_spike
Avg_Chl,2021-04-12 10:51:40+00:00,2021-04-12 10:51:40+00:00,1,0.76,0.76,0.564102564102564,possible_instrumental_spike
Avg_Chl,2021-04-17 09:51:40+00:00,2021-04-17 09:51:40+00:00,1,0.79,0.79,0.675,possible_instrumental_spike
Avg_Chl,2021-04-20 13:21:40+00:00,2021-04-20 13:21:40+00:00,1,0.88,0.88,0.6507936507936508,possible_instrumental_spike
Avg_Chl,2021-04-23 08:51:40+00:00,2021-04-23 08:51:40+00:00,1,0.73,0.73,0.5714285714285714,possible_instrumental_spike
Avg_Chl,2021-04-23 20:51:40+00:00,2021-04-23 20:51:40+00:00,1,1.01,1.01,0.5666666666666665,possible_instrumental_spike
Avg_Chl,2021-05-11 02:21:40+00:00,2021-05-11 02:21:40+00:00,1,0.85,0.85,0.5416666666666667,possible_instrumental_spike
Avg_Chl,2021-05-17 17:51:40+00:00,2021-05-17 17:51:40+00:00,1,1.02,1.02,0.5254237288135594,possible_instrumental_spike
Avg_Chl,2021-05-19 04:51:40+00:00,2021-05-19 04:51:40+00:00,1,0.51,0.51,0.7500000000000002,possible_instrumental_spike
Avg_Chl,2021-06-08 01:51:40+00:00,2021-06-08 01:51:40+00:00,1,0.57,0.57,0.5384615384615389,possible_instrumental_spike
Avg_Chl,2021-06-21 08:21:40+00:00,2021-06-21 08:21:40+00:00,1,0.58,0.58,0.5833333333333333,possible_instrumental_spike
Avg_Chl,2021-06-24 05:51:40+00:00,2021-06-24 05:51:40+00:00,1,0.82,0.82,0.6111111111111112,possible_instrumental_spike
Avg_Chl,2021-07-01 09:51:40+00:00,2021-07-01 09:51:40+00:00,1,0.72,0.72,0.5833333333333333,possible_instrumental_spike
Avg_Chl,2021-07-07 11:21:40+00:00,2021-07-07 11:21:40+00:00,1,0.97,0.97,0.642857142857143,possible_instrumental_spike
Avg_Chl,2021-07-11 19:21:40+00:00,2021-07-11 19:21:40+00:00,1,0.71,0.71,0.606060606060606,possible_instrumental_spike
Avg_Chl,2021-07-19 07:21:40+00:00,2021-07-19 07:21:40+00:00,1,0.62,0.62,0.5499999999999999,possible_instrumental_spike
Avg_Chl,2021-07-21 01:21:40+00:00,2021-07-21 01:21:40+00:00,1,0.37,0.37,0.5384615384615385,possible_instrumental_spike
Avg_Chl,2021-07-23 21:21:40+00:00,2021-07-23 21:21:40+00:00,1,1.05,1.05,0.7164179104477613,possible_instrumental_spike
Avg_Chl,2021-07-26 12:21:40+00:00,2021-07-26 12:21:40+00:00,1,0.13,0.13,0.6060606060606061,possible_instrumental_spike
Avg_Chl,2021-07-28 13:51:40+00:00,2021-07-28 13:51:40+00:00,1,0.15,0.15,0.6176470588235294,possible_instrumental_spike
Avg_Chl,2021-07-29 11:51:40+00:00,2021-07-29 11:51:40+00:00,1,0.09,0.09,0.6923076923076923,possible_instrumental_spike
Avg_Chl,2021-07-30 01:51:40+00:00,2021-07-30 01:51:40+00:00,1,0.15,0.15,0.6363636363636365,possible_instrumental_spike
Avg_Chl,2021-07-30 11:21:40+00:00,2021-07-30 11:21:40+00:00,1,0.09,0.09,0.6216216216216216,possible_instrumental_spike
Avg_Chl,2021-07-30 18:21:40+00:00,2021-07-30 18:21:40+00:00,1,0.09,0.09,0.5499999999999999,possible_instrumental_spike
Avg_Chl,2021-07-31 20:21:40+00:00,2021-07-31 20:21:40+00:00,1,0.12,0.12,0.6428571428571428,possible_instrumental_spike
Avg_Chl,2021-08-02 13:21:40+00:00,2021-08-02 13:21:40+00:00,1,0.09,0.09,0.5681818181818181,possible_instrumental_spike
Avg_Chl,2021-08-05 01:21:40+00:00,2021-08-05 01:21:40+00:00,1,0.12,0.12,0.6212121212121212,possible_instrumental_spike
Avg_Chl,2021-08-12 10:21:40+00:00,2021-08-12 10:21:40+00:00,1,0.54,0.54,0.5714285714285715,possible_instrumental_spike
Avg_Chl,2021-08-15 10:51:40+00:00,2021-08-15 10:51:40+00:00,1,0.63,0.63,0.5757575757575757,possible_instrumental_spike
Avg_Chl,2021-08-15 19:21:40+00:00,2021-08-15 19:21:40+00:00,1,0.88,0.88,0.5272727272727273,possible_instrumental_spike
Avg_Chl,2021-08-16 12:51:40+00:00,2021-08-16 12:51:40+00:00,1,0.47,0.47,0.5263157894736843,possible_instrumental_spike
Avg_Chl,2021-08-18 02:21:40+00:00,2021-08-18 02:21:40+00:00,1,0.88,0.88,0.6862745098039215,possible_instrumental_spike
Avg_Chl,2021-09-16 13:51:40+00:00,2021-09-16 13:51:40+00:00,1,0.75,0.75,0.7,possible_instrumental_spike
Avg_Chl,2021-10-11 01:51:40+00:00,2021-10-11 01:51:40+00:00,1,0.69,0.69,0.5185185185185183,possible_instrumental_spike
Avg_Chl,2021-10-27 15:21:40+00:00,2021-10-27 15:21:40+00:00,1,0.67,0.67,0.7000000000000001,possible_instrumental_spike
Avg_Chl,2021-11-07 23:51:40+00:00,2021-11-07 23:51:40+00:00,1,1.17,1.17,0.5576923076923076,possible_instrumental_spike
Avg_Chl,2021-12-02 08:51:40+00:00,2021-12-02 08:51:40+00:00,1,0.67,0.67,0.696969696969697,possible_instrumental_spike
Avg_Chl,2021-12-04 10:21:40+00:00,2021-12-04 10:21:40+00:00,1,0.69,0.69,0.7083333333333333,possible_instrumental_spike
Avg_Chl,2021-12-10 03:51:40+00:00,2021-12-10 03:51:40+00:00,1,0.78,0.78,0.6666666666666667,possible_instrumental_spike
Avg_Chl,2021-12-10 22:21:40+00:00,2021-12-10 22:21:40+00:00,1,0.59,0.59,0.5555555555555555,possible_instrumental_spike
Avg_Chl,2021-12-26 20:21:40+00:00,2021-12-26 20:21:40+00:00,1,1.76,1.76,0.5523809523809524,possible_instrumental_spike
Avg_Chl,2022-01-07 05:21:40+00:00,2022-01-07 05:21:40+00:00,1,0.46,0.46,0.7272727272727272,possible_instrumental_spike
Avg_Chl,2022-01-09 02:51:40+00:00,2022-01-09 02:51:40+00:00,1,0.91,0.91,0.7833333333333332,possible_instrumental_spike
Avg_Chl,2022-01-10 04:51:40+00:00,2022-01-10 04:51:40+00:00,1,1.2,1.2,0.782608695652174,possible_instrumental_spike
Avg_Chl,2022-01-12 20:21:40+00:00,2022-01-12 20:21:40+00:00,1,0.94,0.94,0.5223880597014926,possible_instrumental_spike
Avg_Chl,2022-01-25 00:51:40+00:00,2022-01-25 00:51:40+00:00,1,0.3,0.3,0.5555555555555558,possible_instrumental_spike
Avg_Chl,2022-01-25 03:51:40+00:00,2022-01-25 03:51:40+00:00,1,1.02,1.02,0.5294117647058824,possible_instrumental_spike
Avg_Chl,2022-01-26 23:51:40+00:00,2022-01-26 23:51:40+00:00,1,0.54,0.54,0.5833333333333336,possible_instrumental_spike
Avg_Chl,2022-02-08 17:51:40+00:00,2022-02-08 17:51:40+00:00,1,0.29,0.29,0.5454545454545453,possible_instrumental_spike
Avg_Chl,2022-02-13 22:21:40+00:00,2022-02-13 22:21:40+00:00,1,1.43,1.43,0.5185185185185184,possible_instrumental_spike
Avg_Chl,2022-02-21 06:21:40+00:00,2022-02-21 06:21:40+00:00,1,0.26,0.26,0.625,possible_instrumental_spike
Avg_Chl,2022-02-22 14:51:40+00:00,2022-02-22 14:51:40+00:00,1,1.05,1.05,0.8795180722891566,possible_instrumental_spike
Avg_Chl,2022-02-27 21:51:40+00:00,2022-02-27 21:51:40+00:00,1,0.88,0.88,0.5806451612903226,possible_instrumental_spike
Avg_Chl,2022-03-06 00:51:40+00:00,2022-03-06 00:51:40+00:00,1,0.49,0.49,0.5384615384615385,possible_instrumental_spike
Avg_Chl,2022-03-22 11:21:40+00:00,2022-03-22 11:21:40+00:00,1,0.4,0.4,0.5789473684210528,possible_instrumental_spike
Avg_Chl,2022-05-04 01:21:40+00:00,2022-05-04 01:21:40+00:00,1,1.32,1.32,0.6590909090909091,possible_instrumental_spike
Avg_Chl,2022-05-14 22:21:40+00:00,2022-05-14 22:21:40+00:00,1,1.47,1.47,0.5595238095238095,possible_instrumental_spike
Avg_Chl,2022-05-19 00:21:40+00:00,2022-05-19 00:21:40+00:00,1,0.95,0.95,0.5624999999999998,possible_instrumental_spike
Avg_Chl,2022-06-01 00:21:40+00:00,2022-06-01 00:21:40+00:00,1,0.95,0.95,0.5399999999999999,possible_instrumental_spike
Avg_Chl,2022-06-09 07:21:40+00:00,2022-06-09 07:21:40+00:00,1,1.1,1.1,0.8356164383561644,possible_instrumental_spike
Avg_Chl,2022-06-12 21:51:40+00:00,2022-06-12 21:51:40+00:00,1,1.76,1.76,0.5818181818181817,possible_instrumental_spike
Avg_Chl,2022-07-12 13:21:40+00:00,2022-07-12 13:21:40+00:00,1,2.01,2.01,0.5633802816901408,possible_instrumental_spike
Avg_Chl,2022-07-12 17:21:40+00:00,2022-07-12 17:21:40+00:00,1,2.68,2.68,0.5961538461538463,possible_instrumental_spike
Avg_Chl,2022-07-25 23:21:40+00:00,2022-07-25 23:21:40+00:00,1,1.18,1.18,0.5277777777777777,possible_instrumental_spike
Avg_Chl,2022-08-14 06:51:40+00:00,2022-08-14 06:51:40+00:00,1,1.32,1.32,0.5671641791044778,possible_instrumental_spike
Avg_Chl,2022-08-25 15:21:40+00:00,2022-08-25 15:21:40+00:00,1,1.12,1.12,0.7407407407407408,possible_instrumental_spike
Avg_Chl,2022-08-29 04:21:40+00:00,2022-08-29 04:21:40+00:00,1,1.13,1.13,0.6166666666666666,possible_instrumental_spike
Avg_Chl,2022-08-30 00:51:40+00:00,2022-08-30 00:51:40+00:00,1,1.26,1.26,0.5806451612903225,possible_instrumental_spike
Avg_Chl,2022-09-02 08:21:40+00:00,2022-09-02 08:21:40+00:00,1,1.17,1.17,0.7758620689655172,possible_instrumental_spike
Avg_Chl,2022-09-08 19:51:40+00:00,2022-09-08 19:51:40+00:00,1,0.84,0.84,0.5277777777777777,possible_instrumental_spike
Avg_Chl,2022-10-01 08:51:40+00:00,2022-10-01 08:51:40+00:00,1,1.25,1.25,0.7654320987654321,possible_instrumental_spike
Avg_Chl,2022-10-12 20:21:40+00:00,2022-10-12 20:21:40+00:00,1,1.37,1.37,0.6666666666666666,possible_instrumental_spike
Avg_Chl,2022-11-01 16:21:40+00:00,2022-11-01 16:21:40+00:00,1,0.47,0.47,0.5714285714285713,possible_instrumental_spike
Avg_Chl,2022-12-17 14:51:40+00:00,2022-12-17 14:51:40+00:00,1,0.43,0.43,0.8,possible_instrumental_spike
Avg_Chl,2022-12-21 01:51:40+00:00,2022-12-21 01:51:40+00:00,1,0.6,0.6,0.5714285714285715,possible_instrumental_spike
Avg_Chl,2022-12-27 14:51:40+00:00,2022-12-27 14:51:40+00:00,1,0.85,0.85,0.8,possible_instrumental_spike
Avg_Chl,2023-01-02 22:51:40+00:00,2023-01-02 22:51:40+00:00,1,1.11,1.11,0.7701149425287357,possible_instrumental_spike
Avg_Chl,2023-01-04 21:21:40+00:00,2023-01-04 21:21:40+00:00,1,1.2,1.2,0.775,possible_instrumental_spike
Avg_Chl,2023-01-10 12:21:40+00:00,2023-01-10 12:21:40+00:00,1,5.8,5.8,0.8786231884057971,possible_instrumental_spike
Avg_Chl,2023-01-10 17:21:40+00:00,2023-01-10 17:21:40+00:00,1,4.8,4.8,0.8681318681318682,possible_instrumental_spike
Avg_Chl,2023-01-10 21:51:40+00:00,2023-01-10 21:51:40+00:00,1,16.41,16.41,0.9773584905660377,possible_instrumental_spike
Avg_Chl,2023-01-12 17:21:40+00:00,2023-01-12 17:21:40+00:00,1,2.0,2.0,0.5680473372781065,possible_instrumental_spike
Avg_Chl,2023-01-18 02:21:40+00:00,2023-01-18 02:21:40+00:00,1,0.97,0.97,0.5373134328358209,possible_instrumental_spike
Avg_Chl,2023-01-19 05:21:40+00:00,2023-01-19 05:21:40+00:00,1,1.17,1.17,0.5256410256410255,possible_instrumental_spike
Avg_Chl,2023-01-20 14:21:40+00:00,2023-01-20 14:21:40+00:00,1,1.16,1.16,0.6404494382022472,possible_instrumental_spike
Avg_Chl,2023-01-20 18:51:40+00:00,2023-01-20 18:51:40+00:00,1,1.3,1.3,0.5604395604395604,possible_instrumental_spike
Avg_Chl,2023-02-09 00:51:40+00:00,2023-02-09 00:51:40+00:00,1,0.75,0.75,0.5405405405405405,possible_instrumental_spike
Avg_Chl,2023-03-04 11:51:40+00:00,2023-03-04 11:51:40+00:00,1,0.93,0.93,0.6956521739130435,possible_instrumental_spike
Avg_Chl,2023-03-25 10:21:40+00:00,2023-03-25 10:21:40+00:00,1,0.84,0.84,0.5555555555555555,possible_instrumental_spike
Avg_Chl,2023-03-27 20:51:40+00:00,2023-03-27 20:51:40+00:00,1,2.75,2.75,0.8841201716738197,possible_instrumental_spike
Avg_Chl,2023-04-09 00:21:40+00:00,2023-04-09 00:21:40+00:00,1,0.61,0.61,0.625,possible_instrumental_spike
Avg_Chl,2023-04-10 01:21:40+00:00,2023-04-10 01:21:40+00:00,1,0.77,0.77,0.6176470588235292,possible_instrumental_spike
Avg_Chl,2023-04-11 02:51:40+00:00,2023-04-11 02:51:40+00:00,1,1.27,1.27,0.5384615384615384,possible_instrumental_spike
Avg_Chl,2023-05-01 09:51:40+00:00,2023-05-01 09:51:40+00:00,1,0.45,0.45,0.5714285714285714,possible_instrumental_spike
Avg_Chl,2023-05-02 21:21:40+00:00,2023-05-02 21:21:40+00:00,1,1.16,1.16,0.5975609756097561,possible_instrumental_spike
Avg_Chl,2023-05-26 18:51:40+00:00,2023-05-26 18:51:40+00:00,1,0.91,0.91,0.6590909090909091,possible_instrumental_spike
Avg_Chl,2023-06-05 17:21:40+00:00,2023-06-05 17:21:40+00:00,1,2.28,2.28,0.9022988505747127,possible_instrumental_spike
Avg_Chl,2023-06-06 15:21:40+00:00,2023-06-06 15:21:40+00:00,1,4.82,4.82,0.9284064665127022,possible_instrumental_spike
Avg_Chl,2023-06-19 17:51:40+00:00,2023-06-19 17:51:40+00:00,1,1.24,1.24,0.6341463414634146,possible_instrumental_spike
Avg_Chl,2023-06-29 21:21:40+00:00,2023-06-29 21:21:40+00:00,1,0.89,0.89,0.6428571428571428,possible_instrumental_spike
Avg_Chl,2023-07-05 15:51:40+00:00,2023-07-05 15:51:40+00:00,1,1.92,1.92,0.8421052631578946,possible_instrumental_spike
Avg_Chl,2023-07-23 08:21:40+00:00,2023-07-23 08:21:40+00:00,1,0.42,0.42,0.5714285714285713,possible_instrumental_spike
Avg_Chl,2023-07-30 22:51:40+00:00,2023-07-30 22:51:40+00:00,1,1.85,1.85,0.728155339805825,possible_instrumental_spike
Avg_Chl,2023-08-27 21:21:40+00:00,2023-08-27 21:21:40+00:00,1,0.87,0.87,0.5820895522388061,possible_instrumental_spike
Avg_Chl,2023-09-05 02:51:40+00:00,2023-09-05 02:51:40+00:00,1,0.67,0.67,0.5625,possible_instrumental_spike
Avg_Chl,2023-09-06 05:21:40+00:00,2023-09-06 05:21:40+00:00,1,0.96,0.96,0.7164179104477613,possible_instrumental_spike
Avg_Chl,2023-09-07 12:51:40+00:00,2023-09-07 12:51:40+00:00,1,0.69,0.69,0.8260869565217391,possible_instrumental_spike
Avg_Chl,2023-09-12 15:21:40+00:00,2023-09-12 15:21:40+00:00,1,1.78,1.78,0.7777777777777777,possible_instrumental_spike
Avg_Chl,2023-09-14 08:51:40+00:00,2023-09-14 08:51:40+00:00,1,1.39,1.39,0.6923076923076922,possible_instrumental_spike
Avg_Chl,2023-09-19 15:51:40+00:00,2023-09-19 15:51:40+00:00,1,1.82,1.82,0.6507936507936508,possible_instrumental_spike
Avg_Chl,2023-09-23 12:51:40+00:00,2023-09-23 12:51:40+00:00,1,10.23,10.23,0.756294058408862,possible_instrumental_spike
Avg_Chl,2023-09-26 19:21:40+00:00,2023-09-26 19:21:40+00:00,1,1.66,1.66,0.7054263565891472,possible_instrumental_spike
Avg_Chl,2023-09-29 20:21:40+00:00,2023-09-29 20:21:40+00:00,1,2.26,2.26,0.7905759162303665,possible_instrumental_spike
Avg_Chl,2023-10-13 17:51:40+00:00,2023-10-13 17:51:40+00:00,1,3.01,3.01,0.8438661710037173,possible_instrumental_spike
Avg_Chl,2023-10-22 06:21:40+00:00,2023-10-22 06:21:40+00:00,1,0.9,0.9,0.5416666666666667,possible_instrumental_spike
Avg_Chl,2023-10-28 15:21:40+00:00,2023-10-28 15:21:40+00:00,1,1.38,1.38,0.7454545454545454,possible_instrumental_spike
Avg_Chl,2023-10-30 01:51:40+00:00,2023-10-30 01:51:40+00:00,1,1.64,1.64,0.6842105263157895,possible_instrumental_spike
Avg_Chl,2023-10-31 21:21:40+00:00,2023-10-31 21:21:40+00:00,1,4.84,4.84,0.5483870967741935,possible_instrumental_spike
Avg_Chl,2023-11-04 11:51:40+00:00,2023-11-04 11:51:40+00:00,1,1.17,1.17,0.6907216494845361,possible_instrumental_spike
Avg_Chl,2023-11-09 07:21:40+00:00,2023-11-09 07:21:40+00:00,1,0.92,0.92,0.7272727272727271,possible_instrumental_spike
Avg_Chl,2023-11-14 09:51:40+00:00,2023-11-14 09:51:40+00:00,1,0.75,0.75,0.6122448979591837,possible_instrumental_spike
Avg_Chl,2023-11-19 04:21:40+00:00,2023-11-19 04:21:40+00:00,1,0.71,0.71,0.5348837209302326,possible_instrumental_spike
Avg_Chl,2023-11-25 09:51:40+00:00,2023-11-25 09:51:40+00:00,1,8.9,8.9,0.6535796766743649,possible_instrumental_spike
Avg_Chl,2023-11-26 11:21:40+00:00,2023-11-26 11:21:40+00:00,1,1.23,1.23,0.6627906976744186,possible_instrumental_spike
Avg_Chl,2023-12-04 17:21:40+00:00,2023-12-04 17:21:40+00:00,1,1.49,1.49,0.9097744360902255,possible_instrumental_spike
Avg_Chl,2023-12-08 13:51:40+00:00,2023-12-08 13:51:40+00:00,1,0.68,0.68,0.6600000000000001,possible_instrumental_spike
Avg_Chl,2023-12-09 10:51:40+00:00,2023-12-09 10:51:40+00:00,1,4.13,4.13,0.9042821158690176,possible_instrumental_spike
Avg_Chl,2023-12-12 20:21:40+00:00,2023-12-12 20:21:40+00:00,1,5.41,5.41,0.9490196078431371,possible_instrumental_spike
Avg_Chl,2023-12-16 09:21:40+00:00,2023-12-16 09:21:40+00:00,1,1.16,1.16,0.7446808510638298,possible_instrumental_spike
Avg_Chl,2023-12-16 19:21:40+00:00,2023-12-16 19:21:40+00:00,1,16.72,16.72,0.8894289185905225,possible_instrumental_spike
Avg_Chl,2023-12-20 12:51:40+00:00,2023-12-20 12:51:40+00:00,1,2.33,2.33,0.9719626168224299,possible_instrumental_spike
Avg_Chl,2023-12-24 08:51:40+00:00,2023-12-24 08:51:40+00:00,1,0.71,0.71,0.5897435897435898,possible_instrumental_spike
Avg_Chl,2023-12-29 13:51:40+00:00,2023-12-29 13:51:40+00:00,1,1.35,1.35,0.7433628318584071,possible_instrumental_spike
Avg_Chl,2023-12-29 18:21:40+00:00,2023-12-29 18:21:40+00:00,1,2.25,2.25,0.5303030303030303,possible_instrumental_spike
Avg_Chl,2024-01-02 16:21:40+00:00,2024-01-02 16:21:40+00:00,1,0.59,0.59,0.8181818181818182,possible_instrumental_spike
Avg_Chl,2024-01-04 21:51:40+00:00,2024-01-04 21:51:40+00:00,1,1.21,1.21,0.8155339805825242,possible_instrumental_spike
Avg_Chl,2024-01-05 11:51:40+00:00,2024-01-05 11:51:40+00:00,1,2.12,2.12,0.8711340206185567,possible_instrumental_spike
Avg_Chl,2024-01-14 11:21:40+00:00,2024-01-14 11:21:40+00:00,1,0.7,0.7,0.5897435897435898,possible_instrumental_spike
Avg_Chl,2024-01-15 15:21:40+00:00,2024-01-15 15:21:40+00:00,1,1.53,1.53,0.7777777777777778,possible_instrumental_spike
Avg_Chl,2024-01-16 12:21:40+00:00,2024-01-16 12:21:40+00:00,1,0.75,0.75,0.58,possible_instrumental_spike
Avg_Chl,2024-01-18 16:21:40+00:00,2024-01-18 16:21:40+00:00,1,0.88,0.88,0.7878787878787878,possible_instrumental_spike
Avg_Chl,2024-01-19 17:51:40+00:00,2024-01-19 17:51:40+00:00,1,0.56,0.56,0.8787878787878787,possible_instrumental_spike
Avg_Chl,2024-01-20 16:51:40+00:00,2024-01-20 16:51:40+00:00,1,0.65,0.65,0.7254901960784313,possible_instrumental_spike
Avg_Chl,2024-01-22 17:21:40+00:00,2024-01-22 17:21:40+00:00,1,3.25,3.25,0.7912457912457913,possible_instrumental_spike
Avg_Chl,2024-01-24 17:51:40+00:00,2024-01-24 17:51:40+00:00,1,1.04,1.04,0.6153846153846153,possible_instrumental_spike
Avg_Chl,2024-01-27 03:51:40+00:00,2024-01-27 03:51:40+00:00,1,1.0,1.0,0.5333333333333333,possible_instrumental_spike
Avg_Chl,2024-01-27 23:21:40+00:00,2024-01-27 23:21:40+00:00,1,2.1,2.1,0.5416666666666667,possible_instrumental_spike
Avg_Chl,2024-01-28 04:21:40+00:00,2024-01-28 04:21:40+00:00,1,7.24,7.24,0.7082066869300911,possible_instrumental_spike
Avg_Chl,2024-01-31 11:51:40+00:00,2024-01-31 11:51:40+00:00,1,1.35,1.35,0.7130434782608696,possible_instrumental_spike
Avg_Chl,2024-02-01 09:21:40+00:00,2024-02-01 09:21:40+00:00,1,1.36,1.36,0.8230088495575222,possible_instrumental_spike
Avg_Chl,2024-02-01 17:21:40+00:00,2024-02-01 17:21:40+00:00,1,0.84,0.84,0.59375,possible_instrumental_spike
Avg_Chl,2024-02-04 22:51:40+00:00,2024-02-04 22:51:40+00:00,1,1.08,1.08,0.6075949367088609,possible_instrumental_spike
Avg_Chl,2024-02-09 07:21:40+00:00,2024-02-09 07:21:40+00:00,1,2.3,2.3,0.6736842105263157,possible_instrumental_spike
Avg_Chl,2024-02-10 14:51:40+00:00,2024-02-10 14:51:40+00:00,1,0.31,0.31,0.5714285714285711,possible_instrumental_spike
Avg_Chl,2024-02-11 03:51:40+00:00,2024-02-11 03:51:40+00:00,1,4.59,4.59,0.9667458432304039,possible_instrumental_spike
Avg_Chl,2024-02-17 06:51:40+00:00,2024-02-17 06:51:40+00:00,1,0.42,0.42,0.6153846153846153,possible_instrumental_spike
Avg_Chl,2024-02-17 09:51:40+00:00,2024-02-17 09:51:40+00:00,1,0.4,0.4,0.8800000000000001,possible_instrumental_spike
Avg_Chl,2024-02-17 15:51:40+00:00,2024-02-17 15:51:40+00:00,1,0.48,0.48,0.6470588235294118,possible_instrumental_spike
Avg_Chl,2024-02-17 22:51:40+00:00,2024-02-17 22:51:40+00:00,1,1.14,1.14,0.967391304347826,possible_instrumental_spike
Avg_Chl,2024-02-18 08:21:40+00:00,2024-02-18 08:21:40+00:00,1,4.43,4.43,0.7905882352941175,possible_instrumental_spike
Avg_Chl,2024-02-19 02:51:40+00:00,2024-02-19 02:51:40+00:00,1,2.45,2.45,0.5924170616113744,possible_instrumental_spike
Avg_Chl,2024-02-19 10:21:40+00:00,2024-02-19 10:21:40+00:00,1,14.06,14.06,0.8660391020999276,possible_instrumental_spike
Avg_Chl,2024-02-19 16:51:40+00:00,2024-02-19 16:51:40+00:00,1,1.17,1.17,0.625,possible_instrumental_spike
Avg_Chl,2024-02-20 04:51:40+00:00,2024-02-20 04:51:40+00:00,1,4.45,4.45,0.9429280397022333,possible_instrumental_spike
Avg_Chl,2024-02-21 18:51:40+00:00,2024-02-21 18:51:40+00:00,1,2.24,2.24,0.7953216374269007,possible_instrumental_spike
Avg_Chl,2024-02-22 02:21:40+00:00,2024-02-22 02:21:40+00:00,1,1.44,1.44,0.9215686274509803,possible_instrumental_spike
Avg_Chl,2024-02-24 11:21:40+00:00,2024-02-24 11:21:40+00:00,1,0.82,0.82,0.6046511627906975,possible_instrumental_spike
Avg_Chl,2024-02-26 08:51:40+00:00,2024-02-26 08:51:40+00:00,1,5.25,5.25,0.9551934826883909,possible_instrumental_spike
Avg_Chl,2024-02-27 08:51:40+00:00,2024-02-27 08:51:40+00:00,1,1.49,1.49,0.8679245283018868,possible_instrumental_spike
Avg_Chl,2024-02-28 00:51:40+00:00,2024-02-28 00:51:40+00:00,1,0.92,0.92,0.65,possible_instrumental_spike
Avg_Chl,2024-02-28 09:21:40+00:00,2024-02-28 09:21:40+00:00,1,0.91,0.91,0.676923076923077,possible_instrumental_spike
Avg_Chl,2024-02-29 11:51:40+00:00,2024-02-29 11:51:40+00:00,1,0.81,0.81,0.7166666666666667,possible_instrumental_spike
Avg_Chl,2024-03-01 12:21:40+00:00,2024-03-01 12:21:40+00:00,1,5.11,5.11,0.9173553719008265,possible_instrumental_spike
Avg_Chl,2024-03-02 06:21:40+00:00,2024-03-02 06:21:40+00:00,1,2.01,2.01,0.5644171779141103,possible_instrumental_spike
Avg_Chl,2024-03-08 21:51:40+00:00,2024-03-08 21:51:40+00:00,1,2.07,2.07,0.6797385620915032,possible_instrumental_spike
Avg_Chl,2024-03-09 07:21:40+00:00,2024-03-09 07:21:40+00:00,1,5.19,5.19,0.8547008547008546,possible_instrumental_spike
Avg_Chl,2024-03-10 01:51:40+00:00,2024-03-10 01:51:40+00:00,1,23.23,23.23,0.8703703703703705,possible_instrumental_spike
Avg_Chl,2024-03-12 00:51:40+00:00,2024-03-12 00:51:40+00:00,1,2.3,2.3,0.8983050847457628,possible_instrumental_spike
Avg_Chl,2024-03-12 16:51:40+00:00,2024-03-12 16:51:40+00:00,1,4.76,4.76,0.8552338530066814,possible_instrumental_spike
Avg_Chl,2024-03-12 20:51:40+00:00,2024-03-12 20:51:40+00:00,1,4.28,4.28,0.9182058047493404,possible_instrumental_spike
Avg_Chl,2024-03-15 13:51:40+00:00,2024-03-15 13:51:40+00:00,1,0.75,0.75,0.6382978723404256,possible_instrumental_spike
Avg_Chl,2024-03-16 11:21:40+00:00,2024-03-16 11:21:40+00:00,1,0.51,0.51,0.6296296296296295,possible_instrumental_spike
Avg_Chl,2024-03-17 03:21:40+00:00,2024-03-17 03:21:40+00:00,1,0.4,0.4,0.6153846153846155,possible_instrumental_spike
Avg_Chl,2024-03-18 20:21:40+00:00,2024-03-18 20:21:40+00:00,1,0.46,0.46,0.5714285714285714,possible_instrumental_spike
Avg_Chl,2024-03-20 17:21:40+00:00,2024-03-20 17:21:40+00:00,1,1.11,1.11,0.6470588235294118,possible_instrumental_spike
Avg_Chl,2024-03-21 07:51:40+00:00,2024-03-21 07:51:40+00:00,1,2.97,2.97,0.833948339483395,possible_instrumental_spike
Avg_Chl,2024-03-26 04:21:40+00:00,2024-03-26 04:21:40+00:00,1,2.32,2.32,0.5634517766497462,possible_instrumental_spike
Avg_Chl,2024-03-31 21:51:40+00:00,2024-03-31 21:51:40+00:00,1,5.05,5.05,0.8179871520342612,possible_instrumental_spike
Avg_Chl,2024-04-03 06:21:40+00:00,2024-04-03 06:21:40+00:00,1,1.5,1.5,0.9333333333333335,possible_instrumental_spike
Avg_Chl,2024-04-05 09:51:40+00:00,2024-04-05 09:51:40+00:00,1,0.85,0.85,0.6874999999999999,possible_instrumental_spike
Avg_Chl,2024-04-07 06:51:40+00:00,2024-04-07 06:51:40+00:00,1,1.94,1.94,0.86,possible_instrumental_spike
Avg_Chl,2024-04-24 23:51:40+00:00,2024-04-24 23:51:40+00:00,1,1.0,1.0,0.5283018867924528,possible_instrumental_spike
Avg_Chl,2024-05-10 18:51:40+00:00,2024-05-10 18:51:40+00:00,1,1.53,1.53,0.5869565217391305,possible_instrumental_spike
Avg_Chl,2024-05-16 19:51:40+00:00,2024-05-16 19:51:40+00:00,1,1.18,1.18,0.5588235294117646,possible_instrumental_spike
Avg_Chl,2024-05-23 23:21:40+00:00,2024-05-23 23:21:40+00:00,1,1.79,1.79,0.7083333333333333,possible_instrumental_spike
Avg_Chl,2024-05-25 11:51:40+00:00,2024-05-25 11:51:40+00:00,1,2.19,2.19,0.6626506024096385,possible_instrumental_spike
Avg_Chl,2024-05-28 03:21:40+00:00,2024-05-28 03:21:40+00:00,1,1.11,1.11,0.6268656716417911,possible_instrumental_spike
Avg_Chl,2024-05-30 06:21:40+00:00,2024-05-30 06:21:40+00:00,1,0.66,0.66,0.7500000000000001,possible_instrumental_spike
Avg_Chl,2024-06-11 12:51:40+00:00,2024-06-11 12:51:40+00:00,1,0.08,0.08,0.5306122448979592,possible_instrumental_spike
Avg_Chl,2024-06-28 03:21:40+00:00,2024-06-28 03:21:40+00:00,1,0.85,0.85,0.5217391304347826,possible_instrumental_spike
Avg_Chl,2024-06-29 18:21:40+00:00,2024-06-29 18:21:40+00:00,1,0.52,0.52,0.6250000000000001,possible_instrumental_spike
Avg_Chl,2024-08-12 13:21:40+00:00,2024-08-12 13:21:40+00:00,1,1.44,1.44,0.7232142857142857,possible_instrumental_spike
Avg_Chl,2024-08-13 11:21:40+00:00,2024-08-13 11:21:40+00:00,1,1.0,1.0,0.6296296296296297,possible_instrumental_spike
Avg_Chl,2024-08-14 08:51:40+00:00,2024-08-14 08:51:40+00:00,1,0.5,0.5,0.5333333333333333,possible_instrumental_spike
Avg_Chl,2024-08-21 19:51:40+00:00,2024-08-21 19:51:40+00:00,1,0.92,0.92,0.5652173913043478,possible_instrumental_spike
Avg_Chl,2024-08-22 10:51:40+00:00,2024-08-22 10:51:40+00:00,1,1.17,1.17,0.7037037037037037,possible_instrumental_spike
Avg_Chl,2024-09-11 03:21:40+00:00,2024-09-11 03:21:40+00:00,1,0.54,0.54,0.6,possible_instrumental_spike
Avg_Chl,2024-09-11 20:21:40+00:00,2024-09-11 20:21:40+00:00,1,0.7,0.7,0.5581395348837208,possible_instrumental_spike
Avg_Chl,2024-09-21 12:51:40+00:00,2024-09-21 12:51:40+00:00,1,0.5,0.5,0.7333333333333332,possible_instrumental_spike
Avg_Chl,2024-09-29 21:51:40+00:00,2024-09-29 21:51:40+00:00,1,1.51,1.51,0.531645569620253,possible_instrumental_spike
Avg_Chl,2024-10-05 00:51:40+00:00,2024-10-05 00:51:40+00:00,1,2.79,2.79,0.8245614035087718,possible_instrumental_spike
Avg_Chl,2024-10-07 01:21:40+00:00,2024-10-07 01:21:40+00:00,1,1.32,1.32,0.5423728813559322,possible_instrumental_spike
Avg_Chl,2024-10-07 09:21:40+00:00,2024-10-07 09:21:40+00:00,1,3.42,3.42,0.8745762711864407,possible_instrumental_spike
Avg_Chl,2024-10-08 18:51:40+00:00,2024-10-08 18:51:40+00:00,1,3.15,3.15,0.7508650519031143,possible_instrumental_spike
Avg_Chl,2024-10-10 01:21:40+00:00,2024-10-10 01:21:40+00:00,1,0.48,0.48,0.5294117647058822,possible_instrumental_spike
Avg_Chl,2024-10-12 09:51:40+00:00,2024-10-12 09:51:40+00:00,1,1.59,1.59,0.8785714285714284,possible_instrumental_spike
Avg_Chl,2024-10-14 08:21:40+00:00,2024-10-14 08:21:40+00:00,1,1.11,1.11,0.8055555555555556,possible_instrumental_spike
Avg_Chl,2024-10-25 09:21:40+00:00,2024-10-25 09:21:40+00:00,1,0.75,0.75,0.7884615384615384,possible_instrumental_spike
Avg_Chl,2024-11-11 20:21:40+00:00,2024-11-11 20:21:40+00:00,1,3.09,3.09,0.5869565217391305,possible_instrumental_spike
Avg_Chl,2024-12-14 01:51:40+00:00,2024-12-14 01:51:40+00:00,1,0.53,0.53,0.6399999999999997,possible_instrumental_spike
Avg_Chl,2024-12-19 01:21:40+00:00,2024-12-19 01:21:40+00:00,1,1.35,1.35,0.5555555555555557,possible_instrumental_spike
Avg_Chl,2024-12-24 13:21:40+00:00,2024-12-24 13:21:40+00:00,1,0.54,0.54,0.6190476190476193,possible_instrumental_spike
Avg_Chl,2025-01-01 23:51:40+00:00,2025-01-01 23:51:40+00:00,1,1.68,1.68,0.5824175824175825,possible_instrumental_spike
Avg_Chl,2025-01-03 00:21:40+00:00,2025-01-03 00:21:40+00:00,1,1.66,1.66,0.6842105263157894,possible_instrumental_spike
Avg_Chl,2025-01-05 15:21:40+00:00,2025-01-05 15:21:40+00:00,1,0.93,0.93,0.5500000000000002,possible_instrumental_spike
Avg_Chl,2025-01-19 14:51:40+00:00,2025-01-19 14:51:40+00:00,1,1.34,1.34,0.793103448275862,possible_instrumental_spike
Avg_Chl,2025-01-20 07:21:40+00:00,2025-01-20 07:21:40+00:00,1,0.56,0.56,0.5652173913043474,possible_instrumental_spike
Avg_Chl,2025-01-22 13:21:40+00:00,2025-01-22 13:21:40+00:00,1,0.45,0.45,0.52,possible_instrumental_spike
Avg_Chl,2025-01-24 06:21:40+00:00,2025-01-24 06:21:40+00:00,1,0.49,0.49,0.5294117647058822,possible_instrumental_spike
Avg_Chl,2025-01-29 03:51:40+00:00,2025-01-29 03:51:40+00:00,1,0.96,0.96,0.5357142857142856,possible_instrumental_spike
Avg_Chl,2025-01-30 23:21:40+00:00,2025-01-30 23:21:40+00:00,1,1.51,1.51,0.5285714285714288,possible_instrumental_spike
Avg_Chl,2025-02-03 01:21:40+00:00,2025-02-03 01:21:40+00:00,1,1.03,1.03,0.6136363636363636,possible_instrumental_spike
Avg_Chl,2025-02-14 23:51:40+00:00,2025-02-14 23:51:40+00:00,1,1.59,1.59,0.6179775280898876,possible_instrumental_spike
Avg_Chl,2025-02-28 22:51:40+00:00,2025-02-28 22:51:40+00:00,1,1.48,1.48,0.5434782608695653,possible_instrumental_spike
Avg_Chl,2025-03-01 23:21:40+00:00,2025-03-01 23:21:40+00:00,1,1.47,1.47,0.6049382716049383,possible_instrumental_spike
Avg_Chl,2025-03-03 00:21:40+00:00,2025-03-03 00:21:40+00:00,1,1.22,1.22,0.588235294117647,possible_instrumental_spike
Avg_Chl,2025-05-10 22:21:40+00:00,2025-05-10 22:21:40+00:00,1,2.19,2.19,0.7973856209150327,possible_instrumental_spike
Avg_Chl,2025-05-21 19:51:40+00:00,2025-05-21 19:51:40+00:00,1,1.1,1.1,0.5333333333333334,possible_instrumental_spike
Avg_Chl,2025-05-22 07:51:40+00:00,2025-05-22 07:51:40+00:00,1,0.69,0.69,0.5333333333333332,possible_instrumental_spike
Avg_Chl,2025-05-23 08:21:40+00:00,2025-05-23 08:21:40+00:00,1,0.68,0.68,0.5263157894736845,possible_instrumental_spike
Avg_Chl,2025-05-24 08:21:40+00:00,2025-05-24 08:21:40+00:00,1,0.68,0.68,0.6666666666666672,possible_instrumental_spike
Avg_Chl,2025-05-25 01:21:40+00:00,2025-05-25 01:21:40+00:00,1,0.51,0.51,0.6428571428571426,possible_instrumental_spike
Avg_Chl,2025-05-25 20:51:40+00:00,2025-05-25 20:51:40+00:00,1,4.43,4.43,0.9033942558746737,possible_instrumental_spike
Avg_Chl,2025-05-26 10:51:40+00:00,2025-05-26 10:51:40+00:00,1,14.37,14.37,0.7715736040609137,possible_instrumental_spike
Avg_Chl,2025-05-27 23:21:40+00:00,2025-05-27 23:21:40+00:00,1,1.12,1.12,0.6808510638297872,possible_instrumental_spike
Avg_Chl,2025-05-29 01:51:40+00:00,2025-05-29 01:51:40+00:00,1,1.6,1.6,0.8113207547169812,possible_instrumental_spike
Avg_Chl,2025-05-29 06:21:40+00:00,2025-05-29 06:21:40+00:00,1,9.45,9.45,0.8395061728395061,possible_instrumental_spike
Avg_Chl,2025-06-04 10:21:40+00:00,2025-06-04 10:21:40+00:00,1,0.11,0.11,0.6888888888888888,possible_instrumental_spike
Avg_Chl,2025-06-22 08:21:40+00:00,2025-06-22 08:21:40+00:00,1,0.96,0.96,0.7608695652173914,possible_instrumental_spike
Avg_Chl,2025-07-15 12:21:40+00:00,2025-07-15 12:21:40+00:00,1,0.73,0.73,0.5882352941176472,possible_instrumental_spike
Avg_Chl,2025-07-20 12:21:40+00:00,2025-07-20 12:21:40+00:00,1,0.95,0.95,0.5576923076923075,possible_instrumental_spike
Avg_Chl,2025-07-24 23:21:40+00:00,2025-07-24 23:21:40+00:00,1,1.15,1.15,0.8113207547169812,possible_instrumental_spike
Avg_Chl,2025-07-26 07:21:40+00:00,2025-07-26 07:21:40+00:00,1,0.79,0.79,0.5217391304347826,possible_instrumental_spike
Avg_Chl,2025-07-29 02:21:40+00:00,2025-07-29 02:21:40+00:00,1,0.91,0.91,0.6206896551724139,possible_instrumental_spike
Avg_Chl,2025-08-03 08:51:40+00:00,2025-08-03 08:51:40+00:00,1,0.71,0.71,0.6428571428571426,possible_instrumental_spike
Avg_Chl,2025-08-07 11:51:40+00:00,2025-08-07 11:51:40+00:00,1,0.91,0.91,0.5849056603773586,possible_instrumental_spike
Avg_Chl,2025-09-19 08:51:40+00:00,2025-09-19 08:51:40+00:00,1,1.06,1.06,0.7285714285714285,possible_instrumental_spike
Avg_Chl,2025-09-30 08:21:40+00:00,2025-09-30 08:21:40+00:00,1,1.12,1.12,0.5223880597014926,possible_instrumental_spike
Avg_Chl,2026-01-25 07:51:40+00:00,2026-01-25 07:51:40+00:00,1,0.56,0.56,0.666666666666667,possible_instrumental_spike
Avg_Chl,2026-02-02 10:51:40+00:00,2026-02-02 10:51:40+00:00,1,0.06,0.06,0.6,possible_instrumental_spike
Avg_Chl,2026-02-09 15:51:40+00:00,2026-02-09 15:51:40+00:00,1,0.32,0.32,0.5555555555555555,possible_instrumental_spike
Avg_Chl,2026-02-19 09:51:40+00:00,2026-02-19 09:51:40+00:00,1,0.91,0.91,0.6444444444444445,possible_instrumental_spike
Avg_Chl,2026-02-25 17:51:40+00:00,2026-02-25 17:51:40+00:00,1,0.84,0.84,0.8518518518518517,possible_instrumental_spike
Avg_Chl,2026-02-26 12:21:40+00:00,2026-02-26 12:21:40+00:00,1,0.95,0.95,0.8906250000000001,possible_instrumental_spike
Avg_Chl,2026-03-03 02:51:40+00:00,2026-03-03 02:51:40+00:00,1,0.51,0.51,0.55,possible_instrumental_spike
Avg_Chl,2026-03-05 23:51:40+00:00,2026-03-05 23:51:40+00:00,1,1.23,1.23,0.578125,possible_instrumental_spike
Avg_Chl,2026-03-18 20:21:40+00:00,2026-03-18 20:21:40+00:00,1,1.07,1.07,0.6222222222222222,possible_instrumental_spike
Avg_Chl,2026-03-25 05:51:40+00:00,2026-03-25 05:51:40+00:00,1,0.51,0.51,0.5263157894736844,possible_instrumental_spike
Avg_Chl,2026-03-28 06:51:40+00:00,2026-03-28 06:51:40+00:00,1,0.56,0.56,0.6470588235294119,possible_instrumental_spike
Avg_Chl,2026-03-29 09:51:40+00:00,2026-03-29 09:51:40+00:00,1,0.89,0.89,0.6808510638297873,possible_instrumental_spike
Avg_Chl,2026-04-01 22:21:40+00:00,2026-04-01 22:21:40+00:00,1,1.64,1.64,0.6930693069306931,possible_instrumental_spike
Avg_Chl,2026-04-05 00:21:40+00:00,2026-04-05 00:21:40+00:00,1,1.17,1.17,0.5945945945945945,possible_instrumental_spike
Avg_Chl,2026-04-06 01:51:40+00:00,2026-04-06 01:51:40+00:00,1,1.44,1.44,0.7422680412371134,possible_instrumental_spike
Avg_Chl,2026-04-18 22:21:40+00:00,2026-04-18 22:21:40+00:00,1,0.67,0.67,0.6250000000000004,possible_instrumental_spike
Avg_Chl,2026-04-21 01:21:40+00:00,2026-04-21 01:21:40+00:00,1,0.93,0.93,0.6415094339622642,possible_instrumental_spike
Avg_Chl,2026-04-27 21:21:40+00:00,2026-04-27 21:21:40+00:00,1,1.98,1.98,0.5515151515151515,possible_instrumental_spike
Avg_Chl,2026-05-01 23:21:40+00:00,2026-05-01 23:21:40+00:00,1,1.17,1.17,0.6351351351351351,possible_instrumental_spike
Avg_Chl,2026-05-02 06:51:40+00:00,2026-05-02 06:51:40+00:00,1,0.52,0.52,0.523809523809524,possible_instrumental_spike
Avg_Chl,2026-05-04 00:51:40+00:00,2026-05-04 00:51:40+00:00,1,0.99,0.99,0.7192982456140351,possible_instrumental_spike
Avg_Chl,2026-05-06 22:21:40+00:00,2026-05-06 22:21:40+00:00,1,1.09,1.09,0.6617647058823529,possible_instrumental_spike
Avg_Chl,2026-05-10 13:21:40+00:00,2026-05-10 13:21:40+00:00,1,1.01,1.01,0.5789473684210527,possible_instrumental_spike
Avg_Chl,2026-05-10 16:21:40+00:00,2026-05-10 16:21:40+00:00,1,0.66,0.66,0.5853658536585367,possible_instrumental_spike
Avg_Chl,2026-05-12 09:21:40+00:00,2026-05-12 09:21:40+00:00,1,0.97,0.97,0.7575757575757577,possible_instrumental_spike
Avg_Chl,2026-05-13 05:51:40+00:00,2026-05-13 05:51:40+00:00,1,0.78,0.78,0.7954545454545455,possible_instrumental_spike
Avg_Chl,2026-05-14 00:51:40+00:00,2026-05-14 00:51:40+00:00,1,0.4,0.4,0.6111111111111113,possible_instrumental_spike
Avg_Chl,2026-05-20 01:21:40+00:00,2026-05-20 01:21:40+00:00,1,1.37,1.37,0.7021276595744681,possible_instrumental_spike
Avg_Chl,2026-05-26 03:51:40+00:00,2026-05-26 03:51:40+00:00,1,0.7,0.7,0.5624999999999999,possible_instrumental_spike
Avg_Chl,2026-06-03 12:51:40+00:00,2026-06-03 12:51:40+00:00,1,1.5,1.5,0.6060606060606061,possible_instrumental_spike
Avg_Chl,2026-06-12 08:21:40+00:00,2026-06-12 08:21:40+00:00,1,0.64,0.64,0.5652173913043478,possible_instrumental_spike
Avg_Chl,2026-06-14 22:51:40+00:00,2026-06-14 22:51:40+00:00,1,1.66,1.66,0.7281553398058253,possible_instrumental_spike
Avg_Chl,2026-06-18 13:21:40+00:00,2026-06-18 13:21:40+00:00,1,1.26,1.26,0.5822784810126581,possible_instrumental_spike
Avg_Chl,2026-06-23 07:51:40+00:00,2026-06-23 07:51:40+00:00,1,0.5,0.5,0.6923076923076925,possible_instrumental_spike
Avg_Chl,2026-07-02 00:21:40+00:00,2026-07-02 00:21:40+00:00,1,1.19,1.19,0.5857142857142856,possible_instrumental_spike
Avg_Chl,2026-07-03 07:21:40+00:00,2026-07-03 07:21:40+00:00,1,0.62,0.62,0.5217391304347826,possible_instrumental_spike
Avg_Chl,2026-07-11 08:21:40+00:00,2026-07-11 08:21:40+00:00,1,1.06,1.06,0.7702702702702704,possible_instrumental_spike
Avg_Chl,2026-07-12 02:51:40+00:00,2026-07-12 02:51:40+00:00,1,0.74,0.74,0.6666666666666666,possible_instrumental_spike
Avg_Chl,2026-07-13 10:21:40+00:00,2026-07-13 10:21:40+00:00,1,0.7,0.7,0.5384615384615384,possible_instrumental_spike
Avg_Chl,2026-07-17 08:21:40+00:00,2026-07-17 08:21:40+00:00,1,0.71,0.71,0.588235294117647,possible_instrumental_spike
Avg_Chl,2026-07-18 10:51:40+00:00,2026-07-18 10:51:40+00:00,1,1.39,1.39,0.7731958762886597,possible_instrumental_spike
Avg_CDOM,2019-08-03 15:51:40+00:00,2019-08-03 15:51:40+00:00,1,0.27,0.27,0.53125,possible_instrumental_spike
Avg_CDOM,2019-09-20 05:21:40+00:00,2019-09-20 05:21:40+00:00,1,2.17,2.17,0.5357142857142854,possible_instrumental_spike
Avg_CDOM,2019-11-06 13:21:40+00:00,2019-11-06 13:21:40+00:00,1,2.38,2.38,0.7049180327868851,possible_instrumental_spike
Avg_CDOM,2019-11-20 23:51:40+00:00,2019-11-20 23:51:40+00:00,1,1.0,1.0,0.5277777777777775,possible_instrumental_spike
Avg_CDOM,2020-01-15 11:21:40+00:00,2020-01-15 11:21:40+00:00,1,0.14,0.14,0.7234042553191489,possible_instrumental_spike
Avg_CDOM,2020-02-02 20:21:40+00:00,2020-02-02 20:21:40+00:00,1,1.21,1.21,0.555555555555555,possible_instrumental_spike
Avg_CDOM,2020-02-16 18:51:40+00:00,2020-02-16 18:51:40+00:00,1,1.31,1.31,0.5909090909090915,possible_instrumental_spike
Avg_CDOM,2020-02-21 14:51:40+00:00,2020-02-21 14:51:40+00:00,1,6.33,6.33,0.9155963302752294,possible_instrumental_spike
Avg_CDOM,2020-02-24 16:21:40+00:00,2020-02-24 16:21:40+00:00,1,42.18,42.18,0.9845485272815065,possible_instrumental_spike
Avg_CDOM,2020-02-27 12:21:40+00:00,2020-02-27 12:21:40+00:00,1,2.76,2.76,0.6855670103092782,possible_instrumental_spike
Avg_CDOM,2020-02-29 06:21:40+00:00,2020-02-29 06:21:40+00:00,1,17.77,17.77,0.9647266313932982,possible_instrumental_spike
Avg_CDOM,2020-03-02 11:51:40+00:00,2020-03-02 11:51:40+00:00,1,5.09,5.09,0.9206730769230769,possible_instrumental_spike
Avg_CDOM,2020-03-03 11:51:40+00:00,2020-03-03 11:51:40+00:00,1,1.7,1.7,0.5538461538461538,possible_instrumental_spike
Avg_CDOM,2020-03-06 09:21:40+00:00,2020-03-06 09:21:40+00:00,1,5.51,5.51,0.9500000000000001,possible_instrumental_spike
Avg_CDOM,2020-03-06 13:21:40+00:00,2020-03-06 13:21:40+00:00,1,3.78,3.78,0.8710801393728224,possible_instrumental_spike
Avg_CDOM,2020-03-09 00:21:40+00:00,2020-03-09 00:21:40+00:00,1,3.66,3.66,0.8875968992248062,possible_instrumental_spike
Avg_CDOM,2020-03-09 11:51:40+00:00,2020-03-09 11:51:40+00:00,1,2.26,2.26,0.6029411764705882,possible_instrumental_spike
Avg_CDOM,2020-03-16 11:51:40+00:00,2020-03-16 11:51:40+00:00,1,7.37,7.37,0.9324960753532182,possible_instrumental_spike
Avg_CDOM,2020-03-16 15:21:40+00:00,2020-03-16 15:21:40+00:00,1,2.24,2.24,0.6854838709677421,possible_instrumental_spike
Avg_CDOM,2020-03-17 13:21:40+00:00,2020-03-17 13:21:40+00:00,1,5.28,5.28,0.8761467889908257,possible_instrumental_spike
Avg_CDOM,2020-04-03 09:21:40+00:00,2020-04-03 09:21:40+00:00,1,2.2,2.2,0.6296296296296297,possible_instrumental_spike
Avg_CDOM,2020-04-17 11:21:40+00:00,2020-04-17 11:21:40+00:00,1,2.31,2.31,0.5315315315315315,possible_instrumental_spike
Avg_CDOM,2020-04-18 05:51:40+00:00,2020-04-18 05:51:40+00:00,1,3.55,3.55,0.8565400843881855,possible_instrumental_spike
Avg_CDOM,2020-04-28 13:51:40+00:00,2020-04-28 13:51:40+00:00,1,5.55,5.55,0.8941504178272981,possible_instrumental_spike
Avg_CDOM,2020-05-15 15:21:40+00:00,2020-05-15 15:21:40+00:00,1,3.05,3.05,0.7536231884057972,possible_instrumental_spike
Avg_CDOM,2020-05-17 07:51:40+00:00,2020-05-17 07:51:40+00:00,1,3.34,3.34,0.7045454545454543,possible_instrumental_spike
Avg_CDOM,2020-06-10 19:21:40+00:00,2020-06-10 19:21:40+00:00,1,3.29,3.29,0.5569620253164556,possible_instrumental_spike
Avg_CDOM,2020-06-16 11:21:40+00:00,2020-06-16 11:21:40+00:00,1,2.47,2.47,0.5234375,possible_instrumental_spike
Avg_CDOM,2020-07-01 19:51:40+00:00,2020-07-01 19:51:40+00:00,1,6.87,6.87,0.850828729281768,possible_instrumental_spike
Avg_CDOM,2020-07-08 15:51:40+00:00,2020-07-08 15:51:40+00:00,1,4.01,4.01,0.7142857142857142,possible_instrumental_spike
Avg_CDOM,2020-07-09 16:51:40+00:00,2020-07-09 16:51:40+00:00,1,5.41,5.41,0.9312320916905443,possible_instrumental_spike
Avg_CDOM,2020-07-10 14:21:40+00:00,2020-07-10 14:21:40+00:00,1,2.38,2.38,0.5199999999999999,possible_instrumental_spike
Avg_CDOM,2020-07-14 10:21:40+00:00,2020-07-14 10:21:40+00:00,1,3.65,3.65,0.6618705035971222,possible_instrumental_spike
Avg_CDOM,2020-07-14 19:21:40+00:00,2020-07-14 19:21:40+00:00,1,3.27,3.27,0.690909090909091,possible_instrumental_spike
Avg_CDOM,2020-07-15 20:51:40+00:00,2020-07-15 20:51:40+00:00,1,3.84,3.84,0.8662790697674418,possible_instrumental_spike
Avg_CDOM,2020-07-17 11:21:40+00:00,2020-07-17 11:21:40+00:00,1,4.97,4.97,0.8273615635179152,possible_instrumental_spike
Avg_CDOM,2020-07-25 09:21:40+00:00,2020-07-25 09:21:40+00:00,1,3.12,3.12,0.5853658536585366,possible_instrumental_spike
Avg_CDOM,2020-07-26 19:51:40+00:00,2020-07-26 19:51:40+00:00,1,4.23,4.23,0.7551867219917013,possible_instrumental_spike
Avg_CDOM,2020-07-27 10:21:40+00:00,2020-07-27 10:21:40+00:00,1,10.58,10.58,0.8499452354874041,possible_instrumental_spike
Avg_CDOM,2020-07-30 13:21:40+00:00,2020-07-30 13:21:40+00:00,1,4.93,4.93,0.6613333333333332,possible_instrumental_spike
Avg_CDOM,2020-07-31 12:51:40+00:00,2020-07-31 12:51:40+00:00,1,10.79,10.79,0.885593220338983,possible_instrumental_spike
Avg_CDOM,2020-08-13 19:21:40+00:00,2020-08-13 19:21:40+00:00,1,4.94,4.94,0.7918088737201364,possible_instrumental_spike
Avg_CDOM,2020-08-15 16:21:40+00:00,2020-08-15 16:21:40+00:00,1,-0.2,-0.2,0.6260162601626017,possible_instrumental_spike
Avg_CDOM,2020-08-17 20:51:40+00:00,2020-08-17 20:51:40+00:00,1,3.03,3.03,0.5838926174496643,possible_instrumental_spike
Avg_CDOM,2020-08-22 13:51:40+00:00,2020-08-22 13:51:40+00:00,1,3.17,3.17,0.5952380952380952,possible_instrumental_spike
Avg_CDOM,2020-08-23 17:21:40+00:00,2020-08-23 17:21:40+00:00,1,2.64,2.64,0.6048387096774195,possible_instrumental_spike
Avg_CDOM,2020-08-27 09:21:40+00:00,2020-08-27 09:21:40+00:00,1,2.22,2.22,0.5312500000000007,possible_instrumental_spike
Avg_CDOM,2020-09-03 12:51:40+00:00,2020-09-03 12:51:40+00:00,1,2.43,2.43,0.7127659574468086,possible_instrumental_spike
Avg_CDOM,2020-09-05 08:51:40+00:00,2020-09-05 08:51:40+00:00,1,2.23,2.23,0.5438596491228069,possible_instrumental_spike
Avg_CDOM,2020-09-12 12:51:40+00:00,2020-09-12 12:51:40+00:00,1,3.0,3.0,0.6482412060301508,possible_instrumental_spike
Avg_CDOM,2020-09-17 18:51:40+00:00,2020-09-17 18:51:40+00:00,1,-0.03,-0.03,0.6739130434782609,possible_instrumental_spike
Avg_CDOM,2020-09-23 21:21:40+00:00,2020-09-23 21:21:40+00:00,1,2.72,2.72,0.7207792207792207,possible_instrumental_spike
Avg_CDOM,2020-09-24 17:21:40+00:00,2020-09-24 17:21:40+00:00,1,1.74,1.74,0.605263157894737,possible_instrumental_spike
Avg_CDOM,2020-09-25 17:21:40+00:00,2020-09-25 17:21:40+00:00,1,2.46,2.46,0.6296296296296297,possible_instrumental_spike
Avg_CDOM,2020-09-26 06:51:40+00:00,2020-09-26 06:51:40+00:00,1,2.81,2.81,0.7901234567901234,possible_instrumental_spike
Avg_CDOM,2020-09-30 10:21:40+00:00,2020-09-30 10:21:40+00:00,1,2.21,2.21,0.6964285714285715,possible_instrumental_spike
Avg_CDOM,2020-09-30 21:21:40+00:00,2020-09-30 21:21:40+00:00,1,3.11,3.11,0.7641921397379912,possible_instrumental_spike
Avg_CDOM,2020-10-06 18:51:40+00:00,2020-10-06 18:51:40+00:00,1,2.86,2.86,0.7692307692307693,possible_instrumental_spike
Avg_CDOM,2020-10-08 13:21:40+00:00,2020-10-08 13:21:40+00:00,1,1.94,1.94,0.5671641791044775,possible_instrumental_spike
Avg_CDOM,2020-10-11 20:21:40+00:00,2020-10-11 20:21:40+00:00,1,2.9,2.9,0.8529411764705882,possible_instrumental_spike
Avg_CDOM,2020-10-13 18:21:40+00:00,2020-10-13 18:21:40+00:00,1,2.23,2.23,0.6938775510204082,possible_instrumental_spike
Avg_CDOM,2020-10-15 17:51:40+00:00,2020-10-15 17:51:40+00:00,1,1.6,1.6,0.6091954022988505,possible_instrumental_spike
Avg_CDOM,2020-10-22 13:21:40+00:00,2020-10-22 13:21:40+00:00,1,1.62,1.62,0.6901408450704227,possible_instrumental_spike
Avg_CDOM,2020-10-24 09:51:40+00:00,2020-10-24 09:51:40+00:00,1,1.5,1.5,0.6250000000000001,possible_instrumental_spike
Avg_CDOM,2020-10-24 20:21:40+00:00,2020-10-24 20:21:40+00:00,1,1.37,1.37,0.594594594594595,possible_instrumental_spike
Avg_CDOM,2020-10-27 10:21:40+00:00,2020-10-27 10:21:40+00:00,1,9.03,9.03,0.9260204081632653,possible_instrumental_spike
Avg_CDOM,2020-10-28 19:51:40+00:00,2020-10-28 19:51:40+00:00,1,2.0,2.0,0.5533980582524273,possible_instrumental_spike
Avg_CDOM,2020-10-29 23:21:40+00:00,2020-10-29 23:21:40+00:00,1,5.41,5.41,0.9833729216152021,possible_instrumental_spike
Avg_CDOM,2020-11-01 00:21:40+00:00,2020-11-01 00:21:40+00:00,1,1.68,1.68,0.5384615384615383,possible_instrumental_spike
Avg_CDOM,2020-11-01 18:21:40+00:00,2020-11-01 18:21:40+00:00,1,4.44,4.44,0.8246575342465754,possible_instrumental_spike
Avg_CDOM,2020-11-02 00:51:40+00:00,2020-11-02 00:51:40+00:00,1,1.85,1.85,0.5428571428571429,possible_instrumental_spike
Avg_CDOM,2020-11-03 17:51:40+00:00,2020-11-03 17:51:40+00:00,1,7.98,7.98,0.8606676342525399,possible_instrumental_spike
Avg_CDOM,2020-11-04 12:51:40+00:00,2020-11-04 12:51:40+00:00,1,3.83,3.83,0.5490196078431373,possible_instrumental_spike
Avg_CDOM,2020-11-06 12:51:40+00:00,2020-11-06 12:51:40+00:00,1,3.78,3.78,0.8917910447761194,possible_instrumental_spike
Avg_CDOM,2020-11-06 16:21:40+00:00,2020-11-06 16:21:40+00:00,1,2.45,2.45,0.577777777777778,possible_instrumental_spike
Avg_CDOM,2020-11-07 21:51:40+00:00,2020-11-07 21:51:40+00:00,1,2.75,2.75,0.8456375838926175,possible_instrumental_spike
Avg_CDOM,2020-11-09 18:51:40+00:00,2020-11-09 18:51:40+00:00,1,3.48,3.48,0.8227848101265822,possible_instrumental_spike
Avg_CDOM,2020-11-10 08:21:40+00:00,2020-11-10 08:21:40+00:00,1,2.18,2.18,0.7065217391304348,possible_instrumental_spike
Avg_CDOM,2020-11-10 11:51:40+00:00,2020-11-10 11:51:40+00:00,1,2.93,2.93,0.6698564593301435,possible_instrumental_spike
Avg_CDOM,2020-11-11 11:51:40+00:00,2020-11-11 11:51:40+00:00,1,2.6,2.6,0.5586592178770949,possible_instrumental_spike
Avg_CDOM,2020-11-12 19:51:40+00:00,2020-11-12 19:51:40+00:00,1,2.28,2.28,0.5657894736842105,possible_instrumental_spike
Avg_CDOM,2020-11-13 09:21:40+00:00,2020-11-13 09:21:40+00:00,1,2.8,2.8,0.544973544973545,possible_instrumental_spike
Avg_CDOM,2020-11-14 10:51:40+00:00,2020-11-14 10:51:40+00:00,1,3.74,3.74,0.7827715355805245,possible_instrumental_spike
Avg_CDOM,2020-11-19 09:21:40+00:00,2020-11-19 09:21:40+00:00,1,4.55,4.55,0.6694677871148459,possible_instrumental_spike
Avg_CDOM,2020-11-19 19:51:40+00:00,2020-11-19 19:51:40+00:00,1,2.54,2.54,0.7256097560975608,possible_instrumental_spike
Avg_CDOM,2020-11-21 15:51:40+00:00,2020-11-21 15:51:40+00:00,1,5.47,5.47,0.7755610972568578,possible_instrumental_spike
Avg_CDOM,2020-11-22 11:51:40+00:00,2020-11-22 11:51:40+00:00,1,2.11,2.11,0.6891891891891891,possible_instrumental_spike
Avg_CDOM,2020-11-24 13:51:40+00:00,2020-11-24 13:51:40+00:00,1,3.08,3.08,0.8097345132743362,possible_instrumental_spike
Avg_CDOM,2020-11-24 18:51:40+00:00,2020-11-24 18:51:40+00:00,1,2.28,2.28,0.8206896551724138,possible_instrumental_spike
Avg_CDOM,2020-11-26 08:21:40+00:00,2020-11-26 08:21:40+00:00,1,1.65,1.65,0.5599999999999999,possible_instrumental_spike
Avg_CDOM,2020-11-26 19:21:40+00:00,2020-11-26 19:21:40+00:00,1,3.01,3.01,0.8807339449541284,possible_instrumental_spike
Avg_CDOM,2020-11-27 08:21:40+00:00,2020-11-27 08:21:40+00:00,1,2.77,2.77,0.6666666666666666,possible_instrumental_spike
Avg_CDOM,2020-11-28 19:21:40+00:00,2020-11-28 19:21:40+00:00,1,6.18,6.18,0.7895716945996277,possible_instrumental_spike
Avg_CDOM,2020-11-29 12:51:40+00:00,2020-11-29 12:51:40+00:00,1,4.52,4.52,0.737609329446064,possible_instrumental_spike
Avg_CDOM,2020-11-30 03:51:40+00:00,2020-11-30 03:51:40+00:00,1,1.81,1.81,0.5714285714285714,possible_instrumental_spike
Avg_CDOM,2020-11-30 08:21:40+00:00,2020-11-30 08:21:40+00:00,1,4.41,4.41,0.9136490250696379,possible_instrumental_spike
Avg_CDOM,2020-12-02 05:21:40+00:00,2020-12-02 05:21:40+00:00,1,2.56,2.56,0.603448275862069,possible_instrumental_spike
Avg_CDOM,2020-12-03 05:51:40+00:00,2020-12-03 05:51:40+00:00,1,2.87,2.87,0.7102272727272727,possible_instrumental_spike
Avg_CDOM,2020-12-04 18:21:40+00:00,2020-12-04 18:21:40+00:00,1,3.51,3.51,0.6666666666666666,possible_instrumental_spike
Avg_CDOM,2020-12-06 16:21:40+00:00,2020-12-06 16:21:40+00:00,1,2.07,2.07,0.7,possible_instrumental_spike
Avg_CDOM,2020-12-09 18:51:40+00:00,2020-12-09 18:51:40+00:00,1,2.56,2.56,0.5833333333333334,possible_instrumental_spike
Avg_CDOM,2020-12-13 16:21:40+00:00,2020-12-13 16:21:40+00:00,1,2.24,2.24,0.5241379310344828,possible_instrumental_spike
Avg_CDOM,2020-12-15 12:51:40+00:00,2020-12-15 12:51:40+00:00,1,2.93,2.93,0.6040609137055838,possible_instrumental_spike
Avg_CDOM,2020-12-16 12:51:40+00:00,2020-12-16 12:51:40+00:00,1,6.8,6.8,0.845890410958904,possible_instrumental_spike
Avg_CDOM,2020-12-17 11:51:40+00:00,2020-12-17 11:51:40+00:00,1,2.38,2.38,0.6474820143884892,possible_instrumental_spike
Avg_CDOM,2020-12-20 09:21:40+00:00,2020-12-20 09:21:40+00:00,1,4.91,4.91,0.8214285714285715,possible_instrumental_spike
Avg_CDOM,2020-12-20 20:51:40+00:00,2020-12-20 20:51:40+00:00,1,2.61,2.61,0.6625766871165644,possible_instrumental_spike
Avg_CDOM,2020-12-22 14:21:40+00:00,2020-12-22 14:21:40+00:00,1,2.94,2.94,0.8636363636363636,possible_instrumental_spike
Avg_CDOM,2020-12-24 17:51:40+00:00,2020-12-24 17:51:40+00:00,1,1.3,1.3,0.5909090909090915,possible_instrumental_spike
Avg_CDOM,2020-12-30 10:51:40+00:00,2020-12-30 10:51:40+00:00,1,1.88,1.88,0.7474747474747475,possible_instrumental_spike
Avg_CDOM,2021-01-01 10:51:40+00:00,2021-01-01 10:51:40+00:00,1,1.69,1.69,0.5974025974025974,possible_instrumental_spike
Avg_CDOM,2021-01-21 23:21:40+00:00,2021-01-21 23:21:40+00:00,1,0.97,0.97,0.6666666666666663,possible_instrumental_spike
Avg_CDOM,2021-01-30 11:21:40+00:00,2021-01-30 11:21:40+00:00,1,1.44,1.44,0.5888888888888889,possible_instrumental_spike
Avg_CDOM,2021-02-14 03:51:40+00:00,2021-02-14 03:51:40+00:00,1,8.01,8.01,0.9546703296703296,possible_instrumental_spike
Avg_CDOM,2021-02-27 09:51:40+00:00,2021-02-27 09:51:40+00:00,1,1.81,1.81,0.5793650793650793,possible_instrumental_spike
Avg_CDOM,2021-02-27 20:51:40+00:00,2021-02-27 20:51:40+00:00,1,2.02,2.02,0.8142857142857144,possible_instrumental_spike
Avg_CDOM,2021-03-08 08:51:40+00:00,2021-03-08 08:51:40+00:00,1,2.68,2.68,0.9497206703910616,possible_instrumental_spike
Avg_CDOM,2021-03-11 06:21:40+00:00,2021-03-11 06:21:40+00:00,1,2.36,2.36,0.8909090909090908,possible_instrumental_spike
Avg_CDOM,2021-03-20 01:21:40+00:00,2021-03-20 01:21:40+00:00,1,1.54,1.54,0.6144578313253012,possible_instrumental_spike
Avg_CDOM,2021-03-22 06:51:40+00:00,2021-03-22 06:51:40+00:00,1,0.83,0.83,0.8333333333333334,possible_instrumental_spike
Avg_CDOM,2021-03-23 02:21:40+00:00,2021-03-23 02:21:40+00:00,1,0.74,0.74,0.5384615384615389,possible_instrumental_spike
Avg_CDOM,2021-03-23 19:21:40+00:00,2021-03-23 19:21:40+00:00,1,11.09,11.09,0.9777992277992278,possible_instrumental_spike
Avg_CDOM,2021-04-04 02:51:40+00:00,2021-04-04 02:51:40+00:00,1,6.02,6.02,0.9536178107606679,possible_instrumental_spike
Avg_CDOM,2021-04-05 01:21:40+00:00,2021-04-05 01:21:40+00:00,1,2.25,2.25,0.7000000000000001,possible_instrumental_spike
Avg_CDOM,2021-04-06 21:21:40+00:00,2021-04-06 21:21:40+00:00,1,1.68,1.68,0.8617021276595744,possible_instrumental_spike
Avg_CDOM,2021-04-12 06:21:40+00:00,2021-04-12 06:21:40+00:00,1,4.25,4.25,0.9348441926345608,possible_instrumental_spike
Avg_CDOM,2021-04-17 01:21:40+00:00,2021-04-17 01:21:40+00:00,1,1.23,1.23,0.5769230769230765,possible_instrumental_spike
Avg_CDOM,2021-04-17 14:51:40+00:00,2021-04-17 14:51:40+00:00,1,1.19,1.19,0.5999999999999995,possible_instrumental_spike
Avg_CDOM,2021-04-17 20:51:40+00:00,2021-04-17 20:51:40+00:00,1,2.26,2.26,0.8999999999999999,possible_instrumental_spike
Avg_CDOM,2021-04-18 17:51:40+00:00,2021-04-18 17:51:40+00:00,1,1.2,1.2,0.6499999999999996,possible_instrumental_spike
Avg_CDOM,2021-04-23 06:51:40+00:00,2021-04-23 06:51:40+00:00,1,4.15,4.15,0.8504398826979472,possible_instrumental_spike
Avg_CDOM,2021-04-25 11:21:40+00:00,2021-04-25 11:21:40+00:00,1,3.15,3.15,0.7905982905982906,possible_instrumental_spike
Avg_CDOM,2021-05-11 00:21:40+00:00,2021-05-11 00:21:40+00:00,1,1.57,1.57,0.5454545454545452,possible_instrumental_spike
Avg_CDOM,2021-06-03 18:21:40+00:00,2021-06-03 18:21:40+00:00,1,1.76,1.76,0.6883116883116883,possible_instrumental_spike
Avg_CDOM,2021-06-11 11:51:40+00:00,2021-06-11 11:51:40+00:00,1,1.94,1.94,0.6952380952380953,possible_instrumental_spike
Avg_CDOM,2021-07-16 16:51:40+00:00,2021-07-16 16:51:40+00:00,1,0.61,0.61,0.6282051282051284,possible_instrumental_spike
Avg_CDOM,2021-07-17 14:21:40+00:00,2021-07-17 14:21:40+00:00,1,2.55,2.55,0.5465116279069767,possible_instrumental_spike
Avg_CDOM,2021-07-22 13:21:40+00:00,2021-07-22 13:21:40+00:00,1,2.03,2.03,0.5522388059701492,possible_instrumental_spike
Avg_CDOM,2021-07-26 12:21:40+00:00,2021-07-26 12:21:40+00:00,1,3.27,3.27,0.851528384279476,possible_instrumental_spike
Avg_CDOM,2021-07-28 13:51:40+00:00,2021-07-28 13:51:40+00:00,1,3.86,3.86,0.8689655172413792,possible_instrumental_spike
Avg_CDOM,2021-07-29 11:51:40+00:00,2021-07-29 11:51:40+00:00,1,4.72,4.72,0.8692307692307691,possible_instrumental_spike
Avg_CDOM,2021-07-29 17:51:40+00:00,2021-07-29 17:51:40+00:00,1,4.21,4.21,0.7226666666666667,possible_instrumental_spike
Avg_CDOM,2021-07-30 01:51:40+00:00,2021-07-30 01:51:40+00:00,1,4.46,4.46,0.7575000000000001,possible_instrumental_spike
Avg_CDOM,2021-07-30 04:51:40+00:00,2021-07-30 04:51:40+00:00,1,4.54,4.54,0.7662337662337663,possible_instrumental_spike
Avg_CDOM,2021-07-30 08:21:40+00:00,2021-07-30 08:21:40+00:00,1,4.53,4.53,0.7170731707317073,possible_instrumental_spike
Avg_CDOM,2021-07-30 11:21:40+00:00,2021-07-30 11:21:40+00:00,1,4.22,4.22,0.7272727272727273,possible_instrumental_spike
Avg_CDOM,2021-07-30 18:21:40+00:00,2021-07-30 18:21:40+00:00,1,4.37,4.37,0.736842105263158,possible_instrumental_spike
Avg_CDOM,2021-07-30 21:21:40+00:00,2021-07-30 21:21:40+00:00,1,4.38,4.38,0.7662337662337664,possible_instrumental_spike
Avg_CDOM,2021-07-31 20:21:40+00:00,2021-07-31 20:21:40+00:00,1,4.0,4.0,0.7603305785123966,possible_instrumental_spike
Avg_CDOM,2021-08-02 13:21:40+00:00,2021-08-02 13:21:40+00:00,1,4.52,4.52,0.8395989974937343,possible_instrumental_spike
Avg_CDOM,2021-08-02 19:51:40+00:00,2021-08-02 19:51:40+00:00,1,4.12,4.12,0.937704918032787,possible_instrumental_spike
Avg_CDOM,2021-08-04 12:51:40+00:00,2021-08-04 12:51:40+00:00,1,3.51,3.51,0.8448979591836735,possible_instrumental_spike
Avg_CDOM,2021-08-04 16:21:40+00:00,2021-08-04 16:21:40+00:00,1,3.68,3.68,0.8740740740740741,possible_instrumental_spike
Avg_CDOM,2021-08-05 01:21:40+00:00,2021-08-05 01:21:40+00:00,1,3.21,3.21,0.8067632850241544,possible_instrumental_spike
Avg_CDOM,2021-08-07 23:21:40+00:00,2021-08-07 23:21:40+00:00,1,3.12,3.12,0.6951871657754011,possible_instrumental_spike
Avg_CDOM,2021-08-08 10:51:40+00:00,2021-08-08 10:51:40+00:00,1,2.83,2.83,0.7066666666666667,possible_instrumental_spike
Avg_CDOM,2021-08-09 22:51:40+00:00,2021-08-09 22:51:40+00:00,1,3.28,3.28,0.6761904761904761,possible_instrumental_spike
Avg_CDOM,2021-08-10 02:21:40+00:00,2021-08-10 02:21:40+00:00,1,3.73,3.73,0.6355932203389831,possible_instrumental_spike
Avg_CDOM,2021-08-10 07:21:40+00:00,2021-08-10 07:21:40+00:00,1,3.11,3.11,0.6345177664974618,possible_instrumental_spike
Avg_CDOM,2021-08-10 15:21:40+00:00,2021-08-10 15:21:40+00:00,1,3.4,3.4,0.5973451327433629,possible_instrumental_spike
Avg_CDOM,2021-08-11 06:51:40+00:00,2021-08-11 06:51:40+00:00,1,3.48,3.48,0.7499999999999999,possible_instrumental_spike
Avg_CDOM,2021-09-01 23:51:40+00:00,2021-09-01 23:51:40+00:00,1,1.23,1.23,0.6666666666666666,possible_instrumental_spike
Avg_CDOM,2021-10-14 16:21:40+00:00,2021-10-14 16:21:40+00:00,1,1.83,1.83,0.8189655172413792,possible_instrumental_spike
Avg_CDOM,2021-10-15 07:51:40+00:00,2021-10-15 07:51:40+00:00,1,1.44,1.44,0.6842105263157894,possible_instrumental_spike
Avg_CDOM,2021-10-29 20:51:40+00:00,2021-10-29 20:51:40+00:00,1,1.17,1.17,0.543478260869565,possible_instrumental_spike
Avg_CDOM,2021-10-30 16:51:40+00:00,2021-10-30 16:51:40+00:00,1,1.25,1.25,0.75,possible_instrumental_spike
Avg_CDOM,2021-11-12 21:51:40+00:00,2021-11-12 21:51:40+00:00,1,0.96,0.96,0.5999999999999996,possible_instrumental_spike
Avg_CDOM,2021-11-17 11:21:40+00:00,2021-11-17 11:21:40+00:00,1,1.17,1.17,0.5357142857142856,possible_instrumental_spike
Avg_CDOM,2021-11-21 20:21:40+00:00,2021-11-21 20:21:40+00:00,1,1.23,1.23,0.647887323943662,possible_instrumental_spike
Avg_CDOM,2021-11-25 09:21:40+00:00,2021-11-25 09:21:40+00:00,1,17.86,17.86,0.9836734693877552,possible_instrumental_spike
Avg_CDOM,2021-12-07 08:21:40+00:00,2021-12-07 08:21:40+00:00,1,0.94,0.94,0.6136363636363635,possible_instrumental_spike
Avg_CDOM,2021-12-07 14:51:40+00:00,2021-12-07 14:51:40+00:00,1,1.56,1.56,0.5822784810126581,possible_instrumental_spike
Avg_CDOM,2021-12-09 19:51:40+00:00,2021-12-09 19:51:40+00:00,1,1.72,1.72,0.632183908045977,possible_instrumental_spike
Avg_CDOM,2021-12-14 10:21:40+00:00,2021-12-14 10:21:40+00:00,1,1.57,1.57,0.5324675324675326,possible_instrumental_spike
Avg_CDOM,2021-12-17 15:21:40+00:00,2021-12-17 15:21:40+00:00,1,6.44,6.44,0.6923076923076924,possible_instrumental_spike
Avg_CDOM,2021-12-27 11:21:40+00:00,2021-12-27 11:21:40+00:00,1,4.4,4.4,0.6263736263736266,possible_instrumental_spike
Avg_CDOM,2021-12-28 09:21:40+00:00,2021-12-28 09:21:40+00:00,1,4.21,4.21,0.5772357723577236,possible_instrumental_spike
Avg_CDOM,2021-12-28 13:51:40+00:00,2021-12-28 13:51:40+00:00,1,4.34,4.34,0.5481049562682216,possible_instrumental_spike
Avg_CDOM,2021-12-28 19:21:40+00:00,2021-12-28 19:21:40+00:00,1,3.51,3.51,0.6182795698924731,possible_instrumental_spike
Avg_CDOM,2021-12-29 18:51:40+00:00,2021-12-29 18:51:40+00:00,1,3.67,3.67,0.6083916083916084,possible_instrumental_spike
Avg_CDOM,2022-01-06 10:21:40+00:00,2022-01-06 10:21:40+00:00,1,3.1,3.1,0.5247524752475248,possible_instrumental_spike
Avg_CDOM,2022-02-08 11:21:40+00:00,2022-02-08 11:21:40+00:00,1,2.92,2.92,0.5548387096774193,possible_instrumental_spike
Avg_CDOM,2022-02-11 13:21:40+00:00,2022-02-11 13:21:40+00:00,1,1.95,1.95,0.6571428571428571,possible_instrumental_spike
Avg_CDOM,2022-02-11 16:21:40+00:00,2022-02-11 16:21:40+00:00,1,1.65,1.65,0.5555555555555556,possible_instrumental_spike
Avg_CDOM,2022-02-12 11:51:40+00:00,2022-02-12 11:51:40+00:00,1,2.42,2.42,0.9166666666666666,possible_instrumental_spike
Avg_CDOM,2022-02-17 13:51:40+00:00,2022-02-17 13:51:40+00:00,1,3.32,3.32,0.8196721311475409,possible_instrumental_spike
Avg_CDOM,2022-02-17 19:21:40+00:00,2022-02-17 19:21:40+00:00,1,2.0,2.0,0.7253521126760564,possible_instrumental_spike
Avg_CDOM,2022-02-18 14:21:40+00:00,2022-02-18 14:21:40+00:00,1,2.39,2.39,0.7152317880794702,possible_instrumental_spike
Avg_CDOM,2022-02-23 18:21:40+00:00,2022-02-23 18:21:40+00:00,1,1.3,1.3,0.7142857142857143,possible_instrumental_spike
Avg_CDOM,2022-02-27 18:21:40+00:00,2022-02-27 18:21:40+00:00,1,1.29,1.29,0.7647058823529411,possible_instrumental_spike
Avg_CDOM,2022-03-07 04:21:40+00:00,2022-03-07 04:21:40+00:00,1,3.71,3.71,0.9078947368421052,possible_instrumental_spike
Avg_CDOM,2022-03-08 09:21:40+00:00,2022-03-08 09:21:40+00:00,1,0.96,0.96,0.5454545454545453,possible_instrumental_spike
Avg_CDOM,2022-03-10 10:21:40+00:00,2022-03-10 10:21:40+00:00,1,0.98,0.98,0.5789473684210528,possible_instrumental_spike
Avg_CDOM,2022-03-10 20:21:40+00:00,2022-03-10 20:21:40+00:00,1,1.03,1.03,0.8235294117647057,possible_instrumental_spike
Avg_CDOM,2022-03-11 04:51:40+00:00,2022-03-11 04:51:40+00:00,1,1.17,1.17,0.8064516129032256,possible_instrumental_spike
Avg_CDOM,2022-03-11 20:51:40+00:00,2022-03-11 20:51:40+00:00,1,1.04,1.04,0.739130434782609,possible_instrumental_spike
Avg_CDOM,2022-03-13 21:51:40+00:00,2022-03-13 21:51:40+00:00,1,1.29,1.29,0.75,possible_instrumental_spike
Avg_CDOM,2022-03-20 13:51:40+00:00,2022-03-20 13:51:40+00:00,1,1.1,1.1,0.5227272727272728,possible_instrumental_spike
Avg_CDOM,2022-05-30 13:51:40+00:00,2022-05-30 13:51:40+00:00,1,2.08,2.08,0.7610619469026548,possible_instrumental_spike
Avg_CDOM,2022-07-21 02:51:40+00:00,2022-07-21 02:51:40+00:00,1,1.79,1.79,0.5749999999999998,possible_instrumental_spike
Avg_CDOM,2022-09-01 01:51:40+00:00,2022-09-01 01:51:40+00:00,1,1.01,1.01,0.6333333333333334,possible_instrumental_spike
Avg_CDOM,2022-09-07 14:21:40+00:00,2022-09-07 14:21:40+00:00,1,0.56,0.56,0.5937499999999999,possible_instrumental_spike
Avg_CDOM,2022-10-02 07:21:40+00:00,2022-10-02 07:21:40+00:00,1,0.83,0.83,0.5294117647058824,possible_instrumental_spike
Avg_CDOM,2022-11-01 18:51:40+00:00,2022-11-01 18:51:40+00:00,1,0.55,0.55,0.7000000000000004,possible_instrumental_spike
Avg_CDOM,2022-11-03 06:21:40+00:00,2022-11-03 06:21:40+00:00,1,0.77,0.77,0.5454545454545454,possible_instrumental_spike
Avg_CDOM,2022-11-13 16:51:40+00:00,2022-11-13 16:51:40+00:00,1,0.83,0.83,0.6585365853658535,possible_instrumental_spike
Avg_CDOM,2022-11-17 01:21:40+00:00,2022-11-17 01:21:40+00:00,1,0.57,0.57,0.6,possible_instrumental_spike
Avg_CDOM,2022-11-30 04:51:40+00:00,2022-11-30 04:51:40+00:00,1,45.12,45.12,0.9975303098338573,possible_instrumental_spike
Avg_CDOM,2022-12-09 19:21:40+00:00,2022-12-09 19:21:40+00:00,1,0.8,0.8,0.7073170731707318,possible_instrumental_spike
Avg_CDOM,2022-12-10 10:51:40+00:00,2022-12-10 10:51:40+00:00,1,2.82,2.82,0.9291666666666667,possible_instrumental_spike
Avg_CDOM,2022-12-10 14:51:40+00:00,2022-12-10 14:51:40+00:00,1,15.72,15.72,0.9927679158448389,possible_instrumental_spike
Avg_CDOM,2022-12-17 14:51:40+00:00,2022-12-17 14:51:40+00:00,1,1.28,1.28,0.8082191780821919,possible_instrumental_spike
Avg_CDOM,2022-12-27 14:51:40+00:00,2022-12-27 14:51:40+00:00,1,2.49,2.49,0.9137055837563453,possible_instrumental_spike
Avg_CDOM,2023-01-03 20:51:40+00:00,2023-01-03 20:51:40+00:00,1,0.89,0.89,0.575757575757576,possible_instrumental_spike
Avg_CDOM,2023-01-04 21:21:40+00:00,2023-01-04 21:21:40+00:00,1,5.0,5.0,0.9406392694063928,possible_instrumental_spike
Avg_CDOM,2023-01-05 17:51:40+00:00,2023-01-05 17:51:40+00:00,1,1.82,1.82,0.7950819672131147,possible_instrumental_spike
Avg_CDOM,2023-01-07 15:51:40+00:00,2023-01-07 15:51:40+00:00,1,1.44,1.44,0.625,possible_instrumental_spike
Avg_CDOM,2023-01-11 10:21:40+00:00,2023-01-11 10:21:40+00:00,1,0.99,0.99,0.558139534883721,possible_instrumental_spike
Avg_CDOM,2023-01-12 17:21:40+00:00,2023-01-12 17:21:40+00:00,1,8.99,8.99,0.944976076555024,possible_instrumental_spike
Avg_CDOM,2023-01-28 18:51:40+00:00,2023-01-28 18:51:40+00:00,1,1.38,1.38,0.8749999999999999,possible_instrumental_spike
Avg_CDOM,2023-01-30 11:21:40+00:00,2023-01-30 11:21:40+00:00,1,1.01,1.01,0.5714285714285715,possible_instrumental_spike
Avg_CDOM,2023-02-01 08:51:40+00:00,2023-02-01 08:51:40+00:00,1,4.12,4.12,0.8801169590643274,possible_instrumental_spike
Avg_CDOM,2023-02-12 16:21:40+00:00,2023-02-12 16:21:40+00:00,1,1.26,1.26,0.8,possible_instrumental_spike
Avg_CDOM,2023-02-17 17:21:40+00:00,2023-02-17 17:21:40+00:00,1,1.85,1.85,0.8309859154929577,possible_instrumental_spike
Avg_CDOM,2023-02-19 06:51:40+00:00,2023-02-19 06:51:40+00:00,1,0.94,0.94,0.5490196078431371,possible_instrumental_spike
Avg_CDOM,2023-02-21 02:21:40+00:00,2023-02-21 02:21:40+00:00,1,1.18,1.18,0.5230769230769231,possible_instrumental_spike
Avg_CDOM,2023-02-23 09:51:40+00:00,2023-02-23 09:51:40+00:00,1,0.81,0.81,0.5757575757575758,possible_instrumental_spike
Avg_CDOM,2023-02-26 21:51:40+00:00,2023-02-26 21:51:40+00:00,1,1.44,1.44,0.5308641975308641,possible_instrumental_spike
Avg_CDOM,2023-02-28 18:51:40+00:00,2023-02-28 18:51:40+00:00,1,1.58,1.58,0.7999999999999999,possible_instrumental_spike
Avg_CDOM,2023-03-03 10:21:40+00:00,2023-03-03 10:21:40+00:00,1,1.2,1.2,0.5434782608695653,possible_instrumental_spike
Avg_CDOM,2023-03-03 18:51:40+00:00,2023-03-03 18:51:40+00:00,1,1.22,1.22,0.7,possible_instrumental_spike
Avg_CDOM,2023-03-04 06:51:40+00:00,2023-03-04 06:51:40+00:00,1,1.12,1.12,0.5319148936170214,possible_instrumental_spike
Avg_CDOM,2023-03-05 12:21:40+00:00,2023-03-05 12:21:40+00:00,1,5.61,5.61,0.9488752556237219,possible_instrumental_spike
Avg_CDOM,2023-03-05 16:51:40+00:00,2023-03-05 16:51:40+00:00,1,4.33,4.33,0.9378378378378378,possible_instrumental_spike
Avg_CDOM,2023-03-09 21:21:40+00:00,2023-03-09 21:21:40+00:00,1,1.72,1.72,0.8099173553719008,possible_instrumental_spike
Avg_CDOM,2023-03-18 19:51:40+00:00,2023-03-18 19:51:40+00:00,1,1.38,1.38,0.7738095238095238,possible_instrumental_spike
Avg_CDOM,2023-03-19 09:21:40+00:00,2023-03-19 09:21:40+00:00,1,3.43,3.43,0.9442508710801393,possible_instrumental_spike
Avg_CDOM,2023-04-03 00:21:40+00:00,2023-04-03 00:21:40+00:00,1,0.78,0.78,0.5172413793103449,possible_instrumental_spike
Avg_CDOM,2023-04-03 07:51:40+00:00,2023-04-03 07:51:40+00:00,1,1.24,1.24,0.7625,possible_instrumental_spike
Avg_CDOM,2023-04-11 17:51:40+00:00,2023-04-11 17:51:40+00:00,1,0.53,0.53,0.5714285714285715,possible_instrumental_spike
Avg_CDOM,2023-04-15 19:51:40+00:00,2023-04-15 19:51:40+00:00,1,0.83,0.83,0.7692307692307692,possible_instrumental_spike
Avg_CDOM,2023-04-28 17:21:40+00:00,2023-04-28 17:21:40+00:00,1,0.44,0.44,0.9000000000000005,possible_instrumental_spike
Avg_CDOM,2023-05-08 03:51:40+00:00,2023-05-08 03:51:40+00:00,1,1.05,1.05,0.5324675324675325,possible_instrumental_spike
Avg_CDOM,2023-05-10 10:21:40+00:00,2023-05-10 10:21:40+00:00,1,0.98,0.98,0.5507246376811594,possible_instrumental_spike
Avg_CDOM,2023-05-20 16:21:40+00:00,2023-05-20 16:21:40+00:00,1,24.66,24.66,0.992986798679868,possible_instrumental_spike
Avg_CDOM,2023-05-23 16:51:40+00:00,2023-05-23 16:51:40+00:00,1,0.99,0.99,0.7777777777777778,possible_instrumental_spike
Avg_CDOM,2023-05-27 09:51:40+00:00,2023-05-27 09:51:40+00:00,1,6.26,6.26,0.7167530224525044,possible_instrumental_spike
Avg_CDOM,2023-06-05 17:21:40+00:00,2023-06-05 17:21:40+00:00,1,81.82,81.82,0.5254945324978499,possible_instrumental_spike
Avg_CDOM,2023-06-06 15:21:40+00:00,2023-06-06 15:21:40+00:00,1,4.85,4.85,0.9410430839002268,possible_instrumental_spike
Avg_CDOM,2023-06-07 14:51:40+00:00,2023-06-07 14:51:40+00:00,1,35.37,35.37,0.869215291750503,possible_instrumental_spike
Avg_CDOM,2023-06-08 13:21:40+00:00,2023-06-08 13:21:40+00:00,1,12.87,12.87,0.5717741935483871,possible_instrumental_spike
Avg_CDOM,2023-06-08 18:21:40+00:00,2023-06-08 18:21:40+00:00,1,5.8,5.8,0.7935606060606061,possible_instrumental_spike
Avg_CDOM,2023-06-13 17:51:40+00:00,2023-06-13 17:51:40+00:00,1,1.99,1.99,0.785234899328859,possible_instrumental_spike
Avg_CDOM,2023-06-14 16:21:40+00:00,2023-06-14 16:21:40+00:00,1,5.26,5.26,0.6962025316455696,possible_instrumental_spike
Avg_CDOM,2023-06-14 19:51:40+00:00,2023-06-14 19:51:40+00:00,1,5.52,5.52,0.712,possible_instrumental_spike
Avg_CDOM,2023-06-15 10:21:40+00:00,2023-06-15 10:21:40+00:00,1,2.08,2.08,0.6222222222222222,possible_instrumental_spike
Avg_CDOM,2023-06-17 10:51:40+00:00,2023-06-17 10:51:40+00:00,1,11.07,11.07,0.8244274809160306,possible_instrumental_spike
Avg_CDOM,2023-06-17 18:51:40+00:00,2023-06-17 18:51:40+00:00,1,16.53,16.53,0.5856697819314642,possible_instrumental_spike
Avg_CDOM,2023-06-21 11:51:40+00:00,2023-06-21 11:51:40+00:00,1,1.44,1.44,0.7701149425287356,possible_instrumental_spike
Avg_CDOM,2023-07-05 14:21:40+00:00,2023-07-05 14:21:40+00:00,1,3.91,3.91,0.9197530864197531,possible_instrumental_spike
Avg_CDOM,2023-07-07 22:21:40+00:00,2023-07-07 22:21:40+00:00,1,0.99,0.99,0.7777777777777776,possible_instrumental_spike
Avg_CDOM,2023-07-16 05:21:40+00:00,2023-07-16 05:21:40+00:00,1,0.97,0.97,0.5510204081632654,possible_instrumental_spike
Avg_CDOM,2023-07-20 05:21:40+00:00,2023-07-20 05:21:40+00:00,1,1.77,1.77,0.8923076923076924,possible_instrumental_spike
Avg_CDOM,2023-07-23 14:51:40+00:00,2023-07-23 14:51:40+00:00,1,0.69,0.69,0.666666666666667,possible_instrumental_spike
Avg_CDOM,2023-07-24 15:51:40+00:00,2023-07-24 15:51:40+00:00,1,0.85,0.85,0.7741935483870969,possible_instrumental_spike
Avg_CDOM,2023-07-26 06:21:40+00:00,2023-07-26 06:21:40+00:00,1,0.64,0.64,0.5714285714285714,possible_instrumental_spike
Avg_CDOM,2023-07-26 18:51:40+00:00,2023-07-26 18:51:40+00:00,1,0.77,0.77,0.863636363636364,possible_instrumental_spike
Avg_CDOM,2023-07-29 00:51:40+00:00,2023-07-29 00:51:40+00:00,1,0.77,0.77,0.5333333333333333,possible_instrumental_spike
Avg_CDOM,2023-07-29 18:51:40+00:00,2023-07-29 18:51:40+00:00,1,0.87,0.87,0.6,possible_instrumental_spike
Avg_CDOM,2023-08-02 04:21:40+00:00,2023-08-02 04:21:40+00:00,1,1.27,1.27,0.8271604938271605,possible_instrumental_spike
Avg_CDOM,2023-08-15 21:51:40+00:00,2023-08-15 21:51:40+00:00,1,1.6,1.6,0.8623853211009174,possible_instrumental_spike
Avg_CDOM,2023-08-17 07:21:40+00:00,2023-08-17 07:21:40+00:00,1,0.92,0.92,0.744186046511628,possible_instrumental_spike
Avg_CDOM,2023-08-29 21:51:40+00:00,2023-08-29 21:51:40+00:00,1,0.98,0.98,0.7301587301587301,possible_instrumental_spike
Avg_CDOM,2023-08-31 01:21:40+00:00,2023-08-31 01:21:40+00:00,1,0.73,0.73,0.5789473684210525,possible_instrumental_spike
Avg_CDOM,2023-09-03 02:51:40+00:00,2023-09-03 02:51:40+00:00,1,0.91,0.91,0.6181818181818183,possible_instrumental_spike
Avg_CDOM,2023-09-03 14:51:40+00:00,2023-09-03 14:51:40+00:00,1,3.12,3.12,0.7536764705882352,possible_instrumental_spike
Avg_CDOM,2023-09-06 05:21:40+00:00,2023-09-06 05:21:40+00:00,1,17.48,17.48,0.9964768056371108,possible_instrumental_spike
Avg_CDOM,2023-09-08 03:51:40+00:00,2023-09-08 03:51:40+00:00,1,2.19,2.19,0.9044943820224718,possible_instrumental_spike
Avg_CDOM,2023-09-12 20:21:40+00:00,2023-09-12 20:21:40+00:00,1,25.59,25.59,0.6302186878727635,possible_instrumental_spike
Avg_CDOM,2023-09-15 06:51:40+00:00,2023-09-15 06:51:40+00:00,1,2.07,2.07,0.7341040462427746,possible_instrumental_spike
Avg_CDOM,2023-09-16 04:51:40+00:00,2023-09-16 04:51:40+00:00,1,4.45,4.45,0.8426150121065377,possible_instrumental_spike
Avg_CDOM,2023-09-16 11:21:40+00:00,2023-09-16 11:21:40+00:00,1,6.6,6.6,0.6158833063209076,possible_instrumental_spike
Avg_CDOM,2023-09-16 15:51:40+00:00,2023-09-16 15:51:40+00:00,1,24.31,24.31,0.6783479349186483,possible_instrumental_spike
Avg_CDOM,2023-09-24 20:21:40+00:00,2023-09-24 20:21:40+00:00,1,4.23,4.23,0.962962962962963,possible_instrumental_spike
Avg_CDOM,2023-09-25 17:51:40+00:00,2023-09-25 17:51:40+00:00,1,0.95,0.95,0.7857142857142857,possible_instrumental_spike
Avg_CDOM,2023-09-26 19:21:40+00:00,2023-09-26 19:21:40+00:00,1,16.62,16.62,0.8649815043156596,possible_instrumental_spike
Avg_CDOM,2023-09-29 16:21:40+00:00,2023-09-29 16:21:40+00:00,1,66.46,66.46,0.9129247572815534,possible_instrumental_spike
Avg_CDOM,2023-09-30 11:51:40+00:00,2023-09-30 11:51:40+00:00,1,0.8,0.8,0.7222222222222222,possible_instrumental_spike
Avg_CDOM,2023-10-04 03:21:40+00:00,2023-10-04 03:21:40+00:00,1,0.61,0.61,0.636363636363636,possible_instrumental_spike
Avg_CDOM,2023-10-06 00:51:40+00:00,2023-10-06 00:51:40+00:00,1,1.29,1.29,0.7625,possible_instrumental_spike
Avg_CDOM,2023-10-11 01:51:40+00:00,2023-10-11 01:51:40+00:00,1,1.54,1.54,0.680672268907563,possible_instrumental_spike
Avg_CDOM,2023-10-11 09:21:40+00:00,2023-10-11 09:21:40+00:00,1,0.88,0.88,0.8200000000000001,possible_instrumental_spike
Avg_CDOM,2023-10-12 09:51:40+00:00,2023-10-12 09:51:40+00:00,1,9.2,9.2,0.9875141884222475,possible_instrumental_spike
Avg_CDOM,2023-10-12 16:21:40+00:00,2023-10-12 16:21:40+00:00,1,2.99,2.99,0.900763358778626,possible_instrumental_spike
Avg_CDOM,2023-10-13 09:51:40+00:00,2023-10-13 09:51:40+00:00,1,0.72,0.72,0.7575757575757577,possible_instrumental_spike
Avg_CDOM,2023-10-14 14:21:40+00:00,2023-10-14 14:21:40+00:00,1,4.65,4.65,0.702576112412178,possible_instrumental_spike
Avg_CDOM,2023-10-17 06:21:40+00:00,2023-10-17 06:21:40+00:00,1,1.07,1.07,0.823529411764706,possible_instrumental_spike
Avg_CDOM,2023-10-18 03:51:40+00:00,2023-10-18 03:51:40+00:00,1,1.3,1.3,0.8749999999999999,possible_instrumental_spike
Avg_CDOM,2023-10-19 15:21:40+00:00,2023-10-19 15:21:40+00:00,1,7.11,7.11,0.5215384615384615,possible_instrumental_spike
Avg_CDOM,2023-10-21 11:21:40+00:00,2023-10-21 11:21:40+00:00,1,7.48,7.48,0.6459802538787024,possible_instrumental_spike
Avg_CDOM,2023-10-22 12:21:40+00:00,2023-10-22 12:21:40+00:00,1,4.86,4.86,0.6013513513513514,possible_instrumental_spike
Avg_CDOM,2023-10-25 10:51:40+00:00,2023-10-25 10:51:40+00:00,1,30.6,30.6,0.72658060244952,possible_instrumental_spike
Avg_CDOM,2023-10-29 01:21:40+00:00,2023-10-29 01:21:40+00:00,1,21.16,21.16,0.9821944177093358,possible_instrumental_spike
Avg_CDOM,2023-11-01 16:21:40+00:00,2023-11-01 16:21:40+00:00,1,43.19,43.19,0.8910542380840573,possible_instrumental_spike
Avg_CDOM,2023-11-03 10:21:40+00:00,2023-11-03 10:21:40+00:00,1,19.73,19.73,0.6521513737687922,possible_instrumental_spike
Avg_CDOM,2023-11-04 13:51:40+00:00,2023-11-04 13:51:40+00:00,1,21.8,21.8,0.7969995311767463,possible_instrumental_spike
Avg_CDOM,2023-11-08 01:21:40+00:00,2023-11-08 01:21:40+00:00,1,0.68,0.68,0.5483870967741936,possible_instrumental_spike
Avg_CDOM,2023-11-09 22:21:40+00:00,2023-11-09 22:21:40+00:00,1,6.8,6.8,0.7147335423197492,possible_instrumental_spike
Avg_CDOM,2023-11-21 06:51:40+00:00,2023-11-21 06:51:40+00:00,1,0.37,0.37,0.6666666666666679,possible_instrumental_spike
Avg_CDOM,2023-11-26 10:21:40+00:00,2023-11-26 10:21:40+00:00,1,42.21,42.21,0.5805913209346686,possible_instrumental_spike
Avg_CDOM,2023-11-27 13:21:40+00:00,2023-11-27 13:21:40+00:00,1,0.36,0.36,0.5714285714285711,possible_instrumental_spike
Avg_CDOM,2023-11-29 14:51:40+00:00,2023-11-29 14:51:40+00:00,1,6.24,6.24,0.734453781512605,possible_instrumental_spike
Avg_CDOM,2023-11-29 23:51:40+00:00,2023-11-29 23:51:40+00:00,1,0.66,0.66,0.8648648648648648,possible_instrumental_spike
Avg_CDOM,2023-12-05 13:51:40+00:00,2023-12-05 13:51:40+00:00,1,3.77,3.77,0.9628571428571429,possible_instrumental_spike
Avg_CDOM,2023-12-05 21:21:40+00:00,2023-12-05 21:21:40+00:00,1,0.33,0.33,0.6000000000000006,possible_instrumental_spike
Avg_CDOM,2023-12-06 13:51:40+00:00,2023-12-06 13:51:40+00:00,1,20.63,20.63,0.8993123772102161,possible_instrumental_spike
Avg_CDOM,2023-12-08 10:51:40+00:00,2023-12-08 10:51:40+00:00,1,1.44,1.44,0.717948717948718,possible_instrumental_spike
Avg_CDOM,2023-12-08 18:51:40+00:00,2023-12-08 18:51:40+00:00,1,30.43,30.43,0.7543103448275862,possible_instrumental_spike
Avg_CDOM,2023-12-09 10:51:40+00:00,2023-12-09 10:51:40+00:00,1,10.2,10.2,0.998992950654582,possible_instrumental_spike
Avg_CDOM,2023-12-10 16:51:40+00:00,2023-12-10 16:51:40+00:00,1,3.13,3.13,0.944055944055944,possible_instrumental_spike
Avg_CDOM,2023-12-11 11:51:40+00:00,2023-12-11 11:51:40+00:00,1,12.94,12.94,0.8531965272296763,possible_instrumental_spike
Avg_CDOM,2023-12-11 18:21:40+00:00,2023-12-11 18:21:40+00:00,1,0.29,0.29,0.6666666666666661,possible_instrumental_spike
Avg_CDOM,2023-12-12 05:21:40+00:00,2023-12-12 05:21:40+00:00,1,0.28,0.28,1.0,possible_instrumental_spike
Avg_CDOM,2023-12-18 03:51:40+00:00,2023-12-18 03:51:40+00:00,1,22.69,22.69,0.9995539696699375,possible_instrumental_spike
Avg_CDOM,2023-12-18 23:21:40+00:00,2023-12-18 23:21:40+00:00,1,0.27,0.27,1.0,possible_instrumental_spike
Avg_CDOM,2023-12-20 12:51:40+00:00,2023-12-20 12:51:40+00:00,1,27.31,27.31,0.6201923076923077,possible_instrumental_spike
Avg_CDOM,2023-12-21 08:21:40+00:00,2023-12-21 08:21:40+00:00,1,0.4,0.4,0.8461538461538465,possible_instrumental_spike
Avg_CDOM,2023-12-24 08:51:40+00:00,2023-12-24 08:51:40+00:00,1,0.41,0.41,0.9333333333333332,possible_instrumental_spike
Avg_CDOM,2023-12-25 07:51:40+00:00,2023-12-25 07:51:40+00:00,1,13.62,13.62,0.652694610778443,possible_instrumental_spike
Avg_CDOM,2023-12-25 14:21:40+00:00,2023-12-25 14:21:40+00:00,1,18.16,18.16,0.733109994416527,possible_instrumental_spike
Avg_CDOM,2023-12-25 20:21:40+00:00,2023-12-25 20:21:40+00:00,1,2.89,2.89,0.7110266159695818,possible_instrumental_spike
Avg_CDOM,2023-12-27 02:21:40+00:00,2023-12-27 02:21:40+00:00,1,0.28,0.28,1.0,possible_instrumental_spike
Avg_CDOM,2023-12-27 15:51:40+00:00,2023-12-27 15:51:40+00:00,1,11.83,11.83,0.5198618307426598,possible_instrumental_spike
Avg_CDOM,2023-12-30 08:21:40+00:00,2023-12-30 08:21:40+00:00,1,0.26,0.26,1.0,possible_instrumental_spike
Avg_CDOM,2023-12-31 00:51:40+00:00,2023-12-31 00:51:40+00:00,1,0.32,0.32,1.0,possible_instrumental_spike
Avg_CDOM,2024-01-02 16:21:40+00:00,2024-01-02 16:21:40+00:00,1,8.63,8.63,0.9641577060931898,possible_instrumental_spike
Avg_CDOM,2024-01-04 03:21:40+00:00,2024-01-04 03:21:40+00:00,1,0.28,0.28,1.0,possible_instrumental_spike
Avg_CDOM,2024-01-04 15:51:40+00:00,2024-01-04 15:51:40+00:00,1,25.68,25.68,0.5788438851749901,possible_instrumental_spike
Avg_CDOM,2024-01-05 11:51:40+00:00,2024-01-05 11:51:40+00:00,1,8.31,8.31,0.5335820895522388,possible_instrumental_spike
Avg_CDOM,2024-01-06 00:21:40+00:00,2024-01-06 00:21:40+00:00,1,32.15,32.15,0.8980552070263488,possible_instrumental_spike
Avg_CDOM,2024-01-07 12:21:40+00:00,2024-01-07 12:21:40+00:00,1,1.89,1.89,0.5838509316770186,possible_instrumental_spike
Avg_CDOM,2024-01-07 16:21:40+00:00,2024-01-07 16:21:40+00:00,1,0.58,0.58,0.8709677419354839,possible_instrumental_spike
Avg_CDOM,2024-01-10 18:21:40+00:00,2024-01-10 18:21:40+00:00,1,3.7,3.7,0.6297376093294461,possible_instrumental_spike
Avg_CDOM,2024-01-14 08:21:40+00:00,2024-01-14 08:21:40+00:00,1,11.99,11.99,0.9514066496163682,possible_instrumental_spike
Avg_CDOM,2024-01-14 19:51:40+00:00,2024-01-14 19:51:40+00:00,1,2.05,2.05,0.6424581005586593,possible_instrumental_spike
Avg_CDOM,2024-01-15 08:21:40+00:00,2024-01-15 08:21:40+00:00,1,4.03,4.03,0.577127659574468,possible_instrumental_spike
Avg_CDOM,2024-01-15 14:51:40+00:00,2024-01-15 14:51:40+00:00,1,8.65,8.65,0.6014405762304922,possible_instrumental_spike
Avg_CDOM,2024-01-15 18:51:40+00:00,2024-01-15 18:51:40+00:00,1,2.8,2.8,0.5905511811023622,possible_instrumental_spike
Avg_CDOM,2024-01-19 13:51:40+00:00,2024-01-19 13:51:40+00:00,1,2.11,2.11,0.6467391304347826,possible_instrumental_spike
Avg_CDOM,2024-01-19 17:21:40+00:00,2024-01-19 17:21:40+00:00,1,3.66,3.66,0.5663716814159292,possible_instrumental_spike
Avg_CDOM,2024-01-19 22:21:40+00:00,2024-01-19 22:21:40+00:00,1,17.05,17.05,0.902264600715137,possible_instrumental_spike
Avg_CDOM,2024-01-20 13:51:40+00:00,2024-01-20 13:51:40+00:00,1,8.37,8.37,0.6855733662145498,possible_instrumental_spike
Avg_CDOM,2024-01-21 14:51:40+00:00,2024-01-21 14:51:40+00:00,1,0.77,0.77,0.6862745098039216,possible_instrumental_spike
Avg_CDOM,2024-01-22 20:21:40+00:00,2024-01-22 20:21:40+00:00,1,11.2,11.2,0.5393053016453382,possible_instrumental_spike
Avg_CDOM,2024-01-23 07:21:40+00:00,2024-01-23 07:21:40+00:00,1,2.35,2.35,0.9759615384615385,possible_instrumental_spike
Avg_CDOM,2024-01-24 10:21:40+00:00,2024-01-24 10:21:40+00:00,1,0.28,0.28,1.0,possible_instrumental_spike
Avg_CDOM,2024-01-25 12:51:40+00:00,2024-01-25 12:51:40+00:00,1,20.75,20.75,0.8221787982413288,possible_instrumental_spike
Avg_CDOM,2024-01-27 00:51:40+00:00,2024-01-27 00:51:40+00:00,1,34.87,34.87,0.8947976878612718,possible_instrumental_spike
Avg_CDOM,2024-01-27 20:21:40+00:00,2024-01-27 20:21:40+00:00,1,5.42,5.42,0.6531007751937985,possible_instrumental_spike
Avg_CDOM,2024-01-28 02:51:40+00:00,2024-01-28 02:51:40+00:00,1,30.35,30.35,0.8802793481875624,possible_instrumental_spike
Avg_CDOM,2024-01-30 10:21:40+00:00,2024-01-30 10:21:40+00:00,1,0.33,0.33,0.5714285714285718,possible_instrumental_spike
Avg_CDOM,2024-01-30 19:21:40+00:00,2024-01-30 19:21:40+00:00,1,8.52,8.52,0.749090909090909,possible_instrumental_spike
Avg_CDOM,2024-01-31 22:21:40+00:00,2024-01-31 22:21:40+00:00,1,23.73,23.73,0.7745098039215687,possible_instrumental_spike
Avg_CDOM,2024-02-01 06:21:40+00:00,2024-02-01 06:21:40+00:00,1,47.61,47.61,0.6478664976763836,possible_instrumental_spike
Avg_CDOM,2024-02-01 21:51:40+00:00,2024-02-01 21:51:40+00:00,1,5.83,5.83,0.5629496402877697,possible_instrumental_spike
Avg_CDOM,2024-02-02 02:51:40+00:00,2024-02-02 02:51:40+00:00,1,24.57,24.57,0.6865487453722748,possible_instrumental_spike
Avg_CDOM,2024-02-02 06:21:40+00:00,2024-02-02 06:21:40+00:00,1,19.56,19.56,0.6054950751684811,possible_instrumental_spike
Avg_CDOM,2024-02-03 02:21:40+00:00,2024-02-03 02:21:40+00:00,1,8.77,8.77,0.9894242068155111,possible_instrumental_spike
Avg_CDOM,2024-02-03 13:51:40+00:00,2024-02-03 13:51:40+00:00,1,6.39,6.39,0.6356209150326798,possible_instrumental_spike
Avg_CDOM,2024-02-04 01:21:40+00:00,2024-02-04 01:21:40+00:00,1,18.99,18.99,0.6971153846153845,possible_instrumental_spike
Avg_CDOM,2024-02-04 05:21:40+00:00,2024-02-04 05:21:40+00:00,1,35.79,35.79,0.7041103603603603,possible_instrumental_spike
Avg_CDOM,2024-02-04 18:21:40+00:00,2024-02-04 18:21:40+00:00,1,0.8,0.8,0.7592592592592593,possible_instrumental_spike
Avg_CDOM,2024-02-05 00:21:40+00:00,2024-02-05 00:21:40+00:00,1,9.05,9.05,0.5284738041002278,possible_instrumental_spike
Avg_CDOM,2024-02-05 04:51:40+00:00,2024-02-05 04:51:40+00:00,1,0.26,0.26,1.0,possible_instrumental_spike
Avg_CDOM,2024-02-06 06:51:40+00:00,2024-02-06 06:51:40+00:00,1,24.37,24.37,0.8741694352159468,possible_instrumental_spike
Avg_CDOM,2024-02-08 10:21:40+00:00,2024-02-08 10:21:40+00:00,1,2.68,2.68,0.5397489539748955,possible_instrumental_spike
Avg_CDOM,2024-02-09 01:51:40+00:00,2024-02-09 01:51:40+00:00,1,0.81,0.81,0.5576923076923077,possible_instrumental_spike
Avg_CDOM,2024-02-11 03:21:40+00:00,2024-02-11 03:21:40+00:00,1,27.92,27.92,0.9229377713458756,possible_instrumental_spike
Avg_CDOM,2024-02-11 21:21:40+00:00,2024-02-11 21:21:40+00:00,1,0.45,0.45,0.6666666666666666,possible_instrumental_spike
Avg_CDOM,2024-02-12 07:21:40+00:00,2024-02-12 07:21:40+00:00,1,9.76,9.76,0.6501580611169652,possible_instrumental_spike
Avg_CDOM,2024-02-12 15:21:40+00:00,2024-02-12 15:21:40+00:00,1,4.35,4.35,0.8567901234567901,possible_instrumental_spike
Avg_CDOM,2024-02-12 22:51:40+00:00,2024-02-12 22:51:40+00:00,1,2.23,2.23,0.9642857142857143,possible_instrumental_spike
Avg_CDOM,2024-02-14 20:21:40+00:00,2024-02-14 20:21:40+00:00,1,4.38,4.38,0.5560975609756098,possible_instrumental_spike
Avg_CDOM,2024-02-15 21:51:40+00:00,2024-02-15 21:51:40+00:00,1,15.51,15.51,0.6706036745406824,possible_instrumental_spike
Avg_CDOM,2024-02-16 11:21:40+00:00,2024-02-16 11:21:40+00:00,1,6.75,6.75,0.5891472868217054,possible_instrumental_spike
Avg_CDOM,2024-02-16 17:21:40+00:00,2024-02-16 17:21:40+00:00,1,2.6,2.6,0.8782608695652173,possible_instrumental_spike
Avg_CDOM,2024-02-17 00:51:40+00:00,2024-02-17 00:51:40+00:00,1,35.24,35.24,0.6590389016018308,possible_instrumental_spike
Avg_CDOM,2024-02-17 06:51:40+00:00,2024-02-17 06:51:40+00:00,1,1.08,1.08,0.6164383561643836,possible_instrumental_spike
Avg_CDOM,2024-02-17 10:51:40+00:00,2024-02-17 10:51:40+00:00,1,12.72,12.72,0.6286407766990291,possible_instrumental_spike
Avg_CDOM,2024-02-17 15:51:40+00:00,2024-02-17 15:51:40+00:00,1,13.14,13.14,0.650508209538702,possible_instrumental_spike
Avg_CDOM,2024-02-17 21:51:40+00:00,2024-02-17 21:51:40+00:00,1,9.36,9.36,0.7079152731326644,possible_instrumental_spike
Avg_CDOM,2024-02-18 06:51:40+00:00,2024-02-18 06:51:40+00:00,1,10.19,10.19,0.6710794297352342,possible_instrumental_spike
Avg_CDOM,2024-02-20 05:21:40+00:00,2024-02-20 05:21:40+00:00,1,30.3,30.3,0.6891260840560374,possible_instrumental_spike
Avg_CDOM,2024-02-20 23:51:40+00:00,2024-02-20 23:51:40+00:00,1,19.22,19.22,0.7704135737009543,possible_instrumental_spike
Avg_CDOM,2024-02-21 13:51:40+00:00,2024-02-21 13:51:40+00:00,1,2.15,2.15,0.8108108108108109,possible_instrumental_spike
Avg_CDOM,2024-02-22 02:21:40+00:00,2024-02-22 02:21:40+00:00,1,26.18,26.18,0.5996908809891809,possible_instrumental_spike
Avg_CDOM,2024-02-22 05:51:40+00:00,2024-02-22 05:51:40+00:00,1,29.46,29.46,0.6255144032921811,possible_instrumental_spike
Avg_CDOM,2024-02-23 06:51:40+00:00,2024-02-23 06:51:40+00:00,1,8.64,8.64,0.6435406698564593,possible_instrumental_spike
Avg_CDOM,2024-02-24 15:21:40+00:00,2024-02-24 15:21:40+00:00,1,4.51,4.51,0.9479905437352246,possible_instrumental_spike
Avg_CDOM,2024-02-24 20:21:40+00:00,2024-02-24 20:21:40+00:00,1,1.9,1.9,0.9192546583850932,possible_instrumental_spike
Avg_CDOM,2024-02-25 08:51:40+00:00,2024-02-25 08:51:40+00:00,1,3.74,3.74,0.8521739130434783,possible_instrumental_spike
Avg_CDOM,2024-02-26 08:51:40+00:00,2024-02-26 08:51:40+00:00,1,16.04,16.04,0.9955583756345178,possible_instrumental_spike
Avg_CDOM,2024-02-27 08:51:40+00:00,2024-02-27 08:51:40+00:00,1,1.33,1.33,0.9339622641509433,possible_instrumental_spike
Avg_CDOM,2024-02-28 09:21:40+00:00,2024-02-28 09:21:40+00:00,1,3.42,3.42,0.9140127388535033,possible_instrumental_spike
Avg_CDOM,2024-02-28 18:51:40+00:00,2024-02-28 18:51:40+00:00,1,5.29,5.29,0.7131474103585658,possible_instrumental_spike
Avg_CDOM,2024-02-28 22:51:40+00:00,2024-02-28 22:51:40+00:00,1,37.77,37.77,0.7656000000000001,possible_instrumental_spike
Avg_CDOM,2024-02-29 05:21:40+00:00,2024-02-29 05:21:40+00:00,1,5.35,5.35,0.611439842209073,possible_instrumental_spike
Avg_CDOM,2024-03-01 00:21:40+00:00,2024-03-01 00:21:40+00:00,1,5.46,5.46,0.6155339805825242,possible_instrumental_spike
Avg_CDOM,2024-03-01 12:21:40+00:00,2024-03-01 12:21:40+00:00,1,31.95,31.95,0.9263124604680582,possible_instrumental_spike
Avg_CDOM,2024-03-02 14:21:40+00:00,2024-03-02 14:21:40+00:00,1,8.46,8.46,0.9864364981504314,possible_instrumental_spike
Avg_CDOM,2024-03-02 21:21:40+00:00,2024-03-02 21:21:40+00:00,1,0.62,0.62,0.6451612903225807,possible_instrumental_spike
Avg_CDOM,2024-03-03 00:21:40+00:00,2024-03-03 00:21:40+00:00,1,1.37,1.37,0.8962264150943398,possible_instrumental_spike
Avg_CDOM,2024-03-03 12:51:40+00:00,2024-03-03 12:51:40+00:00,1,1.49,1.49,0.9557522123893807,possible_instrumental_spike
Avg_CDOM,2024-03-04 03:21:40+00:00,2024-03-04 03:21:40+00:00,1,47.09,47.09,0.8117369886485329,possible_instrumental_spike
Avg_CDOM,2024-03-04 18:51:40+00:00,2024-03-04 18:51:40+00:00,1,15.32,15.32,0.7880617035546613,possible_instrumental_spike
Avg_CDOM,2024-03-08 21:51:40+00:00,2024-03-08 21:51:40+00:00,1,8.18,8.18,0.9834605597964376,possible_instrumental_spike
Avg_CDOM,2024-03-10 00:21:40+00:00,2024-03-10 00:21:40+00:00,1,45.06,45.06,0.6269058295964125,possible_instrumental_spike
Avg_CDOM,2024-03-10 12:51:40+00:00,2024-03-10 12:51:40+00:00,1,4.74,4.74,0.7598152424942263,possible_instrumental_spike
Avg_CDOM,2024-03-12 00:51:40+00:00,2024-03-12 00:51:40+00:00,1,50.38,50.38,0.9970005998800239,possible_instrumental_spike
Avg_CDOM,2024-03-12 16:51:40+00:00,2024-03-12 16:51:40+00:00,1,85.38,85.38,0.9368903513926432,possible_instrumental_spike
Avg_CDOM,2024-03-13 10:21:40+00:00,2024-03-13 10:21:40+00:00,1,1.89,1.89,0.5375,possible_instrumental_spike
Avg_CDOM,2024-03-14 03:21:40+00:00,2024-03-14 03:21:40+00:00,1,3.29,3.29,0.8432055749128919,possible_instrumental_spike
Avg_CDOM,2024-03-14 09:21:40+00:00,2024-03-14 09:21:40+00:00,1,0.68,0.68,0.5833333333333335,possible_instrumental_spike
Avg_CDOM,2024-03-14 14:21:40+00:00,2024-03-14 14:21:40+00:00,1,3.06,3.06,0.911439114391144,possible_instrumental_spike
Avg_CDOM,2024-03-15 13:51:40+00:00,2024-03-15 13:51:40+00:00,1,35.39,35.39,0.8278032036613272,possible_instrumental_spike
Avg_CDOM,2024-03-16 11:21:40+00:00,2024-03-16 11:21:40+00:00,1,14.24,14.24,0.6281771968046478,possible_instrumental_spike
Avg_CDOM,2024-03-16 23:21:40+00:00,2024-03-16 23:21:40+00:00,1,36.23,36.23,0.5786233911583659,possible_instrumental_spike
Avg_CDOM,2024-03-17 23:21:40+00:00,2024-03-17 23:21:40+00:00,1,7.92,7.92,0.5495376486129459,possible_instrumental_spike
Avg_CDOM,2024-03-18 08:51:40+00:00,2024-03-18 08:51:40+00:00,1,43.7,43.7,0.7521407081694053,possible_instrumental_spike
Avg_CDOM,2024-03-19 18:51:40+00:00,2024-03-19 18:51:40+00:00,1,3.42,3.42,0.8790849673202614,possible_instrumental_spike
Avg_CDOM,2024-03-20 17:21:40+00:00,2024-03-20 17:21:40+00:00,1,72.29,72.29,0.7470817120622568,possible_instrumental_spike
Avg_CDOM,2024-03-21 01:51:40+00:00,2024-03-21 01:51:40+00:00,1,17.03,17.03,0.9904019196160768,possible_instrumental_spike
Avg_CDOM,2024-03-24 00:51:40+00:00,2024-03-24 00:51:40+00:00,1,3.67,3.67,0.9813664596273293,possible_instrumental_spike
Avg_CDOM,2024-03-26 01:21:40+00:00,2024-03-26 01:21:40+00:00,1,12.12,12.12,0.9880851063829786,possible_instrumental_spike
Avg_CDOM,2024-03-26 08:21:40+00:00,2024-03-26 08:21:40+00:00,1,33.71,33.71,0.7997605507333132,possible_instrumental_spike
Avg_CDOM,2024-03-27 12:51:40+00:00,2024-03-27 12:51:40+00:00,1,1.15,1.15,0.8717948717948718,possible_instrumental_spike
Avg_CDOM,2024-03-27 17:51:40+00:00,2024-03-27 17:51:40+00:00,1,2.88,2.88,0.933852140077821,possible_instrumental_spike
Avg_CDOM,2024-03-28 16:21:40+00:00,2024-03-28 16:21:40+00:00,1,7.98,7.98,0.5830065359477125,possible_instrumental_spike
Avg_CDOM,2024-03-29 09:51:40+00:00,2024-03-29 09:51:40+00:00,1,0.61,0.61,0.7407407407407409,possible_instrumental_spike
Avg_CDOM,2024-03-30 05:21:40+00:00,2024-03-30 05:21:40+00:00,1,89.26,89.26,0.5868660744405713,possible_instrumental_spike
Avg_CDOM,2024-03-31 07:21:40+00:00,2024-03-31 07:21:40+00:00,1,9.42,9.42,0.7790055248618784,possible_instrumental_spike
Avg_CDOM,2024-03-31 17:21:40+00:00,2024-03-31 17:21:40+00:00,1,2.07,2.07,0.7439024390243901,possible_instrumental_spike
Avg_CDOM,2024-04-02 16:51:40+00:00,2024-04-02 16:51:40+00:00,1,6.96,6.96,0.9711246200607903,possible_instrumental_spike
Avg_CDOM,2024-04-03 15:21:40+00:00,2024-04-03 15:21:40+00:00,1,8.56,8.56,0.973137973137973,possible_instrumental_spike
Avg_CDOM,2024-04-05 19:21:40+00:00,2024-04-05 19:21:40+00:00,1,2.05,2.05,0.8941176470588236,possible_instrumental_spike
Avg_CDOM,2024-04-25 11:51:40+00:00,2024-04-25 11:51:40+00:00,1,0.66,0.66,0.6428571428571433,possible_instrumental_spike
Avg_CDOM,2024-04-27 03:51:40+00:00,2024-04-27 03:51:40+00:00,1,1.24,1.24,0.7749999999999999,possible_instrumental_spike
Avg_CDOM,2024-04-29 09:21:40+00:00,2024-04-29 09:21:40+00:00,1,0.71,0.71,0.5833333333333329,possible_instrumental_spike
Avg_CDOM,2024-05-10 18:51:40+00:00,2024-05-10 18:51:40+00:00,1,0.92,0.92,0.6341463414634146,possible_instrumental_spike
Avg_CDOM,2024-05-11 19:51:40+00:00,2024-05-11 19:51:40+00:00,1,0.6,0.6,0.5555555555555562,possible_instrumental_spike
Avg_CDOM,2024-05-21 11:21:40+00:00,2024-05-21 11:21:40+00:00,1,0.78,0.78,0.7058823529411763,possible_instrumental_spike
Avg_CDOM,2024-05-22 11:21:40+00:00,2024-05-22 11:21:40+00:00,1,0.94,0.94,0.6857142857142857,possible_instrumental_spike
Avg_CDOM,2024-06-26 14:51:40+00:00,2024-06-26 14:51:40+00:00,1,1.13,1.13,0.6491228070175439,possible_instrumental_spike
Avg_CDOM,2024-06-29 15:21:40+00:00,2024-06-29 15:21:40+00:00,1,1.24,1.24,0.6707317073170732,possible_instrumental_spike
Avg_CDOM,2024-06-30 09:51:40+00:00,2024-06-30 09:51:40+00:00,1,1.11,1.11,0.5671641791044777,possible_instrumental_spike
Avg_CDOM,2024-07-12 18:21:40+00:00,2024-07-12 18:21:40+00:00,1,0.75,0.75,0.681818181818182,possible_instrumental_spike
Avg_CDOM,2024-07-29 18:21:40+00:00,2024-07-29 18:21:40+00:00,1,0.69,0.69,0.6000000000000002,possible_instrumental_spike
Avg_CDOM,2024-07-31 09:21:40+00:00,2024-07-31 09:21:40+00:00,1,0.84,0.84,0.6785714285714286,possible_instrumental_spike
Avg_CDOM,2024-08-01 22:51:40+00:00,2024-08-01 22:51:40+00:00,1,1.05,1.05,0.7868852459016393,possible_instrumental_spike
Avg_CDOM,2024-08-08 20:21:40+00:00,2024-08-08 20:21:40+00:00,1,0.54,0.54,0.6875000000000001,possible_instrumental_spike
Avg_CDOM,2024-08-10 15:51:40+00:00,2024-08-10 15:51:40+00:00,1,0.92,0.92,0.818181818181818,possible_instrumental_spike
Avg_CDOM,2024-08-12 08:51:40+00:00,2024-08-12 08:51:40+00:00,1,0.91,0.91,0.7954545454545453,possible_instrumental_spike
Avg_CDOM,2024-08-12 18:51:40+00:00,2024-08-12 18:51:40+00:00,1,0.68,0.68,0.5263157894736845,possible_instrumental_spike
Avg_CDOM,2024-08-14 02:21:40+00:00,2024-08-14 02:21:40+00:00,1,0.65,0.65,0.5624999999999997,possible_instrumental_spike
Avg_CDOM,2024-08-14 20:21:40+00:00,2024-08-14 20:21:40+00:00,1,0.68,0.68,0.6190476190476188,possible_instrumental_spike
Avg_CDOM,2024-08-15 09:21:40+00:00,2024-08-15 09:21:40+00:00,1,1.14,1.14,0.7833333333333333,possible_instrumental_spike
Avg_CDOM,2024-08-15 13:51:40+00:00,2024-08-15 13:51:40+00:00,1,0.72,0.72,0.5185185185185186,possible_instrumental_spike
Avg_CDOM,2024-08-17 09:51:40+00:00,2024-08-17 09:51:40+00:00,1,0.62,0.62,0.619047619047619,possible_instrumental_spike
Avg_CDOM,2024-08-17 12:51:40+00:00,2024-08-17 12:51:40+00:00,1,1.39,1.39,0.5858585858585857,possible_instrumental_spike
Avg_CDOM,2024-08-18 20:21:40+00:00,2024-08-18 20:21:40+00:00,1,0.79,0.79,0.574468085106383,possible_instrumental_spike
Avg_CDOM,2024-08-19 11:21:40+00:00,2024-08-19 11:21:40+00:00,1,1.47,1.47,0.6055045871559633,possible_instrumental_spike
Avg_CDOM,2024-08-21 03:21:40+00:00,2024-08-21 03:21:40+00:00,1,0.97,0.97,0.703125,possible_instrumental_spike
Avg_CDOM,2024-08-21 20:21:40+00:00,2024-08-21 20:21:40+00:00,1,1.06,1.06,0.8493150684931509,possible_instrumental_spike
Avg_CDOM,2024-08-23 11:51:40+00:00,2024-08-23 11:51:40+00:00,1,1.85,1.85,0.6346153846153847,possible_instrumental_spike
Avg_CDOM,2024-08-23 20:21:40+00:00,2024-08-23 20:21:40+00:00,1,0.63,0.63,0.5882352941176471,possible_instrumental_spike
Avg_CDOM,2024-08-24 12:21:40+00:00,2024-08-24 12:21:40+00:00,1,0.98,0.98,0.5757575757575758,possible_instrumental_spike
Avg_CDOM,2024-08-27 13:21:40+00:00,2024-08-27 13:21:40+00:00,1,1.82,1.82,0.7428571428571428,possible_instrumental_spike
Avg_CDOM,2024-08-27 18:21:40+00:00,2024-08-27 18:21:40+00:00,1,1.3,1.3,0.9318181818181818,possible_instrumental_spike
Avg_CDOM,2024-08-29 19:21:40+00:00,2024-08-29 19:21:40+00:00,1,1.24,1.24,0.6547619047619049,possible_instrumental_spike
Avg_CDOM,2024-08-31 15:51:40+00:00,2024-08-31 15:51:40+00:00,1,2.19,2.19,0.738888888888889,possible_instrumental_spike
Avg_CDOM,2024-09-01 20:21:40+00:00,2024-09-01 20:21:40+00:00,1,1.54,1.54,0.8608695652173913,possible_instrumental_spike
Avg_CDOM,2024-09-02 17:21:40+00:00,2024-09-02 17:21:40+00:00,1,0.57,0.57,0.5416666666666666,possible_instrumental_spike
Avg_CDOM,2024-09-03 08:21:40+00:00,2024-09-03 08:21:40+00:00,1,4.14,4.14,0.7742782152230971,possible_instrumental_spike
Avg_CDOM,2024-09-06 11:21:40+00:00,2024-09-06 11:21:40+00:00,1,1.59,1.59,0.5952380952380953,possible_instrumental_spike
Avg_CDOM,2024-09-07 01:51:40+00:00,2024-09-07 01:51:40+00:00,1,0.67,0.67,0.5999999999999998,possible_instrumental_spike
Avg_CDOM,2024-09-09 02:51:40+00:00,2024-09-09 02:51:40+00:00,1,0.72,0.72,0.7419354838709676,possible_instrumental_spike
Avg_CDOM,2024-09-09 20:21:40+00:00,2024-09-09 20:21:40+00:00,1,1.0,1.0,0.5606060606060607,possible_instrumental_spike
Avg_CDOM,2024-09-12 00:51:40+00:00,2024-09-12 00:51:40+00:00,1,0.54,0.54,0.6666666666666692,possible_instrumental_spike
Avg_CDOM,2024-09-15 19:21:40+00:00,2024-09-15 19:21:40+00:00,1,2.86,2.86,0.7457627118644067,possible_instrumental_spike
Avg_CDOM,2024-09-16 23:51:40+00:00,2024-09-16 23:51:40+00:00,1,1.15,1.15,0.6527777777777776,possible_instrumental_spike
Avg_CDOM,2024-09-19 10:21:40+00:00,2024-09-19 10:21:40+00:00,1,6.08,6.08,0.680140597539543,possible_instrumental_spike
Avg_CDOM,2024-09-20 20:51:40+00:00,2024-09-20 20:51:40+00:00,1,3.02,3.02,0.5355805243445693,possible_instrumental_spike
Avg_CDOM,2024-09-23 19:51:40+00:00,2024-09-23 19:51:40+00:00,1,3.67,3.67,0.79375,possible_instrumental_spike
Avg_CDOM,2024-09-25 20:51:40+00:00,2024-09-25 20:51:40+00:00,1,1.14,1.14,0.5781249999999999,possible_instrumental_spike
Avg_CDOM,2024-09-28 08:51:40+00:00,2024-09-28 08:51:40+00:00,1,1.47,1.47,0.58,possible_instrumental_spike
Avg_CDOM,2024-09-30 17:51:40+00:00,2024-09-30 17:51:40+00:00,1,0.44,0.44,0.6000000000000001,possible_instrumental_spike
Avg_CDOM,2024-10-01 10:21:40+00:00,2024-10-01 10:21:40+00:00,1,1.91,1.91,0.6558441558441557,possible_instrumental_spike
Avg_CDOM,2024-10-01 20:51:40+00:00,2024-10-01 20:51:40+00:00,1,0.64,0.64,0.5517241379310345,possible_instrumental_spike
Avg_CDOM,2024-10-02 20:21:40+00:00,2024-10-02 20:21:40+00:00,1,1.02,1.02,0.7246376811594204,possible_instrumental_spike
Avg_CDOM,2024-10-04 19:51:40+00:00,2024-10-04 19:51:40+00:00,1,1.59,1.59,0.9133858267716537,possible_instrumental_spike
Avg_CDOM,2024-10-05 00:21:40+00:00,2024-10-05 00:21:40+00:00,1,2.74,2.74,0.9406779661016949,possible_instrumental_spike
Avg_CDOM,2024-10-05 08:51:40+00:00,2024-10-05 08:51:40+00:00,1,1.94,1.94,0.6503067484662577,possible_instrumental_spike
Avg_CDOM,2024-10-05 15:51:40+00:00,2024-10-05 15:51:40+00:00,1,1.21,1.21,0.6896551724137931,possible_instrumental_spike
Avg_CDOM,2024-10-06 08:51:40+00:00,2024-10-06 08:51:40+00:00,1,2.19,2.19,0.6042780748663101,possible_instrumental_spike
Avg_CDOM,2024-10-08 05:51:40+00:00,2024-10-08 05:51:40+00:00,1,1.2,1.2,0.8815789473684209,possible_instrumental_spike
Avg_CDOM,2024-10-09 03:51:40+00:00,2024-10-09 03:51:40+00:00,1,0.66,0.66,0.5789473684210524,possible_instrumental_spike
Avg_CDOM,2024-10-09 10:51:40+00:00,2024-10-09 10:51:40+00:00,1,1.56,1.56,0.8907563025210085,possible_instrumental_spike
Avg_CDOM,2024-10-10 04:21:40+00:00,2024-10-10 04:21:40+00:00,1,0.71,0.71,0.8636363636363635,possible_instrumental_spike
Avg_CDOM,2024-10-15 19:21:40+00:00,2024-10-15 19:21:40+00:00,1,2.29,2.29,0.6598984771573604,possible_instrumental_spike
Avg_CDOM,2024-10-16 19:51:40+00:00,2024-10-16 19:51:40+00:00,1,2.1,2.1,0.5197740112994351,possible_instrumental_spike
Avg_CDOM,2024-10-18 17:21:40+00:00,2024-10-18 17:21:40+00:00,1,13.58,13.58,0.8357196684250189,possible_instrumental_spike
Avg_CDOM,2024-10-19 02:21:40+00:00,2024-10-19 02:21:40+00:00,1,0.72,0.72,0.5405405405405405,possible_instrumental_spike
Avg_CDOM,2024-10-20 09:51:40+00:00,2024-10-20 09:51:40+00:00,1,3.04,3.04,0.5381818181818182,possible_instrumental_spike
Avg_CDOM,2024-10-21 02:51:40+00:00,2024-10-21 02:51:40+00:00,1,0.84,0.84,0.8571428571428571,possible_instrumental_spike
Avg_CDOM,2024-10-22 04:21:40+00:00,2024-10-22 04:21:40+00:00,1,3.23,3.23,0.9857142857142857,possible_instrumental_spike
Avg_CDOM,2024-10-26 19:21:40+00:00,2024-10-26 19:21:40+00:00,1,0.7,0.7,0.6764705882352942,possible_instrumental_spike
Avg_CDOM,2024-10-28 22:51:40+00:00,2024-10-28 22:51:40+00:00,1,0.54,0.54,0.5500000000000002,possible_instrumental_spike
Avg_CDOM,2024-11-02 09:21:40+00:00,2024-11-02 09:21:40+00:00,1,2.24,2.24,0.9336734693877552,possible_instrumental_spike
Avg_CDOM,2024-11-02 15:21:40+00:00,2024-11-02 15:21:40+00:00,1,3.59,3.59,0.6042296072507553,possible_instrumental_spike
Avg_CDOM,2024-11-03 02:51:40+00:00,2024-11-03 02:51:40+00:00,1,1.4,1.4,0.7567567567567567,possible_instrumental_spike
Avg_CDOM,2024-11-04 01:51:40+00:00,2024-11-04 01:51:40+00:00,1,1.05,1.05,0.864864864864865,possible_instrumental_spike
Avg_CDOM,2024-11-08 04:51:40+00:00,2024-11-08 04:51:40+00:00,1,3.45,3.45,0.9935064935064934,possible_instrumental_spike
Avg_CDOM,2024-11-10 08:21:40+00:00,2024-11-10 08:21:40+00:00,1,6.09,6.09,0.6473684210526316,possible_instrumental_spike
Avg_CDOM,2024-11-10 14:51:40+00:00,2024-11-10 14:51:40+00:00,1,2.57,2.57,0.7973568281938325,possible_instrumental_spike
Avg_CDOM,2024-11-12 09:21:40+00:00,2024-11-12 09:21:40+00:00,1,1.05,1.05,0.7272727272727274,possible_instrumental_spike
Avg_CDOM,2024-11-12 17:21:40+00:00,2024-11-12 17:21:40+00:00,1,3.15,3.15,0.6724738675958187,possible_instrumental_spike
Avg_CDOM,2024-11-16 14:21:40+00:00,2024-11-16 14:21:40+00:00,1,2.11,2.11,0.8797814207650273,possible_instrumental_spike
Avg_CDOM,2024-11-16 18:51:40+00:00,2024-11-16 18:51:40+00:00,1,1.09,1.09,0.9268292682926829,possible_instrumental_spike
Avg_CDOM,2024-11-17 08:21:40+00:00,2024-11-17 08:21:40+00:00,1,0.45,0.45,0.611111111111111,possible_instrumental_spike
Avg_CDOM,2024-11-18 10:21:40+00:00,2024-11-18 10:21:40+00:00,1,3.72,3.72,0.9331395348837208,possible_instrumental_spike
Avg_CDOM,2024-12-18 11:51:40+00:00,2024-12-18 11:51:40+00:00,1,0.76,0.76,0.7428571428571428,possible_instrumental_spike
Avg_CDOM,2025-01-15 12:21:40+00:00,2025-01-15 12:21:40+00:00,1,5.42,5.42,0.6181102362204725,possible_instrumental_spike
Avg_CDOM,2025-01-24 02:51:40+00:00,2025-01-24 02:51:40+00:00,1,0.38,0.38,0.5999999999999995,possible_instrumental_spike
Avg_CDOM,2025-02-07 09:51:40+00:00,2025-02-07 09:51:40+00:00,1,0.46,0.46,0.6666666666666666,possible_instrumental_spike
Avg_CDOM,2025-02-18 13:21:40+00:00,2025-02-18 13:21:40+00:00,1,0.83,0.83,0.673469387755102,possible_instrumental_spike
Avg_CDOM,2025-02-20 04:21:40+00:00,2025-02-20 04:21:40+00:00,1,0.55,0.55,0.6250000000000001,possible_instrumental_spike
Avg_CDOM,2025-02-21 16:51:40+00:00,2025-02-21 16:51:40+00:00,1,0.56,0.56,0.5294117647058827,possible_instrumental_spike
Avg_CDOM,2025-02-24 13:51:40+00:00,2025-02-24 13:51:40+00:00,1,0.56,0.56,0.565217391304348,possible_instrumental_spike
Avg_CDOM,2025-03-10 09:21:40+00:00,2025-03-10 09:21:40+00:00,1,0.42,0.42,0.5999999999999995,possible_instrumental_spike
Avg_CDOM,2025-04-06 08:51:40+00:00,2025-04-06 08:51:40+00:00,1,0.51,0.51,0.7499999999999998,possible_instrumental_spike
Avg_CDOM,2025-04-06 20:51:40+00:00,2025-04-06 20:51:40+00:00,1,0.48,0.48,0.6875,possible_instrumental_spike
Avg_CDOM,2025-04-08 11:51:40+00:00,2025-04-08 11:51:40+00:00,1,0.65,0.65,0.5757575757575757,possible_instrumental_spike
Avg_CDOM,2025-04-11 11:51:40+00:00,2025-04-11 11:51:40+00:00,1,0.48,0.48,0.6,possible_instrumental_spike
Avg_CDOM,2025-04-22 09:21:40+00:00,2025-04-22 09:21:40+00:00,1,0.83,0.83,0.782608695652174,possible_instrumental_spike
Avg_CDOM,2025-04-26 20:21:40+00:00,2025-04-26 20:21:40+00:00,1,0.79,0.79,0.66,possible_instrumental_spike
Avg_CDOM,2025-04-29 08:51:40+00:00,2025-04-29 08:51:40+00:00,1,0.72,0.72,0.5333333333333333,possible_instrumental_spike
Avg_CDOM,2025-04-30 20:51:40+00:00,2025-04-30 20:51:40+00:00,1,0.32,0.32,0.6000000000000006,possible_instrumental_spike
Avg_CDOM,2025-05-01 12:51:40+00:00,2025-05-01 12:51:40+00:00,1,0.62,0.62,0.6060606060606061,possible_instrumental_spike
Avg_CDOM,2025-05-03 12:51:40+00:00,2025-05-03 12:51:40+00:00,1,1.14,1.14,0.6666666666666666,possible_instrumental_spike
Avg_CDOM,2025-05-03 20:51:40+00:00,2025-05-03 20:51:40+00:00,1,0.67,0.67,0.8275862068965518,possible_instrumental_spike
Avg_CDOM,2025-05-04 20:21:40+00:00,2025-05-04 20:21:40+00:00,1,1.06,1.06,0.603174603174603,possible_instrumental_spike
Avg_CDOM,2025-05-06 23:51:40+00:00,2025-05-06 23:51:40+00:00,1,0.56,0.56,0.5555555555555556,possible_instrumental_spike
Avg_CDOM,2025-05-07 10:21:40+00:00,2025-05-07 10:21:40+00:00,1,0.93,0.93,0.5365853658536587,possible_instrumental_spike
Avg_CDOM,2025-05-17 13:51:40+00:00,2025-05-17 13:51:40+00:00,1,0.9,0.9,0.7142857142857143,possible_instrumental_spike
Avg_CDOM,2025-05-20 04:51:40+00:00,2025-05-20 04:51:40+00:00,1,0.61,0.61,0.545454545454545,possible_instrumental_spike
Avg_CDOM,2025-05-21 14:51:40+00:00,2025-05-21 14:51:40+00:00,1,0.59,0.59,0.6000000000000001,possible_instrumental_spike
Avg_CDOM,2025-05-27 19:51:40+00:00,2025-05-27 19:51:40+00:00,1,0.68,0.68,0.6000000000000002,possible_instrumental_spike
Avg_CDOM,2025-06-04 10:21:40+00:00,2025-06-04 10:21:40+00:00,1,0.17,0.17,0.8604651162790699,possible_instrumental_spike
Avg_CDOM,2025-06-04 19:21:40+00:00,2025-06-04 19:21:40+00:00,1,0.75,0.75,0.739130434782609,possible_instrumental_spike
Avg_CDOM,2025-06-10 12:21:40+00:00,2025-06-10 12:21:40+00:00,1,0.78,0.78,0.564102564102564,possible_instrumental_spike
Avg_CDOM,2025-06-12 23:51:40+00:00,2025-06-12 23:51:40+00:00,1,0.64,0.64,0.6666666666666666,possible_instrumental_spike
Avg_CDOM,2025-06-18 00:51:40+00:00,2025-06-18 00:51:40+00:00,1,0.47,0.47,0.7777777777777776,possible_instrumental_spike
Avg_CDOM,2025-06-18 06:51:40+00:00,2025-06-18 06:51:40+00:00,1,0.41,0.41,0.5714285714285715,possible_instrumental_spike
Avg_CDOM,2025-06-23 19:51:40+00:00,2025-06-23 19:51:40+00:00,1,0.62,0.62,0.7714285714285716,possible_instrumental_spike
Avg_CDOM,2025-06-26 12:51:40+00:00,2025-06-26 12:51:40+00:00,1,0.65,0.65,0.5945945945945946,possible_instrumental_spike
Avg_CDOM,2025-07-01 14:51:40+00:00,2025-07-01 14:51:40+00:00,1,0.4,0.4,0.7857142857142859,possible_instrumental_spike
Avg_CDOM,2025-07-01 19:21:40+00:00,2025-07-01 19:21:40+00:00,1,0.44,0.44,0.8235294117647061,possible_instrumental_spike
Avg_CDOM,2025-07-02 14:51:40+00:00,2025-07-02 14:51:40+00:00,1,0.32,0.32,0.6666666666666664,possible_instrumental_spike
Avg_CDOM,2025-07-04 03:21:40+00:00,2025-07-04 03:21:40+00:00,1,0.48,0.48,0.9523809523809523,possible_instrumental_spike
Avg_CDOM,2025-07-04 09:21:40+00:00,2025-07-04 09:21:40+00:00,1,0.29,0.29,1.0,possible_instrumental_spike
Avg_CDOM,2025-07-05 13:21:40+00:00,2025-07-05 13:21:40+00:00,1,0.31,0.31,0.7499999999999997,possible_instrumental_spike
Avg_CDOM,2025-07-07 06:21:40+00:00,2025-07-07 06:21:40+00:00,1,0.65,0.65,0.9473684210526316,possible_instrumental_spike
Avg_CDOM,2025-07-07 16:51:40+00:00,2025-07-07 16:51:40+00:00,1,0.34,0.34,0.5714285714285718,possible_instrumental_spike
Avg_CDOM,2025-07-08 02:21:40+00:00,2025-07-08 02:21:40+00:00,1,0.33,0.33,0.6666666666666673,possible_instrumental_spike
Avg_CDOM,2025-07-08 09:51:40+00:00,2025-07-08 09:51:40+00:00,1,1.09,1.09,0.9629629629629629,possible_instrumental_spike
Avg_CDOM,2025-07-08 20:21:40+00:00,2025-07-08 20:21:40+00:00,1,0.41,0.41,0.8571428571428573,possible_instrumental_spike
Avg_CDOM,2025-07-09 09:51:40+00:00,2025-07-09 09:51:40+00:00,1,0.56,0.56,0.8275862068965518,possible_instrumental_spike
Avg_CDOM,2025-07-10 12:21:40+00:00,2025-07-10 12:21:40+00:00,1,0.4,0.4,0.6666666666666669,possible_instrumental_spike
Avg_CDOM,2025-07-11 09:51:40+00:00,2025-07-11 09:51:40+00:00,1,0.52,0.52,0.8,possible_instrumental_spike
Avg_CDOM,2025-07-12 09:51:40+00:00,2025-07-12 09:51:40+00:00,1,0.43,0.43,0.7058823529411765,possible_instrumental_spike
Avg_CDOM,2025-07-12 19:21:40+00:00,2025-07-12 19:21:40+00:00,1,0.44,0.44,0.7894736842105264,possible_instrumental_spike
Avg_CDOM,2025-07-14 00:51:40+00:00,2025-07-14 00:51:40+00:00,1,0.33,0.33,0.5714285714285718,possible_instrumental_spike
Avg_CDOM,2025-07-15 14:51:40+00:00,2025-07-15 14:51:40+00:00,1,0.37,0.37,0.7000000000000002,possible_instrumental_spike
Avg_CDOM,2025-07-18 15:21:40+00:00,2025-07-18 15:21:40+00:00,1,0.36,0.36,0.7777777777777781,possible_instrumental_spike
Avg_CDOM,2025-07-21 10:51:40+00:00,2025-07-21 10:51:40+00:00,1,0.19,0.19,0.625,possible_instrumental_spike
Avg_CDOM,2025-07-31 18:21:40+00:00,2025-07-31 18:21:40+00:00,1,0.35,0.35,0.8571428571428578,possible_instrumental_spike
Avg_CDOM,2025-08-01 13:51:40+00:00,2025-08-01 13:51:40+00:00,1,0.28,0.28,1.0,possible_instrumental_spike
Avg_CDOM,2025-08-02 06:51:40+00:00,2025-08-02 06:51:40+00:00,1,0.28,0.28,1.0,possible_instrumental_spike
Avg_CDOM,2025-08-02 11:51:40+00:00,2025-08-02 11:51:40+00:00,1,0.3,0.3,0.6666666666666661,possible_instrumental_spike
Avg_CDOM,2025-08-03 10:51:40+00:00,2025-08-03 10:51:40+00:00,1,0.31,0.31,0.7499999999999997,possible_instrumental_spike
Avg_CDOM,2025-08-04 17:51:40+00:00,2025-08-04 17:51:40+00:00,1,0.29,0.29,0.6666666666666661,possible_instrumental_spike
Avg_CDOM,2025-08-05 10:51:40+00:00,2025-08-05 10:51:40+00:00,1,0.37,0.37,0.6000000000000001,possible_instrumental_spike
Avg_CDOM,2025-08-06 11:51:40+00:00,2025-08-06 11:51:40+00:00,1,0.33,0.33,0.8333333333333331,possible_instrumental_spike
Avg_CDOM,2025-08-07 11:21:40+00:00,2025-08-07 11:21:40+00:00,1,0.32,0.32,0.7999999999999998,possible_instrumental_spike
Avg_CDOM,2025-08-08 13:21:40+00:00,2025-08-08 13:21:40+00:00,1,0.31,0.31,0.7499999999999997,possible_instrumental_spike
Avg_CDOM,2025-08-10 17:21:40+00:00,2025-08-10 17:21:40+00:00,1,0.39,0.39,0.642857142857143,possible_instrumental_spike
Avg_CDOM,2025-08-11 21:21:40+00:00,2025-08-11 21:21:40+00:00,1,0.3,0.3,0.5999999999999995,possible_instrumental_spike
Avg_CDOM,2025-08-15 17:51:40+00:00,2025-08-15 17:51:40+00:00,1,0.3,0.3,0.6666666666666661,possible_instrumental_spike
Avg_CDOM,2025-08-16 01:21:40+00:00,2025-08-16 01:21:40+00:00,1,0.26,0.26,1.0,possible_instrumental_spike
Avg_CDOM,2025-08-19 09:51:40+00:00,2025-08-19 09:51:40+00:00,1,0.3,0.3,0.6666666666666661,possible_instrumental_spike
Avg_CDOM,2025-08-23 09:21:40+00:00,2025-08-23 09:21:40+00:00,1,0.31,0.31,0.5714285714285711,possible_instrumental_spike
Avg_CDOM,2025-08-23 12:21:40+00:00,2025-08-23 12:21:40+00:00,1,0.33,0.33,0.7142857142857141,possible_instrumental_spike
Avg_CDOM,2025-08-26 13:21:40+00:00,2025-08-26 13:21:40+00:00,1,0.34,0.34,0.7499999999999998,possible_instrumental_spike
Avg_CDOM,2025-08-26 19:51:40+00:00,2025-08-26 19:51:40+00:00,1,0.44,0.44,0.8181818181818181,possible_instrumental_spike
Avg_CDOM,2025-08-31 14:21:40+00:00,2025-08-31 14:21:40+00:00,1,0.5,0.5,0.7777777777777777,possible_instrumental_spike
Avg_CDOM,2025-09-01 09:21:40+00:00,2025-09-01 09:21:40+00:00,1,0.56,0.56,0.8181818181818186,possible_instrumental_spike
Avg_CDOM,2025-09-02 09:21:40+00:00,2025-09-02 09:21:40+00:00,1,0.64,0.64,0.8823529411764706,possible_instrumental_spike
Avg_CDOM,2025-09-14 20:21:40+00:00,2025-09-14 20:21:40+00:00,1,0.52,0.52,0.6666666666666673,possible_instrumental_spike
Avg_CDOM,2025-10-01 09:51:40+00:00,2025-10-01 09:51:40+00:00,1,0.47,0.47,0.7142857142857146,possible_instrumental_spike
Avg_CDOM,2025-12-23 10:21:40+00:00,2025-12-23 10:21:40+00:00,1,0.47,0.47,0.588235294117647,possible_instrumental_spike
Avg_CDOM,2025-12-27 11:51:40+00:00,2025-12-27 11:51:40+00:00,1,0.42,0.42,0.818181818181818,possible_instrumental_spike
Avg_CDOM,2025-12-29 13:51:40+00:00,2025-12-29 13:51:40+00:00,1,0.5,0.5,0.7500000000000001,possible_instrumental_spike
Avg_CDOM,2025-12-30 17:21:40+00:00,2025-12-30 17:21:40+00:00,1,0.39,0.39,0.6249999999999998,possible_instrumental_spike
Avg_CDOM,2026-01-12 10:21:40+00:00,2026-01-12 10:21:40+00:00,1,0.59,0.59,0.7619047619047619,possible_instrumental_spike
Avg_CDOM,2026-01-13 19:51:40+00:00,2026-01-13 19:51:40+00:00,1,0.5,0.5,0.6470588235294118,possible_instrumental_spike
Avg_CDOM,2026-01-20 08:51:40+00:00,2026-01-20 08:51:40+00:00,1,0.51,0.51,0.6818181818181819,possible_instrumental_spike
Avg_CDOM,2026-01-22 21:21:40+00:00,2026-01-22 21:21:40+00:00,1,0.68,0.68,0.8421052631578948,possible_instrumental_spike
Avg_CDOM,2026-01-24 16:51:40+00:00,2026-01-24 16:51:40+00:00,1,0.44,0.44,0.5555555555555552,possible_instrumental_spike
Avg_CDOM,2026-01-26 17:21:40+00:00,2026-01-26 17:21:40+00:00,1,0.55,0.55,0.8499999999999999,possible_instrumental_spike
Avg_CDOM,2026-01-29 11:21:40+00:00,2026-01-29 11:21:40+00:00,1,1.23,1.23,0.7976190476190476,possible_instrumental_spike
Avg_CDOM,2026-02-04 14:51:40+00:00,2026-02-04 14:51:40+00:00,1,0.52,0.52,0.6666666666666666,possible_instrumental_spike
Avg_CDOM,2026-02-05 19:51:40+00:00,2026-02-05 19:51:40+00:00,1,0.65,0.65,0.7837837837837839,possible_instrumental_spike
Avg_CDOM,2026-02-06 11:21:40+00:00,2026-02-06 11:21:40+00:00,1,0.78,0.78,0.6326530612244898,possible_instrumental_spike
Avg_CDOM,2026-02-07 21:21:40+00:00,2026-02-07 21:21:40+00:00,1,0.61,0.61,0.78125,possible_instrumental_spike
Avg_CDOM,2026-02-08 05:51:40+00:00,2026-02-08 05:51:40+00:00,1,1.31,1.31,0.9381443298969073,possible_instrumental_spike
Avg_CDOM,2026-02-09 10:21:40+00:00,2026-02-09 10:21:40+00:00,1,3.58,3.58,0.8975155279503105,possible_instrumental_spike
Avg_CDOM,2026-02-10 10:51:40+00:00,2026-02-10 10:51:40+00:00,1,0.68,0.68,0.8749999999999999,possible_instrumental_spike
Avg_CDOM,2026-02-10 17:51:40+00:00,2026-02-10 17:51:40+00:00,1,1.83,1.83,0.5850340136054422,possible_instrumental_spike
Avg_CDOM,2026-02-11 08:21:40+00:00,2026-02-11 08:21:40+00:00,1,0.46,0.46,0.6666666666666664,possible_instrumental_spike
Avg_CDOM,2026-02-12 11:51:40+00:00,2026-02-12 11:51:40+00:00,1,0.55,0.55,0.8499999999999999,possible_instrumental_spike
Avg_CDOM,2026-02-12 22:51:40+00:00,2026-02-12 22:51:40+00:00,1,0.52,0.52,0.8666666666666666,possible_instrumental_spike
Avg_CDOM,2026-02-13 10:21:40+00:00,2026-02-13 10:21:40+00:00,1,1.46,1.46,0.9636363636363636,possible_instrumental_spike
Avg_CDOM,2026-02-13 13:21:40+00:00,2026-02-13 13:21:40+00:00,1,0.67,0.67,0.7714285714285714,possible_instrumental_spike
Avg_CDOM,2026-02-13 19:21:40+00:00,2026-02-13 19:21:40+00:00,1,2.32,2.32,0.6467661691542288,possible_instrumental_spike
Avg_CDOM,2026-02-15 10:21:40+00:00,2026-02-15 10:21:40+00:00,1,0.55,0.55,0.7272727272727273,possible_instrumental_spike
Avg_CDOM,2026-02-17 15:21:40+00:00,2026-02-17 15:21:40+00:00,1,0.74,0.74,0.7380952380952381,possible_instrumental_spike
Avg_CDOM,2026-02-21 01:51:40+00:00,2026-02-21 01:51:40+00:00,1,0.94,0.94,0.6842105263157894,possible_instrumental_spike
Avg_CDOM,2026-02-21 10:51:40+00:00,2026-02-21 10:51:40+00:00,1,0.52,0.52,0.7222222222222223,possible_instrumental_spike
Avg_CDOM,2026-02-21 16:21:40+00:00,2026-02-21 16:21:40+00:00,1,1.06,1.06,0.855072463768116,possible_instrumental_spike
Avg_CDOM,2026-03-01 15:21:40+00:00,2026-03-01 15:21:40+00:00,1,0.93,0.93,0.6909090909090908,possible_instrumental_spike
Avg_CDOM,2026-03-02 04:21:40+00:00,2026-03-02 04:21:40+00:00,1,2.14,2.14,0.8418079096045199,possible_instrumental_spike
Avg_CDOM,2026-03-03 01:21:40+00:00,2026-03-03 01:21:40+00:00,1,1.42,1.42,0.7821782178217821,possible_instrumental_spike
Avg_CDOM,2026-03-04 12:21:40+00:00,2026-03-04 12:21:40+00:00,1,1.7,1.7,0.8730158730158731,possible_instrumental_spike
Avg_CDOM,2026-03-12 10:51:40+00:00,2026-03-12 10:51:40+00:00,1,0.81,0.81,0.9166666666666667,possible_instrumental_spike
Avg_CDOM,2026-03-17 14:51:40+00:00,2026-03-17 14:51:40+00:00,1,0.73,0.73,0.6486486486486487,possible_instrumental_spike
Avg_CDOM,2026-03-20 03:21:40+00:00,2026-03-20 03:21:40+00:00,1,0.86,0.86,0.6666666666666666,possible_instrumental_spike
Avg_CDOM,2026-03-24 23:51:40+00:00,2026-03-24 23:51:40+00:00,1,1.77,1.77,0.6691729323308271,possible_instrumental_spike
Avg_CDOM,2026-03-25 18:21:40+00:00,2026-03-25 18:21:40+00:00,1,2.54,2.54,0.9267015706806282,possible_instrumental_spike
Avg_CDOM,2026-03-26 16:21:40+00:00,2026-03-26 16:21:40+00:00,1,1.2,1.2,0.6266666666666666,possible_instrumental_spike
Avg_CDOM,2026-03-29 17:51:40+00:00,2026-03-29 17:51:40+00:00,1,1.66,1.66,0.9516129032258064,possible_instrumental_spike
Avg_CDOM,2026-03-30 12:21:40+00:00,2026-03-30 12:21:40+00:00,1,1.37,1.37,0.651685393258427,possible_instrumental_spike
Avg_CDOM,2026-03-31 18:21:40+00:00,2026-03-31 18:21:40+00:00,1,2.19,2.19,0.9297297297297298,possible_instrumental_spike
Avg_CDOM,2026-04-09 08:51:40+00:00,2026-04-09 08:51:40+00:00,1,0.67,0.67,0.7777777777777778,possible_instrumental_spike
Avg_CDOM,2026-04-10 23:51:40+00:00,2026-04-10 23:51:40+00:00,1,0.75,0.75,0.5454545454545455,possible_instrumental_spike
Avg_CDOM,2026-04-11 06:51:40+00:00,2026-04-11 06:51:40+00:00,1,0.81,0.81,0.8928571428571428,possible_instrumental_spike
Avg_CDOM,2026-04-11 09:51:40+00:00,2026-04-11 09:51:40+00:00,1,1.04,1.04,0.823529411764706,possible_instrumental_spike
Avg_CDOM,2026-04-15 04:21:40+00:00,2026-04-15 04:21:40+00:00,1,0.83,0.83,0.8333333333333333,possible_instrumental_spike
Avg_CDOM,2026-04-15 23:21:40+00:00,2026-04-15 23:21:40+00:00,1,0.69,0.69,0.6000000000000001,possible_instrumental_spike
Avg_CDOM,2026-04-20 05:51:40+00:00,2026-04-20 05:51:40+00:00,1,1.05,1.05,0.7058823529411765,possible_instrumental_spike
Avg_CDOM,2026-04-22 15:21:40+00:00,2026-04-22 15:21:40+00:00,1,0.82,0.82,0.6857142857142857,possible_instrumental_spike
Avg_CDOM,2026-04-22 23:21:40+00:00,2026-04-22 23:21:40+00:00,1,1.31,1.31,0.8705882352941177,possible_instrumental_spike
Avg_CDOM,2026-04-23 22:51:40+00:00,2026-04-23 22:51:40+00:00,1,1.13,1.13,0.835820895522388,possible_instrumental_spike
Avg_CDOM,2026-04-24 08:51:40+00:00,2026-04-24 08:51:40+00:00,1,0.78,0.78,0.6521739130434784,possible_instrumental_spike
Avg_CDOM,2026-04-25 02:21:40+00:00,2026-04-25 02:21:40+00:00,1,0.84,0.84,0.6756756756756757,possible_instrumental_spike
Avg_CDOM,2026-04-25 22:51:40+00:00,2026-04-25 22:51:40+00:00,1,0.78,0.78,0.7692307692307695,possible_instrumental_spike
Avg_CDOM,2026-04-26 02:51:40+00:00,2026-04-26 02:51:40+00:00,1,0.72,0.72,0.6538461538461537,possible_instrumental_spike
Avg_CDOM,2026-04-27 22:21:40+00:00,2026-04-27 22:21:40+00:00,1,0.86,0.86,0.6470588235294118,possible_instrumental_spike
Avg_CDOM,2026-04-28 17:21:40+00:00,2026-04-28 17:21:40+00:00,1,0.74,0.74,0.5405405405405405,possible_instrumental_spike
Avg_CDOM,2026-04-29 02:51:40+00:00,2026-04-29 02:51:40+00:00,1,1.0,1.0,0.6785714285714285,possible_instrumental_spike
Avg_CDOM,2026-04-30 02:21:40+00:00,2026-04-30 02:21:40+00:00,1,1.19,1.19,0.6962025316455696,possible_instrumental_spike
Avg_CDOM,2026-05-03 13:21:40+00:00,2026-05-03 13:21:40+00:00,1,0.96,0.96,0.7777777777777778,possible_instrumental_spike
Avg_CDOM,2026-05-04 08:51:40+00:00,2026-05-04 08:51:40+00:00,1,1.05,1.05,0.6212121212121212,possible_instrumental_spike
Avg_CDOM,2026-05-04 19:51:40+00:00,2026-05-04 19:51:40+00:00,1,0.81,0.81,0.7209302325581396,possible_instrumental_spike
Avg_CDOM,2026-05-06 17:51:40+00:00,2026-05-06 17:51:40+00:00,1,0.99,0.99,0.7884615384615385,possible_instrumental_spike
Avg_CDOM,2026-05-06 20:51:40+00:00,2026-05-06 20:51:40+00:00,1,0.84,0.84,0.7297297297297298,possible_instrumental_spike
Avg_CDOM,2026-05-07 06:21:40+00:00,2026-05-07 06:21:40+00:00,1,1.09,1.09,0.8253968253968255,possible_instrumental_spike
Avg_CDOM,2026-05-08 04:51:40+00:00,2026-05-08 04:51:40+00:00,1,2.03,2.03,0.9798657718120807,possible_instrumental_spike
Avg_CDOM,2026-05-08 10:51:40+00:00,2026-05-08 10:51:40+00:00,1,1.21,1.21,0.8799999999999999,possible_instrumental_spike
Avg_CDOM,2026-05-08 14:51:40+00:00,2026-05-08 14:51:40+00:00,1,0.61,0.61,0.555555555555555,possible_instrumental_spike
Avg_CDOM,2026-05-09 13:51:40+00:00,2026-05-09 13:51:40+00:00,1,0.66,0.66,0.7142857142857141,possible_instrumental_spike
Avg_CDOM,2026-05-09 17:21:40+00:00,2026-05-09 17:21:40+00:00,1,0.83,0.83,0.9310344827586207,possible_instrumental_spike
Avg_CDOM,2026-05-09 20:21:40+00:00,2026-05-09 20:21:40+00:00,1,0.95,0.95,0.975,possible_instrumental_spike
Avg_CDOM,2026-05-11 02:21:40+00:00,2026-05-11 02:21:40+00:00,1,0.73,0.73,0.606060606060606,possible_instrumental_spike
Avg_CDOM,2026-05-12 04:51:40+00:00,2026-05-12 04:51:40+00:00,1,0.94,0.94,0.7592592592592592,possible_instrumental_spike
Avg_CDOM,2026-05-12 08:51:40+00:00,2026-05-12 08:51:40+00:00,1,0.73,0.73,0.5652173913043479,possible_instrumental_spike
Avg_CDOM,2026-05-13 09:51:40+00:00,2026-05-13 09:51:40+00:00,1,0.75,0.75,0.5925925925925927,possible_instrumental_spike
Avg_CDOM,2026-05-18 08:21:40+00:00,2026-05-18 08:21:40+00:00,1,1.31,1.31,0.8369565217391304,possible_instrumental_spike
Avg_CDOM,2026-05-20 10:21:40+00:00,2026-05-20 10:21:40+00:00,1,1.57,1.57,0.8305084745762712,possible_instrumental_spike
Avg_CDOM,2026-05-21 09:21:40+00:00,2026-05-21 09:21:40+00:00,1,1.03,1.03,0.712121212121212,possible_instrumental_spike
Avg_CDOM,2026-05-22 05:51:40+00:00,2026-05-22 05:51:40+00:00,1,1.08,1.08,0.8999999999999999,possible_instrumental_spike
Avg_CDOM,2026-05-23 20:21:40+00:00,2026-05-23 20:21:40+00:00,1,0.81,0.81,0.7209302325581396,possible_instrumental_spike
Avg_CDOM,2026-05-24 00:51:40+00:00,2026-05-24 00:51:40+00:00,1,1.42,1.42,0.5188679245283018,possible_instrumental_spike
Avg_CDOM,2026-05-25 07:21:40+00:00,2026-05-25 07:21:40+00:00,1,0.58,0.58,0.5999999999999995,possible_instrumental_spike
Avg_CDOM,2026-05-27 06:51:40+00:00,2026-05-27 06:51:40+00:00,1,1.04,1.04,0.8059701492537313,possible_instrumental_spike
Avg_CDOM,2026-05-31 18:51:40+00:00,2026-05-31 18:51:40+00:00,1,0.47,0.47,0.6000000000000001,possible_instrumental_spike
Avg_CDOM,2026-06-02 09:51:40+00:00,2026-06-02 09:51:40+00:00,1,0.6,0.6,0.6666666666666666,possible_instrumental_spike
Avg_CDOM,2026-06-04 22:21:40+00:00,2026-06-04 22:21:40+00:00,1,0.78,0.78,0.911764705882353,possible_instrumental_spike
Avg_CDOM,2026-06-07 17:21:40+00:00,2026-06-07 17:21:40+00:00,1,0.9,0.9,0.5853658536585366,possible_instrumental_spike
Avg_CDOM,2026-06-15 02:21:40+00:00,2026-06-15 02:21:40+00:00,1,1.25,1.25,0.6483516483516484,possible_instrumental_spike
Avg_CDOM,2026-06-17 02:51:40+00:00,2026-06-17 02:51:40+00:00,1,1.45,1.45,0.7731958762886598,possible_instrumental_spike
Avg_CDOM,2026-06-18 17:21:40+00:00,2026-06-18 17:21:40+00:00,1,0.73,0.73,0.611111111111111,possible_instrumental_spike
Avg_CDOM,2026-06-19 17:21:40+00:00,2026-06-19 17:21:40+00:00,1,0.63,0.63,0.7272727272727273,possible_instrumental_spike
Avg_CDOM,2026-06-24 21:21:40+00:00,2026-06-24 21:21:40+00:00,1,0.73,0.73,0.7407407407407407,possible_instrumental_spike
Avg_CDOM,2026-06-26 23:51:40+00:00,2026-06-26 23:51:40+00:00,1,0.68,0.68,0.7142857142857144,possible_instrumental_spike
Avg_CDOM,2026-06-29 07:51:40+00:00,2026-06-29 07:51:40+00:00,1,2.03,2.03,0.9540229885057471,possible_instrumental_spike
Avg_CDOM,2026-07-03 07:51:40+00:00,2026-07-03 07:51:40+00:00,1,0.79,0.79,0.8541666666666666,possible_instrumental_spike
Avg_CDOM,2026-07-04 23:21:40+00:00,2026-07-04 23:21:40+00:00,1,1.95,1.95,0.9515151515151514,possible_instrumental_spike
Avg_CDOM,2026-07-05 16:21:40+00:00,2026-07-05 16:21:40+00:00,1,0.6,0.6,0.75,possible_instrumental_spike
Avg_CDOM,2026-07-06 22:21:40+00:00,2026-07-06 22:21:40+00:00,1,1.14,1.14,0.9024390243902439,possible_instrumental_spike
Avg_CDOM,2026-07-07 01:21:40+00:00,2026-07-07 01:21:40+00:00,1,1.37,1.37,0.6571428571428571,possible_instrumental_spike
Avg_CDOM,2026-07-10 08:21:40+00:00,2026-07-10 08:21:40+00:00,1,0.57,0.57,0.7333333333333331,possible_instrumental_spike
Avg_CDOM,2026-07-11 02:51:40+00:00,2026-07-11 02:51:40+00:00,1,2.91,2.91,0.9534883720930232,possible_instrumental_spike
Avg_CDOM,2026-07-11 11:51:40+00:00,2026-07-11 11:51:40+00:00,1,1.05,1.05,0.5909090909090909,possible_instrumental_spike
Avg_CDOM,2026-07-12 14:21:40+00:00,2026-07-12 14:21:40+00:00,1,0.97,0.97,0.5692307692307693,possible_instrumental_spike
Avg_CDOM,2026-07-13 00:21:40+00:00,2026-07-13 00:21:40+00:00,1,1.37,1.37,0.9108910891089108,possible_instrumental_spike
Avg_CDOM,2026-07-13 04:51:40+00:00,2026-07-13 04:51:40+00:00,1,0.82,0.82,0.7450980392156862,possible_instrumental_spike
Avg_CDOM,2026-07-13 13:21:40+00:00,2026-07-13 13:21:40+00:00,1,2.86,2.86,0.6274509803921569,possible_instrumental_spike
Avg_CDOM,2026-07-13 19:21:40+00:00,2026-07-13 19:21:40+00:00,1,0.81,0.81,0.7169811320754718,possible_instrumental_spike
Avg_CDOM,2026-07-15 02:21:40+00:00,2026-07-15 02:21:40+00:00,1,0.61,0.61,0.5625,possible_instrumental_spike
Avg_CDOM,2026-07-15 16:51:40+00:00,2026-07-15 16:51:40+00:00,1,0.73,0.73,0.6590909090909091,possible_instrumental_spike
Avg_CDOM,2026-07-15 21:51:40+00:00,2026-07-15 21:51:40+00:00,1,0.53,0.53,0.5416666666666666,possible_instrumental_spike
Avg_CDOM,2026-07-16 15:51:40+00:00,2026-07-16 15:51:40+00:00,1,0.56,0.56,0.5217391304347827,possible_instrumental_spike
Avg_CDOM,2026-07-17 01:21:40+00:00,2026-07-17 01:21:40+00:00,1,1.8,1.8,0.8561643835616438,possible_instrumental_spike
Avg_CDOM,2026-07-17 21:51:40+00:00,2026-07-17 21:51:40+00:00,1,0.48,0.48,0.6500000000000001,possible_instrumental_spike
Avg_CDOM,2026-07-19 08:51:40+00:00,2026-07-19 08:51:40+00:00,1,0.53,0.53,0.6666666666666666,possible_instrumental_spike
Avg_CDOM,2026-07-20 03:51:40+00:00,2026-07-20 03:51:40+00:00,1,2.06,2.06,0.810344827586207,possible_instrumental_spike
Avg_CDOM,2026-07-20 11:21:40+00:00,2026-07-20 11:21:40+00:00,1,0.66,0.66,0.5428571428571429,possible_instrumental_spike
Avg_CDOM,2026-07-20 17:21:40+00:00,2026-07-20 17:21:40+00:00,1,0.59,0.59,0.5833333333333331,possible_instrumental_spike
Avg_CDOM,2026-07-21 21:21:40+00:00,2026-07-21 21:21:40+00:00,1,0.95,0.95,0.8769230769230769,possible_instrumental_spike
Avg_CDOM,2026-07-22 13:51:40+00:00,2026-07-22 13:51:40+00:00,1,3.2,3.2,0.7738515901060072,possible_instrumental_spike
Avg_CDOM,2026-07-23 03:21:40+00:00,2026-07-23 03:21:40+00:00,1,0.48,0.48,0.6666666666666664,possible_instrumental_spike
Avg_CDOM,2026-07-23 09:21:40+00:00,2026-07-23 09:21:40+00:00,1,1.78,1.78,0.9640287769784173,possible_instrumental_spike
