timestamp,Hsig_real,Hsig_observado_pelo_sensor,Hsig_previsto,p_good,p_suspect,p_bad,rotulo_verdadeiro,rotulo_previsto,familia_anomalia
2024-08-21 03:00:00+00:00,0.38,0.38000000000000006,0.48864064,0.12292075,0.04635652,0.83072275,GOOD,BAD,
2024-08-21 04:00:00+00:00,0.38,0.38000000000000006,0.43209606,0.53692067,0.027572999,0.4355063,GOOD,GOOD,
2024-08-21 05:00:00+00:00,0.43,0.43000000000000005,0.40851772,0.7626367,0.069427356,0.16793591,GOOD,GOOD,
2024-08-21 06:00:00+00:00,0.425,0.4250000000000001,0.43687505,0.53856075,0.25566903,0.20577021,GOOD,GOOD,
2024-08-21 07:00:00+00:00,0.515,0.515,0.45395166,0.85893273,0.09060177,0.05046548,GOOD,GOOD,
2024-08-21 08:00:00+00:00,0.535,0.535,0.5133627,0.7688355,0.07935143,0.15181309,GOOD,GOOD,
2024-08-21 09:00:00+00:00,0.44999999999999996,0.45000000000000007,0.55632854,0.9487806,0.033323936,0.01789546,GOOD,GOOD,
2024-08-21 10:00:00+00:00,0.45499999999999996,0.455,0.51355666,0.5904633,0.03468632,0.37485042,GOOD,GOOD,
2024-08-21 11:00:00+00:00,0.495,0.4950000000000001,0.48640704,0.9439383,0.03204573,0.024015957,GOOD,GOOD,
2024-08-21 12:00:00+00:00,0.5,0.5000000000000001,0.5064099,0.7582942,0.037913214,0.20379253,GOOD,GOOD,
2024-08-21 13:00:00+00:00,0.415,0.4150000000000001,0.52535033,0.91161644,0.06228397,0.026099578,GOOD,GOOD,
2024-08-21 14:00:00+00:00,0.37,0.37000000000000005,0.477383,0.8526985,0.095745176,0.05155633,GOOD,GOOD,
2024-08-21 15:00:00+00:00,0.365,0.3650000000000001,0.4199171,0.65610754,0.04703559,0.29685688,GOOD,GOOD,
2024-08-21 16:00:00+00:00,0.335,0.3350000000000001,0.39458957,0.93022585,0.03741256,0.03236162,GOOD,GOOD,
2024-08-21 17:00:00+00:00,0.35,0.35000000000000003,0.37309507,0.8918586,0.031776495,0.07636493,GOOD,GOOD,
2024-08-21 18:00:00+00:00,0.36,0.36000000000000004,0.3736211,0.8635589,0.029494274,0.1069468,GOOD,GOOD,
2024-08-21 19:00:00+00:00,0.44,0.4400000000000001,0.38421366,0.89792216,0.0784156,0.023662264,GOOD,GOOD,
2024-08-21 20:00:00+00:00,0.45,0.4500000000000001,0.4389483,0.6754968,0.06235124,0.262152,GOOD,GOOD,
2024-08-21 21:00:00+00:00,0.495,0.4950000000000001,0.47471583,0.9379273,0.040752064,0.021320617,GOOD,GOOD,
2024-08-21 22:00:00+00:00,0.37,0.37000000000000005,0.5115132,0.84480786,0.10975859,0.045433518,GOOD,GOOD,
2024-08-21 23:00:00+00:00,0.41500000000000004,0.41500000000000015,0.4477096,0.97482973,0.013528649,0.011641643,GOOD,GOOD,
2024-08-22 00:00:00+00:00,0.45,0.4500000000000001,0.432987,0.91863525,0.04647751,0.034887247,GOOD,GOOD,
2024-08-22 01:00:00+00:00,0.435,0.4350000000000001,0.46096942,0.888698,0.021671932,0.0896301,GOOD,GOOD,
2024-08-22 02:00:00+00:00,0.41000000000000003,0.4100000000000001,0.46908566,0.9063188,0.02576896,0.06791228,GOOD,GOOD,
2024-08-22 03:00:00+00:00,0.4,0.40000000000000013,0.45161054,0.7868442,0.027805874,0.18534994,GOOD,GOOD,
2024-08-22 04:00:00+00:00,0.295,0.29500000000000004,0.4344431,0.74490714,0.19047566,0.06461724,GOOD,GOOD,
2024-08-22 05:00:00+00:00,0.345,0.34500000000000003,0.36498323,0.9360719,0.039656665,0.024271477,GOOD,GOOD,
2024-08-22 06:00:00+00:00,0.37,0.37000000000000005,0.35756797,0.9475725,0.032967795,0.019459676,GOOD,GOOD,
2024-08-22 07:00:00+00:00,0.395,0.3950000000000001,0.38373077,0.88656616,0.048639074,0.06479476,GOOD,GOOD,
2024-08-22 08:00:00+00:00,0.48,0.48000000000000004,0.41437224,0.8603737,0.108267106,0.03135922,GOOD,GOOD,
2024-08-22 09:00:00+00:00,0.455,0.45500000000000007,0.47903204,0.9640883,0.018536113,0.017375566,GOOD,GOOD,
2024-08-22 10:00:00+00:00,0.405,0.4050000000000001,0.49394557,0.9512897,0.028507032,0.02020326,GOOD,GOOD,
2024-08-22 11:00:00+00:00,0.33499999999999996,0.335,0.45803714,0.8872879,0.07980495,0.03290714,GOOD,GOOD,
2024-08-22 12:00:00+00:00,0.43000000000000005,0.4300000000000001,0.39373285,0.88689226,0.079425976,0.033681788,GOOD,GOOD,
2024-08-22 13:00:00+00:00,0.41500000000000004,0.41500000000000015,0.42280525,0.9714874,0.015462189,0.013050436,GOOD,GOOD,
2024-08-22 14:00:00+00:00,0.405,0.4050000000000001,0.44394556,0.8731359,0.018823305,0.10804079,GOOD,GOOD,
2024-08-22 15:00:00+00:00,0.375,0.3750000000000001,0.4416171,0.96624994,0.016602457,0.01714763,GOOD,GOOD,
2024-08-22 16:00:00+00:00,0.38,0.38000000000000006,0.41792277,0.961808,0.013375549,0.024816407,GOOD,GOOD,
2024-08-22 17:00:00+00:00,0.32499999999999996,0.325,0.40836772,0.9128617,0.057633106,0.029505191,GOOD,GOOD,
2024-08-22 18:00:00+00:00,0.345,0.34500000000000003,0.37466496,0.9679044,0.017739387,0.0143562155,GOOD,GOOD,
2024-08-22 19:00:00+00:00,0.355,0.35500000000000004,0.36842847,0.9169757,0.024672884,0.05835143,GOOD,GOOD,
2024-08-22 20:00:00+00:00,0.43,0.43000000000000005,0.37822703,0.8969748,0.07764707,0.025378104,GOOD,GOOD,
2024-08-22 21:00:00+00:00,0.42000000000000004,0.4200000000000001,0.43058625,0.9696517,0.015153023,0.015195298,GOOD,GOOD,
2024-08-22 22:00:00+00:00,0.385,0.38500000000000006,0.45252043,0.9672746,0.016477555,0.016247816,GOOD,GOOD,
2024-08-22 23:00:00+00:00,0.36,0.36000000000000004,0.4320559,0.9204285,0.034748524,0.044822983,GOOD,GOOD,
2024-08-23 00:00:00+00:00,0.41000000000000003,0.4100000000000001,0.40172255,0.9516887,0.031925797,0.016385483,GOOD,GOOD,
2024-08-23 01:00:00+00:00,0.4,0.40000000000000013,0.41984296,0.9785156,0.0111991,0.010285282,GOOD,GOOD,
2024-08-23 02:00:00+00:00,0.41000000000000003,0.4100000000000001,0.4305022,0.94063514,0.017043868,0.042320993,GOOD,GOOD,
2024-08-23 03:00:00+00:00,0.365,0.3650000000000001,0.43793207,0.9549998,0.025357785,0.019642418,GOOD,GOOD,
2024-08-23 04:00:00+00:00,0.405,0.4050000000000001,0.41262132,0.9663115,0.019935206,0.013753292,GOOD,GOOD,
2024-08-23 05:00:00+00:00,0.33,0.3300000000000001,0.4211549,0.8575949,0.09486677,0.04753833,GOOD,GOOD,
2024-08-23 06:00:00+00:00,0.39,0.3900000000000001,0.38615072,0.9325805,0.044724625,0.022694906,GOOD,GOOD,
2024-08-23 07:00:00+00:00,0.385,0.38500000000000006,0.39961308,0.9715762,0.013807742,0.0146160405,GOOD,GOOD,
2024-08-23 08:00:00+00:00,0.425,0.4250000000000001,0.41262305,0.9600053,0.026255894,0.013738845,GOOD,GOOD,
2024-08-23 09:00:00+00:00,0.385,0.38500000000000006,0.44087183,0.97339803,0.014453977,0.012147988,GOOD,GOOD,
2024-08-23 10:00:00+00:00,0.365,0.3650000000000001,0.42988178,0.94111896,0.021552868,0.037328202,GOOD,GOOD,
2024-08-23 11:00:00+00:00,0.33,0.3300000000000001,0.40552792,0.9548389,0.027342882,0.017818263,GOOD,GOOD,
2024-08-23 12:00:00+00:00,0.30000000000000004,0.3000000000000001,0.37339857,0.9239099,0.04106209,0.035027992,GOOD,GOOD,
2024-08-23 13:00:00+00:00,0.395,0.3950000000000001,0.34170425,0.86141,0.10362472,0.034965232,GOOD,GOOD,
2024-08-23 14:00:00+00:00,0.405,0.4050000000000001,0.3867699,0.95051324,0.03090621,0.018580526,GOOD,GOOD,
2024-08-23 15:00:00+00:00,0.35,0.35000000000000003,0.42643288,0.9523616,0.027929535,0.019708902,GOOD,GOOD,
2024-08-23 16:00:00+00:00,0.4,0.40000000000000013,0.40453738,0.9626571,0.022591976,0.014750952,GOOD,GOOD,
2024-08-23 17:00:00+00:00,0.335,0.3350000000000001,0.41475004,0.9235509,0.048720498,0.027728574,GOOD,GOOD,
2024-08-23 18:00:00+00:00,0.385,0.38500000000000006,0.38706183,0.966611,0.02135539,0.012033572,GOOD,GOOD,
2024-08-23 19:00:00+00:00,0.4,0.40000000000000013,0.39842978,0.9476516,0.024567172,0.027781181,GOOD,GOOD,
2024-08-23 20:00:00+00:00,0.39,0.3900000000000001,0.42091236,0.9345027,0.015797762,0.049699485,GOOD,GOOD,
2024-08-23 21:00:00+00:00,0.405,0.4050000000000001,0.42446378,0.9618199,0.01513276,0.02304736,GOOD,GOOD,
2024-08-23 22:00:00+00:00,0.32499999999999996,0.325,0.43100694,0.83538806,0.10969907,0.054912835,GOOD,GOOD,
2024-08-23 23:00:00+00:00,0.31,0.31000000000000005,0.38576683,0.9343154,0.03638754,0.02929709,GOOD,GOOD,
2024-08-24 00:00:00+00:00,0.29500000000000004,0.2950000000000001,0.34911242,0.86472636,0.04948442,0.08578921,GOOD,GOOD,
2024-08-24 01:00:00+00:00,0.275,0.2750000000000001,0.32867396,0.91995054,0.037515253,0.042534195,GOOD,GOOD,
2024-08-24 02:00:00+00:00,0.315,0.31500000000000006,0.3117102,0.9347566,0.0395817,0.025661703,GOOD,GOOD,
2024-08-24 03:00:00+00:00,0.28,0.28000000000000014,0.3288474,0.9562314,0.025044493,0.018724088,GOOD,GOOD,
2024-08-24 04:00:00+00:00,0.29000000000000004,0.2900000000000001,0.3220099,0.9587627,0.018723672,0.022513604,GOOD,GOOD,
2024-08-24 05:00:00+00:00,0.33999999999999997,0.3400000000000001,0.3191534,0.94372505,0.03941794,0.01685701,GOOD,GOOD,
2024-08-24 06:00:00+00:00,0.24,0.24,0.3495265,0.7844744,0.13910346,0.07642219,GOOD,GOOD,
2024-08-24 07:00:00+00:00,0.31,0.31000000000000005,0.30906564,0.91955096,0.051351875,0.029097166,GOOD,GOOD,
2024-08-24 08:00:00+00:00,0.355,0.35500000000000004,0.31844327,0.9183243,0.057572044,0.024103656,GOOD,GOOD,
2024-08-24 09:00:00+00:00,0.33499999999999996,0.335,0.36210713,0.9759812,0.012161069,0.011857757,GOOD,GOOD,
2024-08-24 10:00:00+00:00,0.28,0.28000000000000014,0.3729144,0.932301,0.042156868,0.02554214,GOOD,GOOD,
2024-08-24 11:00:00+00:00,0.275,0.2750000000000001,0.33645403,0.9431819,0.019623838,0.037194315,GOOD,GOOD,
2024-08-24 12:00:00+00:00,0.32,0.32000000000000006,0.3102892,0.95668286,0.028783245,0.0145338895,GOOD,GOOD,
2024-08-24 13:00:00+00:00,0.325,0.32500000000000007,0.32994485,0.93858397,0.021169594,0.04024643,GOOD,GOOD,
2024-08-24 14:00:00+00:00,0.39,0.3900000000000001,0.3502104,0.91448665,0.062643535,0.022869809,GOOD,GOOD,
2024-08-24 15:00:00+00:00,0.36,0.36000000000000004,0.39643967,0.9703211,0.016317848,0.013361005,GOOD,GOOD,
2024-08-24 16:00:00+00:00,0.34,0.34000000000000014,0.40130135,0.8989603,0.028235922,0.07280377,GOOD,GOOD,
2024-08-24 17:00:00+00:00,0.365,0.3650000000000001,0.38199154,0.9750577,0.013860791,0.011081498,GOOD,GOOD,
2024-08-24 18:00:00+00:00,0.29000000000000004,0.2900000000000001,0.38596997,0.88330865,0.078966565,0.03772479,GOOD,GOOD,
2024-08-24 19:00:00+00:00,0.28500000000000003,0.2850000000000001,0.34765738,0.9574559,0.021454612,0.021089492,GOOD,GOOD,
2024-08-24 20:00:00+00:00,0.34,0.34000000000000014,0.32043755,0.93964285,0.041379254,0.0189779,GOOD,GOOD,
2024-08-24 21:00:00+00:00,0.45999999999999996,0.4600000000000001,0.34579676,0.6158069,0.2938423,0.09035085,GOOD,GOOD,
2024-08-24 22:00:00+00:00,0.36,0.36000000000000004,0.44049457,0.84012884,0.101779714,0.058091436,GOOD,GOOD,
2024-08-24 23:00:00+00:00,0.345,0.34500000000000003,0.42715502,0.9362465,0.031894423,0.03185905,GOOD,GOOD,
2024-08-25 00:00:00+00:00,0.325,0.32500000000000007,0.39010727,0.8731278,0.036832653,0.09003956,GOOD,GOOD,
2024-08-25 01:00:00+00:00,0.34,0.34000000000000014,0.36187398,0.97771937,0.012350346,0.00993031,GOOD,GOOD,
2024-08-25 02:00:00+00:00,0.31,0.31000000000000005,0.36225367,0.9694552,0.017209891,0.013334922,GOOD,GOOD,
2024-08-25 03:00:00+00:00,0.31,0.31000000000000005,0.3499735,0.9129147,0.017916808,0.06916852,GOOD,GOOD,
2024-08-25 04:00:00+00:00,0.28,0.28000000000000014,0.3417084,0.949227,0.026865568,0.02390743,GOOD,GOOD,
2024-08-25 05:00:00+00:00,0.275,0.2750000000000001,0.32172686,0.9127161,0.02583217,0.061451733,GOOD,GOOD,
2024-08-25 06:00:00+00:00,0.29000000000000004,0.2900000000000001,0.3081877,0.9574637,0.019784065,0.022752253,GOOD,GOOD,
2024-08-25 07:00:00+00:00,0.27,0.2700000000000001,0.31328818,0.952608,0.024436189,0.022955844,GOOD,GOOD,
2024-08-25 08:00:00+00:00,0.25,0.25,0.30729765,0.84311676,0.053089317,0.10379395,GOOD,GOOD,
2024-08-25 09:00:00+00:00,0.235,0.235,0.29022267,0.8389045,0.045290537,0.11580493,GOOD,GOOD,
2024-08-25 10:00:00+00:00,0.26,0.26000000000000006,0.27248952,0.9552481,0.021449272,0.023302618,GOOD,GOOD,
2024-08-25 11:00:00+00:00,0.245,0.24500000000000002,0.28001204,0.94291925,0.025702342,0.03137842,GOOD,GOOD,
2024-08-25 12:00:00+00:00,0.265,0.26500000000000007,0.2798497,0.9517626,0.021508481,0.02672891,GOOD,GOOD,
2024-08-25 13:00:00+00:00,0.275,0.2750000000000001,0.2890447,0.8978722,0.026540345,0.075587444,GOOD,GOOD,
2024-08-25 14:00:00+00:00,0.28,0.28000000000000014,0.3010096,0.7793522,0.03345598,0.1871918,GOOD,GOOD,
2024-08-25 15:00:00+00:00,0.275,0.2750000000000001,0.30912748,0.7823268,0.03854292,0.17913029,GOOD,GOOD,
2024-08-25 16:00:00+00:00,0.275,0.2750000000000001,0.30853996,0.5917001,0.045076534,0.36322334,GOOD,GOOD,
2024-08-25 17:00:00+00:00,0.265,0.26500000000000007,0.30655637,0.8289585,0.04329107,0.12775043,GOOD,GOOD,
2024-08-25 18:00:00+00:00,0.265,0.26500000000000007,0.2997912,0.6718654,0.048288304,0.27984628,GOOD,GOOD,
2024-08-25 19:00:00+00:00,0.3,0.30000000000000004,0.29603451,0.9535214,0.029205805,0.017272806,GOOD,GOOD,
2024-08-25 20:00:00+00:00,0.3,0.30000000000000004,0.31601688,0.96586025,0.015721614,0.018418116,GOOD,GOOD,
2024-08-25 21:00:00+00:00,0.29000000000000004,0.2900000000000001,0.32904387,0.9211868,0.019961003,0.0588522,GOOD,GOOD,
2024-08-25 22:00:00+00:00,0.27,0.2700000000000001,0.3260624,0.94277936,0.02160362,0.035617013,GOOD,GOOD,
2024-08-25 23:00:00+00:00,0.275,0.2750000000000001,0.3098627,0.9659381,0.01320281,0.020859124,GOOD,GOOD,
2024-08-26 00:00:00+00:00,0.265,0.26500000000000007,0.30397296,0.9510807,0.017686995,0.031232296,GOOD,GOOD,
2024-08-26 01:00:00+00:00,0.275,0.2750000000000001,0.2982578,0.9671911,0.014221168,0.018587746,GOOD,GOOD,
2024-08-26 02:00:00+00:00,0.275,0.2750000000000001,0.3015581,0.8605108,0.023920964,0.11556824,GOOD,GOOD,
2024-08-26 03:00:00+00:00,0.245,0.24500000000000002,0.304826,0.93463445,0.036562342,0.028803194,GOOD,GOOD,
2024-08-26 04:00:00+00:00,0.245,0.24500000000000002,0.28820536,0.9496019,0.023354141,0.027043993,GOOD,GOOD,
2024-08-26 05:00:00+00:00,0.25,0.25,0.27720213,0.8948271,0.029150309,0.07602257,GOOD,GOOD,
2024-08-26 06:00:00+00:00,0.26,0.26000000000000006,0.27744877,0.9362473,0.023115244,0.040637475,GOOD,GOOD,
2024-08-26 07:00:00+00:00,0.28500000000000003,0.2850000000000001,0.28570047,0.9544629,0.023913592,0.02162354,GOOD,GOOD,
2024-08-26 08:00:00+00:00,0.315,0.31500000000000006,0.30525255,0.90128636,0.05858194,0.040131718,GOOD,GOOD,
2024-08-26 09:00:00+00:00,0.3,0.30000000000000004,0.33329445,0.95486325,0.02487829,0.020258438,GOOD,GOOD,
2024-08-26 10:00:00+00:00,0.33999999999999997,0.3400000000000001,0.33700246,0.8287524,0.100036,0.07121161,GOOD,GOOD,
2024-08-26 11:00:00+00:00,0.305,0.3050000000000001,0.35716233,0.90971327,0.055862326,0.034424394,GOOD,GOOD,
2024-08-26 12:00:00+00:00,0.31,0.31000000000000005,0.3482265,0.9557689,0.024120186,0.020110909,GOOD,GOOD,
2024-08-26 13:00:00+00:00,0.295,0.29500000000000004,0.3412032,0.9716114,0.014847069,0.0135415755,GOOD,GOOD,
2024-08-26 14:00:00+00:00,0.28500000000000003,0.2850000000000001,0.33065507,0.9056435,0.022553248,0.071803205,GOOD,GOOD,
2024-08-26 15:00:00+00:00,0.24,0.24,0.31966278,0.91259146,0.055420596,0.031987917,GOOD,GOOD,
2024-08-26 16:00:00+00:00,0.26,0.26000000000000006,0.2886912,0.9551889,0.026062213,0.018748885,GOOD,GOOD,
2024-08-26 17:00:00+00:00,0.295,0.29500000000000004,0.2835531,0.95107436,0.031940553,0.016985063,GOOD,GOOD,
2024-08-26 18:00:00+00:00,0.265,0.26500000000000007,0.30828813,0.9577216,0.025095439,0.01718297,GOOD,GOOD,
2024-08-26 19:00:00+00:00,0.29000000000000004,0.2900000000000001,0.3061649,0.9654486,0.019985126,0.014566228,GOOD,GOOD,
2024-08-26 20:00:00+00:00,0.26,0.26000000000000006,0.31348184,0.96186334,0.021432875,0.01670376,GOOD,GOOD,
2024-08-26 21:00:00+00:00,0.25,0.25,0.3015852,0.96210945,0.016926244,0.020964313,GOOD,GOOD,
2024-08-26 22:00:00+00:00,0.28,0.28000000000000014,0.28655282,0.9664033,0.019339832,0.014256879,GOOD,GOOD,
2024-08-26 23:00:00+00:00,0.325,0.32500000000000007,0.298024,0.9255344,0.051070083,0.023395482,GOOD,GOOD,
2024-08-27 00:00:00+00:00,0.28,0.28000000000000014,0.3353902,0.9551637,0.026968671,0.017867627,GOOD,GOOD,
2024-08-27 01:00:00+00:00,0.275,0.2750000000000001,0.32813224,0.97034645,0.012548288,0.017105265,GOOD,GOOD,
2024-08-27 02:00:00+00:00,0.24,0.24,0.31216106,0.95423734,0.026807537,0.018955106,GOOD,GOOD,
2024-08-27 03:00:00+00:00,0.23,0.23000000000000004,0.28462192,0.9522058,0.021716487,0.026077747,GOOD,GOOD,
2024-08-27 04:00:00+00:00,0.235,0.235,0.2653061,0.93286365,0.023517488,0.043618873,GOOD,GOOD,
2024-08-27 05:00:00+00:00,0.235,0.235,0.26233387,0.80362105,0.033301737,0.16307719,GOOD,GOOD,
2024-08-27 06:00:00+00:00,0.245,0.24500000000000002,0.2643809,0.9347284,0.02357605,0.04169556,GOOD,GOOD,
2024-08-27 07:00:00+00:00,0.255,0.255,0.27162582,0.86811674,0.029140746,0.102742545,GOOD,GOOD,
2024-08-27 08:00:00+00:00,0.245,0.24500000000000002,0.28146252,0.94245744,0.021366019,0.03617657,GOOD,GOOD,
2024-08-27 09:00:00+00:00,0.28,0.28000000000000014,0.28004894,0.9591944,0.02357115,0.01723445,GOOD,GOOD,
2024-08-27 10:00:00+00:00,0.35,0.3411071402541448,0.2975785,0.8978835,0.07359368,0.028522845,SUSPECT,GOOD,D_drift
2024-08-27 11:00:00+00:00,0.385,0.3672142805082895,0.34581116,0.9280185,0.04562356,0.026357953,SUSPECT,GOOD,D_drift
2024-08-27 12:00:00+00:00,0.37,0.34332142076243427,0.3868738,0.96381813,0.019974597,0.016207252,SUSPECT,GOOD,D_drift
2024-08-27 13:00:00+00:00,0.46499999999999997,0.429428561016579,0.38581344,0.8322775,0.1128021,0.054920405,SUSPECT,GOOD,D_drift
2024-08-27 14:00:00+00:00,0.4,0.35553570127072376,0.42996988,0.87285197,0.08140634,0.04574169,SUSPECT,GOOD,D_drift
2024-08-27 15:00:00+00:00,0.365,0.3116428415248685,0.41141874,0.9287469,0.045959603,0.02529352,SUSPECT,GOOD,D_drift
2024-08-27 16:00:00+00:00,0.355,0.29274998177901324,0.36433214,0.9659918,0.019506006,0.014502215,SUSPECT,GOOD,D_drift
2024-08-27 17:00:00+00:00,0.395,0.323857122033158,0.33053645,0.9637619,0.02194046,0.014297618,SUSPECT,GOOD,D_drift
2024-08-27 18:00:00+00:00,0.41,0.32996426228730263,0.33902487,0.96668327,0.016744802,0.01657191,SUSPECT,GOOD,D_drift
2024-08-27 19:00:00+00:00,0.41000000000000003,0.32107140254144745,0.354454,0.95286375,0.016748859,0.030387381,SUSPECT,GOOD,D_drift
2024-08-27 20:00:00+00:00,0.42,0.32217854279559216,0.35536304,0.86900663,0.02524893,0.10574444,SUSPECT,GOOD,D_drift
2024-08-27 21:00:00+00:00,0.46499999999999997,0.35828568304973696,0.3532167,0.9535305,0.029840423,0.016629107,SUSPECT,GOOD,D_drift
2024-08-27 22:00:00+00:00,0.495,0.37939282330388163,0.37400654,0.95703226,0.025468143,0.017499615,SUSPECT,GOOD,D_drift
2024-08-27 23:00:00+00:00,0.485,0.3604999635580264,0.3999212,0.9753396,0.012961177,0.01169925,SUSPECT,GOOD,D_drift
2024-08-28 00:00:00+00:00,0.44999999999999996,0.3166071038121711,0.39883614,0.95795554,0.024737356,0.01730712,SUSPECT,GOOD,D_drift
2024-08-28 01:00:00+00:00,0.46499999999999997,0.3227142440663159,0.3664162,0.97842693,0.010284713,0.011288352,SUSPECT,GOOD,D_drift
2024-08-28 02:00:00+00:00,0.45,0.2988213843204606,0.3518823,0.97264135,0.014540522,0.012818101,SUSPECT,GOOD,D_drift
2024-08-28 03:00:00+00:00,0.42000000000000004,0.25992852457460536,0.33632943,0.9423643,0.03502227,0.02261348,SUSPECT,GOOD,D_drift
2024-08-28 04:00:00+00:00,0.48,0.31103566482875006,0.30637285,0.9270129,0.04819246,0.024794629,SUSPECT,GOOD,D_drift
2024-08-28 05:00:00+00:00,0.46,0.28214280508289485,0.32152036,0.9592679,0.02358565,0.017146442,SUSPECT,GOOD,D_drift
2024-08-28 06:00:00+00:00,0.475,0.2882499453370395,0.32041076,0.9700388,0.014209436,0.015751788,SUSPECT,GOOD,D_drift
2024-08-28 07:00:00+00:00,0.445,0.24935708559118427,0.31878057,0.9473158,0.031280465,0.021403693,SUSPECT,GOOD,D_drift
2024-08-28 08:00:00+00:00,0.485,0.280464225845329,0.29558977,0.9606155,0.023336194,0.01604826,SUSPECT,GOOD,D_drift
2024-08-28 09:00:00+00:00,0.515,0.3015713660994738,0.29992494,0.93794054,0.030404847,0.03165461,SUSPECT,GOOD,D_drift
2024-08-28 10:00:00+00:00,0.525,0.30267850635361854,0.3208314,0.90940934,0.021264685,0.06932599,SUSPECT,GOOD,D_drift
2024-08-28 11:00:00+00:00,0.49,0.25878564660776315,0.33260792,0.94689757,0.031078953,0.022023471,SUSPECT,GOOD,D_drift
2024-08-28 12:00:00+00:00,0.51,0.269892786861908,0.3088678,0.9698042,0.0155326845,0.014663075,SUSPECT,GOOD,D_drift
2024-08-28 13:00:00+00:00,0.54,0.2909999271160528,0.29866284,0.96164346,0.018427541,0.019929023,SUSPECT,GOOD,D_drift
2024-08-28 14:00:00+00:00,0.44,0.18210706737019738,0.31094334,0.54575646,0.28164715,0.17259641,SUSPECT,GOOD,D_drift
2024-08-28 15:00:00+00:00,0.535,0.2682142076243422,0.25659055,0.76808685,0.15408176,0.07783138,SUSPECT,GOOD,D_drift
2024-08-28 16:00:00+00:00,0.5700000000000001,0.29432134787848696,0.26922596,0.9367657,0.0426441,0.02059021,SUSPECT,GOOD,D_drift
2024-08-28 17:00:00+00:00,0.62,0.33542848813263165,0.3067826,0.9303558,0.048941605,0.020702602,SUSPECT,GOOD,D_drift
2024-08-28 18:00:00+00:00,0.725,0.43153562838677645,0.34985343,0.7699255,0.17280914,0.05726538,SUSPECT,GOOD,D_drift
2024-08-28 19:00:00+00:00,0.765,0.46264276864092113,0.42627916,0.8537773,0.09781456,0.04840818,SUSPECT,GOOD,D_drift
2024-08-28 20:00:00+00:00,0.76,0.44874990889506594,0.48172796,0.94940907,0.029388705,0.021202235,SUSPECT,GOOD,D_drift
2024-08-28 21:00:00+00:00,0.825,0.5048570491492105,0.4882783,0.9179476,0.052123077,0.02992932,SUSPECT,GOOD,D_drift
2024-08-28 22:00:00+00:00,0.885,0.5559641894033553,0.51746047,0.8875449,0.07294451,0.03951061,SUSPECT,GOOD,D_drift
2024-08-28 23:00:00+00:00,0.86,0.5220713296575001,0.566301,0.9305514,0.04193448,0.02751409,SUSPECT,GOOD,D_drift
2024-08-29 00:00:00+00:00,0.79,0.44317846991164483,0.56441444,0.8606686,0.09552605,0.04380537,SUSPECT,GOOD,D_drift
2024-08-29 01:00:00+00:00,0.78,0.4242856101657896,0.5041384,0.9402967,0.034304243,0.025399026,SUSPECT,GOOD,D_drift
2024-08-29 02:00:00+00:00,0.745,0.3803927504199343,0.46128502,0.95146424,0.033557255,0.0149785075,SUSPECT,GOOD,D_drift
2024-08-29 03:00:00+00:00,0.855,0.48149989067407906,0.4225936,0.8324454,0.12378195,0.0437727,SUSPECT,GOOD,D_drift
2024-08-29 04:00:00+00:00,1.065,0.6826070309282238,0.47107005,0.26530707,0.56514275,0.16955021,SUSPECT,SUSPECT,D_drift
2024-08-29 05:00:00+00:00,1.365,0.9737141711823686,0.63698274,0.18323141,0.60885704,0.20791152,SUSPECT,SUSPECT,D_drift
2024-08-29 06:00:00+00:00,1.46,1.0598213114365134,0.917979,0.2171948,0.65116066,0.13164455,SUSPECT,SUSPECT,D_drift
2024-08-29 07:00:00+00:00,1.435,1.0259284516906582,1.0780984,0.9424978,0.041390087,0.016112119,SUSPECT,GOOD,D_drift
2024-08-29 08:00:00+00:00,1.56,1.1420355919448029,1.0715667,0.87576914,0.10691149,0.017319342,SUSPECT,GOOD,D_drift
2024-08-29 09:00:00+00:00,1.57,1.1431427321989476,1.1391687,0.91603625,0.06419744,0.019766325,SUSPECT,GOOD,D_drift
2024-08-29 10:00:00+00:00,1.42,0.9842498724530921,1.165286,0.8874154,0.083067454,0.029517127,SUSPECT,GOOD,D_drift
2024-08-29 11:00:00+00:00,1.28,0.8353570127072371,1.0456281,0.76384425,0.1924461,0.043709684,SUSPECT,GOOD,D_drift
2024-08-29 12:00:00+00:00,1.135,0.6814641529613816,0.8947554,0.669937,0.27751613,0.05254686,SUSPECT,GOOD,D_drift
2024-08-29 13:00:00+00:00,1.1,0.6375712932155264,0.74503845,0.911609,0.06789559,0.020495413,SUSPECT,GOOD,D_drift
2024-08-29 14:00:00+00:00,1.04,0.5686784334696711,0.67009425,0.94594467,0.044196695,0.009858619,SUSPECT,GOOD,D_drift
2024-08-29 15:00:00+00:00,1.27,0.789785573723816,0.61085445,0.45247483,0.46231955,0.08520563,SUSPECT,SUSPECT,D_drift
2024-08-29 16:00:00+00:00,1.2799999999999998,0.7908927139779603,0.7386304,0.60143065,0.2917663,0.106803074,SUSPECT,GOOD,D_drift
2024-08-29 17:00:00+00:00,1.185,0.6869998542321055,0.811221,0.93115413,0.047769092,0.021076761,SUSPECT,GOOD,D_drift
2024-08-29 18:00:00+00:00,1.315,0.8081069944862501,0.75085163,0.9104802,0.07175486,0.017764926,SUSPECT,GOOD,D_drift
2024-08-29 19:00:00+00:00,1.26,0.7442141347403949,0.79628164,0.9709999,0.016515842,0.012484259,SUSPECT,GOOD,D_drift
2024-08-29 20:00:00+00:00,1.245,0.7203212749945397,0.7851637,0.95821756,0.0167086,0.025073843,SUSPECT,GOOD,D_drift
2024-08-29 21:00:00+00:00,1.26,0.7264284152486844,0.7564269,0.8901528,0.017221166,0.09262604,SUSPECT,GOOD,D_drift
2024-08-29 22:00:00+00:00,1.17,0.627535555502829,0.7500323,0.9357284,0.042743202,0.02152841,SUSPECT,GOOD,D_drift
2024-08-29 23:00:00+00:00,1.105,0.5536426957569737,0.68556577,0.8948263,0.07395296,0.031220732,SUSPECT,GOOD,D_drift
2024-08-30 00:00:00+00:00,1.0550000000000002,0.49474983601111877,0.6074124,0.89648575,0.07312213,0.03039211,SUSPECT,GOOD,D_drift
2024-08-30 01:00:00+00:00,0.9299999999999999,0.3608569762652632,0.5416411,0.59731483,0.32098392,0.08170121,SUSPECT,GOOD,D_drift
2024-08-30 02:00:00+00:00,0.94,0.3619641165194079,0.43755132,0.84816927,0.08762831,0.064202406,SUSPECT,GOOD,D_drift
2024-08-30 03:00:00+00:00,1.1,0.5130712567735528,0.39160398,0.66330016,0.27745646,0.05924336,SUSPECT,GOOD,D_drift
2024-08-30 04:00:00+00:00,1.185,0.5891783970276975,0.47869623,0.4719324,0.43100035,0.097067244,SUSPECT,GOOD,D_drift
2024-08-30 05:00:00+00:00,1.205,0.6002855372818423,0.5853764,0.90076333,0.047701906,0.051534753,SUSPECT,GOOD,D_drift
2024-08-30 06:00:00+00:00,1.255,0.6413926775359868,0.63015944,0.95971566,0.026444657,0.013839695,SUSPECT,GOOD,D_drift
2024-08-30 07:00:00+00:00,1.1800000000000002,0.5574998177901319,0.66113317,0.9408958,0.03800993,0.021094274,SUSPECT,GOOD,D_drift
2024-08-30 08:00:00+00:00,1.19,0.5586069580442763,0.6156381,0.9067744,0.023140632,0.07008498,SUSPECT,GOOD,D_drift
2024-08-30 09:00:00+00:00,1.19,0.549714098298421,0.58884025,0.842377,0.026602909,0.13102008,SUSPECT,GOOD,D_drift
2024-08-30 10:00:00+00:00,1.205,1.2050000000000003,0.5784611,0.07042289,0.3590449,0.5705322,GOOD,SUSPECT,
2024-08-30 11:00:00+00:00,1.0550000000000002,1.0550000000000004,1.0413722,0.83149844,0.12836926,0.040132284,GOOD,GOOD,
2024-08-30 12:00:00+00:00,0.8600000000000001,0.8600000000000002,1.1324675,0.5313219,0.34075448,0.12792365,GOOD,GOOD,
2024-08-30 13:00:00+00:00,0.76,0.7600000000000001,0.9523716,0.57606757,0.32887757,0.09505485,GOOD,GOOD,
2024-08-30 14:00:00+00:00,0.825,0.8250000000000001,0.8090347,0.9624107,0.029189164,0.008400121,GOOD,GOOD,
2024-08-30 15:00:00+00:00,0.8899999999999999,0.8899999999999999,0.82004493,0.64787376,0.27266088,0.0794654,GOOD,GOOD,
2024-08-30 16:00:00+00:00,0.875,0.8750000000000001,0.8908611,0.97045356,0.01711259,0.012433858,GOOD,GOOD,
2024-08-30 17:00:00+00:00,0.915,0.915,0.9056125,0.95894825,0.030792918,0.010258816,GOOD,GOOD,
2024-08-30 18:00:00+00:00,0.855,0.8550000000000001,0.92902315,0.9587156,0.027477074,0.013807294,GOOD,GOOD,
2024-08-30 19:00:00+00:00,0.93,0.9300000000000002,0.89396393,0.9398564,0.04932152,0.0108221,GOOD,GOOD,
2024-08-30 20:00:00+00:00,1.02,1.02,0.93023163,0.75878674,0.21024328,0.030970002,GOOD,GOOD,
2024-08-30 21:00:00+00:00,0.9650000000000001,0.9650000000000002,1.016137,0.9521149,0.033060748,0.014824375,GOOD,GOOD,
2024-08-30 22:00:00+00:00,0.975,0.975,1.0034788,0.9574732,0.01864018,0.023886606,GOOD,GOOD,
2024-08-30 23:00:00+00:00,0.935,0.935,0.99507093,0.9646932,0.020020973,0.015285836,GOOD,GOOD,
2024-08-31 00:00:00+00:00,0.835,0.8350000000000001,0.9653994,0.93722135,0.048325446,0.014453188,GOOD,GOOD,
2024-08-31 01:00:00+00:00,0.705,0.7050000000000001,0.8842618,0.79794985,0.16553359,0.03651656,GOOD,GOOD,
2024-08-31 02:00:00+00:00,0.74,0.74,0.7663087,0.9676354,0.021431955,0.01093267,GOOD,GOOD,
2024-08-31 03:00:00+00:00,0.835,0.8350000000000001,0.7496436,0.84221345,0.13394526,0.023841286,GOOD,GOOD,
2024-08-31 04:00:00+00:00,0.825,0.8250000000000001,0.82493347,0.97111183,0.01768278,0.011205373,GOOD,GOOD,
2024-08-31 05:00:00+00:00,0.975,0.975,0.85263896,0.7591351,0.20917036,0.031694487,GOOD,GOOD,
2024-08-31 06:00:00+00:00,0.76,0.7600000000000001,0.95915323,0.67883086,0.20730315,0.113866,GOOD,GOOD,
2024-08-31 07:00:00+00:00,0.845,0.845,0.8476667,0.9600333,0.02753882,0.012427883,GOOD,GOOD,
2024-08-31 08:00:00+00:00,0.875,0.8750000000000001,0.8459787,0.9062332,0.067980625,0.025786214,GOOD,GOOD,
2024-08-31 09:00:00+00:00,0.86,0.8600000000000001,0.8844813,0.95751166,0.016190872,0.026297484,GOOD,GOOD,
2024-08-31 10:00:00+00:00,0.87,0.8700000000000001,0.8895157,0.88204545,0.025029333,0.09292521,GOOD,GOOD,
2024-08-31 11:00:00+00:00,0.775,0.7750000000000001,0.8927148,0.919463,0.05804915,0.022487879,GOOD,GOOD,
2024-08-31 12:00:00+00:00,0.76,0.7600000000000001,0.8271354,0.9454062,0.030346185,0.024247624,GOOD,GOOD,
2024-08-31 13:00:00+00:00,0.65,0.65,0.78850573,0.85283726,0.110871494,0.036291227,GOOD,GOOD,
2024-08-31 14:00:00+00:00,0.655,0.6550000000000001,0.707126,0.945698,0.029632965,0.024669018,GOOD,GOOD,
2024-08-31 15:00:00+00:00,0.635,0.6350000000000001,0.67800164,0.95705014,0.021610022,0.02133985,GOOD,GOOD,
2024-08-31 16:00:00+00:00,0.72,0.72,0.66367006,0.92347366,0.061076578,0.015449765,GOOD,GOOD,
2024-08-31 17:00:00+00:00,0.805,0.8050000000000002,0.71711886,0.7500396,0.21092306,0.039037384,GOOD,GOOD,
2024-08-31 18:00:00+00:00,0.845,0.845,0.8032452,0.85131526,0.11430551,0.03437926,GOOD,GOOD,
2024-08-31 19:00:00+00:00,0.67,0.67,0.8613353,0.7309499,0.18531902,0.08373111,GOOD,GOOD,
2024-08-31 20:00:00+00:00,0.73,0.7300000000000001,0.7535164,0.96442145,0.022390008,0.013188527,GOOD,GOOD,
2024-08-31 21:00:00+00:00,0.745,,0.7382082,0.5610603,0.22154798,0.21739176,BAD,BAD,G_missing_sentinel
2024-08-31 22:00:00+00:00,0.725,0.725,,0.8873028,0.07604902,0.036648143,GOOD,GOOD,
2024-08-31 23:00:00+00:00,0.64,0.6400000000000001,,0.8873028,0.07604902,0.036648143,GOOD,GOOD,
2024-09-01 00:00:00+00:00,0.635,0.6350000000000001,,0.8873028,0.07604902,0.036648143,GOOD,GOOD,
2024-09-01 01:00:00+00:00,0.565,0.5650000000000001,,0.8873028,0.07604902,0.036648143,GOOD,GOOD,
2024-09-01 02:00:00+00:00,0.56,0.5600000000000002,,0.8873028,0.07604902,0.036648143,GOOD,GOOD,
2024-09-01 03:00:00+00:00,0.5800000000000001,0.5800000000000001,,0.8873028,0.07604902,0.036648143,GOOD,GOOD,
2024-09-01 04:00:00+00:00,0.55,0.55,,0.8873028,0.07604902,0.036648143,GOOD,GOOD,
2024-09-01 05:00:00+00:00,0.73,0.7300000000000001,,0.8873028,0.07604902,0.036648143,GOOD,GOOD,
2024-09-01 06:00:00+00:00,0.675,0.675,,0.8873028,0.07604902,0.036648143,GOOD,GOOD,
2024-09-01 07:00:00+00:00,0.55,0.55,,0.8873028,0.07604902,0.036648143,GOOD,GOOD,
2024-09-01 08:00:00+00:00,0.595,0.595,,0.8873028,0.07604902,0.036648143,GOOD,GOOD,
2024-09-01 09:00:00+00:00,0.575,0.575,,0.8873028,0.07604902,0.036648143,GOOD,GOOD,
2024-09-01 10:00:00+00:00,0.595,0.595,,0.8873028,0.07604902,0.036648143,GOOD,GOOD,
2024-09-01 11:00:00+00:00,0.625,0.625,,0.8873028,0.07604902,0.036648143,GOOD,GOOD,
2024-09-01 12:00:00+00:00,0.535,0.535,,0.8873028,0.07604902,0.036648143,GOOD,GOOD,
2024-09-01 13:00:00+00:00,0.52,0.52,,0.8873028,0.07604902,0.036648143,GOOD,GOOD,
2024-09-01 14:00:00+00:00,0.425,0.4250000000000001,,0.8873028,0.07604902,0.036648143,GOOD,GOOD,
2024-09-01 15:00:00+00:00,0.45499999999999996,0.455,,0.8873028,0.07604902,0.036648143,GOOD,GOOD,
2024-09-01 16:00:00+00:00,0.595,0.595,,0.8873028,0.07604902,0.036648143,GOOD,GOOD,
2024-09-01 17:00:00+00:00,0.655,0.6550000000000001,,0.8873028,0.07604902,0.036648143,GOOD,GOOD,
2024-09-01 18:00:00+00:00,0.59,0.5900000000000001,,0.8873028,0.07604902,0.036648143,GOOD,GOOD,
2024-09-01 19:00:00+00:00,0.425,0.4250000000000001,,0.8873028,0.07604902,0.036648143,GOOD,GOOD,
2024-09-01 20:00:00+00:00,0.415,0.4150000000000001,,0.8873028,0.07604902,0.036648143,GOOD,GOOD,
2024-09-01 21:00:00+00:00,0.48,0.48000000000000004,,0.8873028,0.07604902,0.036648143,GOOD,GOOD,
2024-09-01 22:00:00+00:00,0.48,0.48000000000000004,,0.8873028,0.07604902,0.036648143,GOOD,GOOD,
2024-09-01 23:00:00+00:00,0.48,0.48000000000000004,,0.8873028,0.07604902,0.036648143,GOOD,GOOD,
2024-09-02 00:00:00+00:00,0.44,0.4400000000000001,,0.8873028,0.07604902,0.036648143,GOOD,GOOD,
2024-09-02 01:00:00+00:00,0.48,0.48000000000000004,,0.8873028,0.07604902,0.036648143,GOOD,GOOD,
2024-09-02 02:00:00+00:00,0.44,0.4400000000000001,,0.8873028,0.07604902,0.036648143,GOOD,GOOD,
2024-09-02 03:00:00+00:00,0.45999999999999996,0.4600000000000001,,0.8873028,0.07604902,0.036648143,GOOD,GOOD,
2024-09-02 04:00:00+00:00,0.52,0.52,,0.8873028,0.07604902,0.036648143,GOOD,GOOD,
2024-09-02 05:00:00+00:00,0.565,0.5650000000000001,,0.8873028,0.07604902,0.036648143,GOOD,GOOD,
2024-09-02 06:00:00+00:00,0.59,0.5900000000000001,,0.8873028,0.07604902,0.036648143,GOOD,GOOD,
2024-09-02 07:00:00+00:00,0.465,0.4650000000000001,,0.8873028,0.07604902,0.036648143,GOOD,GOOD,
2024-09-02 08:00:00+00:00,0.375,0.3750000000000001,,0.8873028,0.07604902,0.036648143,GOOD,GOOD,
2024-09-02 09:00:00+00:00,0.41000000000000003,0.4100000000000001,,0.8873028,0.07604902,0.036648143,GOOD,GOOD,
2024-09-02 10:00:00+00:00,0.42,0.42000000000000004,,0.8873028,0.07604902,0.036648143,GOOD,GOOD,
2024-09-02 11:00:00+00:00,0.425,0.4250000000000001,,0.8873028,0.07604902,0.036648143,GOOD,GOOD,
2024-09-02 12:00:00+00:00,0.4,0.40000000000000013,,0.8873028,0.07604902,0.036648143,GOOD,GOOD,
2024-09-02 13:00:00+00:00,0.395,0.3950000000000001,,0.8873028,0.07604902,0.036648143,GOOD,GOOD,
2024-09-02 14:00:00+00:00,0.405,0.4050000000000001,,0.8873028,0.07604902,0.036648143,GOOD,GOOD,
2024-09-02 15:00:00+00:00,0.32499999999999996,0.325,,0.8873028,0.07604902,0.036648143,GOOD,GOOD,
2024-09-02 16:00:00+00:00,0.405,0.4050000000000001,,0.8873028,0.07604902,0.036648143,GOOD,GOOD,
2024-09-02 17:00:00+00:00,0.47,0.47000000000000003,,0.8873028,0.07604902,0.036648143,GOOD,GOOD,
2024-09-02 18:00:00+00:00,0.485,0.4850000000000001,,0.8873028,0.07604902,0.036648143,GOOD,GOOD,
2024-09-02 19:00:00+00:00,0.49,0.4900000000000001,,0.8873028,0.07604902,0.036648143,GOOD,GOOD,
2024-09-02 20:00:00+00:00,0.45999999999999996,0.4600000000000001,,0.8873028,0.07604902,0.036648143,GOOD,GOOD,
2024-09-02 21:00:00+00:00,0.395,0.3950000000000001,,0.8873028,0.07604902,0.036648143,GOOD,GOOD,
2024-09-02 22:00:00+00:00,0.375,0.3750000000000001,,0.8873028,0.07604902,0.036648143,GOOD,GOOD,
2024-09-02 23:00:00+00:00,0.43,0.43000000000000005,,0.8873028,0.07604902,0.036648143,GOOD,GOOD,
2024-09-03 00:00:00+00:00,0.38,0.38000000000000006,,0.8873028,0.07604902,0.036648143,GOOD,GOOD,
2024-09-03 01:00:00+00:00,0.385,0.38500000000000006,,0.8873028,0.07604902,0.036648143,GOOD,GOOD,
2024-09-03 02:00:00+00:00,0.385,0.38500000000000006,,0.8873028,0.07604902,0.036648143,GOOD,GOOD,
2024-09-03 03:00:00+00:00,0.355,0.35500000000000004,,0.8873028,0.07604902,0.036648143,GOOD,GOOD,
2024-09-03 04:00:00+00:00,0.41000000000000003,0.4100000000000001,,0.8873028,0.07604902,0.036648143,GOOD,GOOD,
2024-09-03 05:00:00+00:00,0.445,0.44500000000000006,,0.8873028,0.07604902,0.036648143,GOOD,GOOD,
2024-09-03 06:00:00+00:00,0.505,0.505,,0.8873028,0.07604902,0.036648143,GOOD,GOOD,
2024-09-03 07:00:00+00:00,0.415,0.4150000000000001,,0.8873028,0.07604902,0.036648143,GOOD,GOOD,
2024-09-03 08:00:00+00:00,0.415,0.4150000000000001,,0.8873028,0.07604902,0.036648143,GOOD,GOOD,
2024-09-03 09:00:00+00:00,0.44,0.4400000000000001,,0.8873028,0.07604902,0.036648143,GOOD,GOOD,
2024-09-03 10:00:00+00:00,0.435,0.4350000000000001,,0.8873028,0.07604902,0.036648143,GOOD,GOOD,
2024-09-03 11:00:00+00:00,0.415,0.4150000000000001,,0.8873028,0.07604902,0.036648143,GOOD,GOOD,
2024-09-03 12:00:00+00:00,0.385,0.38500000000000006,,0.8873028,0.07604902,0.036648143,GOOD,GOOD,
2024-09-03 13:00:00+00:00,0.35,0.35000000000000003,,0.8873028,0.07604902,0.036648143,GOOD,GOOD,
2024-09-03 14:00:00+00:00,0.355,0.35500000000000004,,0.8873028,0.07604902,0.036648143,GOOD,GOOD,
2024-09-03 15:00:00+00:00,0.315,0.31500000000000006,,0.8873028,0.07604902,0.036648143,GOOD,GOOD,
2024-09-03 16:00:00+00:00,0.33,0.3300000000000001,,0.8873028,0.07604902,0.036648143,GOOD,GOOD,
2024-09-03 17:00:00+00:00,0.375,0.3750000000000001,,0.8873028,0.07604902,0.036648143,GOOD,GOOD,
2024-09-03 18:00:00+00:00,0.445,0.44500000000000006,,0.8873028,0.07604902,0.036648143,GOOD,GOOD,
2024-09-03 19:00:00+00:00,0.405,0.4050000000000001,,0.8873028,0.07604902,0.036648143,GOOD,GOOD,
2024-09-03 20:00:00+00:00,0.35,0.35000000000000003,,0.8873028,0.07604902,0.036648143,GOOD,GOOD,
2024-09-03 21:00:00+00:00,0.355,0.35500000000000004,,0.8873028,0.07604902,0.036648143,GOOD,GOOD,
2024-09-03 22:00:00+00:00,0.32,0.32000000000000006,,0.8873028,0.07604902,0.036648143,GOOD,GOOD,
2024-09-03 23:00:00+00:00,0.32999999999999996,0.33000000000000007,,0.8873028,0.07604902,0.036648143,GOOD,GOOD,
2024-09-04 00:00:00+00:00,0.30500000000000005,0.30500000000000016,,0.8873028,0.07604902,0.036648143,GOOD,GOOD,
2024-09-04 01:00:00+00:00,0.295,0.29500000000000004,,0.8873028,0.07604902,0.036648143,GOOD,GOOD,
2024-09-04 02:00:00+00:00,0.32,0.32000000000000006,,0.8873028,0.07604902,0.036648143,GOOD,GOOD,
2024-09-04 03:00:00+00:00,0.3,0.30000000000000004,,0.8873028,0.07604902,0.036648143,GOOD,GOOD,
2024-09-04 04:00:00+00:00,0.29000000000000004,0.2900000000000001,,0.8873028,0.07604902,0.036648143,GOOD,GOOD,
2024-09-04 05:00:00+00:00,0.33,0.3300000000000001,,0.8873028,0.07604902,0.036648143,GOOD,GOOD,
2024-09-04 06:00:00+00:00,0.345,0.34500000000000003,,0.8873028,0.07604902,0.036648143,GOOD,GOOD,
2024-09-04 07:00:00+00:00,0.31,0.31000000000000005,,0.8873028,0.07604902,0.036648143,GOOD,GOOD,
2024-09-04 08:00:00+00:00,0.33499999999999996,0.335,,0.8873028,0.07604902,0.036648143,GOOD,GOOD,
2024-09-04 09:00:00+00:00,0.29000000000000004,0.2900000000000001,,0.8873028,0.07604902,0.036648143,GOOD,GOOD,
2024-09-04 10:00:00+00:00,0.29000000000000004,0.2900000000000001,,0.8873028,0.07604902,0.036648143,GOOD,GOOD,
2024-09-04 11:00:00+00:00,0.28,0.28000000000000014,,0.8873028,0.07604902,0.036648143,GOOD,GOOD,
2024-09-04 12:00:00+00:00,0.32999999999999996,0.33000000000000007,,0.8873028,0.07604902,0.036648143,GOOD,GOOD,
2024-09-04 13:00:00+00:00,0.265,0.26500000000000007,,0.8873028,0.07604902,0.036648143,GOOD,GOOD,
2024-09-04 14:00:00+00:00,0.265,0.02,,0.8873028,0.07604902,0.036648143,BAD,GOOD,C_level_shift
2024-09-04 15:00:00+00:00,0.255,0.02,,0.8873028,0.07604902,0.036648143,BAD,GOOD,C_level_shift
2024-09-04 16:00:00+00:00,0.255,0.02,,0.8873028,0.07604902,0.036648143,BAD,GOOD,C_level_shift
2024-09-04 17:00:00+00:00,0.29000000000000004,0.02,,0.8873028,0.07604902,0.036648143,BAD,GOOD,C_level_shift
2024-09-04 18:00:00+00:00,0.3,0.02,,0.8873028,0.07604902,0.036648143,BAD,GOOD,C_level_shift
2024-09-04 19:00:00+00:00,0.31,0.02,,0.8873028,0.07604902,0.036648143,BAD,GOOD,C_level_shift
2024-09-04 20:00:00+00:00,0.30000000000000004,0.02,,0.8873028,0.07604902,0.036648143,BAD,GOOD,C_level_shift
2024-09-04 21:00:00+00:00,0.235,0.02,,0.8873028,0.07604902,0.036648143,BAD,GOOD,C_level_shift
2024-09-04 22:00:00+00:00,0.26,0.02,,0.8873028,0.07604902,0.036648143,BAD,GOOD,C_level_shift
2024-09-04 23:00:00+00:00,0.22499999999999998,0.02,,0.8873028,0.07604902,0.036648143,BAD,GOOD,C_level_shift
2024-09-05 00:00:00+00:00,0.265,0.02,,0.8873028,0.07604902,0.036648143,BAD,GOOD,C_level_shift
2024-09-05 01:00:00+00:00,0.235,0.02,,0.8873028,0.07604902,0.036648143,BAD,GOOD,C_level_shift
2024-09-05 02:00:00+00:00,0.245,0.02,,0.8873028,0.07604902,0.036648143,BAD,GOOD,C_level_shift
2024-09-05 03:00:00+00:00,0.26,0.02,,0.8873028,0.07604902,0.036648143,BAD,GOOD,C_level_shift
2024-09-05 04:00:00+00:00,0.295,0.02,,0.8873028,0.07604902,0.036648143,BAD,GOOD,C_level_shift
2024-09-05 05:00:00+00:00,0.325,0.02,,0.8873028,0.07604902,0.036648143,BAD,GOOD,C_level_shift
2024-09-05 06:00:00+00:00,0.345,0.02,,0.8873028,0.07604902,0.036648143,BAD,GOOD,C_level_shift
2024-09-05 07:00:00+00:00,0.425,0.02,,0.8873028,0.07604902,0.036648143,BAD,GOOD,C_level_shift
2024-09-05 08:00:00+00:00,0.405,0.02,,0.8873028,0.07604902,0.036648143,BAD,GOOD,C_level_shift
2024-09-05 09:00:00+00:00,0.38,0.02,,0.8873028,0.07604902,0.036648143,BAD,GOOD,C_level_shift
2024-09-05 10:00:00+00:00,0.35,0.02,,0.8873028,0.07604902,0.036648143,BAD,GOOD,C_level_shift
2024-09-05 11:00:00+00:00,0.30000000000000004,0.02,,0.8873028,0.07604902,0.036648143,BAD,GOOD,C_level_shift
2024-09-05 12:00:00+00:00,0.345,0.02,,0.8873028,0.07604902,0.036648143,BAD,GOOD,C_level_shift
2024-09-05 13:00:00+00:00,0.33999999999999997,0.02,,0.8873028,0.07604902,0.036648143,BAD,GOOD,C_level_shift
2024-09-05 14:00:00+00:00,0.33,0.02,,0.8873028,0.07604902,0.036648143,BAD,GOOD,C_level_shift
2024-09-05 15:00:00+00:00,0.33999999999999997,0.02,,0.8873028,0.07604902,0.036648143,BAD,GOOD,C_level_shift
2024-09-05 16:00:00+00:00,0.29000000000000004,0.02,,0.8873028,0.07604902,0.036648143,BAD,GOOD,C_level_shift
2024-09-05 17:00:00+00:00,0.31,0.02,,0.8873028,0.07604902,0.036648143,BAD,GOOD,C_level_shift
2024-09-05 18:00:00+00:00,0.43,0.02,,0.8873028,0.07604902,0.036648143,BAD,GOOD,C_level_shift
2024-09-05 19:00:00+00:00,0.415,0.02,,0.8873028,0.07604902,0.036648143,BAD,GOOD,C_level_shift
2024-09-05 20:00:00+00:00,0.52,0.02,,0.8873028,0.07604902,0.036648143,BAD,GOOD,C_level_shift
2024-09-05 21:00:00+00:00,0.32,0.02,,0.8873028,0.07604902,0.036648143,BAD,GOOD,C_level_shift
2024-09-05 22:00:00+00:00,0.395,0.02,,0.8873028,0.07604902,0.036648143,BAD,GOOD,C_level_shift
2024-09-05 23:00:00+00:00,0.315,0.02,,0.8873028,0.07604902,0.036648143,BAD,GOOD,C_level_shift
2024-09-06 00:00:00+00:00,0.365,0.02,,0.8873028,0.07604902,0.036648143,BAD,GOOD,C_level_shift
2024-09-06 01:00:00+00:00,0.345,0.02,,0.8873028,0.07604902,0.036648143,BAD,GOOD,C_level_shift
2024-09-06 02:00:00+00:00,0.345,0.02,,0.8873028,0.07604902,0.036648143,BAD,GOOD,C_level_shift
2024-09-06 03:00:00+00:00,0.385,0.02,,0.8873028,0.07604902,0.036648143,BAD,GOOD,C_level_shift
2024-09-06 04:00:00+00:00,0.315,0.02,,0.8873028,0.07604902,0.036648143,BAD,GOOD,C_level_shift
2024-09-06 05:00:00+00:00,0.32999999999999996,0.02,,0.8873028,0.07604902,0.036648143,BAD,GOOD,C_level_shift
2024-09-06 06:00:00+00:00,0.33999999999999997,0.02,,0.8873028,0.07604902,0.036648143,BAD,GOOD,C_level_shift
2024-09-06 07:00:00+00:00,0.385,0.02,,0.8873028,0.07604902,0.036648143,BAD,GOOD,C_level_shift
2024-09-06 08:00:00+00:00,0.385,0.02,,0.8873028,0.07604902,0.036648143,BAD,GOOD,C_level_shift
2024-09-06 09:00:00+00:00,0.37,0.02,,0.8873028,0.07604902,0.036648143,BAD,GOOD,C_level_shift
2024-09-06 10:00:00+00:00,0.41,0.02,,0.8873028,0.07604902,0.036648143,BAD,GOOD,C_level_shift
2024-09-06 11:00:00+00:00,0.435,0.02,,0.8873028,0.07604902,0.036648143,BAD,GOOD,C_level_shift
2024-09-06 12:00:00+00:00,0.365,0.02,,0.8873028,0.07604902,0.036648143,BAD,GOOD,C_level_shift
2024-09-06 13:00:00+00:00,0.36,0.02,,0.8873028,0.07604902,0.036648143,BAD,GOOD,C_level_shift
2024-09-06 14:00:00+00:00,0.35,0.02,,0.8873028,0.07604902,0.036648143,BAD,GOOD,C_level_shift
2024-09-06 15:00:00+00:00,0.325,0.02,,0.8873028,0.07604902,0.036648143,BAD,GOOD,C_level_shift
2024-09-06 16:00:00+00:00,0.32,0.02,,0.8873028,0.07604902,0.036648143,BAD,GOOD,C_level_shift
2024-09-06 17:00:00+00:00,0.32,0.02,,0.8873028,0.07604902,0.036648143,BAD,GOOD,C_level_shift
2024-09-06 18:00:00+00:00,0.38,0.02,,0.8873028,0.07604902,0.036648143,BAD,GOOD,C_level_shift
2024-09-06 19:00:00+00:00,0.415,0.02,,0.8873028,0.07604902,0.036648143,BAD,GOOD,C_level_shift
2024-09-06 20:00:00+00:00,0.395,0.02,,0.8873028,0.07604902,0.036648143,BAD,GOOD,C_level_shift
2024-09-06 21:00:00+00:00,0.305,0.02,,0.8873028,0.07604902,0.036648143,BAD,GOOD,C_level_shift
2024-09-06 22:00:00+00:00,0.345,0.02,,0.8873028,0.07604902,0.036648143,BAD,GOOD,C_level_shift
2024-09-06 23:00:00+00:00,0.365,0.02,,0.8873028,0.07604902,0.036648143,BAD,GOOD,C_level_shift
2024-09-07 00:00:00+00:00,0.35,0.02,,0.8873028,0.07604902,0.036648143,BAD,GOOD,C_level_shift
2024-09-07 01:00:00+00:00,0.355,0.02,,0.8873028,0.07604902,0.036648143,BAD,GOOD,C_level_shift
2024-09-07 02:00:00+00:00,0.31,0.02,,0.8873028,0.07604902,0.036648143,BAD,GOOD,C_level_shift
2024-09-07 03:00:00+00:00,0.345,0.02,,0.8873028,0.07604902,0.036648143,BAD,GOOD,C_level_shift
2024-09-07 04:00:00+00:00,0.37,0.02,,0.8873028,0.07604902,0.036648143,BAD,GOOD,C_level_shift
2024-09-07 05:00:00+00:00,0.345,0.02,,0.8873028,0.07604902,0.036648143,BAD,GOOD,C_level_shift
2024-09-07 06:00:00+00:00,0.38,0.02,,0.8873028,0.07604902,0.036648143,BAD,GOOD,C_level_shift
2024-09-07 07:00:00+00:00,0.505,0.02,,0.8873028,0.07604902,0.036648143,BAD,GOOD,C_level_shift
2024-09-07 08:00:00+00:00,0.46499999999999997,0.02,,0.8873028,0.07604902,0.036648143,BAD,GOOD,C_level_shift
2024-09-07 09:00:00+00:00,0.45999999999999996,0.02,,0.8873028,0.07604902,0.036648143,BAD,GOOD,C_level_shift
2024-09-07 10:00:00+00:00,0.47,0.02,,0.8873028,0.07604902,0.036648143,BAD,GOOD,C_level_shift
2024-09-07 11:00:00+00:00,0.49,0.02,,0.8873028,0.07604902,0.036648143,BAD,GOOD,C_level_shift
2024-09-07 12:00:00+00:00,0.41000000000000003,0.02,,0.8873028,0.07604902,0.036648143,BAD,GOOD,C_level_shift
2024-09-07 13:00:00+00:00,0.45499999999999996,0.02,,0.8873028,0.07604902,0.036648143,BAD,GOOD,C_level_shift
2024-09-07 14:00:00+00:00,0.5249999999999999,0.5249999999999999,,0.8873028,0.07604902,0.036648143,GOOD,GOOD,
2024-09-07 15:00:00+00:00,0.48,0.48000000000000004,,0.8873028,0.07604902,0.036648143,GOOD,GOOD,
2024-09-07 16:00:00+00:00,0.535,0.535,,0.8873028,0.07604902,0.036648143,GOOD,GOOD,
2024-09-07 17:00:00+00:00,0.42,0.42000000000000004,,0.8873028,0.07604902,0.036648143,GOOD,GOOD,
2024-09-07 18:00:00+00:00,0.53,0.53,,0.8873028,0.07604902,0.036648143,GOOD,GOOD,
2024-09-07 19:00:00+00:00,0.645,0.645,,0.8873028,0.07604902,0.036648143,GOOD,GOOD,
2024-09-07 20:00:00+00:00,0.7,0.7,,0.8873028,0.07604902,0.036648143,GOOD,GOOD,
2024-09-07 21:00:00+00:00,0.585,0.5850000000000001,,0.8873028,0.07604902,0.036648143,GOOD,GOOD,
2024-09-07 22:00:00+00:00,0.56,0.5600000000000002,0.65675896,0.53856075,0.25566903,0.20577021,GOOD,GOOD,
2024-09-07 23:00:00+00:00,0.56,0.5600000000000002,0.6000396,0.53856075,0.25566903,0.20577021,GOOD,GOOD,
2024-09-08 00:00:00+00:00,0.5800000000000001,0.5800000000000001,0.5827986,0.53856075,0.25566903,0.20577021,GOOD,GOOD,
2024-09-08 01:00:00+00:00,0.48,0.48000000000000004,0.596635,0.53856075,0.25566903,0.20577021,GOOD,GOOD,
2024-09-08 02:00:00+00:00,0.495,0.4950000000000001,0.5416262,0.53856075,0.25566903,0.20577021,GOOD,GOOD,
2024-09-08 03:00:00+00:00,0.525,0.525,0.5194498,0.973968,0.017400173,0.00863181,GOOD,GOOD,
2024-09-08 04:00:00+00:00,0.5,0.5000000000000001,0.53775984,0.9751487,0.01418062,0.010670702,GOOD,GOOD,
2024-09-08 05:00:00+00:00,0.45,0.4500000000000001,0.53524387,0.9589924,0.02546879,0.015538762,GOOD,GOOD,
2024-09-08 06:00:00+00:00,0.53,0.53,0.49847025,0.9031553,0.07173078,0.025113884,GOOD,GOOD,
2024-09-08 07:00:00+00:00,0.62,0.62,0.53001297,0.76084447,0.19731316,0.041842368,GOOD,GOOD,
2024-09-08 08:00:00+00:00,0.655,0.6550000000000001,0.61348987,0.88830733,0.08369312,0.027999552,GOOD,GOOD,
2024-09-08 09:00:00+00:00,0.605,0.605,0.6734086,0.964877,0.018366002,0.016756963,GOOD,GOOD,
2024-09-08 10:00:00+00:00,0.565,0.5650000000000001,0.6548564,0.9504809,0.02729833,0.022220766,GOOD,GOOD,
2024-09-08 11:00:00+00:00,0.47,0.47000000000000003,0.6102587,0.8820974,0.08731766,0.030584913,GOOD,GOOD,
2024-09-08 12:00:00+00:00,0.495,0.4950000000000001,0.5315466,0.9784348,0.013052694,0.008512505,GOOD,GOOD,
2024-09-08 13:00:00+00:00,0.485,0.4850000000000001,0.5140328,0.94861186,0.018364316,0.033023857,GOOD,GOOD,
2024-09-08 14:00:00+00:00,0.445,0.44500000000000006,0.5128012,0.95667243,0.02561997,0.01770761,GOOD,GOOD,
2024-09-08 15:00:00+00:00,0.48,0.48000000000000004,0.48871124,0.9653302,0.019427402,0.015242408,GOOD,GOOD,
2024-09-08 16:00:00+00:00,0.49,0.4900000000000001,0.497061,0.940662,0.020650368,0.038687587,GOOD,GOOD,
2024-09-08 17:00:00+00:00,0.435,0.4350000000000001,0.51289546,0.90641457,0.058401477,0.035183974,GOOD,GOOD,
2024-09-08 18:00:00+00:00,0.45499999999999996,0.455,0.4848021,0.95930505,0.02006681,0.02062813,GOOD,GOOD,
2024-09-08 19:00:00+00:00,0.51,0.51,0.4787461,0.94955623,0.03763482,0.012808943,GOOD,GOOD,
2024-09-08 20:00:00+00:00,0.47,0.47000000000000003,0.5164019,0.9735107,0.014421576,0.012067752,GOOD,GOOD,
2024-09-08 21:00:00+00:00,0.49,0.4900000000000001,0.5125284,0.97765875,0.011086837,0.011254438,GOOD,GOOD,
2024-09-08 22:00:00+00:00,0.4825,0.4825000000000001,0.5151333,0.92358357,0.015309803,0.061106652,GOOD,GOOD,
2024-09-08 23:00:00+00:00,0.475,0.4750000000000001,0.5134691,0.76409113,0.027999306,0.20790952,GOOD,GOOD,
2024-09-09 00:00:00+00:00,0.435,0.4350000000000001,0.5072355,0.941854,0.03335749,0.024788508,GOOD,GOOD,
2024-09-09 01:00:00+00:00,0.46499999999999997,0.465,0.47915187,0.9671164,0.017953642,0.014929966,GOOD,GOOD,
2024-09-09 02:00:00+00:00,0.495,0.4950000000000001,0.48360303,0.9192574,0.041157,0.039585575,GOOD,GOOD,
2024-09-09 03:00:00+00:00,0.45,0.4500000000000001,0.5107411,0.96675265,0.018845458,0.0144019015,GOOD,GOOD,
2024-09-09 04:00:00+00:00,0.53,0.53,0.4956607,0.91182387,0.06273329,0.025442835,GOOD,GOOD,
2024-09-09 05:00:00+00:00,0.565,0.5650000000000001,0.532458,0.93946636,0.042632345,0.017901316,GOOD,GOOD,
2024-09-09 06:00:00+00:00,0.48,0.48000000000000004,0.5788804,0.92594546,0.0475781,0.02647642,GOOD,GOOD,
2024-09-09 07:00:00+00:00,0.44999999999999996,0.45000000000000007,0.541124,0.9403504,0.033577617,0.026071956,GOOD,GOOD,
2024-09-09 08:00:00+00:00,0.49,0.4900000000000001,0.49397966,0.9726594,0.01592373,0.011416872,GOOD,GOOD,
2024-09-09 09:00:00+00:00,0.53,0.53,0.5019643,0.90791404,0.057803392,0.034282595,GOOD,GOOD,
2024-09-09 10:00:00+00:00,0.57,0.57,0.540844,0.9016869,0.062061645,0.03625143,GOOD,GOOD,
2024-09-09 11:00:00+00:00,0.6,0.6,0.58494437,0.89607435,0.06352017,0.040405456,GOOD,GOOD,
2024-09-09 12:00:00+00:00,0.62,0.62,0.6199994,0.9205282,0.043232128,0.036239702,GOOD,GOOD,
2024-09-09 13:00:00+00:00,0.52,0.52,0.64333206,0.88638204,0.07582312,0.03779484,GOOD,GOOD,
2024-09-09 14:00:00+00:00,0.53,0.53,0.58426416,0.97585887,0.013113441,0.011027714,GOOD,GOOD,
2024-09-09 15:00:00+00:00,0.515,0.515,0.5569402,0.95612115,0.016755387,0.02712347,GOOD,GOOD,
2024-09-09 16:00:00+00:00,0.62,0.62,0.54471153,0.8397105,0.12353095,0.036758583,GOOD,GOOD,
2024-09-09 17:00:00+00:00,0.585,0.5850000000000001,0.61053103,0.95810646,0.023203194,0.018690376,GOOD,GOOD,
2024-09-09 18:00:00+00:00,0.645,0.645,0.6235784,0.93832123,0.042938653,0.01874011,GOOD,GOOD,
2024-09-09 19:00:00+00:00,0.61,0.6100000000000001,0.656768,0.9679017,0.017920705,0.01417756,GOOD,GOOD,
2024-09-09 20:00:00+00:00,0.6,0.6,0.64900154,0.9076342,0.025191564,0.06717424,GOOD,GOOD,
2024-09-09 21:00:00+00:00,0.625,0.625,0.63284755,0.9713507,0.016626794,0.012022472,GOOD,GOOD,
2024-09-09 22:00:00+00:00,0.595,0.595,0.64327204,0.9686765,0.016032327,0.015291141,GOOD,GOOD,
2024-09-09 23:00:00+00:00,0.6,0.6,0.63164926,0.9374544,0.017647184,0.044898435,GOOD,GOOD,
2024-09-10 00:00:00+00:00,0.5549999999999999,0.5549999999999999,0.62688184,0.9593946,0.021978926,0.018626511,GOOD,GOOD,
2024-09-10 01:00:00+00:00,0.54,0.5400000000000001,0.5974521,0.9336977,0.024465986,0.041836336,GOOD,GOOD,
2024-09-10 02:00:00+00:00,0.54,0.5400000000000001,0.57344186,0.7573837,0.03412594,0.20849033,GOOD,GOOD,
2024-09-10 03:00:00+00:00,0.555,0.555,0.566416,0.9328756,0.024767142,0.042357285,GOOD,GOOD,
2024-09-10 04:00:00+00:00,0.515,0.515,0.57646626,0.9406702,0.031037789,0.028292026,GOOD,GOOD,
2024-09-10 05:00:00+00:00,0.5,0.5000000000000001,0.5569616,0.9166787,0.03235473,0.05096655,GOOD,GOOD,
2024-09-10 06:00:00+00:00,0.485,0.4850000000000001,0.53507113,0.8063779,0.043029238,0.15059285,GOOD,GOOD,
2024-09-10 07:00:00+00:00,0.54,0.5400000000000001,0.5179672,0.94902515,0.036591277,0.014383586,GOOD,GOOD,
2024-09-10 08:00:00+00:00,0.5800000000000001,0.5800000000000001,0.54776967,0.945723,0.039482098,0.014794913,GOOD,GOOD,
2024-09-10 09:00:00+00:00,0.61,0.6100000000000001,0.5927697,0.93976086,0.037189398,0.02304973,GOOD,GOOD,
2024-09-10 10:00:00+00:00,0.6,0.6,0.62968755,0.9759764,0.011171588,0.012851988,GOOD,GOOD,
2024-09-10 11:00:00+00:00,0.51,0.51,0.633868,0.8909348,0.07382019,0.035244968,GOOD,GOOD,
2024-09-10 12:00:00+00:00,0.455,0.45500000000000007,0.57173,0.88941425,0.07489849,0.035687264,GOOD,GOOD,
2024-09-10 13:00:00+00:00,0.45999999999999996,0.4600000000000001,0.5049817,0.97437584,0.013332698,0.01229147,GOOD,GOOD,
2024-09-10 14:00:00+00:00,0.49,0.4900000000000001,0.484321,0.96910197,0.020257564,0.010640466,GOOD,GOOD,
2024-09-10 15:00:00+00:00,0.54,0.5400000000000001,0.5040602,0.9486631,0.038579464,0.012757403,GOOD,GOOD,
2024-09-10 16:00:00+00:00,0.47,0.47000000000000003,0.5495038,0.922031,0.046269152,0.031699855,GOOD,GOOD,
2024-09-10 17:00:00+00:00,0.455,0.45500000000000007,0.5247874,0.9621386,0.018655827,0.01920559,GOOD,GOOD,
2024-09-10 18:00:00+00:00,0.5,0.5000000000000001,0.4933859,0.9589826,0.027381618,0.013635811,GOOD,GOOD,
2024-09-10 19:00:00+00:00,0.49,0.4900000000000001,0.5105516,0.97354,0.013950548,0.012509471,GOOD,GOOD,
2024-09-10 20:00:00+00:00,0.53,0.53,0.5197637,0.96600074,0.02294956,0.011049694,GOOD,GOOD,
2024-09-10 21:00:00+00:00,0.525,0.525,0.5460434,0.9751997,0.011196046,0.013604264,GOOD,GOOD,
2024-09-10 22:00:00+00:00,0.515,0.515,0.5554885,0.8587477,0.019078877,0.12217337,GOOD,GOOD,
2024-09-10 23:00:00+00:00,0.48,0.48000000000000004,0.5490438,0.96412045,0.019013396,0.016866136,GOOD,GOOD,
2024-09-11 00:00:00+00:00,0.485,0.4850000000000001,0.52207553,0.9704725,0.0125691965,0.016958278,GOOD,GOOD,
2024-09-11 01:00:00+00:00,0.44499999999999995,0.445,0.51223266,0.9479647,0.03019967,0.021835584,GOOD,GOOD,
2024-09-11 02:00:00+00:00,0.455,0.45500000000000007,0.4870538,0.9698358,0.014454702,0.015709508,GOOD,GOOD,
2024-09-11 03:00:00+00:00,0.44,0.4400000000000001,0.48085716,0.9628282,0.015825704,0.021346066,GOOD,GOOD,
2024-09-11 04:00:00+00:00,0.44999999999999996,0.45000000000000007,0.47301242,0.9528028,0.018073412,0.029123789,GOOD,GOOD,
2024-09-11 05:00:00+00:00,0.405,0.4050000000000001,0.47556633,0.91572803,0.04801961,0.036252342,GOOD,GOOD,
2024-09-11 06:00:00+00:00,0.42000000000000004,0.4200000000000001,0.45056912,0.95926183,0.018864745,0.021873394,GOOD,GOOD,
2024-09-11 07:00:00+00:00,0.435,0.4350000000000001,0.44503957,0.89737016,0.028373882,0.074255936,GOOD,GOOD,
2024-09-11 08:00:00+00:00,0.4,0.40000000000000013,0.4566861,0.937384,0.032345764,0.030270243,GOOD,GOOD,
2024-09-11 09:00:00+00:00,0.43,0.43000000000000005,0.4422689,0.9560804,0.020318203,0.023601424,GOOD,GOOD,
2024-09-11 10:00:00+00:00,0.44,0.4400000000000001,0.4499872,0.9309948,0.021068072,0.0479371,GOOD,GOOD,
2024-09-11 11:00:00+00:00,0.41000000000000003,0.4100000000000001,0.4640697,0.9369255,0.029855313,0.03321924,GOOD,GOOD,
2024-09-11 12:00:00+00:00,0.375,0.3750000000000001,0.45139953,0.8830651,0.060659733,0.05627517,GOOD,GOOD,
2024-09-11 13:00:00+00:00,0.37,0.37000000000000005,0.41992614,0.8857235,0.041018266,0.07325826,GOOD,GOOD,
2024-09-11 14:00:00+00:00,0.35,0.35000000000000003,0.40191898,0.929086,0.031262357,0.03965163,GOOD,GOOD,
2024-09-11 15:00:00+00:00,0.37,0.37000000000000005,0.38592544,0.94702363,0.0220898,0.030886551,GOOD,GOOD,
2024-09-11 16:00:00+00:00,0.385,0.38500000000000006,0.39187396,0.9221419,0.024454562,0.053403534,GOOD,GOOD,
2024-09-11 17:00:00+00:00,0.365,0.3650000000000001,0.40766856,0.9328027,0.025576472,0.041620858,GOOD,GOOD,
2024-09-11 18:00:00+00:00,0.38,0.38000000000000006,0.40288898,0.9421634,0.021951219,0.03588539,GOOD,GOOD,
2024-09-11 19:00:00+00:00,0.365,0.3650000000000001,0.40585414,0.9185996,0.028971596,0.052428793,GOOD,GOOD,
2024-09-11 20:00:00+00:00,0.37,0.37000000000000005,0.39995748,0.88715714,0.033748258,0.07909458,GOOD,GOOD,
2024-09-11 21:00:00+00:00,0.37,0.37000000000000005,0.39878854,0.59276104,0.052096136,0.35514286,GOOD,GOOD,
2024-09-11 22:00:00+00:00,0.4,0.40000000000000013,0.39952952,0.9709712,0.017371058,0.011657738,GOOD,GOOD,
2024-09-11 23:00:00+00:00,0.425,0.4250000000000001,0.4184507,0.9315961,0.03220607,0.036197823,GOOD,GOOD,
2024-09-12 00:00:00+00:00,0.435,0.4350000000000001,0.44471884,0.9406312,0.020023068,0.03934571,GOOD,GOOD,
2024-09-12 01:00:00+00:00,0.39,0.3900000000000001,0.46178046,0.96130514,0.021929963,0.016764885,GOOD,GOOD,
2024-09-12 02:00:00+00:00,0.375,0.3750000000000001,0.43828303,0.9693155,0.015565891,0.015118563,GOOD,GOOD,
2024-09-12 03:00:00+00:00,0.41500000000000004,0.41500000000000015,0.4127349,0.961367,0.024437277,0.01419572,GOOD,GOOD,
2024-09-12 04:00:00+00:00,0.41000000000000003,0.4100000000000001,0.42813423,0.9758986,0.0122618405,0.011839563,GOOD,GOOD,
2024-09-12 05:00:00+00:00,0.415,0.4150000000000001,0.43899766,0.89239246,0.021757174,0.08585037,GOOD,GOOD,
2024-09-12 06:00:00+00:00,0.385,0.38500000000000006,0.4442041,0.9713761,0.014760456,0.013863415,GOOD,GOOD,
2024-09-12 07:00:00+00:00,0.375,0.3750000000000001,0.4266627,0.94903535,0.016929766,0.034034893,GOOD,GOOD,
2024-09-12 08:00:00+00:00,0.37,0.37000000000000005,0.4096446,0.827551,0.027559461,0.1448895,GOOD,GOOD,
2024-09-12 09:00:00+00:00,0.39,0.3900000000000001,0.40075403,0.97361374,0.014205442,0.0121808415,GOOD,GOOD,
2024-09-12 10:00:00+00:00,0.33999999999999997,0.3400000000000001,0.41116625,0.9074635,0.05705773,0.0354788,GOOD,GOOD,
2024-09-12 11:00:00+00:00,0.33999999999999997,0.3400000000000001,0.3883395,0.9514508,0.021568634,0.02698053,GOOD,GOOD,
2024-09-12 12:00:00+00:00,0.365,0.3650000000000001,0.37243906,0.9664809,0.017410768,0.01610834,GOOD,GOOD,
2024-09-12 13:00:00+00:00,0.405,0.4050000000000001,0.3836325,0.94210184,0.038895894,0.019002238,BAD,GOOD,E_stuck
2024-09-12 14:00:00+00:00,0.51,0.4050000000000001,0.4178403,0.96356225,0.01918788,0.017249878,BAD,GOOD,E_stuck
2024-09-12 15:00:00+00:00,0.44999999999999996,0.4050000000000001,0.43485484,0.72582936,0.027913993,0.24625665,BAD,GOOD,E_stuck
2024-09-12 16:00:00+00:00,0.42,0.4050000000000001,0.43729633,0.7095752,0.025809359,0.26461548,BAD,GOOD,E_stuck
2024-09-12 17:00:00+00:00,0.45999999999999996,0.4050000000000001,0.43585667,0.6834499,0.028009614,0.28854045,BAD,GOOD,E_stuck
2024-09-12 18:00:00+00:00,0.445,0.4050000000000001,0.43495443,0.6688881,0.0297092,0.30140272,BAD,GOOD,E_stuck
2024-09-12 19:00:00+00:00,0.435,0.4050000000000001,0.43481648,0.6581979,0.029495325,0.31230676,BAD,GOOD,E_stuck
2024-09-12 20:00:00+00:00,0.435,0.4050000000000001,0.43486816,0.6414041,0.029717358,0.32887855,BAD,GOOD,E_stuck
2024-09-12 21:00:00+00:00,0.405,0.4050000000000001,0.4348579,0.6207807,0.029644137,0.34957516,BAD,GOOD,E_stuck
2024-09-12 22:00:00+00:00,0.44,0.4050000000000001,0.43479094,0.6038331,0.032514125,0.3636528,BAD,GOOD,E_stuck
2024-09-12 23:00:00+00:00,0.44999999999999996,0.4050000000000001,0.43472117,0.5752074,0.036275104,0.3885175,BAD,GOOD,E_stuck
2024-09-13 00:00:00+00:00,0.365,0.4050000000000001,0.434675,0.54638267,0.038255397,0.41536194,BAD,GOOD,E_stuck
2024-09-13 01:00:00+00:00,0.45,0.4500000000000001,0.43465486,0.5779908,0.22879754,0.19321172,GOOD,GOOD,
2024-09-13 02:00:00+00:00,0.45499999999999996,0.455,0.46260694,0.5551722,0.24296716,0.20186064,GOOD,GOOD,
2024-09-13 03:00:00+00:00,0.42,0.42000000000000004,0.48161998,0.91770864,0.04937213,0.032919228,GOOD,GOOD,
2024-09-13 04:00:00+00:00,0.41000000000000003,0.4100000000000001,0.46438417,0.9697137,0.015003913,0.015282414,GOOD,GOOD,
2024-09-13 05:00:00+00:00,0.375,0.3750000000000001,0.44521505,0.84991384,0.086946085,0.06314008,GOOD,GOOD,
2024-09-13 06:00:00+00:00,0.405,0.4050000000000001,0.4170145,0.96139395,0.02313064,0.015475403,GOOD,GOOD,
2024-09-13 07:00:00+00:00,0.41000000000000003,0.4100000000000001,0.42298007,0.53856075,0.25566903,0.20577021,GOOD,GOOD,
2024-09-13 08:00:00+00:00,0.445,0.44500000000000006,0.43525264,0.53856075,0.25566903,0.20577021,GOOD,GOOD,
2024-09-13 09:00:00+00:00,0.435,0.4350000000000001,0.46196362,0.53856075,0.25566903,0.20577021,GOOD,GOOD,
2024-09-13 10:00:00+00:00,0.41500000000000004,0.41500000000000015,0.46832687,0.53856075,0.25566903,0.20577021,GOOD,GOOD,
2024-09-13 11:00:00+00:00,0.445,0.44500000000000006,0.45403948,0.53856075,0.25566903,0.20577021,GOOD,GOOD,
2024-09-13 12:00:00+00:00,0.47,0.47000000000000003,0.46395054,0.53856075,0.25566903,0.20577021,GOOD,GOOD,
2024-09-13 13:00:00+00:00,0.45999999999999996,0.4600000000000001,0.48851144,0.53856075,0.25566903,0.20577021,GOOD,GOOD,
2024-09-13 14:00:00+00:00,0.48,0.48000000000000004,0.4934431,0.53856075,0.25566903,0.20577021,GOOD,GOOD,
2024-09-13 15:00:00+00:00,0.475,0.4750000000000001,0.50379986,0.5481713,0.24829265,0.20353608,GOOD,GOOD,
2024-09-13 16:00:00+00:00,0.425,0.4250000000000001,0.50585383,0.9288097,0.043575246,0.02761507,GOOD,GOOD,
2024-09-13 17:00:00+00:00,0.41500000000000004,0.41500000000000015,0.47361085,0.9681549,0.015864022,0.015981082,GOOD,GOOD,
2024-09-13 18:00:00+00:00,0.38,0.38000000000000006,0.44937614,0.9418537,0.034295894,0.023850424,GOOD,GOOD,
2024-09-13 19:00:00+00:00,0.38,0.38000000000000006,0.42101252,0.9613933,0.018747756,0.019858947,GOOD,GOOD,
2024-09-13 20:00:00+00:00,0.39,0.3900000000000001,0.40921226,0.93964756,0.021067413,0.039285034,GOOD,GOOD,
2024-09-13 21:00:00+00:00,0.395,0.3950000000000001,0.41409805,0.84727067,0.02945117,0.12327818,GOOD,GOOD,
2024-09-13 22:00:00+00:00,0.41000000000000003,0.4100000000000001,0.42189065,0.94074196,0.021684952,0.037573114,GOOD,GOOD,
2024-09-13 23:00:00+00:00,0.46499999999999997,0.465,0.43424982,0.93674225,0.04533973,0.01791801,GOOD,GOOD,
2024-09-14 00:00:00+00:00,0.41000000000000003,0.4100000000000001,0.47404778,0.96158177,0.022597019,0.01582123,BAD,GOOD,E_stuck
2024-09-14 01:00:00+00:00,0.46499999999999997,0.4100000000000001,0.45982337,0.9755843,0.010010565,0.014405102,BAD,GOOD,E_stuck
2024-09-14 02:00:00+00:00,0.445,0.4100000000000001,0.44366288,0.68310773,0.023682559,0.29320967,BAD,GOOD,E_stuck
2024-09-14 03:00:00+00:00,0.435,0.4350000000000001,0.43855214,0.9727279,0.014735047,0.012537069,GOOD,GOOD,
2024-09-14 04:00:00+00:00,0.37,0.37000000000000005,0.45433593,0.9033575,0.061216,0.035426512,GOOD,GOOD,
2024-09-14 05:00:00+00:00,0.4,0.40000000000000013,0.42388752,0.96425295,0.019830907,0.015916126,GOOD,GOOD,
2024-09-14 06:00:00+00:00,0.39,0.3900000000000001,0.4212877,0.9694329,0.01455468,0.016012412,GOOD,GOOD,
2024-09-14 07:00:00+00:00,0.34,0.34000000000000014,0.42068964,0.89124334,0.06675297,0.042003725,GOOD,GOOD,
2024-09-14 08:00:00+00:00,0.375,0.3750000000000001,0.38967222,0.9544413,0.02539966,0.020159012,GOOD,GOOD,
2024-09-14 09:00:00+00:00,0.36,0.36000000000000004,0.3928521,0.96059626,0.018468041,0.02093571,GOOD,GOOD,
2024-09-14 10:00:00+00:00,0.37,0.37000000000000005,0.39258885,0.95511264,0.018608345,0.026279023,GOOD,GOOD,
2024-09-14 11:00:00+00:00,0.385,0.38500000000000006,0.39696783,0.91520864,0.024572726,0.06021865,GOOD,GOOD,
2024-09-14 12:00:00+00:00,0.395,0.3950000000000001,0.40886748,0.86456364,0.028608458,0.106827885,GOOD,GOOD,
2024-09-14 13:00:00+00:00,0.36,0.36000000000000004,0.4209824,0.92642254,0.037990727,0.035586737,GOOD,GOOD,
2024-09-14 14:00:00+00:00,0.445,0.44500000000000006,0.40406916,0.87746716,0.08498776,0.03754512,GOOD,GOOD,
2024-09-14 15:00:00+00:00,0.425,0.4250000000000001,0.4442113,0.9634445,0.019997045,0.016558494,GOOD,GOOD,
2024-09-14 16:00:00+00:00,0.42,0.42000000000000004,0.4590558,0.8998582,0.019787984,0.08035384,GOOD,GOOD,
2024-09-14 17:00:00+00:00,0.4,0.40000000000000013,0.45508102,0.95694494,0.016248785,0.026806243,GOOD,GOOD,
2024-09-14 18:00:00+00:00,0.43,0.43000000000000005,0.43824437,0.9641839,0.020355014,0.015461034,GOOD,GOOD,
2024-09-14 19:00:00+00:00,0.39,0.3900000000000001,0.44844887,0.96216285,0.021710785,0.016126374,GOOD,GOOD,
2024-09-14 20:00:00+00:00,0.38,0.38000000000000006,0.4330635,0.9473314,0.019103743,0.03356485,GOOD,GOOD,
2024-09-14 21:00:00+00:00,0.39,0.3900000000000001,0.41550317,0.94149864,0.018863603,0.039637774,GOOD,GOOD,
2024-09-14 22:00:00+00:00,0.395,0.3950000000000001,0.41508538,0.8039875,0.031237302,0.16477522,GOOD,GOOD,
2024-09-14 23:00:00+00:00,0.41500000000000004,0.41500000000000015,0.42139894,0.9646613,0.017335288,0.018003397,GOOD,GOOD,
2024-09-15 00:00:00+00:00,0.42000000000000004,0.4200000000000001,0.43701246,0.89706063,0.025697814,0.07724156,GOOD,GOOD,
2024-09-15 01:00:00+00:00,0.41000000000000003,0.4100000000000001,0.44767186,0.90727544,0.026272418,0.066452175,GOOD,GOOD,
2024-09-15 02:00:00+00:00,0.43,0.43000000000000005,0.4443117,0.96075696,0.018354362,0.020888692,GOOD,GOOD,
2024-09-15 03:00:00+00:00,0.4,0.40000000000000013,0.45290425,0.93966186,0.029164301,0.03117383,GOOD,GOOD,
2024-09-15 04:00:00+00:00,0.415,0.4150000000000001,0.44024482,0.95637584,0.019037375,0.024586769,BAD,GOOD,E_stuck
2024-09-15 05:00:00+00:00,0.35,0.4150000000000001,0.4403889,0.7962638,0.03618038,0.16755581,BAD,GOOD,E_stuck
2024-09-15 06:00:00+00:00,0.36,0.4150000000000001,0.4434455,0.52247643,0.042403784,0.43511975,BAD,GOOD,E_stuck
2024-09-15 07:00:00+00:00,0.375,0.3750000000000001,0.44483128,0.9037483,0.050781548,0.045470208,GOOD,GOOD,
2024-09-15 08:00:00+00:00,0.365,0.3650000000000001,0.42033508,0.8858295,0.045367416,0.068803094,GOOD,GOOD,
2024-09-15 09:00:00+00:00,0.385,0.38500000000000006,0.3999581,0.94778967,0.0221812,0.030029146,GOOD,GOOD,
2024-09-15 10:00:00+00:00,0.335,0.3350000000000001,0.4057466,0.89112633,0.060330316,0.04854333,GOOD,GOOD,
2024-09-15 11:00:00+00:00,0.375,0.3750000000000001,0.38266972,0.93379676,0.03068611,0.03551711,GOOD,GOOD,
2024-09-15 12:00:00+00:00,0.38,0.38000000000000006,0.39152312,0.9350972,0.02369262,0.04121018,GOOD,GOOD,
2024-09-15 13:00:00+00:00,0.345,0.34500000000000003,0.40523353,0.90904784,0.04121507,0.04973712,GOOD,GOOD,
2024-09-15 14:00:00+00:00,0.405,0.4050000000000001,0.38933563,0.934752,0.04436161,0.02088638,GOOD,GOOD,
2024-09-15 15:00:00+00:00,0.36,0.36000000000000004,0.4137857,0.94897264,0.029979045,0.0210483,GOOD,GOOD,
2024-09-15 16:00:00+00:00,0.385,0.38500000000000006,0.40454552,0.971474,0.015803408,0.012722601,GOOD,GOOD,
2024-09-15 17:00:00+00:00,0.37,0.37000000000000005,0.40852928,0.9758088,0.01189465,0.012296562,GOOD,GOOD,
2024-09-15 18:00:00+00:00,0.32499999999999996,0.325,0.4044191,0.93019533,0.04127033,0.028534343,GOOD,GOOD,
2024-09-15 19:00:00+00:00,0.31,0.31000000000000005,0.37362325,0.9495254,0.026229372,0.02424523,GOOD,GOOD,
2024-09-15 20:00:00+00:00,0.35,0.35000000000000003,0.34751382,0.9497712,0.03163138,0.01859741,GOOD,GOOD,
2024-09-15 21:00:00+00:00,0.35,0.35000000000000003,0.36283365,0.96344453,0.016592588,0.019962903,GOOD,GOOD,
2024-09-15 22:00:00+00:00,0.355,0.35500000000000004,0.37727538,0.8607118,0.025290728,0.113997445,GOOD,GOOD,
2024-09-15 23:00:00+00:00,0.325,0.32500000000000007,0.38455856,0.96406806,0.01902353,0.01690841,GOOD,GOOD,
2024-09-16 00:00:00+00:00,0.38,0.38000000000000006,0.3678473,0.93769526,0.0417386,0.020566119,GOOD,GOOD,
2024-09-16 01:00:00+00:00,0.31,0.31000000000000005,0.38998988,0.904576,0.06107273,0.03435126,GOOD,GOOD,
2024-09-16 02:00:00+00:00,0.335,0.3350000000000001,0.3648205,0.9679254,0.017950188,0.014124371,GOOD,GOOD,
2024-09-16 03:00:00+00:00,0.33999999999999997,0.3400000000000001,0.35940304,0.93656105,0.019473258,0.04396567,GOOD,GOOD,
2024-09-16 04:00:00+00:00,0.355,0.35500000000000004,0.36562246,0.9413779,0.019628858,0.038993236,GOOD,GOOD,
2024-09-16 05:00:00+00:00,0.33,0.3300000000000001,0.37896904,0.9672478,0.016528575,0.016223656,GOOD,GOOD,
2024-09-16 06:00:00+00:00,0.305,0.3050000000000001,0.37017137,0.88751584,0.042394422,0.07008971,GOOD,GOOD,
2024-09-16 07:00:00+00:00,0.375,0.3750000000000001,0.34704834,0.907528,0.06522607,0.027245918,GOOD,GOOD,
2024-09-16 08:00:00+00:00,0.345,0.34500000000000003,0.37780795,0.9718008,0.016104046,0.012095131,GOOD,GOOD,
2024-09-16 09:00:00+00:00,0.34,0.34000000000000014,0.38315418,0.93305624,0.016138038,0.050805703,GOOD,GOOD,
2024-09-16 10:00:00+00:00,0.36,0.36000000000000004,0.37551546,0.9751773,0.013181481,0.011641224,GOOD,GOOD,
2024-09-16 11:00:00+00:00,0.325,0.32500000000000007,0.38274404,0.96425354,0.019903334,0.015843123,GOOD,GOOD,
2024-09-16 12:00:00+00:00,0.37,0.37000000000000005,0.3677571,0.94937795,0.031762235,0.01885979,GOOD,GOOD,
2024-09-16 13:00:00+00:00,0.345,0.34500000000000003,0.3842384,0.9772875,0.012403704,0.010308852,GOOD,GOOD,
2024-09-16 14:00:00+00:00,0.295,0.29500000000000004,0.3824848,0.93420273,0.041699648,0.024097621,GOOD,GOOD,
2024-09-16 15:00:00+00:00,0.325,0.32500000000000007,0.34721658,0.9668113,0.019061362,0.014127365,GOOD,GOOD,
2024-09-16 16:00:00+00:00,0.35,0.35000000000000003,0.3449202,0.9310385,0.032613352,0.036348134,GOOD,GOOD,
2024-09-16 17:00:00+00:00,0.34,0.34000000000000014,0.36682886,0.9706038,0.013298735,0.016097466,GOOD,GOOD,
2024-09-16 18:00:00+00:00,0.33999999999999997,0.3400000000000001,0.37344003,0.83414674,0.022099035,0.14375421,GOOD,GOOD,
2024-09-16 19:00:00+00:00,0.325,0.32500000000000007,0.37221426,0.9459639,0.016931081,0.037104994,GOOD,GOOD,
2024-09-16 20:00:00+00:00,0.28,0.28000000000000014,0.3615476,0.9175387,0.05128437,0.031176945,GOOD,GOOD,
2024-09-16 21:00:00+00:00,0.305,0.3050000000000001,0.3288109,0.95874447,0.02324266,0.018012881,GOOD,GOOD,
2024-09-16 22:00:00+00:00,0.3,0.30000000000000004,0.32632926,0.9603187,0.018187456,0.021493841,GOOD,GOOD,
2024-09-16 23:00:00+00:00,0.28500000000000003,0.2850000000000001,0.32931304,0.9323155,0.02842507,0.03925942,GOOD,GOOD,
2024-09-17 00:00:00+00:00,0.29,0.29000000000000004,0.32182565,0.9400759,0.021435704,0.03848843,GOOD,GOOD,
2024-09-17 01:00:00+00:00,0.32,0.32000000000000006,0.31943133,0.9653671,0.021438578,0.013194359,GOOD,GOOD,
2024-09-17 02:00:00+00:00,0.265,0.26500000000000007,0.33775944,0.88637775,0.071214326,0.04240792,GOOD,GOOD,
2024-09-17 03:00:00+00:00,0.29000000000000004,0.2900000000000001,0.31657434,0.96134394,0.022040963,0.016615119,GOOD,GOOD,
2024-09-17 04:00:00+00:00,0.305,0.3050000000000001,0.31399587,0.95158917,0.019939283,0.028471561,GOOD,GOOD,
2024-09-17 05:00:00+00:00,0.32,0.32000000000000006,0.3270183,0.8995886,0.02640517,0.074006274,GOOD,GOOD,
2024-09-17 06:00:00+00:00,0.275,0.2750000000000001,0.3439632,0.9356046,0.03830889,0.026086561,GOOD,GOOD,
2024-09-17 07:00:00+00:00,0.22999999999999998,0.23,0.32421267,0.8677443,0.0804554,0.051800307,GOOD,GOOD,
2024-09-17 08:00:00+00:00,0.295,0.29500000000000004,0.2821535,0.8863028,0.07516026,0.038536917,GOOD,GOOD,
2024-09-17 09:00:00+00:00,0.28500000000000003,0.2850000000000001,0.29949778,0.9654007,0.01945448,0.015144852,GOOD,GOOD,
2024-09-17 10:00:00+00:00,0.30500000000000005,0.30500000000000016,0.31414878,0.9745788,0.014222979,0.011198201,GOOD,GOOD,
2024-09-17 11:00:00+00:00,0.27,0.2700000000000001,0.3294918,0.9582326,0.02348959,0.018277813,GOOD,GOOD,
2024-09-17 12:00:00+00:00,0.28,0.28000000000000014,0.31508365,0.9724547,0.013911167,0.013634113,GOOD,GOOD,
2024-09-17 13:00:00+00:00,0.31,0.31000000000000005,0.3089336,0.9678802,0.019788167,0.012331648,GOOD,GOOD,
2024-09-17 14:00:00+00:00,0.265,0.26500000000000007,0.32695526,0.9484644,0.03131719,0.020218395,GOOD,GOOD,
2024-09-17 15:00:00+00:00,0.29000000000000004,0.2900000000000001,0.3123107,0.9696239,0.017463354,0.012912698,GOOD,GOOD,
2024-09-17 16:00:00+00:00,0.29500000000000004,0.2950000000000001,0.31361797,0.94817543,0.016855203,0.03496937,GOOD,GOOD,
2024-09-17 17:00:00+00:00,0.3,0.30000000000000004,0.3214893,0.8073945,0.027559165,0.16504633,GOOD,GOOD,
2024-09-17 18:00:00+00:00,0.315,0.31500000000000006,0.32852173,0.95260143,0.020181406,0.02721718,GOOD,GOOD,
2024-09-17 19:00:00+00:00,0.32999999999999996,0.33000000000000007,0.3399359,0.9158286,0.031070648,0.053100795,GOOD,GOOD,
2024-09-17 20:00:00+00:00,0.30500000000000005,0.30500000000000016,0.35444325,0.9599023,0.0207788,0.019318892,GOOD,GOOD,
2024-09-17 21:00:00+00:00,0.275,0.2750000000000001,0.34567267,0.9190529,0.042090192,0.038856894,GOOD,GOOD,
2024-09-17 22:00:00+00:00,0.31,0.31000000000000005,0.31947201,0.9544676,0.026052056,0.019480325,GOOD,GOOD,
2024-09-17 23:00:00+00:00,0.33499999999999996,0.335,0.32681197,0.9416631,0.033969462,0.024367431,GOOD,GOOD,
2024-09-18 00:00:00+00:00,0.27,0.2700000000000001,0.35235456,0.91664284,0.053024508,0.03033267,GOOD,GOOD,
2024-09-18 01:00:00+00:00,0.315,0.31500000000000006,0.32638958,0.94613117,0.03258192,0.021286905,GOOD,GOOD,
2024-09-18 02:00:00+00:00,0.28,0.28000000000000014,0.33161864,0.9681974,0.018261285,0.01354132,GOOD,GOOD,
2024-09-18 03:00:00+00:00,0.26,0.26000000000000006,0.32090002,0.9402717,0.027651658,0.032076642,GOOD,GOOD,
2024-09-18 04:00:00+00:00,0.275,0.2750000000000001,0.3005325,0.9743587,0.01391098,0.0117303645,GOOD,GOOD,
2024-09-18 05:00:00+00:00,0.32,0.32000000000000006,0.2995629,0.938105,0.042240176,0.019654807,GOOD,GOOD,
2024-09-18 06:00:00+00:00,0.335,0.3350000000000001,0.330399,0.9514732,0.028320082,0.020206721,GOOD,GOOD,
2024-09-18 07:00:00+00:00,0.31,0.31000000000000005,0.3580102,0.9732202,0.014204583,0.012575195,GOOD,GOOD,
2024-09-18 08:00:00+00:00,0.25,0.25,0.35222656,0.8938035,0.06976543,0.036431063,GOOD,GOOD,
2024-09-18 09:00:00+00:00,0.235,0.235,0.3076274,0.9477873,0.029559767,0.022652972,GOOD,GOOD,
2024-09-18 10:00:00+00:00,0.31000000000000005,0.3100000000000001,0.27380684,0.8792275,0.085690446,0.03508202,GOOD,GOOD,
2024-09-18 11:00:00+00:00,0.305,0.3050000000000001,0.30752105,0.9691805,0.016764551,0.014054899,GOOD,GOOD,
2024-09-18 12:00:00+00:00,0.305,0.3050000000000001,0.332569,0.774127,0.027251171,0.19862182,GOOD,GOOD,
2024-09-18 13:00:00+00:00,0.325,0.32500000000000007,0.33856177,0.9710703,0.01544455,0.013485166,GOOD,GOOD,
2024-09-18 14:00:00+00:00,0.375,0.3750000000000001,0.34923515,0.9239242,0.051362667,0.024713103,GOOD,GOOD,
2024-09-18 15:00:00+00:00,0.29000000000000004,0.2900000000000001,0.38534138,0.88161343,0.07676256,0.041624002,GOOD,GOOD,
2024-09-18 16:00:00+00:00,0.315,0.31500000000000006,0.3531682,0.970549,0.01744396,0.012007078,GOOD,GOOD,
2024-09-18 17:00:00+00:00,0.315,0.31500000000000006,0.34094673,0.93731076,0.016815923,0.045873336,GOOD,GOOD,
2024-09-18 18:00:00+00:00,0.385,0.38500000000000006,0.34207666,0.8834059,0.08070734,0.03588675,GOOD,GOOD,
2024-09-18 19:00:00+00:00,0.365,0.3650000000000001,0.38713354,0.9603727,0.022158302,0.017468989,GOOD,GOOD,
2024-09-18 20:00:00+00:00,0.32,0.32000000000000006,0.4011166,0.956911,0.025186408,0.017902553,GOOD,GOOD,
2024-09-18 21:00:00+00:00,0.275,0.2750000000000001,0.3716915,0.91221344,0.0565409,0.031245673,GOOD,GOOD,
2024-09-18 22:00:00+00:00,0.29000000000000004,0.2900000000000001,0.32558823,0.9781558,0.0121479165,0.009696314,GOOD,GOOD,
2024-09-18 23:00:00+00:00,0.365,0.3650000000000001,0.3137889,0.87595457,0.09083157,0.033213887,GOOD,GOOD,
2024-09-19 00:00:00+00:00,0.33,0.3300000000000001,0.36175504,0.9665661,0.019327618,0.014106281,GOOD,GOOD,
2024-09-19 01:00:00+00:00,0.36,0.36000000000000004,0.37106454,0.9632678,0.021008039,0.015724162,GOOD,GOOD,
2024-09-19 02:00:00+00:00,0.41,0.41000000000000003,0.38316455,0.9308767,0.04686648,0.022256859,GOOD,GOOD,
2024-09-19 03:00:00+00:00,0.325,0.32500000000000007,0.42024896,0.9057281,0.061189633,0.03308225,GOOD,GOOD,
2024-09-19 04:00:00+00:00,0.315,0.31500000000000006,0.3874967,0.9616843,0.020090647,0.01822507,GOOD,GOOD,
2024-09-19 05:00:00+00:00,0.305,0.3050000000000001,0.35447147,0.8112304,0.031880073,0.15688947,GOOD,GOOD,
2024-09-19 06:00:00+00:00,0.37,0.37000000000000005,0.33723247,0.91004634,0.061799888,0.028153786,GOOD,GOOD,
2024-09-19 07:00:00+00:00,0.425,0.4250000000000001,0.3728038,0.87103677,0.089032374,0.039930888,GOOD,GOOD,
2024-09-19 08:00:00+00:00,0.38,0.38000000000000006,0.4311464,0.9566008,0.0250207,0.018378517,GOOD,GOOD,
2024-09-19 09:00:00+00:00,0.3,0.30000000000000004,0.42855138,0.8771517,0.08793441,0.03491383,GOOD,GOOD,
2024-09-19 10:00:00+00:00,0.275,0.2750000000000001,0.3666624,0.92174506,0.047911987,0.030342922,GOOD,GOOD,
2024-09-19 11:00:00+00:00,0.355,0.35500000000000004,0.31762385,0.89475816,0.07546571,0.029776108,GOOD,GOOD,
2024-09-19 12:00:00+00:00,0.4,0.40000000000000013,0.34986815,0.8727131,0.09418053,0.03310635,GOOD,GOOD,
2024-09-19 13:00:00+00:00,0.395,0.3950000000000001,0.40698874,0.9582576,0.018987373,0.022755016,GOOD,GOOD,
2024-09-19 14:00:00+00:00,0.42,0.42000000000000004,0.4285597,0.96542394,0.018765613,0.015810419,GOOD,GOOD,
2024-09-19 15:00:00+00:00,0.4,0.40000000000000013,0.44441226,0.9755055,0.012174819,0.012319738,GOOD,GOOD,
2024-09-19 16:00:00+00:00,0.36,0.36000000000000004,0.43786603,0.9506639,0.028870478,0.020465601,GOOD,GOOD,
2024-09-19 17:00:00+00:00,0.355,0.35500000000000004,0.40674913,0.9122055,0.024727775,0.06306671,GOOD,GOOD,
2024-09-19 18:00:00+00:00,0.33999999999999997,0.3400000000000001,0.38760707,0.9011316,0.026982965,0.07188548,GOOD,GOOD,
2024-09-19 19:00:00+00:00,0.44499999999999995,0.445,0.37406433,0.79774404,0.15388337,0.048372626,GOOD,GOOD,
2024-09-19 20:00:00+00:00,0.41000000000000003,0.4100000000000001,0.4339843,0.9607899,0.02217299,0.01703707,GOOD,GOOD,
2024-09-19 21:00:00+00:00,0.4,0.40000000000000013,0.4496695,0.9354147,0.0173032,0.047282152,GOOD,GOOD,
2024-09-19 22:00:00+00:00,0.325,0.32500000000000007,0.43872178,0.8810425,0.08449804,0.0344595,GOOD,GOOD,
2024-09-19 23:00:00+00:00,0.365,0.3650000000000001,0.384941,0.9699593,0.018491197,0.01154947,GOOD,GOOD,
2024-09-20 00:00:00+00:00,0.43,0.43000000000000005,0.38066882,0.91017175,0.06704635,0.022781909,GOOD,GOOD,
2024-09-20 01:00:00+00:00,0.43999999999999995,0.44000000000000006,0.4300511,0.9547882,0.02660572,0.018606057,GOOD,GOOD,
2024-09-20 02:00:00+00:00,0.43,0.43000000000000005,0.46455124,0.9492279,0.015809087,0.034962982,GOOD,GOOD,
2024-09-20 03:00:00+00:00,0.385,0.38500000000000006,0.46676534,0.9592528,0.022855254,0.017891988,GOOD,GOOD,
2024-09-20 04:00:00+00:00,0.36,0.36000000000000004,0.43401006,0.9515124,0.025534274,0.022953322,GOOD,GOOD,
2024-09-20 05:00:00+00:00,0.355,0.35500000000000004,0.40055996,0.91933393,0.022550123,0.05811596,GOOD,GOOD,
2024-09-20 06:00:00+00:00,0.44,0.4400000000000001,0.3853828,0.8662114,0.10006312,0.033725426,GOOD,GOOD,
2024-09-20 07:00:00+00:00,0.45999999999999996,0.4600000000000001,0.4353672,0.94534725,0.035721406,0.01893137,GOOD,GOOD,
2024-09-20 08:00:00+00:00,0.585,0.5850000000000001,0.47945702,0.72330964,0.21189253,0.06479783,GOOD,GOOD,
2024-09-20 09:00:00+00:00,0.44,0.4400000000000001,0.5728382,0.747887,0.15273264,0.09938035,GOOD,GOOD,
2024-09-20 10:00:00+00:00,0.42,0.42000000000000004,0.5222143,0.8660465,0.071054,0.06289953,GOOD,GOOD,
2024-09-20 11:00:00+00:00,0.41500000000000004,0.41500000000000015,0.46517166,0.83740526,0.031180387,0.13141435,GOOD,GOOD,
2024-09-20 12:00:00+00:00,0.49,0.4900000000000001,0.44276968,0.90961003,0.06604328,0.024346702,GOOD,GOOD,
2024-09-20 13:00:00+00:00,0.51,0.51,0.48807496,0.9441218,0.036003046,0.019875199,GOOD,GOOD,
2024-09-20 14:00:00+00:00,0.445,0.44500000000000006,0.529601,0.9522603,0.028084015,0.019655649,GOOD,GOOD,
2024-09-20 15:00:00+00:00,0.435,0.4350000000000001,0.5008942,0.95813787,0.016250601,0.02561153,GOOD,GOOD,
2024-09-20 16:00:00+00:00,0.38,0.38000000000000006,0.4715414,0.9415158,0.039658155,0.01882603,GOOD,GOOD,
2024-09-20 17:00:00+00:00,0.38,0.38000000000000006,0.42817453,0.939585,0.02088773,0.039527275,GOOD,GOOD,
2024-09-20 18:00:00+00:00,0.43,0.43000000000000005,0.4091865,0.95234114,0.034097947,0.013560935,GOOD,GOOD,
2024-09-20 19:00:00+00:00,0.5,0.5000000000000001,0.43774843,0.8784684,0.09304406,0.02848757,GOOD,GOOD,
2024-09-20 20:00:00+00:00,0.525,0.525,0.50130624,0.94093406,0.0371466,0.02191933,GOOD,GOOD,
2024-09-20 21:00:00+00:00,0.525,0.525,0.54608107,0.87984896,0.025362829,0.09478821,GOOD,GOOD,
2024-09-20 22:00:00+00:00,0.5349999999999999,0.5349999999999999,0.55764204,0.90256697,0.025417242,0.07201581,GOOD,GOOD,
2024-09-20 23:00:00+00:00,0.46499999999999997,0.465,0.5626443,0.9339937,0.044048388,0.021957899,GOOD,GOOD,
2024-09-21 00:00:00+00:00,0.485,0.4850000000000001,0.51946473,0.9768888,0.012529769,0.010581444,GOOD,GOOD,
2024-09-21 01:00:00+00:00,0.5,0.5000000000000001,0.5082675,0.92116237,0.02310779,0.055729873,GOOD,GOOD,
2024-09-21 02:00:00+00:00,0.475,0.4750000000000001,0.52049243,0.9707765,0.013823318,0.015400183,GOOD,GOOD,
2024-09-21 03:00:00+00:00,0.48,0.48000000000000004,0.5125645,0.92248243,0.019525863,0.05799172,GOOD,GOOD,
2024-09-21 04:00:00+00:00,0.41500000000000004,0.41500000000000015,0.5085547,0.88855726,0.073326185,0.03811658,BAD,GOOD,E_stuck
2024-09-21 05:00:00+00:00,0.44,0.41500000000000015,0.4675401,0.9228365,0.030549258,0.04661426,BAD,GOOD,E_stuck
2024-09-21 06:00:00+00:00,0.435,0.41500000000000015,0.4454718,0.63834906,0.04365761,0.31799334,BAD,GOOD,E_stuck
2024-09-21 07:00:00+00:00,0.43,0.41500000000000015,0.44157395,0.6376949,0.03853603,0.32376906,BAD,GOOD,E_stuck
2024-09-21 08:00:00+00:00,0.525,0.41500000000000015,0.44316852,0.5912229,0.036324147,0.372453,BAD,GOOD,E_stuck
2024-09-21 09:00:00+00:00,0.45,0.41500000000000015,0.44440007,0.55787015,0.036639675,0.40549022,BAD,GOOD,E_stuck
2024-09-21 10:00:00+00:00,0.405,0.41500000000000015,0.44469318,0.52500093,0.039026145,0.4359729,BAD,GOOD,E_stuck
2024-09-21 11:00:00+00:00,0.395,0.41500000000000015,0.44468966,0.51224434,0.043299887,0.44445577,BAD,GOOD,E_stuck
2024-09-21 12:00:00+00:00,0.435,0.41500000000000015,0.4447175,0.5038359,0.04325258,0.45291153,BAD,GOOD,E_stuck
2024-09-21 13:00:00+00:00,0.475,0.41500000000000015,0.4447906,0.491198,0.042637557,0.46616444,BAD,GOOD,E_stuck
2024-09-21 14:00:00+00:00,0.48,0.41500000000000015,0.4448528,0.46578288,0.043484878,0.49073225,BAD,GOOD,E_stuck
2024-09-21 15:00:00+00:00,0.41000000000000003,0.41500000000000015,0.44487727,0.4344313,0.04352062,0.52204806,BAD,GOOD,E_stuck
2024-09-21 16:00:00+00:00,0.43,0.43000000000000005,0.44486648,0.9479703,0.021256117,0.030773604,GOOD,GOOD,
2024-09-21 17:00:00+00:00,0.375,0.3750000000000001,0.45413488,0.8644279,0.082976766,0.052595295,GOOD,GOOD,
2024-09-21 18:00:00+00:00,0.45499999999999996,0.455,0.42545062,0.6742197,0.2042224,0.12155788,GOOD,GOOD,
2024-09-21 19:00:00+00:00,0.445,0.44500000000000006,0.45647052,0.8995181,0.059600618,0.040881332,GOOD,GOOD,
2024-09-21 20:00:00+00:00,0.48,0.48000000000000004,0.4744575,0.83743703,0.097103916,0.065459065,GOOD,GOOD,
2024-09-21 21:00:00+00:00,0.515,0.515,0.49907112,0.76847816,0.12899137,0.10253045,GOOD,GOOD,
2024-09-21 22:00:00+00:00,0.425,0.4250000000000001,0.5318602,0.653625,0.21305732,0.1333177,GOOD,GOOD,
2024-09-21 23:00:00+00:00,0.43,0.43000000000000005,0.48816013,0.9183854,0.04876531,0.03284929,GOOD,GOOD,
2024-09-22 00:00:00+00:00,0.43000000000000005,0.4300000000000001,0.46128994,0.9083707,0.024165131,0.06746419,GOOD,GOOD,
2024-09-22 01:00:00+00:00,0.44499999999999995,0.445,0.45608407,0.92977613,0.04063592,0.029587932,GOOD,GOOD,
2024-09-22 02:00:00+00:00,0.44999999999999996,0.45000000000000007,0.4672159,0.93039423,0.038166862,0.031438928,GOOD,GOOD,
2024-09-22 03:00:00+00:00,0.415,0.4150000000000001,0.47701806,0.9462165,0.028359424,0.02542404,GOOD,GOOD,
2024-09-22 04:00:00+00:00,0.435,0.4350000000000001,0.45816237,0.53856075,0.25566903,0.20577021,GOOD,GOOD,
2024-09-22 05:00:00+00:00,0.39,0.3900000000000001,0.4581698,0.81633794,0.11712962,0.06653244,GOOD,GOOD,
2024-09-22 06:00:00+00:00,0.4,0.40000000000000013,0.43466806,0.9333425,0.03819675,0.028460741,GOOD,GOOD,
2024-09-22 07:00:00+00:00,0.435,0.4350000000000001,0.4270398,0.9556941,0.028833669,0.015472266,GOOD,GOOD,
2024-09-22 08:00:00+00:00,0.435,0.4350000000000001,0.44946668,0.9673792,0.016676715,0.01594408,GOOD,GOOD,
2024-09-22 09:00:00+00:00,0.5,0.5000000000000001,0.4634007,0.89229,0.07164854,0.036061466,GOOD,GOOD,
2024-09-22 10:00:00+00:00,0.43,0.43000000000000005,0.5070828,0.94332796,0.03385422,0.022817822,GOOD,GOOD,
2024-09-22 11:00:00+00:00,0.37,0.37000000000000005,0.48484048,0.8838057,0.07930367,0.03689064,GOOD,GOOD,
2024-09-22 12:00:00+00:00,0.405,0.4050000000000001,0.42688555,0.96484375,0.020609435,0.014546784,GOOD,GOOD,
2024-09-22 13:00:00+00:00,0.395,0.3950000000000001,0.4211739,0.97159386,0.014728904,0.013677245,GOOD,GOOD,
2024-09-22 14:00:00+00:00,0.42000000000000004,0.4200000000000001,0.42387208,0.9733171,0.014563668,0.012119259,GOOD,GOOD,
2024-09-22 15:00:00+00:00,0.38,0.38000000000000006,0.44061416,0.94505656,0.030319128,0.024624338,GOOD,GOOD,
2024-09-22 16:00:00+00:00,0.42500000000000004,0.42500000000000016,0.4247715,0.9610653,0.024657797,0.014276941,GOOD,GOOD,
2024-09-22 17:00:00+00:00,0.41500000000000004,0.41500000000000015,0.43975586,0.9750923,0.012683064,0.012224655,GOOD,GOOD,
2024-09-22 18:00:00+00:00,0.33499999999999996,0.335,0.44610643,0.79264516,0.13419938,0.073155455,GOOD,GOOD,
2024-09-22 19:00:00+00:00,0.45999999999999996,0.4600000000000001,0.39717308,0.7763396,0.1675266,0.056133807,GOOD,GOOD,
2024-09-22 20:00:00+00:00,0.5,0.5000000000000001,0.44460723,0.8094269,0.13878578,0.0517873,GOOD,GOOD,
2024-09-22 21:00:00+00:00,0.515,0.515,0.50858223,0.9113376,0.0426908,0.045971595,GOOD,GOOD,
2024-09-22 22:00:00+00:00,0.38,0.38000000000000006,0.5420417,0.70321685,0.19581383,0.10096931,GOOD,GOOD,
2024-09-22 23:00:00+00:00,0.385,0.38500000000000006,0.46325746,0.9336692,0.033403967,0.032926843,GOOD,GOOD,
2024-09-23 00:00:00+00:00,0.42,0.42000000000000004,0.41769838,0.9742475,0.016821,0.008931473,GOOD,GOOD,
2024-09-23 01:00:00+00:00,0.42500000000000004,0.42500000000000016,0.4306112,0.93413013,0.019819215,0.04605066,GOOD,GOOD,
2024-09-23 02:00:00+00:00,0.395,0.3950000000000001,0.4492727,0.9754031,0.012928739,0.011668178,GOOD,GOOD,
2024-09-23 03:00:00+00:00,0.38,0.38000000000000006,0.43727306,0.9263876,0.022255735,0.051356655,GOOD,GOOD,
2024-09-23 04:00:00+00:00,0.38,0.38000000000000006,0.4174582,0.8354869,0.024686601,0.1398265,GOOD,GOOD,
2024-09-23 05:00:00+00:00,0.395,0.3950000000000001,0.40912634,0.9462265,0.019633723,0.034139805,GOOD,GOOD,
2024-09-23 06:00:00+00:00,0.37,0.37000000000000005,0.4176083,0.9665611,0.018287394,0.015151557,GOOD,GOOD,
2024-09-23 07:00:00+00:00,0.365,0.3650000000000001,0.40861517,0.90964425,0.023055311,0.06730042,GOOD,GOOD,
2024-09-23 08:00:00+00:00,0.39,0.3900000000000001,0.39827392,0.9693487,0.015623951,0.015027339,GOOD,GOOD,
2024-09-23 09:00:00+00:00,0.4,0.40000000000000013,0.40976232,0.9048181,0.022649087,0.072532795,GOOD,GOOD,
2024-09-23 10:00:00+00:00,0.41,0.41000000000000003,0.4247527,0.817955,0.033767853,0.14827713,GOOD,GOOD,
2024-09-23 11:00:00+00:00,0.41,0.41000000000000003,0.43676263,0.7474952,0.035881247,0.21662357,GOOD,GOOD,
2024-09-23 12:00:00+00:00,0.41,0.41000000000000003,0.44064158,0.53885984,0.03812844,0.42301175,GOOD,GOOD,
2024-09-23 13:00:00+00:00,0.49,0.4900000000000001,0.44060898,0.8792437,0.084644474,0.03611183,GOOD,GOOD,
2024-09-23 14:00:00+00:00,0.45,0.4500000000000001,0.49010277,0.9546125,0.026403302,0.018984234,GOOD,GOOD,
2024-09-23 15:00:00+00:00,0.435,0.4350000000000001,0.49275368,0.9645567,0.014472603,0.02097068,GOOD,GOOD,
2024-09-23 16:00:00+00:00,0.48,0.48000000000000004,0.47431976,0.9494408,0.0317973,0.018761942,GOOD,GOOD,
2024-09-23 17:00:00+00:00,0.495,0.4950000000000001,0.49286866,0.95796645,0.025064612,0.016968964,GOOD,GOOD,
2024-09-23 18:00:00+00:00,0.425,0.4250000000000001,0.51663166,0.93714696,0.03948653,0.023366496,GOOD,GOOD,
2024-09-23 19:00:00+00:00,0.44,0.4400000000000001,0.48122627,0.9752413,0.013198554,0.011560113,GOOD,GOOD,
2024-09-23 20:00:00+00:00,0.425,0.4250000000000001,0.466595,0.9796681,0.010266143,0.010065791,GOOD,GOOD,
2024-09-23 21:00:00+00:00,0.395,0.3950000000000001,0.45699546,0.9691871,0.016979529,0.013833417,GOOD,GOOD,
2024-09-23 22:00:00+00:00,0.37,0.37000000000000005,0.43535322,0.9300151,0.03103658,0.038948305,GOOD,GOOD,
2024-09-23 23:00:00+00:00,0.35,0.35000000000000003,0.40945315,0.9241259,0.030418573,0.04545555,GOOD,GOOD,
2024-09-24 00:00:00+00:00,0.325,0.32500000000000007,0.38683861,0.9400901,0.032213043,0.027696852,GOOD,GOOD,
2024-09-24 01:00:00+00:00,0.355,0.35500000000000004,0.36375841,0.9523799,0.026362848,0.021257244,GOOD,GOOD,
2024-09-24 02:00:00+00:00,0.33,0.3300000000000001,0.37258974,0.94731164,0.02746968,0.025218667,GOOD,GOOD,
2024-09-24 03:00:00+00:00,0.345,0.34500000000000003,0.36753875,0.95961225,0.019674273,0.020713462,GOOD,GOOD,
2024-09-24 04:00:00+00:00,0.315,0.31500000000000006,0.37092218,0.93146604,0.03507014,0.03346379,GOOD,GOOD,
2024-09-24 05:00:00+00:00,0.33,0.3300000000000001,0.35638765,0.95700186,0.019116202,0.023881922,GOOD,GOOD,
2024-09-24 06:00:00+00:00,0.39,0.3900000000000001,0.35579982,0.9228878,0.056163564,0.020948663,GOOD,GOOD,
2024-09-24 07:00:00+00:00,0.455,0.45500000000000007,0.39541605,0.8670714,0.10163875,0.031289876,GOOD,GOOD,
2024-09-24 08:00:00+00:00,0.46499999999999997,0.465,0.45904377,0.9575613,0.024765285,0.017673424,GOOD,GOOD,
2024-09-24 09:00:00+00:00,0.435,0.4350000000000001,0.4928322,0.97380924,0.012758138,0.01343259,GOOD,GOOD,
2024-09-24 10:00:00+00:00,0.46499999999999997,0.465,0.47996825,0.9721503,0.015487806,0.012361876,GOOD,GOOD,
2024-09-24 11:00:00+00:00,0.405,0.4050000000000001,0.48600352,0.947764,0.032267373,0.019968642,GOOD,GOOD,
2024-09-24 12:00:00+00:00,0.35,0.35000000000000003,0.4553807,0.91642237,0.058033142,0.025544517,GOOD,GOOD,
2024-09-24 13:00:00+00:00,0.33,0.3300000000000001,0.4029762,0.9543315,0.025190469,0.020478021,GOOD,GOOD,
2024-09-24 14:00:00+00:00,0.30000000000000004,0.3000000000000001,0.36739752,0.95288986,0.027162941,0.019947218,GOOD,GOOD,
2024-09-24 15:00:00+00:00,0.29500000000000004,0.2950000000000001,0.339231,0.94594985,0.020062184,0.03398797,GOOD,GOOD,
2024-09-24 16:00:00+00:00,0.33999999999999997,0.3400000000000001,0.32602158,0.9439688,0.038050637,0.017980604,GOOD,GOOD,
2024-09-24 17:00:00+00:00,0.315,0.31500000000000006,0.35047537,0.969701,0.01720348,0.013095499,GOOD,GOOD,
2024-09-24 18:00:00+00:00,0.3,0.30000000000000004,0.35264266,0.9230098,0.023221923,0.05376828,GOOD,GOOD,
2024-09-24 19:00:00+00:00,0.3,0.30000000000000004,0.3389088,0.8664304,0.022357093,0.11121252,GOOD,GOOD,
2024-09-24 20:00:00+00:00,0.28500000000000003,0.2850000000000001,0.3309005,0.95357454,0.016745664,0.029679805,GOOD,GOOD,
2024-09-24 21:00:00+00:00,0.31,0.31000000000000005,0.3205314,0.9695148,0.016500046,0.01398517,GOOD,GOOD,
2024-09-24 22:00:00+00:00,0.33499999999999996,0.335,0.33063558,0.9088334,0.036867928,0.054298718,GOOD,GOOD,
2024-09-24 23:00:00+00:00,0.36,0.36000000000000004,0.35413513,0.9109036,0.038722523,0.05037391,GOOD,GOOD,
2024-09-25 00:00:00+00:00,0.37,0.37000000000000005,0.38078713,0.93802667,0.021835243,0.04013812,GOOD,GOOD,
2024-09-25 01:00:00+00:00,0.31,0.31000000000000005,0.39753625,0.93309623,0.041140847,0.025762899,GOOD,GOOD,
2024-09-25 02:00:00+00:00,0.31,0.31000000000000005,0.3655853,0.969424,0.013974128,0.01660185,GOOD,GOOD,
2024-09-25 03:00:00+00:00,0.32999999999999996,0.33000000000000007,0.34358463,0.97367245,0.014079406,0.012248142,GOOD,GOOD,
2024-09-25 04:00:00+00:00,0.27,0.2700000000000001,0.3501597,0.9013738,0.0633202,0.035305977,GOOD,GOOD,
2024-09-25 05:00:00+00:00,0.265,0.26500000000000007,0.32251847,0.95483893,0.02166897,0.023492113,GOOD,GOOD,
2024-09-25 06:00:00+00:00,0.27,0.2700000000000001,0.30058238,0.9013267,0.025089191,0.07358409,GOOD,GOOD,
2024-09-25 07:00:00+00:00,0.275,0.2750000000000001,0.296749,0.8055841,0.034538765,0.15987718,GOOD,GOOD,
2024-09-25 08:00:00+00:00,0.265,0.26500000000000007,0.30179608,0.9409519,0.022488508,0.036559608,GOOD,GOOD,
2024-09-25 09:00:00+00:00,0.275,0.2750000000000001,0.29929355,0.9626647,0.017759219,0.019576073,GOOD,GOOD,
2024-09-25 10:00:00+00:00,0.32,0.32000000000000006,0.30231544,0.94423395,0.03740105,0.018365003,GOOD,GOOD,
2024-09-25 11:00:00+00:00,0.3,0.30000000000000004,0.3317918,0.9693675,0.016977683,0.013654843,GOOD,GOOD,
2024-09-25 12:00:00+00:00,0.325,0.32500000000000007,0.33716524,0.968432,0.017406166,0.014161849,GOOD,GOOD,
2024-09-25 13:00:00+00:00,0.33499999999999996,0.335,0.34844714,0.9562541,0.01781826,0.025927646,GOOD,GOOD,
2024-09-25 14:00:00+00:00,0.31,0.31000000000000005,0.36094424,0.96924573,0.01583391,0.014920333,GOOD,GOOD,
2024-09-25 15:00:00+00:00,0.33,0.3300000000000001,0.35090113,0.97025764,0.016272612,0.013469762,GOOD,GOOD,
2024-09-25 16:00:00+00:00,0.325,0.32500000000000007,0.35427687,0.96696466,0.01343279,0.019602556,GOOD,GOOD,
2024-09-25 17:00:00+00:00,0.29000000000000004,0.2900000000000001,0.3559836,0.94428384,0.031121379,0.024594808,GOOD,GOOD,
2024-09-25 18:00:00+00:00,0.3,0.30000000000000004,0.33493555,0.96741015,0.015903292,0.016686535,GOOD,GOOD,
2024-09-25 19:00:00+00:00,0.29500000000000004,0.2950000000000001,0.32784784,0.9219063,0.021481372,0.056612335,GOOD,GOOD,
2024-09-25 20:00:00+00:00,0.31,0.31000000000000005,0.3255543,0.9628697,0.01850053,0.01862977,BAD,GOOD,E_stuck
2024-09-25 21:00:00+00:00,0.32999999999999996,0.31000000000000005,0.3341573,0.8675839,0.027922349,0.10449378,BAD,GOOD,E_stuck
2024-09-25 22:00:00+00:00,0.36,0.31000000000000005,0.3397388,0.55675644,0.037636697,0.40560687,BAD,GOOD,E_stuck
2024-09-25 23:00:00+00:00,0.395,0.31000000000000005,0.3410175,0.52424014,0.039805107,0.43595475,BAD,GOOD,E_stuck
2024-09-26 00:00:00+00:00,0.35,0.31000000000000005,0.3407483,0.51075214,0.0397826,0.44946527,BAD,GOOD,E_stuck
2024-09-26 01:00:00+00:00,0.395,0.31000000000000005,0.3404748,0.49565494,0.04010906,0.464236,BAD,GOOD,E_stuck
2024-09-26 02:00:00+00:00,0.37,0.31000000000000005,0.34043574,0.48520482,0.04130128,0.4734939,BAD,GOOD,E_stuck
2024-09-26 03:00:00+00:00,0.415,0.31000000000000005,0.3404849,0.4762327,0.041158613,0.48260868,BAD,GOOD,E_stuck
2024-09-26 04:00:00+00:00,0.39,0.31000000000000005,0.3405223,0.46379113,0.042671666,0.4935372,BAD,GOOD,E_stuck
2024-09-26 05:00:00+00:00,0.39,0.31000000000000005,0.34053177,0.45513672,0.04528312,0.49958017,BAD,GOOD,E_stuck
2024-09-26 06:00:00+00:00,0.39,0.31000000000000005,0.34052616,0.44601393,0.046485625,0.50750047,BAD,GOOD,E_stuck
2024-09-26 07:00:00+00:00,0.405,0.31000000000000005,0.34051648,0.43698925,0.04745203,0.5155587,BAD,GOOD,E_stuck
2024-09-26 08:00:00+00:00,0.375,0.3750000000000001,0.340507,0.53856075,0.25566903,0.20577021,GOOD,GOOD,
2024-09-26 09:00:00+00:00,0.37,0.37000000000000005,0.37978962,0.53856075,0.25566903,0.20577021,GOOD,GOOD,
2024-09-26 10:00:00+00:00,0.375,0.3750000000000001,0.40026528,0.53856075,0.25566903,0.20577021,GOOD,GOOD,
2024-09-26 11:00:00+00:00,0.435,0.4350000000000001,0.40624768,0.53856075,0.25566903,0.20577021,GOOD,GOOD,
2024-09-26 12:00:00+00:00,0.41000000000000003,0.4100000000000001,0.443224,0.53856075,0.25566903,0.20577021,GOOD,GOOD,
2024-09-26 13:00:00+00:00,0.435,0.4350000000000001,0.44816616,0.53856075,0.25566903,0.20577021,GOOD,GOOD,
2024-09-26 14:00:00+00:00,0.46499999999999997,0.465,0.45851713,0.53856075,0.25566903,0.20577021,GOOD,GOOD,
2024-09-26 15:00:00+00:00,0.475,0.4750000000000001,0.48300144,0.53856075,0.25566903,0.20577021,GOOD,GOOD,
2024-09-26 16:00:00+00:00,0.475,0.4750000000000001,0.5008425,0.53856075,0.25566903,0.20577021,GOOD,GOOD,
2024-09-26 17:00:00+00:00,0.485,0.4850000000000001,0.5056785,0.53856075,0.25566903,0.20577021,GOOD,GOOD,
2024-09-26 18:00:00+00:00,0.435,0.4350000000000001,0.5114483,0.54739046,0.24888907,0.20372044,GOOD,GOOD,
2024-09-26 19:00:00+00:00,0.435,0.4350000000000001,0.48250696,0.6247434,0.21401493,0.16124167,GOOD,GOOD,
2024-09-26 20:00:00+00:00,0.44,0.4400000000000001,0.465509,0.9347934,0.023953294,0.04125331,GOOD,GOOD,
2024-09-26 21:00:00+00:00,0.42,0.42000000000000004,0.46529528,0.9628839,0.019687345,0.017428746,GOOD,GOOD,
2024-09-26 22:00:00+00:00,0.4,0.40000000000000013,0.45566645,0.8556303,0.03897829,0.1053914,GOOD,GOOD,
2024-09-26 23:00:00+00:00,0.41500000000000004,0.41500000000000015,0.43753302,0.95231575,0.02568788,0.021996357,GOOD,GOOD,
2024-09-27 00:00:00+00:00,0.355,0.35500000000000004,0.43854818,0.8277667,0.10995435,0.062278945,GOOD,GOOD,
2024-09-27 01:00:00+00:00,0.4,0.40000000000000013,0.40613252,0.83892095,0.1067385,0.054340538,GOOD,GOOD,
2024-09-27 02:00:00+00:00,0.45,0.4500000000000001,0.41425067,0.93835497,0.045405805,0.016239222,GOOD,GOOD,
2024-09-27 03:00:00+00:00,0.4,0.40000000000000013,0.4573042,0.9289267,0.04384495,0.027228354,GOOD,GOOD,
2024-09-27 04:00:00+00:00,0.395,0.3950000000000001,0.4482752,0.9740605,0.0116880415,0.014251483,GOOD,GOOD,
2024-09-27 05:00:00+00:00,0.405,0.4050000000000001,0.43097883,0.9523725,0.014391132,0.033236366,GOOD,GOOD,
2024-09-27 06:00:00+00:00,0.41500000000000004,0.41500000000000015,0.43030435,0.8558718,0.025544457,0.118583776,GOOD,GOOD,
2024-09-27 07:00:00+00:00,0.39,0.3900000000000001,0.43971843,0.9683772,0.016297849,0.015324986,GOOD,GOOD,
2024-09-27 08:00:00+00:00,0.375,0.3750000000000001,0.42940497,0.91327816,0.026037257,0.060684558,GOOD,GOOD,
2024-09-27 09:00:00+00:00,0.38,0.38000000000000006,0.41220334,0.951273,0.015928902,0.032798093,GOOD,GOOD,
2024-09-27 10:00:00+00:00,0.365,0.3650000000000001,0.40778288,0.96172297,0.018402085,0.019874945,GOOD,GOOD,
2024-09-27 11:00:00+00:00,0.36,0.36000000000000004,0.3995964,0.88533574,0.029058753,0.08560552,GOOD,GOOD,
2024-09-27 12:00:00+00:00,0.375,0.3750000000000001,0.3922887,0.9655878,0.016970696,0.01744152,GOOD,GOOD,
2024-09-27 13:00:00+00:00,0.37,0.37000000000000005,0.39883763,0.95506036,0.018660672,0.026278935,GOOD,GOOD,
2024-09-27 14:00:00+00:00,0.395,0.3950000000000001,0.40105683,0.9593993,0.01951288,0.021087814,GOOD,GOOD,
2024-09-27 15:00:00+00:00,0.375,0.3750000000000001,0.4159769,0.94927406,0.02265824,0.02806769,GOOD,GOOD,
2024-09-27 16:00:00+00:00,0.36,0.36000000000000004,0.41208908,0.85072696,0.042526323,0.10674668,GOOD,GOOD,
2024-09-27 17:00:00+00:00,0.32999999999999996,0.33000000000000007,0.39742792,0.9180332,0.04181006,0.04015675,GOOD,GOOD,
2024-09-27 18:00:00+00:00,0.41500000000000004,0.41500000000000015,0.37199754,0.85624975,0.10262806,0.041122187,GOOD,GOOD,
2024-09-27 19:00:00+00:00,0.37,0.37000000000000005,0.4119927,0.93828833,0.03805644,0.02365524,GOOD,GOOD,
2024-09-27 20:00:00+00:00,0.365,0.3650000000000001,0.41328493,0.9730164,0.0125271445,0.014456497,GOOD,GOOD,
2024-09-27 21:00:00+00:00,0.35,0.35000000000000003,0.40127334,0.9460815,0.018949425,0.03496908,GOOD,GOOD,
2024-09-27 22:00:00+00:00,0.335,0.3350000000000001,0.38592362,0.8614447,0.034401234,0.10415403,GOOD,GOOD,
2024-09-27 23:00:00+00:00,0.355,0.35500000000000004,0.3705853,0.97213906,0.0154049685,0.012455951,GOOD,GOOD,
2024-09-28 00:00:00+00:00,0.33499999999999996,0.335,0.37676492,0.96535945,0.017611617,0.017028933,GOOD,GOOD,
2024-09-28 01:00:00+00:00,0.32,0.32000000000000006,0.37144274,0.900468,0.031880297,0.06765169,GOOD,GOOD,
2024-09-28 02:00:00+00:00,0.355,0.35500000000000004,0.35740525,0.955286,0.025040174,0.019673785,GOOD,GOOD,
2024-09-28 03:00:00+00:00,0.32,0.32000000000000006,0.37151435,0.93467987,0.036815118,0.028505044,GOOD,GOOD,
2024-09-28 04:00:00+00:00,0.32,0.32000000000000006,0.36195773,0.949499,0.022496529,0.02800449,GOOD,GOOD,
2024-09-28 05:00:00+00:00,0.315,0.31500000000000006,0.35260758,0.8538751,0.033695117,0.11242977,GOOD,GOOD,
2024-09-28 06:00:00+00:00,0.31,0.31000000000000005,0.34663543,0.7804457,0.03756833,0.181986,GOOD,GOOD,
2024-09-28 07:00:00+00:00,0.315,0.31500000000000006,0.34197205,0.9171884,0.023988908,0.058822673,GOOD,GOOD,
2024-09-28 08:00:00+00:00,0.33499999999999996,0.335,0.3432906,0.9581658,0.018714774,0.023119401,GOOD,GOOD,
2024-09-28 09:00:00+00:00,0.33999999999999997,0.3400000000000001,0.35704023,0.9344342,0.020708106,0.044857726,GOOD,GOOD,
2024-09-28 10:00:00+00:00,0.305,0.3050000000000001,0.3679012,0.9092388,0.04683034,0.043930814,GOOD,GOOD,
2024-09-28 11:00:00+00:00,0.305,0.3050000000000001,0.35017437,0.9036433,0.036768682,0.059588015,GOOD,GOOD,
2024-09-28 12:00:00+00:00,0.29000000000000004,0.2900000000000001,0.3374186,0.9255759,0.03112284,0.043301232,GOOD,GOOD,
2024-09-28 13:00:00+00:00,0.28500000000000003,0.2850000000000001,0.3252281,0.85359794,0.0400257,0.10637634,GOOD,GOOD,
2024-09-28 14:00:00+00:00,0.315,0.31500000000000006,0.3173307,0.9428371,0.025125345,0.032037564,GOOD,GOOD,
2024-09-28 15:00:00+00:00,0.35,0.35000000000000003,0.3328926,0.9424498,0.036432672,0.021117518,GOOD,GOOD,
2024-09-28 16:00:00+00:00,0.35,0.35000000000000003,0.36502782,0.9702166,0.015097049,0.014686364,GOOD,GOOD,
2024-09-28 17:00:00+00:00,0.31,0.31000000000000005,0.38042805,0.9575824,0.024174243,0.018243365,GOOD,GOOD,
2024-09-28 18:00:00+00:00,0.33499999999999996,0.335,0.3584095,0.9733376,0.014851513,0.011810897,GOOD,GOOD,
2024-09-28 19:00:00+00:00,0.36,0.36000000000000004,0.35767362,0.9240237,0.034797937,0.04117839,GOOD,GOOD,
2024-09-28 20:00:00+00:00,0.365,0.3650000000000001,0.37796012,0.95309544,0.019863723,0.027040863,GOOD,GOOD,
2024-09-28 21:00:00+00:00,0.36,0.36000000000000004,0.39262938,0.9416237,0.017683145,0.04069317,GOOD,GOOD,
2024-09-28 22:00:00+00:00,0.29000000000000004,0.2900000000000001,0.39350232,0.848334,0.10045302,0.051212948,GOOD,GOOD,
2024-09-28 23:00:00+00:00,0.28,0.28000000000000014,0.34906477,0.95009345,0.027123729,0.022782812,GOOD,GOOD,
2024-09-29 00:00:00+00:00,0.31,0.31000000000000005,0.31689024,0.96775436,0.019176379,0.013069263,GOOD,GOOD,
2024-09-29 01:00:00+00:00,0.28500000000000003,0.2850000000000001,0.32550085,0.96195275,0.021190746,0.01685652,GOOD,GOOD,
2024-09-29 02:00:00+00:00,0.31,0.31000000000000005,0.32228103,0.9675887,0.01798765,0.014423648,GOOD,GOOD,
2024-09-29 03:00:00+00:00,0.365,0.3650000000000001,0.33216578,0.9227162,0.05500813,0.022275658,GOOD,GOOD,
2024-09-29 04:00:00+00:00,0.375,0.3750000000000001,0.3724332,0.9502592,0.028916897,0.020823918,GOOD,GOOD,
2024-09-29 05:00:00+00:00,0.28500000000000003,0.2850000000000001,0.40034992,0.84628296,0.10175122,0.05196583,GOOD,GOOD,
2024-09-29 06:00:00+00:00,0.26,0.26000000000000006,0.35345778,0.9154953,0.049128506,0.03537623,GOOD,GOOD,
2024-09-29 07:00:00+00:00,0.355,0.35500000000000004,0.3056989,0.83040345,0.12106802,0.048528563,GOOD,GOOD,
2024-09-29 08:00:00+00:00,0.32499999999999996,0.325,0.34487385,0.9639001,0.02157804,0.014521871,GOOD,GOOD,
2024-09-29 09:00:00+00:00,0.325,0.32500000000000007,0.36088318,0.93136847,0.015463361,0.053168193,GOOD,GOOD,
2024-09-29 10:00:00+00:00,0.355,0.35500000000000004,0.3597258,0.9679383,0.018345945,0.0137157375,GOOD,GOOD,
2024-09-29 11:00:00+00:00,0.42000000000000004,0.4200000000000001,0.374545,0.9074805,0.067795575,0.024723936,GOOD,GOOD,
2024-09-29 12:00:00+00:00,0.46499999999999997,0.465,0.4240028,0.91352075,0.06131771,0.025161535,GOOD,GOOD,
2024-09-29 13:00:00+00:00,0.415,0.4150000000000001,0.4776226,0.94767094,0.031105207,0.021223884,GOOD,GOOD,
2024-09-29 14:00:00+00:00,0.495,0.4950000000000001,0.4659775,0.8911385,0.07182309,0.037038397,GOOD,GOOD,
2024-09-29 15:00:00+00:00,0.635,0.6350000000000001,0.49939036,0.61738,0.28412393,0.09849607,GOOD,GOOD,
2024-09-29 16:00:00+00:00,0.735,0.7350000000000001,0.6127957,0.5427631,0.34462297,0.112613894,GOOD,GOOD,
2024-09-29 17:00:00+00:00,0.71,0.7100000000000001,0.7329751,0.91104007,0.05548861,0.033471346,GOOD,GOOD,
2024-09-29 18:00:00+00:00,0.565,0.5650000000000001,0.7528385,0.70942765,0.2028109,0.08776145,GOOD,GOOD,
2024-09-29 19:00:00+00:00,0.6399999999999999,0.64,0.64615375,0.9257399,0.045255013,0.029005121,GOOD,GOOD,
2024-09-29 20:00:00+00:00,0.62,0.62,0.64270765,0.9659254,0.020529442,0.013545177,GOOD,GOOD,
2024-09-29 21:00:00+00:00,0.585,0.5850000000000001,0.6470411,0.9599659,0.026521422,0.013512696,GOOD,GOOD,
2024-09-29 22:00:00+00:00,0.52,0.52,0.62493217,0.91764593,0.060373694,0.021980373,GOOD,GOOD,
2024-09-29 23:00:00+00:00,0.475,0.4750000000000001,0.57074034,0.91891855,0.054798607,0.02628283,GOOD,GOOD,
2024-09-30 00:00:00+00:00,0.545,0.545,0.5183694,0.938572,0.044712927,0.016715111,GOOD,GOOD,
2024-09-30 01:00:00+00:00,0.47,0.47000000000000003,0.5448963,0.95802885,0.0276354,0.014335722,GOOD,GOOD,
2024-09-30 02:00:00+00:00,0.5,0.5000000000000001,0.5209404,0.9765528,0.013704812,0.0097424295,GOOD,GOOD,
2024-09-30 03:00:00+00:00,0.53,0.53,0.5206614,0.9414895,0.031043034,0.027467454,GOOD,GOOD,
2024-09-30 04:00:00+00:00,0.66,0.6600000000000001,0.54514736,0.72103137,0.22944275,0.049525883,GOOD,GOOD,
2024-09-30 05:00:00+00:00,0.6,0.6,0.64296925,0.96768934,0.01763303,0.014677628,GOOD,GOOD,
2024-09-30 06:00:00+00:00,0.585,0.5850000000000001,0.64911294,0.9273657,0.018532705,0.054101583,GOOD,GOOD,
2024-09-30 07:00:00+00:00,0.475,0.4750000000000001,0.6245044,0.8668746,0.09759497,0.035530478,GOOD,GOOD,
2024-09-30 08:00:00+00:00,0.505,0.505,0.5423136,0.9798692,0.011772045,0.008358791,GOOD,GOOD,
2024-09-30 09:00:00+00:00,0.485,0.4850000000000001,0.5232428,0.9757683,0.012607976,0.011623698,GOOD,GOOD,
2024-09-30 10:00:00+00:00,0.49,0.4900000000000001,0.51595646,0.8882623,0.023233159,0.088504575,GOOD,GOOD,
2024-09-30 11:00:00+00:00,0.45999999999999996,0.4600000000000001,0.5171833,0.963789,0.019082038,0.017128946,GOOD,GOOD,
2024-09-30 12:00:00+00:00,0.55,0.55,0.4998189,0.91117346,0.068973295,0.019853266,GOOD,GOOD,
2024-09-30 13:00:00+00:00,0.505,0.505,0.54691744,0.9741847,0.014847841,0.010967456,GOOD,GOOD,
2024-09-30 14:00:00+00:00,0.405,0.4050000000000001,0.54722553,0.8239492,0.1290588,0.04699199,GOOD,GOOD,
2024-09-30 15:00:00+00:00,0.48,0.48000000000000004,0.47493055,0.9347489,0.043782447,0.021468643,GOOD,GOOD,
2024-09-30 16:00:00+00:00,0.46,0.46000000000000013,0.4829511,0.9748958,0.01273114,0.012373093,GOOD,GOOD,
2024-09-30 17:00:00+00:00,0.48,0.48000000000000004,0.49011168,0.96735823,0.014617988,0.018023778,GOOD,GOOD,
2024-09-30 18:00:00+00:00,0.44,0.4400000000000001,0.5033275,0.9644026,0.018138371,0.017459039,GOOD,GOOD,
2024-09-30 19:00:00+00:00,0.355,0.6492592489688992,0.48416555,0.439543,0.43669036,0.12376664,SUSPECT,GOOD,C_level_shift
2024-09-30 20:00:00+00:00,0.37,0.6642592489688993,0.60546494,0.5937321,0.29531032,0.11095755,SUSPECT,GOOD,C_level_shift
2024-09-30 21:00:00+00:00,0.44499999999999995,0.7392592489688992,0.68481857,0.9062673,0.07383786,0.019894844,SUSPECT,GOOD,C_level_shift
2024-09-30 22:00:00+00:00,0.5,0.7942592489688992,0.7508823,0.8803707,0.08987973,0.029749585,SUSPECT,GOOD,C_level_shift
2024-09-30 23:00:00+00:00,0.53,0.8242592489688993,0.8080409,0.90313745,0.06569268,0.031169862,SUSPECT,GOOD,C_level_shift
2024-10-01 00:00:00+00:00,0.57,0.8642592489688992,0.8449189,0.8996721,0.0690885,0.031239407,SUSPECT,GOOD,C_level_shift
2024-10-01 01:00:00+00:00,0.5549999999999999,0.8492592489688993,0.8809119,0.9442632,0.032850288,0.022886474,SUSPECT,GOOD,C_level_shift
2024-10-01 02:00:00+00:00,0.505,0.7992592489688993,0.88024133,0.93839705,0.044139944,0.017463025,SUSPECT,GOOD,C_level_shift
2024-10-01 03:00:00+00:00,0.505,0.7992592489688993,0.8395989,0.90619236,0.03148049,0.06232713,SUSPECT,GOOD,C_level_shift
2024-10-01 04:00:00+00:00,0.585,0.8792592489688993,0.8226585,0.923996,0.062364716,0.013639282,SUSPECT,GOOD,C_level_shift
2024-10-01 05:00:00+00:00,0.575,0.8692592489688993,0.8775676,0.96882427,0.018449755,0.0127259875,SUSPECT,GOOD,C_level_shift
2024-10-01 06:00:00+00:00,0.605,0.8992592489688993,0.89553845,0.96314037,0.027188143,0.009671491,SUSPECT,GOOD,C_level_shift
2024-10-01 07:00:00+00:00,0.475,0.7692592489688992,0.9157037,0.890472,0.0811475,0.028380517,SUSPECT,GOOD,C_level_shift
2024-10-01 08:00:00+00:00,0.46499999999999997,0.7592592489688993,0.8304741,0.9486404,0.029216513,0.022143083,SUSPECT,GOOD,C_level_shift
2024-10-01 09:00:00+00:00,0.46499999999999997,0.7592592489688993,0.7853552,0.72277296,0.0377768,0.23945025,SUSPECT,GOOD,C_level_shift
2024-10-01 10:00:00+00:00,0.525,0.8192592489688992,0.77858436,0.9484424,0.041759565,0.009798051,SUSPECT,GOOD,C_level_shift
2024-10-01 11:00:00+00:00,0.545,0.8392592489688993,0.8233314,0.9250634,0.047833152,0.027103487,SUSPECT,GOOD,C_level_shift
2024-10-01 12:00:00+00:00,0.525,0.8192592489688992,0.8576014,0.971741,0.013058639,0.015200316,SUSPECT,GOOD,C_level_shift
2024-10-01 13:00:00+00:00,0.49,0.7842592489688993,0.85125023,0.9652423,0.018564088,0.01619356,SUSPECT,GOOD,C_level_shift
2024-10-01 14:00:00+00:00,0.41500000000000004,0.7092592489688994,0.8196943,0.9416476,0.04199027,0.01636213,SUSPECT,GOOD,C_level_shift
2024-10-01 15:00:00+00:00,0.485,0.7792592489688993,0.7564182,0.9517914,0.03738578,0.010822816,SUSPECT,GOOD,C_level_shift
2024-10-01 16:00:00+00:00,0.51,0.8042592489688993,0.78069645,0.93294746,0.047861595,0.019190952,SUSPECT,GOOD,C_level_shift
2024-10-01 17:00:00+00:00,0.51,0.8042592489688993,0.81902,0.886253,0.021059042,0.092687964,SUSPECT,GOOD,C_level_shift
2024-10-01 18:00:00+00:00,0.555,0.8492592489688994,0.8311896,0.95845234,0.03146779,0.010079891,SUSPECT,GOOD,C_level_shift
2024-10-01 19:00:00+00:00,0.5449999999999999,0.8392592489688991,0.86208117,0.9729581,0.013366143,0.013675748,SUSPECT,GOOD,C_level_shift
2024-10-01 20:00:00+00:00,0.515,0.8092592489688993,0.8669237,0.97006166,0.016531555,0.0134067675,SUSPECT,GOOD,C_level_shift
2024-10-01 21:00:00+00:00,0.515,0.8092592489688993,0.8435447,0.93479824,0.018881233,0.046320554,SUSPECT,GOOD,C_level_shift
2024-10-01 22:00:00+00:00,0.54,0.8342592489688994,0.83323276,0.9714612,0.019204598,0.00933421,SUSPECT,GOOD,C_level_shift
2024-10-01 23:00:00+00:00,0.54,0.8342592489688994,0.8498808,0.9110328,0.020489747,0.06847748,SUSPECT,GOOD,C_level_shift
2024-10-02 00:00:00+00:00,0.49,0.7842592489688993,0.85827553,0.9589225,0.02433675,0.016740741,SUSPECT,GOOD,C_level_shift
2024-10-02 01:00:00+00:00,0.485,0.7792592489688993,0.8242159,0.9672379,0.015427263,0.01733485,SUSPECT,GOOD,C_level_shift
2024-10-02 02:00:00+00:00,0.44,0.7342592489688994,0.8048906,0.94904834,0.03361871,0.01733295,SUSPECT,GOOD,C_level_shift
2024-10-02 03:00:00+00:00,0.435,0.7292592489688993,0.7708489,0.9530708,0.021248825,0.025680333,SUSPECT,GOOD,C_level_shift
2024-10-02 04:00:00+00:00,0.445,0.7392592489688992,0.7548006,0.92916274,0.025330028,0.045507237,SUSPECT,GOOD,C_level_shift
2024-10-02 05:00:00+00:00,0.51,0.8042592489688993,0.75942284,0.9389249,0.048923094,0.01215202,SUSPECT,GOOD,C_level_shift
2024-10-02 06:00:00+00:00,0.52,0.8142592489688992,0.80840355,0.9651338,0.021453967,0.013412263,SUSPECT,GOOD,C_level_shift
2024-10-02 07:00:00+00:00,0.515,0.8092592489688993,0.8364337,0.88627505,0.020548433,0.09317652,SUSPECT,GOOD,C_level_shift
2024-10-02 08:00:00+00:00,0.46,0.7542592489688994,0.83749443,0.94898176,0.031993303,0.01902496,SUSPECT,GOOD,C_level_shift
2024-10-02 09:00:00+00:00,0.485,0.7792592489688993,0.7963514,0.96845233,0.018014021,0.013533629,SUSPECT,GOOD,C_level_shift
2024-10-02 10:00:00+00:00,0.5,0.7942592489688992,0.7957952,0.92828846,0.02666602,0.045045536,SUSPECT,GOOD,C_level_shift
2024-10-02 11:00:00+00:00,0.49,0.7842592489688993,0.8125667,0.9543833,0.01814047,0.02747623,SUSPECT,GOOD,C_level_shift
2024-10-02 12:00:00+00:00,0.435,0.7292592489688993,0.8126321,0.92190325,0.05284622,0.025250504,SUSPECT,GOOD,C_level_shift
2024-10-02 13:00:00+00:00,0.435,0.7292592489688993,0.7721483,0.9346904,0.030050661,0.0352589,SUSPECT,GOOD,C_level_shift
2024-10-02 14:00:00+00:00,0.4,0.6942592489688992,0.75412035,0.93858624,0.03712274,0.024291035,SUSPECT,GOOD,C_level_shift
2024-10-02 15:00:00+00:00,0.365,0.6592592489688993,0.72870713,0.9242305,0.046265125,0.02950437,SUSPECT,GOOD,C_level_shift
2024-10-02 16:00:00+00:00,0.375,0.6692592489688992,0.69589955,0.95064664,0.02307166,0.026281675,SUSPECT,GOOD,C_level_shift
2024-10-02 17:00:00+00:00,0.41,0.7042592489688994,0.69088477,0.96195245,0.026050238,0.011997306,SUSPECT,GOOD,C_level_shift
2024-10-02 18:00:00+00:00,0.455,0.7492592489688992,0.71719843,0.9357832,0.047254924,0.01696185,SUSPECT,GOOD,C_level_shift
2024-10-02 19:00:00+00:00,0.475,0.4750000000000001,0.76071763,0.25651395,0.279069,0.46441704,GOOD,SUSPECT,
2024-10-02 20:00:00+00:00,0.41,0.41000000000000003,0.5963686,0.19821382,0.5123738,0.28941235,GOOD,SUSPECT,
2024-10-02 21:00:00+00:00,0.425,0.4250000000000001,0.46872923,0.9397294,0.034246873,0.026023742,GOOD,GOOD,
2024-10-02 22:00:00+00:00,0.43,0.43000000000000005,0.43967158,0.8786267,0.049508538,0.071864784,GOOD,GOOD,
2024-10-02 23:00:00+00:00,0.42000000000000004,0.4200000000000001,0.44956338,0.9243413,0.034396026,0.041262623,GOOD,GOOD,
2024-10-03 00:00:00+00:00,0.345,0.34500000000000003,0.4521556,0.803157,0.1227048,0.0741382,GOOD,GOOD,
2024-10-03 01:00:00+00:00,0.35,0.35000000000000003,0.4049729,0.9320246,0.03361872,0.034356706,GOOD,GOOD,
2024-10-03 02:00:00+00:00,0.345,0.34500000000000003,0.38038713,0.8997128,0.033963423,0.06632376,GOOD,GOOD,
2024-10-03 03:00:00+00:00,0.32,0.32000000000000006,0.3735752,0.94308937,0.030048877,0.026861733,GOOD,GOOD,
2024-10-03 04:00:00+00:00,0.33,0.3300000000000001,0.35899666,0.95868546,0.018903282,0.022411246,GOOD,GOOD,
2024-10-03 05:00:00+00:00,0.345,0.34500000000000003,0.35719082,0.94760025,0.019404696,0.032995082,GOOD,GOOD,
2024-10-03 06:00:00+00:00,0.38,0.38000000000000006,0.3683766,0.95859855,0.025713673,0.015687786,GOOD,GOOD,
2024-10-03 07:00:00+00:00,0.39,0.3900000000000001,0.39635453,0.96603525,0.015520024,0.018444702,GOOD,GOOD,
2024-10-03 08:00:00+00:00,0.36,0.36000000000000004,0.41640127,0.97104377,0.015341817,0.01361442,GOOD,GOOD,
2024-10-03 09:00:00+00:00,0.32999999999999996,0.33000000000000007,0.40365297,0.9093797,0.038806766,0.051813543,GOOD,GOOD,
2024-10-03 10:00:00+00:00,0.32,0.32000000000000006,0.37429106,0.9589965,0.016544374,0.024459178,GOOD,GOOD,
2024-10-03 11:00:00+00:00,0.33,0.3300000000000001,0.35431367,0.9732579,0.01234638,0.01439575,GOOD,GOOD,
2024-10-03 12:00:00+00:00,0.32499999999999996,0.325,0.35470396,0.94708997,0.016716283,0.03619372,GOOD,GOOD,
2024-10-03 13:00:00+00:00,0.295,0.29500000000000004,0.35568926,0.95226145,0.025739884,0.02199865,GOOD,GOOD,
2024-10-03 14:00:00+00:00,0.29000000000000004,0.2900000000000001,0.33759826,0.9598764,0.01830074,0.021822816,GOOD,GOOD,
2024-10-03 15:00:00+00:00,0.225,0.225,0.3234459,0.7959181,0.14179067,0.062291227,GOOD,GOOD,
2024-10-03 16:00:00+00:00,0.265,0.26500000000000007,0.28091055,0.9236213,0.046605583,0.029773127,GOOD,GOOD,
2024-10-03 17:00:00+00:00,0.275,0.2750000000000001,0.280767,0.96487725,0.017264277,0.017858498,GOOD,GOOD,
2024-10-03 18:00:00+00:00,0.33999999999999997,0.3400000000000001,0.2966695,0.90324086,0.06990074,0.026858393,GOOD,GOOD,
2024-10-03 19:00:00+00:00,0.315,0.31500000000000006,0.34411317,0.9601087,0.02251299,0.01737833,GOOD,GOOD,
2024-10-03 20:00:00+00:00,0.32,0.32000000000000006,0.3543087,0.9726421,0.011996972,0.015360891,GOOD,GOOD,
2024-10-03 21:00:00+00:00,0.3,0.30000000000000004,0.35266525,0.9700152,0.015487335,0.014497457,GOOD,GOOD,
2024-10-03 22:00:00+00:00,0.305,0.3050000000000001,0.33876324,0.9646373,0.013820856,0.021541854,GOOD,GOOD,
2024-10-03 23:00:00+00:00,0.35,0.35000000000000003,0.33405402,0.94657356,0.035187446,0.018238999,GOOD,GOOD,
2024-10-04 00:00:00+00:00,0.31,0.31000000000000005,0.36153015,0.9620743,0.022348125,0.015577607,GOOD,GOOD,
2024-10-04 01:00:00+00:00,0.28500000000000003,0.2850000000000001,0.35464182,0.962262,0.019970555,0.017767485,GOOD,GOOD,
2024-10-04 02:00:00+00:00,0.315,0.31500000000000006,0.32901135,0.96926713,0.017682457,0.013050417,GOOD,GOOD,
2024-10-04 03:00:00+00:00,0.24,0.24,0.33373508,0.790148,0.13881578,0.0710362,GOOD,GOOD,
2024-10-04 04:00:00+00:00,0.28,0.28000000000000014,0.2980371,0.93763095,0.038485,0.023884071,GOOD,GOOD,
2024-10-04 05:00:00+00:00,0.27,0.2700000000000001,0.29774117,0.96793425,0.01706405,0.015001689,GOOD,GOOD,
2024-10-04 06:00:00+00:00,0.29500000000000004,0.2950000000000001,0.30048043,0.9661562,0.01854492,0.015298889,GOOD,GOOD,
2024-10-04 07:00:00+00:00,0.3,0.30000000000000004,0.31595027,0.9403326,0.018349513,0.041317917,GOOD,GOOD,
2024-10-04 08:00:00+00:00,0.27,0.2700000000000001,0.32783994,0.942605,0.02872457,0.028670438,GOOD,GOOD,
2024-10-04 09:00:00+00:00,0.275,0.2750000000000001,0.31367454,0.95686173,0.0185296,0.024608662,GOOD,GOOD,
2024-10-04 10:00:00+00:00,0.31000000000000005,0.3100000000000001,0.30559456,0.9624447,0.023409506,0.014145776,GOOD,GOOD,
2024-10-04 11:00:00+00:00,0.33,0.3300000000000001,0.32522982,0.94158167,0.029939331,0.028479004,GOOD,GOOD,
2024-10-04 12:00:00+00:00,0.29,0.29000000000000004,0.35086864,0.9691994,0.017084844,0.013715748,GOOD,GOOD,
2024-10-04 13:00:00+00:00,0.32,0.32000000000000006,0.3374611,0.9666421,0.018970888,0.014387022,GOOD,GOOD,
2024-10-04 14:00:00+00:00,0.28,0.28000000000000014,0.34180078,0.96443963,0.020194648,0.015365745,GOOD,GOOD,
2024-10-04 15:00:00+00:00,0.26,0.26000000000000006,0.3244743,0.9434577,0.02699182,0.02955045,GOOD,GOOD,
2024-10-04 16:00:00+00:00,0.355,0.35500000000000004,0.30068558,0.8136639,0.133666,0.0526701,GOOD,GOOD,
2024-10-04 17:00:00+00:00,0.325,0.32500000000000007,0.3470021,0.95828336,0.024210062,0.017506545,GOOD,GOOD,
2024-10-04 18:00:00+00:00,0.36,0.36000000000000004,0.36244172,0.9523157,0.02764197,0.020042326,GOOD,GOOD,
2024-10-04 19:00:00+00:00,0.395,0.3950000000000001,0.38112724,0.9185239,0.048181474,0.03329465,GOOD,GOOD,
2024-10-04 20:00:00+00:00,0.30000000000000004,0.3000000000000001,0.41142717,0.87181455,0.08440974,0.043775726,GOOD,GOOD,
2024-10-04 21:00:00+00:00,0.275,0.2750000000000001,0.36760643,0.9287077,0.042542633,0.028749617,GOOD,GOOD,
2024-10-04 22:00:00+00:00,0.275,0.2750000000000001,0.32071182,0.88796896,0.023027666,0.08900336,GOOD,GOOD,
2024-10-04 23:00:00+00:00,0.265,0.26500000000000007,0.3032016,0.91287935,0.022639506,0.064481154,GOOD,GOOD,
2024-10-05 00:00:00+00:00,0.28,0.28000000000000014,0.29641908,0.9648006,0.016246924,0.018952506,GOOD,GOOD,
2024-10-05 01:00:00+00:00,0.255,0.255,0.3038878,0.96247894,0.019270131,0.018250937,GOOD,GOOD,
2024-10-05 02:00:00+00:00,0.28500000000000003,0.2850000000000001,0.29488435,0.96739316,0.018683387,0.013923435,GOOD,GOOD,
2024-10-05 03:00:00+00:00,0.29000000000000004,0.2900000000000001,0.3049643,0.9311375,0.022233779,0.04662873,GOOD,GOOD,
2024-10-05 04:00:00+00:00,0.26,0.26000000000000006,0.3166883,0.94205946,0.030369787,0.027570758,BAD,GOOD,E_stuck
2024-10-05 05:00:00+00:00,0.28,0.26000000000000006,0.30347016,0.91002625,0.025882239,0.06409149,BAD,GOOD,E_stuck
2024-10-05 06:00:00+00:00,0.28500000000000003,0.26000000000000006,0.29283434,0.63674283,0.03548243,0.32777473,BAD,GOOD,E_stuck
2024-10-05 07:00:00+00:00,0.33499999999999996,0.26000000000000006,0.28983474,0.59775865,0.03644499,0.3657964,BAD,GOOD,E_stuck
2024-10-05 08:00:00+00:00,0.3,0.26000000000000006,0.290172,0.5846907,0.03880848,0.37650082,BAD,GOOD,E_stuck
2024-10-05 09:00:00+00:00,0.29000000000000004,0.26000000000000006,0.2907838,0.5710655,0.04106492,0.3878696,BAD,GOOD,E_stuck
2024-10-05 10:00:00+00:00,0.33499999999999996,0.26000000000000006,0.29097366,0.5566934,0.042912412,0.4003942,BAD,GOOD,E_stuck
2024-10-05 11:00:00+00:00,0.345,0.26000000000000006,0.29093486,0.5455702,0.044367023,0.4100628,BAD,GOOD,E_stuck
2024-10-05 12:00:00+00:00,0.41500000000000004,0.26000000000000006,0.29086778,0.53283775,0.045089025,0.4220732,BAD,GOOD,E_stuck
2024-10-05 13:00:00+00:00,0.32,0.26000000000000006,0.2908283,0.5247164,0.046471957,0.4288117,BAD,GOOD,E_stuck
2024-10-05 14:00:00+00:00,0.315,0.26000000000000006,0.2908069,0.48267144,0.046288762,0.4710398,BAD,GOOD,E_stuck
2024-10-05 15:00:00+00:00,0.30500000000000005,0.26000000000000006,0.29079014,0.44436657,0.046465818,0.5091676,BAD,GOOD,E_stuck
2024-10-05 16:00:00+00:00,0.27,0.2700000000000001,0.29077387,0.94644886,0.020901257,0.032649882,GOOD,GOOD,
2024-10-05 17:00:00+00:00,0.33999999999999997,0.3400000000000001,0.2966557,0.53856075,0.25566903,0.20577021,GOOD,GOOD,
2024-10-05 18:00:00+00:00,0.32,0.32000000000000006,0.34212726,0.53856075,0.25566903,0.20577021,GOOD,GOOD,
2024-10-05 19:00:00+00:00,0.36,0.36000000000000004,0.35649413,0.53856075,0.25566903,0.20577021,GOOD,GOOD,
2024-10-05 20:00:00+00:00,0.38,0.38000000000000006,0.37864682,0.53856075,0.25566903,0.20577021,GOOD,GOOD,
2024-10-05 21:00:00+00:00,0.295,0.29500000000000004,0.40205333,0.54631156,0.2582219,0.19546653,GOOD,GOOD,
2024-10-05 22:00:00+00:00,0.33499999999999996,0.335,0.35959297,0.53856075,0.25566903,0.20577021,GOOD,GOOD,
2024-10-05 23:00:00+00:00,0.35,0.35000000000000003,0.35378322,0.53856075,0.25566903,0.20577021,GOOD,GOOD,
2024-10-06 00:00:00+00:00,0.355,0.35500000000000004,0.36982098,0.53856075,0.25566903,0.20577021,GOOD,GOOD,
2024-10-06 01:00:00+00:00,0.345,0.34500000000000003,0.38254884,0.53856075,0.25566903,0.20577021,GOOD,GOOD,
2024-10-06 02:00:00+00:00,0.28500000000000003,0.2850000000000001,0.3801027,0.80887157,0.12641679,0.06471166,GOOD,GOOD,
2024-10-06 03:00:00+00:00,0.32,0.32000000000000006,0.3401751,0.61818427,0.2182296,0.16358612,GOOD,GOOD,
2024-10-06 04:00:00+00:00,0.275,0.2750000000000001,0.33805317,0.88192505,0.074332595,0.04374236,GOOD,GOOD,
2024-10-06 05:00:00+00:00,0.295,0.29500000000000004,0.31928802,0.9335309,0.0389387,0.027530355,GOOD,GOOD,
2024-10-06 06:00:00+00:00,0.3,0.30000000000000004,0.3190759,0.96531516,0.016606685,0.018078178,GOOD,GOOD,
2024-10-06 07:00:00+00:00,0.33499999999999996,0.335,0.32639658,0.94593656,0.03462845,0.01943501,GOOD,GOOD,
2024-10-06 08:00:00+00:00,0.315,0.31500000000000006,0.35136378,0.96872896,0.017554693,0.013716329,GOOD,GOOD,
2024-10-06 09:00:00+00:00,0.3,0.30000000000000004,0.3527666,0.8988248,0.02355365,0.07762151,GOOD,GOOD,
2024-10-06 10:00:00+00:00,0.3,0.30000000000000004,0.33900395,0.91315305,0.017599383,0.06924756,GOOD,GOOD,
2024-10-06 11:00:00+00:00,0.32,0.32000000000000006,0.33111504,0.9749459,0.013900774,0.011153293,GOOD,GOOD,
2024-10-06 12:00:00+00:00,0.365,0.3650000000000001,0.34159806,0.93803024,0.042758778,0.019211007,GOOD,GOOD,
2024-10-06 13:00:00+00:00,0.31,0.31000000000000005,0.3766581,0.94613665,0.032557145,0.021306189,GOOD,GOOD,
2024-10-06 14:00:00+00:00,0.3,0.30000000000000004,0.36165017,0.96878684,0.015202967,0.016010225,GOOD,GOOD,
2024-10-06 15:00:00+00:00,0.355,0.35500000000000004,0.33890435,0.9308474,0.04621007,0.022942517,GOOD,GOOD,
2024-10-06 16:00:00+00:00,0.35,0.35000000000000003,0.36271298,0.9713621,0.015417108,0.013220763,GOOD,GOOD,
2024-10-06 17:00:00+00:00,0.32999999999999996,0.33000000000000007,0.37895563,0.95004696,0.0178087,0.032144353,GOOD,GOOD,
2024-10-06 18:00:00+00:00,0.39,0.3900000000000001,0.37025696,0.9246111,0.050082073,0.025306862,GOOD,GOOD,
2024-10-06 19:00:00+00:00,0.385,0.38500000000000006,0.39848337,0.966031,0.018097976,0.015871005,GOOD,GOOD,
2024-10-06 20:00:00+00:00,0.435,0.4350000000000001,0.41453648,0.9354898,0.041931,0.022579249,GOOD,GOOD,
2024-10-06 21:00:00+00:00,0.45999999999999996,0.4600000000000001,0.4481293,0.9323297,0.04141581,0.02625449,GOOD,GOOD,
2024-10-06 22:00:00+00:00,0.45999999999999996,0.4600000000000001,0.48020855,0.8872926,0.03692164,0.075785756,GOOD,GOOD,
2024-10-06 23:00:00+00:00,0.7549999999999999,0.755,0.49125478,0.21743107,0.46918306,0.3133859,GOOD,SUSPECT,
2024-10-07 00:00:00+00:00,0.675,0.675,0.68526125,0.69374603,0.18594421,0.12030975,GOOD,GOOD,
2024-10-07 01:00:00+00:00,0.72,0.72,0.72950816,0.84764326,0.09424297,0.058113802,GOOD,GOOD,
2024-10-07 02:00:00+00:00,0.72,0.72,0.74491525,0.86209154,0.07498195,0.06292652,GOOD,GOOD,
2024-10-07 03:00:00+00:00,0.72,0.72,0.7475885,0.7065933,0.07447549,0.21893124,GOOD,GOOD,
2024-10-07 04:00:00+00:00,0.62,0.62,0.7469594,0.864328,0.095359266,0.040312737,GOOD,GOOD,
2024-10-07 05:00:00+00:00,0.55,0.55,0.6790632,0.8292263,0.12897475,0.041798916,GOOD,GOOD,
2024-10-07 06:00:00+00:00,0.5549999999999999,0.5549999999999999,0.6012081,0.96351475,0.020244444,0.016240796,GOOD,GOOD,
2024-10-07 07:00:00+00:00,0.5,0.5000000000000001,0.5771671,0.9380089,0.04283114,0.019159963,GOOD,GOOD,
2024-10-07 08:00:00+00:00,0.49,0.4900000000000001,0.54264903,0.9492912,0.024643272,0.026065517,GOOD,GOOD,
2024-10-07 09:00:00+00:00,0.535,0.535,0.52120894,0.9616372,0.02706549,0.011297335,GOOD,GOOD,
2024-10-07 10:00:00+00:00,0.575,0.575,0.5445275,0.934694,0.047238313,0.01806769,GOOD,GOOD,
2024-10-07 11:00:00+00:00,0.635,0.6350000000000001,0.58658123,0.9234792,0.06023827,0.016282547,GOOD,GOOD,
2024-10-07 12:00:00+00:00,0.675,0.675,0.6430964,0.9239057,0.05454195,0.021552399,GOOD,GOOD,
2024-10-07 13:00:00+00:00,0.735,0.7350000000000001,0.6910997,0.9201566,0.06343428,0.01640913,GOOD,GOOD,
2024-10-07 14:00:00+00:00,0.79,0.79,0.74582916,0.8642308,0.1068214,0.02894777,GOOD,GOOD,
2024-10-07 15:00:00+00:00,0.7050000000000001,0.7050000000000002,0.8023207,0.94881433,0.031594448,0.019591242,GOOD,GOOD,
2024-10-07 16:00:00+00:00,0.585,0.5850000000000001,0.7611454,0.8573067,0.10786811,0.034825187,GOOD,GOOD,
2024-10-07 17:00:00+00:00,0.505,0.505,0.65433884,0.8321118,0.12446451,0.04342371,GOOD,GOOD,
2024-10-07 18:00:00+00:00,0.5349999999999999,0.5349999999999999,0.5592414,0.97745186,0.014586294,0.007961871,GOOD,GOOD,
2024-10-07 19:00:00+00:00,0.555,0.555,0.54782254,0.93702155,0.031759962,0.031218482,GOOD,GOOD,
2024-10-07 20:00:00+00:00,0.635,0.6350000000000001,0.57071334,0.8851148,0.09376396,0.021121249,GOOD,GOOD,
2024-10-07 21:00:00+00:00,0.62,0.62,0.63503814,0.9676982,0.016742045,0.015559751,GOOD,GOOD,
2024-10-07 22:00:00+00:00,0.605,0.605,0.65320754,0.87114257,0.024299266,0.104558185,GOOD,GOOD,
2024-10-07 23:00:00+00:00,0.5800000000000001,0.5800000000000001,0.6408211,0.9427976,0.022443581,0.034758836,GOOD,GOOD,
2024-10-08 00:00:00+00:00,0.6499999999999999,0.6499999999999999,0.61632544,0.9395027,0.045819648,0.014677653,GOOD,GOOD,
2024-10-08 01:00:00+00:00,0.6,0.6,0.65280885,0.97223556,0.015698593,0.012065863,GOOD,GOOD,
2024-10-08 02:00:00+00:00,0.52,0.52,0.64267397,0.9187894,0.05488776,0.026322862,GOOD,GOOD,
2024-10-08 03:00:00+00:00,0.475,0.4750000000000001,0.5787744,0.9206381,0.048718784,0.030643137,GOOD,GOOD,
2024-10-08 04:00:00+00:00,0.445,0.44500000000000006,0.51999694,0.9547899,0.025922552,0.01928758,GOOD,GOOD,
2024-10-08 05:00:00+00:00,0.4,0.40000000000000013,0.48189065,0.9352743,0.04351179,0.021213897,GOOD,GOOD,
2024-10-08 06:00:00+00:00,0.385,0.38500000000000006,0.4436023,0.958438,0.022145968,0.019416071,GOOD,GOOD,
2024-10-08 07:00:00+00:00,0.44499999999999995,0.445,0.41939914,0.92579865,0.05271702,0.021484334,GOOD,GOOD,
2024-10-08 08:00:00+00:00,0.42000000000000004,0.4200000000000001,0.44968536,0.95781577,0.023281131,0.018903082,GOOD,GOOD,
2024-10-08 09:00:00+00:00,0.44999999999999996,0.45000000000000007,0.45595446,0.960529,0.022562483,0.016908478,GOOD,GOOD,
2024-10-08 10:00:00+00:00,0.44499999999999995,0.445,0.47094917,0.96534145,0.015269113,0.019389462,GOOD,GOOD,
2024-10-08 11:00:00+00:00,0.46499999999999997,0.465,0.47580293,0.9714146,0.014909812,0.01367556,GOOD,GOOD,
2024-10-08 12:00:00+00:00,0.485,0.4850000000000001,0.48809478,0.9168963,0.024033008,0.059070718,GOOD,GOOD,
2024-10-08 13:00:00+00:00,0.495,0.4950000000000001,0.506976,0.9016478,0.0210292,0.07732296,GOOD,GOOD,
2024-10-08 14:00:00+00:00,0.49,0.4900000000000001,0.52128273,0.87382376,0.023290526,0.10288572,GOOD,GOOD,
2024-10-08 15:00:00+00:00,0.46499999999999997,0.465,0.52224404,0.95254505,0.021955777,0.02549915,GOOD,GOOD,
2024-10-08 16:00:00+00:00,0.4,0.40000000000000013,0.5044069,0.84858286,0.10511417,0.04630294,GOOD,GOOD,
2024-10-08 17:00:00+00:00,0.39,0.3900000000000001,0.4542698,0.91112655,0.04468792,0.044185504,GOOD,GOOD,
2024-10-08 18:00:00+00:00,0.405,0.4050000000000001,0.42382863,0.9630237,0.018105807,0.018870475,GOOD,GOOD,
2024-10-08 19:00:00+00:00,0.39,0.3900000000000001,0.42585203,0.9563741,0.019391594,0.024234308,GOOD,GOOD,
2024-10-08 20:00:00+00:00,0.42,0.42000000000000004,0.4231667,0.9553827,0.02138933,0.023227962,GOOD,GOOD,
2024-10-08 21:00:00+00:00,0.44,0.4400000000000001,0.43881845,0.9442336,0.024539197,0.03122718,GOOD,GOOD,
2024-10-08 22:00:00+00:00,0.44,0.4400000000000001,0.46087107,0.9186526,0.01799308,0.06335434,GOOD,GOOD,
2024-10-08 23:00:00+00:00,0.515,0.515,0.46993232,0.90445054,0.06972663,0.02582283,GOOD,GOOD,
2024-10-09 00:00:00+00:00,0.43999999999999995,0.44000000000000006,0.51803124,0.93828875,0.037274413,0.024436835,GOOD,GOOD,
2024-10-09 01:00:00+00:00,0.46499999999999997,0.465,0.4958614,0.97286034,0.014769951,0.012369696,GOOD,GOOD,
2024-10-09 02:00:00+00:00,0.45499999999999996,0.455,0.48969036,0.97890276,0.009754048,0.0113431895,GOOD,GOOD,
2024-10-09 03:00:00+00:00,0.42500000000000004,0.42500000000000016,0.4857284,0.96957284,0.015394204,0.015032931,GOOD,GOOD,
2024-10-09 04:00:00+00:00,0.43999999999999995,0.44000000000000006,0.46561486,0.9756736,0.012488388,0.011838007,GOOD,GOOD,
2024-10-09 05:00:00+00:00,0.4,0.40000000000000013,0.46437022,0.9488428,0.028265333,0.02289185,GOOD,GOOD,
2024-10-09 06:00:00+00:00,0.42500000000000004,0.42500000000000016,0.44299376,0.96709126,0.017857455,0.015051261,GOOD,GOOD,
2024-10-09 07:00:00+00:00,0.44499999999999995,0.445,0.44609115,0.94265205,0.022916267,0.034431692,GOOD,GOOD,
2024-10-09 08:00:00+00:00,0.44,0.4400000000000001,0.46487367,0.93799216,0.019982483,0.04202534,GOOD,GOOD,
2024-10-09 09:00:00+00:00,0.39,0.3900000000000001,0.47116226,0.89011323,0.065788075,0.04409871,GOOD,GOOD,
2024-10-09 10:00:00+00:00,0.42000000000000004,0.4200000000000001,0.43980938,0.95057166,0.025317121,0.024111232,GOOD,GOOD,
2024-10-09 11:00:00+00:00,0.4,0.40000000000000013,0.43968824,0.95517826,0.020641042,0.024180697,GOOD,GOOD,
2024-10-09 12:00:00+00:00,0.41,0.41000000000000003,0.43428886,0.9573118,0.018216882,0.024471316,GOOD,GOOD,
2024-10-09 13:00:00+00:00,0.42000000000000004,0.4200000000000001,0.43664503,0.81333876,0.03276228,0.15389897,GOOD,GOOD,
2024-10-09 14:00:00+00:00,0.455,0.45500000000000007,0.44536293,0.963693,0.023200573,0.01310642,GOOD,GOOD,
2024-10-09 15:00:00+00:00,0.45999999999999996,0.4600000000000001,0.47149056,0.95587546,0.018281596,0.025842933,GOOD,GOOD,
2024-10-09 16:00:00+00:00,0.41500000000000004,0.41500000000000015,0.48754057,0.962609,0.020592254,0.016798753,GOOD,GOOD,
2024-10-09 17:00:00+00:00,0.365,0.3650000000000001,0.46302778,0.91363084,0.057367574,0.02900158,GOOD,GOOD,
2024-10-09 18:00:00+00:00,0.405,0.4050000000000001,0.41589004,0.960441,0.023916062,0.015642973,GOOD,GOOD,
2024-10-09 19:00:00+00:00,0.38,0.38000000000000006,0.41903043,0.967544,0.017232869,0.015223112,GOOD,GOOD,
2024-10-09 20:00:00+00:00,0.345,0.34500000000000003,0.4152861,0.93456787,0.03664734,0.028784795,GOOD,GOOD,
2024-10-09 21:00:00+00:00,0.35,0.35000000000000003,0.38989267,0.95653534,0.020195564,0.023269081,GOOD,GOOD,
2024-10-09 22:00:00+00:00,0.345,0.34500000000000003,0.3789532,0.8928004,0.02741799,0.07978161,GOOD,GOOD,
2024-10-09 23:00:00+00:00,0.375,0.3750000000000001,0.375101,0.9628276,0.020257147,0.016915241,GOOD,GOOD,
2024-10-10 00:00:00+00:00,0.325,0.32500000000000007,0.39285737,0.90110034,0.05816127,0.04073841,GOOD,GOOD,
2024-10-10 01:00:00+00:00,0.315,0.31500000000000006,0.3736696,0.92325777,0.033754617,0.042987607,GOOD,GOOD,
2024-10-10 02:00:00+00:00,0.32999999999999996,0.33000000000000007,0.35221213,0.9603822,0.017302662,0.022315118,GOOD,GOOD,
2024-10-10 03:00:00+00:00,0.345,0.34500000000000003,0.35328314,0.9044574,0.025920669,0.06962193,GOOD,GOOD,
2024-10-10 04:00:00+00:00,0.295,0.29500000000000004,0.36748818,0.88536566,0.06583764,0.048796684,GOOD,GOOD,
2024-10-10 05:00:00+00:00,0.28,0.28000000000000014,0.3451311,0.87111133,0.057271935,0.07161672,GOOD,GOOD,
2024-10-10 06:00:00+00:00,0.31,0.31000000000000005,0.31953818,0.9478557,0.023841714,0.0283026,GOOD,GOOD,
2024-10-10 07:00:00+00:00,0.28500000000000003,0.2850000000000001,0.327413,0.935473,0.030136684,0.03439028,GOOD,GOOD,
2024-10-10 08:00:00+00:00,0.27,0.2700000000000001,0.32283083,0.86396986,0.04724813,0.088782005,GOOD,GOOD,
2024-10-10 09:00:00+00:00,0.265,0.26500000000000007,0.30849078,0.754069,0.04999611,0.19593495,GOOD,GOOD,
2024-10-10 10:00:00+00:00,0.29000000000000004,0.2900000000000001,0.2980527,0.94298863,0.023894155,0.033117186,GOOD,GOOD,
2024-10-10 11:00:00+00:00,0.325,0.32500000000000007,0.30969107,0.9501346,0.031904466,0.017960949,GOOD,GOOD,
2024-10-10 12:00:00+00:00,0.315,0.31500000000000006,0.33993095,0.9706254,0.015274032,0.014100545,GOOD,GOOD,
2024-10-10 13:00:00+00:00,0.275,0.2750000000000001,0.3492608,0.9537428,0.02653671,0.019720495,GOOD,GOOD,
2024-10-10 14:00:00+00:00,0.30500000000000005,0.30500000000000016,0.3242089,0.9670446,0.018630087,0.014325331,GOOD,GOOD,
2024-10-10 15:00:00+00:00,0.3,0.30000000000000004,0.32549402,0.9670563,0.013770353,0.01917335,GOOD,GOOD,
2024-10-10 16:00:00+00:00,0.3,0.30000000000000004,0.32957146,0.7479466,0.02922108,0.2228323,GOOD,GOOD,
2024-10-10 17:00:00+00:00,0.26,0.26000000000000006,0.33097923,0.9335302,0.038698994,0.027770812,GOOD,GOOD,
2024-10-10 18:00:00+00:00,0.29000000000000004,0.2900000000000001,0.30716634,0.9601675,0.022305753,0.017526692,GOOD,GOOD,
2024-10-10 19:00:00+00:00,0.28,0.28000000000000014,0.3100508,0.965402,0.016778575,0.017819399,GOOD,GOOD,
2024-10-10 20:00:00+00:00,0.27,0.2700000000000001,0.31169936,0.779888,0.040732503,0.17937951,GOOD,GOOD,
2024-10-10 21:00:00+00:00,0.305,0.3050000000000001,0.30535707,0.959828,0.023067852,0.017104115,GOOD,GOOD,
2024-10-10 22:00:00+00:00,0.29,0.29000000000000004,0.3219172,0.95655394,0.02030438,0.023141699,GOOD,GOOD,
2024-10-10 23:00:00+00:00,0.29000000000000004,0.2900000000000001,0.32477772,0.77987087,0.03322451,0.18690462,GOOD,GOOD,
2024-10-11 00:00:00+00:00,0.29,0.29000000000000004,0.32235083,0.5452535,0.03661417,0.4181323,GOOD,GOOD,
2024-10-11 01:00:00+00:00,0.32,0.32000000000000006,0.32070458,0.9568998,0.02151201,0.021588184,GOOD,GOOD,
2024-10-11 02:00:00+00:00,0.315,0.31500000000000006,0.3382969,0.95242566,0.01952381,0.02805053,GOOD,GOOD,
2024-10-11 03:00:00+00:00,0.33,0.3300000000000001,0.3463556,0.95594174,0.018870229,0.02518806,GOOD,GOOD,
2024-10-11 04:00:00+00:00,0.31,0.31000000000000005,0.3560039,0.9388354,0.026073322,0.035091266,GOOD,GOOD,
2024-10-11 05:00:00+00:00,0.335,0.3350000000000001,0.3484036,0.9498565,0.02257045,0.027573057,GOOD,GOOD,
2024-10-11 06:00:00+00:00,0.275,0.2750000000000001,0.356817,0.83861434,0.09728817,0.06409749,GOOD,GOOD,
2024-10-11 07:00:00+00:00,0.27,0.2700000000000001,0.32803878,0.827891,0.06711386,0.10499512,GOOD,GOOD,
2024-10-11 08:00:00+00:00,0.28,0.28000000000000014,0.30549082,0.90594226,0.030184511,0.06387322,GOOD,GOOD,
2024-10-11 09:00:00+00:00,0.245,0.24500000000000002,0.30461583,0.90433145,0.045216896,0.05045165,GOOD,GOOD,
2024-10-11 10:00:00+00:00,0.275,0.2750000000000001,0.28803757,0.9337246,0.028602913,0.03767249,GOOD,GOOD,
2024-10-11 11:00:00+00:00,0.27,0.2700000000000001,0.2948942,0.90749896,0.03014364,0.06235739,GOOD,GOOD,
2024-10-11 12:00:00+00:00,0.27,0.2700000000000001,0.3002913,0.57895577,0.051281486,0.36976278,GOOD,GOOD,
2024-10-11 13:00:00+00:00,0.28500000000000003,0.2850000000000001,0.30144918,0.9159215,0.027009016,0.057069466,GOOD,GOOD,
2024-10-11 14:00:00+00:00,0.27,0.2700000000000001,0.30997726,0.88986474,0.036036476,0.07409876,GOOD,GOOD,
2024-10-11 15:00:00+00:00,0.25,0.25,0.30629164,0.8031979,0.065056756,0.13174532,GOOD,GOOD,
2024-10-11 16:00:00+00:00,0.265,0.26500000000000007,0.29022723,0.914045,0.029637368,0.05631767,GOOD,GOOD,
2024-10-11 17:00:00+00:00,0.235,0.235,0.29023534,0.88172424,0.047288146,0.070987605,GOOD,GOOD,
2024-10-11 18:00:00+00:00,0.225,0.225,0.27647245,0.8138464,0.059707705,0.1264459,GOOD,GOOD,
2024-10-11 19:00:00+00:00,0.23,0.23000000000000004,0.2615068,0.8603599,0.039310753,0.100329325,GOOD,GOOD,
2024-10-11 20:00:00+00:00,0.265,0.26500000000000007,0.2583726,0.95442444,0.029219735,0.016355803,GOOD,GOOD,
2024-10-11 21:00:00+00:00,0.26,0.26000000000000006,0.28017953,0.97044545,0.01604357,0.013510956,GOOD,GOOD,
2024-10-11 22:00:00+00:00,0.255,0.255,0.2912959,0.7805713,0.031281773,0.18814695,GOOD,GOOD,
2024-10-11 23:00:00+00:00,0.305,0.3050000000000001,0.28975785,0.91468585,0.055463336,0.029850833,GOOD,GOOD,
2024-10-12 00:00:00+00:00,0.3,0.30000000000000004,0.31637928,0.9677966,0.017254386,0.014948978,GOOD,GOOD,
2024-10-12 01:00:00+00:00,0.335,0.3350000000000001,0.33063105,0.9409321,0.035361912,0.023706011,GOOD,GOOD,
2024-10-12 02:00:00+00:00,0.305,0.3050000000000001,0.35383034,0.96694475,0.018594127,0.014461096,GOOD,GOOD,
2024-10-12 03:00:00+00:00,0.305,0.3050000000000001,0.3472084,0.9407423,0.017202806,0.042054866,GOOD,GOOD,
2024-10-12 04:00:00+00:00,0.27,0.2700000000000001,0.3381506,0.96530247,0.020335363,0.014362156,GOOD,GOOD,
2024-10-12 05:00:00+00:00,0.255,0.255,0.3140583,0.93945473,0.024348022,0.036197256,GOOD,GOOD,
2024-10-12 06:00:00+00:00,0.27,0.2700000000000001,0.29242966,0.97624815,0.012827749,0.010924099,GOOD,GOOD,
2024-10-12 07:00:00+00:00,0.27,0.2700000000000001,0.29337174,0.9251414,0.019631222,0.05522739,GOOD,GOOD,
2024-10-12 08:00:00+00:00,0.30000000000000004,0.3000000000000001,0.2984849,0.9534128,0.0290433,0.017543912,GOOD,GOOD,
2024-10-12 09:00:00+00:00,0.295,0.29500000000000004,0.3185443,0.97006416,0.01601153,0.013924283,GOOD,GOOD,
2024-10-12 10:00:00+00:00,0.36,0.36000000000000004,0.32674152,0.8365061,0.105867766,0.057626076,GOOD,GOOD,
2024-10-12 11:00:00+00:00,0.35,0.35000000000000003,0.36619526,0.9365921,0.03678186,0.026626056,GOOD,GOOD,
2024-10-12 12:00:00+00:00,0.385,0.38500000000000006,0.38264507,0.9240804,0.04515353,0.03076607,GOOD,GOOD,
2024-10-12 13:00:00+00:00,0.41500000000000004,0.41500000000000015,0.404792,0.9270002,0.042814627,0.030185146,GOOD,GOOD,
2024-10-12 14:00:00+00:00,0.485,0.4850000000000001,0.43366814,0.88687634,0.07899683,0.034126837,GOOD,GOOD,
2024-10-12 15:00:00+00:00,0.44,0.4400000000000001,0.4896814,0.8720632,0.076807044,0.05112973,GOOD,GOOD,
2024-10-12 16:00:00+00:00,0.48,0.48000000000000004,0.4869208,0.92430276,0.044632826,0.031064412,BAD,GOOD,E_stuck
2024-10-12 17:00:00+00:00,0.53,0.48000000000000004,0.49932477,0.95390236,0.02418023,0.021917406,BAD,GOOD,E_stuck
2024-10-12 18:00:00+00:00,0.44999999999999996,0.48000000000000004,0.5079901,0.7569396,0.043199044,0.19986135,BAD,GOOD,E_stuck
2024-10-12 19:00:00+00:00,0.445,0.44500000000000006,0.51002103,0.95344055,0.027954066,0.018605413,GOOD,GOOD,
2024-10-12 20:00:00+00:00,0.5,0.5000000000000001,0.48748803,0.92858964,0.046023186,0.02538718,GOOD,GOOD,
2024-10-12 21:00:00+00:00,0.435,0.4350000000000001,0.5095204,0.94344014,0.03598173,0.020578114,GOOD,GOOD,
2024-10-12 22:00:00+00:00,0.41000000000000003,0.4100000000000001,0.48530552,0.9667685,0.01880207,0.014429431,GOOD,GOOD,
2024-10-12 23:00:00+00:00,0.395,0.3950000000000001,0.45145607,0.9078733,0.02632305,0.06580367,GOOD,GOOD,
2024-10-13 00:00:00+00:00,0.415,0.4150000000000001,0.42877918,0.9778309,0.01240415,0.009764972,GOOD,GOOD,
2024-10-13 01:00:00+00:00,0.42500000000000004,0.42500000000000016,0.43488896,0.93323237,0.020680748,0.046086863,GOOD,GOOD,
2024-10-13 02:00:00+00:00,0.435,0.4350000000000001,0.4487568,0.86509097,0.02573062,0.10917839,GOOD,GOOD,
2024-10-13 03:00:00+00:00,0.5,0.5000000000000001,0.46100286,0.93216836,0.05052013,0.017311482,GOOD,GOOD,
2024-10-13 04:00:00+00:00,0.49,0.4900000000000001,0.50598156,0.9698648,0.015741015,0.014394223,GOOD,GOOD,
2024-10-13 05:00:00+00:00,0.505,0.505,0.5224324,0.97115433,0.013942997,0.014902662,GOOD,GOOD,
2024-10-13 06:00:00+00:00,0.48,0.48000000000000004,0.531876,0.9751878,0.012211847,0.012600384,GOOD,GOOD,
2024-10-13 07:00:00+00:00,0.465,0.4650000000000001,0.518811,0.9028973,0.023557153,0.07354555,GOOD,GOOD,
2024-10-13 08:00:00+00:00,0.435,0.4350000000000001,0.5007662,0.9601444,0.019618846,0.020236764,GOOD,GOOD,
2024-10-13 09:00:00+00:00,0.41500000000000004,0.41500000000000015,0.47498617,0.9174477,0.027580522,0.054971762,GOOD,GOOD,
2024-10-13 10:00:00+00:00,0.37,0.37000000000000005,0.4516871,0.9299335,0.043349117,0.026717406,GOOD,GOOD,
2024-10-13 11:00:00+00:00,0.345,0.34500000000000003,0.4158878,0.9405587,0.032892,0.026549349,GOOD,GOOD,
2024-10-13 12:00:00+00:00,0.39,0.3900000000000001,0.3845347,0.94417804,0.03663393,0.019188005,GOOD,GOOD,
2024-10-13 13:00:00+00:00,0.395,0.3950000000000001,0.40078774,0.96825147,0.016400741,0.015347809,GOOD,GOOD,
2024-10-13 14:00:00+00:00,0.44499999999999995,0.445,0.41957328,0.9495623,0.036118567,0.014319119,GOOD,GOOD,
2024-10-13 15:00:00+00:00,0.45999999999999996,0.4600000000000001,0.4569248,0.9678266,0.018118983,0.014054433,GOOD,GOOD,
2024-10-13 16:00:00+00:00,0.495,0.4950000000000001,0.4839856,0.9612937,0.024759203,0.013947096,GOOD,GOOD,
2024-10-13 17:00:00+00:00,0.51,0.51,0.51367295,0.96427923,0.017149406,0.018571371,GOOD,GOOD,
2024-10-13 18:00:00+00:00,0.475,0.4750000000000001,0.53481907,0.9715534,0.014914779,0.013531815,GOOD,GOOD,
2024-10-13 19:00:00+00:00,0.45499999999999996,0.455,0.51854795,0.9439087,0.020144396,0.035946924,GOOD,GOOD,
2024-10-13 20:00:00+00:00,0.45499999999999996,0.455,0.49353197,0.90875524,0.017474568,0.07377018,GOOD,GOOD,
2024-10-13 21:00:00+00:00,0.385,0.38500000000000006,0.48357704,0.8856168,0.07717198,0.03721125,GOOD,GOOD,
2024-10-13 22:00:00+00:00,0.33499999999999996,0.335,0.43940222,0.87082195,0.08775036,0.04142768,GOOD,GOOD,
2024-10-13 23:00:00+00:00,0.33999999999999997,0.3400000000000001,0.3856204,0.9624249,0.01923442,0.018340698,GOOD,GOOD,
2024-10-14 00:00:00+00:00,0.36,0.36000000000000004,0.36659485,0.96759367,0.018020375,0.014385955,GOOD,GOOD,
2024-10-14 01:00:00+00:00,0.365,0.3650000000000001,0.37832612,0.9440044,0.020477474,0.035518114,GOOD,GOOD,
2024-10-14 02:00:00+00:00,0.42000000000000004,0.4200000000000001,0.39124182,0.9349042,0.046886288,0.018209508,GOOD,GOOD,
2024-10-14 03:00:00+00:00,0.445,0.44500000000000006,0.4293875,0.9628185,0.024029162,0.013152345,GOOD,GOOD,
2024-10-14 04:00:00+00:00,0.41000000000000003,0.4100000000000001,0.4646102,0.9721816,0.014791928,0.01302644,GOOD,GOOD,
2024-10-14 05:00:00+00:00,0.38,0.38000000000000006,0.45484453,0.9245929,0.03164183,0.043765265,GOOD,GOOD,
2024-10-14 06:00:00+00:00,0.455,0.45500000000000007,0.42433167,0.91379726,0.06065342,0.02554933,GOOD,GOOD,
2024-10-14 07:00:00+00:00,0.425,0.4250000000000001,0.456321,0.9715623,0.01651486,0.011922784,GOOD,GOOD,
2024-10-14 08:00:00+00:00,0.375,0.3750000000000001,0.46238062,0.9478684,0.030886581,0.021245023,GOOD,GOOD,
2024-10-14 09:00:00+00:00,0.415,0.4150000000000001,0.42721656,0.965849,0.020075912,0.014075114,GOOD,GOOD,
2024-10-14 10:00:00+00:00,0.36,0.36000000000000004,0.43118176,0.9395614,0.03704814,0.023390435,GOOD,GOOD,
2024-10-14 11:00:00+00:00,0.345,0.34500000000000003,0.40750444,0.9598149,0.021804605,0.01838048,GOOD,GOOD,
2024-10-14 12:00:00+00:00,0.33999999999999997,0.3400000000000001,0.382951,0.8583735,0.029403117,0.11222336,GOOD,GOOD,
2024-10-14 13:00:00+00:00,0.365,0.3650000000000001,0.3708548,0.96731234,0.018320069,0.014367609,GOOD,GOOD,
2024-10-14 14:00:00+00:00,0.35,0.35000000000000003,0.3837546,0.9653993,0.016379967,0.018220708,GOOD,GOOD,
2024-10-14 15:00:00+00:00,0.38,0.38000000000000006,0.38441068,0.96332365,0.019222857,0.017453479,GOOD,GOOD,
2024-10-14 16:00:00+00:00,0.405,0.4050000000000001,0.3997713,0.93575823,0.030271238,0.033970498,GOOD,GOOD,
2024-10-14 17:00:00+00:00,0.375,0.3750000000000001,0.4244152,0.9756631,0.012923064,0.011413809,GOOD,GOOD,
2024-10-14 18:00:00+00:00,0.4,0.40000000000000013,0.41688383,0.9741541,0.013800225,0.012045664,GOOD,GOOD,
2024-10-14 19:00:00+00:00,0.42,0.42000000000000004,0.42282268,0.9459943,0.021423383,0.03258231,GOOD,GOOD,
2024-10-14 20:00:00+00:00,0.415,0.4150000000000001,0.44097894,0.94798625,0.016396442,0.035617333,GOOD,GOOD,
2024-10-14 21:00:00+00:00,0.475,0.4750000000000001,0.4467823,0.93648964,0.043804478,0.019705882,GOOD,GOOD,
2024-10-14 22:00:00+00:00,0.52,0.52,0.4837385,0.9272647,0.05064457,0.02209075,GOOD,GOOD,
2024-10-14 23:00:00+00:00,0.56,0.5600000000000002,0.5322893,0.9138272,0.056804564,0.029368283,GOOD,GOOD,
2024-10-15 00:00:00+00:00,0.5800000000000001,0.5800000000000001,0.57683134,0.9427497,0.034998704,0.022251617,GOOD,GOOD,
2024-10-15 01:00:00+00:00,0.56,0.5600000000000002,0.6042891,0.9651699,0.019562196,0.015267908,GOOD,GOOD,
2024-10-15 02:00:00+00:00,0.5,0.5000000000000001,0.59764475,0.9309586,0.04563316,0.02340824,GOOD,GOOD,
2024-10-15 03:00:00+00:00,0.55,0.55,0.55121875,0.9379396,0.037311986,0.024748418,GOOD,GOOD,
2024-10-15 04:00:00+00:00,0.545,0.545,0.5607711,0.96534723,0.018277261,0.016375527,GOOD,GOOD,
2024-10-15 05:00:00+00:00,0.56,0.5600000000000002,0.5715056,0.96312517,0.019026088,0.017848736,GOOD,GOOD,
2024-10-15 06:00:00+00:00,0.58,0.58,0.5839275,0.95455027,0.021531183,0.02391854,GOOD,GOOD,
2024-10-15 07:00:00+00:00,0.605,0.605,0.60137117,0.94253755,0.030795429,0.026667021,GOOD,GOOD,
2024-10-15 08:00:00+00:00,0.775,0.7750000000000001,0.6245112,0.56654394,0.34113446,0.09232159,GOOD,GOOD,
2024-10-15 09:00:00+00:00,0.885,0.885,0.7477621,0.432653,0.46906778,0.09827921,GOOD,SUSPECT,
2024-10-15 10:00:00+00:00,1.0699999999999998,1.0699999999999998,0.88085395,0.4365934,0.47476426,0.088642344,GOOD,SUSPECT,
2024-10-15 11:00:00+00:00,1.275,1.2750000000000001,1.0541483,0.20090055,0.7250105,0.07408892,GOOD,SUSPECT,
2024-10-15 12:00:00+00:00,1.25,1.2500000000000002,1.2613018,0.8844309,0.08559629,0.02997283,GOOD,GOOD,
2024-10-15 13:00:00+00:00,0.97,0.9700000000000001,1.2863305,0.32923877,0.40372756,0.26703367,GOOD,SUSPECT,
2024-10-15 14:00:00+00:00,0.9299999999999999,0.93,1.0580605,0.76155615,0.1579719,0.08047195,GOOD,GOOD,
2024-10-15 15:00:00+00:00,0.955,0.9550000000000001,0.9543152,0.9722705,0.020832418,0.0068970667,GOOD,GOOD,
2024-10-15 16:00:00+00:00,0.9450000000000001,0.9450000000000002,0.9602556,0.9696827,0.01866024,0.011657079,GOOD,GOOD,
2024-10-15 17:00:00+00:00,1.085,1.0850000000000002,0.9666415,0.78690577,0.18270583,0.030388424,GOOD,GOOD,
2024-10-15 18:00:00+00:00,1.01,1.01,1.0695093,0.9271268,0.05033479,0.022538401,GOOD,GOOD,
2024-10-15 19:00:00+00:00,0.9750000000000001,0.9750000000000002,1.0495449,0.9494912,0.03454708,0.015961692,GOOD,GOOD,
2024-10-15 20:00:00+00:00,1.04,1.0400000000000003,1.0039952,0.93906516,0.05124599,0.009688847,GOOD,GOOD,
2024-10-15 21:00:00+00:00,1.205,1.2050000000000003,1.0385299,0.5295898,0.41851056,0.0518997,GOOD,GOOD,
2024-10-15 22:00:00+00:00,1.4,1.4000000000000001,1.1829231,0.12100822,0.8239759,0.055015896,GOOD,SUSPECT,
2024-10-15 23:00:00+00:00,1.345,1.3450000000000002,1.3826258,0.9213422,0.054896276,0.02376153,GOOD,GOOD,
2024-10-16 00:00:00+00:00,1.275,1.2750000000000001,1.3779379,0.92311704,0.05968525,0.017197737,GOOD,GOOD,
2024-10-16 01:00:00+00:00,0.905,0.9050000000000001,1.3024713,0.15191877,0.4882679,0.35981333,GOOD,SUSPECT,
2024-10-16 02:00:00+00:00,0.865,0.865,1.006262,0.67236817,0.2236514,0.10398041,GOOD,GOOD,
2024-10-16 03:00:00+00:00,0.9099999999999999,0.9099999999999999,0.8890155,0.9712646,0.023021266,0.0057141134,GOOD,GOOD,
2024-10-16 04:00:00+00:00,0.84,0.84,0.9084239,0.9675317,0.022488354,0.009979936,GOOD,GOOD,
2024-10-16 05:00:00+00:00,0.995,0.9950000000000002,0.8798982,0.82028997,0.15979376,0.01991624,GOOD,GOOD,
2024-10-16 06:00:00+00:00,0.915,0.915,0.9735541,0.95654297,0.028850546,0.014606513,GOOD,GOOD,
2024-10-16 07:00:00+00:00,0.6799999999999999,0.68,0.9571415,0.4043094,0.45806658,0.13762403,GOOD,SUSPECT,
2024-10-16 08:00:00+00:00,0.7,0.7,0.77604246,0.94273233,0.038686473,0.018581199,GOOD,GOOD,
2024-10-16 09:00:00+00:00,0.73,0.7300000000000001,0.7152632,0.94464993,0.03723419,0.018115858,GOOD,GOOD,
2024-10-16 10:00:00+00:00,0.815,0.815,0.7356588,0.87863994,0.09567016,0.025689922,GOOD,GOOD,
2024-10-16 11:00:00+00:00,0.88,0.8800000000000001,0.81179404,0.7831451,0.17152214,0.04533272,GOOD,GOOD,
2024-10-16 12:00:00+00:00,0.8,0.8000000000000002,0.8875914,0.95155865,0.031633712,0.01680766,GOOD,GOOD,
2024-10-16 13:00:00+00:00,0.64,0.6400000000000001,0.85214794,0.67839247,0.24467044,0.076937094,GOOD,GOOD,
2024-10-16 14:00:00+00:00,0.535,0.535,0.7185581,0.5888769,0.3128222,0.098300904,GOOD,GOOD,
2024-10-16 15:00:00+00:00,0.61,0.6100000000000001,0.5961841,0.941434,0.040048946,0.018517016,GOOD,GOOD,
2024-10-16 16:00:00+00:00,0.6599999999999999,0.66,0.60565084,0.8405379,0.11551894,0.043943163,GOOD,GOOD,
2024-10-16 17:00:00+00:00,0.63,0.63,0.6639327,0.97051483,0.01502747,0.014457717,GOOD,GOOD,
2024-10-16 18:00:00+00:00,0.6699999999999999,0.6699999999999999,0.6688923,0.97026473,0.01833029,0.011404995,GOOD,GOOD,
2024-10-16 19:00:00+00:00,0.54,0.5400000000000001,0.6870448,0.81299883,0.13312139,0.053879786,GOOD,GOOD,
2024-10-16 20:00:00+00:00,0.52,0.52,0.6109447,0.92427576,0.0460366,0.029687636,GOOD,GOOD,
2024-10-16 21:00:00+00:00,0.5900000000000001,0.5900000000000002,0.55714756,0.94795847,0.038400512,0.013641016,GOOD,GOOD,
2024-10-16 22:00:00+00:00,0.625,0.625,0.58866,0.8813988,0.077000074,0.041601155,GOOD,GOOD,
2024-10-16 23:00:00+00:00,0.625,0.625,0.6373392,0.8644972,0.021649761,0.11385304,GOOD,GOOD,
2024-10-17 00:00:00+00:00,0.565,0.5650000000000001,0.6549034,0.9524699,0.028296674,0.019233437,GOOD,GOOD,
2024-10-17 01:00:00+00:00,0.455,0.45500000000000007,0.6158766,0.8158479,0.13704562,0.047106482,GOOD,GOOD,
2024-10-17 02:00:00+00:00,0.44499999999999995,0.445,0.52392477,0.9266,0.043181974,0.030218063,GOOD,GOOD,
2024-10-17 03:00:00+00:00,0.5700000000000001,0.5700000000000001,0.4769105,0.8158866,0.14957735,0.034536038,GOOD,GOOD,
2024-10-17 04:00:00+00:00,0.62,0.62,0.5479386,0.7309905,0.2108307,0.05817876,GOOD,GOOD,
2024-10-17 05:00:00+00:00,0.655,0.6550000000000001,0.62716186,0.91420877,0.054905333,0.030885931,GOOD,GOOD,
2024-10-17 06:00:00+00:00,0.5800000000000001,0.5800000000000001,0.6758418,0.94206625,0.036075242,0.02185851,GOOD,GOOD,
2024-10-17 07:00:00+00:00,0.565,0.5650000000000001,0.6369443,0.9522896,0.021689521,0.02602089,GOOD,GOOD,
2024-10-17 08:00:00+00:00,0.5800000000000001,0.5800000000000001,0.60060453,0.9586479,0.018895349,0.022456734,GOOD,GOOD,
2024-10-17 09:00:00+00:00,0.475,0.4750000000000001,0.6000225,0.8286165,0.12109373,0.050289765,GOOD,GOOD,
2024-10-17 10:00:00+00:00,0.52,0.52,0.5386404,0.9660559,0.01956011,0.014383971,GOOD,GOOD,
2024-10-17 11:00:00+00:00,0.54,0.5400000000000001,0.53430974,0.94649726,0.025241906,0.028260855,GOOD,GOOD,
2024-10-17 12:00:00+00:00,0.445,0.44500000000000006,0.5567665,0.8844146,0.07558431,0.040001083,GOOD,GOOD,
2024-10-17 13:00:00+00:00,0.42000000000000004,0.4200000000000001,0.5080422,0.9361429,0.037968304,0.025888804,GOOD,GOOD,
2024-10-17 14:00:00+00:00,0.35,0.35000000000000003,0.46170792,0.8587853,0.10041061,0.040804125,GOOD,GOOD,
2024-10-17 15:00:00+00:00,0.4,0.40000000000000013,0.4035629,0.95066637,0.030474266,0.018859375,GOOD,GOOD,
2024-10-17 16:00:00+00:00,0.42,0.42000000000000004,0.40933585,0.9340343,0.0363087,0.02965703,GOOD,GOOD,
2024-10-17 17:00:00+00:00,0.4,0.40000000000000013,0.4368568,0.9724586,0.013118986,0.014422385,GOOD,GOOD,
2024-10-17 18:00:00+00:00,0.455,0.45500000000000007,0.4376273,0.9566536,0.029763572,0.0135828545,GOOD,GOOD,
2024-10-17 19:00:00+00:00,0.49,0.4900000000000001,0.46626675,0.939783,0.03904839,0.021168627,GOOD,GOOD,
2024-10-17 20:00:00+00:00,0.49,0.4900000000000001,0.50522965,0.90291613,0.019004207,0.078079656,GOOD,GOOD,
2024-10-17 21:00:00+00:00,0.365,0.3650000000000001,0.5208145,0.7341824,0.17751892,0.08829866,GOOD,GOOD,
2024-10-17 22:00:00+00:00,0.43000000000000005,0.4300000000000001,0.44415954,0.9477274,0.03270212,0.019570522,GOOD,GOOD,
2024-10-17 23:00:00+00:00,0.43,0.43000000000000005,0.43904448,0.96301866,0.0136000775,0.023381263,GOOD,GOOD,
2024-10-18 00:00:00+00:00,0.38,0.38000000000000006,0.45296577,0.9528172,0.02688254,0.020300243,GOOD,GOOD,
2024-10-18 01:00:00+00:00,0.32,0.32000000000000006,0.42917606,0.8790311,0.082806155,0.038162746,GOOD,GOOD,
2024-10-18 02:00:00+00:00,0.33999999999999997,0.3400000000000001,0.37604108,0.96941155,0.016256634,0.014331834,GOOD,GOOD,
2024-10-18 03:00:00+00:00,0.305,0.3050000000000001,0.36244053,0.95119685,0.02894783,0.019855293,GOOD,GOOD,
2024-10-18 04:00:00+00:00,0.325,0.32500000000000007,0.34477544,0.9671187,0.01712356,0.015757767,GOOD,GOOD,
2024-10-18 05:00:00+00:00,0.33999999999999997,0.3400000000000001,0.34777728,0.9401842,0.021109335,0.03870647,GOOD,GOOD,
2024-10-18 06:00:00+00:00,0.35,0.35000000000000003,0.36239216,0.90017307,0.024316581,0.07551038,GOOD,GOOD,
2024-10-18 07:00:00+00:00,0.375,0.3750000000000001,0.3760365,0.9617907,0.017259164,0.020950159,GOOD,GOOD,
2024-10-18 08:00:00+00:00,0.35,0.35000000000000003,0.396104,0.9489908,0.022830421,0.02817878,GOOD,GOOD,
2024-10-18 09:00:00+00:00,0.35,0.35000000000000003,0.39007056,0.8758564,0.03193648,0.09220712,GOOD,GOOD,
2024-10-18 10:00:00+00:00,0.39,0.3900000000000001,0.38237572,0.967439,0.021095945,0.011465071,GOOD,GOOD,
2024-10-18 11:00:00+00:00,0.37,0.37000000000000005,0.40417764,0.9775447,0.011377408,0.011077881,GOOD,GOOD,
2024-10-18 12:00:00+00:00,0.33499999999999996,0.335,0.40633473,0.9655297,0.018672934,0.015797378,GOOD,GOOD,
2024-10-18 13:00:00+00:00,0.29500000000000004,0.2950000000000001,0.3811706,0.93652767,0.038560037,0.02491227,GOOD,GOOD,
2024-10-18 14:00:00+00:00,0.31999999999999995,0.32,0.3424794,0.96919364,0.017617002,0.013189367,GOOD,GOOD,
2024-10-18 15:00:00+00:00,0.28500000000000003,0.2850000000000001,0.33998993,0.95586956,0.026332946,0.017797498,GOOD,GOOD,
2024-10-18 16:00:00+00:00,0.305,0.3050000000000001,0.32593387,0.967613,0.017839761,0.014547271,GOOD,GOOD,
2024-10-18 17:00:00+00:00,0.31,0.31000000000000005,0.32871634,0.9167785,0.022399155,0.060822338,GOOD,GOOD,
2024-10-18 18:00:00+00:00,0.325,0.32500000000000007,0.3366807,0.940853,0.021346238,0.037800767,GOOD,GOOD,
2024-10-18 19:00:00+00:00,0.345,0.34500000000000003,0.3494417,0.9349745,0.023660563,0.04136496,GOOD,GOOD,
2024-10-18 20:00:00+00:00,0.33499999999999996,0.335,0.3674522,0.9420634,0.019529037,0.03840759,GOOD,GOOD,
2024-10-18 21:00:00+00:00,0.33999999999999997,0.3400000000000001,0.36947823,0.8289835,0.030880088,0.14013644,GOOD,GOOD,
2024-10-18 22:00:00+00:00,0.28500000000000003,0.2850000000000001,0.36991403,0.8585739,0.087861635,0.053564474,GOOD,GOOD,
2024-10-18 23:00:00+00:00,0.345,0.34500000000000003,0.33728024,0.92803323,0.046473324,0.025493473,GOOD,GOOD,
2024-10-19 00:00:00+00:00,0.32,0.32000000000000006,0.3535268,0.97051466,0.016244719,0.013240646,GOOD,GOOD,
2024-10-19 01:00:00+00:00,0.28500000000000003,0.2850000000000001,0.355994,0.9535071,0.027458286,0.019034605,GOOD,GOOD,
2024-10-19 02:00:00+00:00,0.28500000000000003,0.2850000000000001,0.33177614,0.93984574,0.021834105,0.038320135,GOOD,GOOD,
2024-10-19 03:00:00+00:00,0.265,0.26500000000000007,0.31700456,0.9629493,0.020212626,0.016838105,GOOD,GOOD,
2024-10-19 04:00:00+00:00,0.28,0.28000000000000014,0.30194,0.96530235,0.019202128,0.015495509,GOOD,GOOD,
2024-10-19 05:00:00+00:00,0.29000000000000004,0.2900000000000001,0.30432394,0.91488945,0.026749462,0.05836106,GOOD,GOOD,
2024-10-19 06:00:00+00:00,0.325,0.32500000000000007,0.31495553,0.9601354,0.025916563,0.0139480345,GOOD,GOOD,
2024-10-19 07:00:00+00:00,0.355,0.35500000000000004,0.3413861,0.93782806,0.036923874,0.025248056,GOOD,GOOD,
2024-10-19 08:00:00+00:00,0.32499999999999996,0.325,0.37317726,0.97215813,0.015004455,0.012837419,GOOD,GOOD,
2024-10-19 09:00:00+00:00,0.29500000000000004,0.2950000000000001,0.36814538,0.8966049,0.03974206,0.063653074,GOOD,GOOD,
2024-10-19 10:00:00+00:00,0.26,0.26000000000000006,0.34058794,0.9354374,0.038018145,0.026544498,GOOD,GOOD,
2024-10-19 11:00:00+00:00,0.32999999999999996,0.33000000000000007,0.30536532,0.86985683,0.08804879,0.042094372,GOOD,GOOD,
2024-10-19 12:00:00+00:00,0.38,0.38000000000000006,0.3317563,0.8938587,0.07685464,0.029286664,GOOD,GOOD,
2024-10-19 13:00:00+00:00,0.28500000000000003,0.2850000000000001,0.38603687,0.7966184,0.12886164,0.07451997,GOOD,GOOD,
2024-10-19 14:00:00+00:00,0.28500000000000003,0.2850000000000001,0.35363153,0.9472366,0.025871322,0.02689208,GOOD,GOOD,
2024-10-19 15:00:00+00:00,0.315,0.31500000000000006,0.3226287,0.9730445,0.016152374,0.010803088,GOOD,GOOD,
2024-10-19 16:00:00+00:00,0.295,0.29500000000000004,0.33073148,0.974515,0.0143459635,0.011139041,GOOD,GOOD,
2024-10-19 17:00:00+00:00,0.325,0.32500000000000007,0.33021015,0.9655613,0.02028748,0.01415126,GOOD,GOOD,
2024-10-19 18:00:00+00:00,0.32,0.32000000000000006,0.34498522,0.97118115,0.012679215,0.01613963,GOOD,GOOD,
2024-10-19 19:00:00+00:00,0.37,0.37000000000000005,0.35131907,0.9391585,0.040895768,0.01994571,GOOD,GOOD,
2024-10-19 20:00:00+00:00,0.385,0.38500000000000006,0.3818786,0.9576784,0.024887493,0.017434148,GOOD,GOOD,
2024-10-19 21:00:00+00:00,0.31,0.31000000000000005,0.40826607,0.9192963,0.0521123,0.02859137,GOOD,GOOD,
2024-10-19 22:00:00+00:00,0.295,0.29500000000000004,0.3713414,0.9581812,0.022721214,0.019097572,GOOD,GOOD,
2024-10-19 23:00:00+00:00,0.275,0.2750000000000001,0.33557254,0.90889895,0.03246085,0.058640193,GOOD,GOOD,
2024-10-20 00:00:00+00:00,0.29,0.29000000000000004,0.31136045,0.97793514,0.011744414,0.010320465,GOOD,GOOD,
2024-10-20 01:00:00+00:00,0.26,0.26000000000000006,0.31281808,0.9630084,0.020685097,0.016306473,GOOD,GOOD,
2024-10-20 02:00:00+00:00,0.255,0.255,0.3007201,0.9365977,0.020493297,0.04290897,GOOD,GOOD,
2024-10-20 03:00:00+00:00,0.29000000000000004,0.2900000000000001,0.28920886,0.96266985,0.024038533,0.01329164,GOOD,GOOD,
2024-10-20 04:00:00+00:00,0.29500000000000004,0.2950000000000001,0.30568942,0.95110065,0.018998116,0.029901259,GOOD,GOOD,
2024-10-20 05:00:00+00:00,0.29000000000000004,0.2900000000000001,0.32139662,0.8719305,0.02395932,0.10411021,GOOD,GOOD,
2024-10-20 06:00:00+00:00,0.295,0.29500000000000004,0.32373723,0.8737329,0.022605205,0.10366184,GOOD,GOOD,
2024-10-20 07:00:00+00:00,0.32,0.32000000000000006,0.32490718,0.9707695,0.016219944,0.0130105475,GOOD,GOOD,
2024-10-20 08:00:00+00:00,0.33999999999999997,0.3400000000000001,0.34051403,0.9474434,0.023562873,0.028993728,GOOD,GOOD,
2024-10-20 09:00:00+00:00,0.315,0.31500000000000006,0.36188173,0.9649768,0.017397705,0.0176255,GOOD,GOOD,
2024-10-20 10:00:00+00:00,0.265,0.26500000000000007,0.35599038,0.8975533,0.06256082,0.03988586,GOOD,GOOD,
2024-10-20 11:00:00+00:00,0.28,0.28000000000000014,0.31814384,0.9660966,0.017164491,0.016738925,GOOD,GOOD,
2024-10-20 12:00:00+00:00,0.31000000000000005,0.3100000000000001,0.30597463,0.96429145,0.021760719,0.013947832,GOOD,GOOD,
2024-10-20 13:00:00+00:00,0.34,0.34000000000000014,0.32519034,0.90864444,0.050639804,0.040715747,GOOD,GOOD,
2024-10-20 14:00:00+00:00,0.33,0.3300000000000001,0.35680825,0.97052735,0.01567329,0.013799387,GOOD,GOOD,
2024-10-20 15:00:00+00:00,0.395,0.3950000000000001,0.36487225,0.8795674,0.079302065,0.04113058,GOOD,GOOD,
2024-10-20 16:00:00+00:00,0.42500000000000004,0.42500000000000016,0.40238404,0.9079287,0.058668707,0.03340259,GOOD,GOOD,
2024-10-20 17:00:00+00:00,0.395,0.3950000000000001,0.44217157,0.95424706,0.026470436,0.019282496,GOOD,GOOD,
2024-10-20 18:00:00+00:00,0.42,0.42000000000000004,0.43819618,0.9516739,0.028567446,0.019758604,GOOD,GOOD,
2024-10-20 19:00:00+00:00,0.42,0.42000000000000004,0.44361863,0.9289193,0.02520033,0.045880325,GOOD,GOOD,
2024-10-20 20:00:00+00:00,0.435,0.4350000000000001,0.4485809,0.95429724,0.023953557,0.021749185,GOOD,GOOD,
2024-10-20 21:00:00+00:00,0.375,0.3750000000000001,0.45943043,0.9149844,0.0544181,0.030597497,GOOD,GOOD,
2024-10-20 22:00:00+00:00,0.32,0.32000000000000006,0.42745343,0.9057478,0.06475125,0.029500986,GOOD,GOOD,
2024-10-20 23:00:00+00:00,0.305,0.3050000000000001,0.37370306,0.94626194,0.029580768,0.024157312,GOOD,GOOD,
2024-10-21 00:00:00+00:00,0.275,0.2750000000000001,0.3405391,0.94668144,0.031991888,0.021326689,GOOD,GOOD,
2024-10-21 01:00:00+00:00,0.31,0.31000000000000005,0.31421128,0.95574516,0.026671147,0.017583683,GOOD,GOOD,
2024-10-21 02:00:00+00:00,0.27,0.2700000000000001,0.3251849,0.9218539,0.045045868,0.033100206,GOOD,GOOD,
2024-10-21 03:00:00+00:00,0.275,0.2750000000000001,0.31353655,0.9518047,0.021071382,0.027123898,GOOD,GOOD,
2024-10-21 04:00:00+00:00,0.305,0.3050000000000001,0.30596223,0.95969737,0.021190668,0.019111937,GOOD,GOOD,
2024-10-21 05:00:00+00:00,0.275,0.2750000000000001,0.32229894,0.93225807,0.033951927,0.033789985,GOOD,GOOD,
2024-10-21 06:00:00+00:00,0.26,0.26000000000000006,0.31613323,0.8823198,0.043883722,0.07379645,GOOD,GOOD,
2024-10-21 07:00:00+00:00,0.28500000000000003,0.2850000000000001,0.29940388,0.951905,0.021484895,0.026610063,GOOD,GOOD,
2024-10-21 08:00:00+00:00,0.28,0.28000000000000014,0.30584115,0.93944854,0.020860247,0.039691206,GOOD,GOOD,
2024-10-21 09:00:00+00:00,0.25,0.25,0.31080338,0.9081943,0.044017464,0.047788225,GOOD,GOOD,
2024-10-21 10:00:00+00:00,0.255,0.255,0.29408023,0.9193982,0.030205049,0.050396733,GOOD,GOOD,
2024-10-21 11:00:00+00:00,0.22499999999999998,0.22499999999999998,0.28561822,0.89791965,0.049032174,0.053048164,GOOD,GOOD,
2024-10-21 12:00:00+00:00,0.265,0.26500000000000007,0.26701784,0.93211234,0.03307792,0.034809727,GOOD,GOOD,
2024-10-21 13:00:00+00:00,0.265,0.26500000000000007,0.28022733,0.92686427,0.025698163,0.04743757,GOOD,GOOD,
2024-10-21 14:00:00+00:00,0.3,0.30000000000000004,0.29291943,0.9598535,0.025887888,0.014258628,GOOD,GOOD,
2024-10-21 15:00:00+00:00,0.28500000000000003,0.2850000000000001,0.31766528,0.9752515,0.013134396,0.0116140805,GOOD,GOOD,
2024-10-21 16:00:00+00:00,0.35,0.35000000000000003,0.32132557,0.90825415,0.06236852,0.029377352,GOOD,GOOD,
2024-10-21 17:00:00+00:00,0.35,0.35000000000000003,0.35693282,0.9587439,0.022415267,0.018840877,GOOD,GOOD,
2024-10-21 18:00:00+00:00,0.315,0.31500000000000006,0.37842265,0.9661174,0.019053876,0.014828764,GOOD,GOOD,
2024-10-21 19:00:00+00:00,0.4,0.40000000000000013,0.36175674,0.85416925,0.09698855,0.04884217,GOOD,GOOD,
2024-10-21 20:00:00+00:00,0.395,0.3950000000000001,0.39954677,0.93849623,0.034736205,0.026767561,GOOD,GOOD,
2024-10-21 21:00:00+00:00,0.345,0.34500000000000003,0.42328185,0.9425019,0.035752334,0.021745762,GOOD,GOOD,
2024-10-21 22:00:00+00:00,0.265,0.26500000000000007,0.397315,0.85216486,0.106013425,0.04182171,GOOD,GOOD,
2024-10-21 23:00:00+00:00,0.245,0.24500000000000002,0.3300891,0.9259869,0.043813467,0.030199679,GOOD,GOOD,
2024-10-22 00:00:00+00:00,0.235,0.235,0.28460315,0.88840246,0.036468767,0.0751288,GOOD,GOOD,
2024-10-22 01:00:00+00:00,0.255,0.255,0.2657351,0.9701517,0.01738897,0.012459314,GOOD,GOOD,
2024-10-22 02:00:00+00:00,0.265,0.26500000000000007,0.2746668,0.92414886,0.024200777,0.051650375,GOOD,GOOD,
2024-10-22 03:00:00+00:00,0.265,0.26500000000000007,0.28945398,0.8264902,0.028467678,0.14504209,GOOD,GOOD,
2024-10-22 04:00:00+00:00,0.28,0.28000000000000014,0.2959264,0.9535096,0.019255575,0.027234823,GOOD,GOOD,
2024-10-22 05:00:00+00:00,0.315,0.31500000000000006,0.30552685,0.94251955,0.036138672,0.021341765,GOOD,GOOD,
2024-10-22 06:00:00+00:00,0.275,0.2750000000000001,0.331298,0.96746045,0.018974973,0.01356458,GOOD,GOOD,
2024-10-22 07:00:00+00:00,0.265,0.26500000000000007,0.32124093,0.9514552,0.016617997,0.03192683,GOOD,GOOD,
2024-10-22 08:00:00+00:00,0.27,0.2700000000000001,0.30334184,0.90023404,0.018056635,0.08170933,GOOD,GOOD,
2024-10-22 09:00:00+00:00,0.22499999999999998,0.22499999999999998,0.29846972,0.9360574,0.038098317,0.025844287,GOOD,GOOD,
2024-10-22 10:00:00+00:00,0.21000000000000002,0.21000000000000002,0.27308688,0.9515225,0.025408482,0.023068978,GOOD,GOOD,
2024-10-22 11:00:00+00:00,0.23,0.23000000000000004,0.24912049,0.9664582,0.019074716,0.014467076,GOOD,GOOD,
2024-10-22 12:00:00+00:00,0.255,0.255,0.2516228,0.92712474,0.037260093,0.0356152,GOOD,GOOD,
2024-10-22 13:00:00+00:00,0.24,0.24,0.27304032,0.97154444,0.015951112,0.012504458,GOOD,GOOD,
2024-10-22 14:00:00+00:00,0.245,0.24500000000000002,0.27635413,0.93793017,0.01979087,0.04227894,GOOD,GOOD,
2024-10-22 15:00:00+00:00,0.27,0.2700000000000001,0.2760783,0.9713591,0.016484777,0.01215617,GOOD,GOOD,
2024-10-22 16:00:00+00:00,0.275,0.2750000000000001,0.2904884,0.959643,0.016804684,0.02355231,GOOD,GOOD,
2024-10-22 17:00:00+00:00,0.29,0.29000000000000004,0.3026627,0.95555407,0.01893191,0.025514033,GOOD,GOOD,
2024-10-22 18:00:00+00:00,0.28214285714285714,0.2821428571428572,0.3155588,0.9712389,0.013129918,0.01563117,GOOD,GOOD,
2024-10-22 19:00:00+00:00,0.27428571428571424,0.2742857142857143,0.3163187,0.74531245,0.033473376,0.22121415,GOOD,GOOD,
2024-10-22 20:00:00+00:00,0.2664285714285714,0.26642857142857146,0.30936038,0.71878815,0.035744436,0.24546741,GOOD,GOOD,
2024-10-22 21:00:00+00:00,0.25857142857142856,0.25857142857142856,0.30062237,0.72817075,0.039142292,0.23268695,GOOD,GOOD,
2024-10-22 22:00:00+00:00,0.2507142857142857,0.2507142857142857,0.29227075,0.74153817,0.045332506,0.21312936,GOOD,GOOD,
2024-10-22 23:00:00+00:00,0.24285714285714283,0.24285714285714283,0.28435454,0.7465658,0.047026638,0.20640755,GOOD,GOOD,
2024-10-23 00:00:00+00:00,0.235,0.235,0.27656603,0.7664451,0.045169316,0.18838559,GOOD,GOOD,
2024-10-23 01:00:00+00:00,0.235,0.235,0.2687732,0.86865735,0.030142726,0.10119994,GOOD,GOOD,
2024-10-23 02:00:00+00:00,0.235,0.235,0.26555187,0.645692,0.042878464,0.3114295,GOOD,GOOD,
2024-10-23 03:00:00+00:00,0.245,0.24500000000000002,0.26523095,0.9461908,0.022034671,0.031774536,GOOD,GOOD,
2024-10-23 04:00:00+00:00,0.25,0.25,0.27145228,0.8730804,0.028985018,0.097934626,GOOD,GOOD,
2024-10-23 05:00:00+00:00,0.245,0.24500000000000002,0.27832073,0.92460537,0.024511762,0.0508829,GOOD,GOOD,
2024-10-23 06:00:00+00:00,0.265,0.26500000000000007,0.27817148,0.9436849,0.025516853,0.03079829,GOOD,GOOD,
2024-10-23 07:00:00+00:00,0.29000000000000004,0.2900000000000001,0.28834367,0.9563715,0.026211077,0.017417422,GOOD,GOOD,
2024-10-23 08:00:00+00:00,0.29000000000000004,0.2900000000000001,0.30980223,0.9615181,0.020869456,0.017612446,GOOD,GOOD,
2024-10-23 09:00:00+00:00,0.30500000000000005,0.30500000000000016,0.3205941,0.95704657,0.024332672,0.01862075,GOOD,GOOD,
2024-10-23 10:00:00+00:00,0.27,0.2700000000000001,0.33125293,0.9376165,0.03684046,0.025543015,GOOD,GOOD,
2024-10-23 11:00:00+00:00,0.24,0.24,0.3149789,0.9504112,0.028704176,0.020884633,GOOD,GOOD,
2024-10-23 12:00:00+00:00,0.225,0.225,0.28513253,0.956881,0.023610435,0.019508557,GOOD,GOOD,
2024-10-23 13:00:00+00:00,0.24,0.24,0.26208586,0.96062654,0.02244219,0.016931271,GOOD,GOOD,
2024-10-23 14:00:00+00:00,0.255,1.2750000000000001,0.26312184,0.46613097,0.2465304,0.28733864,BAD,GOOD,B_mult
2024-10-23 15:00:00+00:00,0.24,0.24,0.9690236,0.53846097,0.23511145,0.22642761,GOOD,GOOD,
2024-10-23 16:00:00+00:00,0.22499999999999998,0.22499999999999998,0.6144976,0.23580801,0.41637114,0.34782085,GOOD,SUSPECT,
2024-10-23 17:00:00+00:00,0.245,0.24500000000000002,0.32375076,0.9649609,0.023855085,0.011184057,GOOD,GOOD,
2024-10-23 18:00:00+00:00,0.255,0.255,0.24351569,0.9646069,0.022048142,0.013344949,GOOD,GOOD,
2024-10-23 19:00:00+00:00,0.265,0.26500000000000007,0.25963917,0.8520931,0.059069127,0.08883779,GOOD,GOOD,
2024-10-23 20:00:00+00:00,0.275,0.2750000000000001,0.28719783,0.9143064,0.028426396,0.05726718,GOOD,GOOD,
2024-10-23 21:00:00+00:00,0.29000000000000004,0.2900000000000001,0.30361226,0.9635438,0.020914132,0.015542099,GOOD,GOOD,
2024-10-23 22:00:00+00:00,0.315,0.31500000000000006,0.3162748,0.94988227,0.030387316,0.019730423,GOOD,GOOD,
2024-10-23 23:00:00+00:00,0.29500000000000004,0.2950000000000001,0.33582023,0.9546106,0.028553467,0.016835975,GOOD,GOOD,
2024-10-24 00:00:00+00:00,0.24,0.24,0.33339447,0.91002834,0.060267977,0.029703692,GOOD,GOOD,
2024-10-24 01:00:00+00:00,0.225,0.225,0.29531395,0.942495,0.035529643,0.021975368,GOOD,GOOD,
2024-10-24 02:00:00+00:00,0.235,0.235,0.26434347,0.9769002,0.010894153,0.01220564,GOOD,GOOD,
2024-10-24 03:00:00+00:00,0.245,0.24500000000000002,0.25994375,0.93276817,0.01871991,0.04851192,GOOD,GOOD,
2024-10-24 04:00:00+00:00,0.22999999999999998,0.23,0.2695337,0.96770024,0.017103786,0.015195944,GOOD,GOOD,
2024-10-24 05:00:00+00:00,0.21,0.21,0.26690963,0.9535196,0.025057685,0.021422703,GOOD,GOOD,
2024-10-24 06:00:00+00:00,0.20500000000000002,0.20500000000000002,0.25105774,0.95088404,0.022915822,0.02620012,GOOD,GOOD,
2024-10-24 07:00:00+00:00,0.2,0.2,0.23903099,0.8642042,0.035777748,0.100018024,GOOD,GOOD,
2024-10-24 08:00:00+00:00,0.21000000000000002,0.21000000000000002,0.23234457,0.967631,0.016170725,0.01619827,GOOD,GOOD,
2024-10-24 09:00:00+00:00,0.22,0.22,0.23633453,0.9309619,0.022652946,0.04638513,GOOD,GOOD,
2024-10-24 10:00:00+00:00,0.245,0.24500000000000002,0.24599886,0.96632946,0.017946497,0.015724033,GOOD,GOOD,
2024-10-24 11:00:00+00:00,0.22,0.22,0.26550484,0.9344314,0.036407992,0.029160649,GOOD,GOOD,
2024-10-24 12:00:00+00:00,0.21,0.21,0.260978,0.91949797,0.03717296,0.043329053,GOOD,GOOD,
2024-10-24 13:00:00+00:00,0.25,0.25,0.24769963,0.9434086,0.038517933,0.01807349,GOOD,GOOD,
2024-10-24 14:00:00+00:00,0.24,0.24,0.26432443,0.97385037,0.015160482,0.010989173,GOOD,GOOD,
2024-10-24 15:00:00+00:00,0.21,0.21,0.2722534,0.9708135,0.017759483,0.011426987,GOOD,GOOD,
2024-10-24 16:00:00+00:00,0.255,0.255,0.2551153,0.9307014,0.045499526,0.023799077,GOOD,GOOD,
2024-10-24 17:00:00+00:00,0.20500000000000002,0.20500000000000002,0.26906255,0.90786827,0.059839994,0.03229173,GOOD,GOOD,
2024-10-24 18:00:00+00:00,0.21000000000000002,0.21000000000000002,0.2532987,0.96793777,0.018519904,0.013542331,GOOD,GOOD,
2024-10-24 19:00:00+00:00,0.24,0.24,0.24212843,0.9725225,0.01729,0.010187476,GOOD,GOOD,
2024-10-24 20:00:00+00:00,0.28500000000000003,0.2850000000000001,0.25690097,0.94273496,0.03976657,0.017498476,GOOD,GOOD,
2024-10-24 21:00:00+00:00,0.275,0.2750000000000001,0.29516563,0.9667393,0.019578535,0.01368219,GOOD,GOOD,
2024-10-24 22:00:00+00:00,0.29,0.29000000000000004,0.30914927,0.9715286,0.016205065,0.012266341,GOOD,GOOD,
2024-10-24 23:00:00+00:00,0.32,0.32000000000000006,0.31774285,0.9544184,0.027765067,0.017816534,GOOD,GOOD,
2024-10-25 00:00:00+00:00,0.3,0.30000000000000004,0.33879206,0.96473014,0.020931337,0.014338541,GOOD,GOOD,
2024-10-25 01:00:00+00:00,0.295,0.29500000000000004,0.33798555,0.96671826,0.015411355,0.0178704,GOOD,GOOD,
2024-10-25 02:00:00+00:00,0.245,0.24500000000000002,0.32975122,0.94472724,0.03537436,0.019898422,GOOD,GOOD,
2024-10-25 03:00:00+00:00,0.21500000000000002,0.21500000000000002,0.2959671,0.95391494,0.028275797,0.01780924,GOOD,GOOD,
2024-10-25 04:00:00+00:00,0.185,0.185,0.25961703,0.9294162,0.040709596,0.029874219,GOOD,GOOD,
2024-10-25 05:00:00+00:00,0.185,0.185,0.22743934,0.9661488,0.018258609,0.015592589,GOOD,GOOD,
2024-10-25 06:00:00+00:00,0.195,0.195,0.2148439,0.9710975,0.016170105,0.012732351,GOOD,GOOD,
2024-10-25 07:00:00+00:00,0.19,0.19,0.21947457,0.96734166,0.017397966,0.015260396,GOOD,GOOD,
2024-10-25 08:00:00+00:00,0.22,0.22,0.22180444,0.9573835,0.025693143,0.016923347,GOOD,GOOD,
2024-10-25 09:00:00+00:00,0.33,0.3300000000000001,0.23903099,0.6320247,0.27309933,0.09487597,GOOD,GOOD,
2024-10-25 10:00:00+00:00,0.315,0.31500000000000006,0.31475034,0.93325526,0.04130728,0.025437446,GOOD,GOOD,
2024-10-25 11:00:00+00:00,0.33999999999999997,0.3400000000000001,0.34908804,0.9630171,0.021485323,0.01549757,GOOD,GOOD,
2024-10-25 12:00:00+00:00,0.37,0.37000000000000005,0.36701286,0.95503575,0.026620474,0.018343773,GOOD,GOOD,
2024-10-25 13:00:00+00:00,0.315,0.31500000000000006,0.3902237,0.9507627,0.03084333,0.018394008,GOOD,GOOD,
2024-10-25 14:00:00+00:00,0.325,0.32500000000000007,0.36737114,0.9752011,0.01285393,0.011944985,GOOD,GOOD,
2024-10-25 15:00:00+00:00,0.275,0.2750000000000001,0.35500214,0.9530851,0.028924659,0.017990215,GOOD,GOOD,
2024-10-25 16:00:00+00:00,0.225,0.225,0.32353646,0.92346054,0.052285973,0.024253506,GOOD,GOOD,
2024-10-25 17:00:00+00:00,0.195,0.195,0.2772864,0.93945706,0.038721733,0.021821177,GOOD,GOOD,
2024-10-25 18:00:00+00:00,0.21000000000000002,0.21000000000000002,0.23832943,0.96394295,0.021419352,0.014637681,GOOD,GOOD,
2024-10-25 19:00:00+00:00,0.255,0.255,0.23258853,0.9282611,0.050212074,0.021526812,GOOD,GOOD,
2024-10-25 20:00:00+00:00,0.28,0.28000000000000014,0.26347595,0.9532395,0.03168373,0.015076791,GOOD,GOOD,
2024-10-25 21:00:00+00:00,0.275,0.2750000000000001,0.29813364,0.97226423,0.01348618,0.014249565,GOOD,GOOD,
2024-10-25 22:00:00+00:00,0.295,0.29500000000000004,0.30896807,0.97542626,0.013722445,0.010851288,GOOD,GOOD,
2024-10-25 23:00:00+00:00,0.27,0.2700000000000001,0.32009286,0.9730867,0.014340886,0.012572403,GOOD,GOOD,
2024-10-26 00:00:00+00:00,0.3,0.30000000000000004,0.3106524,0.9706896,0.016946178,0.012364227,GOOD,GOOD,
2024-10-26 01:00:00+00:00,0.275,0.2750000000000001,0.3203416,0.9713776,0.015070401,0.0135519635,GOOD,GOOD,
2024-10-26 02:00:00+00:00,0.28500000000000003,0.2850000000000001,0.31409854,0.9754457,0.01168882,0.012865485,GOOD,GOOD,
2024-10-26 03:00:00+00:00,0.21500000000000002,0.21500000000000002,0.31354418,0.83906686,0.10745945,0.053473707,GOOD,GOOD,
2024-10-26 04:00:00+00:00,0.155,0.155,0.2738499,0.7523985,0.17959505,0.06800642,GOOD,GOOD,
2024-10-26 05:00:00+00:00,0.155,0.155,0.21463108,0.9109162,0.04620844,0.04287533,GOOD,GOOD,
2024-10-26 06:00:00+00:00,0.15,0.15,0.18644547,0.84891486,0.043176305,0.10790881,GOOD,GOOD,
2024-10-26 07:00:00+00:00,0.14500000000000002,0.145,0.17905319,0.79885906,0.04421876,0.15692216,GOOD,GOOD,
2024-10-26 08:00:00+00:00,0.175,0.175,0.17669897,0.95105696,0.027813064,0.021129973,GOOD,GOOD,
2024-10-26 09:00:00+00:00,0.195,0.195,0.1931573,0.9304973,0.03708146,0.03242124,GOOD,GOOD,
2024-10-26 10:00:00+00:00,0.215,0.215,0.2159411,0.9258617,0.029532684,0.044605576,GOOD,GOOD,
2024-10-26 11:00:00+00:00,0.27,0.2700000000000001,0.23798434,0.91915345,0.057679847,0.023166725,GOOD,GOOD,
2024-10-26 12:00:00+00:00,0.29500000000000004,0.2950000000000001,0.27909353,0.9533987,0.02996012,0.016641188,GOOD,GOOD,
2024-10-26 13:00:00+00:00,0.245,0.24500000000000002,0.31522462,0.95789975,0.025211709,0.016888548,GOOD,GOOD,
2024-10-26 14:00:00+00:00,0.24,0.24,0.29844314,0.97150487,0.0128000565,0.015695056,GOOD,GOOD,
2024-10-26 15:00:00+00:00,0.225,0.225,0.27762508,0.9125531,0.025515309,0.06193161,GOOD,GOOD,
2024-10-26 16:00:00+00:00,0.22,0.22,0.26102462,0.86881316,0.026938377,0.10424845,GOOD,GOOD,
2024-10-26 17:00:00+00:00,0.2,0.2,0.2521952,0.9579007,0.02109881,0.021000475,GOOD,GOOD,
2024-10-26 18:00:00+00:00,0.195,0.195,0.23842223,0.9068637,0.025821531,0.0673148,GOOD,GOOD,
2024-10-26 19:00:00+00:00,0.22,0.22,0.22837058,0.966266,0.020121325,0.013612719,GOOD,GOOD,
2024-10-26 20:00:00+00:00,0.27,0.2700000000000001,0.2395496,0.9179315,0.058585245,0.023483263,GOOD,GOOD,
2024-10-26 21:00:00+00:00,0.305,0.3050000000000001,0.27814552,0.93222815,0.046362273,0.021409601,GOOD,GOOD,
2024-10-26 22:00:00+00:00,0.3,0.30000000000000004,0.3202582,0.96753997,0.017518416,0.01494161,GOOD,GOOD,
2024-10-26 23:00:00+00:00,0.32999999999999996,0.33000000000000007,0.33410922,0.963192,0.021566983,0.015241051,GOOD,GOOD,
2024-10-27 00:00:00+00:00,0.29500000000000004,0.2950000000000001,0.35160735,0.9643301,0.020519715,0.015150209,GOOD,GOOD,
2024-10-27 01:00:00+00:00,0.25,0.25,0.33918288,0.9363574,0.039063636,0.02457897,GOOD,GOOD,
2024-10-27 02:00:00+00:00,0.26,0.26000000000000006,0.3013268,0.9737677,0.01367844,0.012553842,GOOD,GOOD,
2024-10-27 03:00:00+00:00,0.25,0.25,0.28744447,0.9626436,0.015516739,0.021839626,GOOD,GOOD,
2024-10-27 04:00:00+00:00,0.20500000000000002,0.20500000000000002,0.28169706,0.9175883,0.05081438,0.031597324,GOOD,GOOD,
2024-10-27 05:00:00+00:00,0.135,0.135,0.25408474,0.71486866,0.20964877,0.07548254,GOOD,GOOD,
2024-10-27 06:00:00+00:00,0.14500000000000002,0.145,0.19767924,0.9235512,0.044023227,0.032425556,GOOD,GOOD,
2024-10-27 07:00:00+00:00,0.18,0.18,0.17357688,0.9404936,0.039292425,0.020214006,GOOD,GOOD,
2024-10-27 08:00:00+00:00,0.16,0.16,0.19134842,0.953546,0.027594475,0.018859528,GOOD,GOOD,
2024-10-27 09:00:00+00:00,0.165,0.165,0.19617972,0.95161474,0.02201611,0.026369127,GOOD,GOOD,
2024-10-27 10:00:00+00:00,0.18,0.18,0.1966505,0.9461981,0.023556065,0.030245807,GOOD,GOOD,
2024-10-27 11:00:00+00:00,0.18,0.18,0.20497954,0.89129496,0.026546903,0.08215813,GOOD,GOOD,
2024-10-27 12:00:00+00:00,0.24,0.24,0.21054603,0.8985903,0.06965984,0.031749837,GOOD,GOOD,
2024-10-27 13:00:00+00:00,0.25,0.25,0.24673325,0.95621806,0.025485892,0.018296063,GOOD,GOOD,
2024-10-27 14:00:00+00:00,0.26,0.26000000000000006,0.27486837,0.86034095,0.029919695,0.10973933,GOOD,GOOD,
2024-10-27 15:00:00+00:00,0.22999999999999998,0.23,0.28943816,0.9687409,0.016440876,0.014818224,GOOD,GOOD,
2024-10-27 16:00:00+00:00,0.23,0.23000000000000004,0.2750722,0.9438572,0.01597062,0.040172182,GOOD,GOOD,
2024-10-27 17:00:00+00:00,0.17,0.17,0.2633075,0.88012224,0.080884226,0.038993508,GOOD,GOOD,
2024-10-27 18:00:00+00:00,0.19,0.19,0.22516975,0.9644426,0.020821605,0.014735775,GOOD,GOOD,
2024-10-27 19:00:00+00:00,0.185,0.185,0.21465968,0.94778275,0.020342393,0.031874865,GOOD,GOOD,
2024-10-27 20:00:00+00:00,0.22499999999999998,0.22499999999999998,0.21433347,0.94610196,0.03564384,0.018254224,GOOD,GOOD,
2024-10-27 21:00:00+00:00,0.22,0.22,0.23859657,0.9693556,0.015691582,0.0149528645,GOOD,GOOD,
2024-10-27 22:00:00+00:00,0.21000000000000002,0.21000000000000002,0.25108963,0.8680612,0.027515693,0.104423106,GOOD,GOOD,
2024-10-27 23:00:00+00:00,0.27,0.2700000000000001,0.24702837,0.9048866,0.06443295,0.030680424,GOOD,GOOD,
2024-10-28 00:00:00+00:00,0.30000000000000004,0.3000000000000001,0.27719203,0.9357301,0.042169075,0.022100843,GOOD,GOOD,
2024-10-28 01:00:00+00:00,0.25,0.25,0.31566203,0.9563165,0.026719764,0.01696374,GOOD,GOOD,
2024-10-28 02:00:00+00:00,0.22,0.22,0.3021907,0.94738954,0.028066514,0.024543962,GOOD,GOOD,
2024-10-28 03:00:00+00:00,0.18,0.18,0.26798493,0.9411538,0.036716755,0.022129418,GOOD,GOOD,
2024-10-28 04:00:00+00:00,0.16499999999999998,0.16499999999999998,0.22795552,0.9583274,0.02235489,0.019317718,GOOD,GOOD,
2024-10-28 05:00:00+00:00,0.135,0.135,0.20188534,0.94812524,0.03236036,0.019514395,GOOD,GOOD,
2024-10-28 06:00:00+00:00,0.195,0.195,0.17703243,0.8872327,0.07788186,0.034885395,GOOD,GOOD,
2024-10-28 07:00:00+00:00,0.2,0.2,0.20020647,0.9674836,0.01894727,0.01356915,GOOD,GOOD,
2024-10-28 08:00:00+00:00,0.22,0.22,0.22413647,0.9598623,0.021342073,0.018795619,GOOD,GOOD,
2024-10-28 09:00:00+00:00,0.22,0.22,0.24424753,0.9149476,0.022793394,0.062259,GOOD,GOOD,
2024-10-28 10:00:00+00:00,0.235,0.235,0.25186658,0.95646966,0.01965624,0.023874076,GOOD,GOOD,
2024-10-28 11:00:00+00:00,0.265,0.26500000000000007,0.26117256,0.95993054,0.024860965,0.015208481,GOOD,GOOD,
2024-10-28 12:00:00+00:00,0.28500000000000003,0.2850000000000001,0.28348023,0.93918484,0.030748177,0.030067,GOOD,GOOD,
2024-10-28 13:00:00+00:00,0.23,0.23000000000000004,0.30729252,0.9511384,0.02988688,0.018974744,GOOD,GOOD,
2024-10-28 14:00:00+00:00,0.225,0.225,0.28436953,0.9714852,0.013766935,0.014747895,GOOD,GOOD,
2024-10-28 15:00:00+00:00,0.20500000000000002,0.20500000000000002,0.26207772,0.9558286,0.02043179,0.023739625,GOOD,GOOD,
2024-10-28 16:00:00+00:00,0.16999999999999998,0.16999999999999998,0.2427799,0.94780546,0.03325159,0.018942969,GOOD,GOOD,
2024-10-28 17:00:00+00:00,0.18,0.18,0.21516486,0.9666974,0.018939573,0.014363049,GOOD,GOOD,
2024-10-28 18:00:00+00:00,0.2,0.2,0.20721084,0.96264005,0.020767502,0.01659248,GOOD,GOOD,
2024-10-28 19:00:00+00:00,0.20500000000000002,0.20500000000000002,0.22000946,0.9447162,0.021984123,0.03329964,GOOD,GOOD,
2024-10-28 20:00:00+00:00,0.215,0.215,0.2323377,0.90811455,0.025637932,0.06624749,GOOD,GOOD,
2024-10-28 21:00:00+00:00,0.225,0.225,0.24251083,0.84886396,0.032139793,0.11899626,GOOD,GOOD,
2024-10-28 22:00:00+00:00,0.22999999999999998,0.23,0.25216836,0.8614776,0.030889582,0.1076328,GOOD,GOOD,
2024-10-28 23:00:00+00:00,0.235,0.235,0.25910833,0.72465426,0.03915229,0.23619345,GOOD,GOOD,
2024-10-29 00:00:00+00:00,0.325,0.32500000000000007,0.26435834,0.73052895,0.18535227,0.084118776,GOOD,GOOD,
2024-10-29 01:00:00+00:00,0.26,0.26000000000000006,0.31959727,0.73561,0.16819693,0.09619307,GOOD,GOOD,
2024-10-29 02:00:00+00:00,0.275,0.2750000000000001,0.31411707,0.9312194,0.039680652,0.029099926,GOOD,GOOD,
2024-10-29 03:00:00+00:00,0.29000000000000004,0.2900000000000001,0.3063213,0.91535556,0.031223912,0.053420518,GOOD,GOOD,
2024-10-29 04:00:00+00:00,0.2,0.2,0.31343132,0.71501493,0.18673262,0.098252416,GOOD,GOOD,
2024-10-29 05:00:00+00:00,0.19,0.19,0.2666267,0.90384936,0.055524834,0.04062578,GOOD,GOOD,
2024-10-29 06:00:00+00:00,0.185,0.185,0.22975539,0.8796776,0.031668525,0.088653855,GOOD,GOOD,
2024-10-29 07:00:00+00:00,0.195,0.195,0.21513836,0.96815395,0.017832244,0.014013832,GOOD,GOOD,
2024-10-29 08:00:00+00:00,0.22999999999999998,0.23,0.21928018,0.9421869,0.03824247,0.019570643,GOOD,GOOD,
2024-10-29 09:00:00+00:00,0.22999999999999998,0.23,0.24477114,0.969124,0.016596157,0.014279851,GOOD,GOOD,
2024-10-29 10:00:00+00:00,0.24,0.24,0.259645,0.94973314,0.020140927,0.03012593,GOOD,GOOD,
2024-10-29 11:00:00+00:00,0.245,0.24500000000000002,0.268611,0.8884685,0.025722362,0.08580911,GOOD,GOOD,
2024-10-29 12:00:00+00:00,0.315,0.31500000000000006,0.27437487,0.8244985,0.119531006,0.05597052,GOOD,GOOD,
2024-10-29 13:00:00+00:00,0.27,0.2700000000000001,0.31775883,0.90175766,0.06220327,0.036039047,GOOD,GOOD,
2024-10-29 14:00:00+00:00,0.3,0.30000000000000004,0.31678486,0.93687075,0.037464067,0.025665175,GOOD,GOOD,
2024-10-29 15:00:00+00:00,0.27,0.2700000000000001,0.32362282,0.9587253,0.023592398,0.017682336,GOOD,GOOD,
2024-10-29 16:00:00+00:00,0.305,0.3050000000000001,0.31153923,0.9431816,0.03415678,0.022661662,GOOD,GOOD,
2024-10-29 17:00:00+00:00,0.28,0.28000000000000014,0.32320744,0.9664097,0.018871043,0.01471925,GOOD,GOOD,
2024-10-29 18:00:00+00:00,0.255,0.255,0.318553,0.8711822,0.045211267,0.0836065,GOOD,GOOD,
2024-10-29 19:00:00+00:00,0.21000000000000002,0.21000000000000002,0.2977094,0.9041914,0.061153278,0.03465534,GOOD,GOOD,
2024-10-29 20:00:00+00:00,0.235,0.235,0.26003087,0.9618806,0.021794172,0.016325181,GOOD,GOOD,
2024-10-29 21:00:00+00:00,0.235,0.235,0.25580645,0.89211035,0.025937233,0.081952415,GOOD,GOOD,
2024-10-29 22:00:00+00:00,0.245,0.24500000000000002,0.26189336,0.89679384,0.028660586,0.0745456,GOOD,GOOD,
2024-10-29 23:00:00+00:00,0.26,0.26000000000000006,0.27143356,0.91499925,0.027908685,0.057092097,GOOD,GOOD,
2024-10-30 00:00:00+00:00,0.30000000000000004,0.3000000000000001,0.28463772,0.9417424,0.038164664,0.020092934,GOOD,GOOD,
2024-10-30 01:00:00+00:00,0.27,0.2700000000000001,0.3144784,0.9687828,0.01790482,0.013312397,GOOD,GOOD,
2024-10-30 02:00:00+00:00,0.28,0.28000000000000014,0.312252,0.9743066,0.013247687,0.01244573,GOOD,GOOD,
2024-10-30 03:00:00+00:00,0.305,0.3050000000000001,0.3099854,0.96803606,0.018507956,0.013456005,GOOD,GOOD,
2024-10-30 04:00:00+00:00,0.315,0.31500000000000006,0.32496026,0.9464304,0.022710046,0.030859558,GOOD,GOOD,
2024-10-30 05:00:00+00:00,0.29000000000000004,0.2900000000000001,0.34062496,0.96500957,0.01812,0.016870439,GOOD,GOOD,
2024-10-30 06:00:00+00:00,0.26,0.26000000000000006,0.33150294,0.91834724,0.03734461,0.044308167,GOOD,GOOD,
2024-10-30 07:00:00+00:00,0.235,0.235,0.30489922,0.8991585,0.046555366,0.054286133,GOOD,GOOD,
2024-10-30 08:00:00+00:00,0.27,0.2700000000000001,0.2765129,0.9563069,0.02669138,0.017001722,GOOD,GOOD,
2024-10-30 09:00:00+00:00,0.28500000000000003,0.2850000000000001,0.28547812,0.96565604,0.018336676,0.016007308,GOOD,GOOD,
2024-10-30 10:00:00+00:00,0.31,0.31000000000000005,0.30616015,0.95687515,0.026103139,0.017021738,GOOD,GOOD,
2024-10-30 11:00:00+00:00,0.265,0.26500000000000007,0.33076245,0.95706,0.025338603,0.01760144,GOOD,GOOD,
2024-10-30 12:00:00+00:00,0.275,0.2750000000000001,0.3143367,0.97617745,0.012258278,0.011564279,GOOD,GOOD,
2024-10-30 13:00:00+00:00,0.28500000000000003,0.2850000000000001,0.30494064,0.8693235,0.027972749,0.10270373,GOOD,GOOD,
2024-10-30 14:00:00+00:00,0.29,0.29000000000000004,0.30980724,0.87711453,0.026276287,0.09660916,GOOD,GOOD,
2024-10-30 15:00:00+00:00,0.30000000000000004,0.3000000000000001,0.3175853,0.9204841,0.023800962,0.05571492,GOOD,GOOD,
2024-10-30 16:00:00+00:00,0.31999999999999995,0.32,0.32686606,0.966281,0.018048333,0.015670681,GOOD,GOOD,
2024-10-30 17:00:00+00:00,0.365,0.3650000000000001,0.34279037,0.9230829,0.04994213,0.02697498,GOOD,GOOD,
2024-10-30 18:00:00+00:00,0.345,0.34500000000000003,0.3777027,0.9538004,0.0260894,0.020110246,GOOD,GOOD,
2024-10-30 19:00:00+00:00,0.28500000000000003,0.2850000000000001,0.38291788,0.92476267,0.048517037,0.02672031,GOOD,GOOD,
2024-10-30 20:00:00+00:00,0.29000000000000004,0.2900000000000001,0.34233943,0.97077066,0.0157483,0.01348102,GOOD,GOOD,
2024-10-30 21:00:00+00:00,0.28,0.28000000000000014,0.32080895,0.96512604,0.014267226,0.020606713,GOOD,GOOD,
2024-10-30 22:00:00+00:00,0.295,0.29500000000000004,0.31140736,0.9745114,0.013985727,0.011502878,GOOD,GOOD,
2024-10-30 23:00:00+00:00,0.22999999999999998,0.23,0.31848136,0.7990461,0.133172,0.06778188,GOOD,GOOD,
2024-10-31 00:00:00+00:00,0.26,0.26000000000000006,0.28611237,0.9345385,0.039171945,0.0262896,GOOD,GOOD,
2024-10-31 01:00:00+00:00,0.28500000000000003,0.2850000000000001,0.28162,0.94206846,0.030394169,0.027537383,GOOD,GOOD,
2024-10-31 02:00:00+00:00,0.275,0.2750000000000001,0.30175957,0.9734793,0.014595832,0.011924882,GOOD,GOOD,
2024-10-31 03:00:00+00:00,0.31,0.31000000000000005,0.3084926,0.9473303,0.03275,0.019919712,GOOD,GOOD,
2024-10-31 04:00:00+00:00,0.33499999999999996,0.335,0.32843056,0.9425695,0.03377476,0.023655726,GOOD,GOOD,
2024-10-31 05:00:00+00:00,0.34,0.34000000000000014,0.35474473,0.9374981,0.026873486,0.03562841,GOOD,GOOD,
2024-10-31 06:00:00+00:00,0.29000000000000004,0.2900000000000001,0.3691402,0.9503352,0.029727917,0.019936882,GOOD,GOOD,
2024-10-31 07:00:00+00:00,0.21500000000000002,0.21500000000000002,0.3421417,0.7532691,0.16978556,0.07694539,GOOD,GOOD,
2024-10-31 08:00:00+00:00,0.26,0.26000000000000006,0.27927548,0.9277734,0.044386145,0.027840447,GOOD,GOOD,
2024-10-31 09:00:00+00:00,0.25,0.25,0.27345747,0.9652374,0.019150192,0.015612436,GOOD,GOOD,
2024-10-31 10:00:00+00:00,0.315,0.31500000000000006,0.2785351,0.8878411,0.080390394,0.031768512,GOOD,GOOD,
2024-10-31 11:00:00+00:00,0.25,0.25,0.31962982,0.89683914,0.06455974,0.038601145,GOOD,GOOD,
2024-10-31 12:00:00+00:00,0.265,0.26500000000000007,0.30507168,0.96856123,0.017306285,0.014132467,GOOD,GOOD,
2024-10-31 13:00:00+00:00,0.305,0.3050000000000001,0.29512632,0.9559878,0.02877502,0.015237144,GOOD,GOOD,
2024-10-31 14:00:00+00:00,0.315,0.31500000000000006,0.31751335,0.96760637,0.017140346,0.015253262,GOOD,GOOD,
2024-10-31 15:00:00+00:00,0.335,0.3350000000000001,0.33936232,0.9589845,0.020447308,0.020568175,GOOD,GOOD,
2024-10-31 16:00:00+00:00,0.32999999999999996,0.33000000000000007,0.35900244,0.95474064,0.016082877,0.029176472,GOOD,GOOD,
2024-10-31 17:00:00+00:00,0.38,0.38000000000000006,0.36330083,0.93750733,0.040208068,0.022284618,GOOD,GOOD,
2024-10-31 18:00:00+00:00,0.38,0.38000000000000006,0.39227813,0.9543417,0.022354782,0.023303486,GOOD,GOOD,
2024-10-31 19:00:00+00:00,0.38,0.38000000000000006,0.4089996,0.75345486,0.03981061,0.20673451,GOOD,GOOD,
2024-10-31 20:00:00+00:00,0.29,0.29000000000000004,0.41221294,0.84282964,0.10730814,0.049862213,GOOD,GOOD,
2024-10-31 21:00:00+00:00,0.28500000000000003,0.2850000000000001,0.35663545,0.9436531,0.028991053,0.027355809,GOOD,GOOD,
2024-10-31 22:00:00+00:00,0.28500000000000003,0.2850000000000001,0.3205876,0.75476587,0.028467534,0.2167666,GOOD,GOOD,
2024-10-31 23:00:00+00:00,0.28,0.28000000000000014,0.31159613,0.83654356,0.027938722,0.13551775,GOOD,GOOD,
2024-11-01 00:00:00+00:00,0.27,0.2700000000000001,0.31007677,0.8704983,0.02955084,0.099950895,GOOD,GOOD,
2024-11-01 01:00:00+00:00,0.29000000000000004,0.2900000000000001,0.3043041,0.9695991,0.016522752,0.013878127,GOOD,GOOD,
2024-11-01 02:00:00+00:00,0.28500000000000003,0.2850000000000001,0.312677,0.9437437,0.019411141,0.036845177,GOOD,GOOD,
2024-11-01 03:00:00+00:00,0.32,0.32000000000000006,0.31628683,0.95707077,0.027230248,0.015699003,GOOD,GOOD,
2024-11-01 04:00:00+00:00,0.315,0.31500000000000006,0.33722612,0.971534,0.013949027,0.014516983,GOOD,GOOD,
2024-11-01 05:00:00+00:00,0.36,0.36000000000000004,0.34649354,0.9392963,0.038985103,0.021718564,GOOD,GOOD,
2024-11-01 06:00:00+00:00,0.345,0.34500000000000003,0.37442392,0.9699641,0.015893439,0.014142459,GOOD,GOOD,
2024-11-01 07:00:00+00:00,0.32999999999999996,0.33000000000000007,0.3805239,0.85324895,0.025771748,0.1209793,GOOD,GOOD,
2024-11-01 08:00:00+00:00,0.255,0.255,0.36885434,0.8485671,0.10205591,0.049377,GOOD,GOOD,
2024-11-01 09:00:00+00:00,0.295,0.29500000000000004,0.3166188,0.95936364,0.024911646,0.015724706,GOOD,GOOD,
2024-11-01 10:00:00+00:00,0.33999999999999997,0.3400000000000001,0.31146267,0.91454506,0.058057208,0.027397746,GOOD,GOOD,
2024-11-01 11:00:00+00:00,0.345,0.34500000000000003,0.3473882,0.9638531,0.018520938,0.017625937,GOOD,GOOD,
2024-11-01 12:00:00+00:00,0.345,0.34500000000000003,0.3719003,0.8005086,0.027998876,0.17149252,GOOD,GOOD,
2024-11-01 13:00:00+00:00,0.315,0.31500000000000006,0.3778636,0.9685144,0.016736353,0.01474927,GOOD,GOOD,
2024-11-01 14:00:00+00:00,0.31,0.31000000000000005,0.35866272,0.9467688,0.017572952,0.03565822,GOOD,GOOD,
2024-11-01 15:00:00+00:00,0.33,0.3300000000000001,0.3435464,0.97538054,0.013608427,0.011011054,GOOD,GOOD,
2024-11-01 16:00:00+00:00,0.35,0.35000000000000003,0.35110193,0.93373096,0.025420545,0.04084848,GOOD,GOOD,
2024-11-01 17:00:00+00:00,0.38,0.38000000000000006,0.37076962,0.9538758,0.027924707,0.018199502,GOOD,GOOD,
2024-11-01 18:00:00+00:00,0.37,0.37000000000000005,0.3985945,0.9712968,0.014792735,0.013910506,GOOD,GOOD,
2024-11-01 19:00:00+00:00,0.33999999999999997,0.3400000000000001,0.40452695,0.97029823,0.015820403,0.013881373,GOOD,GOOD,
2024-11-01 20:00:00+00:00,0.38,0.38000000000000006,0.3839732,0.94990677,0.030140808,0.019952442,GOOD,GOOD,
2024-11-01 21:00:00+00:00,0.29000000000000004,0.2900000000000001,0.39564878,0.79693115,0.13520929,0.06785957,GOOD,GOOD,
2024-11-01 22:00:00+00:00,0.31999999999999995,0.32,0.35298955,0.9606598,0.024194468,0.015145719,GOOD,GOOD,
2024-11-01 23:00:00+00:00,0.325,0.32500000000000007,0.34239188,0.96224165,0.014504184,0.023254193,GOOD,GOOD,
2024-11-02 00:00:00+00:00,0.305,0.3050000000000001,0.34921622,0.96591383,0.016799117,0.01728704,GOOD,GOOD,
2024-11-02 01:00:00+00:00,0.28,0.28000000000000014,0.34260416,0.92534894,0.03632145,0.03832962,GOOD,GOOD,
2024-11-02 02:00:00+00:00,0.33499999999999996,0.335,0.3218427,0.927475,0.049122255,0.023402799,GOOD,GOOD,
2024-11-02 03:00:00+00:00,0.32499999999999996,0.325,0.34377763,0.9730242,0.01484713,0.012128676,GOOD,GOOD,
2024-11-02 04:00:00+00:00,0.325,0.32500000000000007,0.35594562,0.8358627,0.0239862,0.1401511,GOOD,GOOD,
2024-11-02 05:00:00+00:00,0.37,0.37000000000000005,0.3574769,0.93938607,0.038934708,0.021679217,GOOD,GOOD,
2024-11-02 06:00:00+00:00,0.385,0.38500000000000006,0.3834605,0.94631124,0.031156706,0.022532066,GOOD,GOOD,
2024-11-02 07:00:00+00:00,0.35,0.35000000000000003,0.40814903,0.97060627,0.016515374,0.012878378,GOOD,GOOD,
2024-11-02 08:00:00+00:00,0.28500000000000003,0.2850000000000001,0.3953095,0.88323474,0.07732632,0.039438926,GOOD,GOOD,
2024-11-02 09:00:00+00:00,0.315,0.31500000000000006,0.34392697,0.9616773,0.023081284,0.015241377,GOOD,GOOD,
2024-11-02 10:00:00+00:00,0.3,0.30000000000000004,0.33471188,0.972725,0.014953793,0.01232122,GOOD,GOOD,
2024-11-02 11:00:00+00:00,0.35,0.35000000000000003,0.33179453,0.93090373,0.046642773,0.022453481,GOOD,GOOD,
2024-11-02 12:00:00+00:00,0.31,0.31000000000000005,0.36071718,0.9588469,0.024432274,0.016720776,GOOD,GOOD,
2024-11-02 13:00:00+00:00,0.305,0.3050000000000001,0.35445487,0.9623377,0.014390228,0.023272114,GOOD,GOOD,
2024-11-02 14:00:00+00:00,0.33999999999999997,0.3400000000000001,0.34084508,0.9694666,0.018635679,0.011897684,GOOD,GOOD,
2024-11-02 15:00:00+00:00,0.29000000000000004,0.2900000000000001,0.3559446,0.94345057,0.034709275,0.021840146,GOOD,GOOD,
2024-11-02 16:00:00+00:00,0.33499999999999996,0.335,0.3381396,0.95767975,0.02610147,0.016218757,GOOD,GOOD,
2024-11-02 17:00:00+00:00,0.355,0.35500000000000004,0.35040337,0.952866,0.02556771,0.021566253,GOOD,GOOD,
2024-11-02 18:00:00+00:00,0.375,0.3750000000000001,0.37461933,0.9050724,0.03643717,0.05849044,GOOD,GOOD,
2024-11-02 19:00:00+00:00,0.405,0.4050000000000001,0.39787382,0.94502974,0.03204654,0.02292372,GOOD,GOOD,
2024-11-02 20:00:00+00:00,0.33999999999999997,0.3400000000000001,0.42476365,0.9447605,0.034247175,0.020992305,GOOD,GOOD,
2024-11-02 21:00:00+00:00,0.30500000000000005,0.30500000000000016,0.39597815,0.9475469,0.03197239,0.020480724,GOOD,GOOD,
2024-11-02 22:00:00+00:00,0.3,0.30000000000000004,0.35285825,0.9387546,0.020616613,0.04062875,GOOD,GOOD,
2024-11-02 23:00:00+00:00,0.31,0.31000000000000005,0.33142057,0.9430578,0.018668862,0.038273368,GOOD,GOOD,
2024-11-03 00:00:00+00:00,0.32,0.32000000000000006,0.33362517,0.8725492,0.026797244,0.10065358,GOOD,GOOD,
2024-11-03 01:00:00+00:00,0.29,0.29000000000000004,0.34476253,0.958148,0.02217926,0.01967273,GOOD,GOOD,
2024-11-03 02:00:00+00:00,0.305,0.3050000000000001,0.33240443,0.97160745,0.01445954,0.013933039,GOOD,GOOD,
2024-11-03 03:00:00+00:00,0.245,0.24500000000000002,0.33127055,0.8326538,0.11090814,0.056438036,GOOD,GOOD,
2024-11-03 04:00:00+00:00,0.29500000000000004,0.2950000000000001,0.29839817,0.93797547,0.038466413,0.02355811,GOOD,GOOD,
2024-11-03 05:00:00+00:00,0.31,0.31000000000000005,0.3075623,0.965701,0.019783024,0.014515968,GOOD,GOOD,
2024-11-03 06:00:00+00:00,0.305,0.3050000000000001,0.3302374,0.92214024,0.01919702,0.058662754,GOOD,GOOD,
2024-11-03 07:00:00+00:00,0.29500000000000004,0.2950000000000001,0.33792078,0.8628175,0.023541806,0.113640636,GOOD,GOOD,
2024-11-03 08:00:00+00:00,0.29000000000000004,0.2900000000000001,0.33150262,0.8186453,0.026482653,0.15487203,GOOD,GOOD,
2024-11-03 09:00:00+00:00,0.235,0.235,0.32348797,0.8491712,0.09703659,0.05379218,GOOD,GOOD,
2024-11-03 10:00:00+00:00,0.255,0.255,0.28794968,0.95650715,0.024480544,0.019012328,GOOD,GOOD,
2024-11-03 11:00:00+00:00,0.27,0.2700000000000001,0.27938667,0.9317174,0.026696859,0.041585732,GOOD,GOOD,
2024-11-03 12:00:00+00:00,0.295,0.29500000000000004,0.2913141,0.94973016,0.027695473,0.022574397,GOOD,GOOD,
2024-11-03 13:00:00+00:00,0.28500000000000003,0.2850000000000001,0.3145598,0.97109276,0.015231651,0.013675617,GOOD,GOOD,
2024-11-03 14:00:00+00:00,0.33499999999999996,0.335,0.31977636,0.9293374,0.046353973,0.024308616,GOOD,GOOD,
2024-11-03 15:00:00+00:00,0.28500000000000003,0.2850000000000001,0.34760672,0.9486783,0.031299666,0.020021994,GOOD,GOOD,
2024-11-03 16:00:00+00:00,0.30000000000000004,0.3000000000000001,0.3340517,0.97664934,0.012658343,0.010692302,GOOD,GOOD,
2024-11-03 17:00:00+00:00,0.365,0.3650000000000001,0.32832983,0.88453877,0.07696176,0.03849945,GOOD,GOOD,
2024-11-03 18:00:00+00:00,0.345,0.34500000000000003,0.3680763,0.9537712,0.026233083,0.019995732,GOOD,GOOD,
2024-11-03 19:00:00+00:00,0.375,0.3750000000000001,0.38081685,0.9279391,0.040918067,0.031142807,GOOD,GOOD,
2024-11-03 20:00:00+00:00,0.33,0.3300000000000001,0.39715844,0.9517877,0.028582374,0.0196299,GOOD,GOOD,
2024-11-03 21:00:00+00:00,0.29,0.29000000000000004,0.37757832,0.92067814,0.046357445,0.0329644,GOOD,GOOD,
2024-11-03 22:00:00+00:00,0.32,0.32000000000000006,0.3387139,0.9662607,0.020060847,0.013678509,GOOD,GOOD,
2024-11-03 23:00:00+00:00,0.335,0.3350000000000001,0.33823046,0.95165366,0.023987256,0.024359088,GOOD,GOOD,
2024-11-04 00:00:00+00:00,0.35,0.35000000000000003,0.3555415,0.9183927,0.030354107,0.051253196,GOOD,GOOD,
2024-11-04 01:00:00+00:00,0.28500000000000003,0.2850000000000001,0.37400624,0.8770145,0.07638293,0.04660258,GOOD,GOOD,
2024-11-04 02:00:00+00:00,0.305,0.3050000000000001,0.34191382,0.9639388,0.017806595,0.018254654,GOOD,GOOD,
2024-11-04 03:00:00+00:00,0.36,0.36000000000000004,0.33081406,0.91804713,0.056383286,0.02556961,GOOD,GOOD,
2024-11-04 04:00:00+00:00,0.265,0.26500000000000007,0.36529928,0.83427835,0.10736853,0.05835316,GOOD,GOOD,
2024-11-04 05:00:00+00:00,0.32999999999999996,0.33000000000000007,0.33085206,0.9216876,0.04779916,0.03051327,GOOD,GOOD,
2024-11-04 06:00:00+00:00,0.315,0.31500000000000006,0.34043017,0.97449416,0.01332249,0.012183332,GOOD,GOOD,
2024-11-04 07:00:00+00:00,0.35,0.35000000000000003,0.34648022,0.95972335,0.024923177,0.015353487,GOOD,GOOD,
2024-11-04 08:00:00+00:00,0.30000000000000004,0.3000000000000001,0.36794543,0.96561456,0.020663226,0.013722201,GOOD,GOOD,
2024-11-04 09:00:00+00:00,0.24,0.24,0.34961164,0.8880619,0.07757201,0.034366127,GOOD,GOOD,
2024-11-04 10:00:00+00:00,0.32,0.32000000000000006,0.29838258,0.89988184,0.06937192,0.03074626,GOOD,GOOD,
2024-11-04 11:00:00+00:00,0.32499999999999996,0.325,0.31917813,0.96094805,0.022030635,0.017021338,GOOD,GOOD,
2024-11-04 12:00:00+00:00,0.325,0.32500000000000007,0.34697115,0.76160103,0.028015302,0.21038365,GOOD,GOOD,
2024-11-04 13:00:00+00:00,0.32,0.32000000000000006,0.35722828,0.808469,0.024526237,0.16700478,GOOD,GOOD,
2024-11-04 14:00:00+00:00,0.315,0.31500000000000006,0.3544432,0.7665943,0.027148448,0.20625727,GOOD,GOOD,
2024-11-04 15:00:00+00:00,0.35,0.35000000000000003,0.3481712,0.9651483,0.021694215,0.013157439,GOOD,GOOD,
2024-11-04 16:00:00+00:00,0.305,0.3050000000000001,0.3664427,0.9695707,0.018437438,0.011991887,GOOD,GOOD,
2024-11-04 17:00:00+00:00,0.31,0.31000000000000005,0.35168704,0.95588917,0.014154584,0.029956242,GOOD,GOOD,
2024-11-04 18:00:00+00:00,0.32,0.32000000000000006,0.341398,0.88713133,0.022842884,0.090025775,GOOD,GOOD,
2024-11-04 19:00:00+00:00,0.375,0.3750000000000001,0.3451353,0.9224754,0.052949928,0.024574656,GOOD,GOOD,
2024-11-04 20:00:00+00:00,0.37,0.37000000000000005,0.3826886,0.9566828,0.02302279,0.020294406,GOOD,GOOD,
2024-11-04 21:00:00+00:00,0.305,0.3050000000000001,0.4008612,0.9234179,0.049813624,0.026768433,GOOD,GOOD,
2024-11-04 22:00:00+00:00,0.30000000000000004,0.3000000000000001,0.36365384,0.9516876,0.020180833,0.02813157,GOOD,GOOD,
2024-11-04 23:00:00+00:00,0.35,0.35000000000000003,0.3355987,0.9416581,0.038347296,0.019994615,GOOD,GOOD,
2024-11-05 00:00:00+00:00,0.33499999999999996,0.335,0.3578044,0.97615504,0.013038768,0.010806204,GOOD,GOOD,
2024-11-05 01:00:00+00:00,0.335,0.3350000000000001,0.36770976,0.83784485,0.023997828,0.1381573,GOOD,GOOD,
2024-11-05 02:00:00+00:00,0.31,0.31000000000000005,0.36759755,0.96647537,0.01596156,0.017563062,GOOD,GOOD,
2024-11-05 03:00:00+00:00,0.32,0.32000000000000006,0.3508416,0.96001744,0.013912295,0.026070235,GOOD,GOOD,
2024-11-05 04:00:00+00:00,0.32,0.32000000000000006,0.34709832,0.7709694,0.027290247,0.20174035,GOOD,GOOD,
2024-11-05 05:00:00+00:00,0.28,0.02,0.3487846,0.14101899,0.26703393,0.5919471,BAD,BAD,G_missing_sentinel
2024-11-05 06:00:00+00:00,0.30000000000000004,0.3000000000000001,0.17850807,0.40530354,0.32011443,0.27458203,GOOD,GOOD,
2024-11-05 07:00:00+00:00,0.295,0.29500000000000004,0.22775224,0.41083872,0.41838783,0.17077343,GOOD,SUSPECT,
2024-11-05 08:00:00+00:00,0.32,0.32000000000000006,0.30248395,0.9424353,0.036743496,0.020821176,GOOD,GOOD,
2024-11-05 09:00:00+00:00,0.28,0.28000000000000014,0.34549066,0.94792044,0.029200712,0.022878842,GOOD,GOOD,
2024-11-05 10:00:00+00:00,0.265,0.26500000000000007,0.33132476,0.92107207,0.029996537,0.048931383,GOOD,GOOD,
2024-11-05 11:00:00+00:00,0.325,0.32500000000000007,0.30595717,0.9323756,0.04583732,0.021787079,GOOD,GOOD,
2024-11-05 12:00:00+00:00,0.3,0.30000000000000004,0.3307614,0.97021073,0.016865853,0.012923396,GOOD,GOOD,
2024-11-05 13:00:00+00:00,0.325,0.32500000000000007,0.33679998,0.97455335,0.0140597,0.011386974,GOOD,GOOD,
2024-11-05 14:00:00+00:00,0.345,0.34500000000000003,0.34869453,0.9457736,0.022355923,0.031870496,GOOD,GOOD,
2024-11-05 15:00:00+00:00,0.345,0.34500000000000003,0.36723226,0.8969353,0.021311076,0.081753634,GOOD,GOOD,
2024-11-05 16:00:00+00:00,0.405,0.4050000000000001,0.37563798,0.91808116,0.054107428,0.027811412,GOOD,GOOD,
2024-11-05 17:00:00+00:00,0.33,0.3300000000000001,0.4133091,0.92247075,0.050735313,0.026793933,GOOD,GOOD,
2024-11-05 18:00:00+00:00,0.33999999999999997,0.3400000000000001,0.38805452,0.97729397,0.01222491,0.010481128,GOOD,GOOD,
2024-11-05 19:00:00+00:00,0.4,0.40000000000000013,0.37108722,0.92834085,0.04898045,0.022678716,GOOD,GOOD,
2024-11-05 20:00:00+00:00,0.39,0.3900000000000001,0.40436357,0.9633704,0.020138653,0.016490975,GOOD,GOOD,
2024-11-05 21:00:00+00:00,0.33999999999999997,0.3400000000000001,0.42097208,0.95511836,0.027627455,0.01725421,GOOD,GOOD,
2024-11-05 22:00:00+00:00,0.32,0.32000000000000006,0.39206383,0.9456834,0.02431254,0.03000405,GOOD,GOOD,
2024-11-05 23:00:00+00:00,0.36,0.36000000000000004,0.3603783,0.960623,0.02392809,0.015448909,GOOD,GOOD,
2024-11-06 00:00:00+00:00,0.35,0.35000000000000003,0.37269035,0.97364,0.013861011,0.012498939,GOOD,GOOD,
2024-11-06 01:00:00+00:00,0.335,0.3350000000000001,0.38053352,0.8778204,0.028538533,0.09364112,GOOD,GOOD,
2024-11-06 02:00:00+00:00,0.32,0.32000000000000006,0.37239397,0.80783445,0.03588466,0.15628089,GOOD,GOOD,
2024-11-06 03:00:00+00:00,0.335,0.3350000000000001,0.35711414,0.9648711,0.015920945,0.019207954,GOOD,GOOD,
2024-11-06 04:00:00+00:00,0.35,0.35000000000000003,0.35912487,0.90258217,0.027761448,0.069656365,GOOD,GOOD,
2024-11-06 05:00:00+00:00,0.33,0.3300000000000001,0.3727768,0.9540454,0.020662328,0.02529225,GOOD,GOOD,
2024-11-06 06:00:00+00:00,0.325,0.32500000000000007,0.36796972,0.79560596,0.036611233,0.16778281,GOOD,GOOD,
2024-11-06 07:00:00+00:00,0.36,0.36000000000000004,0.35902402,0.9583771,0.025729505,0.015893383,GOOD,GOOD,
2024-11-06 08:00:00+00:00,0.35,0.35000000000000003,0.37633482,0.9751079,0.012318542,0.012573559,GOOD,GOOD,
2024-11-06 09:00:00+00:00,0.38,0.38000000000000006,0.3825585,0.9560236,0.025870344,0.018106105,GOOD,GOOD,
2024-11-06 10:00:00+00:00,0.33999999999999997,0.3400000000000001,0.4002606,0.96814704,0.01788517,0.013967792,GOOD,GOOD,
2024-11-06 11:00:00+00:00,0.37,0.37000000000000005,0.38536754,0.9637647,0.020685948,0.015549349,GOOD,GOOD,
2024-11-06 12:00:00+00:00,0.395,0.3950000000000001,0.3909734,0.92586243,0.03917728,0.034960315,GOOD,GOOD,
2024-11-06 13:00:00+00:00,0.36,0.07200000000000001,0.41346762,0.15798998,0.23946473,0.6025453,BAD,SUSPECT,B_mult
2024-11-06 14:00:00+00:00,0.33499999999999996,0.335,0.23582795,0.4763186,0.29159167,0.23208971,GOOD,GOOD,
2024-11-06 15:00:00+00:00,0.325,0.32500000000000007,0.27275133,0.638984,0.2527409,0.10827509,GOOD,GOOD,
2024-11-06 16:00:00+00:00,0.31,0.31000000000000005,0.33584157,0.91938204,0.026449533,0.05416841,GOOD,GOOD,
2024-11-06 17:00:00+00:00,0.32,0.32000000000000006,0.35050577,0.9548312,0.017045269,0.02812357,GOOD,GOOD,
2024-11-06 18:00:00+00:00,0.32999999999999996,0.33000000000000007,0.35153234,0.8813723,0.022389783,0.096237965,GOOD,GOOD,
2024-11-06 19:00:00+00:00,0.405,0.4050000000000001,0.35662332,0.8747818,0.08799206,0.037226144,GOOD,GOOD,
2024-11-06 20:00:00+00:00,0.41000000000000003,0.4100000000000001,0.40564826,0.93011194,0.040505473,0.029382579,GOOD,GOOD,
2024-11-06 21:00:00+00:00,0.43,0.43000000000000005,0.43666545,0.9266615,0.040542915,0.03279561,GOOD,GOOD,
2024-11-06 22:00:00+00:00,0.395,0.3950000000000001,0.45595637,0.96064657,0.021894706,0.017458742,GOOD,GOOD,
2024-11-06 23:00:00+00:00,0.38,0.38000000000000006,0.43963003,0.9419312,0.020479204,0.037589595,GOOD,GOOD,
2024-11-07 00:00:00+00:00,0.405,0.4050000000000001,0.41770256,0.96776414,0.017546507,0.014689324,GOOD,GOOD,
2024-11-07 01:00:00+00:00,0.4,0.40000000000000013,0.42446786,0.9596502,0.018711964,0.021637844,GOOD,GOOD,
2024-11-07 02:00:00+00:00,0.36,0.36000000000000004,0.42964864,0.95288223,0.027659057,0.019458719,GOOD,GOOD,
2024-11-07 03:00:00+00:00,0.325,0.32500000000000007,0.40596825,0.91746056,0.045694374,0.036845095,GOOD,GOOD,
2024-11-07 04:00:00+00:00,0.33999999999999997,0.3400000000000001,0.37010565,0.96995056,0.015625516,0.01442392,GOOD,GOOD,
2024-11-07 05:00:00+00:00,0.33499999999999996,0.335,0.36340204,0.9162922,0.025589062,0.058118775,GOOD,GOOD,
2024-11-07 06:00:00+00:00,0.325,0.32500000000000007,0.3639879,0.84203863,0.036064625,0.12189677,GOOD,GOOD,
2024-11-07 07:00:00+00:00,0.33,0.3300000000000001,0.35890564,0.87125415,0.028386671,0.10035918,GOOD,GOOD,
2024-11-07 08:00:00+00:00,0.35,0.35000000000000003,0.35858753,0.9577733,0.018908901,0.023317775,GOOD,GOOD,
2024-11-07 09:00:00+00:00,0.37,0.37000000000000005,0.37172565,0.9277445,0.024224976,0.048030525,GOOD,GOOD,
2024-11-07 10:00:00+00:00,0.345,0.34500000000000003,0.3917336,0.9394521,0.027503492,0.03304439,GOOD,GOOD,
2024-11-07 11:00:00+00:00,0.335,0.3350000000000001,0.38538373,0.86667955,0.039687444,0.093633026,GOOD,GOOD,
2024-11-07 12:00:00+00:00,0.38,0.38000000000000006,0.37143916,0.9381403,0.039094042,0.022765711,GOOD,GOOD,
2024-11-07 13:00:00+00:00,0.345,0.34500000000000003,0.3925124,0.97096896,0.017043011,0.011988001,GOOD,GOOD,
2024-11-07 14:00:00+00:00,0.32,0.32000000000000006,0.38671124,0.9519545,0.022081906,0.025963584,GOOD,GOOD,
2024-11-07 15:00:00+00:00,0.28500000000000003,0.2850000000000001,0.36301565,0.9475026,0.03130809,0.021189325,GOOD,GOOD,
2024-11-07 16:00:00+00:00,0.295,0.29500000000000004,0.32991996,0.9688197,0.016571598,0.0146087315,GOOD,GOOD,
2024-11-07 17:00:00+00:00,0.29,0.29000000000000004,0.32114625,0.95136684,0.018713735,0.029919434,GOOD,GOOD,
2024-11-07 18:00:00+00:00,0.36,0.36000000000000004,0.31995156,0.8722459,0.09254486,0.035209246,GOOD,GOOD,
2024-11-07 19:00:00+00:00,0.36,0.36000000000000004,0.3623363,0.9659813,0.017654102,0.016364612,GOOD,GOOD,
2024-11-07 20:00:00+00:00,0.36,0.36000000000000004,0.3880472,0.71642566,0.027829481,0.2557449,GOOD,GOOD,
2024-11-07 21:00:00+00:00,0.405,0.4050000000000001,0.39331037,0.94048584,0.037972927,0.021541215,GOOD,GOOD,
2024-11-07 22:00:00+00:00,0.355,0.35500000000000004,0.41930664,0.96257305,0.022510216,0.014916722,GOOD,GOOD,
2024-11-07 23:00:00+00:00,0.36,0.36000000000000004,0.40334648,0.97788954,0.011128979,0.0109814955,GOOD,GOOD,
2024-11-08 00:00:00+00:00,0.34,0.34000000000000014,0.39146128,0.97423774,0.012568865,0.013193367,GOOD,GOOD,
2024-11-08 01:00:00+00:00,0.27,0.2700000000000001,0.37661976,0.79636514,0.1369879,0.066646986,GOOD,GOOD,
2024-11-08 02:00:00+00:00,0.31,0.31000000000000005,0.32825214,0.93950456,0.036656484,0.023838952,GOOD,GOOD,
2024-11-08 03:00:00+00:00,0.28,0.28000000000000014,0.3259351,0.95101434,0.027834252,0.021151427,GOOD,GOOD,
2024-11-08 04:00:00+00:00,0.28,0.28000000000000014,0.31765038,0.9223589,0.02454538,0.053095758,GOOD,GOOD,
2024-11-08 05:00:00+00:00,0.3,0.30000000000000004,0.31168342,0.96673775,0.018416427,0.014845839,GOOD,GOOD,
2024-11-08 06:00:00+00:00,0.28500000000000003,0.2850000000000001,0.32181945,0.9579044,0.020073297,0.022022301,GOOD,GOOD,
2024-11-08 07:00:00+00:00,0.315,0.31500000000000006,0.32035798,0.9610901,0.02115604,0.017753892,GOOD,GOOD,
2024-11-08 08:00:00+00:00,0.33,0.3300000000000001,0.33475348,0.9456626,0.021120677,0.033216678,GOOD,GOOD,
2024-11-08 09:00:00+00:00,0.33999999999999997,0.3400000000000001,0.35329035,0.85207695,0.029858109,0.11806494,GOOD,GOOD,
2024-11-08 10:00:00+00:00,0.33,0.3300000000000001,0.36709306,0.89120454,0.027926067,0.08086939,GOOD,GOOD,
2024-11-08 11:00:00+00:00,0.295,0.29500000000000004,0.36541113,0.9053806,0.049005937,0.045613434,GOOD,GOOD,
2024-11-08 12:00:00+00:00,0.30000000000000004,0.3000000000000001,0.3407556,0.9375693,0.024195043,0.038235627,GOOD,GOOD,
2024-11-08 13:00:00+00:00,0.33,0.3300000000000001,0.32966784,0.96969604,0.019024508,0.011279461,GOOD,GOOD,
2024-11-08 14:00:00+00:00,0.32,0.32000000000000006,0.34664145,0.9783039,0.011534913,0.010161164,GOOD,GOOD,
2024-11-08 15:00:00+00:00,0.30000000000000004,0.3000000000000001,0.35279122,0.94500685,0.019463532,0.035529636,GOOD,GOOD,
2024-11-08 16:00:00+00:00,0.305,0.3050000000000001,0.3401421,0.9520367,0.015512837,0.0324505,GOOD,GOOD,
2024-11-08 17:00:00+00:00,0.32499999999999996,0.325,0.33451462,0.96810496,0.016329853,0.015565218,GOOD,GOOD,
2024-11-08 18:00:00+00:00,0.33,0.3300000000000001,0.34624064,0.9226458,0.021403493,0.055950705,GOOD,GOOD,
2024-11-08 19:00:00+00:00,0.35,0.35000000000000003,0.35732454,0.9690174,0.016374066,0.014608555,GOOD,GOOD,
2024-11-08 20:00:00+00:00,0.36,0.36000000000000004,0.3731492,0.93803835,0.021611897,0.04034977,GOOD,GOOD,
2024-11-08 21:00:00+00:00,0.39,0.3900000000000001,0.3864258,0.9557528,0.02668775,0.017559454,GOOD,GOOD,
2024-11-08 22:00:00+00:00,0.385,0.38500000000000006,0.4092868,0.9666491,0.017207652,0.01614324,GOOD,GOOD,
2024-11-08 23:00:00+00:00,0.365,0.3650000000000001,0.41700348,0.9700182,0.014373836,0.015607954,GOOD,GOOD,
2024-11-09 00:00:00+00:00,0.36,0.36000000000000004,0.40444303,0.93619096,0.018181313,0.045627747,GOOD,GOOD,
2024-11-09 01:00:00+00:00,0.305,0.3050000000000001,0.39297602,0.9275375,0.045449432,0.02701307,GOOD,GOOD,
2024-11-09 02:00:00+00:00,0.29000000000000004,0.2900000000000001,0.35608736,0.9572354,0.022618953,0.020145657,GOOD,GOOD,
2024-11-09 03:00:00+00:00,0.275,0.2750000000000001,0.3275108,0.8539225,0.040328033,0.105749466,GOOD,GOOD,
2024-11-09 04:00:00+00:00,0.315,0.31500000000000006,0.30952623,0.9443694,0.036347345,0.019283291,GOOD,GOOD,
2024-11-09 05:00:00+00:00,0.31,0.31000000000000005,0.3279677,0.9718356,0.015187855,0.012976543,GOOD,GOOD,
2024-11-09 06:00:00+00:00,0.295,0.29500000000000004,0.339787,0.9514242,0.018095164,0.030480647,GOOD,GOOD,
2024-11-09 07:00:00+00:00,0.33999999999999997,0.3400000000000001,0.33308193,0.9368994,0.04085403,0.022246568,GOOD,GOOD,
2024-11-09 08:00:00+00:00,0.355,0.35500000000000004,0.35374966,0.96327615,0.021564366,0.01515946,GOOD,GOOD,
2024-11-09 09:00:00+00:00,0.33999999999999997,0.3400000000000001,0.37738234,0.9770957,0.01167343,0.011230873,GOOD,GOOD,
2024-11-09 10:00:00+00:00,0.33999999999999997,0.3400000000000001,0.37737578,0.90505767,0.0170059,0.07793646,GOOD,GOOD,
2024-11-09 11:00:00+00:00,0.4,0.40000000000000013,0.37252554,0.91860545,0.05513418,0.026260395,GOOD,GOOD,
2024-11-09 12:00:00+00:00,0.42,0.42000000000000004,0.40691808,0.9403408,0.037124697,0.02253446,GOOD,GOOD,
2024-11-09 13:00:00+00:00,0.42000000000000004,0.4200000000000001,0.4406559,0.9329445,0.025050953,0.042004593,GOOD,GOOD,
2024-11-09 14:00:00+00:00,0.345,0.34500000000000003,0.45210168,0.9005545,0.0649984,0.0344471,GOOD,GOOD,
2024-11-09 15:00:00+00:00,0.405,0.4050000000000001,0.40597558,0.8826668,0.073203936,0.04412924,GOOD,GOOD,
2024-11-09 16:00:00+00:00,0.33999999999999997,0.3400000000000001,0.41445115,0.9240548,0.047836244,0.028108947,GOOD,GOOD,
2024-11-09 17:00:00+00:00,0.345,0.34500000000000003,0.3901462,0.972108,0.01421272,0.0136792995,GOOD,GOOD,
2024-11-09 18:00:00+00:00,0.33,0.3300000000000001,0.37590036,0.9685037,0.014905117,0.016591173,GOOD,GOOD,
2024-11-09 19:00:00+00:00,0.36,0.36000000000000004,0.36409533,0.96338767,0.020762466,0.01584988,GOOD,GOOD,
2024-11-09 20:00:00+00:00,0.37,0.37000000000000005,0.37778652,0.9612743,0.017380254,0.021345394,GOOD,GOOD,
2024-11-09 21:00:00+00:00,0.395,0.3950000000000001,0.3943674,0.96516615,0.021088853,0.013745016,GOOD,GOOD,
2024-11-09 22:00:00+00:00,0.4,0.40000000000000013,0.415993,0.9502488,0.020014988,0.029736234,GOOD,GOOD,
2024-11-09 23:00:00+00:00,0.33999999999999997,0.3400000000000001,0.4283363,0.9403368,0.036568888,0.023094272,GOOD,GOOD,
2024-11-10 00:00:00+00:00,0.365,0.3650000000000001,0.3944825,0.97204614,0.01592037,0.01203351,GOOD,GOOD,
2024-11-10 01:00:00+00:00,0.395,0.3950000000000001,0.38784063,0.95036864,0.028715141,0.020916201,GOOD,GOOD,
2024-11-10 02:00:00+00:00,0.33999999999999997,0.3400000000000001,0.41028863,0.96209097,0.022812704,0.015096319,GOOD,GOOD,
2024-11-10 03:00:00+00:00,0.315,0.31500000000000006,0.39045045,0.9594333,0.021889454,0.018677255,GOOD,GOOD,
2024-11-10 04:00:00+00:00,0.27,0.2700000000000001,0.35859478,0.9222987,0.04967766,0.028023602,GOOD,GOOD,
2024-11-10 05:00:00+00:00,0.225,0.225,0.31797713,0.8678398,0.0873666,0.044793565,GOOD,GOOD,
2024-11-10 06:00:00+00:00,0.235,0.235,0.27380952,0.94566154,0.030616106,0.02372232,GOOD,GOOD,
2024-11-10 07:00:00+00:00,0.26,0.26000000000000006,0.26089188,0.94993716,0.029376432,0.0206864,GOOD,GOOD,
2024-11-10 08:00:00+00:00,0.255,0.255,0.2769997,0.95437473,0.02342861,0.022196637,GOOD,GOOD,
2024-11-10 09:00:00+00:00,0.275,0.2750000000000001,0.286071,0.96131027,0.020378852,0.018310864,GOOD,GOOD,
2024-11-10 10:00:00+00:00,0.305,0.3050000000000001,0.2991221,0.95842147,0.025432562,0.016145943,GOOD,GOOD,
2024-11-10 11:00:00+00:00,0.33,0.3300000000000001,0.3234112,0.926428,0.03546866,0.038103342,GOOD,GOOD,
2024-11-10 12:00:00+00:00,0.35,0.35000000000000003,0.35053086,0.9409909,0.02258613,0.036422953,GOOD,GOOD,
2024-11-10 13:00:00+00:00,0.355,0.35500000000000004,0.37367332,0.9443509,0.016150154,0.03949896,GOOD,GOOD,
2024-11-10 14:00:00+00:00,0.345,0.34500000000000003,0.38487494,0.9530667,0.013617048,0.033316225,GOOD,GOOD,
2024-11-10 15:00:00+00:00,0.305,0.3050000000000001,0.38081416,0.94502527,0.03239411,0.022580635,GOOD,GOOD,
2024-11-10 16:00:00+00:00,0.29000000000000004,0.2900000000000001,0.35234347,0.9582857,0.02165954,0.020054745,GOOD,GOOD,
2024-11-10 17:00:00+00:00,0.265,0.26500000000000007,0.327593,0.95433486,0.02626719,0.019397978,GOOD,GOOD,
2024-11-10 18:00:00+00:00,0.26,0.26000000000000006,0.30423748,0.9619363,0.018522963,0.019540764,GOOD,GOOD,
2024-11-10 19:00:00+00:00,0.235,0.235,0.29193962,0.9452357,0.030139327,0.02462495,GOOD,GOOD,
2024-11-10 20:00:00+00:00,0.235,0.235,0.27452266,0.956794,0.019723004,0.023482958,GOOD,GOOD,
2024-11-10 21:00:00+00:00,0.305,0.3050000000000001,0.26589358,0.85641354,0.10373991,0.03984656,GOOD,GOOD,
2024-11-10 22:00:00+00:00,0.32499999999999996,0.325,0.30565083,0.9424069,0.038113423,0.019479692,GOOD,GOOD,
2024-11-10 23:00:00+00:00,0.275,0.2750000000000001,0.34418523,0.95167863,0.028776681,0.019544704,GOOD,GOOD,
2024-11-11 00:00:00+00:00,0.265,0.26500000000000007,0.32789168,0.96739113,0.015787585,0.01682126,GOOD,GOOD,
2024-11-11 01:00:00+00:00,0.29,0.29000000000000004,0.30420503,0.97426516,0.014268637,0.011466198,GOOD,GOOD,
2024-11-11 02:00:00+00:00,0.255,0.255,0.30950338,0.9631513,0.021358859,0.015489856,GOOD,GOOD,
2024-11-11 03:00:00+00:00,0.20500000000000002,0.20500000000000002,0.29737207,0.8989737,0.06455727,0.036468998,GOOD,GOOD,
2024-11-11 04:00:00+00:00,0.25,0.25,0.25870585,0.9313835,0.042970825,0.025645716,GOOD,GOOD,
2024-11-11 05:00:00+00:00,0.265,0.26500000000000007,0.26367027,0.9672535,0.020325577,0.012420932,GOOD,GOOD,
2024-11-11 06:00:00+00:00,0.225,0.225,0.28494287,0.9503179,0.029494712,0.020187393,GOOD,GOOD,
2024-11-11 07:00:00+00:00,0.245,0.24500000000000002,0.2723265,0.96432215,0.020506281,0.015171556,GOOD,GOOD,
2024-11-11 08:00:00+00:00,0.22499999999999998,0.22499999999999998,0.27096796,0.96752167,0.018038448,0.014439914,GOOD,GOOD,
2024-11-11 09:00:00+00:00,0.28500000000000003,0.2850000000000001,0.26229146,0.9090046,0.062163997,0.028831365,GOOD,GOOD,
2024-11-11 10:00:00+00:00,0.275,0.2750000000000001,0.29194993,0.9718621,0.015201863,0.01293608,GOOD,GOOD,
2024-11-11 11:00:00+00:00,0.36,0.36000000000000004,0.3068512,0.84401125,0.11228506,0.04370368,GOOD,GOOD,
2024-11-11 12:00:00+00:00,0.395,0.3950000000000001,0.35943753,0.913903,0.058273606,0.027823424,GOOD,GOOD,
2024-11-11 13:00:00+00:00,0.365,0.3650000000000001,0.41023403,0.96247995,0.021056365,0.0164637,GOOD,GOOD,
2024-11-11 14:00:00+00:00,0.33999999999999997,0.3400000000000001,0.40972385,0.90857744,0.036218666,0.055203885,GOOD,GOOD,
2024-11-11 15:00:00+00:00,0.315,0.31500000000000006,0.38416737,0.8771095,0.04507436,0.077816136,GOOD,GOOD,
2024-11-11 16:00:00+00:00,0.31,0.31000000000000005,0.35555813,0.89977837,0.026081722,0.074139915,GOOD,GOOD,
2024-11-11 17:00:00+00:00,0.33499999999999996,0.335,0.34129936,0.9703218,0.017150901,0.012527309,GOOD,GOOD,
2024-11-11 18:00:00+00:00,0.295,0.29500000000000004,0.35362014,0.957696,0.024333632,0.01797033,GOOD,GOOD,
2024-11-11 19:00:00+00:00,0.31,0.31000000000000005,0.3394982,0.9722889,0.0147646675,0.012946413,GOOD,GOOD,
2024-11-11 20:00:00+00:00,0.345,0.34500000000000003,0.33661476,0.9577521,0.027613077,0.014634799,GOOD,GOOD,
2024-11-11 21:00:00+00:00,0.375,0.3750000000000001,0.35960737,0.9249219,0.043745484,0.031332616,GOOD,GOOD,
2024-11-11 22:00:00+00:00,0.36,0.36000000000000004,0.39202508,0.97505856,0.013547891,0.011393572,GOOD,GOOD,
2024-11-11 23:00:00+00:00,0.32999999999999996,0.33000000000000007,0.39667156,0.9631711,0.01883325,0.0179956,GOOD,GOOD,
2024-11-12 00:00:00+00:00,0.32,0.32000000000000006,0.37451798,0.9124181,0.021345982,0.0662359,GOOD,GOOD,
2024-11-12 01:00:00+00:00,0.325,0.32500000000000007,0.35531196,0.90531653,0.01905008,0.0756334,GOOD,GOOD,
2024-11-12 02:00:00+00:00,0.33999999999999997,0.3400000000000001,0.35209084,0.9439853,0.020029413,0.035985306,GOOD,GOOD,
2024-11-12 03:00:00+00:00,0.375,0.3750000000000001,0.3630639,0.95948035,0.026782729,0.0137369,GOOD,GOOD,
2024-11-12 04:00:00+00:00,0.325,0.32500000000000007,0.39110178,0.9665428,0.01962105,0.013836171,GOOD,GOOD,
2024-11-12 05:00:00+00:00,0.37,0.37000000000000005,0.37469786,0.9532538,0.028280081,0.018466087,GOOD,GOOD,
2024-11-12 06:00:00+00:00,0.43,0.43000000000000005,0.38613534,0.9170093,0.06090231,0.022088388,GOOD,GOOD,
2024-11-12 07:00:00+00:00,0.415,0.4150000000000001,0.43444693,0.95883507,0.023551172,0.017613737,GOOD,GOOD,
2024-11-12 08:00:00+00:00,0.405,0.4050000000000001,0.45010507,0.88374734,0.026405292,0.08984737,GOOD,GOOD,
2024-11-12 09:00:00+00:00,0.425,0.4250000000000001,0.44240507,0.96375316,0.020100195,0.016146645,GOOD,GOOD,
2024-11-12 10:00:00+00:00,0.395,0.3950000000000001,0.44822046,0.96581924,0.019041136,0.01513965,GOOD,GOOD,
2024-11-12 11:00:00+00:00,0.39,0.3900000000000001,0.43502083,0.9696085,0.013162943,0.017228575,GOOD,GOOD,
2024-11-12 12:00:00+00:00,0.33499999999999996,0.335,0.42295712,0.91165465,0.054574016,0.033771317,GOOD,GOOD,
2024-11-12 13:00:00+00:00,0.355,0.35500000000000004,0.3855146,0.9616346,0.021454452,0.01691098,GOOD,GOOD,
2024-11-12 14:00:00+00:00,0.395,0.3950000000000001,0.37807325,0.94891334,0.034394875,0.016691774,GOOD,GOOD,
2024-11-12 15:00:00+00:00,0.4,0.40000000000000013,0.40621948,0.96256316,0.020329632,0.017107224,GOOD,GOOD,
2024-11-12 16:00:00+00:00,0.38,0.38000000000000006,0.42649394,0.975682,0.01270894,0.011609045,GOOD,GOOD,
2024-11-12 17:00:00+00:00,0.38,0.38000000000000006,0.41939712,0.95088285,0.013533208,0.035583947,GOOD,GOOD,
2024-11-12 18:00:00+00:00,0.33999999999999997,0.3400000000000001,0.41158321,0.95176667,0.027999893,0.020233441,GOOD,GOOD,
2024-11-12 19:00:00+00:00,0.365,0.3650000000000001,0.38489574,0.96834576,0.018271491,0.013382746,GOOD,GOOD,
2024-11-12 20:00:00+00:00,0.395,0.3950000000000001,0.38602188,0.9552037,0.02694344,0.017852841,GOOD,GOOD,
2024-11-12 21:00:00+00:00,0.39,0.3900000000000001,0.41092914,0.97502506,0.012397222,0.012577729,GOOD,GOOD,
2024-11-12 22:00:00+00:00,0.385,0.38500000000000006,0.42144322,0.7871201,0.022809515,0.19007039,GOOD,GOOD,
2024-11-12 23:00:00+00:00,0.38,0.38000000000000006,0.41888013,0.7612145,0.023579244,0.21520628,GOOD,GOOD,
2024-11-13 00:00:00+00:00,0.34,0.34000000000000014,0.41264892,0.9433869,0.034206912,0.022406168,GOOD,GOOD,
2024-11-13 01:00:00+00:00,0.345,0.34500000000000003,0.38556087,0.9702385,0.014909443,0.01485206,GOOD,GOOD,
2024-11-13 02:00:00+00:00,0.38,0.38000000000000006,0.37405166,0.9678663,0.020843398,0.011290283,GOOD,GOOD,
2024-11-13 03:00:00+00:00,0.41000000000000003,0.4100000000000001,0.39449114,0.9321177,0.04030512,0.027577186,GOOD,GOOD,
2024-11-13 04:00:00+00:00,0.4,0.40000000000000013,0.4268922,0.97496396,0.012703439,0.012332594,GOOD,GOOD,
2024-11-13 05:00:00+00:00,0.375,0.3750000000000001,0.4345341,0.9673449,0.015034577,0.017620528,GOOD,GOOD,
2024-11-13 06:00:00+00:00,0.315,0.31500000000000006,0.41690546,0.840152,0.10577687,0.054071125,GOOD,GOOD,
2024-11-13 07:00:00+00:00,0.32999999999999996,0.33000000000000007,0.36960173,0.96735114,0.018289126,0.014359732,GOOD,GOOD,
2024-11-13 08:00:00+00:00,0.35,0.35000000000000003,0.35492212,0.9524006,0.021463588,0.026135761,GOOD,GOOD,
2024-11-13 09:00:00+00:00,0.33999999999999997,0.3400000000000001,0.3685844,0.96769303,0.01575683,0.016550157,GOOD,GOOD,
2024-11-13 10:00:00+00:00,0.35,0.35000000000000003,0.3727819,0.96062434,0.016103936,0.023271697,GOOD,GOOD,
2024-11-13 11:00:00+00:00,0.375,0.3750000000000001,0.37772366,0.967416,0.01664608,0.01593792,GOOD,GOOD,
2024-11-13 12:00:00+00:00,0.36,0.36000000000000004,0.39527944,0.9623685,0.017485121,0.020146413,GOOD,GOOD,
2024-11-13 13:00:00+00:00,0.37,0.37000000000000005,0.39549664,0.95651066,0.018781625,0.024707716,GOOD,GOOD,
2024-11-13 14:00:00+00:00,0.41500000000000004,0.41500000000000015,0.39788315,0.9493232,0.034116965,0.016559837,GOOD,GOOD,
2024-11-13 15:00:00+00:00,0.42,0.42000000000000004,0.42738733,0.96653277,0.01740413,0.01606311,GOOD,GOOD,
2024-11-13 16:00:00+00:00,0.46499999999999997,0.465,0.4470946,0.94423854,0.03639806,0.0193634,GOOD,GOOD,
2024-11-13 17:00:00+00:00,0.43,0.08600000000000002,0.47996506,0.15130001,0.19997284,0.6487272,BAD,SUSPECT,B_mult
2024-11-13 18:00:00+00:00,0.39,0.3900000000000001,0.2697945,0.47454786,0.27857617,0.24687599,GOOD,GOOD,
2024-11-13 19:00:00+00:00,0.385,0.38500000000000006,0.31419167,0.39226007,0.43970755,0.16803236,GOOD,SUSPECT,
2024-11-13 20:00:00+00:00,0.355,0.35500000000000004,0.39121097,0.9748879,0.014036656,0.01107541,GOOD,GOOD,
2024-11-13 21:00:00+00:00,0.33999999999999997,0.3400000000000001,0.4015574,0.94002753,0.019952847,0.040019628,GOOD,GOOD,
2024-11-13 22:00:00+00:00,0.37,0.37000000000000005,0.38224757,0.9694831,0.016557181,0.013959742,GOOD,GOOD,
2024-11-13 23:00:00+00:00,0.36,0.36000000000000004,0.388862,0.9754782,0.0132856555,0.0112361815,GOOD,GOOD,
2024-11-14 00:00:00+00:00,0.37,0.37000000000000005,0.39148384,0.95224553,0.016955372,0.03079911,GOOD,GOOD,
2024-11-14 01:00:00+00:00,0.29500000000000004,0.2950000000000001,0.397141,0.7915261,0.14318827,0.06528564,GOOD,GOOD,
2024-11-14 02:00:00+00:00,0.31,0.31000000000000005,0.3548191,0.9581377,0.02192443,0.01993788,GOOD,GOOD,
2024-11-14 03:00:00+00:00,0.35,0.35000000000000003,0.3374318,0.95972264,0.026290221,0.013987154,GOOD,GOOD,
2024-11-14 04:00:00+00:00,0.37,0.37000000000000005,0.36095032,0.9500152,0.026105596,0.02387924,GOOD,GOOD,
2024-11-14 05:00:00+00:00,0.32999999999999996,0.33000000000000007,0.3901674,0.9614042,0.023428682,0.015167101,GOOD,GOOD,
2024-11-14 06:00:00+00:00,0.32499999999999996,0.325,0.37719405,0.9566846,0.016407682,0.026907714,GOOD,GOOD,
2024-11-14 07:00:00+00:00,0.29000000000000004,0.2900000000000001,0.3604999,0.94690096,0.031242142,0.021856902,GOOD,GOOD,
2024-11-14 08:00:00+00:00,0.27,0.2700000000000001,0.3334215,0.9430154,0.030944563,0.026040025,GOOD,GOOD,
2024-11-14 09:00:00+00:00,0.325,0.32500000000000007,0.3087646,0.92153186,0.052118693,0.026349472,GOOD,GOOD,
2024-11-14 10:00:00+00:00,0.315,0.31500000000000006,0.33229315,0.96810204,0.016994812,0.014903151,GOOD,GOOD,
2024-11-14 11:00:00+00:00,0.305,0.3050000000000001,0.3458762,0.8458532,0.02800039,0.12614644,GOOD,GOOD,
2024-11-14 12:00:00+00:00,0.31,0.31000000000000005,0.34173664,0.91654557,0.01954218,0.06391226,GOOD,GOOD,
2024-11-14 13:00:00+00:00,0.28500000000000003,0.2850000000000001,0.33972192,0.9656379,0.018578881,0.015783211,GOOD,GOOD,
2024-11-14 14:00:00+00:00,0.28500000000000003,0.2850000000000001,0.32500193,0.91109407,0.022426583,0.06647932,GOOD,GOOD,
2024-11-14 15:00:00+00:00,0.33,0.3300000000000001,0.31640935,0.95393175,0.03058884,0.015479409,GOOD,GOOD,
2024-11-14 16:00:00+00:00,0.315,0.31500000000000006,0.3414918,0.97453564,0.01314673,0.012317624,GOOD,GOOD,
2024-11-14 17:00:00+00:00,0.35,0.35000000000000003,0.34940606,0.96237487,0.023821667,0.01380349,GOOD,GOOD,
2024-11-14 18:00:00+00:00,0.31,0.31000000000000005,0.3690426,0.96738154,0.018494852,0.014123634,GOOD,GOOD,
2024-11-14 19:00:00+00:00,0.295,0.29500000000000004,0.3555657,0.9557447,0.018730652,0.025524672,GOOD,GOOD,
2024-11-14 20:00:00+00:00,0.27,0.2700000000000001,0.33420432,0.94850105,0.026617978,0.024880955,GOOD,GOOD,
2024-11-14 21:00:00+00:00,0.235,0.235,0.3101642,0.94058555,0.03642585,0.022988582,GOOD,GOOD,
2024-11-14 22:00:00+00:00,0.265,0.26500000000000007,0.27955437,0.9546159,0.026375677,0.019008452,GOOD,GOOD,
2024-11-14 23:00:00+00:00,0.24,0.24,0.2832222,0.9514242,0.026481977,0.022093859,GOOD,GOOD,
2024-11-15 00:00:00+00:00,0.25,0.25,0.277651,0.9604836,0.020370474,0.019145904,GOOD,GOOD,
2024-11-15 01:00:00+00:00,0.29000000000000004,0.2900000000000001,0.278118,0.9479992,0.03419683,0.017803969,GOOD,GOOD,
2024-11-15 02:00:00+00:00,0.225,0.225,0.30353525,0.8649333,0.085709535,0.04935714,GOOD,GOOD,
2024-11-15 03:00:00+00:00,0.24,0.24,0.2808777,0.9630012,0.020352082,0.016646752,GOOD,GOOD,
2024-11-15 04:00:00+00:00,0.305,0.3050000000000001,0.26931953,0.90426636,0.06936654,0.026367137,GOOD,GOOD,
2024-11-15 05:00:00+00:00,0.28500000000000003,0.2850000000000001,0.30686134,0.9695244,0.016926955,0.013548632,GOOD,GOOD,
2024-11-15 06:00:00+00:00,0.29500000000000004,0.2950000000000001,0.32058603,0.96609515,0.014415566,0.019489303,GOOD,GOOD,
2024-11-15 07:00:00+00:00,0.255,0.255,0.3253983,0.95105165,0.027913816,0.021034528,GOOD,GOOD,
2024-11-15 08:00:00+00:00,0.265,0.26500000000000007,0.30251297,0.9734287,0.013475023,0.013096264,GOOD,GOOD,
2024-11-15 09:00:00+00:00,0.25,0.25,0.29354835,0.9697951,0.016228447,0.0139764445,GOOD,GOOD,
2024-11-15 10:00:00+00:00,0.29000000000000004,0.2900000000000001,0.28484932,0.9573089,0.027482484,0.015208654,GOOD,GOOD,
2024-11-15 11:00:00+00:00,0.33,0.3300000000000001,0.30449095,0.9051613,0.060729172,0.03410949,GOOD,GOOD,
2024-11-15 12:00:00+00:00,0.3,0.30000000000000004,0.34250388,0.968245,0.018234748,0.013520207,GOOD,GOOD,
2024-11-15 13:00:00+00:00,0.35,0.35000000000000003,0.34260985,0.9253892,0.046530515,0.028080335,GOOD,GOOD,
2024-11-15 14:00:00+00:00,0.27,0.2700000000000001,0.3642884,0.89302045,0.07018185,0.036797695,GOOD,GOOD,
2024-11-15 15:00:00+00:00,0.29000000000000004,0.2900000000000001,0.33045858,0.97657704,0.013447789,0.009975161,GOOD,GOOD,
2024-11-15 16:00:00+00:00,0.28500000000000003,0.2850000000000001,0.31686857,0.9333728,0.016871365,0.04975585,GOOD,GOOD,
2024-11-15 17:00:00+00:00,0.3,0.30000000000000004,0.3142394,0.9628353,0.016668215,0.020496473,GOOD,GOOD,
2024-11-15 18:00:00+00:00,0.33,0.3300000000000001,0.32379305,0.95602185,0.026727416,0.017250732,GOOD,GOOD,
2024-11-15 19:00:00+00:00,0.325,0.32500000000000007,0.34784958,0.95738214,0.018271215,0.024346646,GOOD,GOOD,
2024-11-15 20:00:00+00:00,0.295,0.29500000000000004,0.35705665,0.9700844,0.016380591,0.013534974,GOOD,GOOD,
2024-11-15 21:00:00+00:00,0.255,0.255,0.33922789,0.9458092,0.034236945,0.019953849,GOOD,GOOD,
2024-11-15 22:00:00+00:00,0.29000000000000004,0.2900000000000001,0.30337566,0.9690065,0.018822975,0.012170569,GOOD,GOOD,
2024-11-15 23:00:00+00:00,0.295,0.8241387803331864,0.30655083,0.1565938,0.25415242,0.5892538,SUSPECT,SUSPECT,C_level_shift
2024-11-16 00:00:00+00:00,0.265,0.7941387803331865,0.66039103,0.29965425,0.4457381,0.25460765,SUSPECT,SUSPECT,C_level_shift
2024-11-16 01:00:00+00:00,0.28500000000000003,0.8141387803331865,0.8349855,0.5613906,0.24665421,0.1919552,SUSPECT,GOOD,C_level_shift
2024-11-16 02:00:00+00:00,0.235,0.7641387803331864,0.8587285,0.8788245,0.077104665,0.044070866,SUSPECT,GOOD,C_level_shift
2024-11-16 03:00:00+00:00,0.235,0.7641387803331864,0.811347,0.8885761,0.06537519,0.046048712,SUSPECT,GOOD,C_level_shift
2024-11-16 04:00:00+00:00,0.265,0.7941387803331865,0.7896954,0.82490283,0.10173801,0.073359154,SUSPECT,GOOD,C_level_shift
2024-11-16 05:00:00+00:00,0.305,0.8341387803331863,0.80878687,0.81041986,0.115222916,0.07435722,SUSPECT,GOOD,C_level_shift
2024-11-16 06:00:00+00:00,0.325,0.8541387803331864,0.84767586,0.77479,0.1369411,0.08826888,SUSPECT,GOOD,C_level_shift
2024-11-16 07:00:00+00:00,0.305,0.8341387803331863,0.8744975,0.90494853,0.058453377,0.03659807,SUSPECT,GOOD,C_level_shift
2024-11-16 08:00:00+00:00,0.26,0.7891387803331864,0.86525196,0.9435437,0.040814284,0.015642023,SUSPECT,GOOD,C_level_shift
2024-11-16 09:00:00+00:00,0.22999999999999998,0.7591387803331864,0.82605696,0.9518488,0.03443234,0.013718853,SUSPECT,GOOD,C_level_shift
2024-11-16 10:00:00+00:00,0.25,0.7791387803331865,0.7902381,0.9640335,0.02393317,0.01203337,SUSPECT,GOOD,C_level_shift
2024-11-16 11:00:00+00:00,0.3,0.8291387803331864,0.7942115,0.9514739,0.039060093,0.009466029,SUSPECT,GOOD,C_level_shift
2024-11-16 12:00:00+00:00,0.31,0.8391387803331866,0.8360047,0.9681325,0.019126933,0.012740549,SUSPECT,GOOD,C_level_shift
2024-11-16 13:00:00+00:00,0.33499999999999996,0.8641387803331865,0.8602819,0.9534556,0.02995098,0.016593365,SUSPECT,GOOD,C_level_shift
2024-11-16 14:00:00+00:00,0.36,0.8891387803331865,0.88195026,0.8862599,0.059448063,0.054292046,SUSPECT,GOOD,C_level_shift
2024-11-16 15:00:00+00:00,0.26,0.7891387803331864,0.90584075,0.9437535,0.036519535,0.019726992,SUSPECT,GOOD,C_level_shift
2024-11-16 16:00:00+00:00,0.31,0.8391387803331866,0.8428152,0.959461,0.027546959,0.01299208,SUSPECT,GOOD,C_level_shift
2024-11-16 17:00:00+00:00,0.315,0.8441387803331865,0.8481642,0.97342265,0.014610821,0.011966558,SUSPECT,GOOD,C_level_shift
2024-11-16 18:00:00+00:00,0.35,0.8791387803331864,0.8638094,0.95954895,0.030903274,0.009547782,SUSPECT,GOOD,C_level_shift
2024-11-16 19:00:00+00:00,0.33999999999999997,0.8691387803331865,0.8937422,0.9712957,0.014505497,0.014198809,SUSPECT,GOOD,C_level_shift
2024-11-16 20:00:00+00:00,0.33499999999999996,0.8641387803331865,0.8966489,0.8270646,0.027867334,0.1450681,SUSPECT,GOOD,C_level_shift
2024-11-16 21:00:00+00:00,0.305,0.8341387803331863,0.8899947,0.9715828,0.01669222,0.01172504,SUSPECT,GOOD,C_level_shift
2024-11-16 22:00:00+00:00,0.325,0.8541387803331864,0.86599684,0.9732903,0.016634332,0.010075333,SUSPECT,GOOD,C_level_shift
2024-11-16 23:00:00+00:00,0.325,0.32500000000000007,0.87106824,0.078988194,0.13857292,0.7824389,GOOD,BAD,
2024-11-17 00:00:00+00:00,0.325,0.32500000000000007,0.53236985,0.12720156,0.53570926,0.33708915,GOOD,SUSPECT,
2024-11-17 01:00:00+00:00,0.31,0.31000000000000005,0.36715168,0.7812899,0.11025777,0.10845234,GOOD,GOOD,
2024-11-17 02:00:00+00:00,0.33999999999999997,0.3400000000000001,0.32623884,0.7094258,0.16339923,0.12717493,GOOD,GOOD,
2024-11-17 03:00:00+00:00,0.265,0.26500000000000007,0.3486912,0.5944631,0.23051205,0.17502487,GOOD,GOOD,
2024-11-17 04:00:00+00:00,0.28,0.28000000000000014,0.32277504,0.649295,0.20556687,0.14513819,GOOD,GOOD,
2024-11-17 05:00:00+00:00,0.305,0.3050000000000001,0.30908325,0.74450076,0.13356386,0.121935345,GOOD,GOOD,
2024-11-17 06:00:00+00:00,0.33999999999999997,0.3400000000000001,0.32234412,0.7954691,0.11345508,0.091075815,GOOD,GOOD,
2024-11-17 07:00:00+00:00,0.375,0.3750000000000001,0.35425997,0.88101465,0.06797549,0.051009864,GOOD,GOOD,
2024-11-17 08:00:00+00:00,0.355,0.35500000000000004,0.39156753,0.9426582,0.03072992,0.026611915,GOOD,GOOD,
2024-11-17 09:00:00+00:00,0.305,0.3050000000000001,0.3947563,0.9258225,0.042683885,0.031493634,GOOD,GOOD,
2024-11-17 10:00:00+00:00,0.345,0.34500000000000003,0.3589547,0.9530566,0.02703969,0.01990375,GOOD,GOOD,
2024-11-17 11:00:00+00:00,0.355,0.35500000000000004,0.36190614,0.97028023,0.014741115,0.014978629,GOOD,GOOD,
2024-11-17 12:00:00+00:00,0.38,0.38000000000000006,0.3781286,0.96766514,0.019505309,0.012829534,GOOD,GOOD,
2024-11-17 13:00:00+00:00,0.38,0.38000000000000006,0.40116635,0.9391363,0.016356668,0.044507008,GOOD,GOOD,
2024-11-17 14:00:00+00:00,0.355,0.35500000000000004,0.41087222,0.9763201,0.012488275,0.011191664,GOOD,GOOD,
2024-11-17 15:00:00+00:00,0.355,0.35500000000000004,0.39630932,0.9258003,0.017910212,0.056289434,GOOD,GOOD,
2024-11-17 16:00:00+00:00,0.315,0.31500000000000006,0.3861295,0.9550025,0.028333895,0.016663635,GOOD,GOOD,
2024-11-17 17:00:00+00:00,0.35,0.35000000000000003,0.35946068,0.9659475,0.02064116,0.013411347,GOOD,GOOD,
2024-11-17 18:00:00+00:00,0.37,0.37000000000000005,0.36658743,0.961411,0.020827105,0.017761877,GOOD,GOOD,
2024-11-17 19:00:00+00:00,0.395,0.3950000000000001,0.38888702,0.9494144,0.025885195,0.024700422,GOOD,GOOD,
2024-11-17 20:00:00+00:00,0.39,0.3900000000000001,0.41499436,0.9669958,0.014629521,0.018374711,GOOD,GOOD,
2024-11-17 21:00:00+00:00,0.37,0.37000000000000005,0.42228097,0.9759417,0.01270492,0.0113533735,GOOD,GOOD,
2024-11-17 22:00:00+00:00,0.36,0.36000000000000004,0.40904668,0.9264845,0.021995466,0.05152001,GOOD,GOOD,
2024-11-17 23:00:00+00:00,0.35000000000000003,0.3500000000000001,0.39442885,0.82440674,0.0284104,0.14718287,GOOD,GOOD,
2024-11-18 00:00:00+00:00,0.34,0.34000000000000014,0.38303658,0.83891404,0.027581943,0.133504,GOOD,GOOD,
2024-11-18 01:00:00+00:00,0.315,0.31500000000000006,0.37328038,0.96127117,0.020344503,0.01838435,GOOD,GOOD,
2024-11-18 02:00:00+00:00,0.3,0.30000000000000004,0.35468712,0.94099283,0.025201574,0.033805583,GOOD,GOOD,
2024-11-18 03:00:00+00:00,0.34,0.34000000000000014,0.3365619,0.94742143,0.0344179,0.018160688,GOOD,GOOD,
2024-11-18 04:00:00+00:00,0.32,0.32000000000000006,0.35364917,0.96430683,0.020379504,0.015313682,GOOD,GOOD,
2024-11-18 05:00:00+00:00,0.27,0.2700000000000001,0.3557222,0.9038445,0.061193906,0.03496164,GOOD,GOOD,
2024-11-18 06:00:00+00:00,0.315,0.31500000000000006,0.3226979,0.90860945,0.055954684,0.035435874,GOOD,GOOD,
2024-11-18 07:00:00+00:00,0.315,0.31500000000000006,0.32939634,0.9670294,0.01692014,0.016050471,GOOD,GOOD,
2024-11-18 08:00:00+00:00,0.3,0.30000000000000004,0.3415114,0.9696678,0.01428827,0.016043939,GOOD,GOOD,
2024-11-18 09:00:00+00:00,0.29000000000000004,0.2900000000000001,0.33733317,0.9057022,0.02475374,0.06954406,GOOD,GOOD,
2024-11-18 10:00:00+00:00,0.28,0.28000000000000014,0.32619363,0.8304512,0.03337454,0.13617426,GOOD,GOOD,
2024-11-18 11:00:00+00:00,0.35,0.35000000000000003,0.3148227,0.8766724,0.08594845,0.03737913,GOOD,GOOD,
2024-11-18 12:00:00+00:00,0.3,0.30000000000000004,0.3522777,0.91215324,0.05564083,0.03220594,GOOD,GOOD,
2024-11-18 13:00:00+00:00,0.305,0.3050000000000001,0.34738803,0.9663408,0.017342653,0.016316585,GOOD,GOOD,
2024-11-18 14:00:00+00:00,0.28,0.28000000000000014,0.33821553,0.9662972,0.01810078,0.015602033,GOOD,GOOD,
2024-11-18 15:00:00+00:00,0.32999999999999996,0.33000000000000007,0.32002127,0.936487,0.041145157,0.022367809,GOOD,GOOD,
2024-11-18 16:00:00+00:00,0.28500000000000003,0.2850000000000001,0.3407687,0.9542513,0.0277352,0.018013498,GOOD,GOOD,
2024-11-18 17:00:00+00:00,0.28500000000000003,0.2850000000000001,0.33057028,0.9694248,0.0136331525,0.016942063,GOOD,GOOD,
2024-11-18 18:00:00+00:00,0.28,0.28000000000000014,0.31888658,0.85427487,0.02543567,0.12028946,GOOD,GOOD,
2024-11-18 19:00:00+00:00,0.32,0.32000000000000006,0.31180683,0.9547552,0.028667947,0.016576858,GOOD,GOOD,
2024-11-18 20:00:00+00:00,0.29000000000000004,0.2900000000000001,0.33378106,0.9680831,0.018040467,0.013876434,GOOD,GOOD,
2024-11-18 21:00:00+00:00,0.29000000000000004,0.2900000000000001,0.3306586,0.93610966,0.016885502,0.047004815,GOOD,GOOD,
2024-11-18 22:00:00+00:00,0.28500000000000003,0.2850000000000001,0.32329428,0.8330399,0.026891585,0.14006852,GOOD,GOOD,
2024-11-18 23:00:00+00:00,0.28500000000000003,0.2850000000000001,0.31724027,0.7696002,0.027561639,0.20283817,GOOD,GOOD,
2024-11-19 00:00:00+00:00,0.33,0.3300000000000001,0.31520686,0.9390467,0.039814364,0.02113897,GOOD,GOOD,
2024-11-19 01:00:00+00:00,0.32,0.32000000000000006,0.34209684,0.9722155,0.014703621,0.013080898,GOOD,GOOD,
2024-11-19 02:00:00+00:00,0.28500000000000003,0.2850000000000001,0.35279855,0.9651917,0.019822324,0.014985958,GOOD,GOOD,
2024-11-19 03:00:00+00:00,0.255,0.255,0.33188054,0.9162288,0.04239573,0.041375477,GOOD,GOOD,
2024-11-19 04:00:00+00:00,0.28,0.28000000000000014,0.2997832,0.97168344,0.016160829,0.012155756,GOOD,GOOD,
2024-11-19 05:00:00+00:00,0.22,0.22,0.30005258,0.8345189,0.10203244,0.06344864,GOOD,GOOD,
2024-11-19 06:00:00+00:00,0.265,0.26500000000000007,0.2721779,0.9321455,0.041135803,0.026718706,GOOD,GOOD,
2024-11-19 07:00:00+00:00,0.29000000000000004,0.2900000000000001,0.27998653,0.95193976,0.028949874,0.019110361,GOOD,GOOD,
2024-11-19 08:00:00+00:00,0.30500000000000005,0.30500000000000016,0.30665308,0.935054,0.027704785,0.03724123,GOOD,GOOD,
2024-11-19 09:00:00+00:00,0.315,0.31500000000000006,0.32933998,0.89353025,0.035963427,0.07050632,GOOD,GOOD,
2024-11-19 10:00:00+00:00,0.32,0.32000000000000006,0.3430052,0.86149836,0.033720568,0.104781106,GOOD,GOOD,
2024-11-19 11:00:00+00:00,0.32999999999999996,0.33000000000000007,0.34970397,0.8987493,0.031156396,0.070094325,GOOD,GOOD,
2024-11-19 12:00:00+00:00,0.38,0.38000000000000006,0.35722122,0.8839415,0.07102025,0.04503828,GOOD,GOOD,
2024-11-19 13:00:00+00:00,0.375,0.3750000000000001,0.39095524,0.93830276,0.034761798,0.026935466,GOOD,GOOD,
2024-11-19 14:00:00+00:00,0.33,0.3300000000000001,0.406332,0.95139366,0.028686032,0.019920323,GOOD,GOOD,
2024-11-19 15:00:00+00:00,0.32980535279805356,0.3298053527980537,0.38039064,0.95919347,0.014863671,0.025942883,GOOD,GOOD,
2024-11-19 16:00:00+00:00,0.32961070559610706,0.3296107055961071,0.36246383,0.7363534,0.030210491,0.23343611,GOOD,GOOD,
2024-11-19 17:00:00+00:00,0.3294160583941606,0.32941605839416066,0.3579747,0.7201261,0.03464278,0.24523112,GOOD,GOOD,
2024-12-06 14:00:00+00:00,0.2505839416058394,0.2505839416058394,0.35856962,0.75346893,0.17133899,0.07519209,GOOD,GOOD,
2024-12-06 15:00:00+00:00,0.25038929440389296,0.25038929440389296,0.31252363,0.92859906,0.03516815,0.036232784,GOOD,GOOD,
2024-12-06 16:00:00+00:00,0.2501946472019465,0.2501946472019465,0.28418466,0.70992446,0.03559245,0.25448307,GOOD,GOOD,
2024-12-06 17:00:00+00:00,0.25,0.25,0.2775105,0.69688284,0.038630467,0.26448667,GOOD,GOOD,
2024-12-06 18:00:00+00:00,0.26,0.26000000000000006,0.2787875,0.9439256,0.021586897,0.034487464,GOOD,GOOD,
2024-12-06 19:00:00+00:00,0.28,0.28000000000000014,0.28626096,0.9607904,0.019365847,0.019843776,GOOD,GOOD,
2024-12-06 20:00:00+00:00,0.31,0.31000000000000005,0.30226827,0.9614226,0.023936285,0.014641089,GOOD,GOOD,
2024-12-06 21:00:00+00:00,0.33,0.3300000000000001,0.32834202,0.9630287,0.021164317,0.015806936,GOOD,GOOD,
2024-12-06 22:00:00+00:00,0.35,0.35000000000000003,0.35277,0.9268769,0.026981724,0.04614138,GOOD,GOOD,
2024-12-06 23:00:00+00:00,0.355,0.35500000000000004,0.3739269,0.97021335,0.015330825,0.0144558195,GOOD,GOOD,
2024-12-07 00:00:00+00:00,0.31,0.31000000000000005,0.38464004,0.9441704,0.03289685,0.022932716,GOOD,GOOD,
2024-12-07 01:00:00+00:00,0.29500000000000004,0.2950000000000001,0.35957903,0.95999604,0.021083519,0.01892042,GOOD,GOOD,
2024-12-07 02:00:00+00:00,0.235,0.235,0.33381402,0.7917268,0.1408364,0.0674368,GOOD,GOOD,
2024-12-07 03:00:00+00:00,0.27,0.2700000000000001,0.28891122,0.812581,0.120785974,0.06663304,GOOD,GOOD,
2024-12-07 04:00:00+00:00,0.22999999999999998,0.23,0.2870905,0.8347406,0.10568002,0.05957939,GOOD,GOOD,
2024-12-07 05:00:00+00:00,0.245,0.24500000000000002,0.27261713,0.93737,0.036639176,0.025990823,GOOD,GOOD,
2024-12-07 06:00:00+00:00,0.30000000000000004,0.3000000000000001,0.2712997,0.9163866,0.059531324,0.02408206,GOOD,GOOD,
2024-12-07 07:00:00+00:00,0.30000000000000004,0.3000000000000001,0.30647734,0.9696054,0.0155985225,0.014796084,GOOD,GOOD,
2024-12-07 08:00:00+00:00,0.29,0.29000000000000004,0.32833678,0.8995407,0.021951117,0.07850817,GOOD,GOOD,
2024-12-07 09:00:00+00:00,0.265,0.26500000000000007,0.32718152,0.957364,0.020278892,0.022357097,GOOD,GOOD,
2024-12-07 10:00:00+00:00,0.29000000000000004,0.2900000000000001,0.3075661,0.97041106,0.016671592,0.012917351,GOOD,GOOD,
2024-12-07 11:00:00+00:00,0.29,0.29000000000000004,0.31127247,0.9607547,0.014006421,0.025238875,GOOD,GOOD,
2024-12-07 12:00:00+00:00,0.305,0.3050000000000001,0.3183173,0.97199076,0.014025977,0.013983265,GOOD,GOOD,
2024-12-07 13:00:00+00:00,0.33,0.3300000000000001,0.3300777,0.96744645,0.017642545,0.01491098,GOOD,GOOD,
2024-12-07 14:00:00+00:00,0.315,0.31500000000000006,0.35066923,0.96269614,0.018310303,0.018993588,GOOD,GOOD,
2024-12-07 15:00:00+00:00,0.32,0.32000000000000006,0.3514789,0.9602032,0.016657125,0.023139715,GOOD,GOOD,
2024-12-07 16:00:00+00:00,0.3,0.30000000000000004,0.35043085,0.9509793,0.024688328,0.024332363,GOOD,GOOD,
2024-12-07 17:00:00+00:00,0.28500000000000003,0.2850000000000001,0.33820978,0.84654075,0.04657852,0.10688075,GOOD,GOOD,
2024-12-07 18:00:00+00:00,0.32,0.32000000000000006,0.32214734,0.9516351,0.026626809,0.021738058,GOOD,GOOD,
2024-12-07 19:00:00+00:00,0.33,0.3300000000000001,0.3360887,0.9621272,0.017397515,0.020475253,GOOD,GOOD,
2024-12-07 20:00:00+00:00,0.405,0.4050000000000001,0.35407627,0.8354722,0.11275339,0.051774386,GOOD,GOOD,
2024-12-07 21:00:00+00:00,0.375,0.3750000000000001,0.40685043,0.93772686,0.03632374,0.025949419,GOOD,GOOD,
2024-12-07 22:00:00+00:00,0.32999999999999996,0.33000000000000007,0.4157732,0.9478801,0.031589016,0.020530898,GOOD,GOOD,
2024-12-07 23:00:00+00:00,0.32,0.32000000000000006,0.3821353,0.96710104,0.016218334,0.01668065,GOOD,GOOD,
2024-12-08 00:00:00+00:00,0.315,0.31500000000000006,0.35586205,0.8199747,0.028327195,0.1516981,GOOD,GOOD,
2024-12-08 01:00:00+00:00,0.315,0.31500000000000006,0.34511545,0.7789549,0.028184945,0.19286011,GOOD,GOOD,
2024-12-08 02:00:00+00:00,0.33,0.3300000000000001,0.343823,0.9661724,0.016403899,0.01742372,GOOD,GOOD,
2024-12-08 03:00:00+00:00,0.35,0.35000000000000003,0.3538027,0.9565223,0.020693421,0.022784274,GOOD,GOOD,
2024-12-08 04:00:00+00:00,0.32999999999999996,0.33000000000000007,0.3718707,0.96147984,0.018697234,0.019822905,GOOD,GOOD,
2024-12-08 05:00:00+00:00,0.29500000000000004,0.2950000000000001,0.36820212,0.92481416,0.042310394,0.03287542,GOOD,GOOD,
2024-12-08 06:00:00+00:00,0.245,0.24500000000000002,0.34118304,0.84259635,0.102959685,0.05444396,GOOD,GOOD,
2024-12-08 07:00:00+00:00,0.265,0.26500000000000007,0.2968225,0.94419676,0.031172847,0.02463038,GOOD,GOOD,
2024-12-08 08:00:00+00:00,0.275,0.2750000000000001,0.2875816,0.9565626,0.018570133,0.024867266,GOOD,GOOD,
2024-12-08 09:00:00+00:00,0.30000000000000004,0.3000000000000001,0.2977176,0.96315324,0.022595156,0.014251575,GOOD,GOOD,
2024-12-08 10:00:00+00:00,0.29000000000000004,0.2900000000000001,0.319757,0.9671226,0.017258305,0.015619085,GOOD,GOOD,
2024-12-08 11:00:00+00:00,0.3,0.30000000000000004,0.32464775,0.9714441,0.014232837,0.0143230725,GOOD,GOOD,
2024-12-08 12:00:00+00:00,0.29000000000000004,0.2900000000000001,0.3285927,0.96970534,0.014885366,0.015409321,GOOD,GOOD,
2024-12-08 13:00:00+00:00,0.29500000000000004,0.2950000000000001,0.3245772,0.9536235,0.017108737,0.029267816,GOOD,GOOD,
2024-12-08 14:00:00+00:00,0.31999999999999995,0.32,0.3243131,0.9724218,0.015522722,0.012055459,GOOD,GOOD,
2024-12-08 15:00:00+00:00,0.29000000000000004,0.2900000000000001,0.34018704,0.9557307,0.024319243,0.019950103,GOOD,GOOD,
2024-12-08 16:00:00+00:00,0.305,0.3050000000000001,0.33183643,0.97096723,0.01474633,0.014286443,GOOD,GOOD,
2024-12-08 17:00:00+00:00,0.27,0.2700000000000001,0.33189556,0.93065083,0.039605923,0.029743277,GOOD,GOOD,
2024-12-08 18:00:00+00:00,0.265,0.26500000000000007,0.31356028,0.9502988,0.023661876,0.026039327,GOOD,GOOD,
2024-12-08 19:00:00+00:00,0.275,0.2750000000000001,0.29909584,0.9561485,0.019676631,0.024174867,GOOD,GOOD,
2024-12-08 20:00:00+00:00,0.305,0.3050000000000001,0.30045724,0.96362185,0.022947887,0.0134302545,GOOD,GOOD,
2024-12-08 21:00:00+00:00,0.31,0.31000000000000005,0.32207525,0.97120553,0.014400964,0.0143935215,GOOD,GOOD,
2024-12-08 22:00:00+00:00,0.295,0.29500000000000004,0.33759463,0.97547114,0.012346006,0.012182826,GOOD,GOOD,
2024-12-08 23:00:00+00:00,0.35,0.35000000000000003,0.33291957,0.8918844,0.07000556,0.038110062,GOOD,GOOD,
2024-12-09 00:00:00+00:00,0.33,0.3300000000000001,0.36007908,0.9582023,0.024067298,0.017730413,GOOD,GOOD,
2024-12-09 01:00:00+00:00,0.315,0.31500000000000006,0.36598992,0.90724576,0.024216965,0.06853727,GOOD,GOOD,
2024-12-09 02:00:00+00:00,0.255,0.255,0.3539947,0.8891847,0.07315155,0.03766376,GOOD,GOOD,
2024-12-09 03:00:00+00:00,0.26,0.26000000000000006,0.310577,0.9647914,0.018822672,0.016385892,GOOD,GOOD,
2024-12-09 04:00:00+00:00,0.23,0.23000000000000004,0.29004103,0.94818527,0.030803377,0.021011349,GOOD,GOOD,
2024-12-09 05:00:00+00:00,0.25,2.5000000000000004,0.2698045,0.22010362,0.07846715,0.70142925,BAD,BAD,B_mult
2024-12-09 06:00:00+00:00,0.2,0.2,1.9905484,0.021107614,0.097751096,0.8811413,GOOD,BAD,
2024-12-09 07:00:00+00:00,0.195,0.195,0.87522733,0.0017107129,0.39501983,0.60326946,GOOD,SUSPECT,
2024-12-09 08:00:00+00:00,0.2,0.2,0.3173474,0.11626291,0.33213633,0.55160075,GOOD,SUSPECT,
2024-12-09 09:00:00+00:00,0.22,0.22,0.17290758,0.51035047,0.2672235,0.22242603,GOOD,GOOD,
2024-12-09 10:00:00+00:00,0.26,0.26000000000000006,0.20560874,0.6371219,0.24362953,0.11924856,GOOD,GOOD,
2024-12-09 11:00:00+00:00,0.28,0.28000000000000014,0.27043703,0.8678005,0.07272405,0.059475455,GOOD,GOOD,
2024-12-09 12:00:00+00:00,0.27,0.2700000000000001,0.30921736,0.93632144,0.026933137,0.03674544,GOOD,GOOD,
2024-12-09 13:00:00+00:00,0.22499999999999998,0.22499999999999998,0.31160808,0.9204668,0.052609682,0.026923522,GOOD,GOOD,
2024-12-09 14:00:00+00:00,0.225,0.225,0.27898672,0.9529849,0.02486101,0.022154069,GOOD,GOOD,
2024-12-09 15:00:00+00:00,0.22,0.22,0.25897196,0.8092611,0.04955169,0.14118724,GOOD,GOOD,
2024-12-09 16:00:00+00:00,0.21000000000000002,0.21000000000000002,0.2515749,0.85575867,0.046874125,0.09736721,GOOD,GOOD,
2024-12-09 17:00:00+00:00,0.185,0.185,0.24509077,0.91037893,0.023604233,0.0660168,GOOD,GOOD,
2024-12-09 18:00:00+00:00,0.18,0.18,0.22777072,0.92505527,0.019016698,0.05592802,GOOD,GOOD,
2024-12-09 19:00:00+00:00,0.19,0.19,0.2150853,0.94873303,0.023869965,0.02739701,GOOD,GOOD,
2024-12-09 20:00:00+00:00,0.28,0.28000000000000014,0.21674162,0.74000144,0.19235618,0.0676424,GOOD,GOOD,
2024-12-09 21:00:00+00:00,0.3,0.30000000000000004,0.27285448,0.90966296,0.061011083,0.029325966,GOOD,GOOD,
2024-12-09 22:00:00+00:00,0.31,0.31000000000000005,0.31979173,0.9149903,0.028217811,0.05679186,GOOD,GOOD,
2024-12-09 23:00:00+00:00,0.30000000000000004,0.3000000000000001,0.34066013,0.945853,0.017906321,0.036240708,GOOD,GOOD,
2024-12-10 00:00:00+00:00,0.31,0.31000000000000005,0.33768657,0.96670055,0.015103459,0.018195983,GOOD,GOOD,
2024-12-10 01:00:00+00:00,0.30000000000000004,0.3000000000000001,0.33821625,0.971961,0.013839258,0.014199721,GOOD,GOOD,
2024-12-10 02:00:00+00:00,0.26,0.26000000000000006,0.33378285,0.94515955,0.03243165,0.022408772,GOOD,GOOD,
2024-12-10 03:00:00+00:00,0.265,0.26500000000000007,0.30702436,0.9690619,0.014683433,0.01625467,GOOD,GOOD,
2024-12-10 04:00:00+00:00,0.225,0.225,0.294587,0.92912453,0.041702412,0.02917308,GOOD,GOOD,
2024-12-10 05:00:00+00:00,0.2,0.2,0.2696889,0.9581934,0.02380043,0.01800617,GOOD,GOOD,
2024-12-10 06:00:00+00:00,0.195,0.195,0.24182095,0.93413204,0.025532592,0.040335376,GOOD,GOOD,
2024-12-10 07:00:00+00:00,0.195,0.195,0.22703336,0.77819914,0.039553247,0.18224762,GOOD,GOOD,
2024-12-10 08:00:00+00:00,0.185,0.185,0.22381346,0.91769844,0.030704109,0.051597435,GOOD,GOOD,
2024-12-10 09:00:00+00:00,0.21666666666666667,0.21666666666666667,0.21892016,0.9474861,0.028550485,0.023963392,GOOD,GOOD,
2024-12-10 10:00:00+00:00,0.24833333333333335,0.24833333333333335,0.23439856,0.90074307,0.05483226,0.044424646,GOOD,GOOD,
2024-12-10 11:00:00+00:00,0.28,0.28000000000000014,0.26413602,0.9051496,0.053419057,0.04143139,GOOD,GOOD,
2024-12-10 12:00:00+00:00,0.27,0.2700000000000001,0.29770538,0.9673187,0.01736279,0.015318485,GOOD,GOOD,
2024-12-10 13:00:00+00:00,0.26,0.26000000000000006,0.30590543,0.7962323,0.029686496,0.1740812,GOOD,GOOD,
2024-12-10 14:00:00+00:00,0.215,0.215,0.29779622,0.93853,0.037341658,0.024128314,GOOD,GOOD,
2024-12-10 15:00:00+00:00,0.21,0.21,0.26550606,0.9660494,0.017132856,0.016817778,GOOD,GOOD,
2024-12-10 16:00:00+00:00,0.23,0.23000000000000004,0.24457918,0.97214156,0.0157956,0.012062819,GOOD,GOOD,
2024-12-10 17:00:00+00:00,0.185,0.185,0.25064078,0.91585183,0.052048836,0.03209932,GOOD,GOOD,
2024-12-10 18:00:00+00:00,0.175,0.175,0.23265013,0.9456597,0.027459454,0.026880877,GOOD,GOOD,
2024-12-10 19:00:00+00:00,0.215,0.215,0.21313411,0.9381985,0.039762728,0.02203877,GOOD,GOOD,
2024-12-10 20:00:00+00:00,0.235,0.235,0.22829932,0.95718586,0.026747353,0.016066778,GOOD,GOOD,
2024-12-10 21:00:00+00:00,0.28500000000000003,0.2850000000000001,0.25423974,0.90761644,0.06534058,0.027042983,GOOD,GOOD,
2024-12-10 22:00:00+00:00,0.315,0.31500000000000006,0.29569143,0.93980336,0.03915007,0.021046594,GOOD,GOOD,
2024-12-10 23:00:00+00:00,0.33999999999999997,0.3400000000000001,0.3336407,0.9391454,0.03358028,0.02727435,GOOD,GOOD,
2024-12-11 00:00:00+00:00,0.37,0.37000000000000005,0.36264166,0.94652075,0.031437322,0.022041935,GOOD,GOOD,
2024-12-11 01:00:00+00:00,0.37,0.37000000000000005,0.39056188,0.9555069,0.022698011,0.021795059,GOOD,GOOD,
2024-12-11 02:00:00+00:00,0.375,0.3750000000000001,0.4014059,0.87245613,0.03456905,0.09297481,GOOD,GOOD,
2024-12-11 03:00:00+00:00,0.325,0.32500000000000007,0.40518486,0.9318158,0.04385765,0.024326557,GOOD,GOOD,
2024-12-11 04:00:00+00:00,0.28,0.28000000000000014,0.37521157,0.9291782,0.04590545,0.024916358,GOOD,GOOD,
2024-12-11 05:00:00+00:00,0.255,0.255,0.33008316,0.9650093,0.018390208,0.016600512,GOOD,GOOD,
2024-12-11 06:00:00+00:00,0.225,0.225,0.29509312,0.94274396,0.033050228,0.024205796,GOOD,GOOD,
2024-12-11 07:00:00+00:00,0.22999999999999998,0.23,0.26578355,0.96903193,0.016504005,0.014464045,GOOD,GOOD,
2024-12-11 08:00:00+00:00,0.235,0.235,0.25745168,0.8121965,0.035473026,0.15233049,GOOD,GOOD,
2024-12-11 09:00:00+00:00,0.21,0.21,0.26128957,0.94429237,0.029721608,0.025986047,GOOD,GOOD,
2024-12-11 10:00:00+00:00,0.21000000000000002,0.21000000000000002,0.25040454,0.9476029,0.020298332,0.032098744,GOOD,GOOD,
2024-12-11 11:00:00+00:00,0.235,0.235,0.24232039,0.9615714,0.020650879,0.017777748,GOOD,GOOD,
2024-12-11 12:00:00+00:00,0.255,0.255,0.25463185,0.93044186,0.031389426,0.038168717,GOOD,GOOD,
2024-12-11 13:00:00+00:00,0.255,0.255,0.27600318,0.94050956,0.019265374,0.040225063,GOOD,GOOD,
2024-12-11 14:00:00+00:00,0.24,0.24,0.28620172,0.9562283,0.015945211,0.027826466,GOOD,GOOD,
2024-12-11 15:00:00+00:00,0.21000000000000002,0.21000000000000002,0.27890414,0.95933884,0.021715922,0.018945232,GOOD,GOOD,
2024-12-11 16:00:00+00:00,0.22,0.22,0.25504294,0.9708928,0.015063557,0.014043642,GOOD,GOOD,
2024-12-11 17:00:00+00:00,0.2,0.2,0.24786061,0.96353257,0.019531555,0.016935889,GOOD,GOOD,
2024-12-11 18:00:00+00:00,0.21000000000000002,0.21000000000000002,0.23745015,0.966082,0.018152917,0.015765088,GOOD,GOOD,
2024-12-11 19:00:00+00:00,0.27,0.2700000000000001,0.23753372,0.87972313,0.08477108,0.03550581,GOOD,GOOD,
2024-12-11 20:00:00+00:00,0.325,0.32500000000000007,0.27503517,0.8791919,0.08957885,0.031229243,GOOD,GOOD,
2024-12-11 21:00:00+00:00,0.33,0.3300000000000001,0.33127868,0.95665544,0.024240185,0.019104373,GOOD,GOOD,
2024-12-11 22:00:00+00:00,0.31,0.31000000000000005,0.35961708,0.9707248,0.015272401,0.014002771,GOOD,GOOD,
2024-12-11 23:00:00+00:00,0.33999999999999997,0.3400000000000001,0.35227013,0.9631605,0.021522375,0.015317133,GOOD,GOOD,
2024-12-12 00:00:00+00:00,0.325,0.32500000000000007,0.360921,0.97359055,0.01397137,0.0124381,GOOD,GOOD,
2024-12-12 01:00:00+00:00,0.305,0.3050000000000001,0.35957327,0.9150346,0.029163273,0.05580213,GOOD,GOOD,
2024-12-12 02:00:00+00:00,0.31,0.31000000000000005,0.34448233,0.96915305,0.012872458,0.017974494,GOOD,GOOD,
2024-12-12 03:00:00+00:00,0.305,0.3050000000000001,0.33892006,0.90485924,0.022740962,0.072399795,GOOD,GOOD,
2024-12-12 04:00:00+00:00,0.315,0.31500000000000006,0.33601585,0.9597023,0.01774366,0.022554,GOOD,GOOD,
2024-12-12 05:00:00+00:00,0.255,0.255,0.34108368,0.87097275,0.08004419,0.048983082,GOOD,GOOD,
2024-12-12 06:00:00+00:00,0.215,0.215,0.30901778,0.83378965,0.103921495,0.062288873,GOOD,GOOD,
2024-12-12 07:00:00+00:00,0.21,0.21,0.26484546,0.9257691,0.036695693,0.0375352,GOOD,GOOD,
2024-12-12 08:00:00+00:00,0.22,0.22,0.24223414,0.9479741,0.02255374,0.029472178,GOOD,GOOD,
2024-12-12 09:00:00+00:00,0.21,0.21,0.24364638,0.9454317,0.023734072,0.0308342,GOOD,GOOD,
2024-12-12 10:00:00+00:00,0.20500000000000002,0.20500000000000002,0.24311237,0.78125995,0.039187644,0.17955242,GOOD,GOOD,
2024-12-12 11:00:00+00:00,0.24,0.24,0.23882148,0.9527508,0.029940011,0.017309215,GOOD,GOOD,
2024-12-12 12:00:00+00:00,0.26,0.26000000000000006,0.25661993,0.9612641,0.022867389,0.015868533,GOOD,GOOD,
2024-12-12 13:00:00+00:00,0.24,0.24,0.28088862,0.9705624,0.01587109,0.013566505,GOOD,GOOD,
2024-12-12 14:00:00+00:00,0.255,0.255,0.2798522,0.97511715,0.013476268,0.011406562,GOOD,GOOD,
2024-12-12 15:00:00+00:00,0.24,0.24,0.28254578,0.97298867,0.013403141,0.013608181,GOOD,GOOD,
2024-12-12 16:00:00+00:00,0.245,0.24500000000000002,0.2764929,0.9384818,0.017347222,0.044170987,GOOD,GOOD,
2024-12-12 17:00:00+00:00,0.22,0.22,0.27488285,0.9633162,0.01941083,0.017272964,GOOD,GOOD,
2024-12-12 18:00:00+00:00,0.22,0.22,0.26083365,0.9368363,0.019334558,0.043829124,GOOD,GOOD,
2024-12-12 19:00:00+00:00,0.235,0.235,0.25211117,0.96551126,0.017318705,0.017170036,GOOD,GOOD,
2024-12-12 20:00:00+00:00,0.255,0.255,0.2587335,0.95043266,0.022214506,0.027352855,GOOD,GOOD,
2024-12-12 21:00:00+00:00,0.275,0.2750000000000001,0.27636388,0.93273467,0.026034191,0.041231133,GOOD,GOOD,
2024-12-12 22:00:00+00:00,0.24,0.24,0.29730663,0.92798024,0.039473113,0.032546666,GOOD,GOOD,
2024-12-12 23:00:00+00:00,0.225,0.225,0.28557134,0.9317649,0.0328696,0.035365485,GOOD,GOOD,
2024-12-13 00:00:00+00:00,0.295,0.29500000000000004,0.26492387,0.8282641,0.1137988,0.057937052,GOOD,GOOD,
2024-12-13 01:00:00+00:00,0.28,0.28000000000000014,0.29666492,0.9424238,0.033803146,0.023773054,GOOD,GOOD,
2024-12-13 02:00:00+00:00,0.26,0.26000000000000006,0.31246394,0.93513566,0.02148471,0.043379635,GOOD,GOOD,
2024-12-13 03:00:00+00:00,0.265,0.26500000000000007,0.30188674,0.97094005,0.013766417,0.0152935255,GOOD,GOOD,
2024-12-13 04:00:00+00:00,0.235,0.235,0.29547548,0.9636566,0.020224154,0.016119238,GOOD,GOOD,
2024-12-13 05:00:00+00:00,0.20500000000000002,0.20500000000000002,0.27693933,0.8921729,0.052368872,0.055458263,GOOD,GOOD,
2024-12-13 06:00:00+00:00,0.185,0.185,0.24916855,0.9436158,0.030878974,0.025505258,GOOD,GOOD,
2024-12-13 07:00:00+00:00,0.255,0.255,0.22446366,0.817597,0.12636533,0.05603771,GOOD,GOOD,
2024-12-13 08:00:00+00:00,0.26,0.26000000000000006,0.25557166,0.94477123,0.03374916,0.021479618,GOOD,GOOD,
2024-12-13 09:00:00+00:00,0.25,0.25,0.28395274,0.95173043,0.018205224,0.030064372,GOOD,GOOD,
2024-12-13 10:00:00+00:00,0.24,0.24,0.28720382,0.7954674,0.030352097,0.17418054,GOOD,GOOD,
2024-12-13 11:00:00+00:00,0.245,0.24500000000000002,0.27739525,0.9365109,0.018551644,0.044937413,GOOD,GOOD,
2024-12-13 12:00:00+00:00,0.255,0.255,0.27430245,0.91259646,0.024564726,0.06283878,GOOD,GOOD,
2024-12-13 13:00:00+00:00,0.28,0.28000000000000014,0.2807909,0.9557971,0.025660625,0.018542308,GOOD,GOOD,
2024-12-13 14:00:00+00:00,0.26,0.26000000000000006,0.3000862,0.9619311,0.019931875,0.018137038,GOOD,GOOD,
2024-12-13 15:00:00+00:00,0.28500000000000003,0.2850000000000001,0.29856136,0.9491822,0.029018892,0.021798883,GOOD,GOOD,
2024-12-13 16:00:00+00:00,0.315,0.31500000000000006,0.30784798,0.93626755,0.038127914,0.025604516,GOOD,GOOD,
2024-12-13 17:00:00+00:00,0.355,0.35500000000000004,0.33247206,0.9195442,0.05205231,0.028403439,GOOD,GOOD,
2024-12-13 18:00:00+00:00,0.315,0.31500000000000006,0.36938468,0.8952936,0.06557232,0.03913412,GOOD,GOOD,
2024-12-13 19:00:00+00:00,0.29,0.29000000000000004,0.3617371,0.95898086,0.022933895,0.018085228,GOOD,GOOD,
2024-12-13 20:00:00+00:00,0.31,0.31000000000000005,0.33432943,0.9562565,0.025195895,0.018547585,GOOD,GOOD,
2024-12-13 21:00:00+00:00,0.305,0.3050000000000001,0.3325353,0.97061175,0.015331363,0.014056872,GOOD,GOOD,
2024-12-13 22:00:00+00:00,0.305,0.3050000000000001,0.33470026,0.82869136,0.030624997,0.14068362,GOOD,GOOD,
2024-12-13 23:00:00+00:00,0.325,0.32500000000000007,0.33560988,0.963324,0.020716634,0.01595936,GOOD,GOOD,
2024-12-14 00:00:00+00:00,0.32,0.32000000000000006,0.34756812,0.9667681,0.016712524,0.016519405,GOOD,GOOD,
2024-12-14 01:00:00+00:00,0.32499999999999996,,0.35163617,0.91613984,0.049114443,0.0347457,BAD,BAD,G_missing_sentinel
2024-12-14 02:00:00+00:00,0.35,0.35000000000000003,,0.8873028,0.07604902,0.036648143,GOOD,GOOD,
2024-12-14 03:00:00+00:00,0.395,0.3950000000000001,,0.8873028,0.07604902,0.036648143,GOOD,GOOD,
2024-12-14 04:00:00+00:00,0.45,0.4500000000000001,,0.8873028,0.07604902,0.036648143,GOOD,GOOD,
2024-12-14 05:00:00+00:00,0.48,0.48000000000000004,,0.8873028,0.07604902,0.036648143,GOOD,GOOD,
2024-12-14 06:00:00+00:00,0.41000000000000003,0.4100000000000001,,0.8873028,0.07604902,0.036648143,GOOD,GOOD,
2024-12-14 07:00:00+00:00,0.365,0.3650000000000001,,0.8873028,0.07604902,0.036648143,GOOD,GOOD,
2024-12-14 08:00:00+00:00,0.425,0.4250000000000001,,0.8873028,0.07604902,0.036648143,GOOD,GOOD,
2024-12-14 09:00:00+00:00,0.42500000000000004,0.42500000000000016,,0.8873028,0.07604902,0.036648143,GOOD,GOOD,
2024-12-14 10:00:00+00:00,0.39,0.3900000000000001,,0.8873028,0.07604902,0.036648143,GOOD,GOOD,
2024-12-14 11:00:00+00:00,0.385,0.38500000000000006,,0.8873028,0.07604902,0.036648143,GOOD,GOOD,
2024-12-14 12:00:00+00:00,0.35,0.35000000000000003,,0.8873028,0.07604902,0.036648143,GOOD,GOOD,
2024-12-14 13:00:00+00:00,0.375,0.3750000000000001,,0.8873028,0.07604902,0.036648143,GOOD,GOOD,
2024-12-14 14:00:00+00:00,0.4,0.40000000000000013,,0.8873028,0.07604902,0.036648143,GOOD,GOOD,
2024-12-14 15:00:00+00:00,0.485,0.4850000000000001,,0.8873028,0.07604902,0.036648143,GOOD,GOOD,
2024-12-14 16:00:00+00:00,0.515,0.515,,0.8873028,0.07604902,0.036648143,GOOD,GOOD,
2024-12-14 17:00:00+00:00,0.71,0.7100000000000001,,0.8873028,0.07604902,0.036648143,GOOD,GOOD,
2024-12-14 18:00:00+00:00,0.845,0.845,,0.8873028,0.07604902,0.036648143,GOOD,GOOD,
2024-12-14 19:00:00+00:00,0.525,0.525,,0.8873028,0.07604902,0.036648143,GOOD,GOOD,
2024-12-14 20:00:00+00:00,0.5800000000000001,0.5800000000000001,,0.8873028,0.07604902,0.036648143,GOOD,GOOD,
2024-12-14 21:00:00+00:00,0.6100000000000001,0.6100000000000002,,0.8873028,0.07604902,0.036648143,GOOD,GOOD,
2024-12-14 22:00:00+00:00,0.535,0.535,,0.8873028,0.07604902,0.036648143,GOOD,GOOD,
2024-12-14 23:00:00+00:00,0.46499999999999997,0.465,,0.8873028,0.07604902,0.036648143,GOOD,GOOD,
2024-12-15 00:00:00+00:00,0.41000000000000003,0.4100000000000001,,0.8873028,0.07604902,0.036648143,GOOD,GOOD,
2024-12-15 01:00:00+00:00,0.385,0.38500000000000006,,0.8873028,0.07604902,0.036648143,GOOD,GOOD,
2024-12-15 02:00:00+00:00,0.35,0.35000000000000003,,0.8873028,0.07604902,0.036648143,GOOD,GOOD,
2024-12-15 03:00:00+00:00,0.375,0.3750000000000001,,0.8873028,0.07604902,0.036648143,GOOD,GOOD,
2024-12-15 04:00:00+00:00,0.44999999999999996,0.45000000000000007,,0.8873028,0.07604902,0.036648143,GOOD,GOOD,
2024-12-15 05:00:00+00:00,0.495,0.4950000000000001,,0.8873028,0.07604902,0.036648143,GOOD,GOOD,
2024-12-15 06:00:00+00:00,0.56,0.5600000000000002,,0.8873028,0.07604902,0.036648143,GOOD,GOOD,
2024-12-15 07:00:00+00:00,0.44999999999999996,0.45000000000000007,,0.8873028,0.07604902,0.036648143,GOOD,GOOD,
2024-12-15 08:00:00+00:00,0.435,0.4350000000000001,,0.8873028,0.07604902,0.036648143,GOOD,GOOD,
2024-12-15 09:00:00+00:00,0.43000000000000005,0.4300000000000001,,0.8873028,0.07604902,0.036648143,GOOD,GOOD,
2024-12-15 10:00:00+00:00,0.445,1.2094711204327826,,0.8873028,0.07604902,0.036648143,BAD,GOOD,A_spike
2024-12-15 11:00:00+00:00,0.435,0.4350000000000001,,0.8873028,0.07604902,0.036648143,GOOD,GOOD,
2024-12-15 12:00:00+00:00,0.34,0.34000000000000014,,0.8873028,0.07604902,0.036648143,GOOD,GOOD,
2024-12-15 13:00:00+00:00,0.37,0.37000000000000005,,0.8873028,0.07604902,0.036648143,GOOD,GOOD,
2024-12-15 14:00:00+00:00,0.365,0.3650000000000001,,0.8873028,0.07604902,0.036648143,GOOD,GOOD,
2024-12-15 15:00:00+00:00,0.33499999999999996,0.335,,0.8873028,0.07604902,0.036648143,GOOD,GOOD,
2024-12-15 16:00:00+00:00,0.42500000000000004,0.42500000000000016,,0.8873028,0.07604902,0.036648143,GOOD,GOOD,
2024-12-15 17:00:00+00:00,0.45,0.4500000000000001,,0.8873028,0.07604902,0.036648143,GOOD,GOOD,
2024-12-15 18:00:00+00:00,0.5,0.5000000000000001,,0.8873028,0.07604902,0.036648143,GOOD,GOOD,
2024-12-15 19:00:00+00:00,0.53,0.53,,0.8873028,0.07604902,0.036648143,GOOD,GOOD,
2024-12-15 20:00:00+00:00,0.49,0.4900000000000001,,0.8873028,0.07604902,0.036648143,GOOD,GOOD,
2024-12-15 21:00:00+00:00,0.46499999999999997,0.465,,0.8873028,0.07604902,0.036648143,GOOD,GOOD,
2024-12-15 22:00:00+00:00,0.47,0.47000000000000003,,0.8873028,0.07604902,0.036648143,GOOD,GOOD,
2024-12-15 23:00:00+00:00,0.485,0.4850000000000001,,0.8873028,0.07604902,0.036648143,GOOD,GOOD,
2024-12-16 00:00:00+00:00,0.395,0.3950000000000001,,0.8873028,0.07604902,0.036648143,GOOD,GOOD,
2024-12-16 01:00:00+00:00,0.365,0.3650000000000001,,0.8873028,0.07604902,0.036648143,GOOD,GOOD,
2024-12-16 02:00:00+00:00,0.42,0.42000000000000004,,0.8873028,0.07604902,0.036648143,GOOD,GOOD,
2024-12-16 03:00:00+00:00,0.36,0.36000000000000004,,0.8873028,0.07604902,0.036648143,GOOD,GOOD,
2024-12-16 04:00:00+00:00,0.43999999999999995,0.44000000000000006,,0.8873028,0.07604902,0.036648143,GOOD,GOOD,
2024-12-16 05:00:00+00:00,0.515,0.515,,0.8873028,0.07604902,0.036648143,GOOD,GOOD,
2024-12-16 06:00:00+00:00,0.525,0.525,,0.8873028,0.07604902,0.036648143,GOOD,GOOD,
2024-12-16 07:00:00+00:00,0.53,0.53,,0.8873028,0.07604902,0.036648143,GOOD,GOOD,
2024-12-16 08:00:00+00:00,0.455,0.45500000000000007,,0.8873028,0.07604902,0.036648143,GOOD,GOOD,
2024-12-16 09:00:00+00:00,0.385,0.38500000000000006,,0.8873028,0.07604902,0.036648143,GOOD,GOOD,
2024-12-16 10:00:00+00:00,0.46499999999999997,0.465,,0.8873028,0.07604902,0.036648143,GOOD,GOOD,
2024-12-16 11:00:00+00:00,0.515,0.515,,0.8873028,0.07604902,0.036648143,GOOD,GOOD,
2024-12-16 12:00:00+00:00,0.455,0.45500000000000007,,0.8873028,0.07604902,0.036648143,GOOD,GOOD,
2024-12-16 13:00:00+00:00,0.37,0.37000000000000005,,0.8873028,0.07604902,0.036648143,GOOD,GOOD,
2024-12-16 14:00:00+00:00,0.41,0.41000000000000003,,0.8873028,0.07604902,0.036648143,GOOD,GOOD,
2024-12-16 15:00:00+00:00,0.36,0.36000000000000004,,0.8873028,0.07604902,0.036648143,GOOD,GOOD,
2024-12-16 16:00:00+00:00,0.37,0.37000000000000005,,0.8873028,0.07604902,0.036648143,GOOD,GOOD,
2024-12-16 17:00:00+00:00,0.43999999999999995,0.44000000000000006,,0.8873028,0.07604902,0.036648143,GOOD,GOOD,
2024-12-16 18:00:00+00:00,0.42000000000000004,0.4200000000000001,,0.8873028,0.07604902,0.036648143,GOOD,GOOD,
2024-12-16 19:00:00+00:00,0.51,0.51,,0.8873028,0.07604902,0.036648143,GOOD,GOOD,
2024-12-16 20:00:00+00:00,0.61,0.6100000000000001,,0.8873028,0.07604902,0.036648143,GOOD,GOOD,
2024-12-16 21:00:00+00:00,0.505,0.0505,,0.8873028,0.07604902,0.036648143,BAD,GOOD,B_mult
2024-12-16 22:00:00+00:00,0.45,0.4500000000000001,,0.8873028,0.07604902,0.036648143,GOOD,GOOD,
2024-12-16 23:00:00+00:00,0.47,0.47000000000000003,,0.8873028,0.07604902,0.036648143,GOOD,GOOD,
2024-12-17 00:00:00+00:00,0.45999999999999996,0.4600000000000001,,0.8873028,0.07604902,0.036648143,GOOD,GOOD,
2024-12-17 01:00:00+00:00,0.38,0.38000000000000006,,0.8873028,0.07604902,0.036648143,GOOD,GOOD,
2024-12-17 02:00:00+00:00,0.33999999999999997,0.3400000000000001,,0.8873028,0.07604902,0.036648143,GOOD,GOOD,
2024-12-17 03:00:00+00:00,0.37,0.37000000000000005,,0.8873028,0.07604902,0.036648143,GOOD,GOOD,
2024-12-17 04:00:00+00:00,0.35,0.35000000000000003,,0.8873028,0.07604902,0.036648143,GOOD,GOOD,
2024-12-17 05:00:00+00:00,0.425,0.4250000000000001,,0.8873028,0.07604902,0.036648143,GOOD,GOOD,
2024-12-17 06:00:00+00:00,0.455,0.45500000000000007,,0.8873028,0.07604902,0.036648143,GOOD,GOOD,
2024-12-17 07:00:00+00:00,0.46499999999999997,0.465,,0.8873028,0.07604902,0.036648143,GOOD,GOOD,
2024-12-17 08:00:00+00:00,0.49,0.4900000000000001,,0.8873028,0.07604902,0.036648143,GOOD,GOOD,
2024-12-17 09:00:00+00:00,0.385,0.38500000000000006,,0.8873028,0.07604902,0.036648143,GOOD,GOOD,
2024-12-17 10:00:00+00:00,0.43,0.43000000000000005,,0.8873028,0.07604902,0.036648143,GOOD,GOOD,
2024-12-17 11:00:00+00:00,0.41000000000000003,0.4100000000000001,,0.8873028,0.07604902,0.036648143,GOOD,GOOD,
2024-12-17 12:00:00+00:00,0.5,0.5000000000000001,,0.8873028,0.07604902,0.036648143,GOOD,GOOD,
2024-12-17 13:00:00+00:00,0.42000000000000004,0.4200000000000001,,0.8873028,0.07604902,0.036648143,GOOD,GOOD,
2024-12-17 14:00:00+00:00,0.37,0.37000000000000005,,0.8873028,0.07604902,0.036648143,GOOD,GOOD,
2024-12-17 15:00:00+00:00,0.37,0.37000000000000005,,0.8873028,0.07604902,0.036648143,GOOD,GOOD,
2024-12-17 16:00:00+00:00,0.32499999999999996,0.325,,0.8873028,0.07604902,0.036648143,GOOD,GOOD,
2024-12-17 17:00:00+00:00,0.41000000000000003,0.4100000000000001,,0.8873028,0.07604902,0.036648143,GOOD,GOOD,
2024-12-17 18:00:00+00:00,0.42000000000000004,0.4200000000000001,,0.8873028,0.07604902,0.036648143,GOOD,GOOD,
2024-12-17 19:00:00+00:00,0.485,0.4850000000000001,,0.8873028,0.07604902,0.036648143,GOOD,GOOD,
2024-12-17 20:00:00+00:00,0.535,0.535,,0.8873028,0.07604902,0.036648143,GOOD,GOOD,
2024-12-17 21:00:00+00:00,0.605,0.605,,0.8873028,0.07604902,0.036648143,GOOD,GOOD,
2024-12-17 22:00:00+00:00,0.44999999999999996,0.45000000000000007,,0.8873028,0.07604902,0.036648143,GOOD,GOOD,
2024-12-17 23:00:00+00:00,0.435,0.4350000000000001,,0.8873028,0.07604902,0.036648143,GOOD,GOOD,
2024-12-18 00:00:00+00:00,0.42500000000000004,0.42500000000000016,,0.8873028,0.07604902,0.036648143,GOOD,GOOD,
2024-12-18 01:00:00+00:00,0.44499999999999995,0.445,,0.8873028,0.07604902,0.036648143,GOOD,GOOD,
2024-12-18 02:00:00+00:00,0.33499999999999996,0.335,,0.8873028,0.07604902,0.036648143,GOOD,GOOD,
2024-12-18 03:00:00+00:00,0.355,0.35500000000000004,,0.8873028,0.07604902,0.036648143,GOOD,GOOD,
2024-12-18 04:00:00+00:00,0.345,0.34500000000000003,,0.8873028,0.07604902,0.036648143,GOOD,GOOD,
2024-12-18 05:00:00+00:00,0.375,0.3750000000000001,,0.8873028,0.07604902,0.036648143,GOOD,GOOD,
2024-12-18 06:00:00+00:00,0.43,0.43000000000000005,,0.8873028,0.07604902,0.036648143,GOOD,GOOD,
2024-12-18 07:00:00+00:00,0.44499999999999995,0.445,,0.8873028,0.07604902,0.036648143,GOOD,GOOD,
2024-12-18 08:00:00+00:00,0.45499999999999996,0.455,,0.8873028,0.07604902,0.036648143,GOOD,GOOD,
2024-12-18 09:00:00+00:00,0.41000000000000003,0.4100000000000001,,0.8873028,0.07604902,0.036648143,GOOD,GOOD,
2024-12-18 10:00:00+00:00,0.345,0.34500000000000003,,0.8873028,0.07604902,0.036648143,GOOD,GOOD,
2024-12-18 11:00:00+00:00,0.395,0.3950000000000001,,0.8873028,0.07604902,0.036648143,GOOD,GOOD,
2024-12-18 12:00:00+00:00,0.37,0.37000000000000005,,0.8873028,0.07604902,0.036648143,GOOD,GOOD,
2024-12-18 13:00:00+00:00,0.41000000000000003,0.4100000000000001,,0.8873028,0.07604902,0.036648143,GOOD,GOOD,
2024-12-18 14:00:00+00:00,0.33999999999999997,0.3400000000000001,,0.8873028,0.07604902,0.036648143,GOOD,GOOD,
2024-12-18 15:00:00+00:00,0.325,0.32500000000000007,,0.8873028,0.07604902,0.036648143,GOOD,GOOD,
2024-12-18 16:00:00+00:00,0.29500000000000004,0.2950000000000001,,0.8873028,0.07604902,0.036648143,GOOD,GOOD,
2024-12-18 17:00:00+00:00,0.315,0.31500000000000006,,0.8873028,0.07604902,0.036648143,GOOD,GOOD,
2024-12-18 18:00:00+00:00,0.335,0.3350000000000001,,0.8873028,0.07604902,0.036648143,GOOD,GOOD,
2024-12-18 19:00:00+00:00,0.375,0.3750000000000001,,0.8873028,0.07604902,0.036648143,GOOD,GOOD,
2024-12-18 20:00:00+00:00,0.385,0.38500000000000006,,0.8873028,0.07604902,0.036648143,GOOD,GOOD,
2024-12-18 21:00:00+00:00,0.415,0.4150000000000001,,0.8873028,0.07604902,0.036648143,GOOD,GOOD,
2024-12-18 22:00:00+00:00,0.425,0.4250000000000001,,0.8873028,0.07604902,0.036648143,GOOD,GOOD,
2024-12-18 23:00:00+00:00,0.355,0.35500000000000004,,0.8873028,0.07604902,0.036648143,GOOD,GOOD,
2024-12-19 00:00:00+00:00,0.35,0.35000000000000003,,0.8873028,0.07604902,0.036648143,GOOD,GOOD,
2024-12-19 01:00:00+00:00,0.325,0.32500000000000007,,0.8873028,0.07604902,0.036648143,GOOD,GOOD,
2024-12-19 02:00:00+00:00,0.30000000000000004,0.3000000000000001,,0.8873028,0.07604902,0.036648143,GOOD,GOOD,
2024-12-19 03:00:00+00:00,0.245,0.24500000000000002,,0.8873028,0.07604902,0.036648143,GOOD,GOOD,
2024-12-19 04:00:00+00:00,0.28500000000000003,0.7503558678148599,,0.8873028,0.07604902,0.036648143,SUSPECT,GOOD,C_level_shift
2024-12-19 05:00:00+00:00,0.25,0.71535586781486,,0.8873028,0.07604902,0.036648143,SUSPECT,GOOD,C_level_shift
2024-12-19 06:00:00+00:00,0.29000000000000004,0.7553558678148601,,0.8873028,0.07604902,0.036648143,SUSPECT,GOOD,C_level_shift
2024-12-19 07:00:00+00:00,0.315,0.78035586781486,,0.8873028,0.07604902,0.036648143,SUSPECT,GOOD,C_level_shift
2024-12-19 08:00:00+00:00,0.375,0.8403558678148599,,0.8873028,0.07604902,0.036648143,SUSPECT,GOOD,C_level_shift
2024-12-19 09:00:00+00:00,0.325,0.7903558678148599,,0.8873028,0.07604902,0.036648143,SUSPECT,GOOD,C_level_shift
2024-12-19 10:00:00+00:00,0.3,0.76535586781486,,0.8873028,0.07604902,0.036648143,SUSPECT,GOOD,C_level_shift
2024-12-19 11:00:00+00:00,0.28500000000000003,0.7503558678148599,,0.8873028,0.07604902,0.036648143,SUSPECT,GOOD,C_level_shift
2024-12-19 12:00:00+00:00,0.35,0.8153558678148598,,0.8873028,0.07604902,0.036648143,SUSPECT,GOOD,C_level_shift
2024-12-19 13:00:00+00:00,0.345,0.81035586781486,,0.8873028,0.07604902,0.036648143,SUSPECT,GOOD,C_level_shift
2024-12-19 14:00:00+00:00,0.315,0.78035586781486,,0.8873028,0.07604902,0.036648143,SUSPECT,GOOD,C_level_shift
2024-12-19 15:00:00+00:00,0.265,0.73035586781486,,0.8873028,0.07604902,0.036648143,SUSPECT,GOOD,C_level_shift
2024-12-19 16:00:00+00:00,0.35,0.8153558678148598,,0.8873028,0.07604902,0.036648143,SUSPECT,GOOD,C_level_shift
2024-12-19 17:00:00+00:00,0.3,0.76535586781486,,0.8873028,0.07604902,0.036648143,SUSPECT,GOOD,C_level_shift
2024-12-19 18:00:00+00:00,0.33,0.7953558678148599,,0.8873028,0.07604902,0.036648143,SUSPECT,GOOD,C_level_shift
2024-12-19 19:00:00+00:00,0.385,0.8503558678148601,,0.8873028,0.07604902,0.036648143,SUSPECT,GOOD,C_level_shift
2024-12-19 20:00:00+00:00,0.4,0.8653558678148598,,0.8873028,0.07604902,0.036648143,SUSPECT,GOOD,C_level_shift
2024-12-19 21:00:00+00:00,0.425,0.8903558678148599,,0.8873028,0.07604902,0.036648143,SUSPECT,GOOD,C_level_shift
2024-12-19 22:00:00+00:00,0.37,0.8353558678148599,,0.8873028,0.07604902,0.036648143,SUSPECT,GOOD,C_level_shift
2024-12-19 23:00:00+00:00,0.335,0.80035586781486,,0.8873028,0.07604902,0.036648143,SUSPECT,GOOD,C_level_shift
2024-12-20 00:00:00+00:00,0.33499999999999996,0.80035586781486,,0.8873028,0.07604902,0.036648143,SUSPECT,GOOD,C_level_shift
2024-12-20 01:00:00+00:00,0.305,0.7703558678148599,,0.8873028,0.07604902,0.036648143,SUSPECT,GOOD,C_level_shift
2024-12-20 02:00:00+00:00,0.28,0.74535586781486,,0.8873028,0.07604902,0.036648143,SUSPECT,GOOD,C_level_shift
2024-12-20 03:00:00+00:00,0.255,0.7203558678148598,,0.8873028,0.07604902,0.036648143,SUSPECT,GOOD,C_level_shift
2024-12-20 04:00:00+00:00,0.235,0.7003558678148598,,0.8873028,0.07604902,0.036648143,SUSPECT,GOOD,C_level_shift
2024-12-20 05:00:00+00:00,0.295,0.76035586781486,,0.8873028,0.07604902,0.036648143,SUSPECT,GOOD,C_level_shift
2024-12-20 06:00:00+00:00,0.28500000000000003,0.7503558678148599,,0.8873028,0.07604902,0.036648143,SUSPECT,GOOD,C_level_shift
2024-12-20 07:00:00+00:00,0.275,0.74035586781486,,0.8873028,0.07604902,0.036648143,SUSPECT,GOOD,C_level_shift
2024-12-20 08:00:00+00:00,0.31,0.7753558678148599,,0.8873028,0.07604902,0.036648143,SUSPECT,GOOD,C_level_shift
2024-12-20 09:00:00+00:00,0.305,0.7703558678148599,,0.8873028,0.07604902,0.036648143,SUSPECT,GOOD,C_level_shift
2024-12-20 10:00:00+00:00,0.3,0.76535586781486,,0.8873028,0.07604902,0.036648143,SUSPECT,GOOD,C_level_shift
2024-12-20 11:00:00+00:00,0.29000000000000004,0.7553558678148601,,0.8873028,0.07604902,0.036648143,SUSPECT,GOOD,C_level_shift
2024-12-20 12:00:00+00:00,0.29,0.75535586781486,,0.8873028,0.07604902,0.036648143,SUSPECT,GOOD,C_level_shift
2024-12-20 13:00:00+00:00,0.295,0.76035586781486,,0.8873028,0.07604902,0.036648143,SUSPECT,GOOD,C_level_shift
2024-12-20 14:00:00+00:00,0.3,0.76535586781486,,0.8873028,0.07604902,0.036648143,SUSPECT,GOOD,C_level_shift
2024-12-20 15:00:00+00:00,0.29,0.75535586781486,,0.8873028,0.07604902,0.036648143,SUSPECT,GOOD,C_level_shift
2024-12-20 16:00:00+00:00,0.28,0.74535586781486,,0.8873028,0.07604902,0.036648143,SUSPECT,GOOD,C_level_shift
2024-12-20 17:00:00+00:00,0.31,0.7753558678148599,,0.8873028,0.07604902,0.036648143,SUSPECT,GOOD,C_level_shift
2024-12-20 18:00:00+00:00,0.305,0.7703558678148599,,0.8873028,0.07604902,0.036648143,SUSPECT,GOOD,C_level_shift
2024-12-20 19:00:00+00:00,0.315,0.78035586781486,,0.8873028,0.07604902,0.036648143,SUSPECT,GOOD,C_level_shift
2024-12-20 20:00:00+00:00,0.375,0.8403558678148599,,0.8873028,0.07604902,0.036648143,SUSPECT,GOOD,C_level_shift
2024-12-20 21:00:00+00:00,0.385,0.8503558678148601,,0.8873028,0.07604902,0.036648143,SUSPECT,GOOD,C_level_shift
2024-12-20 22:00:00+00:00,0.375,0.8403558678148599,,0.8873028,0.07604902,0.036648143,SUSPECT,GOOD,C_level_shift
2024-12-20 23:00:00+00:00,0.335,0.80035586781486,,0.8873028,0.07604902,0.036648143,SUSPECT,GOOD,C_level_shift
2024-12-21 00:00:00+00:00,0.30000000000000004,0.76535586781486,,0.8873028,0.07604902,0.036648143,SUSPECT,GOOD,C_level_shift
2024-12-21 01:00:00+00:00,0.29,0.75535586781486,,0.8873028,0.07604902,0.036648143,SUSPECT,GOOD,C_level_shift
2024-12-21 02:00:00+00:00,0.275,0.74035586781486,0.7812988,0.9463484,0.01905604,0.03459554,SUSPECT,GOOD,C_level_shift
2024-12-21 03:00:00+00:00,0.265,0.73035586781486,0.76825464,0.9241162,0.024470063,0.05141372,SUSPECT,GOOD,C_level_shift
2024-12-21 04:00:00+00:00,0.25,0.25,0.7578492,0.4122064,0.18380897,0.40398464,GOOD,GOOD,
2024-12-21 05:00:00+00:00,0.27,0.2700000000000001,0.4517469,0.53856075,0.25566903,0.20577021,GOOD,GOOD,
2024-12-21 06:00:00+00:00,0.26,0.26000000000000006,0.30632877,0.53856075,0.25566903,0.20577021,GOOD,GOOD,
2024-12-21 07:00:00+00:00,0.24,0.24,0.27480897,0.53856075,0.25566903,0.20577021,GOOD,GOOD,
2024-12-21 08:00:00+00:00,0.215,0.215,0.27011287,0.53856075,0.25566903,0.20577021,GOOD,GOOD,
2024-12-21 09:00:00+00:00,0.195,0.195,0.25594652,0.5421405,0.25291255,0.20494698,GOOD,GOOD,
2024-12-21 10:00:00+00:00,0.22,0.22,0.23562844,0.5457687,0.25012958,0.20410176,GOOD,GOOD,
2024-12-21 11:00:00+00:00,0.21500000000000002,0.21500000000000002,0.24037065,0.59515154,0.21272027,0.19212817,GOOD,GOOD,
2024-12-21 12:00:00+00:00,0.21500000000000002,0.21500000000000002,0.24555951,0.73418915,0.13337429,0.13243659,GOOD,GOOD,
2024-12-21 13:00:00+00:00,0.27,0.2700000000000001,0.24712995,0.84987897,0.08899669,0.06112433,GOOD,GOOD,
2024-12-21 14:00:00+00:00,0.28,0.28000000000000014,0.27911958,0.93376243,0.03845152,0.027786052,GOOD,GOOD,
2024-12-21 15:00:00+00:00,0.255,0.255,0.3052608,0.9537302,0.023048399,0.023221353,GOOD,GOOD,
2024-12-21 16:00:00+00:00,0.235,0.235,0.2987819,0.9207981,0.027241796,0.051960096,GOOD,GOOD,
2024-12-21 17:00:00+00:00,0.27,0.2700000000000001,0.2775475,0.9696146,0.019445296,0.010940069,GOOD,GOOD,
2024-12-21 18:00:00+00:00,0.28500000000000003,0.2850000000000001,0.2870742,0.97316414,0.015397573,0.011438295,GOOD,GOOD,
2024-12-21 19:00:00+00:00,0.295,0.29500000000000004,0.30687228,0.9226496,0.022942955,0.054407407,GOOD,GOOD,
2024-12-21 20:00:00+00:00,0.30000000000000004,0.3000000000000001,0.32191008,0.88586986,0.024569849,0.0895603,GOOD,GOOD,
2024-12-21 21:00:00+00:00,0.305,0.3050000000000001,0.32947415,0.8052743,0.03329719,0.1614285,GOOD,GOOD,
2024-12-21 22:00:00+00:00,0.25,0.25,0.33396655,0.89100015,0.07199184,0.037008002,GOOD,GOOD,
2024-12-21 23:00:00+00:00,0.25,0.25,0.3026539,0.9488163,0.026189478,0.024994206,GOOD,GOOD,
2024-12-22 00:00:00+00:00,0.235,0.235,0.28260574,0.95999795,0.021142581,0.018859463,GOOD,GOOD,
2024-12-22 01:00:00+00:00,0.29,0.29000000000000004,0.26906657,0.91637695,0.056540757,0.027082268,GOOD,GOOD,
2024-12-22 02:00:00+00:00,0.275,0.2750000000000001,0.29692227,0.96598667,0.019569993,0.014443346,GOOD,GOOD,
2024-12-22 03:00:00+00:00,0.28,0.28000000000000014,0.30823568,0.9624332,0.014501998,0.023064798,GOOD,GOOD,
2024-12-22 04:00:00+00:00,0.29000000000000004,0.2900000000000001,0.31095845,0.9275741,0.022492377,0.049933515,GOOD,GOOD,
2024-12-22 05:00:00+00:00,0.29,0.29000000000000004,0.31677696,0.89047456,0.023502747,0.08602267,GOOD,GOOD,
2024-12-22 06:00:00+00:00,0.265,0.26500000000000007,0.32011726,0.96723205,0.018115522,0.014652425,GOOD,GOOD,
2024-12-22 07:00:00+00:00,0.265,0.26500000000000007,0.30609736,0.9708572,0.012812534,0.016330246,GOOD,GOOD,
2024-12-22 08:00:00+00:00,0.29000000000000004,0.2900000000000001,0.29688862,0.9686597,0.017757077,0.013583236,GOOD,GOOD,
2024-12-22 09:00:00+00:00,0.31,0.31000000000000005,0.3095106,0.93750083,0.030764295,0.0317349,GOOD,GOOD,
2024-12-22 10:00:00+00:00,0.28,0.28000000000000014,0.33108807,0.9710009,0.016473763,0.012525304,GOOD,GOOD,
2024-12-22 11:00:00+00:00,0.265,0.26500000000000007,0.32305992,0.9573738,0.017993849,0.024632342,GOOD,GOOD,
2024-12-22 12:00:00+00:00,0.29000000000000004,0.2900000000000001,0.3045134,0.96885735,0.018639842,0.012502816,GOOD,GOOD,
2024-12-22 13:00:00+00:00,0.32,0.32000000000000006,0.31046095,0.9359941,0.037900425,0.026105477,GOOD,GOOD,
2024-12-22 14:00:00+00:00,0.33,0.3300000000000001,0.33632752,0.9550241,0.02460963,0.020366224,GOOD,GOOD,
2024-12-22 15:00:00+00:00,0.37,0.37000000000000005,0.35613906,0.9185498,0.050766163,0.030684093,GOOD,GOOD,
2024-12-22 16:00:00+00:00,0.415,0.4150000000000001,0.38635278,0.88265467,0.07536111,0.04198421,GOOD,GOOD,
2024-12-22 17:00:00+00:00,0.43,0.43000000000000005,0.42812046,0.8926365,0.06244236,0.044921175,GOOD,GOOD,
2024-12-22 18:00:00+00:00,0.4,0.40000000000000013,0.4553428,0.9299156,0.04196735,0.028117059,GOOD,GOOD,
2024-12-22 19:00:00+00:00,0.375,0.3750000000000001,0.4436912,0.9343163,0.032251853,0.0334319,GOOD,GOOD,
2024-12-22 20:00:00+00:00,0.38,0.38000000000000006,0.41683903,0.96937215,0.016095841,0.014532023,GOOD,GOOD,
2024-12-22 21:00:00+00:00,0.39,0.3900000000000001,0.40766764,0.91652596,0.030987246,0.05248682,GOOD,GOOD,
2024-12-22 22:00:00+00:00,0.385,0.38500000000000006,0.414089,0.94747895,0.02179836,0.030722683,GOOD,GOOD,
2024-12-22 23:00:00+00:00,0.38,0.38000000000000006,0.41602618,0.8254631,0.034690253,0.13984665,GOOD,GOOD,
2024-12-23 00:00:00+00:00,0.33,0.3300000000000001,0.4123548,0.91335934,0.051199872,0.035440784,GOOD,GOOD,
2024-12-23 01:00:00+00:00,0.32999999999999996,0.33000000000000007,0.37957388,0.9569518,0.019679137,0.023369066,GOOD,GOOD,
2024-12-23 02:00:00+00:00,0.28500000000000003,0.2850000000000001,0.36125252,0.9072882,0.05438547,0.038326345,GOOD,GOOD,
2024-12-23 03:00:00+00:00,0.305,0.3050000000000001,0.3308656,0.9542821,0.024360375,0.02135752,GOOD,GOOD,
2024-12-23 04:00:00+00:00,0.295,0.29500000000000004,0.3277746,0.9584351,0.018261315,0.02330357,GOOD,GOOD,
2024-12-23 05:00:00+00:00,0.29000000000000004,0.2900000000000001,0.32665515,0.79219025,0.032673288,0.17513648,GOOD,GOOD,
2024-12-23 06:00:00+00:00,0.3,0.30000000000000004,0.3228774,0.9421905,0.020860655,0.03694881,GOOD,GOOD,
2024-12-23 07:00:00+00:00,0.305,0.3050000000000001,0.3267352,0.8253552,0.0317089,0.1429359,GOOD,GOOD,
2024-12-23 08:00:00+00:00,0.305,0.3050000000000001,0.33300418,0.6713326,0.041268274,0.2873991,GOOD,GOOD,
2024-12-23 09:00:00+00:00,0.33,0.3300000000000001,0.3358348,0.95141447,0.021945998,0.026639536,GOOD,GOOD,
2024-12-23 10:00:00+00:00,0.345,0.34500000000000003,0.3511889,0.9450815,0.020935493,0.03398306,GOOD,GOOD,
2024-12-23 11:00:00+00:00,0.33,0.3300000000000001,0.36907205,0.9400089,0.02430867,0.035682425,GOOD,GOOD,
2024-12-23 12:00:00+00:00,0.32,0.32000000000000006,0.36716983,0.7251719,0.056328136,0.21849994,GOOD,GOOD,
2024-12-23 13:00:00+00:00,0.295,0.29500000000000004,0.35627347,0.88367456,0.052708883,0.06361656,GOOD,GOOD,
2024-12-23 14:00:00+00:00,0.315,0.31500000000000006,0.3357054,0.9370236,0.028506758,0.034469653,GOOD,GOOD,
2024-12-23 15:00:00+00:00,0.305,0.3050000000000001,0.3376681,0.9259205,0.028337955,0.045741566,GOOD,GOOD,
2024-12-23 16:00:00+00:00,0.315,0.31500000000000006,0.33738217,0.92484814,0.02619043,0.048961446,GOOD,GOOD,
2024-12-23 17:00:00+00:00,0.28500000000000003,0.2850000000000001,0.3420732,0.8944776,0.045416106,0.06010631,GOOD,GOOD,
2024-12-23 18:00:00+00:00,0.265,0.26500000000000007,0.3271149,0.8357295,0.063465364,0.100805156,GOOD,GOOD,
2024-12-23 19:00:00+00:00,0.31,0.31000000000000005,0.30506793,0.92663145,0.04756867,0.025799848,GOOD,GOOD,
2024-12-23 20:00:00+00:00,0.34,0.34000000000000014,0.3219122,0.94868475,0.03402956,0.017285714,GOOD,GOOD,
2024-12-23 21:00:00+00:00,0.34,0.34000000000000014,0.3552501,0.96662104,0.016528185,0.016850803,GOOD,GOOD,
2024-12-23 22:00:00+00:00,0.355,0.35500000000000004,0.37073016,0.9618599,0.01887507,0.019265063,GOOD,GOOD,
2024-12-23 23:00:00+00:00,0.365,0.3650000000000001,0.3817414,0.91465646,0.027820168,0.057523396,GOOD,GOOD,
2024-12-24 00:00:00+00:00,0.365,0.3650000000000001,0.39175138,0.8816121,0.028008966,0.09037893,GOOD,GOOD,
2024-12-24 01:00:00+00:00,0.345,0.34500000000000003,0.3955705,0.9667417,0.017280549,0.015977759,GOOD,GOOD,
2024-12-24 02:00:00+00:00,0.34,0.34000000000000014,0.3836729,0.94809145,0.01727388,0.034634672,GOOD,GOOD,
2024-12-24 03:00:00+00:00,0.29500000000000004,0.2950000000000001,0.37303683,0.9194494,0.04851126,0.032039337,GOOD,GOOD,
2024-12-24 04:00:00+00:00,0.255,0.255,0.3425098,0.89396775,0.06533099,0.040701292,GOOD,GOOD,
2024-12-24 05:00:00+00:00,0.265,0.26500000000000007,0.30265358,0.95283574,0.025153678,0.022010557,GOOD,GOOD,
2024-12-24 06:00:00+00:00,0.305,0.3050000000000001,0.2909549,0.9438387,0.03778314,0.018378155,GOOD,GOOD,
2024-12-24 07:00:00+00:00,0.29000000000000004,0.2900000000000001,0.31609985,0.9645921,0.019958643,0.015449261,GOOD,GOOD,
2024-12-24 08:00:00+00:00,0.245,0.24500000000000002,0.32436922,0.9310999,0.04157777,0.027322333,GOOD,GOOD,
2024-12-24 09:00:00+00:00,0.245,0.24500000000000002,0.2964755,0.9592948,0.020285867,0.02041936,GOOD,GOOD,
2024-12-24 10:00:00+00:00,0.25,0.25,0.27808803,0.8791579,0.028713478,0.0921286,GOOD,GOOD,
2024-12-24 11:00:00+00:00,0.27,0.2700000000000001,0.2766233,0.9685391,0.017312488,0.01414838,GOOD,GOOD,
2024-12-24 12:00:00+00:00,0.28,0.28000000000000014,0.29118603,0.9423189,0.020262187,0.03741892,GOOD,GOOD,
2024-12-24 13:00:00+00:00,0.26,0.26000000000000006,0.30602756,0.95966244,0.01901744,0.02132013,GOOD,GOOD,
2024-12-24 14:00:00+00:00,0.235,0.235,0.29979706,0.90989333,0.038444694,0.051661957,GOOD,GOOD,
2024-12-24 15:00:00+00:00,0.245,0.24500000000000002,0.27812093,0.96117616,0.018510176,0.020313641,GOOD,GOOD,
2024-12-24 16:00:00+00:00,0.25,0.25,0.27239606,0.8531281,0.032702647,0.11416929,GOOD,GOOD,
2024-12-24 17:00:00+00:00,0.26,0.26000000000000006,0.27689058,0.90296113,0.028328683,0.06871019,GOOD,GOOD,
2024-12-24 18:00:00+00:00,0.28500000000000003,0.2850000000000001,0.28629982,0.9597296,0.020604817,0.01966556,GOOD,GOOD,
2024-12-24 19:00:00+00:00,0.275,0.2750000000000001,0.30564812,0.945202,0.023836082,0.030961955,GOOD,GOOD,
2024-12-24 20:00:00+00:00,0.28500000000000003,0.2850000000000001,0.30953857,0.95062894,0.020509353,0.028861733,GOOD,GOOD,
2024-12-24 21:00:00+00:00,0.3,0.30000000000000004,0.3134161,0.9355951,0.023447635,0.040957287,GOOD,GOOD,
2024-12-24 22:00:00+00:00,0.255,0.255,0.32438532,0.86254805,0.07916793,0.058284026,GOOD,GOOD,
2024-12-24 23:00:00+00:00,0.25,0.25,0.30359286,0.8850706,0.048880763,0.06604859,GOOD,GOOD,
2024-12-25 00:00:00+00:00,0.27,0.2700000000000001,0.28534463,0.9486204,0.021864131,0.029515505,GOOD,GOOD,
2024-12-25 01:00:00+00:00,0.255,0.255,0.29112518,0.93685997,0.026255388,0.03688466,GOOD,GOOD,
2024-12-25 02:00:00+00:00,0.22999999999999998,0.23,0.28971982,0.8947666,0.04671314,0.058520224,GOOD,GOOD,
2024-12-25 03:00:00+00:00,0.21000000000000002,0.21000000000000002,0.27220255,0.84700584,0.062138174,0.090855986,GOOD,GOOD,
2024-12-25 04:00:00+00:00,0.20500000000000002,0.20500000000000002,0.25014737,0.8850672,0.042380314,0.07255248,BAD,GOOD,E_stuck
2024-12-25 05:00:00+00:00,0.215,0.20500000000000002,0.23759057,0.8143306,0.043022454,0.14264694,BAD,GOOD,E_stuck
2024-12-25 06:00:00+00:00,0.235,0.20500000000000002,0.23457535,0.5947789,0.051365513,0.35385555,BAD,GOOD,E_stuck
2024-12-25 07:00:00+00:00,0.26,0.20500000000000002,0.23513661,0.5805379,0.050405353,0.3690567,BAD,GOOD,E_stuck
2024-12-25 08:00:00+00:00,0.26,0.20500000000000002,0.23587821,0.5393034,0.052482735,0.40821385,BAD,GOOD,E_stuck
2024-12-25 09:00:00+00:00,0.265,0.20500000000000002,0.2361413,0.53369135,0.054062366,0.4122463,BAD,GOOD,E_stuck
2024-12-25 10:00:00+00:00,0.265,0.20500000000000002,0.23616809,0.5127624,0.055731457,0.43150616,BAD,GOOD,E_stuck
2024-12-25 11:00:00+00:00,0.295,0.20500000000000002,0.2361646,0.4853176,0.05648687,0.45819554,BAD,GOOD,E_stuck
2024-12-25 12:00:00+00:00,0.29,0.20500000000000002,0.23617582,0.4546488,0.05654631,0.4888049,BAD,GOOD,E_stuck
2024-12-25 13:00:00+00:00,0.27,0.20500000000000002,0.23618488,0.43684202,0.057312947,0.505845,BAD,GOOD,E_stuck
2024-12-25 14:00:00+00:00,0.27,0.20500000000000002,0.2361778,0.43103576,0.058838427,0.5101258,BAD,GOOD,E_stuck
2024-12-25 15:00:00+00:00,0.295,0.20500000000000002,0.23615456,0.42671943,0.0599657,0.51331484,BAD,GOOD,E_stuck
2024-12-25 16:00:00+00:00,0.27,0.2700000000000001,0.23612154,0.53856075,0.25566903,0.20577021,GOOD,GOOD,
2024-12-25 17:00:00+00:00,0.22999999999999998,0.23,0.27405158,0.53856075,0.25566903,0.20577021,GOOD,GOOD,
2024-12-25 18:00:00+00:00,0.265,0.26500000000000007,0.27466086,0.53856075,0.25566903,0.20577021,GOOD,GOOD,
2024-12-25 19:00:00+00:00,0.295,0.29500000000000004,0.2860142,0.53856075,0.25566903,0.20577021,GOOD,GOOD,
2024-12-25 20:00:00+00:00,0.29500000000000004,0.2950000000000001,0.31203628,0.53856075,0.25566903,0.20577021,GOOD,GOOD,
2024-12-25 21:00:00+00:00,0.305,0.3050000000000001,0.3253352,0.53856075,0.25566903,0.20577021,GOOD,GOOD,
2024-12-25 22:00:00+00:00,0.31,0.31000000000000005,0.3334588,0.53856075,0.25566903,0.20577021,GOOD,GOOD,
2024-12-25 23:00:00+00:00,0.32,0.32000000000000006,0.33897623,0.53856075,0.25566903,0.20577021,GOOD,GOOD,
2024-12-26 00:00:00+00:00,0.35,0.35000000000000003,0.34675476,0.53856075,0.25566903,0.20577021,GOOD,GOOD,
2024-12-26 01:00:00+00:00,0.345,0.34500000000000003,0.3684854,0.53856075,0.25566903,0.20577021,GOOD,GOOD,
2024-12-26 02:00:00+00:00,0.345,0.34500000000000003,0.37675464,0.53856075,0.25566903,0.20577021,GOOD,GOOD,
2024-12-26 03:00:00+00:00,0.28500000000000003,0.2850000000000001,0.376809,0.53856075,0.25566903,0.20577021,GOOD,GOOD,
2024-12-26 04:00:00+00:00,0.28,0.28000000000000014,0.3395036,0.77608675,0.13567796,0.088235274,GOOD,GOOD,
2024-12-26 05:00:00+00:00,0.31999999999999995,0.32,0.3144212,0.8172556,0.12087313,0.061871286,GOOD,GOOD,
2024-12-26 06:00:00+00:00,0.32499999999999996,0.325,0.3317168,0.93685305,0.038719893,0.024427071,GOOD,GOOD,
2024-12-26 07:00:00+00:00,0.3,0.30000000000000004,0.35023475,0.94100386,0.03476862,0.024227537,GOOD,GOOD,
2024-12-26 08:00:00+00:00,0.32,0.32000000000000006,0.34158304,0.9391661,0.036801513,0.024032366,GOOD,GOOD,
2024-12-26 09:00:00+00:00,0.31,0.31000000000000005,0.3445047,0.97325903,0.01366652,0.013074456,GOOD,GOOD,
2024-12-26 10:00:00+00:00,0.325,0.32500000000000007,0.34291455,0.9741026,0.014196487,0.011700927,GOOD,GOOD,
2024-12-26 11:00:00+00:00,0.325,0.32500000000000007,0.3500493,0.90732557,0.021248123,0.07142633,GOOD,GOOD,
2024-12-26 12:00:00+00:00,0.315,0.31500000000000006,0.35486075,0.91203606,0.021562114,0.06640183,GOOD,GOOD,
2024-12-26 13:00:00+00:00,0.28,0.28000000000000014,0.35003912,0.93376875,0.03581423,0.030417042,GOOD,GOOD,
2024-12-26 14:00:00+00:00,0.32,0.32000000000000006,0.3253604,0.9500429,0.02933264,0.020624466,GOOD,GOOD,
2024-12-26 15:00:00+00:00,0.315,0.31500000000000006,0.3354721,0.96392304,0.017126292,0.018950652,GOOD,GOOD,
2024-12-26 16:00:00+00:00,0.275,0.2750000000000001,0.34439033,0.9021387,0.056272138,0.04158917,GOOD,GOOD,
2024-12-26 17:00:00+00:00,0.28,0.28000000000000014,0.32279664,0.94690627,0.02376386,0.02932988,GOOD,GOOD,
2024-12-26 18:00:00+00:00,0.255,0.255,0.31080124,0.9258989,0.037209034,0.036892038,GOOD,GOOD,
2024-12-26 19:00:00+00:00,0.255,0.255,0.29410255,0.93210053,0.02806521,0.039834224,GOOD,GOOD,
2024-12-26 20:00:00+00:00,0.275,0.2750000000000001,0.28599814,0.95379597,0.021252984,0.024951054,GOOD,GOOD,
2024-12-26 21:00:00+00:00,0.275,0.2750000000000001,0.2964402,0.9278237,0.022567535,0.049608722,GOOD,GOOD,
2024-12-26 22:00:00+00:00,0.29500000000000004,0.2950000000000001,0.30442983,0.95144975,0.020785883,0.02776435,GOOD,GOOD,
2024-12-26 23:00:00+00:00,0.3,0.30000000000000004,0.31843266,0.91438913,0.023310233,0.062300656,GOOD,GOOD,
2024-12-27 00:00:00+00:00,0.315,0.31500000000000006,0.3284436,0.9391664,0.021777892,0.03905565,GOOD,GOOD,
2024-12-27 01:00:00+00:00,0.3,0.30000000000000004,0.3404104,0.93160564,0.027556762,0.040837593,GOOD,GOOD,
2024-12-27 02:00:00+00:00,0.315,0.31500000000000006,0.3367465,0.94724756,0.021284588,0.031467848,GOOD,GOOD,
2024-12-27 03:00:00+00:00,0.265,0.26500000000000007,0.34094298,0.8560514,0.08069867,0.06324996,GOOD,GOOD,
2024-12-27 04:00:00+00:00,0.28500000000000003,0.2850000000000001,0.3149355,0.9319552,0.030054757,0.037989996,GOOD,GOOD,
2024-12-27 05:00:00+00:00,0.275,0.23563815968217125,0.3097689,0.85962903,0.07746192,0.06290901,SUSPECT,GOOD,F_burst_noise
2024-12-27 06:00:00+00:00,0.25,0.31748729471088727,0.28386232,0.8285261,0.119861245,0.05161268,SUSPECT,GOOD,F_burst_noise
2024-12-27 07:00:00+00:00,0.28500000000000003,0.02,0.31656578,0.2296465,0.23917517,0.5311783,SUSPECT,SUSPECT,F_burst_noise
2024-12-27 08:00:00+00:00,0.28500000000000003,0.34009321528850167,0.17263392,0.41689134,0.29312113,0.2899875,SUSPECT,GOOD,F_burst_noise
2024-12-27 09:00:00+00:00,0.305,0.33333924912459895,0.25356084,0.3288355,0.47393546,0.19722906,SUSPECT,SUSPECT,F_burst_noise
2024-12-27 10:00:00+00:00,0.315,0.033050314904288614,0.3424079,0.18984103,0.24544501,0.56471395,SUSPECT,SUSPECT,F_burst_noise
2024-12-27 11:00:00+00:00,0.32,0.32357129625961434,0.19814411,0.4488703,0.29474947,0.25638023,SUSPECT,GOOD,F_burst_noise
2024-12-27 12:00:00+00:00,0.325,0.6315802698248582,0.25356027,0.17242444,0.48858896,0.33898664,SUSPECT,SUSPECT,F_burst_noise
2024-12-27 13:00:00+00:00,0.32,0.2601349735083477,0.5248414,0.4120462,0.18995363,0.39800018,SUSPECT,GOOD,F_burst_noise
2024-12-27 14:00:00+00:00,0.315,0.2983796080135346,0.43007758,0.6594121,0.2111596,0.12942831,SUSPECT,GOOD,F_burst_noise
2024-12-27 15:00:00+00:00,0.28500000000000003,0.24157881467033498,0.34349233,0.90502506,0.06428221,0.030692736,SUSPECT,GOOD,F_burst_noise
2024-12-27 16:00:00+00:00,0.305,0.3219760321408648,0.28589672,0.8918792,0.07342122,0.034699596,SUSPECT,GOOD,F_burst_noise
2024-12-27 17:00:00+00:00,0.255,0.43488393221462746,0.31595665,0.546509,0.3404931,0.112997815,SUSPECT,GOOD,F_burst_noise
2024-12-27 18:00:00+00:00,0.265,0.3425071291617163,0.41520217,0.90469277,0.061991673,0.033315573,SUSPECT,GOOD,F_burst_noise
2024-12-27 19:00:00+00:00,0.29500000000000004,0.35412900901478384,0.40801156,0.97142494,0.015895383,0.012679691,SUSPECT,GOOD,F_burst_noise
2024-12-27 20:00:00+00:00,0.36,0.07213579397559979,0.38923863,0.119012535,0.355781,0.5252065,SUSPECT,SUSPECT,F_burst_noise
2024-12-27 21:00:00+00:00,0.355,0.5630906956760402,0.21869567,0.17795277,0.3236746,0.49837264,SUSPECT,SUSPECT,F_burst_noise
2024-12-27 22:00:00+00:00,0.35,0.45879711772547593,0.408203,0.77662164,0.16406159,0.059316788,SUSPECT,GOOD,F_burst_noise
2024-12-27 23:00:00+00:00,0.315,0.21767453137350024,0.50259656,0.23959947,0.45258197,0.30781856,SUSPECT,SUSPECT,F_burst_noise
2024-12-28 00:00:00+00:00,0.315,0.21940458467537455,0.3598263,0.29779196,0.30612764,0.3960804,SUSPECT,SUSPECT,F_burst_noise
2024-12-28 01:00:00+00:00,0.305,0.3117698677052053,0.26393458,0.8987807,0.07559514,0.025624167,SUSPECT,GOOD,F_burst_noise
2024-12-28 02:00:00+00:00,0.28,0.4411561749592405,0.29365867,0.35539997,0.49162862,0.15297142,SUSPECT,SUSPECT,F_burst_noise
2024-12-28 03:00:00+00:00,0.265,0.02,0.4111454,0.121629894,0.29031757,0.5880526,SUSPECT,SUSPECT,F_burst_noise
2024-12-28 04:00:00+00:00,0.295,0.32626993302890456,0.22422422,0.39696372,0.4140817,0.1889546,SUSPECT,SUSPECT,F_burst_noise
2024-12-28 05:00:00+00:00,0.29000000000000004,0.2900000000000001,0.25713128,0.92989874,0.049562626,0.020538628,GOOD,GOOD,
2024-12-28 06:00:00+00:00,0.275,0.2750000000000001,0.3081319,0.9124786,0.023483878,0.06403747,GOOD,GOOD,
2024-12-28 07:00:00+00:00,0.305,0.3050000000000001,0.31635785,0.97063863,0.016614301,0.012747065,GOOD,GOOD,
2024-12-28 08:00:00+00:00,0.29500000000000004,0.2950000000000001,0.32802504,0.9163734,0.021716224,0.0619104,GOOD,GOOD,
2024-12-28 09:00:00+00:00,0.405,0.4050000000000001,0.32886037,0.81563014,0.14088613,0.04348372,GOOD,GOOD,
2024-12-28 10:00:00+00:00,0.43,0.43000000000000005,0.39346617,0.7908987,0.12811199,0.080989316,GOOD,GOOD,
2024-12-28 11:00:00+00:00,0.445,0.44500000000000006,0.44792214,0.91261667,0.028876355,0.05850698,GOOD,GOOD,
2024-12-28 12:00:00+00:00,0.395,0.3950000000000001,0.4737594,0.95681465,0.025814824,0.01737054,GOOD,GOOD,
2024-12-28 13:00:00+00:00,0.36,0.36000000000000004,0.44687673,0.9110271,0.04526757,0.043705378,GOOD,GOOD,
2024-12-28 14:00:00+00:00,0.34,0.34000000000000014,0.40604076,0.86560166,0.035571817,0.09882651,GOOD,GOOD,
2024-12-28 15:00:00+00:00,0.32,0.32000000000000006,0.37678957,0.871505,0.043654967,0.084840015,GOOD,GOOD,
2024-12-28 16:00:00+00:00,0.355,0.35500000000000004,0.35589206,0.9712063,0.017673844,0.011119862,GOOD,GOOD,
2024-12-28 17:00:00+00:00,0.345,0.34500000000000003,0.37005728,0.9519014,0.017163597,0.030935038,GOOD,GOOD,
2024-12-28 18:00:00+00:00,0.255,0.255,0.37640804,0.7541959,0.18244648,0.06335763,GOOD,GOOD,
2024-12-28 19:00:00+00:00,0.28500000000000003,0.2850000000000001,0.3226112,0.9609898,0.022142433,0.016867813,GOOD,GOOD,
2024-12-28 20:00:00+00:00,0.345,0.34500000000000003,0.30682448,0.9141704,0.06497886,0.020850759,GOOD,GOOD,
2024-12-28 21:00:00+00:00,0.36,0.36000000000000004,0.3460217,0.9182486,0.03986028,0.041891113,GOOD,GOOD,
2024-12-28 22:00:00+00:00,0.37,0.37000000000000005,0.38137537,0.8799331,0.024786022,0.09528085,GOOD,GOOD,
2024-12-28 23:00:00+00:00,0.355,0.35500000000000004,0.3988713,0.9532188,0.014141079,0.032640126,GOOD,GOOD,
2024-12-29 00:00:00+00:00,0.355,0.35500000000000004,0.39307833,0.80802333,0.020767814,0.17120884,GOOD,GOOD,
2024-12-29 01:00:00+00:00,0.355,0.35500000000000004,0.38673735,0.68253374,0.026207158,0.2912591,GOOD,GOOD,
2024-12-29 02:00:00+00:00,0.275,0.2750000000000001,0.3848389,0.82906103,0.118045956,0.052893013,GOOD,GOOD,
2024-12-29 03:00:00+00:00,0.305,0.3050000000000001,0.33700585,0.96340805,0.020885061,0.01570689,GOOD,GOOD,
2024-12-29 04:00:00+00:00,0.255,0.255,0.32641146,0.9093544,0.055717964,0.034927648,GOOD,GOOD,
2024-12-29 05:00:00+00:00,0.25,0.25,0.3014767,0.9502112,0.021823466,0.027965281,GOOD,GOOD,
2024-12-29 06:00:00+00:00,0.235,0.235,0.2842905,0.9097095,0.035771955,0.054518532,GOOD,GOOD,
2024-12-29 07:00:00+00:00,0.2,0.2,0.27052212,0.90240604,0.056799293,0.04079465,GOOD,GOOD,
2024-12-29 08:00:00+00:00,0.245,0.24500000000000002,0.24503003,0.93559194,0.03885545,0.0255526,GOOD,GOOD,
2024-12-29 09:00:00+00:00,0.29000000000000004,0.2900000000000001,0.25778845,0.87944406,0.07975217,0.040803768,GOOD,GOOD,
2024-12-29 10:00:00+00:00,0.30500000000000005,0.30500000000000016,0.29853597,0.95037013,0.02735391,0.022275979,GOOD,GOOD,
2024-12-29 11:00:00+00:00,0.32,0.32000000000000006,0.32902664,0.8919643,0.025796533,0.08223916,GOOD,GOOD,
2024-12-29 12:00:00+00:00,0.33,0.3300000000000001,0.34717825,0.8991225,0.021637555,0.079239935,GOOD,GOOD,
2024-12-29 13:00:00+00:00,0.34,0.34000000000000014,0.35818008,0.85837084,0.025282593,0.11634657,GOOD,GOOD,
2024-12-29 14:00:00+00:00,0.30000000000000004,0.3000000000000001,0.36746296,0.95504683,0.026301868,0.0186513,GOOD,GOOD,
2024-12-29 15:00:00+00:00,0.325,0.32500000000000007,0.34688076,0.9720218,0.015668781,0.012309409,GOOD,GOOD,
2024-12-29 16:00:00+00:00,0.28500000000000003,0.2850000000000001,0.34762982,0.9514281,0.028170377,0.020401482,GOOD,GOOD,
2024-12-29 17:00:00+00:00,0.31,0.31000000000000005,0.32917488,0.96985316,0.016675409,0.013471409,GOOD,GOOD,
2024-12-29 18:00:00+00:00,0.33,0.3300000000000001,0.33205798,0.9483436,0.022582335,0.029074093,GOOD,GOOD,
2024-12-29 19:00:00+00:00,0.29000000000000004,0.2900000000000001,0.3501812,0.93216825,0.038611785,0.02921994,GOOD,GOOD,
2024-12-29 20:00:00+00:00,0.345,0.34500000000000003,0.33589384,0.9152554,0.05614336,0.028601205,GOOD,GOOD,
2024-12-29 21:00:00+00:00,0.35,0.35000000000000003,0.3560417,0.9688818,0.016895344,0.014222865,GOOD,GOOD,
2024-12-29 22:00:00+00:00,0.335,0.3350000000000001,0.37519252,0.9643428,0.01441025,0.021246955,GOOD,GOOD,
2024-12-29 23:00:00+00:00,0.335,0.3350000000000001,0.37240034,0.8661721,0.022046225,0.1117817,GOOD,GOOD,
2024-12-30 00:00:00+00:00,0.315,0.31500000000000006,0.36692724,0.9616404,0.016355235,0.02200434,GOOD,GOOD,
2024-12-30 01:00:00+00:00,0.385,0.38500000000000006,0.35284388,0.90087795,0.0671858,0.031936225,GOOD,GOOD,
2024-12-30 02:00:00+00:00,0.33,0.3300000000000001,0.38803086,0.9578084,0.025697373,0.016494256,GOOD,GOOD,
2024-12-30 03:00:00+00:00,0.31,0.31000000000000005,0.3786397,0.9623814,0.01841404,0.019204564,GOOD,GOOD,
2024-12-30 04:00:00+00:00,0.305,0.3050000000000001,0.3526342,0.8680343,0.024294278,0.10767143,GOOD,GOOD,
2024-12-30 05:00:00+00:00,0.275,0.2750000000000001,0.33723366,0.96385443,0.02114109,0.015004508,GOOD,GOOD,
2024-12-30 06:00:00+00:00,0.265,0.26500000000000007,0.3159017,0.96282095,0.018233495,0.018945536,GOOD,GOOD,
2024-12-30 07:00:00+00:00,0.245,0.24500000000000002,0.29987192,0.9536871,0.023849655,0.02246325,GOOD,GOOD,
2024-12-30 08:00:00+00:00,0.22999999999999998,0.23,0.2829001,0.90508246,0.035749882,0.059167646,GOOD,GOOD,
2024-12-30 09:00:00+00:00,0.24,0.24,0.26682246,0.9567126,0.022274453,0.021012928,GOOD,GOOD,
2024-12-30 10:00:00+00:00,0.255,0.255,0.26622626,0.9447475,0.023566388,0.031686105,GOOD,GOOD,
2024-12-30 11:00:00+00:00,0.27,0.2700000000000001,0.27813557,0.91387475,0.027359799,0.058765486,GOOD,GOOD,
2024-12-30 12:00:00+00:00,0.265,0.26500000000000007,0.29413408,0.94864035,0.020631384,0.030728277,GOOD,GOOD,
2024-12-30 13:00:00+00:00,0.305,0.3050000000000001,0.29824367,0.9521935,0.03035748,0.017449006,GOOD,GOOD,
2024-12-30 14:00:00+00:00,0.29500000000000004,0.2950000000000001,0.3209838,0.973094,0.014105873,0.012800123,GOOD,GOOD,
2024-12-30 15:00:00+00:00,0.305,0.3050000000000001,0.32858583,0.9647169,0.014396383,0.02088668,GOOD,GOOD,
2024-12-30 16:00:00+00:00,0.31,0.31000000000000005,0.3338107,0.86948067,0.022688128,0.10783122,GOOD,GOOD,
2024-12-30 17:00:00+00:00,0.305,0.3050000000000001,0.33883783,0.90917444,0.018185617,0.07263991,GOOD,GOOD,
2024-12-30 18:00:00+00:00,0.305,0.3050000000000001,0.3378318,0.7904001,0.024567947,0.18503195,GOOD,GOOD,
2024-12-30 19:00:00+00:00,0.29000000000000004,0.2900000000000001,0.3361311,0.95869577,0.0175489,0.023755357,GOOD,GOOD,
2024-12-30 20:00:00+00:00,0.31,0.31000000000000005,0.32648265,0.97055674,0.016221132,0.013222124,GOOD,GOOD,
2024-12-30 21:00:00+00:00,0.3,0.30000000000000004,0.33286792,0.9685548,0.015124657,0.016320538,GOOD,GOOD,
2024-12-30 22:00:00+00:00,0.275,0.2750000000000001,0.33299872,0.94593036,0.028234264,0.025835378,GOOD,GOOD,
2024-12-30 23:00:00+00:00,0.265,0.26500000000000007,0.3163873,0.94546986,0.024925146,0.029604971,GOOD,GOOD,
2024-12-31 00:00:00+00:00,0.22999999999999998,0.23,0.30048934,0.89862204,0.05825249,0.043125488,GOOD,GOOD,
2024-12-31 01:00:00+00:00,0.22,0.22,0.2741713,0.9324288,0.032643553,0.034927648,GOOD,GOOD,
2024-12-31 02:00:00+00:00,0.26,0.26000000000000006,0.25529924,0.9287375,0.044845477,0.02641698,GOOD,GOOD,
2024-12-31 03:00:00+00:00,0.22499999999999998,0.2132451902842278,0.27274957,0.9085679,0.056647334,0.03478478,SUSPECT,GOOD,D_drift
2024-12-31 04:00:00+00:00,0.24,0.21649038056845565,0.26043352,0.960348,0.020978315,0.018673683,SUSPECT,GOOD,D_drift
2024-12-31 05:00:00+00:00,0.235,0.19973557085268345,0.24957831,0.9644364,0.018820815,0.016742768,SUSPECT,GOOD,D_drift
2024-12-31 06:00:00+00:00,0.215,0.1679807611369113,0.23671041,0.9431899,0.03312842,0.023681635,SUSPECT,GOOD,D_drift
2024-12-31 07:00:00+00:00,0.19,0.13122595142113913,0.21262537,0.9044477,0.059560608,0.03599171,SUSPECT,GOOD,D_drift
2024-12-31 08:00:00+00:00,0.14500000000000002,0.07447114170536699,0.17916773,0.7409235,0.17403375,0.08504271,SUSPECT,GOOD,D_drift
2024-12-31 09:00:00+00:00,0.20500000000000002,0.12271633198959479,0.13136028,0.80238736,0.12017636,0.07743631,SUSPECT,GOOD,D_drift
2024-12-31 10:00:00+00:00,0.20500000000000002,0.11096152227382262,0.13401443,0.911702,0.04975074,0.038547285,SUSPECT,GOOD,D_drift
2024-12-31 11:00:00+00:00,0.255,0.14920671255805043,0.14123668,0.87948257,0.074656814,0.045860633,SUSPECT,GOOD,D_drift
2024-12-31 12:00:00+00:00,0.255,0.13745190284227826,0.16500382,0.9386025,0.034453835,0.026943645,SUSPECT,GOOD,D_drift
2024-12-31 13:00:00+00:00,0.245,0.1156970931265061,0.17255041,0.94626725,0.02581428,0.02791847,SUSPECT,GOOD,D_drift
2024-12-31 14:00:00+00:00,0.275,0.13394228341073394,0.15913403,0.96199137,0.02143738,0.016571246,SUSPECT,GOOD,D_drift
2024-12-31 15:00:00+00:00,0.22,0.06718747369496175,0.15927838,0.816591,0.119897455,0.0635115,SUSPECT,GOOD,D_drift
2024-12-31 16:00:00+00:00,0.24,0.07543266397918956,0.1260346,0.94302624,0.031099422,0.025874352,SUSPECT,GOOD,D_drift
2024-12-31 17:00:00+00:00,0.275,0.09867785426341742,0.10749689,0.96019626,0.022393156,0.017410604,SUSPECT,GOOD,D_drift
2024-12-31 18:00:00+00:00,0.25,0.06192304454764522,0.11691028,0.9274897,0.041252345,0.031257942,SUSPECT,GOOD,D_drift
2024-12-31 19:00:00+00:00,0.25,0.05016823483187305,0.10685623,0.9209939,0.03324312,0.04576297,SUSPECT,GOOD,D_drift
2024-12-31 20:00:00+00:00,0.16999999999999998,0.02,0.09008892,0.9067188,0.05264944,0.040631775,SUSPECT,GOOD,D_drift
2024-12-31 21:00:00+00:00,0.21000000000000002,0.02,0.06528063,0.8969693,0.034235258,0.06879545,SUSPECT,GOOD,D_drift
2024-12-31 22:00:00+00:00,0.21,0.02,0.05226234,0.60511553,0.05025197,0.34463248,SUSPECT,GOOD,D_drift
2024-12-31 23:00:00+00:00,0.255,0.02,0.049584363,0.5955918,0.04643847,0.35796976,SUSPECT,GOOD,D_drift
2025-01-01 00:00:00+00:00,0.255,0.02,0.050451722,0.5885071,0.045225225,0.36626765,SUSPECT,GOOD,D_drift
2025-01-01 01:00:00+00:00,0.27,0.02,0.051325243,0.57815796,0.045154873,0.37668717,SUSPECT,GOOD,D_drift
2025-01-01 02:00:00+00:00,0.31000000000000005,0.027884566821467893,0.05160181,0.8597891,0.03629956,0.103911355,SUSPECT,GOOD,D_drift
2025-01-01 03:00:00+00:00,0.30000000000000004,0.02,0.055875495,0.9132541,0.03322711,0.05351883,SUSPECT,GOOD,D_drift
2025-01-01 04:00:00+00:00,0.29500000000000004,0.02,0.05458378,0.7356155,0.047278985,0.2171055,SUSPECT,GOOD,D_drift
2025-01-01 05:00:00+00:00,0.3,0.02,0.05241454,0.5141459,0.04878715,0.43706694,SUSPECT,GOOD,D_drift
2025-01-01 06:00:00+00:00,0.28,0.02,0.05144525,0.4952805,0.05157555,0.45314395,SUSPECT,GOOD,D_drift
2025-01-01 07:00:00+00:00,0.29,0.02,0.051319316,0.47938573,0.054089006,0.46652526,SUSPECT,GOOD,D_drift
2025-01-01 08:00:00+00:00,0.245,0.02,0.051405206,0.46707207,0.056299996,0.47662795,SUSPECT,GOOD,D_drift
2025-01-01 09:00:00+00:00,0.22499999999999998,0.02,0.051447805,0.46089196,0.05743999,0.48166806,SUSPECT,GOOD,D_drift
2025-01-01 10:00:00+00:00,0.25,0.02,0.05143502,0.40500242,0.054838907,0.5401587,SUSPECT,GOOD,D_drift
2025-01-01 11:00:00+00:00,0.25,0.02,0.05140765,0.39892852,0.055113357,0.5459581,SUSPECT,GOOD,D_drift
2025-01-01 12:00:00+00:00,0.27,0.02,0.051387656,0.39057136,0.055768523,0.5536601,SUSPECT,GOOD,D_drift
2025-01-01 13:00:00+00:00,0.275,0.02,0.051378474,0.3818183,0.056098465,0.56208324,SUSPECT,GOOD,D_drift
2025-01-01 14:00:00+00:00,0.295,0.02,0.05137731,0.3773327,0.05571552,0.5669518,SUSPECT,GOOD,D_drift
2025-01-01 15:00:00+00:00,0.32999999999999996,0.02,0.05138138,0.36969364,0.056301035,0.5740053,SUSPECT,GOOD,D_drift
2025-01-01 16:00:00+00:00,0.27,0.02,0.051388703,0.36470234,0.05663619,0.57866144,SUSPECT,GOOD,D_drift
2025-01-01 17:00:00+00:00,0.29000000000000004,0.02,0.05139835,0.36213648,0.056519408,0.5813441,SUSPECT,GOOD,D_drift
2025-01-01 18:00:00+00:00,0.275,0.02,0.051409043,0.35683352,0.057177864,0.58598864,SUSPECT,GOOD,D_drift
2025-01-01 19:00:00+00:00,0.3,0.02,0.0514202,0.3514369,0.057973187,0.5905899,SUSPECT,GOOD,D_drift
2025-01-01 20:00:00+00:00,0.305,0.02,0.051430896,0.34602052,0.058985483,0.594994,SUSPECT,GOOD,D_drift
2025-01-01 21:00:00+00:00,0.26,0.02,0.051440656,0.34209222,0.059755195,0.5981526,SUSPECT,GOOD,D_drift
2025-01-01 22:00:00+00:00,0.22999999999999998,0.02,0.051449142,0.33872122,0.060699858,0.6005789,SUSPECT,GOOD,D_drift
2025-01-01 23:00:00+00:00,0.23,0.02,0.051456116,0.336195,0.06147815,0.60232687,SUSPECT,GOOD,D_drift
2025-01-02 00:00:00+00:00,0.265,0.02,0.051461697,0.3360778,0.06215604,0.60176617,SUSPECT,GOOD,D_drift
2025-01-02 01:00:00+00:00,0.26,0.02,0.051465765,0.3342693,0.063145034,0.6025857,SUSPECT,GOOD,D_drift
2025-01-02 02:00:00+00:00,0.25,0.02,0.05146867,0.33060324,0.06377876,0.605618,SUSPECT,GOOD,D_drift
2025-01-02 03:00:00+00:00,0.275,0.02,0.051470354,0.3277371,0.06511394,0.60714895,SUSPECT,GOOD,D_drift
2025-01-02 04:00:00+00:00,0.24,0.02,0.051471166,0.32413638,0.066403545,0.60946006,SUSPECT,GOOD,D_drift
2025-01-02 05:00:00+00:00,0.245,0.02,0.051471286,0.3207549,0.06773938,0.61150575,SUSPECT,GOOD,D_drift
2025-01-02 06:00:00+00:00,0.245,0.02,0.05147082,0.31771243,0.06926039,0.6130272,SUSPECT,GOOD,D_drift
2025-01-02 07:00:00+00:00,0.25,0.02,0.05146995,0.31500125,0.07092489,0.6140739,SUSPECT,GOOD,D_drift
2025-01-02 08:00:00+00:00,0.235,0.02,0.0514689,0.31311148,0.07280499,0.6140835,SUSPECT,GOOD,D_drift
2025-01-02 09:00:00+00:00,0.215,0.02,0.051467624,0.3085239,0.07401403,0.6174621,SUSPECT,GOOD,D_drift
2025-01-02 10:00:00+00:00,0.21000000000000002,0.02,0.051466227,0.30434942,0.07534138,0.6203092,SUSPECT,GOOD,D_drift
2025-01-02 11:00:00+00:00,0.26,0.02,0.051464833,0.29944038,0.07641634,0.62414324,SUSPECT,GOOD,D_drift
2025-01-02 12:00:00+00:00,0.29000000000000004,0.02,0.05146367,0.29540437,0.07779052,0.6268051,SUSPECT,GOOD,D_drift
2025-01-02 13:00:00+00:00,0.315,0.02,0.05146251,0.28532183,0.0812122,0.63346595,SUSPECT,GOOD,D_drift
2025-01-02 14:00:00+00:00,0.3,0.02,0.051461462,0.2754612,0.08439009,0.6401487,SUSPECT,GOOD,D_drift
2025-01-02 15:00:00+00:00,0.3,0.02,0.051460534,0.26658535,0.08838868,0.64502597,SUSPECT,GOOD,D_drift
2025-01-02 16:00:00+00:00,0.30333333333333334,0.02,0.051459663,0.25741416,0.09207441,0.65051144,SUSPECT,GOOD,D_drift
2025-01-02 17:00:00+00:00,0.30666666666666664,0.02,0.051458962,0.24761987,0.09510604,0.65727407,SUSPECT,GOOD,D_drift
2025-01-02 18:00:00+00:00,0.31,0.02,0.05145838,0.23569506,0.09733084,0.66697407,SUSPECT,GOOD,D_drift
2025-01-02 19:00:00+00:00,0.325,0.02,0.05145786,0.22412431,0.09958348,0.67629224,SUSPECT,GOOD,D_drift
2025-01-02 20:00:00+00:00,0.33,0.02,0.05145751,0.2122317,0.10187694,0.6858914,BAD,GOOD,D_drift
2025-01-02 21:00:00+00:00,0.325,0.02,0.051457163,0.1988498,0.103488155,0.69766206,BAD,GOOD,D_drift
2025-01-02 22:00:00+00:00,0.28,0.02,0.05145693,0.18608546,0.10481703,0.7090975,BAD,BAD,D_drift
2025-01-02 23:00:00+00:00,0.265,0.02,0.051456697,0.17388958,0.106031686,0.72007877,BAD,BAD,D_drift
2025-01-03 00:00:00+00:00,0.28,0.02,0.051456522,0.16233772,0.10716667,0.73049563,BAD,BAD,D_drift
2025-01-03 01:00:00+00:00,0.2775,0.02,0.051456466,0.15146595,0.10821014,0.7403239,BAD,BAD,D_drift
2025-01-03 02:00:00+00:00,0.275,0.02,0.051456347,0.14111167,0.109068096,0.74982023,BAD,BAD,D_drift
2025-01-03 03:00:00+00:00,0.2725,0.2725000000000001,0.05145623,0.53856075,0.25566903,0.20577021,GOOD,GOOD,
2025-01-03 04:00:00+00:00,0.27,0.2700000000000001,0.19411026,0.53856075,0.25566903,0.20577021,GOOD,GOOD,
2025-01-03 05:00:00+00:00,0.245,0.24500000000000002,0.29048762,0.53856075,0.25566903,0.20577021,GOOD,GOOD,
2025-01-03 06:00:00+00:00,0.305,0.3050000000000001,0.298006,0.53856075,0.25566903,0.20577021,GOOD,GOOD,
2025-01-03 07:00:00+00:00,0.325,0.32500000000000007,0.31923905,0.53856075,0.25566903,0.20577021,GOOD,GOOD,
2025-01-03 08:00:00+00:00,0.305,0.3050000000000001,0.34554464,0.53856075,0.25566903,0.20577021,GOOD,GOOD,
2025-01-03 09:00:00+00:00,0.30000000000000004,0.3000000000000001,0.34435612,0.53856075,0.25566903,0.20577021,GOOD,GOOD,
2025-01-03 10:00:00+00:00,0.3,0.30000000000000004,0.33492434,0.53856075,0.25566903,0.20577021,GOOD,GOOD,
2025-01-03 11:00:00+00:00,0.305,0.3050000000000001,0.33013546,0.53856075,0.25566903,0.20577021,GOOD,GOOD,
2025-01-03 12:00:00+00:00,0.345,0.34500000000000003,0.33231202,0.53856075,0.25566903,0.20577021,GOOD,GOOD,
2025-01-03 13:00:00+00:00,0.315,0.31500000000000006,0.35854214,0.53856075,0.25566903,0.20577021,GOOD,GOOD,
2025-01-03 14:00:00+00:00,0.32,0.32000000000000006,0.3555202,0.53856075,0.25566903,0.20577021,GOOD,GOOD,
2025-01-03 15:00:00+00:00,0.275,0.2750000000000001,0.35069495,0.61429834,0.23405491,0.15164673,GOOD,GOOD,
2025-01-03 16:00:00+00:00,0.325,0.32500000000000007,0.3224712,0.6298075,0.21052009,0.15967245,GOOD,GOOD,
2025-01-03 17:00:00+00:00,0.265,0.26500000000000007,0.3362866,0.7987412,0.13547777,0.06578099,GOOD,GOOD,
2025-01-03 18:00:00+00:00,0.32,0.32000000000000006,0.3156331,0.878372,0.081718475,0.039909523,GOOD,GOOD,
2025-01-03 19:00:00+00:00,0.315,0.31500000000000006,0.33167395,0.97313017,0.014672466,0.012197354,GOOD,GOOD,
2025-01-03 20:00:00+00:00,0.35,0.35000000000000003,0.34396744,0.95673615,0.027922977,0.015340877,GOOD,GOOD,
2025-01-03 21:00:00+00:00,0.345,0.34500000000000003,0.3681003,0.9687279,0.015170828,0.016101297,GOOD,GOOD,
2025-01-03 22:00:00+00:00,0.28500000000000003,0.2850000000000001,0.3771856,0.93660724,0.04062478,0.022767983,GOOD,GOOD,
2025-01-03 23:00:00+00:00,0.245,0.24500000000000002,0.34134638,0.9253349,0.048624247,0.026040874,GOOD,GOOD,
2025-01-04 00:00:00+00:00,0.23,0.23000000000000004,0.29489422,0.9499906,0.025389532,0.024619877,GOOD,GOOD,
2025-01-04 01:00:00+00:00,0.225,0.225,0.26626137,0.88736194,0.031223115,0.081414945,GOOD,GOOD,
2025-01-04 02:00:00+00:00,0.22,0.22,0.2555856,0.8307052,0.036656998,0.13263777,GOOD,GOOD,
2025-01-04 03:00:00+00:00,0.22999999999999998,0.23,0.2515516,0.93778926,0.025995143,0.036215592,GOOD,GOOD,
2025-01-04 04:00:00+00:00,0.23,0.23000000000000004,0.25652358,0.84598345,0.032994226,0.12102234,GOOD,GOOD,
2025-01-04 05:00:00+00:00,0.22499999999999998,0.22499999999999998,0.26036018,0.84493315,0.036566485,0.1185004,GOOD,GOOD,
2025-01-04 06:00:00+00:00,0.22499999999999998,0.22499999999999998,0.2585097,0.77378905,0.03844075,0.18777019,GOOD,GOOD,
2025-01-04 07:00:00+00:00,0.245,0.24500000000000002,0.25655648,0.96194834,0.019345185,0.018706499,GOOD,GOOD,
2025-01-04 08:00:00+00:00,0.24,0.24,0.26759562,0.9509713,0.020691188,0.02833748,GOOD,GOOD,
2025-01-04 09:00:00+00:00,0.255,0.255,0.2721212,0.95527166,0.019374626,0.025353687,GOOD,GOOD,
2025-01-04 10:00:00+00:00,0.235,0.235,0.2809174,0.9352247,0.029804952,0.034970313,GOOD,GOOD,
2025-01-04 11:00:00+00:00,0.19,0.19,0.27394378,0.83692086,0.096693,0.06638616,GOOD,GOOD,
2025-01-04 12:00:00+00:00,0.195,0.195,0.24139468,0.91640896,0.03708139,0.04650963,GOOD,GOOD,
2025-01-04 13:00:00+00:00,0.22999999999999998,0.23,0.22557399,0.9544299,0.029154297,0.01641575,GOOD,GOOD,
2025-01-04 14:00:00+00:00,0.24,0.24,0.24366306,0.961169,0.018929364,0.019901661,GOOD,GOOD,
2025-01-04 15:00:00+00:00,0.245,0.24500000000000002,0.26409087,0.8636606,0.027376685,0.10896272,GOOD,GOOD,
2025-01-04 16:00:00+00:00,0.28500000000000003,0.2850000000000001,0.27481857,0.92753834,0.04582252,0.026639154,GOOD,GOOD,
2025-01-04 17:00:00+00:00,0.30500000000000005,0.30500000000000016,0.30063602,0.93572414,0.03842925,0.025846584,GOOD,GOOD,
2025-01-04 18:00:00+00:00,0.3,0.30000000000000004,0.32668906,0.94905764,0.025843319,0.025099032,GOOD,GOOD,
2025-01-04 19:00:00+00:00,0.28500000000000003,0.2850000000000001,0.33370894,0.949549,0.021428425,0.029022578,GOOD,GOOD,
2025-01-04 20:00:00+00:00,0.35,0.35000000000000003,0.32356688,0.8021879,0.12102582,0.07678623,GOOD,GOOD,
2025-01-04 21:00:00+00:00,0.355,0.35500000000000004,0.35549635,0.88557535,0.06332821,0.051096424,GOOD,GOOD,
2025-01-04 22:00:00+00:00,0.34,0.34000000000000014,0.38050756,0.9334417,0.038433637,0.028124655,GOOD,GOOD,
2025-01-04 23:00:00+00:00,0.24,0.24,0.37839982,0.74342513,0.1761337,0.08044115,GOOD,GOOD,
2025-01-05 00:00:00+00:00,0.2,0.2,0.31268153,0.7701649,0.15637684,0.073458254,GOOD,GOOD,
2025-01-05 01:00:00+00:00,0.2,0.2,0.25096184,0.96089906,0.022269057,0.01683187,GOOD,GOOD,
2025-01-05 02:00:00+00:00,0.215,0.215,0.22784743,0.96757,0.019089425,0.0133405635,GOOD,GOOD,
2025-01-05 03:00:00+00:00,0.2,0.2,0.23509222,0.95891356,0.022501977,0.018584479,GOOD,GOOD,
2025-01-05 04:00:00+00:00,0.165,0.165,0.23498505,0.91534185,0.046868272,0.037789863,GOOD,GOOD,
2025-01-05 05:00:00+00:00,0.19,0.19,0.21227576,0.9463247,0.03071356,0.022961712,GOOD,GOOD,
2025-01-05 06:00:00+00:00,0.20500000000000002,0.20500000000000002,0.2121711,0.9533772,0.022133458,0.024489332,GOOD,GOOD,
2025-01-05 07:00:00+00:00,0.19,0.19,0.22675022,0.9472643,0.025583852,0.027151864,GOOD,GOOD,
2025-01-05 08:00:00+00:00,0.22,0.22,0.22686796,0.9467607,0.028438695,0.024800599,GOOD,GOOD,
2025-01-05 09:00:00+00:00,0.235,0.235,0.2405301,0.9531244,0.019535575,0.027340006,GOOD,GOOD,
2025-01-05 10:00:00+00:00,0.19,0.19,0.25860688,0.866392,0.07548118,0.058126822,GOOD,GOOD,
2025-01-05 11:00:00+00:00,0.20500000000000002,0.20500000000000002,0.24052441,0.9334631,0.03086831,0.0356686,GOOD,GOOD,
2025-01-05 12:00:00+00:00,0.17,0.17,0.23348448,0.8791717,0.06456617,0.05626213,GOOD,GOOD,
2025-01-05 13:00:00+00:00,0.20500000000000002,0.20500000000000002,0.2140382,0.9341974,0.033357237,0.032445367,GOOD,GOOD,
2025-01-05 14:00:00+00:00,0.22,0.22,0.22267355,0.9412318,0.024026213,0.034741998,GOOD,GOOD,
2025-01-05 15:00:00+00:00,0.21000000000000002,0.21000000000000002,0.24177782,0.92203057,0.027132059,0.05083734,GOOD,GOOD,
2025-01-05 16:00:00+00:00,0.22,0.22,0.24528365,0.9220645,0.027476242,0.0504593,GOOD,GOOD,
2025-01-05 17:00:00+00:00,0.235,0.235,0.24870636,0.9150193,0.027332094,0.057648633,GOOD,GOOD,
2025-01-05 18:00:00+00:00,0.29500000000000004,0.2950000000000001,0.25937486,0.88643265,0.07785987,0.0357075,GOOD,GOOD,
2025-01-05 19:00:00+00:00,0.325,0.32500000000000007,0.30079168,0.90826994,0.058576845,0.033153214,GOOD,GOOD,
2025-01-05 20:00:00+00:00,0.37,0.37000000000000005,0.34216404,0.8852847,0.074092485,0.04062278,GOOD,GOOD,
2025-01-05 21:00:00+00:00,0.37,0.37000000000000005,0.38490266,0.91868347,0.045619994,0.03569652,GOOD,GOOD,
2025-01-05 22:00:00+00:00,0.33499999999999996,0.335,0.40178657,0.9404916,0.035863724,0.023644643,GOOD,GOOD,
2025-01-05 23:00:00+00:00,0.28500000000000003,0.2850000000000001,0.38166022,0.91234124,0.05894018,0.028718589,GOOD,GOOD,
2025-01-06 00:00:00+00:00,0.225,0.225,0.3371721,0.9006455,0.07229713,0.027057374,GOOD,GOOD,
2025-01-06 01:00:00+00:00,0.20500000000000002,0.20500000000000002,0.28025535,0.94898003,0.030711066,0.020308923,GOOD,GOOD,
2025-01-06 02:00:00+00:00,0.225,0.225,0.24342404,0.9697492,0.017738232,0.012512542,GOOD,GOOD,
2025-01-06 03:00:00+00:00,0.255,0.255,0.24423839,0.9424971,0.03719217,0.020310737,GOOD,GOOD,
2025-01-06 04:00:00+00:00,0.235,0.235,0.2697494,0.9681238,0.018548587,0.013327634,GOOD,GOOD,
2025-01-06 05:00:00+00:00,0.19,0.19,0.27283037,0.9360287,0.040383503,0.023587761,GOOD,GOOD,
2025-01-06 06:00:00+00:00,0.21500000000000002,0.21500000000000002,0.24242744,0.9622195,0.022477498,0.015303039,GOOD,GOOD,
2025-01-06 07:00:00+00:00,0.245,0.24500000000000002,0.23763351,0.9421743,0.03425515,0.02357055,GOOD,GOOD,
2025-01-06 08:00:00+00:00,0.24,0.24,0.25996134,0.96852523,0.015382672,0.016092094,GOOD,GOOD,
2025-01-06 09:00:00+00:00,0.235,0.235,0.2715682,0.75428355,0.027502432,0.21821404,GOOD,GOOD,
2025-01-06 10:00:00+00:00,0.28,0.28000000000000014,0.27021438,0.9314486,0.043360025,0.025191369,GOOD,GOOD,
2025-01-06 11:00:00+00:00,0.28500000000000003,0.2850000000000001,0.2936612,0.9649381,0.017653221,0.017408693,GOOD,GOOD,
2025-01-06 12:00:00+00:00,0.27,0.2700000000000001,0.31206417,0.9668961,0.01586108,0.01724282,GOOD,GOOD,
2025-01-06 13:00:00+00:00,0.20500000000000002,0.20500000000000002,0.30867895,0.87376386,0.08416404,0.04207212,GOOD,GOOD,
2025-01-06 14:00:00+00:00,0.22999999999999998,0.23,0.2647823,0.95969135,0.024592578,0.015716054,GOOD,GOOD,
2025-01-06 15:00:00+00:00,0.22499999999999998,0.22499999999999998,0.25317624,0.9698609,0.0144569455,0.015682142,GOOD,GOOD,
2025-01-06 16:00:00+00:00,0.215,0.215,0.2536901,0.8782186,0.027773058,0.094008364,GOOD,GOOD,
2025-01-06 17:00:00+00:00,0.225,0.225,0.24964294,0.96489227,0.016593058,0.01851466,GOOD,GOOD,
2025-01-06 18:00:00+00:00,0.225,0.225,0.25234005,0.8364067,0.029228974,0.13436435,GOOD,GOOD,
2025-01-06 19:00:00+00:00,0.29000000000000004,0.2900000000000001,0.25509548,0.86576897,0.09189123,0.04233982,GOOD,GOOD,
2025-01-06 20:00:00+00:00,0.345,0.34500000000000003,0.2942323,0.8713959,0.08969859,0.038905535,GOOD,GOOD,
2025-01-06 21:00:00+00:00,0.305,0.3050000000000001,0.3513276,0.9254721,0.04527743,0.029250465,GOOD,GOOD,
2025-01-06 22:00:00+00:00,0.325,0.32500000000000007,0.3525137,0.9470651,0.030424258,0.022510633,GOOD,GOOD,
2025-01-06 23:00:00+00:00,0.36,0.36000000000000004,0.35288492,0.920566,0.046743494,0.032690488,GOOD,GOOD,
2025-01-07 00:00:00+00:00,0.32499999999999996,0.325,0.37571597,0.94574165,0.031798832,0.022459496,GOOD,GOOD,
2025-01-07 01:00:00+00:00,0.22999999999999998,0.23,0.36803648,0.8132657,0.12954506,0.05718928,GOOD,GOOD,
2025-01-07 02:00:00+00:00,0.235,0.235,0.3018045,0.9599718,0.021334084,0.018694127,GOOD,GOOD,
2025-01-07 03:00:00+00:00,0.2,0.17890362260163473,0.26686773,0.88740957,0.07677355,0.035816886,SUSPECT,GOOD,F_burst_noise
2025-01-07 04:00:00+00:00,0.18,0.22384319119448967,0.22822657,0.94146526,0.037133798,0.021400945,SUSPECT,GOOD,F_burst_noise
2025-01-07 05:00:00+00:00,0.175,0.02,0.23603809,0.21419066,0.33960363,0.4462057,SUSPECT,SUSPECT,F_burst_noise
2025-01-07 06:00:00+00:00,0.185,0.16312335936957226,0.1351765,0.6023431,0.24907173,0.1485852,SUSPECT,GOOD,F_burst_noise
2025-01-07 07:00:00+00:00,0.19,0.05598631748564786,0.14425845,0.5793157,0.24033378,0.18035048,SUSPECT,GOOD,F_burst_noise
2025-01-07 08:00:00+00:00,0.20500000000000002,0.40810270156258865,0.118694976,0.21782196,0.3692809,0.41289714,SUSPECT,SUSPECT,F_burst_noise
2025-01-07 09:00:00+00:00,0.18,0.18,0.29836372,0.50315773,0.21803136,0.27881095,GOOD,GOOD,
2025-01-07 10:00:00+00:00,0.22,0.22,0.28798285,0.9357213,0.036355864,0.027922856,GOOD,GOOD,
2025-01-07 11:00:00+00:00,0.21000000000000002,0.21000000000000002,0.2582004,0.9559797,0.015711794,0.028308505,GOOD,GOOD,
2025-01-07 12:00:00+00:00,0.265,0.26500000000000007,0.24226552,0.92999256,0.046864558,0.023142891,GOOD,GOOD,
2025-01-07 13:00:00+00:00,0.245,0.24500000000000002,0.271381,0.9752393,0.014535711,0.010225038,GOOD,GOOD,
2025-01-07 14:00:00+00:00,0.22499999999999998,0.22499999999999998,0.28118363,0.8787967,0.026517952,0.094685376,GOOD,GOOD,
2025-01-07 15:00:00+00:00,0.215,0.215,0.26769754,0.8235288,0.030360475,0.14611068,GOOD,GOOD,
2025-01-07 16:00:00+00:00,0.20500000000000002,0.20500000000000002,0.25182945,0.7880815,0.03351509,0.17840339,GOOD,GOOD,
2025-01-07 17:00:00+00:00,0.175,0.175,0.23955826,0.9508088,0.030764244,0.018426914,GOOD,GOOD,
2025-01-07 18:00:00+00:00,0.175,0.175,0.21795227,0.84414124,0.0342906,0.12156814,GOOD,GOOD,
2025-01-07 19:00:00+00:00,0.19,0.19,0.20658118,0.9369887,0.027423974,0.03558733,GOOD,GOOD,
2025-01-07 20:00:00+00:00,0.26,0.26000000000000006,0.21294326,0.8797594,0.08863974,0.03160088,GOOD,GOOD,
2025-01-07 21:00:00+00:00,0.315,0.31500000000000006,0.26001358,0.8299569,0.12440588,0.045637254,GOOD,GOOD,
2025-01-07 22:00:00+00:00,0.275,0.2750000000000001,0.3209479,0.9641339,0.02112864,0.014737465,GOOD,GOOD,
2025-01-07 23:00:00+00:00,0.33999999999999997,0.3400000000000001,0.32327124,0.92276585,0.050900795,0.026333325,GOOD,GOOD,
2025-01-08 00:00:00+00:00,0.33,0.3300000000000001,0.35030904,0.9688626,0.016819898,0.014317518,GOOD,GOOD,
2025-01-08 01:00:00+00:00,0.325,0.32500000000000007,0.36205962,0.8131306,0.032028202,0.1548412,GOOD,GOOD,
2025-01-08 02:00:00+00:00,0.295,0.29500000000000004,0.35973248,0.9632905,0.020605924,0.016103545,GOOD,GOOD,
2025-01-08 03:00:00+00:00,0.275,0.2750000000000001,0.3383571,0.8939108,0.035367172,0.07072202,GOOD,GOOD,
2025-01-08 04:00:00+00:00,0.225,0.225,0.31442437,0.93363714,0.043501142,0.022861747,GOOD,GOOD,
2025-01-08 05:00:00+00:00,0.21500000000000002,0.21500000000000002,0.2753749,0.9389466,0.026321067,0.034732316,GOOD,GOOD,
2025-01-08 06:00:00+00:00,0.19,0.19,0.25038424,0.9462455,0.030306121,0.023448376,GOOD,GOOD,
2025-01-08 07:00:00+00:00,0.185,0.185,0.2290096,0.91751736,0.02848903,0.053993583,GOOD,GOOD,
2025-01-08 08:00:00+00:00,0.18,0.18,0.21747549,0.7446711,0.041735925,0.21359295,GOOD,GOOD,
2025-01-08 09:00:00+00:00,0.22999999999999998,0.23,0.2118356,0.9203167,0.054051563,0.02563177,GOOD,GOOD,
2025-01-08 10:00:00+00:00,0.28500000000000003,0.2850000000000001,0.23930266,0.8764132,0.09070749,0.03287928,GOOD,GOOD,
2025-01-08 11:00:00+00:00,0.26,0.26000000000000006,0.2905743,0.95774597,0.02427394,0.017980095,GOOD,GOOD,
2025-01-08 12:00:00+00:00,0.26,0.26000000000000006,0.3010279,0.9441749,0.015838312,0.039986823,GOOD,GOOD,
2025-01-08 13:00:00+00:00,0.25,0.25,0.2957341,0.9185995,0.019371515,0.062028978,GOOD,GOOD,
2025-01-08 14:00:00+00:00,0.22,0.22,0.2856799,0.9606006,0.021812811,0.017586604,GOOD,GOOD,
2025-01-08 15:00:00+00:00,0.175,0.175,0.26349628,0.9153208,0.053116333,0.03156283,GOOD,GOOD,
2025-01-08 16:00:00+00:00,0.185,0.185,0.22586282,0.95872724,0.02180839,0.019464387,GOOD,GOOD,
2025-01-08 17:00:00+00:00,0.16,0.16,0.21267919,0.9479044,0.028841948,0.02325364,GOOD,GOOD,
2025-01-08 18:00:00+00:00,0.155,0.155,0.19870909,0.9395522,0.024547134,0.03590065,GOOD,GOOD,
2025-01-08 19:00:00+00:00,0.20500000000000002,0.20500000000000002,0.18881875,0.8997313,0.06777713,0.03249158,GOOD,GOOD,
2025-01-08 20:00:00+00:00,0.23,0.23000000000000004,0.21411891,0.94272256,0.038096186,0.019181252,GOOD,GOOD,
2025-01-08 21:00:00+00:00,0.22999999999999998,0.23,0.24736485,0.9448958,0.020301074,0.034803104,GOOD,GOOD,
2025-01-08 22:00:00+00:00,0.22999999999999998,0.23,0.2618066,0.680879,0.029843697,0.28927732,GOOD,GOOD,
2025-01-08 23:00:00+00:00,0.26,0.26000000000000006,0.26339474,0.96891695,0.018012512,0.013070553,GOOD,GOOD,
2025-01-09 00:00:00+00:00,0.29500000000000004,0.2950000000000001,0.27946994,0.9355615,0.038575213,0.025863297,GOOD,GOOD,
2025-01-09 01:00:00+00:00,0.325,0.32500000000000007,0.3104451,0.9282109,0.04182444,0.029964652,GOOD,GOOD,
2025-01-09 02:00:00+00:00,0.305,0.3050000000000001,0.34370512,0.96618813,0.018731251,0.015080622,GOOD,GOOD,
2025-01-09 03:00:00+00:00,0.23500000000000001,0.23500000000000001,0.3448586,0.8915732,0.07301995,0.03540686,GOOD,GOOD,
2025-01-09 04:00:00+00:00,0.255,0.255,0.29707766,0.9652045,0.020980299,0.013815233,GOOD,GOOD,
2025-01-09 05:00:00+00:00,0.215,0.215,0.28019503,0.95154166,0.03111485,0.017343462,GOOD,GOOD,
2025-01-09 06:00:00+00:00,0.165,0.165,0.25786597,0.89689755,0.07183998,0.03126249,GOOD,GOOD,
2025-01-09 07:00:00+00:00,0.16499999999999998,0.16499999999999998,0.21768099,0.9496012,0.026523538,0.023875305,GOOD,GOOD,
2025-01-09 08:00:00+00:00,0.155,0.155,0.19694561,0.9312047,0.02688772,0.04190759,GOOD,GOOD,
2025-01-09 09:00:00+00:00,0.16,0.16,0.18734008,0.93218255,0.02701488,0.040802542,GOOD,GOOD,
2025-01-09 10:00:00+00:00,0.225,0.225,0.18792751,0.8686008,0.09520505,0.036194164,GOOD,GOOD,
2025-01-09 11:00:00+00:00,0.22,0.22,0.2275149,0.96411043,0.01992631,0.015963234,GOOD,GOOD,
2025-01-09 12:00:00+00:00,0.20500000000000002,0.20500000000000002,0.25009,0.9310475,0.021438822,0.04751368,GOOD,GOOD,
2025-01-09 13:00:00+00:00,0.21000000000000002,0.21000000000000002,0.24564198,0.9447227,0.01700914,0.03826817,GOOD,GOOD,
2025-01-09 14:00:00+00:00,0.21,0.21,0.24136092,0.74958664,0.027455425,0.22295794,GOOD,GOOD,
2025-01-09 15:00:00+00:00,0.22,0.22,0.24054301,0.93110764,0.021721553,0.047170777,GOOD,GOOD,
2025-01-09 16:00:00+00:00,0.19,0.19,0.24675569,0.95191914,0.026110603,0.021970274,GOOD,GOOD,
2025-01-09 17:00:00+00:00,0.185,0.185,0.23340951,0.9505802,0.01999833,0.029421479,GOOD,GOOD,
2025-01-09 18:00:00+00:00,0.2,0.2,0.22031927,0.9676661,0.017712796,0.014621136,GOOD,GOOD,
2025-01-09 19:00:00+00:00,0.225,0.225,0.22408637,0.9602233,0.024332218,0.015444453,GOOD,GOOD,
2025-01-09 20:00:00+00:00,0.235,0.235,0.24390563,0.95492893,0.021052547,0.024018522,GOOD,GOOD,
2025-01-09 21:00:00+00:00,0.23,0.23000000000000004,0.26102617,0.94022256,0.020581912,0.03919555,GOOD,GOOD,
2025-01-09 22:00:00+00:00,0.24,0.24,0.26403975,0.9635256,0.017033625,0.01944077,GOOD,GOOD,
2025-01-09 23:00:00+00:00,0.29000000000000004,0.2900000000000001,0.26812384,0.8914066,0.0697969,0.038796503,GOOD,GOOD,
2025-01-10 00:00:00+00:00,0.29000000000000004,0.2900000000000001,0.30001113,0.9506712,0.02797918,0.0213496,GOOD,GOOD,
2025-01-10 01:00:00+00:00,0.26,0.26000000000000006,0.3190296,0.9648485,0.019743064,0.015408436,GOOD,GOOD,
2025-01-10 02:00:00+00:00,0.265,0.26500000000000007,0.3052175,0.9694264,0.015158344,0.0154152885,GOOD,GOOD,
2025-01-10 03:00:00+00:00,0.30500000000000005,0.30500000000000016,0.29605508,0.91953444,0.04850063,0.031964898,GOOD,GOOD,
2025-01-10 04:00:00+00:00,0.37,0.37000000000000005,0.31805518,0.86340344,0.09582346,0.040773105,GOOD,GOOD,
2025-01-10 05:00:00+00:00,0.27,0.2700000000000001,0.37273097,0.7416251,0.16208391,0.09629098,GOOD,GOOD,
2025-01-10 06:00:00+00:00,0.19,0.19,0.33976603,0.75459343,0.17596398,0.0694426,GOOD,GOOD,
2025-01-10 07:00:00+00:00,0.14,0.14000000000000004,0.2613163,0.79798174,0.14278027,0.05923795,GOOD,GOOD,
2025-01-10 08:00:00+00:00,0.135,0.135,0.19345571,0.9572614,0.025219338,0.017519252,GOOD,GOOD,
2025-01-10 09:00:00+00:00,0.14500000000000002,0.145,0.16518602,0.9619601,0.021690316,0.016349588,GOOD,GOOD,
2025-01-10 10:00:00+00:00,0.155,0.155,0.16720776,0.8904275,0.035272434,0.0743001,GOOD,GOOD,
2025-01-10 11:00:00+00:00,0.18,0.18,0.1794035,0.95270586,0.029738335,0.017555803,GOOD,GOOD,
2025-01-10 12:00:00+00:00,0.21000000000000002,0.21000000000000002,0.20022437,0.944676,0.034201525,0.021122519,GOOD,GOOD,
2025-01-10 13:00:00+00:00,0.22,0.22,0.22811335,0.97154635,0.016074868,0.012378791,GOOD,GOOD,
2025-01-10 14:00:00+00:00,0.22999999999999998,0.23,0.24709043,0.85780257,0.030195396,0.11200203,GOOD,GOOD,
2025-01-10 15:00:00+00:00,0.25,0.25,0.25865465,0.97041434,0.016293421,0.013292251,GOOD,GOOD,
2025-01-10 16:00:00+00:00,0.23,0.23000000000000004,0.27386695,0.96655643,0.017350439,0.01609312,GOOD,GOOD,
2025-01-10 17:00:00+00:00,0.2,0.2,0.26947114,0.9495626,0.02581428,0.024623124,GOOD,GOOD,
2025-01-10 18:00:00+00:00,0.24,0.24,0.24579227,0.94513774,0.03451418,0.020348107,GOOD,GOOD,
2025-01-10 19:00:00+00:00,0.33999999999999997,0.3400000000000001,0.25551832,0.6968503,0.23401888,0.06913084,GOOD,GOOD,
2025-01-10 20:00:00+00:00,0.3,0.30000000000000004,0.32701233,0.8975051,0.06389248,0.03860242,GOOD,GOOD,
2025-01-10 21:00:00+00:00,0.405,0.4050000000000001,0.3440336,0.7121098,0.20532948,0.08256072,GOOD,GOOD,
2025-01-10 22:00:00+00:00,0.405,0.4050000000000001,0.4010539,0.92413056,0.047594514,0.028274927,GOOD,GOOD,
2025-01-10 23:00:00+00:00,0.505,0.505,0.43304938,0.7748107,0.17081459,0.05437474,GOOD,GOOD,
2025-01-11 00:00:00+00:00,0.445,0.44500000000000006,0.50178564,0.9077138,0.05785951,0.03442674,GOOD,GOOD,
2025-01-11 01:00:00+00:00,0.265,0.26500000000000007,0.49656808,0.37117708,0.35471332,0.27410957,GOOD,GOOD,
2025-01-11 02:00:00+00:00,0.21,0.21,0.3701985,0.44623494,0.3812718,0.17249322,GOOD,GOOD,
2025-01-11 03:00:00+00:00,0.175,0.02,0.26838872,0.14634943,0.45196036,0.40169024,BAD,SUSPECT,A_spike
2025-01-11 04:00:00+00:00,0.18,0.18,0.12764125,0.60946274,0.24779187,0.14274539,GOOD,GOOD,
2025-01-11 05:00:00+00:00,0.175,0.175,0.14497314,0.86275375,0.09056077,0.04668551,GOOD,GOOD,
2025-01-11 06:00:00+00:00,0.2,0.2,0.18881631,0.9416787,0.039123695,0.019197615,GOOD,GOOD,
2025-01-11 07:00:00+00:00,0.28500000000000003,0.2850000000000001,0.22212966,0.8262554,0.13530555,0.038439047,GOOD,GOOD,
2025-01-11 08:00:00+00:00,0.32,0.32000000000000006,0.2826839,0.8903217,0.07819424,0.031484086,GOOD,GOOD,
2025-01-11 09:00:00+00:00,0.24,0.24,0.33535835,0.91716677,0.052494377,0.03033886,GOOD,GOOD,
2025-01-11 10:00:00+00:00,0.265,0.26500000000000007,0.3064961,0.97656834,0.0129364105,0.0104952585,GOOD,GOOD,
2025-01-11 11:00:00+00:00,0.35,0.35000000000000003,0.29274815,0.8747357,0.09122422,0.03404005,GOOD,GOOD,
2025-01-11 12:00:00+00:00,0.29,0.29000000000000004,0.34372726,0.9641243,0.020711845,0.01516382,GOOD,GOOD,
2025-01-11 13:00:00+00:00,0.26,0.26000000000000006,0.34133038,0.92375195,0.032454215,0.043793827,GOOD,GOOD,
2025-01-11 14:00:00+00:00,0.3,0.30000000000000004,0.3094242,0.9719807,0.01689239,0.011126903,GOOD,GOOD,
2025-01-11 15:00:00+00:00,0.33499999999999996,0.335,0.31557852,0.91993856,0.05092639,0.02913503,GOOD,GOOD,
2025-01-11 16:00:00+00:00,0.38,0.38000000000000006,0.34790155,0.909963,0.0633001,0.026736904,GOOD,GOOD,
2025-01-11 17:00:00+00:00,0.36,0.36000000000000004,0.3923691,0.97549,0.013826079,0.01068394,GOOD,GOOD,
2025-01-11 18:00:00+00:00,0.495,0.4950000000000001,0.39898938,0.7149773,0.22457516,0.060447507,GOOD,GOOD,
2025-01-11 19:00:00+00:00,0.4,0.40000000000000013,0.4775016,0.9268604,0.0470531,0.026086515,GOOD,GOOD,
2025-01-11 20:00:00+00:00,0.22999999999999998,0.23,0.46232387,0.4514779,0.38751003,0.16101208,GOOD,GOOD,
2025-01-11 21:00:00+00:00,0.18,0.18,0.33498392,0.51261926,0.34905377,0.13832697,GOOD,GOOD,
2025-01-11 22:00:00+00:00,0.38,0.38000000000000006,0.23669793,0.3978181,0.44432914,0.15785275,GOOD,SUSPECT,
2025-01-11 23:00:00+00:00,0.55,0.55,0.3220366,0.13422894,0.6604316,0.20533943,GOOD,SUSPECT,
2025-01-12 00:00:00+00:00,0.43000000000000005,0.4300000000000001,0.5036176,0.890737,0.0731066,0.036156427,GOOD,GOOD,
2025-01-12 01:00:00+00:00,0.37,0.37000000000000005,0.5078513,0.78372884,0.14110091,0.07517027,GOOD,GOOD,
2025-01-12 02:00:00+00:00,0.34,0.34000000000000014,0.4366276,0.8683344,0.07142142,0.060244154,GOOD,GOOD,
2025-01-12 03:00:00+00:00,0.35,0.35000000000000003,0.3819231,0.9503178,0.021464393,0.028217804,GOOD,GOOD,
2025-01-12 04:00:00+00:00,0.435,0.4350000000000001,0.37185642,0.8675258,0.10121434,0.03125983,GOOD,GOOD,
2025-01-12 05:00:00+00:00,0.5349999999999999,0.5349999999999999,0.4287595,0.64904296,0.28371596,0.06724103,GOOD,GOOD,
2025-01-12 06:00:00+00:00,0.5549999999999999,0.5549999999999999,0.5260762,0.9078971,0.061460506,0.030642375,GOOD,GOOD,
2025-01-12 07:00:00+00:00,0.51,0.51,0.5800404,0.96076256,0.021650266,0.017587174,GOOD,GOOD,
2025-01-12 08:00:00+00:00,0.405,0.4050000000000001,0.5607431,0.8409059,0.11888711,0.040206954,GOOD,GOOD,
2025-01-12 09:00:00+00:00,0.385,0.38500000000000006,0.47609028,0.92647314,0.049399655,0.024127172,GOOD,GOOD,
2025-01-12 10:00:00+00:00,0.37,0.37000000000000005,0.42273876,0.86526793,0.041076053,0.093656,GOOD,GOOD,
2025-01-12 11:00:00+00:00,0.445,0.44500000000000006,0.40051317,0.9189129,0.05973262,0.021354524,GOOD,GOOD,
2025-01-12 12:00:00+00:00,0.47,0.47000000000000003,0.443444,0.9398677,0.038846392,0.021285918,GOOD,GOOD,
2025-01-12 13:00:00+00:00,0.435,0.4350000000000001,0.48732406,0.9743839,0.013894922,0.0117211975,GOOD,GOOD,
2025-01-12 14:00:00+00:00,0.395,0.3950000000000001,0.47993675,0.9454577,0.03096967,0.023572652,GOOD,GOOD,
2025-01-12 15:00:00+00:00,0.43999999999999995,0.44000000000000006,0.44287732,0.967888,0.020428447,0.0116835255,GOOD,GOOD,
2025-01-12 16:00:00+00:00,0.42000000000000004,0.4200000000000001,0.45246193,0.9772906,0.012432143,0.010277277,GOOD,GOOD,
2025-01-12 17:00:00+00:00,0.42000000000000004,0.4200000000000001,0.4534689,0.80686396,0.021299971,0.17183608,GOOD,GOOD,
2025-01-12 18:00:00+00:00,0.7749999999999999,0.775,0.451108,0.16648507,0.47056475,0.36295015,GOOD,SUSPECT,
2025-01-12 19:00:00+00:00,0.6950000000000001,0.6950000000000001,0.681613,0.88071895,0.08354017,0.035740864,GOOD,GOOD,
2025-01-12 20:00:00+00:00,0.565,0.5650000000000001,0.7488415,0.80976295,0.13601889,0.0542182,GOOD,GOOD,
2025-01-12 21:00:00+00:00,0.475,0.4750000000000001,0.65062565,0.6927401,0.2313653,0.07589465,GOOD,GOOD,
2025-01-12 22:00:00+00:00,0.43,0.43000000000000005,0.53796935,0.9355663,0.04633214,0.018101582,GOOD,GOOD,
2025-01-12 23:00:00+00:00,0.49,0.4900000000000001,0.4703625,0.9511743,0.033125896,0.01569978,GOOD,GOOD,
2025-01-13 00:00:00+00:00,0.445,0.44500000000000006,0.49135062,0.9790425,0.012128784,0.008828729,GOOD,GOOD,
2025-01-13 01:00:00+00:00,0.425,0.4250000000000001,0.48604676,0.9660848,0.013300623,0.020614622,GOOD,GOOD,
2025-01-13 02:00:00+00:00,0.445,0.44500000000000006,0.46453354,0.9791786,0.01121663,0.009604788,GOOD,GOOD,
2025-01-13 03:00:00+00:00,0.625,0.625,0.466369,0.49402362,0.39672005,0.10925633,GOOD,GOOD,
2025-01-13 04:00:00+00:00,0.7,0.7,0.58716434,0.4341995,0.431672,0.13412847,GOOD,GOOD,
2025-01-13 05:00:00+00:00,0.725,0.725,0.7019439,0.9116031,0.06001695,0.028379973,GOOD,GOOD,
2025-01-13 06:00:00+00:00,0.575,0.575,0.75223535,0.75865793,0.1623883,0.07895375,GOOD,GOOD,
2025-01-13 07:00:00+00:00,0.49,0.4900000000000001,0.6575274,0.77153945,0.16027535,0.068185195,GOOD,GOOD,
2025-01-13 08:00:00+00:00,0.445,0.44500000000000006,0.5509462,0.9441784,0.037032064,0.018789535,GOOD,GOOD,
2025-01-13 09:00:00+00:00,0.33,0.3300000000000001,0.48563442,0.72378516,0.20627823,0.069936566,GOOD,GOOD,
2025-01-13 10:00:00+00:00,0.22,0.22,0.39867708,0.4601462,0.405955,0.13389881,GOOD,GOOD,
2025-01-13 11:00:00+00:00,0.27,0.2700000000000001,0.29541853,0.91692543,0.050584037,0.032490555,GOOD,GOOD,
2025-01-13 12:00:00+00:00,0.315,0.31500000000000006,0.279315,0.8994693,0.07044387,0.03008682,GOOD,GOOD,
2025-01-13 13:00:00+00:00,0.25,0.25,0.31799307,0.89972293,0.06457189,0.03570515,GOOD,GOOD,
2025-01-13 14:00:00+00:00,0.175,0.175,0.30441567,0.79675126,0.14602298,0.05722575,GOOD,GOOD,
2025-01-13 15:00:00+00:00,0.155,0.155,0.24304193,0.91211706,0.050001774,0.03788116,GOOD,GOOD,
2025-01-13 16:00:00+00:00,0.18,0.18,0.1974555,0.96631926,0.02029229,0.013388447,GOOD,GOOD,
2025-01-13 17:00:00+00:00,0.16999999999999998,0.16999999999999998,0.19713657,0.9603088,0.018759424,0.020931756,GOOD,GOOD,
2025-01-13 18:00:00+00:00,0.19,0.19,0.20125951,0.9664059,0.017273083,0.01632101,GOOD,GOOD,
2025-01-13 19:00:00+00:00,0.19,0.19,0.21387413,0.9108335,0.02074745,0.068419054,GOOD,GOOD,
2025-01-13 20:00:00+00:00,0.155,0.155,0.2210915,0.9397042,0.03275399,0.027541853,GOOD,GOOD,
2025-01-13 21:00:00+00:00,0.14500000000000002,0.145,0.20261596,0.92335504,0.03254563,0.044099342,GOOD,GOOD,
2025-01-13 22:00:00+00:00,0.14500000000000002,0.145,0.1833948,0.79776937,0.041047506,0.16118313,GOOD,GOOD,
2025-01-13 23:00:00+00:00,0.16999999999999998,0.16999999999999998,0.17577326,0.9627592,0.020894984,0.016345797,GOOD,GOOD,
2025-01-14 00:00:00+00:00,0.21000000000000002,0.21000000000000002,0.1892968,0.9416195,0.039084572,0.019295929,GOOD,GOOD,
2025-01-14 01:00:00+00:00,0.195,0.195,0.22252943,0.97082996,0.016208135,0.012961901,GOOD,GOOD,
2025-01-14 02:00:00+00:00,0.16,0.16,0.23161685,0.96082085,0.023242144,0.015937014,GOOD,GOOD,
2025-01-14 03:00:00+00:00,0.16,0.16,0.20916006,0.9512909,0.01816292,0.030546175,GOOD,GOOD,
2025-01-14 04:00:00+00:00,0.155,0.155,0.19336808,0.8602816,0.03082939,0.108889036,GOOD,GOOD,
2025-01-14 05:00:00+00:00,0.16,0.16,0.18631704,0.90972984,0.024223827,0.06604632,GOOD,GOOD,
2025-01-14 06:00:00+00:00,0.16999999999999998,0.16999999999999998,0.18785818,0.9290575,0.021730565,0.04921197,GOOD,GOOD,
2025-01-14 07:00:00+00:00,0.165,0.165,0.19588432,0.94109505,0.019011205,0.039893765,GOOD,GOOD,
2025-01-14 08:00:00+00:00,0.19,0.19,0.19765013,0.96546483,0.01979448,0.014740658,GOOD,GOOD,
2025-01-14 09:00:00+00:00,0.19,0.19,0.21107337,0.95807433,0.018494165,0.023431519,GOOD,GOOD,
2025-01-14 10:00:00+00:00,0.2,0.2,0.21971273,0.9489371,0.021909904,0.029152978,GOOD,GOOD,
2025-01-14 11:00:00+00:00,0.22,0.22,0.22764978,0.9642751,0.019398317,0.016326584,GOOD,GOOD,
2025-01-14 12:00:00+00:00,0.24,0.02,0.24263531,0.20963514,0.33846796,0.4518969,BAD,BAD,G_missing_sentinel
2025-01-14 13:00:00+00:00,0.23,0.23000000000000004,0.13779664,0.5356741,0.27227613,0.19204973,GOOD,GOOD,
2025-01-14 14:00:00+00:00,0.235,0.235,0.18264106,0.56342006,0.29004437,0.14653553,GOOD,GOOD,
2025-01-14 15:00:00+00:00,0.21,0.21,0.24525017,0.9623895,0.022154626,0.015455858,GOOD,GOOD,
2025-01-14 16:00:00+00:00,0.235,0.235,0.2550305,0.9484972,0.030673947,0.020828877,GOOD,GOOD,
2025-01-14 17:00:00+00:00,0.25,0.25,0.26145947,0.9488077,0.026449054,0.024743224,GOOD,GOOD,
2025-01-14 18:00:00+00:00,0.24,0.24,0.27399898,0.9720371,0.015281982,0.012680964,GOOD,GOOD,
2025-01-14 19:00:00+00:00,0.26,0.26000000000000006,0.27473426,0.9669502,0.019002507,0.01404733,GOOD,GOOD,
2025-01-14 20:00:00+00:00,0.28500000000000003,0.2850000000000001,0.28401902,0.942595,0.03180469,0.025600294,GOOD,GOOD,
2025-01-14 21:00:00+00:00,0.22999999999999998,0.23,0.3048504,0.9357575,0.040422108,0.023820374,GOOD,GOOD,
2025-01-14 22:00:00+00:00,0.275,0.2750000000000001,0.28302228,0.9193521,0.048333596,0.032314308,GOOD,GOOD,
2025-01-14 23:00:00+00:00,0.28500000000000003,0.2850000000000001,0.29107842,0.9653981,0.019138675,0.01546328,GOOD,GOOD,
2025-01-15 00:00:00+00:00,0.315,0.31500000000000006,0.30807397,0.9489371,0.03249189,0.018570995,GOOD,GOOD,
2025-01-15 01:00:00+00:00,0.3,0.30000000000000004,0.3338029,0.96955806,0.01715499,0.0132869445,GOOD,GOOD,
2025-01-15 02:00:00+00:00,0.345,0.34500000000000003,0.33666584,0.930393,0.04359304,0.026013963,GOOD,GOOD,
2025-01-15 03:00:00+00:00,0.365,0.3650000000000001,0.35982648,0.9523502,0.028724644,0.018925149,GOOD,GOOD,
2025-01-15 04:00:00+00:00,0.375,0.3750000000000001,0.38605234,0.9302217,0.028852567,0.040925734,GOOD,GOOD,
2025-01-15 05:00:00+00:00,0.32999999999999996,0.33000000000000007,0.40237647,0.95347273,0.02790062,0.018626628,GOOD,GOOD,
2025-01-15 06:00:00+00:00,0.345,0.34500000000000003,0.3791974,0.9712949,0.015472692,0.0132324565,GOOD,GOOD,
2025-01-15 07:00:00+00:00,0.365,1.8250000000000002,0.3716679,0.026577413,0.034080084,0.9393425,BAD,BAD,B_mult
2025-01-15 08:00:00+00:00,0.345,0.34500000000000003,1.4607617,0.12654674,0.08819234,0.7852609,GOOD,BAD,
2025-01-15 09:00:00+00:00,0.29,0.29000000000000004,0.8141053,0.0027394295,0.4321982,0.56506234,GOOD,SUSPECT,
2025-01-15 10:00:00+00:00,0.235,0.235,0.39989322,0.3293934,0.4486607,0.22194588,GOOD,SUSPECT,
2025-01-15 11:00:00+00:00,0.185,0.185,0.25119588,0.97462755,0.017672002,0.0077004586,GOOD,GOOD,
2025-01-15 12:00:00+00:00,0.245,0.24500000000000002,0.21161976,0.9392059,0.042548884,0.018245222,GOOD,GOOD,
2025-01-15 13:00:00+00:00,0.215,0.215,0.24603902,0.94617325,0.03393427,0.01989246,GOOD,GOOD,
2025-01-15 14:00:00+00:00,0.20500000000000002,0.20500000000000002,0.25548172,0.97134453,0.01465197,0.014003494,GOOD,GOOD,
2025-01-15 15:00:00+00:00,0.215,0.215,0.2453291,0.9806987,0.011914391,0.007386906,GOOD,GOOD,
2025-01-15 16:00:00+00:00,0.21,0.21,0.24320744,0.9690246,0.0156217255,0.015353675,GOOD,GOOD,
2025-01-15 17:00:00+00:00,0.21,0.21,0.24195327,0.93230015,0.02440397,0.043295857,GOOD,GOOD,
2025-01-15 18:00:00+00:00,0.265,0.26500000000000007,0.24149638,0.9585802,0.030062556,0.01135724,GOOD,GOOD,
2025-01-15 19:00:00+00:00,0.28500000000000003,0.2850000000000001,0.2735973,0.97696304,0.011838908,0.011198062,GOOD,GOOD,
2025-01-15 20:00:00+00:00,0.32,0.32000000000000006,0.306124,0.9766042,0.0152607765,0.008134987,GOOD,GOOD,
2025-01-15 21:00:00+00:00,0.31,0.31000000000000005,0.3392384,0.98487675,0.008707506,0.0064157704,GOOD,GOOD,
2025-01-15 22:00:00+00:00,0.24,0.24,0.34656382,0.94616693,0.033446025,0.020387037,GOOD,GOOD,
2025-01-15 23:00:00+00:00,0.275,0.2750000000000001,0.302464,0.9816404,0.012538966,0.0058206096,GOOD,GOOD,
2025-01-16 00:00:00+00:00,0.29500000000000004,0.2950000000000001,0.2951518,0.98463583,0.010163207,0.005200937,GOOD,GOOD,
2025-01-16 01:00:00+00:00,0.31,0.31000000000000005,0.3132722,0.9724854,0.014548221,0.012966352,GOOD,GOOD,
2025-01-16 02:00:00+00:00,0.3,0.30000000000000004,0.333689,0.9809382,0.0099201845,0.00914164,GOOD,GOOD,
2025-01-16 03:00:00+00:00,0.28,0.28000000000000014,0.3354174,0.9753639,0.013549096,0.011086996,GOOD,GOOD,
2025-01-16 04:00:00+00:00,0.27,0.2700000000000001,0.32013908,0.95495963,0.020114455,0.024925943,GOOD,GOOD,
2025-01-16 05:00:00+00:00,0.275,0.2750000000000001,0.30504587,0.9642538,0.0164661,0.019280102,GOOD,GOOD,
2025-01-16 06:00:00+00:00,0.29000000000000004,0.2900000000000001,0.30241373,0.97980464,0.011840397,0.008354942,GOOD,GOOD,
2025-01-16 07:00:00+00:00,0.3,0.30000000000000004,0.31289014,0.96992,0.01303782,0.017042192,GOOD,GOOD,
2025-01-16 08:00:00+00:00,0.33,0.3300000000000001,0.32550913,0.9747734,0.016001191,0.009225409,GOOD,GOOD,
2025-01-16 09:00:00+00:00,0.35,0.35000000000000003,0.34864438,0.97365487,0.016469419,0.009875705,GOOD,GOOD,
2025-01-16 10:00:00+00:00,0.30000000000000004,0.3000000000000001,0.3721139,0.9689472,0.019840565,0.0112122875,GOOD,GOOD,
2025-01-16 11:00:00+00:00,0.28,0.28000000000000014,0.35098627,0.9766742,0.013538156,0.009787651,GOOD,GOOD,
2025-01-16 12:00:00+00:00,0.30000000000000004,0.3000000000000001,0.3217278,0.9821373,0.011441605,0.006421089,GOOD,GOOD,
2025-01-16 13:00:00+00:00,0.3,0.30000000000000004,0.3214706,0.98020744,0.010504393,0.009288153,GOOD,GOOD,
2025-01-16 14:00:00+00:00,0.32,0.32000000000000006,0.32770738,0.976346,0.014511905,0.009142094,GOOD,GOOD,
2025-01-16 15:00:00+00:00,0.30500000000000005,0.30500000000000016,0.3426679,0.97892344,0.011727288,0.009349263,GOOD,GOOD,
2025-01-16 16:00:00+00:00,0.345,0.34500000000000003,0.34126365,0.9540384,0.030030899,0.015930722,GOOD,GOOD,
2025-01-16 17:00:00+00:00,0.33499999999999996,0.335,0.3610987,0.9773011,0.013792683,0.0089061875,GOOD,GOOD,
2025-01-16 18:00:00+00:00,0.355,0.35500000000000004,0.3677931,0.9746491,0.015728097,0.009622834,GOOD,GOOD,
2025-01-16 19:00:00+00:00,0.36,0.36000000000000004,0.3792288,0.9674485,0.016222615,0.016328942,GOOD,GOOD,
2025-01-16 20:00:00+00:00,0.385,0.38500000000000006,0.3880921,0.9655709,0.020777676,0.013651393,GOOD,GOOD,
2025-01-16 21:00:00+00:00,0.365,0.3650000000000001,0.4061553,0.9737846,0.01524847,0.010966926,GOOD,GOOD,
2025-01-16 22:00:00+00:00,0.31,0.31000000000000005,0.40276787,0.941491,0.03729018,0.021218838,GOOD,GOOD,
2025-01-16 23:00:00+00:00,0.32,0.32000000000000006,0.36369443,0.97595763,0.01379882,0.010243559,GOOD,GOOD,
2025-01-17 00:00:00+00:00,0.315,0.31500000000000006,0.34783006,0.97040325,0.012893343,0.016703404,GOOD,GOOD,
2025-01-17 01:00:00+00:00,0.29,0.29000000000000004,0.3441969,0.9672487,0.01874874,0.014002601,GOOD,GOOD,
2025-01-17 02:00:00+00:00,0.25,0.25,0.3296738,0.93181694,0.04251764,0.025665434,GOOD,GOOD,
2025-01-17 03:00:00+00:00,0.24,0.24,0.29764542,0.9431707,0.028716974,0.028112307,GOOD,GOOD,
2025-01-17 04:00:00+00:00,0.265,0.26500000000000007,0.2754264,0.96970433,0.017798757,0.012496896,GOOD,GOOD,
2025-01-17 05:00:00+00:00,0.265,0.26500000000000007,0.2835358,0.9683669,0.014892262,0.01674084,GOOD,GOOD,
2025-01-17 06:00:00+00:00,0.28500000000000003,0.2850000000000001,0.2931788,0.97116375,0.015198831,0.013637433,GOOD,GOOD,
2025-01-17 07:00:00+00:00,0.3,0.30000000000000004,0.30833328,0.9681073,0.01483974,0.017052975,GOOD,GOOD,
2025-01-17 08:00:00+00:00,0.29000000000000004,0.2900000000000001,0.32459754,0.9598628,0.01666241,0.023474736,GOOD,GOOD,
2025-01-17 09:00:00+00:00,0.275,0.2750000000000001,0.32529074,0.91822326,0.03436738,0.047409367,GOOD,GOOD,
2025-01-17 10:00:00+00:00,0.22999999999999998,0.23,0.3133925,0.8774423,0.07821273,0.044344973,GOOD,GOOD,
2025-01-17 11:00:00+00:00,0.255,0.255,0.2799935,0.958022,0.022926897,0.019051092,GOOD,GOOD,
2025-01-17 12:00:00+00:00,0.275,0.2750000000000001,0.27670792,0.9659501,0.016529696,0.017520206,GOOD,GOOD,
2025-01-17 13:00:00+00:00,0.315,0.31500000000000006,0.29428977,0.9637945,0.025524143,0.010681301,GOOD,GOOD,
2025-01-17 14:00:00+00:00,0.29,0.29000000000000004,0.3287997,0.9767302,0.014025929,0.009243843,GOOD,GOOD,
2025-01-17 15:00:00+00:00,0.29500000000000004,0.2950000000000001,0.3306382,0.9815789,0.009210884,0.009210255,GOOD,GOOD,
2025-01-17 16:00:00+00:00,0.35,0.35000000000000003,0.32695043,0.948193,0.035616554,0.016190443,GOOD,GOOD,
2025-01-17 17:00:00+00:00,0.26,0.26000000000000006,0.3583435,0.87953365,0.075563096,0.04490324,GOOD,GOOD,
2025-01-17 18:00:00+00:00,0.3,0.30000000000000004,0.3243633,0.9582537,0.027873699,0.01387261,GOOD,GOOD,
2025-01-17 19:00:00+00:00,0.31,0.31000000000000005,0.32002985,0.97910243,0.011686473,0.009211077,GOOD,GOOD,
2025-01-17 20:00:00+00:00,0.37,0.37000000000000005,0.33237314,0.93133706,0.0472517,0.021411225,GOOD,GOOD,
2025-01-17 21:00:00+00:00,0.39,0.3900000000000001,0.37617135,0.950373,0.030951893,0.01867511,GOOD,GOOD,
2025-01-17 22:00:00+00:00,0.28500000000000003,0.2850000000000001,0.41163808,0.8438566,0.10229664,0.053846803,GOOD,GOOD,
2025-01-17 23:00:00+00:00,0.28,0.28000000000000014,0.3590126,0.9427309,0.031594157,0.025674913,GOOD,GOOD,
2025-01-18 00:00:00+00:00,0.33,0.3300000000000001,0.31826052,0.95069075,0.03242022,0.016889002,GOOD,GOOD,
2025-01-18 01:00:00+00:00,0.315,0.31500000000000006,0.33647737,0.97737056,0.013417513,0.009211908,GOOD,GOOD,
2025-01-18 02:00:00+00:00,0.295,0.29500000000000004,0.3468167,0.9577709,0.01661162,0.025617521,GOOD,GOOD,
2025-01-18 03:00:00+00:00,0.28500000000000003,0.2850000000000001,0.33556107,0.93785274,0.017898075,0.04424918,GOOD,GOOD,
2025-01-18 04:00:00+00:00,0.315,0.31500000000000006,0.3209105,0.9732975,0.016344164,0.01035838,GOOD,GOOD,
2025-01-18 05:00:00+00:00,0.29000000000000004,0.2900000000000001,0.33282053,0.9763459,0.0136950435,0.009959064,GOOD,GOOD,
2025-01-18 06:00:00+00:00,0.27,0.2700000000000001,0.32838914,0.9334862,0.02873537,0.037778415,GOOD,GOOD,
2025-01-18 07:00:00+00:00,0.315,0.31500000000000006,0.31059307,0.9568119,0.028485822,0.014702274,GOOD,GOOD,
2025-01-18 08:00:00+00:00,0.29500000000000004,0.2950000000000001,0.32784754,0.98099935,0.010632349,0.008368322,GOOD,GOOD,
2025-01-18 09:00:00+00:00,0.32,0.32000000000000006,0.33069405,0.97582144,0.013964653,0.010213919,GOOD,GOOD,
2025-01-18 10:00:00+00:00,0.28500000000000003,0.2850000000000001,0.34269646,0.9726645,0.015541598,0.011793937,GOOD,GOOD,
2025-01-18 11:00:00+00:00,0.27,0.2700000000000001,0.32894227,0.9495582,0.021681089,0.028760709,GOOD,GOOD,
2025-01-18 12:00:00+00:00,0.27,0.2700000000000001,0.30894268,0.88636047,0.023452051,0.0901875,GOOD,GOOD,
2025-01-18 13:00:00+00:00,0.33,0.3300000000000001,0.3002966,0.93235356,0.047590323,0.020056099,GOOD,GOOD,
2025-01-18 14:00:00+00:00,0.32,0.32000000000000006,0.33510926,0.97356814,0.014725739,0.011706142,GOOD,GOOD,
2025-01-18 15:00:00+00:00,0.29,0.29000000000000004,0.3519507,0.9745877,0.014073038,0.011339295,GOOD,GOOD,
2025-01-18 16:00:00+00:00,0.32,0.32000000000000006,0.3355655,0.97412807,0.015235934,0.010636024,GOOD,GOOD,
2025-01-18 17:00:00+00:00,0.265,0.26500000000000007,0.34062693,0.93978494,0.038767535,0.021447528,GOOD,GOOD,
2025-01-18 18:00:00+00:00,0.245,0.24500000000000002,0.3153299,0.9502072,0.02897665,0.02081619,GOOD,GOOD,
2025-01-18 19:00:00+00:00,0.29500000000000004,0.2950000000000001,0.2864706,0.95628214,0.029369192,0.014348648,GOOD,GOOD,
2025-01-18 20:00:00+00:00,0.33,0.3300000000000001,0.30427328,0.93281186,0.044391043,0.02279707,GOOD,GOOD,
2025-01-18 21:00:00+00:00,0.37,0.37000000000000005,0.34262186,0.9208516,0.050933097,0.02821534,GOOD,GOOD,
2025-01-18 22:00:00+00:00,0.365,0.3650000000000001,0.3850526,0.95490396,0.021342898,0.023753135,GOOD,GOOD,
2025-01-18 23:00:00+00:00,0.315,0.31500000000000006,0.3987484,0.9526902,0.029053992,0.01825582,GOOD,GOOD,
2025-01-19 00:00:00+00:00,0.345,0.34500000000000003,0.36785623,0.9697754,0.017915899,0.012308709,GOOD,GOOD,
2025-01-19 01:00:00+00:00,0.33,0.3300000000000001,0.36574206,0.97807574,0.011678747,0.01024552,GOOD,GOOD,
2025-01-19 02:00:00+00:00,0.33999999999999997,0.3400000000000001,0.36293182,0.9614406,0.01579022,0.022769142,GOOD,GOOD,
2025-01-19 03:00:00+00:00,0.31,0.31000000000000005,0.3668979,0.96644205,0.017964538,0.015593394,GOOD,GOOD,
2025-01-19 04:00:00+00:00,0.32,0.32000000000000006,0.35176116,0.97124964,0.012314376,0.016435992,GOOD,GOOD,
2025-01-19 05:00:00+00:00,0.32,0.32000000000000006,0.34765834,0.78286546,0.031068513,0.186066,GOOD,GOOD,
2025-01-19 06:00:00+00:00,0.265,0.26500000000000007,0.348822,0.8765025,0.08037655,0.043120936,GOOD,GOOD,
2025-01-19 07:00:00+00:00,0.255,0.255,0.3173186,0.9202527,0.040092107,0.039655212,GOOD,GOOD,
2025-01-19 08:00:00+00:00,0.29000000000000004,0.2900000000000001,0.29190433,0.96139884,0.022270914,0.016330246,GOOD,GOOD,
2025-01-19 09:00:00+00:00,0.3,0.30000000000000004,0.30441195,0.95736825,0.018057637,0.024574108,GOOD,GOOD,
2025-01-19 10:00:00+00:00,0.275,0.2750000000000001,0.32342777,0.9414418,0.027821286,0.030736914,GOOD,GOOD,
2025-01-19 11:00:00+00:00,0.265,0.26500000000000007,0.31645662,0.86090195,0.042073354,0.097024664,GOOD,GOOD,
2025-01-19 12:00:00+00:00,0.26,0.26000000000000006,0.30212379,0.757741,0.04534426,0.19691475,GOOD,GOOD,
2025-01-19 13:00:00+00:00,0.29000000000000004,0.2900000000000001,0.29261872,0.9535495,0.022555927,0.023894554,GOOD,GOOD,
2025-01-19 14:00:00+00:00,0.31,0.31000000000000005,0.3077383,0.9293773,0.030981353,0.03964136,GOOD,GOOD,
2025-01-19 15:00:00+00:00,0.315,0.31500000000000006,0.33095935,0.9109645,0.021699592,0.067335926,GOOD,GOOD,
2025-01-19 16:00:00+00:00,0.295,0.29500000000000004,0.34420338,0.97069037,0.013736702,0.015572959,GOOD,GOOD,
2025-01-19 17:00:00+00:00,0.29000000000000004,0.2900000000000001,0.33516446,0.8861046,0.021445502,0.09244994,GOOD,GOOD,
2025-01-19 18:00:00+00:00,0.28,0.28000000000000014,0.32424405,0.861238,0.029556084,0.10920589,GOOD,GOOD,
2025-01-19 19:00:00+00:00,0.28,0.28000000000000014,0.31416628,0.839577,0.027421534,0.13300145,GOOD,GOOD,
2025-01-19 20:00:00+00:00,0.36,0.36000000000000004,0.31030378,0.84474117,0.11168678,0.04357207,GOOD,GOOD,
2025-01-19 21:00:00+00:00,0.31,0.31000000000000005,0.35799703,0.9473534,0.032485917,0.020160656,GOOD,GOOD,
2025-01-19 22:00:00+00:00,0.295,0.29500000000000004,0.3573588,0.97018987,0.014669688,0.015140418,GOOD,GOOD,
2025-01-19 23:00:00+00:00,0.22499999999999998,0.22499999999999998,0.3366535,0.7957175,0.13927875,0.06500376,GOOD,GOOD,
2025-01-20 00:00:00+00:00,0.22999999999999998,0.23,0.28445733,0.95843714,0.023083022,0.018479854,GOOD,GOOD,
2025-01-20 01:00:00+00:00,0.23,0.23000000000000004,0.26004812,0.80817634,0.038718015,0.15310565,GOOD,GOOD,
2025-01-20 02:00:00+00:00,0.225,0.225,0.2568245,0.8731885,0.03034623,0.096465275,GOOD,GOOD,
2025-01-20 03:00:00+00:00,0.22,0.22,0.256317,0.79818785,0.036615115,0.16519704,GOOD,GOOD,
2025-01-20 04:00:00+00:00,0.21,0.21,0.25312114,0.89445907,0.030670088,0.07487084,GOOD,GOOD,
2025-01-20 05:00:00+00:00,0.215,0.215,0.24534547,0.9443931,0.022983883,0.032623045,GOOD,GOOD,
2025-01-20 06:00:00+00:00,0.22,0.22,0.2440991,0.7945411,0.03900895,0.16644995,GOOD,GOOD,
2025-01-20 07:00:00+00:00,0.2,0.2,0.2481215,0.93073916,0.035673656,0.033587214,GOOD,GOOD,
2025-01-20 08:00:00+00:00,0.22499999999999998,0.22499999999999998,0.23921381,0.9458142,0.028257417,0.025928373,GOOD,GOOD,
2025-01-20 09:00:00+00:00,0.24,0.24,0.24692817,0.9555516,0.01915889,0.025289493,GOOD,GOOD,
2025-01-20 10:00:00+00:00,0.25,0.25,0.26306745,0.8983695,0.026929589,0.07470091,GOOD,GOOD,
2025-01-20 11:00:00+00:00,0.27,0.2700000000000001,0.2769105,0.9518085,0.0213203,0.026871206,GOOD,GOOD,
2025-01-20 12:00:00+00:00,0.22999999999999998,0.23,0.29359606,0.86352974,0.077181056,0.059289202,GOOD,GOOD,
2025-01-20 13:00:00+00:00,0.195,0.195,0.27757257,0.8020198,0.107263364,0.09071686,GOOD,GOOD,
2025-01-20 14:00:00+00:00,0.2,0.2,0.24355939,0.90849876,0.040283687,0.051217556,GOOD,GOOD,
2025-01-20 15:00:00+00:00,0.185,0.185,0.2293326,0.9217782,0.034886323,0.043335497,GOOD,GOOD,
2025-01-20 16:00:00+00:00,0.20500000000000002,0.20500000000000002,0.21962579,0.9354358,0.028873727,0.035690494,GOOD,GOOD,
2025-01-20 17:00:00+00:00,0.20500000000000002,0.20500000000000002,0.22734055,0.9155099,0.029674722,0.0548154,GOOD,GOOD,
2025-01-20 18:00:00+00:00,0.245,0.24500000000000002,0.23436415,0.9275332,0.04700676,0.025460042,GOOD,GOOD,
2025-01-20 19:00:00+00:00,0.21,0.21,0.25981694,0.94392425,0.033950668,0.022125077,GOOD,GOOD,
2025-01-20 20:00:00+00:00,0.25,0.25,0.2541717,0.9284629,0.04306161,0.02847546,GOOD,GOOD,
2025-01-20 21:00:00+00:00,0.305,0.3050000000000001,0.26768842,0.8925484,0.07312261,0.034328993,GOOD,GOOD,
2025-01-20 22:00:00+00:00,0.26,0.26000000000000006,0.31118235,0.9192405,0.050134096,0.030625438,GOOD,GOOD,
2025-01-20 23:00:00+00:00,0.225,0.225,0.30794802,0.9502973,0.0276401,0.022062626,GOOD,GOOD,
2025-01-21 00:00:00+00:00,0.185,0.185,0.2752517,0.9306999,0.04324687,0.026053233,GOOD,GOOD,
2025-01-21 01:00:00+00:00,0.195,0.195,0.23386495,0.9638044,0.020453794,0.015741803,GOOD,GOOD,
2025-01-21 02:00:00+00:00,0.195,0.195,0.22122993,0.91314614,0.024645532,0.06220836,GOOD,GOOD,
2025-01-21 03:00:00+00:00,0.20500000000000002,0.20500000000000002,0.22254087,0.9541807,0.0200308,0.025788493,GOOD,GOOD,
2025-01-21 04:00:00+00:00,0.21,0.21,0.2309931,0.88514113,0.02603654,0.08882235,GOOD,GOOD,
2025-01-21 05:00:00+00:00,0.185,0.185,0.23858036,0.94099015,0.031431306,0.02757852,GOOD,GOOD,
2025-01-21 06:00:00+00:00,0.22,0.22,0.22693294,0.93779457,0.03785473,0.024350708,GOOD,GOOD,
2025-01-21 07:00:00+00:00,0.245,0.24500000000000002,0.23798777,0.9422516,0.03523517,0.022513216,GOOD,GOOD,
2025-01-21 08:00:00+00:00,0.21,0.21,0.26302904,0.956848,0.025583407,0.017568575,GOOD,GOOD,
2025-01-21 09:00:00+00:00,0.20500000000000002,0.20500000000000002,0.25535467,0.97015655,0.01421124,0.01563223,GOOD,GOOD,
2025-01-21 10:00:00+00:00,0.20500000000000002,0.20500000000000002,0.24165817,0.76737994,0.027334092,0.20528597,GOOD,GOOD,
2025-01-21 11:00:00+00:00,0.175,0.175,0.2356887,0.9530415,0.026928453,0.020030059,GOOD,GOOD,
2025-01-21 12:00:00+00:00,0.2,0.2,0.21781191,0.9656202,0.020151414,0.0142283775,GOOD,GOOD,
2025-01-21 13:00:00+00:00,0.18,0.18,0.22166765,0.952317,0.025898656,0.021784341,GOOD,GOOD,
2025-01-21 14:00:00+00:00,0.13,0.13,0.21709728,0.8262955,0.110457964,0.06324657,GOOD,GOOD,
2025-01-21 15:00:00+00:00,0.13,0.13,0.18405755,0.9241124,0.038946655,0.03694097,GOOD,GOOD,
2025-01-21 16:00:00+00:00,0.13,0.13,0.16372588,0.72949755,0.047790915,0.22271153,GOOD,GOOD,
2025-01-21 17:00:00+00:00,0.16999999999999998,0.16999999999999998,0.15880905,0.9173924,0.053477142,0.029130481,GOOD,GOOD,
2025-01-21 18:00:00+00:00,0.16,0.16,0.18245068,0.957429,0.024110738,0.01846026,GOOD,GOOD,
2025-01-21 19:00:00+00:00,0.2,0.2,0.1931219,0.9419154,0.03737164,0.020712964,GOOD,GOOD,
2025-01-21 20:00:00+00:00,0.21,0.21,0.21655427,0.96445537,0.018127685,0.017416978,GOOD,GOOD,
2025-01-21 21:00:00+00:00,0.225,0.225,0.23576379,0.92740595,0.026639462,0.045954585,GOOD,GOOD,
2025-01-21 22:00:00+00:00,0.22999999999999998,0.23,0.25111997,0.9029668,0.026514621,0.07051858,GOOD,GOOD,
2025-01-21 23:00:00+00:00,0.24,0.24,0.25973046,0.91023916,0.027939998,0.06182085,GOOD,GOOD,
2025-01-22 00:00:00+00:00,0.225,0.225,0.2677606,0.96857774,0.015838835,0.015583399,GOOD,GOOD,
2025-01-22 01:00:00+00:00,0.175,0.8750000000000001,0.26236475,0.20139831,0.19547482,0.6031269,BAD,GOOD,B_mult
2025-01-22 02:00:00+00:00,0.155,0.155,0.6743053,0.31780994,0.16085893,0.52133113,GOOD,GOOD,
2025-01-22 03:00:00+00:00,0.14500000000000002,0.145,0.4413179,0.06665236,0.48484257,0.44850507,GOOD,SUSPECT,
2025-01-22 04:00:00+00:00,0.14500000000000002,0.145,0.2315585,0.44933367,0.15801695,0.39264938,GOOD,GOOD,
2025-01-22 05:00:00+00:00,0.14500000000000002,0.145,0.16020869,0.85641474,0.042379707,0.10120554,GOOD,GOOD,
2025-01-22 06:00:00+00:00,0.18,0.18,0.1596448,0.9469202,0.036110736,0.016969034,GOOD,GOOD,
2025-01-22 07:00:00+00:00,0.19,0.19,0.19114073,0.9594182,0.019960364,0.020621488,GOOD,GOOD,
2025-01-22 08:00:00+00:00,0.165,0.165,0.21533415,0.9708609,0.017292872,0.011846228,GOOD,GOOD,
2025-01-22 09:00:00+00:00,0.16,0.16,0.20853028,0.95453703,0.017785931,0.027677057,GOOD,GOOD,
2025-01-22 10:00:00+00:00,0.16499999999999998,0.16499999999999998,0.19614118,0.9317463,0.022148164,0.046105545,GOOD,GOOD,
2025-01-22 11:00:00+00:00,0.195,0.195,0.19360577,0.9660227,0.022294112,0.011683243,GOOD,GOOD,
2025-01-22 12:00:00+00:00,0.23,0.23000000000000004,0.21223694,0.9328073,0.04387717,0.023315517,GOOD,GOOD,
2025-01-22 13:00:00+00:00,0.16999999999999998,0.16999999999999998,0.24503951,0.95364267,0.026852401,0.01950494,GOOD,GOOD,
2025-01-22 14:00:00+00:00,0.16999999999999998,0.16999999999999998,0.22659843,0.97363186,0.0123999845,0.013968132,GOOD,GOOD,
2025-01-22 15:00:00+00:00,0.135,0.135,0.20695525,0.95771784,0.026831485,0.015450653,GOOD,GOOD,
2025-01-22 16:00:00+00:00,0.16,0.16,0.18016736,0.97091025,0.01850587,0.010583862,GOOD,GOOD,
2025-01-22 17:00:00+00:00,0.16,0.16,0.18110788,0.9594067,0.017569343,0.023023987,GOOD,GOOD,
2025-01-22 18:00:00+00:00,0.11499999999999999,0.11500000000000002,0.18814318,0.9220276,0.049070653,0.028901784,GOOD,GOOD,
2025-01-22 19:00:00+00:00,0.14500000000000002,0.145,0.16604832,0.9593158,0.025150845,0.015533352,GOOD,GOOD,
2025-01-22 20:00:00+00:00,0.195,0.195,0.16640596,0.92590326,0.05229012,0.021806605,GOOD,GOOD,
2025-01-22 21:00:00+00:00,0.195,0.195,0.20141502,0.9699594,0.017376874,0.01266373,GOOD,GOOD,
2025-01-22 22:00:00+00:00,0.22,0.22,0.22362256,0.96468616,0.021514202,0.013799672,GOOD,GOOD,
2025-01-22 23:00:00+00:00,0.24,0.24,0.24326742,0.95383966,0.024927083,0.02123327,GOOD,GOOD,
2025-01-23 00:00:00+00:00,0.22,0.22,0.26307833,0.96771634,0.017542325,0.014741309,GOOD,GOOD,
2025-01-23 01:00:00+00:00,0.21000000000000002,0.21000000000000002,0.2597072,0.8990714,0.030953264,0.06997535,GOOD,GOOD,
2025-01-23 02:00:00+00:00,0.19,0.19,0.24739634,0.94304013,0.026107352,0.030852538,GOOD,GOOD,
2025-01-23 03:00:00+00:00,0.16,0.16,0.22948638,0.9486863,0.03019117,0.021122525,GOOD,GOOD,
2025-01-23 04:00:00+00:00,0.125,0.125,0.20378847,0.9206761,0.049557578,0.029766288,GOOD,GOOD,
2025-01-23 05:00:00+00:00,0.12,0.12,0.17145321,0.95024943,0.025327029,0.02442354,GOOD,GOOD,
2025-01-23 06:00:00+00:00,0.1,0.10000000000000002,0.15339644,0.9420489,0.032746397,0.025204668,GOOD,GOOD,
2025-01-23 07:00:00+00:00,0.1,0.10000000000000002,0.13787173,0.9332465,0.025848784,0.0409047,GOOD,GOOD,
2025-01-23 08:00:00+00:00,0.1,0.10000000000000002,0.1311191,0.7493541,0.042426754,0.20821916,GOOD,GOOD,
2025-01-23 09:00:00+00:00,0.11,0.11,0.13018085,0.95414364,0.021242654,0.024613691,GOOD,GOOD,
2025-01-23 10:00:00+00:00,0.14333333333333334,0.14333333333333334,0.13644437,0.9517693,0.0315933,0.016637402,GOOD,GOOD,
2025-01-23 11:00:00+00:00,0.17666666666666667,0.17666666666666667,0.15950502,0.912143,0.052118134,0.03573885,GOOD,GOOD,
2025-01-23 12:00:00+00:00,0.21,0.21,0.19233137,0.90587384,0.05566461,0.03846153,GOOD,GOOD,
2025-01-23 13:00:00+00:00,0.20500000000000002,0.20500000000000002,0.22731696,0.9676195,0.017606353,0.014774167,GOOD,GOOD,
2025-01-23 14:00:00+00:00,0.185,0.185,0.23933178,0.96986216,0.015262159,0.014875655,GOOD,GOOD,
2025-01-23 15:00:00+00:00,0.18,0.18,0.22754698,0.93388397,0.020106379,0.046009634,GOOD,GOOD,
2025-01-23 16:00:00+00:00,0.18,0.18,0.215163,0.8238923,0.028321026,0.14778669,GOOD,GOOD,
2025-01-23 17:00:00+00:00,0.155,0.155,0.21052541,0.96128887,0.022439336,0.016271772,GOOD,GOOD,
2025-01-23 18:00:00+00:00,0.15500000000000003,0.15500000000000003,0.19595388,0.96608347,0.016969837,0.01694667,GOOD,GOOD,
2025-01-23 19:00:00+00:00,0.155,0.155,0.18715133,0.71345335,0.036818627,0.24972802,GOOD,GOOD,
2025-01-23 20:00:00+00:00,0.185,0.185,0.1850029,0.9558243,0.02744265,0.01673305,GOOD,GOOD,
2025-01-23 21:00:00+00:00,0.175,0.175,0.2025103,0.9551192,0.024347803,0.020533012,GOOD,GOOD,
2025-01-23 22:00:00+00:00,0.17,0.17,0.20855236,0.84049344,0.034370378,0.1251362,GOOD,GOOD,
2025-01-23 23:00:00+00:00,0.18,0.18,0.20495507,0.95868486,0.0205772,0.020737916,GOOD,GOOD,
2025-01-24 00:00:00+00:00,0.19,0.19,0.2074132,0.839249,0.036169555,0.12458141,GOOD,GOOD,
2025-01-24 01:00:00+00:00,0.195,0.195,0.215953,0.89364743,0.028110346,0.07824224,GOOD,GOOD,
2025-01-24 02:00:00+00:00,0.19,0.19,0.22364302,0.9331682,0.024044467,0.042787377,GOOD,GOOD,
2025-01-24 03:00:00+00:00,0.165,0.165,0.2236229,0.901343,0.048698694,0.04995835,GOOD,GOOD,
2025-01-24 04:00:00+00:00,0.11499999999999999,0.11500000000000002,0.20758824,0.7811402,0.13862187,0.080237925,GOOD,GOOD,
2025-01-24 05:00:00+00:00,0.11,0.11,0.16914658,0.8362564,0.079184934,0.08455865,GOOD,GOOD,
2025-01-24 06:00:00+00:00,0.11499999999999999,0.11500000000000002,0.14516434,0.9239135,0.03133958,0.044746913,GOOD,GOOD,
2025-01-24 07:00:00+00:00,0.10500000000000001,0.10500000000000002,0.14159186,0.9201169,0.03381448,0.046068598,GOOD,GOOD,
2025-01-24 08:00:00+00:00,0.135,0.135,0.13869888,0.92542917,0.037256483,0.03731435,GOOD,GOOD,
2025-01-24 09:00:00+00:00,0.14,0.14000000000000004,0.15364924,0.9296145,0.028181775,0.042203728,GOOD,GOOD,
2025-01-24 10:00:00+00:00,0.14,0.14000000000000004,0.16728453,0.73792577,0.049696837,0.21237743,GOOD,GOOD,
2025-01-24 11:00:00+00:00,0.16,0.16,0.17221764,0.9315456,0.029023701,0.03943065,GOOD,GOOD,
2025-01-24 12:00:00+00:00,0.28,0.28000000000000014,0.18375535,0.5120292,0.34301946,0.14495137,GOOD,GOOD,
2025-01-24 13:00:00+00:00,0.22499999999999998,0.22499999999999998,0.26027998,0.7371254,0.16227625,0.10059838,GOOD,GOOD,
2025-01-24 14:00:00+00:00,0.245,0.24500000000000002,0.2745527,0.9253837,0.04353552,0.031080768,GOOD,GOOD,
2025-01-24 15:00:00+00:00,0.235,0.235,0.27601868,0.9629092,0.0195939,0.017496908,GOOD,GOOD,
2025-01-24 16:00:00+00:00,0.255,0.255,0.2700537,0.9588243,0.023958333,0.017217372,GOOD,GOOD,
2025-01-24 17:00:00+00:00,0.21000000000000002,0.21000000000000002,0.27804765,0.9337757,0.042909987,0.023314284,GOOD,GOOD,
2025-01-24 18:00:00+00:00,0.2,0.2,0.25821087,0.95941085,0.020996759,0.019592384,GOOD,GOOD,
2025-01-24 19:00:00+00:00,0.225,0.225,0.23768796,0.9631841,0.022139758,0.014676135,GOOD,GOOD,
2025-01-24 20:00:00+00:00,0.225,0.225,0.24428228,0.9513201,0.019746015,0.02893388,GOOD,GOOD,
2025-01-24 21:00:00+00:00,0.215,0.215,0.25304648,0.9221471,0.026050936,0.051801976,GOOD,GOOD,
2025-01-24 22:00:00+00:00,0.16999999999999998,0.16999999999999998,0.2504404,0.87621236,0.074028894,0.049758762,GOOD,GOOD,
2025-01-24 23:00:00+00:00,0.18,0.18,0.22090192,0.9457244,0.027742181,0.026533416,GOOD,GOOD,
2025-01-25 00:00:00+00:00,0.22499999999999998,0.22499999999999998,0.20861901,0.9286918,0.046947546,0.024360625,GOOD,GOOD,
2025-01-25 01:00:00+00:00,0.215,0.215,0.23418179,0.9691147,0.01729427,0.0135910185,GOOD,GOOD,
2025-01-25 02:00:00+00:00,0.275,0.2750000000000001,0.24716993,0.8896656,0.075091615,0.035242774,GOOD,GOOD,
2025-01-25 03:00:00+00:00,0.245,0.24500000000000002,0.28363442,0.9609279,0.022922881,0.016149212,GOOD,GOOD,
2025-01-25 04:00:00+00:00,0.195,0.195,0.28664425,0.9394078,0.037938725,0.022653433,GOOD,GOOD,
2025-01-25 05:00:00+00:00,0.185,0.185,0.2507772,0.96383214,0.019419348,0.016748544,GOOD,GOOD,
2025-01-25 06:00:00+00:00,0.19,0.19,0.22281785,0.9230341,0.022236675,0.054729275,GOOD,GOOD,
2025-01-25 07:00:00+00:00,0.16,0.16,0.21684402,0.95643306,0.025870431,0.01769653,GOOD,GOOD,
2025-01-25 08:00:00+00:00,0.175,0.175,0.20177963,0.9646711,0.019716712,0.01561224,GOOD,GOOD,
2025-01-25 09:00:00+00:00,0.195,0.195,0.20107807,0.9452684,0.025003651,0.029727975,GOOD,GOOD,
2025-01-25 10:00:00+00:00,0.175,0.175,0.21584427,0.95465434,0.023812892,0.021532746,GOOD,GOOD,
2025-01-25 11:00:00+00:00,0.19,0.19,0.2136347,0.9630482,0.020144766,0.01680703,GOOD,GOOD,
2025-01-25 12:00:00+00:00,0.25,0.25,0.21692318,0.89549214,0.07404442,0.030463422,GOOD,GOOD,
2025-01-25 13:00:00+00:00,0.25,0.25,0.2550263,0.9644319,0.019387264,0.01618088,GOOD,GOOD,
2025-01-25 14:00:00+00:00,0.245,0.24500000000000002,0.27861968,0.8340723,0.028704068,0.13722366,GOOD,GOOD,
2025-01-25 15:00:00+00:00,0.255,0.255,0.28095534,0.9424098,0.020179143,0.037411053,GOOD,GOOD,
2025-01-25 16:00:00+00:00,0.295,0.29500000000000004,0.2836658,0.94032115,0.03752527,0.02215358,GOOD,GOOD,
2025-01-25 17:00:00+00:00,0.29000000000000004,0.2900000000000001,0.30921078,0.9672358,0.018013904,0.01475028,GOOD,GOOD,
2025-01-25 18:00:00+00:00,0.26,0.26000000000000006,0.32145247,0.9679763,0.018245528,0.013778197,GOOD,GOOD,
2025-01-25 19:00:00+00:00,0.27,0.2700000000000001,0.30497286,0.97413886,0.01390804,0.011953132,GOOD,GOOD,
2025-01-25 20:00:00+00:00,0.28,0.28000000000000014,0.29853967,0.88341904,0.029614426,0.08696653,GOOD,GOOD,
2025-01-25 21:00:00+00:00,0.265,0.26500000000000007,0.30480832,0.9682313,0.015553999,0.016214669,GOOD,GOOD,
2025-01-25 22:00:00+00:00,0.255,0.255,0.30083206,0.8342806,0.033962656,0.13175671,GOOD,GOOD,
2025-01-25 23:00:00+00:00,0.245,0.24500000000000002,0.29074612,0.7671807,0.03840249,0.1944168,GOOD,GOOD,
2025-01-26 00:00:00+00:00,0.305,0.3050000000000001,0.2797766,0.9046882,0.06524508,0.030066727,GOOD,GOOD,
2025-01-26 01:00:00+00:00,0.325,0.32500000000000007,0.3107504,0.94493395,0.03505603,0.02001003,GOOD,GOOD,
2025-01-26 02:00:00+00:00,0.35,0.35000000000000003,0.3444486,0.93368363,0.035688404,0.030627992,GOOD,GOOD,
2025-01-26 03:00:00+00:00,0.365,0.3650000000000001,0.3722212,0.9456265,0.02498617,0.029387359,GOOD,GOOD,
2025-01-26 04:00:00+00:00,0.32,0.02,0.39095882,0.16010469,0.21904495,0.6208504,BAD,BAD,G_missing_sentinel
2025-01-26 05:00:00+00:00,0.29,0.29000000000000004,0.19719021,0.52529556,0.25625634,0.21844812,GOOD,GOOD,
2025-01-26 06:00:00+00:00,0.29500000000000004,0.2950000000000001,0.22500731,0.40020704,0.41924262,0.18055035,GOOD,SUSPECT,
2025-01-26 07:00:00+00:00,0.265,0.26500000000000007,0.29716098,0.97430754,0.015144374,0.010548083,GOOD,GOOD,
2025-01-26 08:00:00+00:00,0.275,0.2750000000000001,0.31075686,0.9722156,0.013696332,0.014088082,GOOD,GOOD,
2025-01-26 09:00:00+00:00,0.27,0.2700000000000001,0.30833653,0.917304,0.017853513,0.06484251,GOOD,GOOD,
2025-01-26 10:00:00+00:00,0.3,0.30000000000000004,0.3028874,0.96750426,0.02001871,0.012477029,GOOD,GOOD,
2025-01-26 11:00:00+00:00,0.29000000000000004,0.2900000000000001,0.31835923,0.97329444,0.014533124,0.012172445,GOOD,GOOD,
2025-01-26 12:00:00+00:00,0.31,0.31000000000000005,0.3232487,0.9684791,0.017313363,0.0142075475,GOOD,GOOD,
2025-01-26 13:00:00+00:00,0.31999999999999995,0.32,0.3342694,0.93469816,0.022644928,0.04265692,GOOD,GOOD,
2025-01-26 14:00:00+00:00,0.39,0.3900000000000001,0.34627616,0.8788528,0.08291381,0.0382334,GOOD,GOOD,
2025-01-26 15:00:00+00:00,0.39,0.3900000000000001,0.39356315,0.9447253,0.030624308,0.024650443,GOOD,GOOD,
2025-01-26 16:00:00+00:00,0.39,0.3900000000000001,0.4191536,0.7608922,0.04910057,0.19000724,GOOD,GOOD,
2025-01-26 17:00:00+00:00,0.33,0.3300000000000001,0.42347556,0.91884416,0.053285528,0.027870314,GOOD,GOOD,
2025-01-26 18:00:00+00:00,0.335,0.3350000000000001,0.38489974,0.971798,0.014216348,0.013985639,GOOD,GOOD,
2025-01-26 19:00:00+00:00,0.3,0.30000000000000004,0.36511162,0.96389586,0.02181886,0.014285295,GOOD,GOOD,
2025-01-26 20:00:00+00:00,0.345,0.34500000000000003,0.3411767,0.9429406,0.03631587,0.020743547,GOOD,GOOD,
2025-01-26 21:00:00+00:00,0.33,0.3300000000000001,0.35730535,0.97471243,0.014120788,0.0111668045,GOOD,GOOD,
2025-01-26 22:00:00+00:00,0.295,0.29500000000000004,0.36298224,0.9689846,0.017695826,0.013319567,GOOD,GOOD,
2025-01-26 23:00:00+00:00,0.29,0.29000000000000004,0.3409422,0.93783957,0.018854631,0.043305825,GOOD,GOOD,
2025-01-27 00:00:00+00:00,0.295,0.29500000000000004,0.32387727,0.88053674,0.024371704,0.09509157,GOOD,GOOD,
2025-01-27 01:00:00+00:00,0.29000000000000004,0.2900000000000001,0.3218531,0.87058794,0.024915883,0.1044962,GOOD,GOOD,
2025-01-27 02:00:00+00:00,0.275,0.2750000000000001,0.32113248,0.91397876,0.024345381,0.061675884,GOOD,GOOD,
2025-01-27 03:00:00+00:00,0.28,0.28000000000000014,0.3118294,0.9229206,0.018263971,0.058815468,GOOD,GOOD,
2025-01-27 04:00:00+00:00,0.25,0.25,0.30921942,0.9422093,0.029657925,0.028132794,GOOD,GOOD,
2025-01-27 05:00:00+00:00,0.215,0.215,0.29219845,0.8912725,0.06190189,0.04682563,GOOD,GOOD,
2025-01-27 06:00:00+00:00,0.195,0.195,0.26161465,0.9099448,0.046121474,0.043933745,GOOD,GOOD,
2025-01-27 07:00:00+00:00,0.195,0.195,0.23493612,0.9108229,0.029577805,0.059599265,GOOD,GOOD,
2025-01-27 08:00:00+00:00,0.2,0.2,0.22498679,0.8693384,0.033210684,0.097450905,GOOD,GOOD,
2025-01-27 09:00:00+00:00,0.22,0.22,0.22724524,0.9527444,0.022917062,0.024338525,GOOD,GOOD,
2025-01-27 10:00:00+00:00,0.25,0.25,0.24192561,0.94694567,0.033260822,0.019793497,GOOD,GOOD,
2025-01-27 11:00:00+00:00,0.25,0.25,0.26796046,0.96522474,0.01732535,0.017449882,GOOD,GOOD,
2025-01-27 12:00:00+00:00,0.26,0.26000000000000006,0.28086162,0.9439951,0.020314904,0.035689972,GOOD,GOOD,
2025-01-27 13:00:00+00:00,0.245,0.24500000000000002,0.28879002,0.9689468,0.015748413,0.015304764,GOOD,GOOD,
2025-01-27 14:00:00+00:00,0.225,0.225,0.28257966,0.91832197,0.029693576,0.051984426,GOOD,GOOD,
2025-01-27 15:00:00+00:00,0.22,0.22,0.26543683,0.9395733,0.019594884,0.04083186,GOOD,GOOD,
2025-01-27 16:00:00+00:00,0.225,0.225,0.2534944,0.9430859,0.018816648,0.038097464,GOOD,GOOD,
2025-01-27 17:00:00+00:00,0.24,0.24,0.25286964,0.96791613,0.016369246,0.015714647,GOOD,GOOD,
2025-01-27 18:00:00+00:00,0.225,0.225,0.2636332,0.9588441,0.020764511,0.020391352,GOOD,GOOD,
2025-01-27 19:00:00+00:00,0.18,0.18,0.26143444,0.85376513,0.09085492,0.055379953,GOOD,GOOD,
2025-01-27 20:00:00+00:00,0.22,0.22,0.2312935,0.8797998,0.0775887,0.042611487,GOOD,GOOD,
2025-01-27 21:00:00+00:00,0.23,0.23000000000000004,0.23597683,0.95743066,0.022200089,0.020369276,GOOD,GOOD,
2025-01-27 22:00:00+00:00,0.265,0.26500000000000007,0.25250524,0.92829037,0.045816477,0.025893135,GOOD,GOOD,
2025-01-27 23:00:00+00:00,0.265,0.26500000000000007,0.28136227,0.96407783,0.019202674,0.016719503,GOOD,GOOD,
2025-01-28 00:00:00+00:00,0.22,0.22,0.29558584,0.9358916,0.03863839,0.025469996,GOOD,GOOD,
2025-01-28 01:00:00+00:00,0.27,0.2700000000000001,0.27144542,0.8820081,0.07218086,0.045811094,GOOD,GOOD,
2025-01-28 02:00:00+00:00,0.27,0.2700000000000001,0.2830397,0.9602094,0.021790752,0.017999798,GOOD,GOOD,
2025-01-28 03:00:00+00:00,0.235,0.235,0.29683447,0.95393515,0.026732815,0.019332018,GOOD,GOOD,
2025-01-28 04:00:00+00:00,0.24,0.24,0.28115728,0.96855015,0.015126992,0.016322855,GOOD,GOOD,
2025-01-28 05:00:00+00:00,0.225,0.225,0.27128926,0.9620829,0.017574864,0.020342233,GOOD,GOOD,
2025-01-28 06:00:00+00:00,0.2,0.2,0.26062903,0.94054466,0.031853743,0.02760159,GOOD,GOOD,
2025-01-28 07:00:00+00:00,0.18,0.18,0.2413407,0.8923326,0.050426118,0.057241276,GOOD,GOOD,
2025-01-28 08:00:00+00:00,0.155,0.155,0.21990933,0.9060856,0.05113123,0.042783175,GOOD,GOOD,
2025-01-28 09:00:00+00:00,0.21500000000000002,0.21500000000000002,0.19639294,0.85453796,0.09820419,0.047257848,GOOD,GOOD,
2025-01-28 10:00:00+00:00,0.235,0.2546749337770887,0.22029266,0.90690774,0.065377444,0.027714815,SUSPECT,GOOD,D_drift
2025-01-28 11:00:00+00:00,0.235,0.2743498675541774,0.2645675,0.9330386,0.04058562,0.026375817,SUSPECT,GOOD,D_drift
2025-01-28 12:00:00+00:00,0.21500000000000002,0.2740248013312661,0.29745698,0.9327231,0.026887953,0.040388957,SUSPECT,GOOD,D_drift
2025-01-28 13:00:00+00:00,0.225,0.3036997351083548,0.30752084,0.92870486,0.04056867,0.030726474,SUSPECT,GOOD,D_drift
2025-01-28 14:00:00+00:00,0.20500000000000002,0.30337466888544345,0.32475367,0.9549122,0.02329383,0.021793984,SUSPECT,GOOD,D_drift
2025-01-28 15:00:00+00:00,0.175,0.29304960266253216,0.33374426,0.94639665,0.018880181,0.03472317,SUSPECT,GOOD,D_drift
2025-01-28 16:00:00+00:00,0.21500000000000002,0.3527245364396209,0.32918075,0.8722754,0.08147464,0.046249967,SUSPECT,GOOD,D_drift
2025-01-28 17:00:00+00:00,0.215,0.37239947021670955,0.3606367,0.9254926,0.04570685,0.028800556,SUSPECT,GOOD,D_drift
2025-01-28 18:00:00+00:00,0.22,0.3970744039937982,0.39293194,0.93247736,0.04033713,0.02718551,SUSPECT,GOOD,D_drift
2025-01-28 19:00:00+00:00,0.21,0.4067493377708869,0.41960382,0.9500019,0.026430864,0.023567257,SUSPECT,GOOD,D_drift
2025-01-28 20:00:00+00:00,0.22,0.4364242715479756,0.43452325,0.9462833,0.033525396,0.020191347,SUSPECT,GOOD,D_drift
2025-01-28 21:00:00+00:00,0.215,0.4510992053250643,0.45638958,0.94734585,0.03109297,0.021561207,SUSPECT,GOOD,D_drift
2025-01-28 22:00:00+00:00,0.26,0.5157741391021529,0.47535443,0.90465486,0.06563034,0.02971481,SUSPECT,GOOD,D_drift
2025-01-28 23:00:00+00:00,0.26,0.5354490728792416,0.5225885,0.9346483,0.042193066,0.02315866,SUSPECT,GOOD,D_drift
2025-01-29 00:00:00+00:00,0.21000000000000002,0.5051240066563304,0.5575806,0.9603107,0.02362085,0.016068442,SUSPECT,GOOD,D_drift
2025-01-29 01:00:00+00:00,0.21000000000000002,0.524798940433419,0.54742736,0.96126556,0.022476457,0.016258001,SUSPECT,GOOD,D_drift
2025-01-29 02:00:00+00:00,0.235,0.5694738742105078,0.54864603,0.95484567,0.030952724,0.014201579,SUSPECT,GOOD,D_drift
2025-01-29 03:00:00+00:00,0.22,0.5741488079875964,0.5809115,0.96465564,0.020363728,0.014980648,SUSPECT,GOOD,D_drift
2025-01-29 04:00:00+00:00,0.23,0.6038237417646851,0.60042167,0.9664085,0.02160355,0.011987929,SUSPECT,GOOD,D_drift
2025-01-29 05:00:00+00:00,0.22,0.6134986755417737,0.6235918,0.96684825,0.016228084,0.016923673,SUSPECT,GOOD,D_drift
2025-01-29 06:00:00+00:00,0.21500000000000002,0.6281736093188623,0.6385923,0.94278455,0.02165841,0.035557028,SUSPECT,GOOD,D_drift
2025-01-29 07:00:00+00:00,0.18,0.612848543095951,0.6518381,0.97462875,0.013605585,0.011765645,SUSPECT,GOOD,D_drift
2025-01-29 08:00:00+00:00,0.21000000000000002,0.6625234768730398,0.6459501,0.95683193,0.030827023,0.012341066,SUSPECT,GOOD,D_drift
2025-01-29 09:00:00+00:00,0.22,0.6921984106501285,0.67385525,0.9598191,0.02904542,0.01113551,SUSPECT,GOOD,D_drift
2025-01-29 10:00:00+00:00,0.22999999999999998,0.7218733444272172,0.7088381,0.90636617,0.053735975,0.03989788,SUSPECT,GOOD,D_drift
2025-01-29 11:00:00+00:00,0.245,0.7565482782043059,0.74065906,0.94099,0.040836796,0.018173216,SUSPECT,GOOD,D_drift
2025-01-29 12:00:00+00:00,0.29000000000000004,0.8212232119813945,0.7736391,0.89928526,0.082096085,0.01861867,SUSPECT,GOOD,D_drift
2025-01-29 13:00:00+00:00,0.27,0.8208981457584833,0.82881683,0.9678524,0.018503677,0.013643896,SUSPECT,GOOD,D_drift
2025-01-29 14:00:00+00:00,0.275,0.8455730795355719,0.8480709,0.9691324,0.019461254,0.011406303,SUSPECT,GOOD,D_drift
2025-01-29 15:00:00+00:00,0.22,0.8102480133126606,0.8654385,0.9586,0.023540244,0.017859748,SUSPECT,GOOD,D_drift
2025-01-29 16:00:00+00:00,0.29500000000000004,0.9049229470897493,0.84565806,0.890285,0.08648064,0.023234317,SUSPECT,GOOD,D_drift
2025-01-29 17:00:00+00:00,0.28,0.909597880866838,0.9018873,0.9406005,0.040375955,0.019023549,SUSPECT,GOOD,D_drift
2025-01-29 18:00:00+00:00,0.29500000000000004,0.9442728146439268,0.93176305,0.9484598,0.03852331,0.013016865,SUSPECT,GOOD,D_drift
2025-01-29 19:00:00+00:00,0.27,0.9389477484210154,0.96023995,0.9683448,0.018166028,0.013489188,SUSPECT,GOOD,D_drift
2025-01-29 20:00:00+00:00,0.245,0.9336226821981041,0.96369135,0.75668013,0.042126685,0.20119317,SUSPECT,GOOD,D_drift
2025-01-29 21:00:00+00:00,0.26,0.9682976159751927,0.9575188,0.95875794,0.0318581,0.00938394,SUSPECT,GOOD,D_drift
2025-01-29 22:00:00+00:00,0.265,0.9929725497522813,0.98007035,0.8966472,0.06635354,0.03699923,SUSPECT,GOOD,D_drift
2025-01-29 23:00:00+00:00,0.28,1.02764748352937,1.007654,0.91683173,0.06348548,0.019682758,SUSPECT,GOOD,D_drift
2025-01-30 00:00:00+00:00,0.27,1.037322417306459,1.0404565,0.96464115,0.019754546,0.015604318,BAD,GOOD,D_drift
2025-01-30 01:00:00+00:00,0.255,1.0419973510835476,1.0561097,0.81170744,0.040590104,0.14770247,BAD,GOOD,D_drift
2025-01-30 02:00:00+00:00,0.29500000000000004,1.1016722848606362,1.0612235,0.91267735,0.07206525,0.015257409,BAD,GOOD,D_drift
2025-01-30 03:00:00+00:00,0.275,1.1013472186377251,1.1061193,0.966367,0.020567846,0.013065159,BAD,GOOD,D_drift
2025-01-30 04:00:00+00:00,0.265,1.1110221524148136,1.1209174,0.90327656,0.035664193,0.061059274,BAD,GOOD,D_drift
2025-01-30 05:00:00+00:00,0.28500000000000003,1.1506970861919024,1.1278917,0.93653977,0.051405195,0.012055021,BAD,GOOD,D_drift
2025-01-30 06:00:00+00:00,0.29000000000000004,1.175372019968991,1.1589013,0.88280463,0.087559365,0.02963602,BAD,GOOD,D_drift
2025-01-30 07:00:00+00:00,0.27,1.1750469537460797,1.1872499,0.91836727,0.03190821,0.049724545,BAD,GOOD,D_drift
2025-01-30 08:00:00+00:00,0.22,1.1447218875231684,1.1924545,0.95660746,0.027988622,0.0154039385,BAD,GOOD,D_drift
2025-01-30 09:00:00+00:00,0.24,1.184396821300257,1.1677779,0.94455564,0.044593602,0.010850762,BAD,GOOD,D_drift
2025-01-30 10:00:00+00:00,0.28,0.28000000000000014,1.1900419,0.040625274,0.038728174,0.92064655,GOOD,BAD,
2025-01-30 11:00:00+00:00,0.3,0.30000000000000004,0.59093744,0.08931768,0.54339856,0.36728376,GOOD,SUSPECT,
2025-01-30 12:00:00+00:00,0.33,0.3300000000000001,0.34229046,0.9433666,0.035327055,0.021306375,GOOD,GOOD,
2025-01-30 13:00:00+00:00,0.30000000000000004,0.3000000000000001,0.31623387,0.9171047,0.052854653,0.030040646,GOOD,GOOD,
2025-01-30 14:00:00+00:00,0.31,0.31000000000000005,0.32626912,0.9355442,0.03835341,0.026102383,GOOD,GOOD,
2025-01-30 15:00:00+00:00,0.305,0.3050000000000001,0.3367629,0.8936465,0.04658513,0.059768382,GOOD,GOOD,
2025-01-30 16:00:00+00:00,0.28,0.28000000000000014,0.33687675,0.94365853,0.030928608,0.025412839,GOOD,GOOD,
2025-01-30 17:00:00+00:00,0.27,0.2700000000000001,0.32030556,0.9551343,0.02459588,0.020269819,GOOD,GOOD,
2025-01-30 18:00:00+00:00,0.27,0.2700000000000001,0.30494276,0.9355637,0.024651555,0.039784767,GOOD,GOOD,
2025-01-30 19:00:00+00:00,0.28,0.28000000000000014,0.29985896,0.96643806,0.01788283,0.015679112,GOOD,GOOD,
2025-01-30 20:00:00+00:00,0.245,0.24500000000000002,0.30613637,0.9502413,0.028453005,0.021305682,GOOD,GOOD,
2025-01-30 21:00:00+00:00,0.275,0.2750000000000001,0.2904401,0.96610427,0.019756826,0.014138887,GOOD,GOOD,
2025-01-30 22:00:00+00:00,0.24,0.24,0.2964743,0.94499815,0.032915037,0.02208682,GOOD,GOOD,
2025-01-30 23:00:00+00:00,0.26,0.26000000000000006,0.28369388,0.96180725,0.021483017,0.01670975,GOOD,GOOD,
2025-01-31 00:00:00+00:00,0.3,0.30000000000000004,0.2852202,0.9609576,0.027376018,0.01166638,GOOD,GOOD,
2025-01-31 01:00:00+00:00,0.295,0.29500000000000004,0.3130501,0.97807455,0.012186035,0.009739415,GOOD,GOOD,
2025-01-31 02:00:00+00:00,0.28500000000000003,0.2850000000000001,0.32637632,0.931813,0.018317541,0.049869467,GOOD,GOOD,
2025-01-31 03:00:00+00:00,0.315,0.31500000000000006,0.32170135,0.97424734,0.015231745,0.010520932,GOOD,GOOD,
2025-01-31 04:00:00+00:00,0.265,0.26500000000000007,0.3342829,0.95552486,0.02978794,0.014687218,GOOD,GOOD,
2025-01-31 05:00:00+00:00,0.305,0.3050000000000001,0.31362873,0.96893907,0.01958964,0.011471278,GOOD,GOOD,
2025-01-31 06:00:00+00:00,0.28,0.28000000000000014,0.32157582,0.9727962,0.016238643,0.010965138,GOOD,GOOD,
2025-01-31 07:00:00+00:00,0.26,0.26000000000000006,0.3169053,0.9426508,0.027778497,0.029570708,GOOD,GOOD,
2025-01-31 08:00:00+00:00,0.24,0.24,0.29969147,0.92278564,0.03568424,0.041530106,GOOD,GOOD,
2025-01-31 09:00:00+00:00,0.19,0.19,0.27874455,0.92086715,0.055072848,0.024060028,GOOD,GOOD,
2025-01-31 10:00:00+00:00,0.185,0.185,0.24077989,0.94469786,0.03003048,0.02527164,GOOD,GOOD,
2025-01-31 11:00:00+00:00,0.215,0.215,0.21852678,0.96133703,0.023505699,0.01515725,GOOD,GOOD,
2025-01-31 12:00:00+00:00,0.3,0.30000000000000004,0.23045671,0.8674569,0.10204152,0.030501533,GOOD,GOOD,
2025-01-31 13:00:00+00:00,0.3,0.30000000000000004,0.29263762,0.9595697,0.024900915,0.015529382,GOOD,GOOD,
2025-01-31 14:00:00+00:00,0.3,0.30000000000000004,0.32829964,0.83400965,0.024871618,0.14111874,GOOD,GOOD,
2025-01-31 15:00:00+00:00,0.32,0.32000000000000006,0.33526006,0.9755651,0.013887711,0.010547188,GOOD,GOOD,
2025-01-31 16:00:00+00:00,0.275,0.2750000000000001,0.3449177,0.96529984,0.021280332,0.013419847,GOOD,GOOD,
2025-01-31 17:00:00+00:00,0.28,0.28000000000000014,0.32336885,0.980646,0.009971522,0.009382455,GOOD,GOOD,
2025-01-31 18:00:00+00:00,0.29500000000000004,0.2950000000000001,0.31116045,0.9684679,0.014460948,0.017071148,GOOD,GOOD,
2025-01-31 19:00:00+00:00,0.345,0.34500000000000003,0.31799793,0.9450551,0.037035033,0.01790985,GOOD,GOOD,
2025-01-31 20:00:00+00:00,0.325,0.32500000000000007,0.35448214,0.9721556,0.016091056,0.011753399,GOOD,GOOD,
2025-01-31 21:00:00+00:00,0.36,0.36000000000000004,0.36242682,0.9529483,0.028169425,0.018882291,GOOD,GOOD,
2025-01-31 22:00:00+00:00,0.28500000000000003,0.2850000000000001,0.37992266,0.92076176,0.052180953,0.02705728,GOOD,GOOD,
2025-01-31 23:00:00+00:00,0.28500000000000003,0.2850000000000001,0.34433904,0.9673893,0.016588261,0.016022468,GOOD,GOOD,
2025-02-01 00:00:00+00:00,0.33999999999999997,0.3400000000000001,0.31927276,0.9377065,0.040425483,0.021868039,GOOD,GOOD,
2025-02-01 01:00:00+00:00,0.31,0.31000000000000005,0.34575143,0.976714,0.013635212,0.009650744,GOOD,GOOD,
2025-02-01 02:00:00+00:00,0.28,0.28000000000000014,0.3487492,0.9474045,0.023366975,0.0292285,GOOD,GOOD,
2025-02-01 03:00:00+00:00,0.28500000000000003,0.2850000000000001,0.3256789,0.97100323,0.010895771,0.01810101,GOOD,GOOD,
2025-02-01 04:00:00+00:00,0.27,0.2700000000000001,0.31471473,0.9711787,0.012877862,0.015943415,GOOD,GOOD,
2025-02-01 05:00:00+00:00,0.27,0.2700000000000001,0.30472058,0.91211796,0.01971058,0.06817146,GOOD,GOOD,
2025-02-01 06:00:00+00:00,0.245,0.24500000000000002,0.30053222,0.96388805,0.0197744,0.016337559,GOOD,GOOD,
2025-02-01 07:00:00+00:00,0.27,0.2700000000000001,0.2853653,0.97237474,0.015466053,0.012159222,GOOD,GOOD,
2025-02-01 08:00:00+00:00,0.26,0.26000000000000006,0.29132786,0.9701497,0.014689446,0.015160839,GOOD,GOOD,
2025-02-01 09:00:00+00:00,0.22999999999999998,0.23,0.29280585,0.9415513,0.03000085,0.028447837,GOOD,GOOD,
2025-02-01 10:00:00+00:00,0.21500000000000002,0.21500000000000002,0.27422544,0.9329738,0.032818656,0.034207534,GOOD,GOOD,
2025-02-01 11:00:00+00:00,0.245,0.24500000000000002,0.25372118,0.9605364,0.022996059,0.01646751,GOOD,GOOD,
2025-02-01 12:00:00+00:00,0.275,0.2750000000000001,0.2628534,0.93597853,0.036722675,0.027298806,GOOD,GOOD,
2025-02-01 13:00:00+00:00,0.29500000000000004,0.2950000000000001,0.2908988,0.94792026,0.026720205,0.025359513,GOOD,GOOD,
2025-02-01 14:00:00+00:00,0.3,0.30000000000000004,0.3174109,0.94648284,0.018173488,0.03534369,GOOD,GOOD,
2025-02-01 15:00:00+00:00,0.32,0.32000000000000006,0.3301433,0.9692954,0.017590242,0.013114349,GOOD,GOOD,
2025-02-01 16:00:00+00:00,0.30500000000000005,0.30500000000000016,0.34434742,0.97537804,0.012969828,0.011652148,GOOD,GOOD,
2025-02-01 17:00:00+00:00,0.25,0.25,0.341715,0.917995,0.05359178,0.02841322,GOOD,GOOD,
2025-02-01 18:00:00+00:00,0.29,0.29000000000000004,0.30448845,0.96396697,0.02262374,0.013409298,GOOD,GOOD,
2025-02-01 19:00:00+00:00,0.345,0.34500000000000003,0.30632544,0.9235959,0.054392785,0.022011325,GOOD,GOOD,
2025-02-01 20:00:00+00:00,0.405,0.4050000000000001,0.34936586,0.8686117,0.093215205,0.038173135,GOOD,GOOD,
2025-02-01 21:00:00+00:00,0.4,0.40000000000000013,0.4106707,0.93500656,0.03756753,0.027425937,GOOD,GOOD,
2025-02-01 22:00:00+00:00,0.32999999999999996,0.33000000000000007,0.43358466,0.8934253,0.07117893,0.035395786,GOOD,GOOD,
2025-02-01 23:00:00+00:00,0.31,0.31000000000000005,0.39132306,0.94544256,0.031246696,0.023310753,GOOD,GOOD,
2025-02-02 00:00:00+00:00,0.32,0.32000000000000006,0.35134628,0.9789421,0.011545366,0.0095125325,GOOD,GOOD,
2025-02-02 01:00:00+00:00,0.335,0.3350000000000001,0.34368885,0.94449764,0.022486046,0.033016305,GOOD,GOOD,
2025-02-02 02:00:00+00:00,0.325,0.32500000000000007,0.3562488,0.97380656,0.013019012,0.0131744,GOOD,GOOD,
2025-02-02 03:00:00+00:00,0.28,0.28000000000000014,0.35840064,0.9278994,0.040496334,0.03160423,GOOD,GOOD,
2025-02-02 04:00:00+00:00,0.3,0.30000000000000004,0.32964975,0.96198326,0.020637412,0.017379316,GOOD,GOOD,
2025-02-02 05:00:00+00:00,0.28,0.28000000000000014,0.3240067,0.95979446,0.02169394,0.018511584,GOOD,GOOD,
2025-02-02 06:00:00+00:00,0.275,0.2750000000000001,0.31560957,0.8964588,0.030057862,0.07348333,GOOD,GOOD,
2025-02-02 07:00:00+00:00,0.31,0.31000000000000005,0.30804527,0.96189857,0.024494974,0.013606488,GOOD,GOOD,
2025-02-02 08:00:00+00:00,0.3,0.30000000000000004,0.3260789,0.9767542,0.011959442,0.011286386,GOOD,GOOD,
2025-02-02 09:00:00+00:00,0.27,0.2700000000000001,0.33281857,0.96805775,0.016871408,0.015070867,GOOD,GOOD,
2025-02-02 10:00:00+00:00,0.26,0.26000000000000006,0.31459013,0.94507426,0.019643998,0.035281762,GOOD,GOOD,
2025-02-02 11:00:00+00:00,0.26,0.26000000000000006,0.29650036,0.8397987,0.028061459,0.13213983,GOOD,GOOD,
2025-02-02 12:00:00+00:00,0.28,0.28000000000000014,0.28991282,0.9714845,0.016085014,0.012430498,GOOD,GOOD,
2025-02-02 13:00:00+00:00,0.32,0.32000000000000006,0.30147308,0.9467085,0.036200915,0.017090596,GOOD,GOOD,
2025-02-02 14:00:00+00:00,0.325,0.32500000000000007,0.3335586,0.9666944,0.01602396,0.01728163,GOOD,GOOD,
2025-02-02 15:00:00+00:00,0.345,0.34500000000000003,0.3532127,0.96688807,0.017314056,0.015797846,GOOD,GOOD,
2025-02-02 16:00:00+00:00,0.335,0.3350000000000001,0.36980987,0.97168744,0.012853507,0.015459066,GOOD,GOOD,
2025-02-02 17:00:00+00:00,0.355,0.35500000000000004,0.3700033,0.9717975,0.015681423,0.012521047,GOOD,GOOD,
2025-02-02 18:00:00+00:00,0.35,0.35000000000000003,0.37892097,0.9606545,0.015278638,0.024066849,GOOD,GOOD,
2025-02-02 19:00:00+00:00,0.395,0.3950000000000001,0.38157892,0.94058216,0.038141616,0.02127622,GOOD,GOOD,
2025-02-02 20:00:00+00:00,0.46499999999999997,0.465,0.4085679,0.8916799,0.07889672,0.029423418,GOOD,GOOD,
2025-02-02 21:00:00+00:00,0.39,0.3900000000000001,0.46758312,0.9114456,0.05641603,0.032138366,GOOD,GOOD,
2025-02-02 22:00:00+00:00,0.345,0.34500000000000003,0.44835678,0.9321089,0.042689905,0.025201185,GOOD,GOOD,
2025-02-02 23:00:00+00:00,0.29000000000000004,0.2900000000000001,0.39797798,0.9214264,0.055706043,0.022867514,GOOD,GOOD,
2025-02-03 00:00:00+00:00,0.32,0.32000000000000006,0.34149238,0.9656874,0.021389436,0.012923156,GOOD,GOOD,
2025-02-03 01:00:00+00:00,0.355,0.35500000000000004,0.33653527,0.933706,0.042039108,0.024254922,GOOD,GOOD,
2025-02-03 02:00:00+00:00,0.365,0.3650000000000001,0.36644712,0.96260816,0.018664451,0.018727371,GOOD,GOOD,
2025-02-03 03:00:00+00:00,0.29500000000000004,0.2950000000000001,0.3900132,0.9067358,0.059011366,0.03425287,GOOD,GOOD,
2025-02-03 04:00:00+00:00,0.27,0.2700000000000001,0.35469526,0.9386787,0.034289643,0.027031675,GOOD,GOOD,
2025-02-03 05:00:00+00:00,0.325,0.32500000000000007,0.31440014,0.932317,0.04546173,0.02222122,GOOD,GOOD,
2025-02-03 06:00:00+00:00,0.265,0.26500000000000007,0.3314674,0.9160025,0.05317421,0.030823307,GOOD,GOOD,
2025-02-03 07:00:00+00:00,0.29500000000000004,0.2950000000000001,0.31494698,0.96138227,0.022577677,0.01604006,GOOD,GOOD,
2025-02-03 08:00:00+00:00,0.3,0.30000000000000004,0.31733766,0.95202166,0.016061198,0.031917125,GOOD,GOOD,
2025-02-03 09:00:00+00:00,0.325,0.32500000000000007,0.3263322,0.97066534,0.015782386,0.013552274,GOOD,GOOD,
2025-02-03 10:00:00+00:00,0.35,0.35000000000000003,0.34573254,0.9125058,0.038616884,0.048877317,GOOD,GOOD,
2025-02-03 11:00:00+00:00,0.27,0.2700000000000001,0.37055737,0.8660097,0.08771067,0.04627962,GOOD,GOOD,
2025-02-03 12:00:00+00:00,0.29500000000000004,0.2950000000000001,0.33318833,0.9684417,0.018498154,0.013060116,GOOD,GOOD,
2025-02-03 13:00:00+00:00,0.305,0.3050000000000001,0.32027894,0.9431033,0.019636123,0.03726059,GOOD,GOOD,
2025-02-03 14:00:00+00:00,0.305,0.3050000000000001,0.32791102,0.8525075,0.023309484,0.12418307,GOOD,GOOD,
2025-02-03 15:00:00+00:00,0.31,0.31000000000000005,0.33453286,0.8591652,0.024081916,0.11675291,GOOD,GOOD,
2025-02-03 16:00:00+00:00,0.315,0.31500000000000006,0.33930323,0.7924722,0.02804945,0.17947835,GOOD,GOOD,
2025-02-03 17:00:00+00:00,0.375,0.3750000000000001,0.3438071,0.91424286,0.060436152,0.025320956,GOOD,GOOD,
2025-02-03 18:00:00+00:00,0.32,0.32000000000000006,0.38188025,0.9476308,0.032441318,0.019927844,GOOD,GOOD,
2025-02-03 19:00:00+00:00,0.315,0.31500000000000006,0.3703288,0.97345376,0.012173623,0.014372624,GOOD,GOOD,
2025-02-03 20:00:00+00:00,0.33,0.3300000000000001,0.35182208,0.96824825,0.01428271,0.017469049,GOOD,GOOD,
2025-02-03 21:00:00+00:00,0.36,0.36000000000000004,0.3534785,0.9595768,0.024570517,0.015852673,GOOD,GOOD,
2025-02-03 22:00:00+00:00,0.325,0.32500000000000007,0.37664017,0.9721828,0.015786257,0.012030904,BAD,GOOD,E_stuck
2025-02-03 23:00:00+00:00,0.30500000000000005,0.32500000000000007,0.36832392,0.9546044,0.013722644,0.031672973,BAD,GOOD,E_stuck
2025-02-04 00:00:00+00:00,0.255,0.32500000000000007,0.35807493,0.7186565,0.0276487,0.25369483,BAD,GOOD,E_stuck
2025-02-04 01:00:00+00:00,0.265,0.32500000000000007,0.3545105,0.7013644,0.029890388,0.26874518,BAD,GOOD,E_stuck
2025-02-04 02:00:00+00:00,0.29000000000000004,0.32500000000000007,0.35452858,0.69016093,0.03095433,0.27888474,BAD,GOOD,E_stuck
2025-02-04 03:00:00+00:00,0.32,0.32500000000000007,0.35508978,0.68516874,0.03055329,0.284278,BAD,GOOD,E_stuck
2025-02-04 04:00:00+00:00,0.29500000000000004,0.32500000000000007,0.35532823,0.6562914,0.031066291,0.31264228,BAD,GOOD,E_stuck
2025-02-04 05:00:00+00:00,0.30500000000000005,0.32500000000000007,0.35535222,0.62546104,0.03004408,0.34449488,BAD,GOOD,E_stuck
2025-02-04 06:00:00+00:00,0.34,0.32500000000000007,0.35534346,0.61049354,0.031791277,0.3577152,BAD,GOOD,E_stuck
2025-02-04 07:00:00+00:00,0.3,0.32500000000000007,0.35535735,0.59631246,0.033926737,0.3697608,BAD,GOOD,E_stuck
2025-02-04 08:00:00+00:00,0.28,0.32500000000000007,0.3553841,0.57456374,0.03537225,0.39006403,BAD,GOOD,E_stuck
2025-02-04 09:00:00+00:00,0.31,0.32500000000000007,0.35540795,0.5462249,0.035984144,0.41779098,BAD,GOOD,E_stuck
2025-02-04 10:00:00+00:00,0.325,0.32500000000000007,0.35542288,0.5227785,0.038713805,0.43850768,BAD,GOOD,E_stuck
2025-02-04 11:00:00+00:00,0.31,0.32500000000000007,0.3554293,0.50563,0.040563688,0.45380628,BAD,GOOD,E_stuck
2025-02-04 12:00:00+00:00,0.26,0.32500000000000007,0.3554293,0.49187475,0.04123875,0.4668865,BAD,GOOD,E_stuck
2025-02-04 13:00:00+00:00,0.27,0.32500000000000007,0.355425,0.48197818,0.041923195,0.47609863,BAD,GOOD,E_stuck
2025-02-04 14:00:00+00:00,0.31,0.32500000000000007,0.35541797,0.4718845,0.042804603,0.4853109,BAD,GOOD,E_stuck
2025-02-04 15:00:00+00:00,0.275,0.32500000000000007,0.35540977,0.4623167,0.043676294,0.49400702,BAD,GOOD,E_stuck
2025-02-04 16:00:00+00:00,0.275,0.32500000000000007,0.3554015,0.45320272,0.044572808,0.50222445,BAD,GOOD,E_stuck
2025-02-04 17:00:00+00:00,0.30000000000000004,0.32500000000000007,0.35539377,0.4458531,0.04463535,0.50951153,BAD,GOOD,E_stuck
2025-02-04 18:00:00+00:00,0.32,0.32500000000000007,0.3553872,0.4364599,0.046130423,0.5174097,BAD,GOOD,E_stuck
2025-02-04 19:00:00+00:00,0.29500000000000004,0.32500000000000007,0.35538194,0.42683703,0.047483705,0.5256793,BAD,GOOD,E_stuck
2025-02-04 20:00:00+00:00,0.27,0.32500000000000007,0.35537803,0.4189993,0.048371002,0.53262967,BAD,GOOD,E_stuck
2025-02-04 21:00:00+00:00,0.29000000000000004,0.32500000000000007,0.35537535,0.414912,0.049376372,0.53571165,BAD,GOOD,E_stuck
2025-02-04 22:00:00+00:00,0.305,0.3050000000000001,0.35537368,0.53856075,0.25566903,0.20577021,GOOD,GOOD,
2025-02-04 23:00:00+00:00,0.25,0.25,0.3433838,0.53856075,0.25566903,0.20577021,GOOD,GOOD,
2025-02-05 00:00:00+00:00,0.275,0.2750000000000001,0.303598,0.53856075,0.25566903,0.20577021,GOOD,GOOD,
2025-02-05 01:00:00+00:00,0.275,0.2750000000000001,0.2967623,0.53856075,0.25566903,0.20577021,GOOD,GOOD,
2025-02-05 02:00:00+00:00,0.30000000000000004,0.3000000000000001,0.3017993,0.53856075,0.25566903,0.20577021,GOOD,GOOD,
2025-02-05 03:00:00+00:00,0.3,0.30000000000000004,0.32019845,0.53856075,0.25566903,0.20577021,GOOD,GOOD,
2025-02-05 04:00:00+00:00,0.29000000000000004,0.2900000000000001,0.33011773,0.53856075,0.25566903,0.20577021,GOOD,GOOD,
2025-02-05 05:00:00+00:00,0.275,0.2750000000000001,0.3259546,0.53856075,0.25566903,0.20577021,GOOD,GOOD,
2025-02-05 06:00:00+00:00,0.28500000000000003,0.2850000000000001,0.3127279,0.53856075,0.25566903,0.20577021,GOOD,GOOD,
2025-02-05 07:00:00+00:00,0.29,0.29000000000000004,0.31184426,0.53856075,0.25566903,0.20577021,GOOD,GOOD,
2025-02-05 08:00:00+00:00,0.27,0.2700000000000001,0.3173537,0.53856075,0.25566903,0.20577021,GOOD,GOOD,
2025-02-05 09:00:00+00:00,0.315,0.31500000000000006,0.30868772,0.53856075,0.25566903,0.20577021,GOOD,GOOD,
2025-02-05 10:00:00+00:00,0.295,0.29500000000000004,0.32873526,0.54008734,0.25854582,0.20136684,GOOD,GOOD,
2025-02-05 11:00:00+00:00,0.29000000000000004,0.2900000000000001,0.33134848,0.96619534,0.018024065,0.015780585,GOOD,GOOD,
2025-02-05 12:00:00+00:00,0.26,0.26000000000000006,0.32486674,0.9458922,0.03205667,0.02205113,GOOD,GOOD,
2025-02-05 13:00:00+00:00,0.29,0.29000000000000004,0.3031322,0.9414007,0.03635594,0.022243332,GOOD,GOOD,
2025-02-05 14:00:00+00:00,0.28500000000000003,0.2850000000000001,0.30910602,0.9719163,0.014500837,0.013582859,GOOD,GOOD,
2025-02-05 15:00:00+00:00,0.30500000000000005,0.30500000000000016,0.3149158,0.97051066,0.015997589,0.013491747,GOOD,GOOD,
2025-02-05 16:00:00+00:00,0.31,0.31000000000000005,0.3282651,0.94360554,0.018424433,0.03797003,GOOD,GOOD,
2025-02-05 17:00:00+00:00,0.29,0.29000000000000004,0.33821356,0.96092474,0.018640753,0.020434517,GOOD,GOOD,
2025-02-05 18:00:00+00:00,0.315,0.31500000000000006,0.3292988,0.9591864,0.022456698,0.01835693,GOOD,GOOD,
2025-02-05 19:00:00+00:00,0.355,0.35500000000000004,0.3368382,0.928386,0.04569552,0.025918486,GOOD,GOOD,
2025-02-05 20:00:00+00:00,0.35,0.35000000000000003,0.36800668,0.95190185,0.02735051,0.020747615,GOOD,GOOD,
2025-02-05 21:00:00+00:00,0.33999999999999997,0.3400000000000001,0.38164413,0.90888774,0.026415255,0.06469701,GOOD,GOOD,
2025-02-05 22:00:00+00:00,0.33499999999999996,0.335,0.37661344,0.8653114,0.028857827,0.10583079,GOOD,GOOD,
2025-02-05 23:00:00+00:00,0.32999999999999996,0.33000000000000007,0.3683464,0.79198456,0.033805165,0.17421027,GOOD,GOOD,
2025-02-06 00:00:00+00:00,0.315,0.31500000000000006,0.36194092,0.95487267,0.018785331,0.026341982,GOOD,GOOD,
2025-02-06 01:00:00+00:00,0.3,0.30000000000000004,0.35085747,0.81813496,0.03650871,0.14535631,GOOD,GOOD,
2025-02-06 02:00:00+00:00,0.3,0.30000000000000004,0.33647594,0.92392254,0.018234245,0.057843238,GOOD,GOOD,
2025-02-06 03:00:00+00:00,0.28,0.28000000000000014,0.33017638,0.9585505,0.021129377,0.020320088,GOOD,GOOD,
2025-02-06 04:00:00+00:00,0.3,0.30000000000000004,0.3175322,0.963277,0.019348217,0.017374774,GOOD,GOOD,
2025-02-06 05:00:00+00:00,0.28500000000000003,0.2850000000000001,0.32275698,0.9546294,0.022087183,0.023283396,GOOD,GOOD,
2025-02-06 06:00:00+00:00,0.27,0.2700000000000001,0.31991795,0.80838865,0.04920282,0.14240855,GOOD,GOOD,
2025-02-06 07:00:00+00:00,0.325,0.32500000000000007,0.3076932,0.89675677,0.06854861,0.03469463,GOOD,GOOD,
2025-02-06 08:00:00+00:00,0.335,0.3350000000000001,0.33376577,0.9536951,0.026937367,0.019367538,GOOD,GOOD,
2025-02-06 09:00:00+00:00,0.3,0.30000000000000004,0.35872167,0.9706959,0.016100446,0.013203639,GOOD,GOOD,
2025-02-06 10:00:00+00:00,0.32,0.32000000000000006,0.34616756,0.96932316,0.01696372,0.013713126,GOOD,GOOD,
2025-02-06 11:00:00+00:00,0.31,0.31000000000000005,0.34550694,0.977456,0.011186992,0.011357027,GOOD,GOOD,
2025-02-06 12:00:00+00:00,0.275,0.2750000000000001,0.34280497,0.95409435,0.026736587,0.01916908,GOOD,GOOD,
2025-02-06 13:00:00+00:00,0.275,0.2205418937921723,0.32011354,0.8346376,0.11044526,0.05491716,BAD,GOOD,F_burst_noise
2025-02-06 14:00:00+00:00,0.305,0.5212181402760462,0.27497268,0.31138438,0.3921014,0.29651424,BAD,SUSPECT,F_burst_noise
2025-02-06 15:00:00+00:00,0.31,0.3728780970327263,0.43484965,0.53856075,0.25566903,0.20577021,BAD,GOOD,F_burst_noise
2025-02-06 16:00:00+00:00,0.28500000000000003,0.02,0.4484416,0.10151255,0.21962163,0.6788658,BAD,SUSPECT,F_burst_noise
2025-02-06 17:00:00+00:00,0.27,0.05692370571580621,0.21477306,0.44689417,0.30904862,0.24405721,BAD,GOOD,F_burst_noise
2025-02-06 18:00:00+00:00,0.265,0.5315458671861566,0.09296012,0.18785673,0.2416683,0.570475,BAD,SUSPECT,F_burst_noise
2025-02-06 19:00:00+00:00,0.31,0.31000000000000005,0.34830287,0.53856075,0.25566903,0.20577021,GOOD,GOOD,
2025-02-06 20:00:00+00:00,0.305,0.3050000000000001,0.40274128,0.7930845,0.09345606,0.11345945,GOOD,GOOD,
2025-02-06 21:00:00+00:00,0.315,0.31500000000000006,0.3648551,0.9398235,0.015380423,0.04479606,GOOD,GOOD,
2025-02-06 22:00:00+00:00,0.32,0.32000000000000006,0.34385943,0.8398057,0.02725755,0.13293673,GOOD,GOOD,
2025-02-06 23:00:00+00:00,0.32,0.32000000000000006,0.34465748,0.684255,0.046836108,0.26890892,GOOD,GOOD,
2025-02-07 00:00:00+00:00,0.305,0.3050000000000001,0.34912094,0.94507825,0.01783619,0.037085563,GOOD,GOOD,
2025-02-07 01:00:00+00:00,0.29000000000000004,0.2900000000000001,0.34200105,0.8256313,0.038173564,0.13619514,GOOD,GOOD,
2025-02-07 02:00:00+00:00,0.28,0.28000000000000014,0.32765588,0.83026475,0.029382464,0.14035277,GOOD,GOOD,
2025-02-07 03:00:00+00:00,0.28500000000000003,0.2850000000000001,0.31473273,0.89786935,0.021276569,0.080854066,GOOD,GOOD,
2025-02-07 04:00:00+00:00,0.29500000000000004,0.2950000000000001,0.31293076,0.8769134,0.03526282,0.087823756,GOOD,GOOD,
2025-02-07 05:00:00+00:00,0.26,0.26000000000000006,0.32041442,0.9200648,0.050308995,0.029626187,GOOD,GOOD,
2025-02-07 06:00:00+00:00,0.27,0.2700000000000001,0.30431402,0.953327,0.0203469,0.026326073,GOOD,GOOD,
2025-02-07 07:00:00+00:00,0.26,0.26000000000000006,0.29844457,0.93159086,0.023650484,0.044758677,GOOD,GOOD,
2025-02-07 08:00:00+00:00,0.26,0.26000000000000006,0.29308107,0.8019654,0.034019776,0.16401483,GOOD,GOOD,
2025-02-07 09:00:00+00:00,0.275,0.2750000000000001,0.29070473,0.9513048,0.02074076,0.027954416,GOOD,GOOD,
2025-02-07 10:00:00+00:00,0.315,0.31500000000000006,0.29923555,0.94834673,0.03440557,0.017247684,GOOD,GOOD,
2025-02-07 11:00:00+00:00,0.31,0.31000000000000005,0.32879305,0.97116464,0.014989173,0.013846185,GOOD,GOOD,
2025-02-07 12:00:00+00:00,0.305,0.3050000000000001,0.34184206,0.7728202,0.027092386,0.20008744,GOOD,GOOD,
2025-02-07 13:00:00+00:00,0.325,0.32500000000000007,0.3399373,0.97207487,0.015562306,0.012362805,GOOD,GOOD,
2025-02-07 14:00:00+00:00,0.37,0.37000000000000005,0.3485694,0.9375886,0.04078467,0.021626774,GOOD,GOOD,
2025-02-07 15:00:00+00:00,0.335,0.3350000000000001,0.38190335,0.9561161,0.026291221,0.017592696,GOOD,GOOD,
2025-02-07 16:00:00+00:00,0.345,0.34500000000000003,0.3783882,0.97001433,0.015987791,0.013997882,GOOD,GOOD,
2025-02-07 17:00:00+00:00,0.325,0.32500000000000007,0.3748848,0.9715875,0.015126757,0.013285764,GOOD,GOOD,
2025-02-07 18:00:00+00:00,0.32,0.32000000000000006,0.36242205,0.95127535,0.015407711,0.03331694,GOOD,GOOD,
2025-02-07 19:00:00+00:00,0.35,0.35000000000000003,0.35266984,0.95831513,0.024528312,0.01715653,GOOD,GOOD,
2025-02-07 20:00:00+00:00,0.36,0.36000000000000004,0.36768785,0.9596836,0.022072893,0.018243529,GOOD,GOOD,
2025-02-07 21:00:00+00:00,0.35,0.35000000000000003,0.38464755,0.96838987,0.015277067,0.016333038,GOOD,GOOD,
2025-02-07 22:00:00+00:00,0.33999999999999997,0.3400000000000001,0.384832,0.77729976,0.03626368,0.1864366,GOOD,GOOD,
2025-02-07 23:00:00+00:00,0.33999999999999997,0.3400000000000001,0.37542272,0.84608924,0.027525712,0.12638502,GOOD,GOOD,
2025-02-08 00:00:00+00:00,0.33499999999999996,0.335,0.3702977,0.8267347,0.033093948,0.14017135,GOOD,GOOD,
2025-02-08 01:00:00+00:00,0.37,0.37000000000000005,0.3664286,0.9506458,0.030823613,0.018530563,GOOD,GOOD,
2025-02-08 02:00:00+00:00,0.365,0.3650000000000001,0.38629472,0.9697413,0.015856558,0.014402147,GOOD,GOOD,
2025-02-08 03:00:00+00:00,0.33999999999999997,0.3400000000000001,0.3957925,0.97477865,0.013025404,0.012195926,GOOD,GOOD,
2025-02-08 04:00:00+00:00,0.28,0.28000000000000014,0.38154346,0.8859138,0.07495828,0.039127912,GOOD,GOOD,
2025-02-08 05:00:00+00:00,0.27,0.2700000000000001,0.33565035,0.95458317,0.02461328,0.020803545,GOOD,GOOD,
2025-02-08 06:00:00+00:00,0.295,0.29500000000000004,0.3057385,0.9641094,0.021205917,0.014684659,GOOD,GOOD,
2025-02-08 07:00:00+00:00,0.29000000000000004,0.2900000000000001,0.3125959,0.9681636,0.01646556,0.015370839,GOOD,GOOD,
2025-02-08 08:00:00+00:00,0.28,0.28000000000000014,0.31972647,0.90146285,0.025912587,0.07262458,GOOD,GOOD,
2025-02-08 09:00:00+00:00,0.3,0.30000000000000004,0.3156013,0.9642734,0.01886905,0.016857576,GOOD,GOOD,
2025-02-08 10:00:00+00:00,0.275,0.2750000000000001,0.32344624,0.9445545,0.028920785,0.026524683,GOOD,GOOD,
2025-02-08 11:00:00+00:00,0.30000000000000004,0.3000000000000001,0.3146682,0.95771617,0.022312721,0.019971093,GOOD,GOOD,
2025-02-08 12:00:00+00:00,0.32999999999999996,0.33000000000000007,0.32212228,0.94557595,0.03103504,0.023388993,GOOD,GOOD,
2025-02-08 13:00:00+00:00,0.31,0.31000000000000005,0.3470756,0.97260755,0.014626986,0.012765486,GOOD,GOOD,
2025-02-08 14:00:00+00:00,0.35,0.35000000000000003,0.34817544,0.9568386,0.026599696,0.01656168,GOOD,GOOD,
2025-02-08 15:00:00+00:00,0.37,0.37000000000000005,0.36723095,0.9606688,0.022634255,0.016696936,GOOD,GOOD,
2025-02-08 16:00:00+00:00,0.33499999999999996,0.335,0.39131257,0.9730256,0.015182488,0.011791893,GOOD,GOOD,
2025-02-08 17:00:00+00:00,0.35,0.35000000000000003,0.3798417,0.97593343,0.013284769,0.010781798,GOOD,GOOD,
2025-02-08 18:00:00+00:00,0.3,0.30000000000000004,0.3771521,0.94238675,0.035565864,0.022047387,GOOD,GOOD,
2025-02-08 19:00:00+00:00,0.32,0.32000000000000006,0.34870142,0.9746624,0.014055552,0.011282049,GOOD,GOOD,
2025-02-08 20:00:00+00:00,0.345,0.34500000000000003,0.34393734,0.9433437,0.02758907,0.029067243,GOOD,GOOD,
2025-02-08 21:00:00+00:00,0.365,0.3650000000000001,0.36267072,0.92272425,0.032734215,0.044541508,GOOD,GOOD,
2025-02-08 22:00:00+00:00,0.34,0.34000000000000014,0.3863381,0.97735703,0.012434926,0.010208062,GOOD,GOOD,
2025-02-08 23:00:00+00:00,0.35,0.35000000000000003,0.38066763,0.9745351,0.0118909525,0.013573964,GOOD,GOOD,
2025-02-09 00:00:00+00:00,0.365,0.3650000000000001,0.37848264,0.9281641,0.022799814,0.04903606,GOOD,GOOD,
2025-02-09 01:00:00+00:00,0.35,0.35000000000000003,0.38828835,0.9742881,0.012215007,0.013496894,GOOD,GOOD,
2025-02-09 02:00:00+00:00,0.38,0.38000000000000006,0.3853355,0.9683363,0.018004624,0.013659109,GOOD,GOOD,
2025-02-09 03:00:00+00:00,0.4,0.40000000000000013,0.39959309,0.9417689,0.027792767,0.030438364,GOOD,GOOD,
2025-02-09 04:00:00+00:00,0.39,0.3900000000000001,0.42121226,0.969733,0.013947529,0.01631947,GOOD,GOOD,
2025-02-09 05:00:00+00:00,0.35,0.35000000000000003,0.42429447,0.9636605,0.021137774,0.015201738,GOOD,GOOD,
2025-02-09 06:00:00+00:00,0.34,0.34000000000000014,0.39720082,0.9537079,0.017290294,0.02900182,GOOD,GOOD,
2025-02-09 07:00:00+00:00,0.365,0.3650000000000001,0.37528706,0.9739235,0.015140352,0.010936131,GOOD,GOOD,
2025-02-09 08:00:00+00:00,0.35,0.35000000000000003,0.3836934,0.97685486,0.011820891,0.0113242455,GOOD,GOOD,
2025-02-09 09:00:00+00:00,0.42000000000000004,0.4200000000000001,0.38383177,0.8875543,0.076191366,0.036254372,GOOD,GOOD,
2025-02-09 10:00:00+00:00,0.37,0.37000000000000005,0.42424965,0.9535327,0.027718388,0.018748924,GOOD,GOOD,
2025-02-09 11:00:00+00:00,0.37,0.37000000000000005,0.41723126,0.967446,0.012835232,0.01971873,GOOD,GOOD,
2025-02-09 12:00:00+00:00,0.385,0.38500000000000006,0.40418175,0.95927227,0.018598879,0.022128856,GOOD,GOOD,
2025-02-09 13:00:00+00:00,0.305,0.3050000000000001,0.40840423,0.8207876,0.120427154,0.058785256,GOOD,GOOD,
2025-02-09 14:00:00+00:00,0.355,0.35500000000000004,0.36518747,0.94922286,0.03233329,0.018443836,GOOD,GOOD,
2025-02-09 15:00:00+00:00,0.33999999999999997,0.3400000000000001,0.36850122,0.9724105,0.013840547,0.013748937,GOOD,GOOD,
2025-02-09 16:00:00+00:00,0.365,0.3650000000000001,0.3714629,0.969154,0.016545234,0.014300759,GOOD,GOOD,
2025-02-09 17:00:00+00:00,0.38,0.38000000000000006,0.38639155,0.9490098,0.021754418,0.029235825,GOOD,GOOD,
2025-02-09 18:00:00+00:00,0.315,0.31500000000000006,0.40380016,0.84381014,0.10018963,0.056000233,GOOD,GOOD,
2025-02-09 19:00:00+00:00,0.355,0.35500000000000004,0.3712855,0.94966197,0.028299376,0.022038674,GOOD,GOOD,
2025-02-09 20:00:00+00:00,0.405,0.4050000000000001,0.3726997,0.9243662,0.052562464,0.023071352,GOOD,GOOD,
2025-02-09 21:00:00+00:00,0.385,0.38500000000000006,0.41212177,0.97117317,0.015395177,0.0134316515,GOOD,GOOD,
2025-02-09 22:00:00+00:00,0.33999999999999997,0.3400000000000001,0.4217323,0.9504644,0.028997693,0.020537902,GOOD,GOOD,
2025-02-09 23:00:00+00:00,0.315,0.31500000000000006,0.39103016,0.9482626,0.028104862,0.023632577,GOOD,GOOD,
2025-02-10 00:00:00+00:00,0.33999999999999997,0.3400000000000001,0.35698676,0.9717009,0.015825622,0.0124734435,GOOD,GOOD,
2025-02-10 01:00:00+00:00,0.3,0.30000000000000004,0.35895795,0.9471048,0.031880718,0.021014476,GOOD,GOOD,
2025-02-10 02:00:00+00:00,0.29000000000000004,0.2900000000000001,0.3431786,0.94766235,0.022920087,0.029417567,GOOD,GOOD,
2025-02-10 03:00:00+00:00,0.34,0.34000000000000014,0.32629457,0.94233656,0.038701322,0.018962147,GOOD,GOOD,
2025-02-10 04:00:00+00:00,0.37,0.37000000000000005,0.34968105,0.9423163,0.03756275,0.020120984,GOOD,GOOD,
2025-02-10 05:00:00+00:00,0.345,0.34500000000000003,0.38566977,0.97559667,0.013004162,0.011399169,GOOD,GOOD,
2025-02-10 06:00:00+00:00,0.325,0.32500000000000007,0.38590503,0.9016743,0.029733498,0.06859224,GOOD,GOOD,
2025-02-10 07:00:00+00:00,0.31,0.31000000000000005,0.3663961,0.87712586,0.034304537,0.08856958,GOOD,GOOD,
2025-02-10 08:00:00+00:00,0.315,0.31500000000000006,0.34678662,0.92390686,0.019203303,0.056889854,GOOD,GOOD,
2025-02-10 09:00:00+00:00,0.345,0.34500000000000003,0.3425442,0.97120214,0.017704142,0.011093752,GOOD,GOOD,
2025-02-10 10:00:00+00:00,0.37,0.37000000000000005,0.3620927,0.92863226,0.034743663,0.036624085,GOOD,GOOD,
2025-02-10 11:00:00+00:00,0.355,0.35500000000000004,0.3894593,0.97710913,0.011706059,0.011184813,GOOD,GOOD,
2025-02-10 12:00:00+00:00,0.385,0.38500000000000006,0.39182663,0.9668814,0.018920003,0.014198581,GOOD,GOOD,
2025-02-10 13:00:00+00:00,0.39,0.3900000000000001,0.4057897,0.94976664,0.019271102,0.03096224,GOOD,GOOD,
2025-02-10 14:00:00+00:00,0.31,0.31000000000000005,0.41725126,0.8469125,0.10421483,0.048872635,GOOD,GOOD,
2025-02-10 15:00:00+00:00,0.33499999999999996,0.335,0.37223798,0.97155136,0.016314972,0.012133659,GOOD,GOOD,
2025-02-10 16:00:00+00:00,0.36,0.36000000000000004,0.35865742,0.92717206,0.03125558,0.041572325,GOOD,GOOD,
2025-02-10 17:00:00+00:00,0.345,0.34500000000000003,0.37627506,0.9787123,0.011210516,0.010077149,GOOD,GOOD,
2025-02-10 18:00:00+00:00,0.35,0.35000000000000003,0.37954235,0.9384864,0.016618034,0.044895574,GOOD,GOOD,
2025-02-10 19:00:00+00:00,0.34,0.34000000000000014,0.38004258,0.94698095,0.01526039,0.03775868,GOOD,GOOD,
2025-02-10 20:00:00+00:00,0.365,0.3650000000000001,0.37402052,0.97102886,0.016581556,0.012389565,GOOD,GOOD,
2025-02-10 21:00:00+00:00,0.385,0.38500000000000006,0.3855986,0.95229137,0.02299904,0.024709601,GOOD,GOOD,
2025-02-10 22:00:00+00:00,0.42,0.42000000000000004,0.40611258,0.94621277,0.03427623,0.019510977,GOOD,GOOD,
2025-02-10 23:00:00+00:00,0.42,0.42000000000000004,0.43692586,0.9562594,0.022121618,0.021618975,GOOD,GOOD,
2025-02-11 00:00:00+00:00,0.445,0.44500000000000006,0.45040244,0.9488562,0.029621435,0.021522373,GOOD,GOOD,
2025-02-11 01:00:00+00:00,0.445,0.44500000000000006,0.46739033,0.94370127,0.02520899,0.03108977,GOOD,GOOD,
2025-02-11 02:00:00+00:00,0.38,0.38000000000000006,0.47482055,0.9086083,0.058807526,0.03258417,GOOD,GOOD,
2025-02-11 03:00:00+00:00,0.37,0.37000000000000005,0.4353752,0.95614755,0.022311147,0.021541309,GOOD,GOOD,
2025-02-11 04:00:00+00:00,0.37,0.37000000000000005,0.40578976,0.85463727,0.023366967,0.121995755,GOOD,GOOD,
2025-02-11 05:00:00+00:00,0.345,0.34500000000000003,0.39741197,0.96600235,0.01826487,0.01573281,GOOD,GOOD,
2025-02-11 06:00:00+00:00,0.305,0.3050000000000001,0.38288626,0.9179546,0.04880666,0.033238713,GOOD,GOOD,
2025-02-11 07:00:00+00:00,0.325,0.32500000000000007,0.35138837,0.9565914,0.02335885,0.020049749,GOOD,GOOD,
2025-02-11 08:00:00+00:00,0.29000000000000004,0.2900000000000001,0.34761357,0.92562884,0.04269011,0.031681027,GOOD,GOOD,
2025-02-11 09:00:00+00:00,0.31,0.31000000000000005,0.33139607,0.9567392,0.02187085,0.021389985,GOOD,GOOD,
2025-02-11 10:00:00+00:00,0.365,0.3650000000000001,0.33347952,0.9304415,0.050455656,0.019102843,GOOD,GOOD,
2025-02-11 11:00:00+00:00,0.375,0.3750000000000001,0.37169534,0.96494657,0.02000968,0.015043734,GOOD,GOOD,
2025-02-11 12:00:00+00:00,0.42500000000000004,0.42500000000000016,0.39990574,0.9379157,0.042465102,0.019619245,GOOD,GOOD,
2025-02-11 13:00:00+00:00,0.385,0.38500000000000006,0.43854842,0.9679617,0.017731374,0.014306874,GOOD,GOOD,
2025-02-11 14:00:00+00:00,0.325,0.32500000000000007,0.43089798,0.9175251,0.054164495,0.02831041,GOOD,GOOD,
2025-02-11 15:00:00+00:00,0.325,0.32500000000000007,0.38227883,0.96884435,0.015021739,0.016133897,GOOD,GOOD,
2025-02-11 16:00:00+00:00,0.33499999999999996,0.335,0.3565882,0.9336179,0.020078829,0.04630327,GOOD,GOOD,
2025-02-11 17:00:00+00:00,0.32999999999999996,0.33000000000000007,0.35809946,0.9282666,0.019308504,0.052424926,GOOD,GOOD,
2025-02-11 18:00:00+00:00,0.325,0.32500000000000007,0.36055017,0.7873496,0.029027538,0.18362285,GOOD,GOOD,
2025-02-11 19:00:00+00:00,0.3,0.30000000000000004,0.35784832,0.95514375,0.022859894,0.021996357,GOOD,GOOD,
2025-02-11 20:00:00+00:00,0.32999999999999996,0.33000000000000007,0.3406835,0.9609286,0.022427477,0.016643915,GOOD,GOOD,
2025-02-11 21:00:00+00:00,0.33499999999999996,0.335,0.34896776,0.9548639,0.019044265,0.026091855,GOOD,GOOD,
2025-02-11 22:00:00+00:00,0.36,0.36000000000000004,0.36099142,0.9663594,0.01779414,0.0158465,GOOD,GOOD,
2025-02-11 23:00:00+00:00,0.39,0.3900000000000001,0.38092244,0.94799215,0.030324934,0.021682894,GOOD,GOOD,
2025-02-12 00:00:00+00:00,0.405,0.4050000000000001,0.40858817,0.95656085,0.020512009,0.022927122,GOOD,GOOD,
2025-02-12 01:00:00+00:00,0.44499999999999995,0.445,0.42983508,0.94913584,0.032467406,0.018396767,GOOD,GOOD,
2025-02-12 02:00:00+00:00,0.45,0.4500000000000001,0.4612945,0.95639336,0.023722177,0.019884443,GOOD,GOOD,
2025-02-12 03:00:00+00:00,0.395,0.3950000000000001,0.4783397,0.9393025,0.037797753,0.02289974,GOOD,GOOD,
2025-02-12 04:00:00+00:00,0.37,0.37000000000000005,0.44737652,0.95779854,0.02348249,0.018718962,GOOD,GOOD,
2025-02-12 05:00:00+00:00,0.375,0.3750000000000001,0.41175228,0.97446114,0.011083019,0.014455841,GOOD,GOOD,
2025-02-12 06:00:00+00:00,0.345,0.34500000000000003,0.4013907,0.9699004,0.017149678,0.012949874,GOOD,GOOD,
2025-02-12 07:00:00+00:00,0.35,0.35000000000000003,0.3841768,0.9731962,0.012176363,0.014627406,GOOD,GOOD,
2025-02-12 08:00:00+00:00,0.3,0.30000000000000004,0.3784506,0.906129,0.056957915,0.03691311,GOOD,GOOD,
2025-02-12 09:00:00+00:00,0.315,0.31500000000000006,0.34860694,0.9632884,0.01905527,0.017656304,GOOD,GOOD,
2025-02-12 10:00:00+00:00,0.33499999999999996,0.335,0.34056205,0.9509259,0.022067225,0.027006878,GOOD,GOOD,
2025-02-12 11:00:00+00:00,0.36,0.36000000000000004,0.3545487,0.9373033,0.031723473,0.030973243,GOOD,GOOD,
2025-02-12 12:00:00+00:00,0.38,0.38000000000000006,0.37921184,0.93162036,0.029998817,0.03838081,GOOD,GOOD,
2025-02-12 13:00:00+00:00,0.395,0.3950000000000001,0.40267727,0.9318519,0.024989357,0.043158703,GOOD,GOOD,
2025-02-12 14:00:00+00:00,0.33499999999999996,0.335,0.42045727,0.93513095,0.039117698,0.025751332,GOOD,GOOD,
2025-02-12 15:00:00+00:00,0.275,0.2750000000000001,0.38962987,0.87425745,0.08590849,0.039834097,GOOD,GOOD,
2025-02-12 16:00:00+00:00,0.31,0.31000000000000005,0.33250654,0.9466498,0.033098835,0.020251362,GOOD,GOOD,
2025-02-12 17:00:00+00:00,0.315,0.31500000000000006,0.32648018,0.97267824,0.014293378,0.013028357,GOOD,GOOD,
2025-02-12 18:00:00+00:00,0.325,0.32500000000000007,0.3383961,0.909551,0.024028251,0.06642072,GOOD,GOOD,
2025-02-12 19:00:00+00:00,0.32999999999999996,0.33000000000000007,0.3513453,0.8630469,0.024000678,0.11295246,GOOD,GOOD,
2025-02-12 20:00:00+00:00,0.32,0.32000000000000006,0.3591277,0.9386972,0.019825516,0.04147726,GOOD,GOOD,
2025-02-12 21:00:00+00:00,0.315,0.02,0.3550721,0.14047635,0.25636846,0.6031552,BAD,BAD,G_missing_sentinel
2025-02-12 22:00:00+00:00,0.35,0.35000000000000003,0.17957169,0.4247316,0.26892978,0.3063386,GOOD,GOOD,
2025-02-12 23:00:00+00:00,0.345,0.34500000000000003,0.2568325,0.264489,0.5162046,0.2193064,GOOD,SUSPECT,
2025-02-13 00:00:00+00:00,0.355,0.35500000000000004,0.35098052,0.9209096,0.031982455,0.047107954,GOOD,GOOD,
2025-02-13 01:00:00+00:00,0.335,0.3350000000000001,0.3888673,0.9712976,0.013473794,0.015228612,GOOD,GOOD,
2025-02-13 02:00:00+00:00,0.325,0.32500000000000007,0.3794985,0.8926647,0.02077304,0.086562306,GOOD,GOOD,
2025-02-13 03:00:00+00:00,0.29000000000000004,0.2900000000000001,0.36196652,0.95365745,0.030026544,0.016316002,GOOD,GOOD,
2025-02-13 04:00:00+00:00,0.315,0.31500000000000006,0.33383995,0.9694931,0.017720481,0.012786416,GOOD,GOOD,
2025-02-13 05:00:00+00:00,0.34,0.34000000000000014,0.3356186,0.9147959,0.03604033,0.049163796,GOOD,GOOD,
2025-02-13 06:00:00+00:00,0.32,0.32000000000000006,0.35787266,0.9735869,0.0139307855,0.012482301,GOOD,GOOD,
2025-02-13 07:00:00+00:00,0.305,0.3050000000000001,0.3578874,0.9085814,0.022741878,0.06867675,GOOD,GOOD,
2025-02-13 08:00:00+00:00,0.265,0.26500000000000007,0.34368742,0.9284368,0.0430138,0.02854939,GOOD,GOOD,
2025-02-13 09:00:00+00:00,0.27,0.2700000000000001,0.31199032,0.95603454,0.026177557,0.01778792,GOOD,GOOD,
2025-02-13 10:00:00+00:00,0.28500000000000003,0.2850000000000001,0.29892018,0.96225864,0.02003165,0.017709717,GOOD,GOOD,
2025-02-13 11:00:00+00:00,0.33,0.3300000000000001,0.30692405,0.94059104,0.040973034,0.018435923,GOOD,GOOD,
2025-02-13 12:00:00+00:00,0.35,0.35000000000000003,0.340994,0.9569699,0.026424346,0.01660571,GOOD,GOOD,
2025-02-13 13:00:00+00:00,0.345,0.34500000000000003,0.37159324,0.96720326,0.014482114,0.018314634,GOOD,GOOD,
2025-02-13 14:00:00+00:00,0.325,0.32500000000000007,0.37906906,0.96741426,0.014229951,0.018355815,GOOD,GOOD,
2025-02-13 15:00:00+00:00,0.29,0.29000000000000004,0.36534405,0.9520526,0.028828597,0.01911884,GOOD,GOOD,
2025-02-13 16:00:00+00:00,0.28500000000000003,0.2850000000000001,0.33541405,0.96732247,0.016577933,0.016099624,GOOD,GOOD,
2025-02-13 17:00:00+00:00,0.295,0.29500000000000004,0.31781477,0.9691745,0.014404374,0.016421122,GOOD,GOOD,
2025-02-13 18:00:00+00:00,0.31,0.31000000000000005,0.3196789,0.93945295,0.021157576,0.0393895,GOOD,GOOD,
2025-02-13 19:00:00+00:00,0.28500000000000003,0.2850000000000001,0.3330832,0.9580781,0.021513408,0.020408522,GOOD,GOOD,
2025-02-13 20:00:00+00:00,0.28500000000000003,0.2850000000000001,0.32535273,0.9564051,0.016999053,0.026595833,GOOD,GOOD,
2025-02-13 21:00:00+00:00,0.28,0.28000000000000014,0.31748718,0.8111468,0.036068603,0.15278459,GOOD,GOOD,
2025-02-13 22:00:00+00:00,0.31,0.31000000000000005,0.31196177,0.9618237,0.022009855,0.01616647,GOOD,GOOD,
2025-02-13 23:00:00+00:00,0.355,0.35500000000000004,0.32808828,0.9377472,0.04357665,0.018676143,GOOD,GOOD,
2025-02-14 00:00:00+00:00,0.37,0.37000000000000005,0.36622915,0.9543686,0.0267621,0.018869292,GOOD,GOOD,
2025-02-14 01:00:00+00:00,0.38,0.38000000000000006,0.39435476,0.90753806,0.028672138,0.06378978,GOOD,GOOD,
2025-02-14 02:00:00+00:00,0.36,0.36000000000000004,0.40866083,0.9720654,0.014091606,0.013842991,GOOD,GOOD,
2025-02-14 03:00:00+00:00,0.33,0.3300000000000001,0.39944348,0.95990837,0.02177852,0.018313125,GOOD,GOOD,
2025-02-14 04:00:00+00:00,0.31000000000000005,0.3100000000000001,0.37341985,0.93526113,0.026811283,0.037927616,GOOD,GOOD,
2025-02-14 05:00:00+00:00,0.315,0.31500000000000006,0.3485082,0.9778761,0.010532795,0.011591083,GOOD,GOOD,
2025-02-14 06:00:00+00:00,0.33999999999999997,0.3400000000000001,0.3422759,0.96897554,0.017485645,0.013538807,GOOD,GOOD,
2025-02-14 07:00:00+00:00,0.33999999999999997,0.3400000000000001,0.35860062,0.9656914,0.015341197,0.0189674,GOOD,GOOD,
2025-02-14 08:00:00+00:00,0.315,0.31500000000000006,0.36912787,0.9575794,0.021196524,0.021224113,GOOD,GOOD,
2025-02-14 09:00:00+00:00,0.28,0.28000000000000014,0.3563481,0.9190626,0.046249717,0.0346877,GOOD,GOOD,
2025-02-14 10:00:00+00:00,0.31,0.31000000000000005,0.32589823,0.9490837,0.02873251,0.02218379,GOOD,GOOD,
2025-02-14 11:00:00+00:00,0.345,0.34500000000000003,0.3285819,0.94281495,0.036438406,0.020746628,GOOD,GOOD,
2025-02-14 12:00:00+00:00,0.325,0.32500000000000007,0.3582061,0.97125685,0.015716558,0.013026619,GOOD,GOOD,
2025-02-14 13:00:00+00:00,0.35,0.35000000000000003,0.3625203,0.96475804,0.01940863,0.01583332,GOOD,GOOD,
2025-02-14 14:00:00+00:00,0.305,0.3050000000000001,0.37333837,0.9547087,0.026295189,0.018996093,GOOD,GOOD,
2025-02-14 15:00:00+00:00,0.31,0.31000000000000005,0.35256767,0.9753718,0.011908629,0.012719621,GOOD,GOOD,
2025-02-14 16:00:00+00:00,0.2925,0.2925000000000001,0.3407687,0.97105664,0.015221882,0.013721501,GOOD,GOOD,
2025-02-14 17:00:00+00:00,0.275,0.2750000000000001,0.32837436,0.8565288,0.03903969,0.10443151,GOOD,GOOD,
2025-02-14 18:00:00+00:00,0.28,0.28000000000000014,0.31263563,0.96673536,0.014067811,0.0191968,GOOD,GOOD,
2025-02-14 19:00:00+00:00,0.32,0.32000000000000006,0.3085332,0.9518623,0.031693686,0.016444057,GOOD,GOOD,
2025-02-14 20:00:00+00:00,0.35,0.35000000000000003,0.33323938,0.9440129,0.03609509,0.019892057,GOOD,GOOD,
2025-02-14 21:00:00+00:00,0.32,0.32000000000000006,0.36699167,0.9683567,0.018210435,0.0134328175,GOOD,GOOD,
2025-02-14 22:00:00+00:00,0.29,0.29000000000000004,0.36315742,0.90461254,0.040098272,0.05528918,GOOD,GOOD,
2025-02-14 23:00:00+00:00,0.28500000000000003,0.2850000000000001,0.33579898,0.96626234,0.01459499,0.019142695,GOOD,GOOD,
2025-02-15 00:00:00+00:00,0.31,0.31000000000000005,0.3181909,0.97304374,0.015287607,0.011668641,GOOD,GOOD,
2025-02-15 01:00:00+00:00,0.3,0.30000000000000004,0.3286936,0.97389,0.012937361,0.013172621,GOOD,GOOD,
2025-02-15 02:00:00+00:00,0.265,0.26500000000000007,0.33255354,0.94063795,0.03279739,0.026564674,GOOD,GOOD,
2025-02-15 03:00:00+00:00,0.29,0.29000000000000004,0.3110763,0.9602594,0.022027541,0.017713077,GOOD,GOOD,
2025-02-15 04:00:00+00:00,0.26,0.26000000000000006,0.31208265,0.9420214,0.032594707,0.025383852,GOOD,GOOD,
2025-02-15 05:00:00+00:00,0.24,0.24,0.30025986,0.93184566,0.035457376,0.03269695,GOOD,GOOD,
2025-02-15 06:00:00+00:00,0.255,0.255,0.28032905,0.95711714,0.021734014,0.021148872,GOOD,GOOD,
2025-02-15 07:00:00+00:00,0.28500000000000003,0.2850000000000001,0.27959844,0.96037143,0.024940094,0.014688457,GOOD,GOOD,
2025-02-15 08:00:00+00:00,0.255,0.255,0.30141276,0.9560643,0.02488654,0.019049171,GOOD,GOOD,
2025-02-15 09:00:00+00:00,0.22,0.22,0.2968519,0.9388886,0.0353417,0.025769716,GOOD,GOOD,
2025-02-15 10:00:00+00:00,0.22,0.22,0.26822746,0.94932765,0.021506961,0.029165387,GOOD,GOOD,
2025-02-15 11:00:00+00:00,0.265,0.26500000000000007,0.25209364,0.936154,0.041735653,0.022110356,GOOD,GOOD,
2025-02-15 12:00:00+00:00,0.265,0.26500000000000007,0.27514902,0.968429,0.016141675,0.015429273,GOOD,GOOD,
2025-02-15 13:00:00+00:00,0.28500000000000003,0.2850000000000001,0.2929172,0.97126484,0.015330306,0.013404842,GOOD,GOOD,
2025-02-15 14:00:00+00:00,0.26,0.26000000000000006,0.30955344,0.96645176,0.01774707,0.015801135,GOOD,GOOD,
2025-02-15 15:00:00+00:00,0.315,0.31500000000000006,0.30144635,0.9172107,0.05394327,0.028846016,GOOD,GOOD,
2025-02-15 16:00:00+00:00,0.32499999999999996,0.325,0.325582,0.96350217,0.020554941,0.015942909,GOOD,GOOD,
2025-02-15 17:00:00+00:00,0.28500000000000003,0.2850000000000001,0.34897456,0.9659446,0.019778397,0.014277013,GOOD,GOOD,
2025-02-15 18:00:00+00:00,0.32,0.32000000000000006,0.333106,0.95909375,0.024283474,0.016622787,GOOD,GOOD,
2025-02-15 19:00:00+00:00,0.335,0.3350000000000001,0.33957562,0.9640831,0.01840228,0.017514654,GOOD,GOOD,
2025-02-15 20:00:00+00:00,0.325,0.32500000000000007,0.3569799,0.9622578,0.01516471,0.022577502,GOOD,GOOD,
2025-02-15 21:00:00+00:00,0.29000000000000004,0.2900000000000001,0.35937932,0.9498702,0.02823584,0.021893954,GOOD,GOOD,
2025-02-15 22:00:00+00:00,0.22999999999999998,0.23,0.33594093,0.8371015,0.11213564,0.050762855,GOOD,GOOD,
2025-02-15 23:00:00+00:00,0.24,0.24,0.28639075,0.95619804,0.023352742,0.020449217,GOOD,GOOD,
2025-02-16 00:00:00+00:00,0.27,0.2700000000000001,0.26727808,0.9658466,0.021610906,0.012542506,GOOD,GOOD,
2025-02-16 01:00:00+00:00,0.28,0.28000000000000014,0.28428054,0.952112,0.020489631,0.027398339,GOOD,GOOD,
2025-02-16 02:00:00+00:00,0.26,0.26000000000000006,0.30408224,0.97485393,0.013699607,0.011446471,GOOD,GOOD,
2025-02-16 03:00:00+00:00,0.25,0.25,0.29978198,0.8923431,0.024516243,0.08314064,GOOD,GOOD,
2025-02-16 04:00:00+00:00,0.28500000000000003,0.2850000000000001,0.28699264,0.96337295,0.021944493,0.014682567,GOOD,GOOD,
2025-02-16 05:00:00+00:00,0.255,0.255,0.3013681,0.9643656,0.019802378,0.015831994,GOOD,GOOD,
2025-02-16 06:00:00+00:00,0.25,0.25,0.29567882,0.9378749,0.019599492,0.042525582,GOOD,GOOD,
2025-02-16 07:00:00+00:00,0.255,0.255,0.2853129,0.87445617,0.024222502,0.1013213,GOOD,GOOD,
2025-02-16 08:00:00+00:00,0.275,0.2750000000000001,0.2836454,0.9671587,0.016603168,0.016238164,GOOD,GOOD,
2025-02-16 09:00:00+00:00,0.235,0.235,0.29676378,0.92265236,0.044096492,0.03325113,GOOD,GOOD,
2025-02-16 10:00:00+00:00,0.21500000000000002,0.21500000000000002,0.28149185,0.91585636,0.04289034,0.04125332,GOOD,GOOD,
2025-02-16 11:00:00+00:00,0.235,0.235,0.2570415,0.9550411,0.023479644,0.021479256,GOOD,GOOD,
2025-02-16 12:00:00+00:00,0.28500000000000003,0.2850000000000001,0.2573975,0.9206995,0.055650868,0.023649639,GOOD,GOOD,
2025-02-16 13:00:00+00:00,0.305,0.3050000000000001,0.29268628,0.9486335,0.03234221,0.019024288,GOOD,GOOD,
2025-02-16 14:00:00+00:00,0.3,0.30000000000000004,0.32589555,0.9579624,0.017246462,0.024791151,GOOD,GOOD,
2025-02-16 15:00:00+00:00,0.335,0.3350000000000001,0.33463717,0.95317817,0.028713526,0.018108284,GOOD,GOOD,
2025-02-16 16:00:00+00:00,0.37,0.37000000000000005,0.3540639,0.9237776,0.0445345,0.031687897,GOOD,GOOD,
2025-02-16 17:00:00+00:00,0.32999999999999996,0.33000000000000007,0.3859998,0.96104515,0.02317756,0.015777297,GOOD,GOOD,
2025-02-16 18:00:00+00:00,0.345,0.34500000000000003,0.37633365,0.9704508,0.016144956,0.013404198,GOOD,GOOD,
2025-02-16 19:00:00+00:00,0.345,0.34500000000000003,0.37287816,0.9097268,0.023257459,0.06701576,GOOD,GOOD,
2025-02-16 20:00:00+00:00,0.385,0.38500000000000006,0.37389225,0.94119936,0.03629589,0.022504736,GOOD,GOOD,
2025-02-16 21:00:00+00:00,0.35,0.35000000000000003,0.39937216,0.9598678,0.023537843,0.01659436,GOOD,GOOD,
2025-02-16 22:00:00+00:00,0.32,0.32000000000000006,0.39259195,0.94045866,0.029622404,0.02991894,GOOD,GOOD,
2025-02-16 23:00:00+00:00,0.26,0.26000000000000006,0.36473048,0.9118058,0.06126844,0.026925728,GOOD,GOOD,
2025-02-17 00:00:00+00:00,0.315,0.31500000000000006,0.31476417,0.9208376,0.050729673,0.02843276,GOOD,GOOD,
2025-02-17 01:00:00+00:00,0.29,0.29000000000000004,0.32332653,0.97355556,0.015411896,0.011032543,GOOD,GOOD,
2025-02-17 02:00:00+00:00,0.305,0.3050000000000001,0.32483178,0.97553724,0.013614711,0.010848021,GOOD,GOOD,
2025-02-17 03:00:00+00:00,0.32,0.32000000000000006,0.33114997,0.9091608,0.02550739,0.065331824,GOOD,GOOD,
2025-02-17 04:00:00+00:00,0.35,0.35000000000000003,0.34393105,0.9637023,0.022816153,0.0134815555,GOOD,GOOD,
2025-02-17 05:00:00+00:00,0.31,0.31000000000000005,0.36836508,0.96991986,0.017400768,0.012679385,GOOD,GOOD,
2025-02-17 06:00:00+00:00,0.28500000000000003,0.2850000000000001,0.3561573,0.9510595,0.023760876,0.025179604,GOOD,GOOD,
2025-02-17 07:00:00+00:00,0.31,0.31000000000000005,0.32868904,0.9757548,0.013904891,0.010340317,GOOD,GOOD,
2025-02-17 08:00:00+00:00,0.31,0.31000000000000005,0.33050328,0.9444861,0.016069192,0.039444707,GOOD,GOOD,
2025-02-17 09:00:00+00:00,0.28500000000000003,0.2850000000000001,0.33781275,0.9666196,0.016930904,0.016449464,GOOD,GOOD,
2025-02-17 10:00:00+00:00,0.27,0.2700000000000001,0.32608357,0.90576714,0.029554471,0.06467838,GOOD,GOOD,
2025-02-17 11:00:00+00:00,0.26,0.26000000000000006,0.30836213,0.8472471,0.037512448,0.11524041,GOOD,GOOD,
2025-02-17 12:00:00+00:00,0.36,0.36000000000000004,0.2945735,0.7541606,0.1837599,0.062079504,GOOD,GOOD,
2025-02-17 13:00:00+00:00,0.33499999999999996,0.335,0.3496642,0.95440865,0.026864422,0.018726952,GOOD,GOOD,
2025-02-17 14:00:00+00:00,0.295,0.29500000000000004,0.3711075,0.958275,0.023796968,0.01792799,GOOD,GOOD,
2025-02-17 15:00:00+00:00,0.31,0.31000000000000005,0.34639812,0.97764057,0.011591035,0.010768413,GOOD,GOOD,
2025-02-17 16:00:00+00:00,0.33499999999999996,0.335,0.337154,0.96908474,0.016497383,0.014417882,GOOD,GOOD,
2025-02-17 17:00:00+00:00,0.29,0.29000000000000004,0.35300508,0.9519185,0.029034643,0.019046878,GOOD,GOOD,
2025-02-17 18:00:00+00:00,0.355,0.35500000000000004,0.3370616,0.9044805,0.06428463,0.031234857,GOOD,GOOD,
2025-02-17 19:00:00+00:00,0.36,0.36000000000000004,0.36245474,0.96298754,0.019969027,0.01704346,GOOD,GOOD,
2025-02-17 20:00:00+00:00,0.375,0.3750000000000001,0.385034,0.9435539,0.024185652,0.032260437,GOOD,GOOD,
2025-02-17 21:00:00+00:00,0.355,0.35500000000000004,0.40114656,0.97286284,0.013955427,0.013181725,GOOD,GOOD,
2025-02-17 22:00:00+00:00,0.38,0.38000000000000006,0.3939252,0.96329004,0.021246845,0.015463109,GOOD,GOOD,
2025-02-17 23:00:00+00:00,0.345,0.34500000000000003,0.4019079,0.9604899,0.023410773,0.016099302,GOOD,GOOD,
2025-02-18 00:00:00+00:00,0.36,0.36000000000000004,0.38731837,0.9719464,0.01451085,0.013542758,GOOD,GOOD,
2025-02-18 01:00:00+00:00,0.325,0.32500000000000007,0.38587183,0.9559626,0.023769237,0.02026815,GOOD,GOOD,
2025-02-18 02:00:00+00:00,0.33,0.3300000000000001,0.3673488,0.9619258,0.014833268,0.02324095,GOOD,GOOD,
2025-02-18 03:00:00+00:00,0.32499999999999996,0.325,0.35930258,0.83102405,0.029681532,0.13929442,GOOD,GOOD,
2025-02-18 04:00:00+00:00,0.345,0.34500000000000003,0.3557083,0.96653944,0.017051106,0.016409473,GOOD,GOOD,
2025-02-18 05:00:00+00:00,0.365,0.3650000000000001,0.36696172,0.9380458,0.024258064,0.037696145,GOOD,GOOD,
2025-02-18 06:00:00+00:00,0.345,0.34500000000000003,0.38646415,0.9497696,0.0227861,0.027444262,GOOD,GOOD,
2025-02-18 07:00:00+00:00,0.33,0.3300000000000001,0.3831867,0.7760666,0.050683666,0.17324972,GOOD,GOOD,
2025-02-18 08:00:00+00:00,0.33999999999999997,0.3400000000000001,0.36807832,0.9422104,0.021107875,0.036681723,GOOD,GOOD,
2025-02-18 09:00:00+00:00,0.36,0.36000000000000004,0.36645588,0.95301294,0.020414116,0.026572952,GOOD,GOOD,
2025-02-18 10:00:00+00:00,0.36,0.36000000000000004,0.3810411,0.8699924,0.029021602,0.100986056,GOOD,GOOD,
2025-02-18 11:00:00+00:00,0.35,0.35000000000000003,0.38966572,0.8248961,0.037440214,0.1376637,GOOD,GOOD,
2025-02-18 12:00:00+00:00,0.345,0.34500000000000003,0.38527033,0.6202755,0.04736634,0.33235815,GOOD,GOOD,
2025-02-18 13:00:00+00:00,0.36,0.36000000000000004,0.37807488,0.94730914,0.020646578,0.032044318,GOOD,GOOD,
2025-02-18 14:00:00+00:00,0.395,0.3950000000000001,0.38414955,0.9488433,0.032558296,0.018598396,GOOD,GOOD,
2025-02-18 15:00:00+00:00,0.4,0.40000000000000013,0.4106759,0.95121205,0.027602198,0.021185746,GOOD,GOOD,
2025-02-18 16:00:00+00:00,0.4,0.40000000000000013,0.42768058,0.8267198,0.04157455,0.13170561,GOOD,GOOD,
2025-02-18 17:00:00+00:00,0.375,0.3750000000000001,0.43167385,0.96786606,0.01667233,0.015461607,GOOD,GOOD,
2025-02-18 18:00:00+00:00,0.39,0.3900000000000001,0.41552725,0.96766806,0.017428575,0.0149033815,GOOD,GOOD,
2025-02-18 19:00:00+00:00,0.38,0.38000000000000006,0.41496205,0.9751335,0.01231354,0.012552992,GOOD,GOOD,
2025-02-18 20:00:00+00:00,0.4,0.40000000000000013,0.41218516,0.9633861,0.020254256,0.016359607,GOOD,GOOD,
2025-02-18 21:00:00+00:00,0.3725,0.37250000000000005,0.42254657,0.9617645,0.019651897,0.01858356,GOOD,GOOD,
2025-02-18 22:00:00+00:00,0.345,0.34500000000000003,0.41223612,0.8763916,0.045805365,0.07780303,GOOD,GOOD,
2025-02-18 23:00:00+00:00,0.34,0.34000000000000014,0.3871739,0.949617,0.01974287,0.030640123,GOOD,GOOD,
2025-02-19 00:00:00+00:00,0.33499999999999996,0.335,0.37205347,0.73581254,0.039291136,0.22489636,GOOD,GOOD,
2025-02-19 01:00:00+00:00,0.37,0.37000000000000005,0.36550364,0.95616436,0.028151393,0.015684279,GOOD,GOOD,
2025-02-19 02:00:00+00:00,0.375,0.3750000000000001,0.38561252,0.97220397,0.014490802,0.0133052,GOOD,GOOD,
2025-02-19 03:00:00+00:00,0.355,0.35500000000000004,0.40171447,0.9763115,0.011733989,0.01195453,GOOD,GOOD,
2025-02-19 04:00:00+00:00,0.355,0.35500000000000004,0.3942098,0.9432986,0.013625394,0.043076005,GOOD,GOOD,
2025-02-19 05:00:00+00:00,0.345,0.34500000000000003,0.3867504,0.9406905,0.017114157,0.042195305,GOOD,GOOD,
2025-02-19 06:00:00+00:00,0.325,0.32500000000000007,0.37847352,0.9607251,0.019299868,0.019975014,GOOD,GOOD,
2025-02-19 07:00:00+00:00,0.325,0.32500000000000007,0.36304286,0.95270765,0.017065365,0.03022701,GOOD,GOOD,
2025-02-19 08:00:00+00:00,0.3,0.30000000000000004,0.35555193,0.94625354,0.028590176,0.02515626,GOOD,GOOD,
2025-02-19 09:00:00+00:00,0.29500000000000004,0.2950000000000001,0.33943182,0.94139314,0.025611648,0.03299519,GOOD,GOOD,
2025-02-19 10:00:00+00:00,0.31,0.31000000000000005,0.328019,0.9632476,0.01874172,0.018010702,GOOD,GOOD,
2025-02-19 11:00:00+00:00,0.275,0.2750000000000001,0.33359027,0.9159587,0.048188783,0.03585253,GOOD,GOOD,
2025-02-19 12:00:00+00:00,0.265,0.26500000000000007,0.31841823,0.9354531,0.030289942,0.034256916,GOOD,GOOD,
2025-02-19 13:00:00+00:00,0.28,0.28000000000000014,0.3015832,0.9569358,0.019892965,0.023171227,GOOD,GOOD,
2025-02-19 14:00:00+00:00,0.28500000000000003,0.2850000000000001,0.3038625,0.917947,0.023067445,0.05898554,GOOD,GOOD,
2025-02-19 15:00:00+00:00,0.29000000000000004,0.2900000000000001,0.3118922,0.7644269,0.03479046,0.20078267,GOOD,GOOD,
2025-02-19 16:00:00+00:00,0.29,0.29000000000000004,0.3187545,0.7188065,0.037925515,0.24326795,GOOD,GOOD,
2025-02-19 17:00:00+00:00,0.295,0.29500000000000004,0.32111186,0.81523466,0.032849763,0.15191555,GOOD,GOOD,
2025-02-19 18:00:00+00:00,0.3,0.30000000000000004,0.32412833,0.70749015,0.038563885,0.25394598,GOOD,GOOD,
2025-02-19 19:00:00+00:00,0.3,0.30000000000000004,0.32860166,0.6771867,0.04324287,0.27957037,GOOD,GOOD,
2025-02-19 20:00:00+00:00,0.305,0.3050000000000001,0.33067653,0.791833,0.037020188,0.17114684,GOOD,GOOD,
2025-02-19 21:00:00+00:00,0.31,0.31000000000000005,0.3339321,0.6497811,0.04247322,0.3077457,GOOD,GOOD,
2025-02-19 22:00:00+00:00,0.32,0.32000000000000006,0.33852175,0.9085707,0.025734376,0.065694906,GOOD,GOOD,
2025-02-19 23:00:00+00:00,0.31,0.31000000000000005,0.3465662,0.91569203,0.030841557,0.05346639,GOOD,GOOD,
2025-02-20 00:00:00+00:00,0.31,0.31000000000000005,0.3444153,0.8068956,0.042886853,0.15021753,GOOD,GOOD,
2025-02-20 01:00:00+00:00,0.3,0.30000000000000004,0.34133106,0.87233627,0.040438384,0.08722538,GOOD,GOOD,
2025-02-20 02:00:00+00:00,0.26,0.26000000000000006,0.3342159,0.8322961,0.086414956,0.081288956,GOOD,GOOD,
2025-02-20 03:00:00+00:00,0.31,0.31000000000000005,0.30684274,0.81502485,0.122097045,0.06287811,GOOD,GOOD,
2025-02-20 04:00:00+00:00,0.275,0.2750000000000001,0.3212994,0.85096556,0.09383662,0.055197816,GOOD,GOOD,
2025-02-20 05:00:00+00:00,0.28,0.28000000000000014,0.31578022,0.95709056,0.023346698,0.019562766,GOOD,GOOD,
2025-02-20 06:00:00+00:00,0.305,0.3050000000000001,0.31104422,0.97000396,0.017250353,0.0127456905,GOOD,GOOD,
2025-02-20 07:00:00+00:00,0.305,0.3050000000000001,0.3247893,0.9707991,0.013735005,0.015465914,GOOD,GOOD,
2025-02-20 08:00:00+00:00,0.29000000000000004,0.2900000000000001,0.3342297,0.9662403,0.015596332,0.0181634,GOOD,GOOD,
2025-02-20 09:00:00+00:00,0.28,0.28000000000000014,0.32761732,0.8807071,0.028605146,0.090687774,GOOD,GOOD,
2025-02-20 10:00:00+00:00,0.3,0.30000000000000004,0.31583986,0.9662672,0.018337559,0.01539522,GOOD,GOOD,
2025-02-20 11:00:00+00:00,0.26,0.26000000000000006,0.3223829,0.89767814,0.061953872,0.040367976,GOOD,GOOD,
2025-02-20 12:00:00+00:00,0.255,0.255,0.30533078,0.9397982,0.030344203,0.029857613,GOOD,GOOD,
2025-02-20 13:00:00+00:00,0.26,0.26000000000000006,0.28997225,0.9499504,0.020551438,0.02949815,GOOD,GOOD,
2025-02-20 14:00:00+00:00,0.27,0.2700000000000001,0.28769955,0.9556167,0.018809702,0.025573608,GOOD,GOOD,
2025-02-20 15:00:00+00:00,0.28,0.28000000000000014,0.29540592,0.8576542,0.03173281,0.110612944,GOOD,GOOD,
2025-02-20 16:00:00+00:00,0.28,0.28000000000000014,0.3061981,0.9438936,0.02025427,0.035852112,GOOD,GOOD,
2025-02-20 17:00:00+00:00,0.3,0.30000000000000004,0.310928,0.95411354,0.021676864,0.02420957,GOOD,GOOD,
2025-02-20 18:00:00+00:00,0.345,0.34500000000000003,0.32335263,0.90747416,0.05930936,0.033216458,GOOD,GOOD,
2025-02-20 19:00:00+00:00,0.32,0.32000000000000006,0.35722986,0.952859,0.027953992,0.019187,GOOD,GOOD,
2025-02-20 20:00:00+00:00,0.33999999999999997,0.3400000000000001,0.35981297,0.96418786,0.019969884,0.015842251,GOOD,GOOD,
2025-02-20 21:00:00+00:00,0.33999999999999997,0.3400000000000001,0.36580083,0.9566596,0.01696558,0.02637479,GOOD,GOOD,
2025-02-20 22:00:00+00:00,0.33,0.3300000000000001,0.36974755,0.9403317,0.017758828,0.041909445,GOOD,GOOD,
2025-02-20 23:00:00+00:00,0.32999999999999996,0.33000000000000007,0.36470884,0.87579924,0.023614885,0.10058589,GOOD,GOOD,
2025-02-21 00:00:00+00:00,0.345,0.34500000000000003,0.36092985,0.9690214,0.016760815,0.014217782,GOOD,GOOD,
2025-02-21 01:00:00+00:00,0.33,0.066,0.36897522,0.20866627,0.25300524,0.53832847,BAD,SUSPECT,B_mult
2025-02-21 02:00:00+00:00,0.33,0.3300000000000001,0.21271487,0.519485,0.2563623,0.22415273,GOOD,GOOD,
2025-02-21 03:00:00+00:00,0.33,0.3300000000000001,0.26423934,0.4371307,0.3785017,0.18436763,GOOD,GOOD,
2025-02-21 04:00:00+00:00,0.3,0.30000000000000004,0.33807138,0.9727665,0.0154721225,0.0117613375,GOOD,GOOD,
2025-02-21 05:00:00+00:00,0.36,0.36000000000000004,0.34717292,0.89425987,0.070267335,0.03547282,GOOD,GOOD,
2025-02-21 06:00:00+00:00,0.35,0.35000000000000003,0.37287107,0.9610207,0.0207436,0.018235715,GOOD,GOOD,
2025-02-21 07:00:00+00:00,0.35,0.35000000000000003,0.38236636,0.8664447,0.02496846,0.10858683,GOOD,GOOD,
2025-02-21 08:00:00+00:00,0.365,0.3650000000000001,0.3823468,0.9711951,0.014690625,0.014114245,GOOD,GOOD,
2025-02-21 09:00:00+00:00,0.395,0.3950000000000001,0.39005074,0.957962,0.025729483,0.01630854,GOOD,GOOD,
2025-02-21 10:00:00+00:00,0.38,0.38000000000000006,0.41324514,0.97287697,0.014336485,0.012786525,GOOD,GOOD,
2025-02-21 11:00:00+00:00,0.4,0.40000000000000013,0.41575265,0.9670113,0.018119885,0.014868865,GOOD,GOOD,
2025-02-21 12:00:00+00:00,0.38,0.38000000000000006,0.42444035,0.97289824,0.013756503,0.013345222,GOOD,GOOD,
2025-02-21 13:00:00+00:00,0.36,0.36000000000000004,0.41713542,0.8735291,0.040669423,0.08580149,GOOD,GOOD,
2025-02-21 14:00:00+00:00,0.31,0.31000000000000005,0.3987995,0.91830087,0.053287264,0.028411845,GOOD,GOOD,
2025-02-21 15:00:00+00:00,0.305,0.3050000000000001,0.35976583,0.9625233,0.01842158,0.019055128,GOOD,GOOD,
2025-02-21 16:00:00+00:00,0.31,0.31000000000000005,0.33758837,0.89985394,0.02606781,0.074078254,GOOD,GOOD,
2025-02-21 17:00:00+00:00,0.305,0.3050000000000001,0.33570105,0.8924565,0.026152948,0.08139057,GOOD,GOOD,
2025-02-21 18:00:00+00:00,0.34,0.34000000000000014,0.3356868,0.9626612,0.023826404,0.013512379,GOOD,GOOD,
2025-02-21 19:00:00+00:00,0.305,0.3050000000000001,0.35649255,0.96261585,0.021510456,0.015873676,GOOD,GOOD,
2025-02-21 20:00:00+00:00,0.33,0.3300000000000001,0.34804136,0.97279435,0.015357676,0.011847956,GOOD,GOOD,
2025-02-21 21:00:00+00:00,0.33,0.3300000000000001,0.3530981,0.9319656,0.017209321,0.050825104,GOOD,GOOD,
2025-02-21 22:00:00+00:00,0.345,0.34500000000000003,0.35882175,0.95761144,0.017209101,0.02517945,GOOD,GOOD,
2025-02-21 23:00:00+00:00,0.36,0.36000000000000004,0.3699271,0.906359,0.024930991,0.06870997,GOOD,GOOD,
2025-02-22 00:00:00+00:00,0.38,0.38000000000000006,0.38450694,0.95015323,0.021509195,0.028337585,GOOD,GOOD,
2025-02-22 01:00:00+00:00,0.325,0.32500000000000007,0.4029487,0.9200236,0.0471466,0.032829784,GOOD,GOOD,
2025-02-22 02:00:00+00:00,0.33999999999999997,0.3400000000000001,0.37730244,0.96758145,0.01613369,0.016284874,GOOD,GOOD,
2025-02-22 03:00:00+00:00,0.31,0.31000000000000005,0.36745685,0.9438242,0.030741153,0.025434654,GOOD,GOOD,
2025-02-22 04:00:00+00:00,0.36,0.36000000000000004,0.3498925,0.93757164,0.041297343,0.021130988,GOOD,GOOD,
2025-02-22 05:00:00+00:00,0.33,0.3300000000000001,0.37103757,0.97084296,0.016709093,0.012447979,GOOD,GOOD,
2025-02-22 06:00:00+00:00,0.36,0.36000000000000004,0.36932045,0.9681436,0.018269612,0.013586793,GOOD,GOOD,
2025-02-22 07:00:00+00:00,0.405,0.4050000000000001,0.3810134,0.9416737,0.03988255,0.018443765,GOOD,GOOD,
2025-02-22 08:00:00+00:00,0.48,0.48000000000000004,0.4165125,0.8741636,0.09468152,0.03115484,GOOD,GOOD,
2025-02-22 09:00:00+00:00,0.49,0.4900000000000001,0.48142245,0.9379648,0.038289282,0.023745947,GOOD,GOOD,
2025-02-22 10:00:00+00:00,0.46499999999999997,0.465,0.51691896,0.9670001,0.01823921,0.014760663,GOOD,GOOD,
2025-02-22 11:00:00+00:00,0.445,0.44500000000000006,0.5075526,0.90628374,0.033280216,0.060436025,GOOD,GOOD,
2025-02-22 12:00:00+00:00,0.42,0.42000000000000004,0.4840546,0.9307154,0.029862404,0.03942219,GOOD,GOOD,
2025-02-22 13:00:00+00:00,0.45999999999999996,0.4600000000000001,0.45826393,0.94799113,0.031533655,0.020475188,GOOD,GOOD,
2025-02-22 14:00:00+00:00,0.44,0.4400000000000001,0.4735102,0.9686278,0.017487867,0.013884315,GOOD,GOOD,
2025-02-22 15:00:00+00:00,0.41000000000000003,0.4100000000000001,0.47438386,0.9673532,0.017248701,0.015398051,GOOD,GOOD,
2025-02-22 16:00:00+00:00,0.42000000000000004,0.4200000000000001,0.45229873,0.9769828,0.011457726,0.0115594845,GOOD,GOOD,
2025-02-22 17:00:00+00:00,0.43,0.43000000000000005,0.44619185,0.8789279,0.028786289,0.092285804,GOOD,GOOD,
2025-02-22 18:00:00+00:00,0.38,0.12517629318907258,0.45370102,0.13858771,0.28267574,0.57873654,SUSPECT,SUSPECT,A_spike
2025-02-22 19:00:00+00:00,0.35,0.35000000000000003,0.27812627,0.52458775,0.28184006,0.19357218,GOOD,GOOD,
2025-02-22 20:00:00+00:00,0.375,0.3750000000000001,0.30149177,0.44583583,0.4123407,0.14182347,GOOD,GOOD,
2025-02-22 21:00:00+00:00,0.36,0.36000000000000004,0.37428746,0.9719657,0.014555972,0.013478333,GOOD,GOOD,
2025-02-22 22:00:00+00:00,0.33999999999999997,0.3400000000000001,0.39801738,0.9108078,0.022218583,0.06697364,GOOD,GOOD,
2025-02-22 23:00:00+00:00,0.345,0.34500000000000003,0.38376743,0.9409888,0.014380528,0.044630714,GOOD,GOOD,
2025-02-23 00:00:00+00:00,0.295,0.29500000000000004,0.37510106,0.934096,0.04262656,0.023277482,GOOD,GOOD,
2025-02-23 01:00:00+00:00,0.315,0.31500000000000006,0.34400228,0.9725913,0.015191741,0.012216956,GOOD,GOOD,
2025-02-23 02:00:00+00:00,0.38,0.38000000000000006,0.33893096,0.9147491,0.063397236,0.021853665,GOOD,GOOD,
2025-02-23 03:00:00+00:00,0.39,0.3900000000000001,0.38225636,0.9644119,0.021049302,0.014538802,GOOD,GOOD,
2025-02-23 04:00:00+00:00,0.41,0.41000000000000003,0.4146026,0.9477356,0.019890727,0.032373693,GOOD,GOOD,
2025-02-23 05:00:00+00:00,0.37,0.37000000000000005,0.43562043,0.9671618,0.016824484,0.016013758,GOOD,GOOD,
2025-02-23 06:00:00+00:00,0.33999999999999997,0.3400000000000001,0.41699076,0.9313238,0.0380268,0.030649388,GOOD,GOOD,
2025-02-23 07:00:00+00:00,0.32999999999999996,0.33000000000000007,0.38421103,0.92231977,0.027657839,0.050022405,GOOD,GOOD,
2025-02-23 08:00:00+00:00,0.315,0.31500000000000006,0.36364964,0.8941966,0.029649388,0.07615397,GOOD,GOOD,
2025-02-23 09:00:00+00:00,0.35,0.35000000000000003,0.3493353,0.96393216,0.022206178,0.013861661,GOOD,GOOD,
2025-02-23 10:00:00+00:00,0.34,0.34000000000000014,0.36562362,0.97466993,0.012638581,0.01269148,GOOD,GOOD,
2025-02-23 11:00:00+00:00,0.39,0.3900000000000001,0.37205285,0.9503966,0.03394581,0.015657617,GOOD,GOOD,
2025-02-23 12:00:00+00:00,0.335,0.3350000000000001,0.40209383,0.9569707,0.02597304,0.01705629,GOOD,GOOD,
2025-02-23 13:00:00+00:00,0.37,0.37000000000000005,0.38529128,0.9704725,0.017489748,0.012037711,GOOD,GOOD,
2025-02-23 14:00:00+00:00,0.4,0.40000000000000013,0.39004734,0.93998486,0.033772938,0.026242224,GOOD,GOOD,
2025-02-23 15:00:00+00:00,0.35,0.35000000000000003,0.41595733,0.9683072,0.018589089,0.013103735,GOOD,GOOD,
2025-02-23 16:00:00+00:00,0.38,0.38000000000000006,0.39896902,0.97126937,0.01585435,0.012876305,GOOD,GOOD,
2025-02-23 17:00:00+00:00,0.37,0.37000000000000005,0.40169677,0.9685877,0.012189151,0.019223146,GOOD,GOOD,
2025-02-23 18:00:00+00:00,0.38,0.38000000000000006,0.40169844,0.94336325,0.019670887,0.03696586,GOOD,GOOD,
2025-02-23 19:00:00+00:00,0.42000000000000004,0.4200000000000001,0.4067396,0.95023686,0.032617055,0.017146084,GOOD,GOOD,
2025-02-23 20:00:00+00:00,0.45,0.4500000000000001,0.43438235,0.9376678,0.03803636,0.024295868,GOOD,GOOD,
2025-02-23 21:00:00+00:00,0.45999999999999996,0.4600000000000001,0.46789455,0.93112946,0.030718986,0.038151573,GOOD,GOOD,
2025-02-23 22:00:00+00:00,0.49,0.4900000000000001,0.48715228,0.95336926,0.0288354,0.017795332,GOOD,GOOD,
2025-02-23 23:00:00+00:00,0.48,0.48000000000000004,0.5102959,0.9648045,0.018761603,0.01643391,GOOD,GOOD,
2025-02-24 00:00:00+00:00,0.46499999999999997,0.465,0.5134066,0.9087359,0.02660764,0.06465648,GOOD,GOOD,
2025-02-24 01:00:00+00:00,0.4,0.40000000000000013,0.5012717,0.93039685,0.046796743,0.022806397,GOOD,GOOD,
2025-02-24 02:00:00+00:00,0.425,0.4250000000000001,0.45398456,0.971864,0.015868861,0.0122671835,GOOD,GOOD,
2025-02-24 03:00:00+00:00,0.405,0.4050000000000001,0.4456582,0.9756394,0.012952598,0.01140799,GOOD,GOOD,
2025-02-24 04:00:00+00:00,0.425,0.4250000000000001,0.4383154,0.97199464,0.015031938,0.012973432,GOOD,GOOD,
2025-02-24 05:00:00+00:00,0.345,0.34500000000000003,0.447126,0.8306639,0.11308957,0.056246534,GOOD,GOOD,
2025-02-24 06:00:00+00:00,0.415,0.4150000000000001,0.40445703,0.90271,0.06655354,0.030736445,GOOD,GOOD,
2025-02-24 07:00:00+00:00,0.41500000000000004,0.41500000000000015,0.4205249,0.97286296,0.0145902755,0.012546765,GOOD,GOOD,
2025-02-24 08:00:00+00:00,0.445,0.44500000000000006,0.43967706,0.96546954,0.021922171,0.012608292,GOOD,GOOD,
2025-02-24 09:00:00+00:00,0.44,0.4400000000000001,0.46468222,0.9594336,0.014973109,0.02559326,GOOD,GOOD,
2025-02-24 10:00:00+00:00,0.5,0.5000000000000001,0.47200483,0.94049597,0.041618608,0.017885417,GOOD,GOOD,
2025-02-24 11:00:00+00:00,0.525,0.525,0.50902677,0.952764,0.030623512,0.016612539,GOOD,GOOD,
2025-02-24 12:00:00+00:00,0.48,0.48000000000000004,0.5446049,0.96690136,0.018122887,0.014975762,GOOD,GOOD,
2025-02-24 13:00:00+00:00,0.42000000000000004,0.4200000000000001,0.5275981,0.94383913,0.03758567,0.01857522,GOOD,GOOD,
2025-02-24 14:00:00+00:00,0.42500000000000004,0.42500000000000016,0.47450072,0.9792623,0.010316688,0.010421048,GOOD,GOOD,
2025-02-24 15:00:00+00:00,0.41500000000000004,0.41500000000000015,0.45259216,0.9323172,0.018747382,0.04893542,GOOD,GOOD,
2025-02-24 16:00:00+00:00,0.42000000000000004,0.4200000000000001,0.4447937,0.9188312,0.019276908,0.061891846,GOOD,GOOD,
2025-02-24 17:00:00+00:00,0.445,0.44500000000000006,0.4468392,0.9711011,0.016154818,0.012744097,GOOD,GOOD,
2025-02-24 18:00:00+00:00,0.415,0.4150000000000001,0.4645986,0.9614314,0.019208642,0.019359963,GOOD,GOOD,
2025-02-24 19:00:00+00:00,0.41000000000000003,0.4100000000000001,0.45529193,0.9296429,0.02082369,0.04953341,GOOD,GOOD,
2025-02-24 20:00:00+00:00,0.44999999999999996,0.45000000000000007,0.44320524,0.96210504,0.024595343,0.013299636,GOOD,GOOD,
2025-02-24 21:00:00+00:00,0.445,0.44500000000000006,0.46365768,0.9712728,0.01375086,0.01497634,GOOD,GOOD,
2025-02-24 22:00:00+00:00,0.48,0.48000000000000004,0.4745936,0.9579049,0.02636621,0.015728936,GOOD,GOOD,
2025-02-24 23:00:00+00:00,0.5,0.5000000000000001,0.49804634,0.9396161,0.03159253,0.028791387,GOOD,GOOD,
2025-02-25 00:00:00+00:00,0.54,0.5400000000000001,0.5219296,0.93248814,0.043183092,0.024328783,GOOD,GOOD,
2025-02-25 01:00:00+00:00,0.405,0.4050000000000001,0.55594206,0.73201007,0.17304839,0.09494154,GOOD,GOOD,
2025-02-25 02:00:00+00:00,0.44,0.4400000000000001,0.48452106,0.9714482,0.017552176,0.01099964,GOOD,GOOD,
2025-02-25 03:00:00+00:00,0.475,0.4750000000000001,0.46117714,0.939784,0.036655374,0.023560647,GOOD,GOOD,
2025-02-25 04:00:00+00:00,0.47,0.47000000000000003,0.4855856,0.9669021,0.014932772,0.018165158,GOOD,GOOD,
2025-02-25 05:00:00+00:00,0.45999999999999996,0.4600000000000001,0.49935707,0.8851583,0.02006916,0.09477255,GOOD,GOOD,
2025-02-25 06:00:00+00:00,0.395,0.3950000000000001,0.49487212,0.9089961,0.05796129,0.033042576,GOOD,GOOD,
2025-02-25 07:00:00+00:00,0.4,0.40000000000000013,0.44966254,0.9719831,0.014101912,0.013915038,GOOD,GOOD,
2025-02-25 08:00:00+00:00,0.43,0.43000000000000005,0.42868486,0.9724282,0.017665127,0.009906669,GOOD,GOOD,
2025-02-25 09:00:00+00:00,0.49,0.4900000000000001,0.44485733,0.92197573,0.05878011,0.019244125,GOOD,GOOD,
2025-02-25 10:00:00+00:00,0.5,0.5000000000000001,0.49525243,0.9575369,0.024295043,0.018168082,GOOD,GOOD,
2025-02-25 11:00:00+00:00,0.46499999999999997,0.465,0.5257633,0.9731362,0.013541759,0.01332208,GOOD,GOOD,
2025-02-25 12:00:00+00:00,0.56,0.5600000000000002,0.5100448,0.88256186,0.08417878,0.033259347,GOOD,GOOD,
2025-02-25 13:00:00+00:00,0.43,0.43000000000000005,0.5569984,0.77847135,0.13905506,0.08247358,GOOD,GOOD,
2025-02-25 14:00:00+00:00,0.45999999999999996,0.4600000000000001,0.5035771,0.97529334,0.0150743015,0.0096323425,GOOD,GOOD,
2025-02-25 15:00:00+00:00,0.455,0.02,0.48385292,0.086713076,0.17152633,0.7417606,BAD,BAD,F_burst_noise
2025-02-25 16:00:00+00:00,0.49,0.02,0.22717626,0.1005103,0.5323287,0.36716098,BAD,SUSPECT,F_burst_noise
2025-02-25 17:00:00+00:00,0.53,1.2583951286560862,0.07575798,0.036495984,0.08550823,0.8779958,BAD,BAD,F_burst_noise
2025-02-25 18:00:00+00:00,0.485,1.1088928823588717,0.82987237,0.15576053,0.5407677,0.30347174,BAD,SUSPECT,F_burst_noise
2025-02-25 19:00:00+00:00,0.505,0.02,1.1918054,0.006754875,0.013143737,0.9801014,BAD,BAD,F_burst_noise
2025-02-25 20:00:00+00:00,0.49,0.02,0.47686344,0.0024011135,0.47979042,0.51780844,BAD,SUSPECT,F_burst_noise
2025-02-25 21:00:00+00:00,0.58,0.764681980629256,0.10713413,0.08862203,0.13988268,0.7714953,BAD,BAD,F_burst_noise
2025-02-25 22:00:00+00:00,0.625,0.32683596870290826,0.45759764,0.4783479,0.17900291,0.3426492,BAD,GOOD,F_burst_noise
2025-02-25 23:00:00+00:00,0.54,0.02,0.47702953,0.038900077,0.3724123,0.58868766,BAD,SUSPECT,F_burst_noise
2025-02-26 00:00:00+00:00,0.565,0.403280142648986,0.22267419,0.31745702,0.48378295,0.19876002,BAD,SUSPECT,F_burst_noise
2025-02-26 01:00:00+00:00,0.49,0.9371461451233097,0.29097727,0.069674015,0.43491074,0.49541524,BAD,SUSPECT,F_burst_noise
2025-02-26 02:00:00+00:00,0.49,0.5674590216641549,0.7549027,0.44344687,0.21482232,0.3417308,BAD,GOOD,F_burst_noise
2025-02-26 03:00:00+00:00,0.41000000000000003,0.4100000000000001,0.7250058,0.055464268,0.6311486,0.31338716,GOOD,SUSPECT,
2025-02-26 04:00:00+00:00,0.435,0.4350000000000001,0.5258491,0.9294367,0.050587837,0.019975496,GOOD,GOOD,
2025-02-26 05:00:00+00:00,0.44,0.4400000000000001,0.4523784,0.89889544,0.021401754,0.07970281,GOOD,GOOD,
2025-02-26 06:00:00+00:00,0.47,0.47000000000000003,0.45421797,0.94456667,0.022060882,0.033372473,GOOD,GOOD,
2025-02-26 07:00:00+00:00,0.48,0.48000000000000004,0.48546258,0.94932395,0.015877953,0.03479807,GOOD,GOOD,
2025-02-26 08:00:00+00:00,0.435,0.4350000000000001,0.5066513,0.9758975,0.016567284,0.0075352066,GOOD,GOOD,
2025-02-26 09:00:00+00:00,0.485,0.5073728404394463,0.48315996,0.9622799,0.027444981,0.010275098,SUSPECT,GOOD,D_drift
2025-02-26 10:00:00+00:00,0.565,0.6097456808788924,0.5118549,0.78896064,0.17076856,0.040270805,SUSPECT,GOOD,D_drift
2025-02-26 11:00:00+00:00,0.61,0.6771185213183386,0.599326,0.7046591,0.24394411,0.05139679,SUSPECT,GOOD,D_drift
2025-02-26 12:00:00+00:00,0.6699999999999999,0.7594913617577848,0.684037,0.8135083,0.15837614,0.02811562,SUSPECT,GOOD,D_drift
2025-02-26 13:00:00+00:00,0.5700000000000001,0.6818642021972311,0.765953,0.9596994,0.02409073,0.016209867,SUSPECT,GOOD,D_drift
2025-02-26 14:00:00+00:00,0.46,0.5942370426366774,0.73778474,0.9251691,0.05042078,0.024410103,SUSPECT,GOOD,D_drift
2025-02-26 15:00:00+00:00,0.405,0.5616098830761236,0.6540771,0.930236,0.0426563,0.027107717,SUSPECT,GOOD,D_drift
2025-02-26 16:00:00+00:00,0.43999999999999995,0.6189827235155696,0.59851456,0.9637059,0.027795114,0.008498964,SUSPECT,GOOD,D_drift
2025-02-26 17:00:00+00:00,0.41500000000000004,0.616355563955016,0.62249434,0.9368834,0.019696763,0.043419868,SUSPECT,GOOD,D_drift
2025-02-26 18:00:00+00:00,0.43,0.6537284043944621,0.6416841,0.9695778,0.020996617,0.009425608,SUSPECT,GOOD,D_drift
2025-02-26 19:00:00+00:00,0.44999999999999996,0.6961012448339082,0.6702866,0.94738317,0.03879661,0.01382021,SUSPECT,GOOD,D_drift
2025-02-26 20:00:00+00:00,0.43,0.6984740852733546,0.7095106,0.9314299,0.021566652,0.047003448,SUSPECT,GOOD,D_drift
2025-02-26 21:00:00+00:00,0.455,0.7458469257128008,0.7252401,0.9591025,0.03127069,0.009626771,SUSPECT,GOOD,D_drift
2025-02-26 22:00:00+00:00,0.535,0.8482197661522471,0.7586279,0.81854004,0.15395756,0.02750242,SUSPECT,GOOD,D_drift
2025-02-26 23:00:00+00:00,0.54,0.8755926065916932,0.84343255,0.8784742,0.092602186,0.028923625,SUSPECT,GOOD,D_drift
2025-02-27 00:00:00+00:00,0.53,0.8879654470311394,0.8952814,0.9247731,0.026445914,0.048780967,SUSPECT,GOOD,D_drift
2025-02-27 01:00:00+00:00,0.5549999999999999,0.9353382874705856,0.9130319,0.94357336,0.04294024,0.013486375,SUSPECT,GOOD,D_drift
2025-02-27 02:00:00+00:00,0.475,0.8777111279100319,0.9476445,0.9506428,0.031462595,0.0178946,SUSPECT,GOOD,D_drift
2025-02-27 03:00:00+00:00,0.435,0.8600839683494781,0.918012,0.9663135,0.02022738,0.013459165,SUSPECT,GOOD,D_drift
2025-02-27 04:00:00+00:00,0.4,0.8474568087889243,0.88897705,0.8693131,0.034761943,0.09592491,SUSPECT,GOOD,D_drift
2025-02-27 05:00:00+00:00,0.44,0.9098296492283704,0.8724957,0.94112945,0.04792582,0.010944735,SUSPECT,GOOD,D_drift
2025-02-27 06:00:00+00:00,0.48,0.9722024896678166,0.9137481,0.7851865,0.17974453,0.035068978,SUSPECT,GOOD,D_drift
2025-02-27 07:00:00+00:00,0.495,1.009575330107263,0.9776247,0.87773144,0.0973734,0.024895182,SUSPECT,GOOD,D_drift
2025-02-27 08:00:00+00:00,0.5,1.0369481705467092,1.0237855,0.89146626,0.075472236,0.033061475,SUSPECT,GOOD,D_drift
2025-02-27 09:00:00+00:00,0.505,0.505,1.0529157,0.12755346,0.1395521,0.7328944,GOOD,BAD,
2025-02-27 10:00:00+00:00,0.565,0.5650000000000001,0.6929059,0.695323,0.21318781,0.09148916,GOOD,GOOD,
2025-02-27 11:00:00+00:00,0.54,0.02,0.57432437,0.062677145,0.13071254,0.80661035,BAD,BAD,G_missing_sentinel
2025-02-27 12:00:00+00:00,0.56,0.5600000000000002,0.24959184,0.29969442,0.23861688,0.4616887,GOOD,GOOD,
2025-02-27 13:00:00+00:00,0.53,0.53,0.38983816,0.12872541,0.6439051,0.22736949,GOOD,SUSPECT,
2025-02-27 14:00:00+00:00,0.445,0.44500000000000006,0.5334802,0.9268794,0.051214516,0.021906102,GOOD,GOOD,
2025-02-27 15:00:00+00:00,0.435,0.4350000000000001,0.51789385,0.92101246,0.036891438,0.042096086,GOOD,GOOD,
2025-02-27 16:00:00+00:00,0.42,0.42000000000000004,0.47724012,0.93415016,0.019322043,0.046527773,GOOD,GOOD,
2025-02-27 17:00:00+00:00,0.41500000000000004,0.41500000000000015,0.45236254,0.88649714,0.031121347,0.082381524,GOOD,GOOD,
2025-02-27 18:00:00+00:00,0.46499999999999997,0.465,0.4441029,0.9610667,0.025763026,0.01317025,GOOD,GOOD,
2025-02-27 19:00:00+00:00,0.475,0.4750000000000001,0.47517905,0.97352815,0.013698959,0.012772924,GOOD,GOOD,
2025-02-27 20:00:00+00:00,0.485,0.4850000000000001,0.5003531,0.9015536,0.01999552,0.078450896,GOOD,GOOD,
2025-02-27 21:00:00+00:00,0.48,0.48000000000000004,0.5136867,0.9127953,0.015785623,0.07141907,GOOD,GOOD,
2025-02-27 22:00:00+00:00,0.51,0.51,0.5131608,0.9756913,0.013611383,0.010697326,GOOD,GOOD,
2025-02-27 23:00:00+00:00,0.5700000000000001,0.5700000000000001,0.52958834,0.9413934,0.046797786,0.01180884,GOOD,GOOD,
2025-02-28 00:00:00+00:00,0.565,0.5650000000000001,0.5774223,0.97583324,0.012765858,0.01140088,GOOD,GOOD,
2025-02-28 01:00:00+00:00,0.575,0.575,0.59601194,0.9406488,0.015958203,0.043392997,GOOD,GOOD,
2025-02-28 02:00:00+00:00,0.53,0.53,0.6028975,0.96570903,0.01862359,0.015667375,GOOD,GOOD,
2025-02-28 03:00:00+00:00,0.42,0.42000000000000004,0.5745303,0.78205,0.15886877,0.059081253,GOOD,GOOD,
2025-02-28 04:00:00+00:00,0.385,0.38500000000000006,0.48937207,0.86580276,0.0904864,0.04371086,GOOD,GOOD,
2025-02-28 05:00:00+00:00,0.42,0.42000000000000004,0.42758724,0.9707628,0.01724233,0.011994867,GOOD,GOOD,
2025-02-28 06:00:00+00:00,0.435,0.4350000000000001,0.4310391,0.9441417,0.025138114,0.030720212,GOOD,GOOD,
2025-02-28 07:00:00+00:00,0.5,0.5000000000000001,0.45367783,0.93729013,0.0478383,0.014871558,GOOD,GOOD,
2025-02-28 08:00:00+00:00,0.49,0.02,0.50503016,0.099740684,0.15930592,0.7409534,BAD,BAD,G_missing_sentinel
2025-02-28 09:00:00+00:00,0.45499999999999996,0.455,0.2460486,0.2935711,0.3050754,0.40135348,GOOD,SUSPECT,
2025-02-28 10:00:00+00:00,0.46499999999999997,0.465,0.3313278,0.10534531,0.6559067,0.23874798,GOOD,SUSPECT,
2025-02-28 11:00:00+00:00,0.5,0.5000000000000001,0.45789608,0.86471254,0.10038996,0.034897506,GOOD,GOOD,
2025-02-28 12:00:00+00:00,0.51,0.51,0.5250385,0.95861226,0.015378715,0.026009016,GOOD,GOOD,
2025-02-28 13:00:00+00:00,0.525,0.525,0.54325646,0.94604844,0.016953254,0.036998335,GOOD,GOOD,
2025-02-28 14:00:00+00:00,0.565,0.5650000000000001,0.5519762,0.95880723,0.028391315,0.012801436,GOOD,GOOD,
2025-02-28 15:00:00+00:00,0.49,0.4900000000000001,0.5804813,0.947201,0.033099696,0.019699285,GOOD,GOOD,
2025-02-28 16:00:00+00:00,0.47,0.47000000000000003,0.5459662,0.9650254,0.018433057,0.016541492,GOOD,GOOD,
2025-02-28 17:00:00+00:00,0.435,0.4350000000000001,0.5096631,0.96592885,0.02022029,0.013850869,GOOD,GOOD,
2025-02-28 18:00:00+00:00,0.445,0.44500000000000006,0.475376,0.9783747,0.010825017,0.010800283,GOOD,GOOD,
2025-02-28 19:00:00+00:00,0.51,0.51,0.4692323,0.93792737,0.046257574,0.015815033,GOOD,GOOD,
2025-02-28 20:00:00+00:00,0.56,0.5600000000000002,0.5129976,0.90192294,0.07700025,0.021076808,GOOD,GOOD,
2025-02-28 21:00:00+00:00,0.55,0.55,0.56963474,0.96804714,0.017151877,0.014800997,GOOD,GOOD,
2025-02-28 22:00:00+00:00,0.545,0.545,0.58412087,0.8079346,0.025184289,0.16688114,GOOD,GOOD,
2025-02-28 23:00:00+00:00,0.56,0.5600000000000002,0.5781914,0.95623827,0.016679656,0.027082082,GOOD,GOOD,
2025-03-01 00:00:00+00:00,0.565,0.5650000000000001,0.5832353,0.84611,0.028495327,0.12539469,GOOD,GOOD,
2025-03-01 01:00:00+00:00,0.52,0.52,0.59068984,0.9594516,0.021955546,0.018592846,GOOD,GOOD,
2025-03-01 02:00:00+00:00,0.51,0.51,0.564504,0.93845874,0.017665498,0.043875743,GOOD,GOOD,
2025-03-01 03:00:00+00:00,0.45,0.4500000000000001,0.54310995,0.9188176,0.050722774,0.030459631,GOOD,GOOD,
2025-03-01 04:00:00+00:00,0.44499999999999995,0.445,0.49909133,0.9547999,0.020328123,0.024871994,GOOD,GOOD,
2025-03-01 05:00:00+00:00,0.45,0.4500000000000001,0.47582504,0.8613602,0.032092463,0.10654736,GOOD,GOOD,
2025-03-01 06:00:00+00:00,0.45,0.4500000000000001,0.4745796,0.7504567,0.037335526,0.2122078,GOOD,GOOD,
2025-03-01 07:00:00+00:00,0.475,0.4750000000000001,0.47775757,0.96572274,0.0174943,0.01678294,GOOD,GOOD,
2025-03-01 08:00:00+00:00,0.445,0.44500000000000006,0.4949148,0.9404336,0.02680195,0.032764424,GOOD,GOOD,
2025-03-01 09:00:00+00:00,0.505,0.505,0.4849704,0.9434407,0.04004287,0.016516423,GOOD,GOOD,
2025-03-01 10:00:00+00:00,0.44,0.4400000000000001,0.5137653,0.94211143,0.03493179,0.022956789,GOOD,GOOD,
2025-03-01 11:00:00+00:00,0.52,0.52,0.4912676,0.9113628,0.06456946,0.02406772,GOOD,GOOD,
2025-03-01 12:00:00+00:00,0.565,0.5650000000000001,0.5232273,0.9271251,0.05424881,0.018626096,GOOD,GOOD,
2025-03-01 13:00:00+00:00,0.55,0.55,0.57515794,0.97403497,0.012763551,0.013201465,GOOD,GOOD,
2025-03-01 14:00:00+00:00,0.545,0.545,0.585986,0.81801283,0.022293568,0.15969358,GOOD,GOOD,
2025-03-01 15:00:00+00:00,0.54,0.5400000000000001,0.5787685,0.7339142,0.027027987,0.23905781,GOOD,GOOD,
2025-03-01 16:00:00+00:00,0.45,0.4500000000000001,0.57069266,0.8667428,0.09282652,0.0404307,GOOD,GOOD,
2025-03-01 17:00:00+00:00,0.445,0.44500000000000006,0.51088625,0.94592595,0.027149454,0.026924625,GOOD,GOOD,
2025-03-01 18:00:00+00:00,0.415,0.4150000000000001,0.47716057,0.9625298,0.021238387,0.016231861,GOOD,GOOD,
2025-03-01 19:00:00+00:00,0.5,0.5000000000000001,0.4517647,0.8962114,0.07857724,0.025211398,GOOD,GOOD,
2025-03-01 20:00:00+00:00,0.49,0.4900000000000001,0.49634668,0.9676921,0.016851824,0.01545612,GOOD,GOOD,
2025-03-01 21:00:00+00:00,0.515,0.515,0.5194678,0.9741062,0.013671778,0.012222026,GOOD,GOOD,
2025-03-01 22:00:00+00:00,0.51,0.51,0.53799456,0.94417924,0.015606766,0.04021399,GOOD,GOOD,
2025-03-01 23:00:00+00:00,0.5449999999999999,0.5449999999999999,0.54112625,0.9703202,0.018730722,0.010949061,GOOD,GOOD,
2025-03-02 00:00:00+00:00,0.605,0.605,0.56211114,0.93567693,0.04791197,0.016411101,GOOD,GOOD,
2025-03-02 01:00:00+00:00,0.57,0.57,0.61221457,0.97116035,0.015332839,0.013506834,GOOD,GOOD,
2025-03-02 02:00:00+00:00,0.515,0.515,0.6112688,0.955601,0.026560973,0.01783807,GOOD,GOOD,
2025-03-02 03:00:00+00:00,0.525,0.525,0.5661564,0.97941715,0.009839689,0.010743182,GOOD,GOOD,
2025-03-02 04:00:00+00:00,0.43,0.43000000000000005,0.55024076,0.83848345,0.11199015,0.049526412,GOOD,GOOD,
2025-03-02 05:00:00+00:00,0.42000000000000004,0.4200000000000001,0.49056685,0.9402132,0.031562164,0.028224649,GOOD,GOOD,
2025-03-02 06:00:00+00:00,0.425,0.4250000000000001,0.4542555,0.90314454,0.026963465,0.06989198,GOOD,GOOD,
2025-03-02 07:00:00+00:00,0.42,0.42000000000000004,0.44884816,0.8724338,0.029321348,0.09824488,GOOD,GOOD,
2025-03-02 08:00:00+00:00,0.425,0.4250000000000001,0.44899473,0.8581861,0.030981326,0.110832535,GOOD,GOOD,
2025-03-02 09:00:00+00:00,0.41000000000000003,0.4100000000000001,0.45241925,0.94929063,0.019489845,0.03121951,GOOD,GOOD,
2025-03-02 10:00:00+00:00,0.47,0.47000000000000003,0.44495252,0.9392289,0.04362676,0.01714437,GOOD,GOOD,
2025-03-02 11:00:00+00:00,0.44499999999999995,0.445,0.47736588,0.9703074,0.015826236,0.013866355,GOOD,GOOD,
2025-03-02 12:00:00+00:00,0.515,0.515,0.48183784,0.9355899,0.046641633,0.017768472,GOOD,GOOD,
2025-03-02 13:00:00+00:00,0.53,0.53,0.5214626,0.96705824,0.019466069,0.013475697,GOOD,GOOD,
2025-03-02 14:00:00+00:00,0.51,0.51,0.552787,0.9761693,0.010450136,0.013380572,GOOD,GOOD,
2025-03-02 15:00:00+00:00,0.52,0.52,0.54874176,0.95723915,0.013506436,0.029254438,GOOD,GOOD,
2025-03-02 16:00:00+00:00,0.49,0.4900000000000001,0.5475436,0.97469896,0.012791286,0.012509744,GOOD,GOOD,
2025-03-02 17:00:00+00:00,0.435,0.4350000000000001,0.5292237,0.93425703,0.04355301,0.022189977,GOOD,GOOD,
2025-03-02 18:00:00+00:00,0.44,0.4400000000000001,0.48494035,0.9731562,0.013125416,0.013718342,GOOD,GOOD,
2025-03-02 19:00:00+00:00,0.45999999999999996,0.4600000000000001,0.4674129,0.96743846,0.016118107,0.016443437,GOOD,GOOD,
2025-03-02 20:00:00+00:00,0.5,0.5000000000000001,0.47884285,0.96120197,0.02758623,0.011211824,GOOD,GOOD,
2025-03-02 21:00:00+00:00,0.515,0.515,0.51308286,0.956956,0.021256989,0.021786964,GOOD,GOOD,
2025-03-02 22:00:00+00:00,0.49,0.4900000000000001,0.53858596,0.9784498,0.010685049,0.010865124,GOOD,GOOD,
2025-03-02 23:00:00+00:00,0.505,0.505,0.52963096,0.97844356,0.0110325515,0.010523911,GOOD,GOOD,
2025-03-03 00:00:00+00:00,0.58,0.58,0.5299832,0.917253,0.06207108,0.020675873,GOOD,GOOD,
2025-03-03 01:00:00+00:00,0.63,0.63,0.58093154,0.89526004,0.076858744,0.027881242,GOOD,GOOD,
2025-03-03 02:00:00+00:00,0.6,0.6,0.6406281,0.9637366,0.01977224,0.016491147,GOOD,GOOD,
2025-03-03 03:00:00+00:00,0.575,0.575,0.6412461,0.92393184,0.026242405,0.049825735,GOOD,GOOD,
2025-03-03 04:00:00+00:00,0.605,0.605,0.614984,0.9669706,0.01869448,0.014334922,GOOD,GOOD,
2025-03-03 05:00:00+00:00,0.485,0.4850000000000001,0.62231183,0.80177546,0.13594173,0.062282793,GOOD,GOOD,
2025-03-03 06:00:00+00:00,0.425,0.4250000000000001,0.5534828,0.78458434,0.15434831,0.06106732,GOOD,GOOD,
2025-03-03 07:00:00+00:00,0.435,0.4350000000000001,0.4784308,0.9729492,0.014346833,0.012703933,GOOD,GOOD,
2025-03-03 08:00:00+00:00,0.435,0.4350000000000001,0.45717376,0.8353914,0.031022042,0.13358659,GOOD,GOOD,
2025-03-03 09:00:00+00:00,0.47,0.47000000000000003,0.45928356,0.9645298,0.0239648,0.011505381,GOOD,GOOD,
2025-03-03 10:00:00+00:00,0.46499999999999997,0.465,0.48504776,0.9592766,0.015552329,0.025171062,GOOD,GOOD,
2025-03-03 11:00:00+00:00,0.485,0.4850000000000001,0.49533683,0.97346485,0.013791029,0.012744095,GOOD,GOOD,
2025-03-03 12:00:00+00:00,0.42,0.42000000000000004,0.50828886,0.91947746,0.050372884,0.030149633,GOOD,GOOD,
2025-03-03 13:00:00+00:00,0.53,0.53,0.47335893,0.8241936,0.12948284,0.046323538,GOOD,GOOD,
2025-03-03 14:00:00+00:00,0.5700000000000001,0.5700000000000001,0.5208434,0.8691819,0.095477745,0.0353404,GOOD,GOOD,
2025-03-03 15:00:00+00:00,0.53,0.53,0.58077246,0.97293234,0.013772909,0.013294767,GOOD,GOOD,
2025-03-03 16:00:00+00:00,0.505,0.505,0.5761633,0.9435552,0.01868535,0.03775945,GOOD,GOOD,
2025-03-03 17:00:00+00:00,0.44499999999999995,0.445,0.5469403,0.93400514,0.042750217,0.023244653,GOOD,GOOD,
2025-03-03 18:00:00+00:00,0.46,0.46000000000000013,0.49572888,0.9779279,0.012375367,0.009696684,GOOD,GOOD,
2025-03-03 19:00:00+00:00,0.455,0.45500000000000007,0.4830468,0.9107065,0.023745984,0.06554751,GOOD,GOOD,
2025-03-03 20:00:00+00:00,0.495,0.4950000000000001,0.48273447,0.96436346,0.024386331,0.011250226,GOOD,GOOD,
2025-03-03 21:00:00+00:00,0.52,0.52,0.5091429,0.9459562,0.029904585,0.024139224,GOOD,GOOD,
2025-03-03 22:00:00+00:00,0.5,0.5000000000000001,0.53925586,0.97886044,0.010265567,0.010873993,GOOD,GOOD,
2025-03-03 23:00:00+00:00,0.5,0.5000000000000001,0.53725654,0.8564923,0.01879667,0.12471105,GOOD,GOOD,
2025-03-04 00:00:00+00:00,0.49,0.4900000000000001,0.53068805,0.8790419,0.023314534,0.09764356,GOOD,GOOD,
2025-03-04 01:00:00+00:00,0.545,0.545,0.52192616,0.9509486,0.034883317,0.0141681,GOOD,GOOD,
2025-03-04 02:00:00+00:00,0.605,0.605,0.5536843,0.8957416,0.07658576,0.027672686,GOOD,GOOD,
2025-03-04 03:00:00+00:00,0.6,0.6,0.611445,0.96368104,0.018903432,0.01741552,GOOD,GOOD,
2025-03-04 04:00:00+00:00,0.595,0.595,0.6316187,0.7749182,0.031558987,0.19352284,GOOD,GOOD,
2025-03-04 05:00:00+00:00,0.505,0.505,0.6280835,0.899291,0.06955976,0.031149257,GOOD,GOOD,
2025-03-04 06:00:00+00:00,0.505,0.505,0.5654384,0.9590931,0.020399198,0.02050769,GOOD,GOOD,
2025-03-04 07:00:00+00:00,0.46,0.46000000000000013,0.5342006,0.9550622,0.028516652,0.016421141,GOOD,GOOD,
2025-03-04 08:00:00+00:00,0.485,0.4850000000000001,0.5011724,0.97120696,0.01608664,0.012706408,GOOD,GOOD,
2025-03-04 09:00:00+00:00,0.535,0.535,0.5039123,0.9520537,0.03525178,0.01269449,GOOD,GOOD,
2025-03-04 10:00:00+00:00,0.54,0.5400000000000001,0.54322666,0.96288735,0.01726816,0.019844478,GOOD,GOOD,
2025-03-04 11:00:00+00:00,0.485,0.4850000000000001,0.566337,0.95410174,0.026573122,0.019325145,GOOD,GOOD,
2025-03-04 12:00:00+00:00,0.5025,0.5025000000000001,0.5356514,0.97824174,0.011167356,0.01059088,GOOD,GOOD,
2025-03-04 13:00:00+00:00,0.52,0.52,0.5267172,0.9135186,0.025206821,0.06127458,GOOD,GOOD,
2025-03-04 14:00:00+00:00,0.565,0.5650000000000001,0.53982365,0.95288485,0.032776106,0.014339057,GOOD,GOOD,
2025-03-04 15:00:00+00:00,0.55,0.55,0.5771136,0.970797,0.014524421,0.014678579,GOOD,GOOD,
2025-03-04 16:00:00+00:00,0.585,0.5850000000000001,0.58430606,0.9585158,0.025466077,0.016018085,GOOD,GOOD,
2025-03-04 17:00:00+00:00,0.53,0.53,0.60369825,0.96378726,0.020451497,0.015761226,GOOD,GOOD,
2025-03-04 18:00:00+00:00,0.5,0.5000000000000001,0.57745224,0.9671586,0.01809284,0.014748522,GOOD,GOOD,
2025-03-04 19:00:00+00:00,0.5449999999999999,0.5449999999999999,0.54116154,0.9650341,0.023297098,0.011668802,GOOD,GOOD,
2025-03-04 20:00:00+00:00,0.495,0.4950000000000001,0.5561507,0.97081906,0.017237168,0.011943795,GOOD,GOOD,
2025-03-04 21:00:00+00:00,0.52,0.52,0.5387906,0.97779155,0.011913554,0.01029491,GOOD,GOOD,
2025-03-04 22:00:00+00:00,0.52,0.52,0.54167604,0.8838813,0.0187692,0.097349524,GOOD,GOOD,
2025-03-04 23:00:00+00:00,0.5800000000000001,0.5800000000000001,0.54691744,0.9454266,0.040117234,0.014456177,GOOD,GOOD,
2025-03-05 00:00:00+00:00,0.525,0.525,0.5874592,0.97142047,0.016189959,0.012389578,GOOD,GOOD,
2025-03-05 01:00:00+00:00,0.605,0.605,0.57225376,0.9296003,0.050232932,0.020166745,GOOD,GOOD,
2025-03-05 02:00:00+00:00,0.635,0.6350000000000001,0.60838306,0.94412994,0.03764704,0.018223008,GOOD,GOOD,
2025-03-05 03:00:00+00:00,0.6,0.6,0.6507546,0.967517,0.017465344,0.015017611,GOOD,GOOD,
2025-03-05 04:00:00+00:00,0.62,0.62,0.6418473,0.9650343,0.018467603,0.016498078,GOOD,GOOD,
2025-03-05 05:00:00+00:00,0.58,0.58,0.643394,0.96229273,0.020934107,0.016773159,GOOD,GOOD,
2025-03-05 06:00:00+00:00,0.55,0.55,0.6203123,0.9396611,0.028091554,0.032247372,GOOD,GOOD,
2025-03-05 07:00:00+00:00,0.47,0.47000000000000003,0.5888301,0.8854908,0.082881995,0.031627215,GOOD,GOOD,
2025-03-05 08:00:00+00:00,0.49,0.4900000000000001,0.525966,0.9719344,0.014876282,0.01318936,GOOD,GOOD,
2025-03-05 09:00:00+00:00,0.51,0.51,0.5108043,0.9349571,0.02457213,0.040470775,GOOD,GOOD,
2025-03-05 10:00:00+00:00,0.52,0.52,0.5270871,0.8911283,0.028082632,0.080789044,GOOD,GOOD,
2025-03-05 11:00:00+00:00,0.495,0.4950000000000001,0.5439949,0.95630234,0.020069888,0.023627782,GOOD,GOOD,
2025-03-05 12:00:00+00:00,0.49,0.4900000000000001,0.5335059,0.80969346,0.03670447,0.15360206,GOOD,GOOD,
2025-03-05 13:00:00+00:00,0.53,0.53,0.5217154,0.9700449,0.020417854,0.0095372405,GOOD,GOOD,
2025-03-05 14:00:00+00:00,0.48,0.48000000000000004,0.54337656,0.9678623,0.017943555,0.014194114,GOOD,GOOD,
2025-03-05 15:00:00+00:00,0.51,0.51,0.5255553,0.9750358,0.013428999,0.011535202,GOOD,GOOD,
2025-03-05 16:00:00+00:00,0.515,0.515,0.5304189,0.9185997,0.017349299,0.06405099,GOOD,GOOD,
2025-03-05 17:00:00+00:00,0.485,0.4850000000000001,0.54034877,0.96956134,0.014676136,0.015762534,GOOD,GOOD,
2025-03-05 18:00:00+00:00,0.48,0.48000000000000004,0.5252743,0.89094037,0.022270445,0.086789206,GOOD,GOOD,
2025-03-05 19:00:00+00:00,0.46499999999999997,0.465,0.5120789,0.9070205,0.026541239,0.06643825,GOOD,GOOD,
2025-03-05 20:00:00+00:00,0.45,0.4500000000000001,0.49870166,0.8521646,0.036879856,0.110955484,GOOD,GOOD,
2025-03-05 21:00:00+00:00,0.49,0.4900000000000001,0.4843267,0.965392,0.022747882,0.011860129,GOOD,GOOD,
2025-03-05 22:00:00+00:00,0.495,0.4950000000000001,0.5039618,0.95189667,0.016832853,0.03127051,GOOD,GOOD,
2025-03-05 23:00:00+00:00,0.51,0.51,0.52064365,0.9311569,0.019330341,0.049512785,GOOD,GOOD,
2025-03-06 00:00:00+00:00,0.42500000000000004,0.42500000000000016,0.53483635,0.82390314,0.11730546,0.05879141,GOOD,GOOD,
2025-03-06 01:00:00+00:00,0.47,0.47000000000000003,0.48602363,0.952935,0.028174542,0.018890489,GOOD,GOOD,
2025-03-06 02:00:00+00:00,0.46499999999999997,0.465,0.4849345,0.97182524,0.013714113,0.014460663,GOOD,GOOD,
2025-03-06 03:00:00+00:00,0.51,0.51,0.49170944,0.9576572,0.029414121,0.0129286805,GOOD,GOOD,
2025-03-06 04:00:00+00:00,0.47,0.47000000000000003,0.5230591,0.97093606,0.015574934,0.013489035,GOOD,GOOD,
2025-03-06 05:00:00+00:00,0.5,0.5000000000000001,0.5133616,0.9701412,0.015839307,0.01401955,GOOD,GOOD,
2025-03-06 06:00:00+00:00,0.49,0.4900000000000001,0.5207625,0.9735145,0.011382246,0.015103245,GOOD,GOOD,
2025-03-06 07:00:00+00:00,0.45499999999999996,0.455,0.52114177,0.96069986,0.021552728,0.017747404,GOOD,GOOD,
2025-03-06 08:00:00+00:00,0.445,0.44500000000000006,0.4975954,0.95834494,0.017747594,0.0239075,GOOD,GOOD,
2025-03-06 09:00:00+00:00,0.455,0.45500000000000007,0.4785615,0.96358246,0.015478293,0.020939242,GOOD,GOOD,
2025-03-06 10:00:00+00:00,0.47,0.47000000000000003,0.47914138,0.9231902,0.023929492,0.05288031,GOOD,GOOD,
2025-03-06 11:00:00+00:00,0.55,0.55,0.49233812,0.89393836,0.07877532,0.027286323,GOOD,GOOD,
2025-03-06 12:00:00+00:00,0.485,0.4850000000000001,0.5500309,0.95946836,0.023663698,0.016867949,GOOD,GOOD,
2025-03-06 13:00:00+00:00,0.45999999999999996,0.4600000000000001,0.53692806,0.96204,0.019654384,0.018305594,GOOD,GOOD,
2025-03-06 14:00:00+00:00,0.495,0.4950000000000001,0.50284857,0.97313064,0.015456058,0.011413271,GOOD,GOOD,
2025-03-06 15:00:00+00:00,0.56,0.5600000000000002,0.51028264,0.92137486,0.056875687,0.021749478,GOOD,GOOD,
2025-03-06 16:00:00+00:00,0.525,0.525,0.56284606,0.9641468,0.019954525,0.01589869,GOOD,GOOD,
2025-03-06 17:00:00+00:00,0.54,0.5400000000000001,0.56612986,0.96427834,0.01871917,0.017002491,GOOD,GOOD,
2025-03-06 18:00:00+00:00,0.56,0.5600000000000002,0.56712574,0.9403138,0.02763139,0.032054786,GOOD,GOOD,
2025-03-06 19:00:00+00:00,0.55,0.55,0.5809722,0.9611164,0.017237417,0.021646198,GOOD,GOOD,
2025-03-06 20:00:00+00:00,0.56,0.5600000000000002,0.58164775,0.9452772,0.021591319,0.03313144,GOOD,GOOD,
2025-03-06 21:00:00+00:00,0.54,0.5400000000000001,0.58578444,0.9657828,0.017015634,0.017201556,GOOD,GOOD,
2025-03-06 22:00:00+00:00,0.495,0.4950000000000001,0.5751167,0.9481928,0.030792067,0.021015132,GOOD,GOOD,
2025-03-06 23:00:00+00:00,0.5,0.5000000000000001,0.53998744,0.9680262,0.014024337,0.017949462,GOOD,GOOD,
2025-03-07 00:00:00+00:00,0.495,0.4950000000000001,0.5266931,0.81618094,0.029707966,0.1541111,GOOD,GOOD,
2025-03-07 01:00:00+00:00,0.53,0.53,0.523119,0.96761805,0.02123185,0.011150074,GOOD,GOOD,
2025-03-07 02:00:00+00:00,0.525,0.525,0.5454238,0.9687808,0.013627202,0.017591957,GOOD,GOOD,
2025-03-07 03:00:00+00:00,0.6,0.6,0.5546215,0.92197424,0.05685101,0.02117474,GOOD,GOOD,
2025-03-07 04:00:00+00:00,0.575,0.575,0.6035185,0.96233934,0.020571712,0.017088942,GOOD,GOOD,
2025-03-07 05:00:00+00:00,0.56,0.5600000000000002,0.6114138,0.915311,0.021900171,0.06278883,GOOD,GOOD,
2025-03-07 06:00:00+00:00,0.56,0.5600000000000002,0.59655744,0.846096,0.02184765,0.13205637,GOOD,GOOD,
2025-03-07 07:00:00+00:00,0.5449999999999999,0.5449999999999999,0.58841705,0.9399712,0.017936504,0.042092256,GOOD,GOOD,
2025-03-07 08:00:00+00:00,0.515,0.515,0.57756877,0.96653515,0.017311793,0.016153079,GOOD,GOOD,
2025-03-07 09:00:00+00:00,0.52,0.52,0.55395794,0.9688694,0.0125132315,0.018617386,GOOD,GOOD,
2025-03-07 10:00:00+00:00,0.54,0.5400000000000001,0.54659915,0.9667617,0.016212754,0.017025527,GOOD,GOOD,
2025-03-07 11:00:00+00:00,0.5,0.5000000000000001,0.55986387,0.944232,0.03025462,0.025513368,GOOD,GOOD,
2025-03-07 12:00:00+00:00,0.49,0.4900000000000001,0.5422538,0.945362,0.02385255,0.030785467,GOOD,GOOD,
2025-03-07 13:00:00+00:00,0.545,0.545,0.52374935,0.94830704,0.037075695,0.014617235,GOOD,GOOD,
2025-03-07 14:00:00+00:00,0.515,0.515,0.55264497,0.9699978,0.016458873,0.013543319,GOOD,GOOD,
2025-03-07 15:00:00+00:00,0.47,0.47000000000000003,0.55234057,0.9433407,0.034130964,0.022528296,GOOD,GOOD,
2025-03-07 16:00:00+00:00,0.58,0.58,0.517535,0.8069872,0.1439963,0.04901649,GOOD,GOOD,
2025-03-07 17:00:00+00:00,0.6,0.6,0.56975555,0.92173153,0.053709704,0.024558777,GOOD,GOOD,
2025-03-07 18:00:00+00:00,0.6,0.6,0.61794734,0.9193205,0.023180326,0.05749916,GOOD,GOOD,
2025-03-07 19:00:00+00:00,0.59,0.5900000000000001,0.63173074,0.91654754,0.020291934,0.06316053,GOOD,GOOD,
2025-03-07 20:00:00+00:00,0.66,0.6600000000000001,0.6239895,0.93257713,0.04778272,0.019640172,GOOD,GOOD,
2025-03-07 21:00:00+00:00,0.68,0.6800000000000002,0.66468424,0.95181847,0.032119285,0.016062237,GOOD,GOOD,
2025-03-07 22:00:00+00:00,0.635,0.6350000000000001,0.70013845,0.9619388,0.02162337,0.01643783,GOOD,GOOD,
2025-03-07 23:00:00+00:00,0.49,0.4900000000000001,0.6796367,0.6862328,0.22711438,0.08665277,GOOD,GOOD,
2025-03-08 00:00:00+00:00,0.485,0.4850000000000001,0.5700344,0.90041393,0.053829778,0.04575627,GOOD,GOOD,
2025-03-08 01:00:00+00:00,0.495,0.4950000000000001,0.5155364,0.93947923,0.02059948,0.039921273,GOOD,GOOD,
2025-03-08 02:00:00+00:00,0.54,0.5400000000000001,0.5131477,0.9571012,0.031774033,0.01112472,GOOD,GOOD,
2025-03-08 03:00:00+00:00,0.525,0.525,0.5492613,0.9742824,0.013306558,0.012411046,GOOD,GOOD,
2025-03-08 04:00:00+00:00,0.515,0.515,0.55821896,0.8845467,0.020493269,0.094960056,GOOD,GOOD,
2025-03-08 05:00:00+00:00,0.505,0.505,0.5492699,0.81734884,0.026005352,0.15664582,GOOD,GOOD,
2025-03-08 06:00:00+00:00,0.535,0.535,0.53721905,0.97480875,0.0142069245,0.010984321,GOOD,GOOD,
2025-03-08 07:00:00+00:00,0.595,0.595,0.55206025,0.93827844,0.046392687,0.015328847,GOOD,GOOD,
2025-03-08 08:00:00+00:00,0.54,0.5400000000000001,0.60126513,0.96729803,0.018221913,0.014480086,GOOD,GOOD,
2025-03-08 09:00:00+00:00,0.49,0.4900000000000001,0.5881522,0.947799,0.030646062,0.021554906,GOOD,GOOD,
2025-03-08 10:00:00+00:00,0.485,0.4850000000000001,0.5402968,0.9643755,0.012363885,0.023260605,GOOD,GOOD,
2025-03-08 11:00:00+00:00,0.45499999999999996,0.455,0.51533604,0.9691307,0.017202491,0.013666806,GOOD,GOOD,
2025-03-08 12:00:00+00:00,0.395,0.3950000000000001,0.49225777,0.89550674,0.07224034,0.03225292,GOOD,GOOD,
2025-03-08 13:00:00+00:00,0.42,0.42000000000000004,0.4464379,0.9627608,0.020334408,0.016904762,GOOD,GOOD,
2025-03-08 14:00:00+00:00,0.445,0.44500000000000006,0.44025466,0.9247855,0.03608818,0.03912631,GOOD,GOOD,
2025-03-08 15:00:00+00:00,0.48,0.48000000000000004,0.46146944,0.94765186,0.03498484,0.017363306,GOOD,GOOD,
2025-03-08 16:00:00+00:00,0.46499999999999997,0.465,0.4956382,0.9720894,0.0138307065,0.014079874,GOOD,GOOD,
2025-03-08 17:00:00+00:00,0.45,0.4500000000000001,0.5005253,0.8629741,0.026322737,0.110703155,GOOD,GOOD,
2025-03-08 18:00:00+00:00,0.47,0.47000000000000003,0.48718432,0.97542584,0.012753036,0.011821096,GOOD,GOOD,
2025-03-08 19:00:00+00:00,0.47,0.47000000000000003,0.49219584,0.9071485,0.017839706,0.07501183,GOOD,GOOD,
2025-03-08 20:00:00+00:00,0.46499999999999997,0.465,0.49797696,0.80201447,0.023829546,0.17415601,GOOD,GOOD,
2025-03-08 21:00:00+00:00,0.46499999999999997,0.465,0.4966832,0.72351384,0.026564624,0.2499215,GOOD,GOOD,
2025-03-08 22:00:00+00:00,0.435,0.4350000000000001,0.49484897,0.9532893,0.023934038,0.022776678,GOOD,GOOD,
2025-03-08 23:00:00+00:00,0.41,0.41000000000000003,0.47542277,0.9180564,0.037489746,0.04445384,GOOD,GOOD,
2025-03-09 00:00:00+00:00,0.415,0.4150000000000001,0.4494586,0.96070206,0.017970173,0.02132778,GOOD,GOOD,
2025-03-09 01:00:00+00:00,0.42,0.42000000000000004,0.4419431,0.76909125,0.037863094,0.19304563,GOOD,GOOD,
2025-03-09 02:00:00+00:00,0.45499999999999996,0.455,0.4458577,0.96588343,0.022430742,0.011685839,GOOD,GOOD,
2025-03-09 03:00:00+00:00,0.39,0.3900000000000001,0.47084707,0.91357136,0.053085126,0.03334354,GOOD,GOOD,
2025-03-09 04:00:00+00:00,0.405,0.4050000000000001,0.44356757,0.96782607,0.017034633,0.015139323,GOOD,GOOD,
2025-03-09 05:00:00+00:00,0.38,0.38000000000000006,0.4321417,0.96605694,0.01837448,0.015568569,GOOD,GOOD,
2025-03-09 06:00:00+00:00,0.43,0.43000000000000005,0.41681758,0.94149035,0.03918072,0.019328956,GOOD,GOOD,
2025-03-09 07:00:00+00:00,0.38,0.38000000000000006,0.44065127,0.942903,0.034193963,0.022903046,GOOD,GOOD,
2025-03-09 08:00:00+00:00,0.39,0.3900000000000001,0.42664406,0.970773,0.014696037,0.0145309875,GOOD,GOOD,
2025-03-09 09:00:00+00:00,0.375,0.3750000000000001,0.4191307,0.97205836,0.013482415,0.0144592365,GOOD,GOOD,
2025-03-09 10:00:00+00:00,0.365,0.5452122559838337,0.40931395,0.42373502,0.42119354,0.15507142,BAD,GOOD,F_burst_noise
2025-03-09 11:00:00+00:00,0.4,1.210737205572791,0.5115676,0.10561627,0.20629771,0.68808603,BAD,SUSPECT,F_burst_noise
2025-03-09 12:00:00+00:00,0.365,0.02,1.043089,0.08450568,0.026147813,0.88934654,BAD,BAD,F_burst_noise
2025-03-09 13:00:00+00:00,0.38,0.2608252918846739,0.47550023,0.5225665,0.2589989,0.21843462,BAD,GOOD,F_burst_noise
2025-03-09 14:00:00+00:00,0.41,0.73372325730018,0.25904,0.12706947,0.30038652,0.572544,BAD,SUSPECT,F_burst_noise
2025-03-09 15:00:00+00:00,0.4,0.3101863822322732,0.54175115,0.42323524,0.19131973,0.38544503,BAD,GOOD,F_burst_noise
2025-03-09 16:00:00+00:00,0.4,0.02,0.4731694,0.026557088,0.34603447,0.62740844,BAD,SUSPECT,F_burst_noise
2025-03-09 17:00:00+00:00,0.45,0.02,0.20730492,0.12794381,0.5320261,0.3400301,BAD,SUSPECT,F_burst_noise
2025-03-09 18:00:00+00:00,0.365,0.02,0.06518951,0.853865,0.052627195,0.093507744,BAD,GOOD,F_burst_noise
2025-03-09 19:00:00+00:00,0.39,0.7883999111117468,0.032640435,0.07492232,0.13831076,0.78676695,BAD,BAD,F_burst_noise
2025-03-09 20:00:00+00:00,0.41000000000000003,0.3498855741466726,0.50387657,0.51497316,0.24420428,0.24082254,BAD,GOOD,F_burst_noise
2025-03-09 21:00:00+00:00,0.395,0.29806044710526153,0.5231401,0.10359031,0.5631956,0.33321413,BAD,SUSPECT,F_burst_noise
2025-03-09 22:00:00+00:00,0.39,0.3900000000000001,0.39369473,0.9690329,0.020526577,0.010440558,GOOD,GOOD,
2025-03-09 23:00:00+00:00,0.38,0.38000000000000006,0.3836098,0.98203385,0.008551585,0.009414574,GOOD,GOOD,
2025-03-10 00:00:00+00:00,0.32999999999999996,0.33000000000000007,0.40194502,0.9687422,0.021287672,0.009970147,GOOD,GOOD,
2025-03-10 01:00:00+00:00,0.315,0.31500000000000006,0.38124302,0.90456617,0.03507333,0.06036048,GOOD,GOOD,
2025-03-10 02:00:00+00:00,0.345,0.34500000000000003,0.35550424,0.9779064,0.011345814,0.010747755,GOOD,GOOD,
2025-03-10 03:00:00+00:00,0.33,0.3300000000000001,0.3631569,0.97004443,0.01225843,0.017697135,GOOD,GOOD,
2025-03-10 04:00:00+00:00,0.32,0.32000000000000006,0.3638324,0.89222944,0.03413331,0.07363725,GOOD,GOOD,
2025-03-10 05:00:00+00:00,0.31,0.31000000000000005,0.3555328,0.8768938,0.043712895,0.07939328,GOOD,GOOD,
2025-03-10 06:00:00+00:00,0.28500000000000003,0.2850000000000001,0.34452325,0.9541977,0.029938562,0.01586375,GOOD,GOOD,
2025-03-10 07:00:00+00:00,0.32,0.32000000000000006,0.32491174,0.9709869,0.015675392,0.013337683,GOOD,GOOD,
2025-03-10 08:00:00+00:00,0.32,0.32000000000000006,0.33620557,0.9004196,0.022026815,0.07755361,GOOD,GOOD,
2025-03-10 09:00:00+00:00,0.32,0.32000000000000006,0.3474955,0.68682766,0.039768662,0.27340367,GOOD,GOOD,
2025-03-10 10:00:00+00:00,0.31,0.31000000000000005,0.3510959,0.8659541,0.032701034,0.10134487,GOOD,GOOD,
2025-03-10 11:00:00+00:00,0.275,0.2750000000000001,0.34500006,0.94617206,0.029816162,0.0240118,GOOD,GOOD,
2025-03-10 12:00:00+00:00,0.315,0.31500000000000006,0.32003412,0.9596058,0.021624532,0.018769665,GOOD,GOOD,
2025-03-10 13:00:00+00:00,0.28500000000000003,0.2850000000000001,0.33019218,0.9482678,0.026908996,0.024823183,GOOD,GOOD,
2025-03-10 14:00:00+00:00,0.28500000000000003,0.2850000000000001,0.32435784,0.8954953,0.031352744,0.07315193,GOOD,GOOD,
2025-03-10 15:00:00+00:00,0.31,0.31000000000000005,0.3176272,0.9618377,0.017295875,0.020866409,GOOD,GOOD,
2025-03-10 16:00:00+00:00,0.305,0.3050000000000001,0.3301009,0.93375623,0.025977409,0.040266335,GOOD,GOOD,
2025-03-10 17:00:00+00:00,0.28500000000000003,0.2850000000000001,0.33619365,0.9022786,0.045500025,0.052221395,GOOD,GOOD,
2025-03-10 18:00:00+00:00,0.28,0.28000000000000014,0.32479993,0.8508799,0.05558717,0.09353292,GOOD,GOOD,
2025-03-10 19:00:00+00:00,0.27,0.2700000000000001,0.3138174,0.88252574,0.04142244,0.07605182,GOOD,GOOD,
2025-03-10 20:00:00+00:00,0.305,0.3050000000000001,0.3040723,0.97004616,0.01906115,0.010892674,GOOD,GOOD,
2025-03-10 21:00:00+00:00,0.3,0.30000000000000004,0.32113314,0.9788892,0.011281326,0.009829462,GOOD,GOOD,
2025-03-10 22:00:00+00:00,0.31,0.31000000000000005,0.33069137,0.96607417,0.013216252,0.02070957,GOOD,GOOD,
2025-03-10 23:00:00+00:00,0.255,0.255,0.33807537,0.8983855,0.06596249,0.035652004,GOOD,GOOD,
2025-03-11 00:00:00+00:00,0.26,0.26000000000000006,0.30815533,0.956916,0.024343122,0.018740907,GOOD,GOOD,
2025-03-11 01:00:00+00:00,0.22,0.22,0.29130676,0.91794854,0.05073801,0.031313445,GOOD,GOOD,
2025-03-11 02:00:00+00:00,0.25,0.25,0.26491892,0.95386416,0.02789593,0.018239904,GOOD,GOOD,
2025-03-11 03:00:00+00:00,0.28,0.28000000000000014,0.26902822,0.9416474,0.034220837,0.024131753,GOOD,GOOD,
2025-03-11 04:00:00+00:00,0.26,0.26000000000000006,0.29537353,0.97082514,0.016605647,0.0125692235,GOOD,GOOD,
2025-03-11 05:00:00+00:00,0.255,0.255,0.29815963,0.947348,0.016552748,0.036099263,GOOD,GOOD,
2025-03-11 06:00:00+00:00,0.245,0.24500000000000002,0.29060626,0.92273337,0.021913184,0.05535345,GOOD,GOOD,
2025-03-11 07:00:00+00:00,0.22499999999999998,0.22499999999999998,0.2802113,0.96176827,0.020300405,0.017931297,GOOD,GOOD,
2025-03-11 08:00:00+00:00,0.24,0.24,0.26399344,0.9741957,0.014519617,0.011284661,GOOD,GOOD,
2025-03-11 09:00:00+00:00,0.275,0.2750000000000001,0.264858,0.96517164,0.022812739,0.012015619,GOOD,GOOD,
2025-03-11 10:00:00+00:00,0.26,0.26000000000000006,0.28971925,0.974418,0.013962579,0.0116194375,GOOD,GOOD,
2025-03-11 11:00:00+00:00,0.215,0.215,0.2957206,0.9454372,0.032242045,0.022320736,GOOD,GOOD,
2025-03-11 12:00:00+00:00,0.22,0.22,0.26701075,0.9686016,0.016716668,0.014681758,GOOD,GOOD,
2025-03-11 13:00:00+00:00,0.2,0.2,0.25121894,0.9652803,0.020591255,0.014128462,GOOD,GOOD,
2025-03-11 14:00:00+00:00,0.22,0.22,0.2369674,0.96894145,0.018347906,0.012710663,GOOD,GOOD,
2025-03-11 15:00:00+00:00,0.245,0.24500000000000002,0.2424537,0.9564095,0.02453292,0.019057576,GOOD,GOOD,
2025-03-11 16:00:00+00:00,0.245,0.24500000000000002,0.26368028,0.95854574,0.016027821,0.02542643,GOOD,GOOD,
2025-03-11 17:00:00+00:00,0.275,0.2750000000000001,0.27530318,0.9698778,0.018479887,0.011642307,GOOD,GOOD,
2025-03-11 18:00:00+00:00,0.265,0.26500000000000007,0.29512763,0.9760401,0.012962063,0.010997824,GOOD,GOOD,
2025-03-11 19:00:00+00:00,0.24,0.24,0.29943055,0.966364,0.018097898,0.015538098,GOOD,GOOD,
2025-03-11 20:00:00+00:00,0.27,0.2700000000000001,0.28288803,0.9700892,0.017789599,0.012121187,GOOD,GOOD,
2025-03-11 21:00:00+00:00,0.29000000000000004,0.2900000000000001,0.28977713,0.94443095,0.029003147,0.026565883,GOOD,GOOD,
2025-03-11 22:00:00+00:00,0.30000000000000004,0.3000000000000001,0.3101683,0.9316213,0.027522514,0.040856194,GOOD,GOOD,
2025-03-11 23:00:00+00:00,0.265,0.26500000000000007,0.32650495,0.96826357,0.018118413,0.013618016,GOOD,GOOD,
2025-03-12 00:00:00+00:00,0.25,0.25,0.31095177,0.9563221,0.018692119,0.024985781,GOOD,GOOD,
2025-03-12 01:00:00+00:00,0.265,0.26500000000000007,0.28927064,0.9771092,0.013096222,0.009794594,GOOD,GOOD,
2025-03-12 02:00:00+00:00,0.22,0.22,0.28888255,0.92696214,0.04697296,0.026064934,GOOD,GOOD,
2025-03-12 03:00:00+00:00,0.24,0.24,0.26711088,0.9668424,0.018976986,0.014180629,GOOD,GOOD,
2025-03-12 04:00:00+00:00,0.245,0.24500000000000002,0.26451287,0.9396912,0.018741578,0.041567206,GOOD,GOOD,
2025-03-12 05:00:00+00:00,0.26,0.26000000000000006,0.27123377,0.9593567,0.01824824,0.022395046,GOOD,GOOD,
2025-03-12 06:00:00+00:00,0.275,0.2750000000000001,0.2842285,0.9180318,0.02671004,0.05525814,GOOD,GOOD,
2025-03-12 07:00:00+00:00,0.25,0.25,0.29950967,0.9488253,0.025698498,0.025476202,GOOD,GOOD,
2025-03-12 08:00:00+00:00,0.27,0.2700000000000001,0.29131702,0.95963037,0.020755302,0.01961434,GOOD,GOOD,
2025-03-12 09:00:00+00:00,0.3,0.30000000000000004,0.29468116,0.9500721,0.03008517,0.019842705,GOOD,GOOD,
2025-03-12 10:00:00+00:00,0.28,0.28000000000000014,0.31711718,0.96988195,0.016474191,0.013643866,GOOD,GOOD,
2025-03-12 11:00:00+00:00,0.26,0.26000000000000006,0.31799084,0.86343545,0.031966694,0.104597844,GOOD,GOOD,
2025-03-12 12:00:00+00:00,0.29000000000000004,0.2900000000000001,0.3013673,0.96039665,0.02333379,0.016269581,GOOD,GOOD,
2025-03-12 13:00:00+00:00,0.3,0.30000000000000004,0.30931818,0.96204776,0.018910179,0.01904205,GOOD,GOOD,
2025-03-12 14:00:00+00:00,0.235,0.235,0.3242556,0.87275195,0.08329749,0.043950584,GOOD,GOOD,
2025-03-12 15:00:00+00:00,0.28,0.28000000000000014,0.29252115,0.938301,0.03865232,0.023046631,GOOD,GOOD,
2025-03-12 16:00:00+00:00,0.325,0.32500000000000007,0.296034,0.8896639,0.07192636,0.038409784,GOOD,GOOD,
2025-03-12 17:00:00+00:00,0.37,0.37000000000000005,0.33330977,0.86189723,0.08845558,0.04964718,GOOD,GOOD,
2025-03-12 18:00:00+00:00,0.33999999999999997,0.3400000000000001,0.38162652,0.94392496,0.03237215,0.023702888,GOOD,GOOD,
2025-03-12 19:00:00+00:00,0.265,0.26500000000000007,0.38346478,0.8793417,0.08154868,0.03910961,GOOD,GOOD,
2025-03-12 20:00:00+00:00,0.255,0.255,0.32961696,0.9512601,0.026117973,0.022621958,GOOD,GOOD,
2025-03-12 21:00:00+00:00,0.235,0.235,0.29232803,0.9406029,0.026961183,0.032435928,GOOD,GOOD,
2025-03-12 22:00:00+00:00,0.265,0.26500000000000007,0.27040243,0.9696047,0.018058142,0.012337159,GOOD,GOOD,
2025-03-12 23:00:00+00:00,0.275,0.2750000000000001,0.28171274,0.9499577,0.020095536,0.029946765,GOOD,GOOD,
2025-03-13 00:00:00+00:00,0.255,0.255,0.29899016,0.9657971,0.016627206,0.017575668,GOOD,GOOD,
2025-03-13 01:00:00+00:00,0.27,0.2700000000000001,0.29444453,0.97104967,0.014664138,0.014286202,GOOD,GOOD,
2025-03-13 02:00:00+00:00,0.28,0.28000000000000014,0.29659566,0.8897668,0.029740864,0.08049233,GOOD,GOOD,
2025-03-13 03:00:00+00:00,0.28500000000000003,0.2850000000000001,0.30555388,0.82535386,0.035628583,0.13901757,GOOD,GOOD,
2025-03-13 04:00:00+00:00,0.29,0.29000000000000004,0.31344306,0.7466133,0.038385782,0.2150009,GOOD,GOOD,
2025-03-13 05:00:00+00:00,0.29000000000000004,0.2900000000000001,0.31919697,0.7142099,0.03430307,0.251487,GOOD,GOOD,
2025-03-13 06:00:00+00:00,0.3,0.30000000000000004,0.3211117,0.94094616,0.020097475,0.03895638,GOOD,GOOD,
2025-03-13 07:00:00+00:00,0.275,0.2750000000000001,0.3270919,0.9283026,0.034488034,0.037209395,GOOD,GOOD,
2025-03-13 08:00:00+00:00,0.265,0.26500000000000007,0.31558365,0.90067184,0.03776222,0.061565932,GOOD,GOOD,
2025-03-13 09:00:00+00:00,0.25,0.25,0.30122745,0.88211405,0.043629907,0.074256055,GOOD,GOOD,
2025-03-13 10:00:00+00:00,0.28,0.28000000000000014,0.2864694,0.9395182,0.029335199,0.031146618,GOOD,GOOD,
2025-03-13 11:00:00+00:00,0.29000000000000004,0.2900000000000001,0.2980746,0.9508713,0.020469263,0.02865946,GOOD,GOOD,
2025-03-13 12:00:00+00:00,0.305,0.3050000000000001,0.31441385,0.9448202,0.021099776,0.034079988,GOOD,GOOD,
2025-03-13 13:00:00+00:00,0.315,0.31500000000000006,0.3301178,0.9399304,0.020723024,0.039346583,GOOD,GOOD,
2025-03-13 14:00:00+00:00,0.30000000000000004,0.3000000000000001,0.34212357,0.92180896,0.031392112,0.046798937,GOOD,GOOD,
2025-03-13 15:00:00+00:00,0.3,0.30000000000000004,0.33717978,0.88848364,0.03766519,0.07385116,GOOD,GOOD,
2025-03-13 16:00:00+00:00,0.315,0.31500000000000006,0.3318148,0.94715506,0.020582544,0.03226241,GOOD,GOOD,
2025-03-13 17:00:00+00:00,0.335,0.3350000000000001,0.3390608,0.9493126,0.01926908,0.031418294,GOOD,GOOD,
2025-03-13 18:00:00+00:00,0.33999999999999997,0.3400000000000001,0.35662556,0.9343394,0.02261891,0.0430417,GOOD,GOOD,
2025-03-13 19:00:00+00:00,0.28,0.28000000000000014,0.36833826,0.7501187,0.14316961,0.1067117,GOOD,GOOD,
2025-03-13 20:00:00+00:00,0.27,0.2700000000000001,0.33544743,0.69413507,0.12329624,0.1825687,GOOD,GOOD,
2025-03-13 21:00:00+00:00,0.25,0.25,0.30752885,0.82604074,0.06947996,0.10447927,GOOD,GOOD,
2025-03-13 22:00:00+00:00,0.28,0.28000000000000014,0.28674233,0.92226964,0.03421583,0.043514535,GOOD,GOOD,
2025-03-13 23:00:00+00:00,0.31999999999999995,0.32,0.2972546,0.9310187,0.0469628,0.022018457,GOOD,GOOD,
2025-03-14 00:00:00+00:00,0.31,0.31000000000000005,0.331901,0.9603436,0.021716643,0.017939787,GOOD,GOOD,
2025-03-14 01:00:00+00:00,0.275,0.2750000000000001,0.34396935,0.95941657,0.02256578,0.018017635,GOOD,GOOD,
2025-03-14 02:00:00+00:00,0.3,0.30000000000000004,0.3224936,0.9572859,0.025556361,0.017157752,GOOD,GOOD,
2025-03-14 03:00:00+00:00,0.245,0.24500000000000002,0.3224586,0.87604934,0.080422185,0.043528456,GOOD,GOOD,
2025-03-14 04:00:00+00:00,0.265,0.26500000000000007,0.2954585,0.95040816,0.02951015,0.020081703,GOOD,GOOD,
2025-03-14 05:00:00+00:00,0.26,0.26000000000000006,0.2899196,0.96729493,0.015957588,0.016747473,GOOD,GOOD,
2025-03-14 06:00:00+00:00,0.27,0.2700000000000001,0.29012772,0.96108544,0.01583088,0.023083655,GOOD,GOOD,
2025-03-14 07:00:00+00:00,0.24,0.24,0.29664582,0.9400684,0.032584544,0.027347038,GOOD,GOOD,
2025-03-14 08:00:00+00:00,0.245,0.24500000000000002,0.28284597,0.9572029,0.01972107,0.023075989,GOOD,GOOD,
2025-03-14 09:00:00+00:00,0.235,0.235,0.2755595,0.94022757,0.025090478,0.03468193,GOOD,GOOD,
2025-03-14 10:00:00+00:00,0.25,0.25,0.2687672,0.9602608,0.020143352,0.01959585,GOOD,GOOD,
2025-03-14 11:00:00+00:00,0.26,0.26000000000000006,0.27462766,0.89368767,0.028202154,0.078110166,GOOD,GOOD,
2025-03-14 12:00:00+00:00,0.26,0.26000000000000006,0.28567737,0.8083479,0.031674366,0.15997776,GOOD,GOOD,
2025-03-14 13:00:00+00:00,0.24,0.24,0.29092583,0.9302462,0.032276392,0.03747744,GOOD,GOOD,
2025-03-14 14:00:00+00:00,0.26,0.26000000000000006,0.27991992,0.9488702,0.023420505,0.02770932,GOOD,GOOD,
2025-03-14 15:00:00+00:00,0.20500000000000002,0.20500000000000002,0.28381836,0.83709633,0.10154441,0.061359238,GOOD,GOOD,
2025-03-14 16:00:00+00:00,0.265,0.26500000000000007,0.2570537,0.89658564,0.067990184,0.035424184,GOOD,GOOD,
2025-03-14 17:00:00+00:00,0.27,0.2700000000000001,0.2738193,0.9706093,0.01595759,0.013433093,GOOD,GOOD,
2025-03-14 18:00:00+00:00,0.28500000000000003,0.2850000000000001,0.29427868,0.94105154,0.023217972,0.03573051,GOOD,GOOD,
2025-03-14 19:00:00+00:00,0.275,0.2750000000000001,0.31084353,0.955717,0.016601048,0.027681943,GOOD,GOOD,
2025-03-14 20:00:00+00:00,0.305,0.3050000000000001,0.31066945,0.9525177,0.028092803,0.019389486,GOOD,GOOD,
2025-03-14 21:00:00+00:00,0.28500000000000003,0.2850000000000001,0.32500288,0.9682937,0.016937777,0.0147685,GOOD,GOOD,
2025-03-14 22:00:00+00:00,0.28500000000000003,0.2850000000000001,0.32242993,0.8790777,0.024581112,0.09634123,GOOD,GOOD,
2025-03-14 23:00:00+00:00,0.28500000000000003,0.2850000000000001,0.31739038,0.6759075,0.032082602,0.29200992,GOOD,GOOD,
2025-03-15 00:00:00+00:00,0.32,0.32000000000000006,0.31534183,0.94794357,0.031931326,0.020125093,GOOD,GOOD,
2025-03-15 01:00:00+00:00,0.28,0.28000000000000014,0.33609942,0.9660381,0.020282276,0.013679619,GOOD,GOOD,
2025-03-15 02:00:00+00:00,0.3,0.30000000000000004,0.32519552,0.97084403,0.016362514,0.0127934255,GOOD,GOOD,
2025-03-15 03:00:00+00:00,0.245,0.24500000000000002,0.32543382,0.9307996,0.044294607,0.024905765,GOOD,GOOD,
2025-03-15 04:00:00+00:00,0.245,0.24500000000000002,0.2962665,0.9661825,0.015626544,0.018191015,GOOD,GOOD,
2025-03-15 05:00:00+00:00,0.25,0.25,0.2779223,0.8427079,0.02880693,0.12848522,GOOD,GOOD,
2025-03-15 06:00:00+00:00,0.265,0.26500000000000007,0.27651522,0.94769114,0.020263815,0.032045037,GOOD,GOOD,
2025-03-15 07:00:00+00:00,0.245,0.02,0.288082,0.18305033,0.28609416,0.5308555,BAD,SUSPECT,F_burst_noise
2025-03-15 08:00:00+00:00,0.235,0.8474523785055583,0.1561879,0.1909951,0.15572427,0.6532806,BAD,GOOD,F_burst_noise
2025-03-15 09:00:00+00:00,0.245,0.59673111166275,0.57393867,0.53856075,0.25566903,0.20577021,BAD,GOOD,F_burst_noise
2025-03-15 10:00:00+00:00,0.235,0.02,0.6932846,0.038247168,0.11114147,0.8506114,BAD,BAD,F_burst_noise
2025-03-15 11:00:00+00:00,0.235,0.02,0.31207183,0.028519869,0.5216856,0.44979456,BAD,SUSPECT,F_burst_noise
2025-03-15 12:00:00+00:00,0.265,0.02,0.08667073,0.6752938,0.111299925,0.21340628,BAD,GOOD,F_burst_noise
2025-03-15 13:00:00+00:00,0.26,0.26000000000000006,0.02612283,0.22617602,0.50500935,0.26881462,GOOD,SUSPECT,
2025-03-15 14:00:00+00:00,0.29500000000000004,0.2950000000000001,0.16833338,0.1675703,0.6424825,0.18994717,GOOD,SUSPECT,
2025-03-15 15:00:00+00:00,0.22999999999999998,0.23,0.29617834,0.9125905,0.056504898,0.030904604,GOOD,GOOD,
2025-03-15 16:00:00+00:00,0.26,0.26000000000000006,0.29808483,0.9730577,0.015795203,0.0111471005,GOOD,GOOD,
2025-03-15 17:00:00+00:00,0.27,0.2700000000000001,0.2901228,0.9485953,0.019769937,0.031634793,GOOD,GOOD,
2025-03-15 18:00:00+00:00,0.27,0.2700000000000001,0.29482356,0.79969335,0.035778552,0.16452809,GOOD,GOOD,
2025-03-15 19:00:00+00:00,0.275,0.2750000000000001,0.29988456,0.85326296,0.037363924,0.10937313,GOOD,GOOD,
2025-03-15 20:00:00+00:00,0.325,0.32500000000000007,0.3046123,0.95174325,0.031535305,0.016721481,GOOD,GOOD,
2025-03-15 21:00:00+00:00,0.29,0.29000000000000004,0.33625433,0.97352445,0.013131413,0.013344123,GOOD,GOOD,
2025-03-15 22:00:00+00:00,0.27,0.2700000000000001,0.33355913,0.9242914,0.02504004,0.050668612,GOOD,GOOD,
2025-03-15 23:00:00+00:00,0.275,0.2750000000000001,0.31252658,0.9284195,0.021566851,0.05001371,GOOD,GOOD,
2025-03-16 00:00:00+00:00,0.295,0.29500000000000004,0.30410978,0.9679444,0.018585559,0.013470058,GOOD,GOOD,
2025-03-16 01:00:00+00:00,0.29000000000000004,0.2900000000000001,0.3157071,0.93036467,0.021671813,0.047963534,GOOD,GOOD,
2025-03-16 02:00:00+00:00,0.28500000000000003,0.2850000000000001,0.3212177,0.80640167,0.026926206,0.16667213,GOOD,GOOD,
2025-03-16 03:00:00+00:00,0.265,0.26500000000000007,0.31853023,0.9459452,0.022508038,0.031546768,GOOD,GOOD,
2025-03-16 04:00:00+00:00,0.24,0.24,0.30406892,0.92588973,0.0367705,0.03733977,GOOD,GOOD,
2025-03-16 05:00:00+00:00,0.25,0.25,0.28130838,0.9669987,0.017098403,0.01590289,GOOD,GOOD,
2025-03-16 06:00:00+00:00,0.26,0.26000000000000006,0.27644235,0.8732424,0.032201037,0.094556585,GOOD,GOOD,
2025-03-16 07:00:00+00:00,0.245,0.24500000000000002,0.28446454,0.9556971,0.021696743,0.022606153,GOOD,GOOD,
2025-03-16 08:00:00+00:00,0.22999999999999998,0.23,0.28120065,0.8501388,0.04069773,0.10916347,GOOD,GOOD,
2025-03-16 09:00:00+00:00,0.235,0.235,0.26829374,0.9610378,0.015809247,0.023152927,GOOD,GOOD,
2025-03-16 10:00:00+00:00,0.22499999999999998,0.22499999999999998,0.26418385,0.94733196,0.023338474,0.02932955,GOOD,GOOD,
2025-03-16 11:00:00+00:00,0.29000000000000004,0.2900000000000001,0.25891507,0.8658168,0.09284193,0.041341286,GOOD,GOOD,
2025-03-16 12:00:00+00:00,0.32,0.32000000000000006,0.2943854,0.9231873,0.052800495,0.024012197,GOOD,GOOD,
2025-03-16 13:00:00+00:00,0.28500000000000003,0.2850000000000001,0.33587328,0.96091753,0.022769729,0.016312728,GOOD,GOOD,
2025-03-16 14:00:00+00:00,0.265,,0.33146355,0.7693281,0.13417014,0.09650175,BAD,BAD,G_missing_sentinel
2025-03-16 15:00:00+00:00,0.305,0.3050000000000001,,0.8873028,0.07604902,0.036648143,GOOD,GOOD,
2025-03-16 16:00:00+00:00,0.30000000000000004,0.3000000000000001,,0.8873028,0.07604902,0.036648143,GOOD,GOOD,
2025-03-16 17:00:00+00:00,0.39,0.3900000000000001,,0.8873028,0.07604902,0.036648143,GOOD,GOOD,
2025-03-16 18:00:00+00:00,0.375,0.3750000000000001,,0.8873028,0.07604902,0.036648143,GOOD,GOOD,
2025-03-16 19:00:00+00:00,0.42,0.42000000000000004,,0.8873028,0.07604902,0.036648143,GOOD,GOOD,
2025-03-16 20:00:00+00:00,0.37,0.37000000000000005,,0.8873028,0.07604902,0.036648143,GOOD,GOOD,
2025-03-16 21:00:00+00:00,0.32,0.32000000000000006,,0.8873028,0.07604902,0.036648143,GOOD,GOOD,
2025-03-16 22:00:00+00:00,0.235,0.235,,0.8873028,0.07604902,0.036648143,GOOD,GOOD,
2025-03-16 23:00:00+00:00,0.24,0.24,,0.8873028,0.07604902,0.036648143,GOOD,GOOD,
2025-03-17 00:00:00+00:00,0.235,0.235,,0.8873028,0.07604902,0.036648143,GOOD,GOOD,
2025-03-17 01:00:00+00:00,0.265,0.26500000000000007,,0.8873028,0.07604902,0.036648143,GOOD,GOOD,
2025-03-17 02:00:00+00:00,0.255,0.255,,0.8873028,0.07604902,0.036648143,GOOD,GOOD,
2025-03-17 03:00:00+00:00,0.275,0.2750000000000001,,0.8873028,0.07604902,0.036648143,GOOD,GOOD,
2025-03-17 04:00:00+00:00,0.22999999999999998,0.23,,0.8873028,0.07604902,0.036648143,GOOD,GOOD,
2025-03-17 05:00:00+00:00,0.255,0.255,,0.8873028,0.07604902,0.036648143,GOOD,GOOD,
2025-03-17 06:00:00+00:00,0.27,0.2700000000000001,,0.8873028,0.07604902,0.036648143,GOOD,GOOD,
2025-03-17 07:00:00+00:00,0.25,0.25,,0.8873028,0.07604902,0.036648143,GOOD,GOOD,
2025-03-17 08:00:00+00:00,0.23,0.23000000000000004,,0.8873028,0.07604902,0.036648143,GOOD,GOOD,
2025-03-17 09:00:00+00:00,0.225,0.225,,0.8873028,0.07604902,0.036648143,GOOD,GOOD,
2025-03-17 10:00:00+00:00,0.15,0.15,,0.8873028,0.07604902,0.036648143,GOOD,GOOD,
2025-03-17 11:00:00+00:00,0.245,0.24500000000000002,,0.8873028,0.07604902,0.036648143,GOOD,GOOD,
2025-03-17 12:00:00+00:00,0.26,0.26000000000000006,,0.8873028,0.07604902,0.036648143,GOOD,GOOD,
2025-03-17 13:00:00+00:00,0.26,0.26000000000000006,,0.8873028,0.07604902,0.036648143,GOOD,GOOD,
2025-03-17 14:00:00+00:00,0.31,0.31000000000000005,,0.8873028,0.07604902,0.036648143,GOOD,GOOD,
2025-03-17 15:00:00+00:00,0.29500000000000004,0.2950000000000001,,0.8873028,0.07604902,0.036648143,GOOD,GOOD,
2025-03-17 16:00:00+00:00,0.28,0.28000000000000014,,0.8873028,0.07604902,0.036648143,GOOD,GOOD,
2025-03-17 17:00:00+00:00,0.265,0.26500000000000007,,0.8873028,0.07604902,0.036648143,GOOD,GOOD,
2025-03-17 18:00:00+00:00,0.265,0.26500000000000007,,0.8873028,0.07604902,0.036648143,GOOD,GOOD,
2025-03-17 19:00:00+00:00,0.315,0.31500000000000006,,0.8873028,0.07604902,0.036648143,GOOD,GOOD,
2025-03-17 20:00:00+00:00,0.325,0.32500000000000007,,0.8873028,0.07604902,0.036648143,GOOD,GOOD,
2025-03-17 21:00:00+00:00,0.3,0.30000000000000004,,0.8873028,0.07604902,0.036648143,GOOD,GOOD,
2025-03-17 22:00:00+00:00,0.28500000000000003,0.2850000000000001,,0.8873028,0.07604902,0.036648143,GOOD,GOOD,
2025-03-17 23:00:00+00:00,0.275,0.2750000000000001,,0.8873028,0.07604902,0.036648143,GOOD,GOOD,
2025-03-18 00:00:00+00:00,0.33,0.3300000000000001,,0.8873028,0.07604902,0.036648143,GOOD,GOOD,
2025-03-18 01:00:00+00:00,0.335,0.3350000000000001,,0.8873028,0.07604902,0.036648143,GOOD,GOOD,
2025-03-18 02:00:00+00:00,0.315,0.31500000000000006,,0.8873028,0.07604902,0.036648143,GOOD,GOOD,
2025-03-18 03:00:00+00:00,0.325,0.32500000000000007,,0.8873028,0.07604902,0.036648143,GOOD,GOOD,
2025-03-18 04:00:00+00:00,0.30000000000000004,0.3000000000000001,,0.8873028,0.07604902,0.036648143,GOOD,GOOD,
2025-03-18 05:00:00+00:00,0.30000000000000004,0.3000000000000001,,0.8873028,0.07604902,0.036648143,GOOD,GOOD,
2025-03-18 06:00:00+00:00,0.335,0.3350000000000001,,0.8873028,0.07604902,0.036648143,GOOD,GOOD,
2025-03-18 07:00:00+00:00,0.355,0.35500000000000004,,0.8873028,0.07604902,0.036648143,GOOD,GOOD,
2025-03-18 08:00:00+00:00,0.36,0.36000000000000004,,0.8873028,0.07604902,0.036648143,GOOD,GOOD,
2025-03-18 09:00:00+00:00,0.405,0.4050000000000001,,0.8873028,0.07604902,0.036648143,GOOD,GOOD,
2025-03-18 10:00:00+00:00,0.4,0.40000000000000013,,0.8873028,0.07604902,0.036648143,GOOD,GOOD,
2025-03-18 11:00:00+00:00,0.32,0.32000000000000006,,0.8873028,0.07604902,0.036648143,GOOD,GOOD,
2025-03-18 12:00:00+00:00,0.34,0.34000000000000014,,0.8873028,0.07604902,0.036648143,GOOD,GOOD,
2025-03-18 13:00:00+00:00,0.325,0.32500000000000007,,0.8873028,0.07604902,0.036648143,GOOD,GOOD,
2025-03-18 14:00:00+00:00,0.29,0.29000000000000004,,0.8873028,0.07604902,0.036648143,GOOD,GOOD,
2025-03-18 15:00:00+00:00,0.35,0.35000000000000003,,0.8873028,0.07604902,0.036648143,GOOD,GOOD,
2025-03-18 16:00:00+00:00,0.325,0.32500000000000007,,0.8873028,0.07604902,0.036648143,GOOD,GOOD,
2025-03-18 17:00:00+00:00,0.31,0.31000000000000005,,0.8873028,0.07604902,0.036648143,GOOD,GOOD,
2025-03-18 18:00:00+00:00,0.355,0.35500000000000004,,0.8873028,0.07604902,0.036648143,GOOD,GOOD,
2025-03-18 19:00:00+00:00,0.33,0.3300000000000001,,0.8873028,0.07604902,0.036648143,GOOD,GOOD,
2025-03-18 20:00:00+00:00,0.37,0.37000000000000005,,0.8873028,0.07604902,0.036648143,GOOD,GOOD,
2025-03-18 21:00:00+00:00,0.385,0.38500000000000006,,0.8873028,0.07604902,0.036648143,GOOD,GOOD,
2025-03-18 22:00:00+00:00,0.42500000000000004,0.42500000000000016,,0.8873028,0.07604902,0.036648143,GOOD,GOOD,
2025-03-18 23:00:00+00:00,0.4,0.40000000000000013,,0.8873028,0.07604902,0.036648143,GOOD,GOOD,
2025-03-19 00:00:00+00:00,0.41,0.41000000000000003,,0.8873028,0.07604902,0.036648143,GOOD,GOOD,
2025-03-19 01:00:00+00:00,0.41,0.41000000000000003,,0.8873028,0.07604902,0.036648143,GOOD,GOOD,
2025-03-19 02:00:00+00:00,0.42,0.42000000000000004,,0.8873028,0.07604902,0.036648143,GOOD,GOOD,
2025-03-19 03:00:00+00:00,0.39,0.3900000000000001,,0.8873028,0.07604902,0.036648143,GOOD,GOOD,
2025-03-19 04:00:00+00:00,0.39,0.3900000000000001,,0.8873028,0.07604902,0.036648143,GOOD,GOOD,
2025-03-19 05:00:00+00:00,0.39,0.3900000000000001,,0.8873028,0.07604902,0.036648143,GOOD,GOOD,
2025-03-19 06:00:00+00:00,0.445,0.44500000000000006,,0.8873028,0.07604902,0.036648143,GOOD,GOOD,
2025-03-19 07:00:00+00:00,0.43,0.43000000000000005,,0.8873028,0.07604902,0.036648143,GOOD,GOOD,
2025-03-19 08:00:00+00:00,0.435,0.4350000000000001,,0.8873028,0.07604902,0.036648143,GOOD,GOOD,
2025-03-19 09:00:00+00:00,0.485,0.4850000000000001,,0.8873028,0.07604902,0.036648143,GOOD,GOOD,
2025-03-19 10:00:00+00:00,0.41500000000000004,0.41500000000000015,,0.8873028,0.07604902,0.036648143,GOOD,GOOD,
2025-03-19 11:00:00+00:00,0.375,0.3750000000000001,,0.8873028,0.07604902,0.036648143,GOOD,GOOD,
2025-03-19 12:00:00+00:00,0.43,0.43000000000000005,,0.8873028,0.07604902,0.036648143,GOOD,GOOD,
2025-03-19 13:00:00+00:00,0.34,0.34000000000000014,,0.8873028,0.07604902,0.036648143,GOOD,GOOD,
2025-03-19 14:00:00+00:00,0.34,0.34000000000000014,,0.8873028,0.07604902,0.036648143,GOOD,GOOD,
2025-03-19 15:00:00+00:00,0.365,0.3650000000000001,,0.8873028,0.07604902,0.036648143,GOOD,GOOD,
2025-03-19 16:00:00+00:00,0.365,0.3650000000000001,,0.8873028,0.07604902,0.036648143,GOOD,GOOD,
2025-03-19 17:00:00+00:00,0.35,0.35000000000000003,,0.8873028,0.07604902,0.036648143,GOOD,GOOD,
2025-03-19 18:00:00+00:00,0.4,0.40000000000000013,,0.8873028,0.07604902,0.036648143,GOOD,GOOD,
2025-03-19 19:00:00+00:00,0.35,0.35000000000000003,,0.8873028,0.07604902,0.036648143,GOOD,GOOD,
2025-03-19 20:00:00+00:00,0.375,0.3750000000000001,,0.8873028,0.07604902,0.036648143,GOOD,GOOD,
2025-03-19 21:00:00+00:00,0.37,0.37000000000000005,,0.8873028,0.07604902,0.036648143,GOOD,GOOD,
2025-03-19 22:00:00+00:00,0.35,0.35000000000000003,,0.8873028,0.07604902,0.036648143,GOOD,GOOD,
2025-03-19 23:00:00+00:00,0.32,0.32000000000000006,,0.8873028,0.07604902,0.036648143,GOOD,GOOD,
2025-03-20 00:00:00+00:00,0.32999999999999996,0.33000000000000007,,0.8873028,0.07604902,0.036648143,GOOD,GOOD,
2025-03-20 01:00:00+00:00,0.365,0.3650000000000001,,0.8873028,0.07604902,0.036648143,GOOD,GOOD,
2025-03-20 02:00:00+00:00,0.31,0.31000000000000005,,0.8873028,0.07604902,0.036648143,GOOD,GOOD,
2025-03-20 03:00:00+00:00,0.28500000000000003,0.2850000000000001,,0.8873028,0.07604902,0.036648143,GOOD,GOOD,
2025-03-20 04:00:00+00:00,0.31,0.31000000000000005,,0.8873028,0.07604902,0.036648143,GOOD,GOOD,
2025-03-20 05:00:00+00:00,0.30000000000000004,0.3000000000000001,,0.8873028,0.07604902,0.036648143,GOOD,GOOD,
2025-03-20 06:00:00+00:00,0.3,0.30000000000000004,,0.8873028,0.07604902,0.036648143,GOOD,GOOD,
2025-03-20 07:00:00+00:00,0.3,0.30000000000000004,,0.8873028,0.07604902,0.036648143,GOOD,GOOD,
2025-03-20 08:00:00+00:00,0.33499999999999996,0.335,,0.8873028,0.07604902,0.036648143,GOOD,GOOD,
2025-03-20 09:00:00+00:00,0.325,0.32500000000000007,,0.8873028,0.07604902,0.036648143,GOOD,GOOD,
2025-03-20 10:00:00+00:00,0.32,0.32000000000000006,,0.8873028,0.07604902,0.036648143,GOOD,GOOD,
2025-03-20 11:00:00+00:00,0.31,0.31000000000000005,,0.8873028,0.07604902,0.036648143,GOOD,GOOD,
2025-03-20 12:00:00+00:00,0.28,0.28000000000000014,,0.8873028,0.07604902,0.036648143,GOOD,GOOD,
2025-03-20 13:00:00+00:00,0.35,0.35000000000000003,,0.8873028,0.07604902,0.036648143,GOOD,GOOD,
2025-03-20 14:00:00+00:00,0.33499999999999996,0.335,,0.8873028,0.07604902,0.036648143,GOOD,GOOD,
2025-03-20 15:00:00+00:00,0.31,0.31000000000000005,,0.8873028,0.07604902,0.036648143,GOOD,GOOD,
2025-03-20 16:00:00+00:00,0.30000000000000004,0.3000000000000001,,0.8873028,0.07604902,0.036648143,GOOD,GOOD,
2025-03-20 17:00:00+00:00,0.335,0.3350000000000001,,0.8873028,0.07604902,0.036648143,GOOD,GOOD,
2025-03-20 18:00:00+00:00,0.33,0.3300000000000001,,0.8873028,0.07604902,0.036648143,GOOD,GOOD,
2025-03-20 19:00:00+00:00,0.305,0.3050000000000001,,0.8873028,0.07604902,0.036648143,GOOD,GOOD,
2025-03-20 20:00:00+00:00,0.37,0.37000000000000005,,0.8873028,0.07604902,0.036648143,GOOD,GOOD,
2025-03-20 21:00:00+00:00,0.33999999999999997,0.3400000000000001,,0.8873028,0.07604902,0.036648143,GOOD,GOOD,
2025-03-20 22:00:00+00:00,0.35,0.35000000000000003,,0.8873028,0.07604902,0.036648143,GOOD,GOOD,
2025-03-20 23:00:00+00:00,0.35,0.35000000000000003,,0.8873028,0.07604902,0.036648143,GOOD,GOOD,
2025-03-21 00:00:00+00:00,0.33,0.3300000000000001,,0.8873028,0.07604902,0.036648143,GOOD,GOOD,
2025-03-21 01:00:00+00:00,0.4,0.40000000000000013,,0.8873028,0.07604902,0.036648143,GOOD,GOOD,
2025-03-21 02:00:00+00:00,0.345,0.34500000000000003,,0.8873028,0.07604902,0.036648143,GOOD,GOOD,
2025-03-21 03:00:00+00:00,0.32,0.32000000000000006,,0.8873028,0.07604902,0.036648143,GOOD,GOOD,
2025-03-21 04:00:00+00:00,0.28,0.28000000000000014,,0.8873028,0.07604902,0.036648143,GOOD,GOOD,
2025-03-21 05:00:00+00:00,0.33999999999999997,0.3400000000000001,,0.8873028,0.07604902,0.036648143,GOOD,GOOD,
2025-03-21 06:00:00+00:00,0.32,0.32000000000000006,,0.8873028,0.07604902,0.036648143,GOOD,GOOD,
2025-03-21 07:00:00+00:00,0.31,0.31000000000000005,,0.8873028,0.07604902,0.036648143,GOOD,GOOD,
2025-03-21 08:00:00+00:00,0.315,0.31500000000000006,,0.8873028,0.07604902,0.036648143,GOOD,GOOD,
2025-03-21 09:00:00+00:00,0.33,0.3300000000000001,,0.8873028,0.07604902,0.036648143,GOOD,GOOD,
2025-03-21 10:00:00+00:00,0.32,0.32000000000000006,,0.8873028,0.07604902,0.036648143,GOOD,GOOD,
2025-03-21 11:00:00+00:00,0.345,0.34500000000000003,,0.8873028,0.07604902,0.036648143,GOOD,GOOD,
2025-03-21 12:00:00+00:00,0.32,0.32000000000000006,,0.8873028,0.07604902,0.036648143,GOOD,GOOD,
2025-03-21 13:00:00+00:00,0.355,0.35500000000000004,,0.8873028,0.07604902,0.036648143,GOOD,GOOD,
2025-03-21 14:00:00+00:00,0.36166666666666664,0.3616666666666667,,0.8873028,0.07604902,0.036648143,GOOD,GOOD,
2025-03-21 15:00:00+00:00,0.36833333333333335,0.3683333333333334,,0.8873028,0.07604902,0.036648143,GOOD,GOOD,
2025-03-21 16:00:00+00:00,0.375,0.3750000000000001,,0.8873028,0.07604902,0.036648143,GOOD,GOOD,
2025-03-21 17:00:00+00:00,0.335,0.3350000000000001,,0.8873028,0.07604902,0.036648143,GOOD,GOOD,
2025-03-21 18:00:00+00:00,0.34,0.34000000000000014,,0.8873028,0.07604902,0.036648143,GOOD,GOOD,
2025-03-21 19:00:00+00:00,0.345,0.34500000000000003,,0.8873028,0.07604902,0.036648143,GOOD,GOOD,
2025-03-21 20:00:00+00:00,0.335,0.3350000000000001,,0.8873028,0.07604902,0.036648143,GOOD,GOOD,
2025-03-21 21:00:00+00:00,0.355,0.35500000000000004,,0.8873028,0.07604902,0.036648143,GOOD,GOOD,
2025-03-21 22:00:00+00:00,0.41,0.41000000000000003,,0.8873028,0.07604902,0.036648143,GOOD,GOOD,
2025-03-21 23:00:00+00:00,0.355,0.35500000000000004,,0.8873028,0.07604902,0.036648143,GOOD,GOOD,
2025-03-22 00:00:00+00:00,0.345,1.227972133116711,,0.8873028,0.07604902,0.036648143,BAD,GOOD,C_level_shift
2025-03-22 01:00:00+00:00,0.3675,1.2504721331167112,,0.8873028,0.07604902,0.036648143,BAD,GOOD,C_level_shift
2025-03-22 02:00:00+00:00,0.39,1.2729721331167112,,0.8873028,0.07604902,0.036648143,BAD,GOOD,C_level_shift
2025-03-22 03:00:00+00:00,0.37,1.2529721331167112,,0.8873028,0.07604902,0.036648143,BAD,GOOD,C_level_shift
2025-03-22 04:00:00+00:00,0.365,1.247972133116711,,0.8873028,0.07604902,0.036648143,BAD,GOOD,C_level_shift
2025-03-22 05:00:00+00:00,0.35,1.2329721331167112,,0.8873028,0.07604902,0.036648143,BAD,GOOD,C_level_shift
2025-03-22 06:00:00+00:00,0.37,1.2529721331167112,,0.8873028,0.07604902,0.036648143,BAD,GOOD,C_level_shift
2025-03-22 07:00:00+00:00,0.385,1.267972133116711,,0.8873028,0.07604902,0.036648143,BAD,GOOD,C_level_shift
2025-03-22 08:00:00+00:00,0.405,1.287972133116711,,0.8873028,0.07604902,0.036648143,BAD,GOOD,C_level_shift
2025-03-22 09:00:00+00:00,0.425,1.3079721331167111,,0.8873028,0.07604902,0.036648143,BAD,GOOD,C_level_shift
2025-03-22 10:00:00+00:00,0.42,1.3029721331167112,,0.8873028,0.07604902,0.036648143,BAD,GOOD,C_level_shift
2025-03-22 11:00:00+00:00,0.405,1.287972133116711,,0.8873028,0.07604902,0.036648143,BAD,GOOD,C_level_shift
2025-03-22 12:00:00+00:00,0.39,0.3900000000000001,,0.8873028,0.07604902,0.036648143,GOOD,GOOD,
2025-03-22 13:00:00+00:00,0.35,0.35000000000000003,,0.8873028,0.07604902,0.036648143,GOOD,GOOD,
2025-03-22 14:00:00+00:00,0.33,0.3300000000000001,,0.8873028,0.07604902,0.036648143,GOOD,GOOD,
2025-03-22 15:00:00+00:00,0.33499999999999996,0.335,,0.8873028,0.07604902,0.036648143,GOOD,GOOD,
2025-03-22 16:00:00+00:00,0.375,0.3750000000000001,,0.8873028,0.07604902,0.036648143,GOOD,GOOD,
2025-03-22 17:00:00+00:00,0.33499999999999996,0.335,,0.8873028,0.07604902,0.036648143,GOOD,GOOD,
2025-03-22 18:00:00+00:00,0.37,0.37000000000000005,,0.8873028,0.07604902,0.036648143,GOOD,GOOD,
2025-03-22 19:00:00+00:00,0.365,0.3650000000000001,,0.8873028,0.07604902,0.036648143,GOOD,GOOD,
2025-03-22 20:00:00+00:00,0.38,0.38000000000000006,,0.8873028,0.07604902,0.036648143,GOOD,GOOD,
2025-03-22 21:00:00+00:00,0.35,0.35000000000000003,,0.8873028,0.07604902,0.036648143,GOOD,GOOD,
2025-03-22 22:00:00+00:00,0.36,0.36000000000000004,,0.8873028,0.07604902,0.036648143,GOOD,GOOD,
2025-03-22 23:00:00+00:00,0.355,0.35500000000000004,,0.8873028,0.07604902,0.036648143,GOOD,GOOD,
2025-03-23 00:00:00+00:00,0.355,0.35500000000000004,,0.8873028,0.07604902,0.036648143,GOOD,GOOD,
2025-03-23 01:00:00+00:00,0.35,0.35000000000000003,,0.8873028,0.07604902,0.036648143,GOOD,GOOD,
2025-03-23 02:00:00+00:00,0.345,0.34500000000000003,,0.8873028,0.07604902,0.036648143,GOOD,GOOD,
2025-03-23 03:00:00+00:00,0.33999999999999997,0.3400000000000001,,0.8873028,0.07604902,0.036648143,GOOD,GOOD,
2025-03-23 04:00:00+00:00,0.33499999999999996,0.335,,0.8873028,0.07604902,0.036648143,GOOD,GOOD,
2025-03-23 05:00:00+00:00,0.35,0.35000000000000003,,0.8873028,0.07604902,0.036648143,GOOD,GOOD,
2025-03-23 06:00:00+00:00,0.345,0.34500000000000003,,0.8873028,0.07604902,0.036648143,GOOD,GOOD,
2025-03-23 07:00:00+00:00,0.33,0.3300000000000001,,0.8873028,0.07604902,0.036648143,GOOD,GOOD,
2025-03-23 08:00:00+00:00,0.345,0.34500000000000003,,0.8873028,0.07604902,0.036648143,GOOD,GOOD,
2025-03-23 09:00:00+00:00,0.33999999999999997,0.3400000000000001,,0.8873028,0.07604902,0.036648143,GOOD,GOOD,
2025-03-23 10:00:00+00:00,0.335,0.3350000000000001,,0.8873028,0.07604902,0.036648143,GOOD,GOOD,
2025-03-23 11:00:00+00:00,0.33999999999999997,0.3400000000000001,,0.8873028,0.07604902,0.036648143,GOOD,GOOD,
2025-03-23 12:00:00+00:00,0.32999999999999996,0.33000000000000007,,0.8873028,0.07604902,0.036648143,GOOD,GOOD,
2025-03-23 13:00:00+00:00,0.31,0.31000000000000005,,0.8873028,0.07604902,0.036648143,GOOD,GOOD,
2025-03-23 14:00:00+00:00,0.32,0.32000000000000006,,0.8873028,0.07604902,0.036648143,GOOD,GOOD,
2025-03-23 15:00:00+00:00,0.365,0.3650000000000001,0.34649065,0.94637346,0.037285868,0.016340662,GOOD,GOOD,
2025-03-23 16:00:00+00:00,0.34,0.34000000000000014,0.37600657,0.9719035,0.017385557,0.01071095,GOOD,GOOD,
2025-03-23 17:00:00+00:00,0.34,0.34000000000000014,0.3785381,0.974292,0.01156257,0.014145424,GOOD,GOOD,
2025-03-23 18:00:00+00:00,0.32,0.32000000000000006,0.37318984,0.97207767,0.016816385,0.011105956,GOOD,GOOD,
2025-03-23 19:00:00+00:00,0.31,0.31000000000000005,0.35824698,0.9410691,0.027693136,0.031237723,GOOD,GOOD,
2025-03-23 20:00:00+00:00,0.3125,0.31250000000000006,0.3446621,0.95443356,0.019003004,0.026563458,BAD,GOOD,E_stuck
2025-03-23 21:00:00+00:00,0.315,0.31250000000000006,0.3413216,0.8351824,0.03532632,0.12949124,BAD,GOOD,E_stuck
2025-03-23 22:00:00+00:00,0.3,0.31250000000000006,0.34206712,0.7581396,0.04010247,0.20175795,BAD,GOOD,E_stuck
2025-03-23 23:00:00+00:00,0.315,0.31500000000000006,0.34290275,0.8689383,0.032046616,0.09901506,GOOD,GOOD,
2025-03-24 00:00:00+00:00,0.31,0.31000000000000005,0.3446256,0.9510905,0.020705491,0.02820402,GOOD,GOOD,
2025-03-24 01:00:00+00:00,0.295,0.29500000000000004,0.3425003,0.9478055,0.026826542,0.025367966,GOOD,GOOD,
2025-03-24 02:00:00+00:00,0.32499999999999996,0.325,0.33188808,0.940469,0.035608508,0.02392247,GOOD,GOOD,
2025-03-24 03:00:00+00:00,0.29,0.29000000000000004,0.34393808,0.89668024,0.062573336,0.04074645,GOOD,GOOD,
2025-03-24 04:00:00+00:00,0.33999999999999997,0.3400000000000001,0.33279493,0.890539,0.07557884,0.033882156,GOOD,GOOD,
2025-03-24 05:00:00+00:00,0.35,0.35000000000000003,0.35280442,0.96541923,0.019731665,0.014849114,GOOD,GOOD,
2025-03-24 06:00:00+00:00,0.35,0.35000000000000003,0.37400123,0.9276065,0.020309009,0.052084476,GOOD,GOOD,
2025-03-24 07:00:00+00:00,0.35,0.35000000000000003,0.38160378,0.73610836,0.029301535,0.2345901,GOOD,GOOD,
2025-03-24 08:00:00+00:00,0.32,0.32000000000000006,0.3817657,0.9616017,0.021436406,0.016961941,GOOD,GOOD,
2025-03-24 09:00:00+00:00,0.355,0.35500000000000004,0.36258098,0.924267,0.04753386,0.02819915,GOOD,GOOD,
2025-03-24 10:00:00+00:00,0.32,0.32000000000000006,0.37246045,0.9488498,0.03054206,0.02060813,GOOD,GOOD,
2025-03-24 11:00:00+00:00,0.31,0.31000000000000005,0.3616318,0.9609019,0.019041656,0.020056436,GOOD,GOOD,
2025-03-24 12:00:00+00:00,0.32,0.32000000000000006,0.3463404,0.9668134,0.015162934,0.018023692,GOOD,GOOD,
2025-03-24 13:00:00+00:00,0.33,0.3300000000000001,0.3459067,0.8505443,0.033803236,0.11565251,GOOD,GOOD,
2025-03-24 14:00:00+00:00,0.33999999999999997,0.3400000000000001,0.35492402,0.86756116,0.032107208,0.100331634,GOOD,GOOD,
2025-03-24 15:00:00+00:00,0.33999999999999997,0.3400000000000001,0.36604375,0.89030164,0.026707504,0.08299083,GOOD,GOOD,
2025-03-24 16:00:00+00:00,0.345,0.34500000000000003,0.37058386,0.893455,0.027309628,0.07923533,GOOD,GOOD,
2025-03-24 17:00:00+00:00,0.39,0.3900000000000001,0.37400422,0.84676045,0.0939627,0.05927684,GOOD,GOOD,
2025-03-24 18:00:00+00:00,0.37,0.37000000000000005,0.40275764,0.89749426,0.060150247,0.04235552,GOOD,GOOD,
2025-03-24 19:00:00+00:00,0.36,0.36000000000000004,0.40679488,0.9662837,0.01516963,0.018546702,GOOD,GOOD,
2025-03-24 20:00:00+00:00,0.35,0.35000000000000003,0.3966329,0.8150921,0.030033568,0.15487435,GOOD,GOOD,
2025-03-24 21:00:00+00:00,0.31,0.31000000000000005,0.3844814,0.93828267,0.03811504,0.02360231,GOOD,GOOD,
2025-03-24 22:00:00+00:00,0.31,0.31000000000000005,0.3556276,0.96616817,0.017366532,0.016465332,GOOD,GOOD,
2025-03-24 23:00:00+00:00,0.345,0.34500000000000003,0.34093356,0.9588429,0.02665416,0.014502959,GOOD,GOOD,
2025-03-25 00:00:00+00:00,0.345,0.34500000000000003,0.35945377,0.9685812,0.0141940145,0.017224796,GOOD,GOOD,
2025-03-25 01:00:00+00:00,0.35,0.35000000000000003,0.37322322,0.8680023,0.024412422,0.107585266,GOOD,GOOD,
2025-03-25 02:00:00+00:00,0.325,0.32500000000000007,0.3796963,0.9694816,0.016196514,0.014321891,GOOD,GOOD,
2025-03-25 03:00:00+00:00,0.42000000000000004,0.4200000000000001,0.3658007,0.78176653,0.1476037,0.07062977,GOOD,GOOD,
2025-03-25 04:00:00+00:00,0.325,0.02,0.41438448,0.2571982,0.19816954,0.54463226,BAD,GOOD,C_level_shift
2025-03-25 05:00:00+00:00,0.32,0.02,0.21311621,0.33191812,0.3805278,0.28755406,BAD,SUSPECT,C_level_shift
2025-03-25 06:00:00+00:00,0.33999999999999997,0.02,0.078232095,0.5998727,0.19863082,0.20149647,BAD,GOOD,C_level_shift
2025-03-25 07:00:00+00:00,0.34,0.02,0.03844125,0.5999856,0.19972526,0.20028915,BAD,GOOD,C_level_shift
2025-03-25 08:00:00+00:00,0.325,0.02,0.04102026,0.5843568,0.21745495,0.1981883,BAD,GOOD,C_level_shift
2025-03-25 09:00:00+00:00,0.30000000000000004,0.02,0.049007867,0.6462177,0.16254714,0.19123515,BAD,GOOD,C_level_shift
2025-03-25 10:00:00+00:00,0.29500000000000004,0.02,0.05235143,0.64001346,0.17479278,0.18519379,BAD,GOOD,C_level_shift
2025-03-25 11:00:00+00:00,0.29000000000000004,0.02,0.05258772,0.6727766,0.1505841,0.17663935,BAD,GOOD,C_level_shift
2025-03-25 12:00:00+00:00,0.3,0.02,0.0521815,0.6935617,0.114392385,0.19204597,BAD,GOOD,C_level_shift
2025-03-25 13:00:00+00:00,0.29,0.02,0.052005764,0.735654,0.069369406,0.19497657,BAD,GOOD,C_level_shift
2025-03-25 14:00:00+00:00,0.28,0.02,0.052016225,0.7601637,0.041585274,0.198251,BAD,GOOD,C_level_shift
2025-03-25 15:00:00+00:00,0.25,0.02,0.052027382,0.7269102,0.034794714,0.23829511,BAD,GOOD,C_level_shift
2025-03-25 16:00:00+00:00,0.28,0.02,0.051962875,0.6341943,0.042213567,0.32359213,BAD,GOOD,C_level_shift
2025-03-25 17:00:00+00:00,0.28500000000000003,0.02,0.051832348,0.5957309,0.046304785,0.35796434,BAD,GOOD,C_level_shift
2025-03-25 18:00:00+00:00,0.28500000000000003,0.02,0.051670443,0.5821955,0.048774943,0.36902958,BAD,GOOD,C_level_shift
2025-03-25 19:00:00+00:00,0.29500000000000004,0.02,0.051506616,0.56894827,0.049114656,0.38193712,BAD,GOOD,C_level_shift
2025-03-25 20:00:00+00:00,0.28,0.02,0.051360343,0.538598,0.051461186,0.4099408,BAD,GOOD,C_level_shift
2025-03-25 21:00:00+00:00,0.27,0.02,0.051242776,0.5204262,0.05296245,0.42661133,BAD,GOOD,C_level_shift
2025-03-25 22:00:00+00:00,0.245,0.02,0.05115886,0.5075569,0.053971644,0.4384714,BAD,GOOD,C_level_shift
2025-03-25 23:00:00+00:00,0.275,0.02,0.051109057,0.50002664,0.05415759,0.44581577,BAD,GOOD,C_level_shift
2025-03-26 00:00:00+00:00,0.3,0.02,0.05109011,0.49147016,0.05447819,0.45405164,BAD,GOOD,C_level_shift
2025-03-26 01:00:00+00:00,0.305,0.02,0.051096853,0.48146296,0.05497831,0.46355873,BAD,GOOD,C_level_shift
2025-03-26 02:00:00+00:00,0.315,0.02,0.05112312,0.46818233,0.055649213,0.47616845,BAD,GOOD,C_level_shift
2025-03-26 03:00:00+00:00,0.305,0.02,0.051162463,0.46768993,0.054807782,0.4775023,BAD,GOOD,C_level_shift
2025-03-26 04:00:00+00:00,0.29,0.02,0.051209304,0.42292476,0.05997254,0.5171027,BAD,GOOD,C_level_shift
2025-03-26 05:00:00+00:00,0.275,0.02,0.051258642,0.4003061,0.061946757,0.53774714,BAD,GOOD,C_level_shift
2025-03-26 06:00:00+00:00,0.22999999999999998,0.02,0.051307052,0.38824677,0.06310768,0.54864556,BAD,GOOD,C_level_shift
2025-03-26 07:00:00+00:00,0.22999999999999998,0.02,0.051351625,0.38148248,0.06305553,0.555462,BAD,GOOD,C_level_shift
2025-03-26 08:00:00+00:00,0.26,0.02,0.051390797,0.37671757,0.06276028,0.56052214,BAD,GOOD,C_level_shift
2025-03-26 09:00:00+00:00,0.26,0.02,0.051423687,0.37082243,0.06232558,0.566852,BAD,GOOD,C_level_shift
2025-03-26 10:00:00+00:00,0.25,0.02,0.05145019,0.36537522,0.06218611,0.57243866,BAD,GOOD,C_level_shift
2025-03-26 11:00:00+00:00,0.215,0.02,0.051470354,0.36596036,0.06151772,0.5725219,BAD,GOOD,C_level_shift
2025-03-26 12:00:00+00:00,0.235,0.02,0.051484883,0.3625207,0.061124917,0.5763544,BAD,GOOD,C_level_shift
2025-03-26 13:00:00+00:00,0.20500000000000002,0.02,0.051494412,0.3579107,0.060838565,0.5812507,BAD,GOOD,C_level_shift
2025-03-26 14:00:00+00:00,0.20500000000000002,0.02,0.051499933,0.35231686,0.060911696,0.5867714,BAD,GOOD,C_level_shift
2025-03-26 15:00:00+00:00,0.21,0.02,0.051502258,0.34718227,0.061007574,0.59181017,BAD,GOOD,C_level_shift
2025-03-26 16:00:00+00:00,0.24,0.02,0.051502027,0.3413154,0.06117569,0.5975089,BAD,GOOD,C_level_shift
2025-03-26 17:00:00+00:00,0.22499999999999998,0.02,0.051500052,0.33608794,0.061712913,0.60219914,BAD,GOOD,C_level_shift
2025-03-26 18:00:00+00:00,0.21000000000000002,0.02,0.05149691,0.33121282,0.062742606,0.6060446,BAD,GOOD,C_level_shift
2025-03-26 19:00:00+00:00,0.22,0.02,0.05149308,0.3270582,0.06398223,0.60895956,BAD,GOOD,C_level_shift
2025-03-26 20:00:00+00:00,0.235,0.02,0.051488776,0.32266307,0.06527438,0.6120626,BAD,GOOD,C_level_shift
2025-03-26 21:00:00+00:00,0.215,0.02,0.051484477,0.31921262,0.06677153,0.6140159,BAD,GOOD,C_level_shift
2025-03-26 22:00:00+00:00,0.22499999999999998,0.02,0.05148041,0.3151132,0.06808799,0.6167988,BAD,GOOD,C_level_shift
2025-03-26 23:00:00+00:00,0.22,0.02,0.051476456,0.30947316,0.069084436,0.62144244,BAD,GOOD,C_level_shift
2025-03-27 00:00:00+00:00,0.235,0.02,0.051472854,0.3046459,0.07017652,0.62517756,BAD,GOOD,C_level_shift
2025-03-27 01:00:00+00:00,0.24,0.02,0.051469833,0.3000455,0.07136874,0.62858576,BAD,GOOD,C_level_shift
2025-03-27 02:00:00+00:00,0.225,0.02,0.051467158,0.2970584,0.072744325,0.6301973,BAD,GOOD,C_level_shift
2025-03-27 03:00:00+00:00,0.22,0.02,0.051464833,0.29258227,0.07320766,0.63421005,BAD,GOOD,C_level_shift
2025-03-27 04:00:00+00:00,0.265,0.02,0.051462915,0.29462802,0.07763116,0.6277408,BAD,GOOD,C_level_shift
2025-03-27 05:00:00+00:00,0.22999999999999998,0.02,0.051461346,0.28731942,0.082393005,0.6302876,BAD,GOOD,C_level_shift
2025-03-27 06:00:00+00:00,0.265,0.02,0.05146007,0.277201,0.08610064,0.63669837,BAD,GOOD,C_level_shift
2025-03-27 07:00:00+00:00,0.31000000000000005,0.02,0.051459197,0.26715475,0.089444324,0.6434009,BAD,GOOD,C_level_shift
2025-03-27 08:00:00+00:00,0.32,0.02,0.05145838,0.2578051,0.092853725,0.64934117,BAD,GOOD,C_level_shift
2025-03-27 09:00:00+00:00,0.365,0.02,0.051457744,0.2483173,0.09629497,0.6553877,BAD,GOOD,C_level_shift
2025-03-27 10:00:00+00:00,0.35,0.02,0.05145722,0.2360763,0.09831135,0.66561234,BAD,GOOD,C_level_shift
2025-03-27 11:00:00+00:00,0.365,0.02,0.05145693,0.22425848,0.10029329,0.67544824,BAD,GOOD,C_level_shift
2025-03-27 12:00:00+00:00,0.33499999999999996,0.02,0.051456697,0.21199834,0.10209147,0.68591017,BAD,GOOD,C_level_shift
2025-03-27 13:00:00+00:00,0.315,0.02,0.051456407,0.19841194,0.10355804,0.69803,BAD,GOOD,C_level_shift
2025-03-27 14:00:00+00:00,0.33999999999999997,0.02,0.05145629,0.18560648,0.10489731,0.7094962,BAD,BAD,C_level_shift
2025-03-27 15:00:00+00:00,0.365,0.02,0.05145623,0.17350352,0.10612853,0.72036797,BAD,BAD,C_level_shift
2025-03-27 16:00:00+00:00,0.41000000000000003,0.02,0.051456176,0.1619798,0.10728508,0.7307351,BAD,BAD,C_level_shift
2025-03-27 17:00:00+00:00,0.395,0.02,0.05145623,0.15127873,0.10828987,0.7404314,BAD,BAD,C_level_shift
2025-03-27 18:00:00+00:00,0.47,0.02,0.051456176,0.14097762,0.10927006,0.74975234,BAD,BAD,C_level_shift
2025-03-27 19:00:00+00:00,0.5,0.02,0.051456116,0.13118005,0.110195264,0.7586247,BAD,BAD,C_level_shift
2025-03-27 20:00:00+00:00,0.43000000000000005,0.02,0.051456176,0.12276435,0.11106067,0.766175,BAD,BAD,C_level_shift
2025-03-27 21:00:00+00:00,0.455,0.02,0.051456176,0.11508834,0.11206054,0.7728511,BAD,BAD,C_level_shift
2025-03-27 22:00:00+00:00,0.46499999999999997,0.02,0.051456116,0.10743582,0.11331046,0.7792537,BAD,BAD,C_level_shift
2025-03-27 23:00:00+00:00,0.445,0.02,0.051456116,0.1009472,0.11411243,0.78494036,BAD,BAD,C_level_shift
2025-03-28 00:00:00+00:00,0.465,0.02,0.051456116,0.09722328,0.114570074,0.78820664,BAD,BAD,C_level_shift
2025-03-28 01:00:00+00:00,0.38,0.02,0.051456116,0.09722358,0.114566274,0.78821015,BAD,BAD,C_level_shift
2025-03-28 02:00:00+00:00,0.395,0.02,0.051456116,0.097224,0.114562556,0.78821343,BAD,BAD,C_level_shift
2025-03-28 03:00:00+00:00,0.385,0.02,0.051456116,0.097224414,0.114559114,0.7882165,BAD,BAD,C_level_shift
2025-03-28 04:00:00+00:00,0.405,0.4050000000000001,0.051456116,0.53856075,0.25566903,0.20577021,GOOD,GOOD,
2025-03-28 05:00:00+00:00,0.39,0.3900000000000001,0.2734163,0.53856075,0.25566903,0.20577021,GOOD,GOOD,
2025-03-28 06:00:00+00:00,0.395,0.3950000000000001,0.4135796,0.53856075,0.25566903,0.20577021,GOOD,GOOD,
2025-03-28 07:00:00+00:00,0.45,0.4500000000000001,0.44251758,0.53856075,0.25566903,0.20577021,GOOD,GOOD,
2025-03-28 08:00:00+00:00,0.45999999999999996,0.4600000000000001,0.46820843,0.53856075,0.25566903,0.20577021,GOOD,GOOD,
2025-03-28 09:00:00+00:00,0.45,0.4500000000000001,0.48625165,0.53856075,0.25566903,0.20577021,GOOD,GOOD,
2025-03-28 10:00:00+00:00,0.525,0.525,0.48492733,0.53856075,0.25566903,0.20577021,GOOD,GOOD,
2025-03-28 11:00:00+00:00,0.405,0.4050000000000001,0.52856684,0.53856075,0.25566903,0.20577021,GOOD,GOOD,
2025-03-28 12:00:00+00:00,0.36,0.36000000000000004,0.47652754,0.53856075,0.25566903,0.20577021,GOOD,GOOD,
2025-03-28 13:00:00+00:00,0.39,0.3900000000000001,0.4115388,0.53856075,0.25566903,0.20577021,GOOD,GOOD,
2025-03-28 14:00:00+00:00,0.315,0.31500000000000006,0.40467462,0.53856075,0.25566903,0.20577021,GOOD,GOOD,
2025-03-28 15:00:00+00:00,0.375,0.3750000000000001,0.36808464,0.53856075,0.25566903,0.20577021,GOOD,GOOD,
2025-03-28 16:00:00+00:00,0.4,0.40000000000000013,0.3828196,0.9376851,0.041995317,0.020319622,GOOD,GOOD,
2025-03-28 17:00:00+00:00,0.4,0.40000000000000013,0.41514337,0.9700309,0.013213292,0.016755834,GOOD,GOOD,
2025-03-28 18:00:00+00:00,0.37,0.37000000000000005,0.4298025,0.97522795,0.013434817,0.011337226,GOOD,GOOD,
2025-03-28 19:00:00+00:00,0.42,0.42000000000000004,0.4132358,0.94954693,0.033853576,0.016599484,GOOD,GOOD,
2025-03-28 20:00:00+00:00,0.44,0.4400000000000001,0.43215024,0.9709018,0.018993583,0.010104657,GOOD,GOOD,
2025-03-28 21:00:00+00:00,0.32999999999999996,0.33000000000000007,0.45980293,0.80802965,0.12225216,0.06971816,GOOD,GOOD,
2025-03-28 22:00:00+00:00,0.42500000000000004,0.42500000000000016,0.40351063,0.88159,0.08295672,0.035453275,GOOD,GOOD,
2025-03-28 23:00:00+00:00,0.39,0.3900000000000001,0.4236758,0.97502387,0.014775189,0.010200965,GOOD,GOOD,
2025-03-29 00:00:00+00:00,0.35,0.35000000000000003,0.42707944,0.9570897,0.02539238,0.017517883,GOOD,GOOD,
2025-03-29 01:00:00+00:00,0.385,0.38500000000000006,0.39865297,0.9767009,0.014669893,0.008629218,GOOD,GOOD,
2025-03-29 02:00:00+00:00,0.305,0.3050000000000001,0.40315348,0.8539691,0.09925231,0.046778586,GOOD,GOOD,
2025-03-29 03:00:00+00:00,0.315,0.31500000000000006,0.36378238,0.9675484,0.017648173,0.014803482,GOOD,GOOD,
2025-03-29 04:00:00+00:00,0.345,0.34500000000000003,0.3446959,0.9628256,0.023065966,0.014108456,GOOD,GOOD,
2025-03-29 05:00:00+00:00,0.33499999999999996,0.335,0.3603945,0.94882643,0.018462429,0.032711152,GOOD,GOOD,
2025-03-29 06:00:00+00:00,0.31,0.31000000000000005,0.36714962,0.9514436,0.021663247,0.026893118,GOOD,GOOD,
2025-03-29 07:00:00+00:00,0.375,0.3750000000000001,0.35194737,0.9401888,0.042708233,0.017102916,GOOD,GOOD,
2025-03-29 08:00:00+00:00,0.335,0.3350000000000001,0.38092947,0.9723238,0.015442979,0.012233262,GOOD,GOOD,
2025-03-29 09:00:00+00:00,0.33,0.3300000000000001,0.37775692,0.8752324,0.024359934,0.10040767,GOOD,GOOD,
2025-03-29 10:00:00+00:00,0.32625000000000004,0.3262500000000001,0.3657587,0.7587478,0.027904954,0.21334721,GOOD,GOOD,
2025-03-29 11:00:00+00:00,0.3225,0.32250000000000006,0.3579095,0.7632728,0.027141592,0.20958559,GOOD,GOOD,
2025-03-29 12:00:00+00:00,0.31875,0.31875000000000003,0.3536467,0.75111425,0.02945994,0.21942583,GOOD,GOOD,
2025-03-29 14:00:00+00:00,0.31125,0.31125000000000014,0.35031435,0.813822,0.027869515,0.1583085,GOOD,GOOD,
2025-03-29 15:00:00+00:00,0.3075,0.30750000000000005,0.3445641,0.7723503,0.03124388,0.19640583,GOOD,GOOD,
2025-03-29 16:00:00+00:00,0.30374999999999996,0.30375,0.33948693,0.720317,0.035547793,0.24413523,GOOD,GOOD,
2025-03-29 17:00:00+00:00,0.3,0.30000000000000004,0.3354172,0.7089703,0.036729135,0.2543006,GOOD,GOOD,
2025-03-29 18:00:00+00:00,0.30500000000000005,0.30500000000000016,0.3317382,0.8570038,0.030836267,0.11215991,GOOD,GOOD,
2025-03-29 19:00:00+00:00,0.335,0.3350000000000001,0.33330217,0.9678513,0.02040399,0.011744698,GOOD,GOOD,
2025-03-29 20:00:00+00:00,0.38,0.38000000000000006,0.35301888,0.9375016,0.042922787,0.019575585,GOOD,GOOD,
2025-03-29 21:00:00+00:00,0.29000000000000004,0.2900000000000001,0.39183012,0.8001121,0.12925467,0.07063322,GOOD,GOOD,
2025-03-29 22:00:00+00:00,0.34,0.34000000000000014,0.35590178,0.90943617,0.058942143,0.03162167,GOOD,GOOD,
2025-03-29 23:00:00+00:00,0.29500000000000004,0.2950000000000001,0.35618526,0.9363102,0.03930847,0.024381336,GOOD,GOOD,
2025-03-30 00:00:00+00:00,0.33499999999999996,0.335,0.33881605,0.94591475,0.03423554,0.019849723,GOOD,GOOD,
2025-03-30 01:00:00+00:00,0.32,0.32000000000000006,0.35121337,0.97126836,0.015439409,0.013292211,GOOD,GOOD,
2025-03-30 02:00:00+00:00,0.34,0.34000000000000014,0.35378268,0.96817344,0.016971864,0.014854699,GOOD,GOOD,
2025-03-30 03:00:00+00:00,0.275,0.2750000000000001,0.36392295,0.8268188,0.11726933,0.055911817,GOOD,GOOD,
2025-03-30 04:00:00+00:00,0.295,0.29500000000000004,0.33085322,0.95590633,0.024585668,0.01950798,GOOD,GOOD,
2025-03-30 05:00:00+00:00,0.275,0.2750000000000001,0.3204732,0.95056474,0.026540197,0.022895072,GOOD,GOOD,
2025-03-30 06:00:00+00:00,0.30000000000000004,0.3000000000000001,0.31041187,0.9620319,0.020495154,0.01747293,GOOD,GOOD,
2025-03-30 07:00:00+00:00,0.3,0.30000000000000004,0.3205741,0.92312455,0.021948585,0.054926895,GOOD,GOOD,
2025-03-30 08:00:00+00:00,0.29500000000000004,0.2950000000000001,0.32896334,0.78070676,0.032593716,0.18669952,GOOD,GOOD,
2025-03-30 09:00:00+00:00,0.29500000000000004,0.2950000000000001,0.32836467,0.68520415,0.037667956,0.27712792,GOOD,GOOD,
2025-03-30 10:00:00+00:00,0.29,0.29000000000000004,0.32632053,0.78796667,0.036287967,0.17574537,GOOD,GOOD,
2025-03-30 11:00:00+00:00,0.27,0.2700000000000001,0.3225148,0.9294105,0.032906584,0.037682883,GOOD,GOOD,
2025-03-30 12:00:00+00:00,0.32,0.32000000000000006,0.30882555,0.91074634,0.057436563,0.031817075,GOOD,GOOD,
2025-03-30 13:00:00+00:00,0.28500000000000003,0.2850000000000001,0.33100757,0.95370394,0.027333492,0.018962588,GOOD,GOOD,
2025-03-30 14:00:00+00:00,0.31,0.31000000000000005,0.32691726,0.9689512,0.017326567,0.0137222065,GOOD,GOOD,
2025-03-30 15:00:00+00:00,0.265,0.26500000000000007,0.33357275,0.93329173,0.04027069,0.026437564,GOOD,GOOD,
2025-03-30 16:00:00+00:00,0.265,0.3924118534054638,0.3125317,0.65731734,0.23604627,0.10663639,SUSPECT,GOOD,A_spike
2025-03-30 17:00:00+00:00,0.28500000000000003,0.2850000000000001,0.3745023,0.8451236,0.097399496,0.05747692,GOOD,GOOD,
2025-03-30 18:00:00+00:00,0.355,0.35500000000000004,0.35225135,0.8792674,0.07421438,0.046518236,GOOD,GOOD,
2025-03-30 19:00:00+00:00,0.34,0.34000000000000014,0.36590666,0.9721715,0.015090311,0.0127382055,GOOD,GOOD,
2025-03-30 20:00:00+00:00,0.31,0.31000000000000005,0.3720163,0.95752513,0.02005688,0.022418013,GOOD,GOOD,
2025-03-30 21:00:00+00:00,0.32999999999999996,0.33000000000000007,0.3537546,0.9745837,0.014094914,0.011321388,GOOD,GOOD,
2025-03-30 22:00:00+00:00,0.31,0.31000000000000005,0.3538181,0.9732218,0.012784341,0.0139938835,GOOD,GOOD,
2025-03-30 23:00:00+00:00,0.37,0.37000000000000005,0.34625742,0.9130806,0.05737107,0.029548328,GOOD,GOOD,
2025-03-31 00:00:00+00:00,0.36,0.36000000000000004,0.3773912,0.9652286,0.019123107,0.015648257,GOOD,GOOD,
2025-03-31 01:00:00+00:00,0.345,0.34500000000000003,0.39168963,0.9062018,0.024441374,0.06935684,GOOD,GOOD,
2025-03-31 02:00:00+00:00,0.315,0.31500000000000006,0.38358206,0.9479817,0.02548422,0.026534058,GOOD,GOOD,
2025-03-31 03:00:00+00:00,0.31999999999999995,0.32,0.35834584,0.9392468,0.017474595,0.04327865,GOOD,GOOD,
2025-03-31 04:00:00+00:00,0.24,0.24,0.34858036,0.78687495,0.14567171,0.06745332,GOOD,GOOD,
2025-03-31 05:00:00+00:00,0.305,0.3050000000000001,0.30093843,0.92959785,0.046539694,0.023862476,GOOD,GOOD,
2025-03-31 06:00:00+00:00,0.32,0.32000000000000006,0.311716,0.95738643,0.02485344,0.017760117,GOOD,GOOD,
2025-03-31 07:00:00+00:00,0.32,0.32000000000000006,0.33863303,0.8391769,0.025335474,0.13548765,GOOD,GOOD,
2025-03-31 08:00:00+00:00,0.30500000000000005,0.30500000000000016,0.3509826,0.9258055,0.01962288,0.05457163,GOOD,GOOD,
2025-03-31 09:00:00+00:00,0.305,0.3050000000000001,0.34341156,0.8089244,0.024223913,0.16685171,GOOD,GOOD,
2025-03-31 10:00:00+00:00,0.26,0.26000000000000006,0.33675256,0.93613625,0.040587608,0.023276115,GOOD,GOOD,
2025-03-31 11:00:00+00:00,0.315,0.31500000000000006,0.3082164,0.94691294,0.03481012,0.018276937,GOOD,GOOD,
2025-03-31 12:00:00+00:00,0.405,0.4050000000000001,0.32472542,0.7983789,0.14556785,0.056053247,GOOD,GOOD,
2025-03-31 13:00:00+00:00,0.4,0.40000000000000013,0.3963277,0.93231714,0.03968161,0.028001267,GOOD,GOOD,
2025-03-31 14:00:00+00:00,0.385,0.38500000000000006,0.43120846,0.9211945,0.027080027,0.051725455,GOOD,GOOD,
2025-03-31 15:00:00+00:00,0.385,0.38500000000000006,0.42615646,0.83573127,0.028077025,0.13619168,GOOD,GOOD,
2025-03-31 16:00:00+00:00,0.35,0.35000000000000003,0.41741535,0.9637568,0.022123156,0.014120036,GOOD,GOOD,
2025-03-31 17:00:00+00:00,0.37,0.37000000000000005,0.39301306,0.9717256,0.0159909,0.012283537,GOOD,GOOD,
2025-03-31 18:00:00+00:00,0.335,0.3350000000000001,0.3927661,0.96607405,0.019082889,0.014843079,GOOD,GOOD,
2025-03-31 19:00:00+00:00,0.36,0.36000000000000004,0.3765776,0.966633,0.018279066,0.015087886,GOOD,GOOD,
2025-03-31 20:00:00+00:00,0.345,0.34500000000000003,0.38152203,0.9707298,0.014296213,0.014973942,GOOD,GOOD,
2025-03-31 21:00:00+00:00,0.355,0.35500000000000004,0.37899038,0.9575927,0.01720661,0.025200635,GOOD,GOOD,
2025-03-31 22:00:00+00:00,0.36,0.36000000000000004,0.3819574,0.81959957,0.035365526,0.14503491,GOOD,GOOD,
2025-03-31 23:00:00+00:00,0.365,0.3650000000000001,0.38748103,0.755172,0.03885592,0.20597206,GOOD,GOOD,
2025-04-01 00:00:00+00:00,0.44999999999999996,0.45000000000000007,0.3930674,0.86065525,0.1011223,0.03822244,GOOD,GOOD,
2025-04-01 01:00:00+00:00,0.44499999999999995,0.445,0.44767106,0.94751316,0.029399294,0.023087546,GOOD,GOOD,
2025-04-01 02:00:00+00:00,0.365,0.3650000000000001,0.47501904,0.90756303,0.06042022,0.032016754,GOOD,GOOD,
2025-04-01 03:00:00+00:00,0.36,0.36000000000000004,0.42911273,0.9569468,0.020357484,0.02269573,GOOD,GOOD,
2025-04-01 04:00:00+00:00,0.355,0.35500000000000004,0.39558515,0.7605574,0.027586712,0.2118559,GOOD,GOOD,
2025-04-01 05:00:00+00:00,0.395,0.3950000000000001,0.38378516,0.95701796,0.028375966,0.014606061,GOOD,GOOD,
2025-04-01 06:00:00+00:00,0.41,0.41000000000000003,0.4076385,0.95085543,0.026190178,0.022954373,GOOD,GOOD,
2025-04-01 07:00:00+00:00,0.36,0.36000000000000004,0.43259683,0.9659361,0.019357659,0.014706214,GOOD,GOOD,
2025-04-01 08:00:00+00:00,0.37,0.37000000000000005,0.4105774,0.9794845,0.010336428,0.010179051,GOOD,GOOD,
2025-04-01 09:00:00+00:00,0.375,0.3750000000000001,0.39905685,0.85097796,0.025471412,0.123550646,GOOD,GOOD,
2025-04-01 10:00:00+00:00,0.4,0.40000000000000013,0.40096012,0.9692264,0.018259438,0.012514171,GOOD,GOOD,
2025-04-01 11:00:00+00:00,0.39,0.3900000000000001,0.4194594,0.9702207,0.013736573,0.016042767,GOOD,GOOD,
2025-04-01 12:00:00+00:00,0.375,0.3750000000000001,0.42333496,0.87303776,0.025472587,0.101489656,GOOD,GOOD,
2025-04-01 13:00:00+00:00,0.44,0.4400000000000001,0.4123103,0.90888,0.05912972,0.031990264,GOOD,GOOD,
2025-04-01 14:00:00+00:00,0.395,0.3950000000000001,0.4456565,0.9599482,0.023730826,0.016321,GOOD,GOOD,
2025-04-01 15:00:00+00:00,0.35,0.35000000000000003,0.43949652,0.9333271,0.04018549,0.02648743,GOOD,GOOD,
2025-04-01 16:00:00+00:00,0.38,0.38000000000000006,0.40092844,0.97298586,0.01551572,0.011498436,GOOD,GOOD,
2025-04-01 17:00:00+00:00,0.355,0.35500000000000004,0.39904594,0.97533125,0.013175975,0.011492802,GOOD,GOOD,
2025-04-01 18:00:00+00:00,0.36,0.36000000000000004,0.3911846,0.94042414,0.016202081,0.04337379,GOOD,GOOD,
2025-04-01 19:00:00+00:00,0.35,0.35000000000000003,0.3890051,0.9264936,0.020067962,0.053438455,GOOD,GOOD,
2025-04-01 20:00:00+00:00,0.375,0.3750000000000001,0.38336325,0.9695732,0.01661679,0.01380999,GOOD,GOOD,
2025-04-01 21:00:00+00:00,0.36,0.36000000000000004,0.39550567,0.96692014,0.015729737,0.017350115,GOOD,GOOD,
2025-04-01 22:00:00+00:00,0.365,0.3650000000000001,0.39475796,0.9117789,0.02209241,0.066128686,GOOD,GOOD,
2025-04-01 23:00:00+00:00,0.355,0.35500000000000004,0.39446658,0.90939707,0.025248818,0.06535414,GOOD,GOOD,
2025-04-02 00:00:00+00:00,0.36,0.36000000000000004,0.38874072,0.8705044,0.028863467,0.10063215,GOOD,GOOD,
2025-04-02 01:00:00+00:00,0.42,0.42000000000000004,0.3884766,0.918157,0.05499961,0.026843384,GOOD,GOOD,
2025-04-02 02:00:00+00:00,0.435,0.4350000000000001,0.42644793,0.9268085,0.043350883,0.029840626,GOOD,GOOD,
2025-04-02 03:00:00+00:00,0.44,0.4400000000000001,0.45780262,0.8861125,0.034464326,0.07942317,GOOD,GOOD,
2025-04-02 04:00:00+00:00,0.475,0.4750000000000001,0.47028786,0.94030887,0.03695398,0.022737125,GOOD,GOOD,
2025-04-02 05:00:00+00:00,0.375,0.3750000000000001,0.49343258,0.86529833,0.0879713,0.04673038,GOOD,GOOD,
2025-04-02 06:00:00+00:00,0.405,0.4050000000000001,0.44214067,0.96731246,0.01970366,0.012983858,GOOD,GOOD,
2025-04-02 07:00:00+00:00,0.435,0.4350000000000001,0.42723724,0.9304879,0.03849915,0.031013,GOOD,GOOD,
2025-04-02 08:00:00+00:00,0.42,0.42000000000000004,0.44888565,0.9713038,0.015610112,0.013086073,GOOD,GOOD,
2025-04-02 09:00:00+00:00,0.435,0.4350000000000001,0.4538567,0.96848553,0.017361911,0.014152551,GOOD,GOOD,
2025-04-02 10:00:00+00:00,0.43,0.43000000000000005,0.46085107,0.9494748,0.016300352,0.03422485,GOOD,GOOD,
2025-04-02 11:00:00+00:00,0.39,0.3900000000000001,0.46110487,0.96036243,0.023137175,0.016500385,GOOD,GOOD,
2025-04-02 12:00:00+00:00,0.43,0.43000000000000005,0.4351547,0.956882,0.025870938,0.017247062,GOOD,GOOD,
2025-04-02 13:00:00+00:00,0.405,0.4050000000000001,0.4452538,0.9697433,0.015381225,0.014875441,GOOD,GOOD,
2025-04-02 14:00:00+00:00,0.4,0.40000000000000013,0.44123644,0.911045,0.019928025,0.069026984,GOOD,GOOD,
2025-04-02 15:00:00+00:00,0.37,0.37000000000000005,0.43305165,0.95150524,0.024375208,0.024119524,GOOD,GOOD,
2025-04-02 16:00:00+00:00,0.35,0.35000000000000003,0.4111294,0.9088992,0.033072423,0.05802839,GOOD,GOOD,
2025-04-02 17:00:00+00:00,0.345,0.34500000000000003,0.3880404,0.8750616,0.030962285,0.093976155,GOOD,GOOD,
2025-04-02 18:00:00+00:00,0.32,0.32000000000000006,0.37618604,0.9385598,0.03112524,0.030315004,GOOD,GOOD,
2025-04-02 19:00:00+00:00,0.35,0.35000000000000003,0.3587949,0.9522954,0.024312174,0.023392385,GOOD,GOOD,
2025-04-02 20:00:00+00:00,0.3475,0.34750000000000003,0.36856678,0.95635474,0.01810577,0.025539482,GOOD,GOOD,
2025-04-02 21:00:00+00:00,0.345,0.34500000000000003,0.3766361,0.6588284,0.036320962,0.3048507,GOOD,GOOD,
2025-04-02 22:00:00+00:00,0.33,0.3300000000000001,0.37718043,0.92976683,0.026951568,0.043281607,GOOD,GOOD,
2025-04-02 23:00:00+00:00,0.32,0.32000000000000006,0.36689934,0.79937226,0.046953883,0.15367387,GOOD,GOOD,
2025-04-03 00:00:00+00:00,0.33499999999999996,0.335,0.35489434,0.95091033,0.020641018,0.02844863,GOOD,GOOD,
2025-04-03 01:00:00+00:00,0.355,0.35500000000000004,0.35912862,0.9439451,0.021648081,0.034406807,GOOD,GOOD,
2025-04-03 02:00:00+00:00,0.38,0.38000000000000006,0.37628984,0.94144255,0.02791496,0.030642517,GOOD,GOOD,
2025-04-03 03:00:00+00:00,0.34,0.34000000000000014,0.40041655,0.961166,0.022374218,0.016459763,GOOD,GOOD,
2025-04-03 04:00:00+00:00,0.32,0.32000000000000006,0.38640586,0.96633303,0.01747639,0.016190588,GOOD,GOOD,
2025-04-03 05:00:00+00:00,0.345,0.34500000000000003,0.36111134,0.9712783,0.016341805,0.012379902,GOOD,GOOD,
2025-04-03 06:00:00+00:00,0.31,0.31000000000000005,0.36495247,0.9605862,0.023084218,0.0163296,GOOD,GOOD,
2025-04-03 07:00:00+00:00,0.315,0.31500000000000006,0.35164285,0.9715166,0.013649985,0.014833428,GOOD,GOOD,
2025-04-03 08:00:00+00:00,0.33499999999999996,0.335,0.3450309,0.971635,0.01473848,0.013626555,GOOD,GOOD,
2025-04-03 09:00:00+00:00,0.385,0.38500000000000006,0.35625726,0.9350992,0.045733042,0.01916776,GOOD,GOOD,
2025-04-03 10:00:00+00:00,0.355,0.35500000000000004,0.39457333,0.9682881,0.018242924,0.013468941,GOOD,GOOD,
2025-04-03 11:00:00+00:00,0.3,0.30000000000000004,0.39615852,0.9168714,0.052965716,0.030162849,GOOD,GOOD,
2025-04-03 12:00:00+00:00,0.29000000000000004,0.2900000000000001,0.3555457,0.9594034,0.021745741,0.018850854,GOOD,GOOD,
2025-04-03 13:00:00+00:00,0.32999999999999996,0.33000000000000007,0.3261797,0.95267105,0.02972752,0.01760143,GOOD,GOOD,
2025-04-03 14:00:00+00:00,0.33999999999999997,0.3400000000000001,0.34176898,0.9743039,0.013889184,0.011806935,GOOD,GOOD,
2025-04-03 15:00:00+00:00,0.32,0.32000000000000006,0.3631184,0.9720048,0.014558781,0.013436418,GOOD,GOOD,
2025-04-03 16:00:00+00:00,0.3,0.30000000000000004,0.3593193,0.88434213,0.034008563,0.08164929,GOOD,GOOD,
2025-04-03 17:00:00+00:00,0.335,0.3350000000000001,0.3405537,0.96554995,0.02022444,0.014225592,GOOD,GOOD,
2025-04-03 18:00:00+00:00,0.345,0.34500000000000003,0.3517094,0.9640135,0.0170152,0.018971276,GOOD,GOOD,
2025-04-03 19:00:00+00:00,0.315,0.31500000000000006,0.3688519,0.95899725,0.022158796,0.018843936,GOOD,GOOD,
2025-04-03 20:00:00+00:00,0.355,0.35500000000000004,0.35786846,0.9521152,0.027976468,0.019908328,GOOD,GOOD,
2025-04-03 21:00:00+00:00,0.38,0.38000000000000006,0.37176344,0.9482431,0.030872745,0.020884199,GOOD,GOOD,
2025-04-03 22:00:00+00:00,0.345,0.34500000000000003,0.3983803,0.9727206,0.015049936,0.012229426,GOOD,GOOD,
2025-04-03 23:00:00+00:00,0.325,0.32500000000000007,0.38919893,0.9399934,0.023240961,0.03676563,GOOD,GOOD,
2025-04-04 00:00:00+00:00,0.305,0.3050000000000001,0.36607406,0.8727226,0.03821397,0.089063436,GOOD,GOOD,
2025-04-04 01:00:00+00:00,0.34,0.34000000000000014,0.34317115,0.96801656,0.019160356,0.012823094,GOOD,GOOD,
2025-04-04 02:00:00+00:00,0.365,0.3650000000000001,0.35549435,0.94017845,0.033299852,0.026521668,GOOD,GOOD,
2025-04-04 03:00:00+00:00,0.37,0.37000000000000005,0.38280702,0.93730915,0.022397818,0.04029301,GOOD,GOOD,
2025-04-04 04:00:00+00:00,0.33,0.3300000000000001,0.39853233,0.9651782,0.019579964,0.015241819,GOOD,GOOD,
2025-04-04 05:00:00+00:00,0.335,0.3350000000000001,0.37756395,0.9762318,0.01039973,0.013368442,GOOD,GOOD,
2025-04-04 06:00:00+00:00,0.33999999999999997,0.3400000000000001,0.3654163,0.78818,0.027881954,0.18393804,GOOD,GOOD,
2025-04-04 07:00:00+00:00,0.345,0.34500000000000003,0.36646122,0.79966104,0.0295233,0.17081563,GOOD,GOOD,
2025-04-04 08:00:00+00:00,0.29500000000000004,0.2950000000000001,0.37235662,0.9102775,0.055230748,0.034491792,GOOD,GOOD,
2025-04-04 09:00:00+00:00,0.315,0.31500000000000006,0.3452505,0.96618605,0.017545713,0.016268268,GOOD,GOOD,
2025-04-04 10:00:00+00:00,0.315,0.31500000000000006,0.3396026,0.92478555,0.019520795,0.05569365,GOOD,GOOD,
2025-04-04 11:00:00+00:00,0.3,0.30000000000000004,0.34271517,0.9557278,0.020524744,0.023747426,GOOD,GOOD,
2025-04-04 12:00:00+00:00,0.27,0.2700000000000001,0.33618605,0.91902715,0.043704666,0.037268177,GOOD,GOOD,
2025-04-04 13:00:00+00:00,0.26,0.26000000000000006,0.31354588,0.93368214,0.031359356,0.034958515,GOOD,GOOD,
2025-04-04 14:00:00+00:00,0.265,0.26500000000000007,0.29545543,0.94969463,0.021816451,0.028488893,GOOD,GOOD,
2025-04-04 15:00:00+00:00,0.28,0.28000000000000014,0.29246452,0.95869124,0.018775988,0.022532802,GOOD,GOOD,
2025-04-04 16:00:00+00:00,0.28,0.28000000000000014,0.30320096,0.9336989,0.020927258,0.04537388,GOOD,GOOD,
2025-04-04 17:00:00+00:00,0.28500000000000003,0.2850000000000001,0.31005642,0.8661095,0.028872967,0.10501751,GOOD,GOOD,
2025-04-04 18:00:00+00:00,0.265,0.26500000000000007,0.31455252,0.92859465,0.032483123,0.038922213,GOOD,GOOD,
2025-04-04 19:00:00+00:00,0.265,0.26500000000000007,0.3041794,0.92058206,0.029691234,0.049726732,GOOD,GOOD,
2025-04-04 20:00:00+00:00,0.29000000000000004,0.2900000000000001,0.2969037,0.94608206,0.024137245,0.029780721,GOOD,GOOD,
2025-04-04 21:00:00+00:00,0.325,0.32500000000000007,0.3098504,0.95872366,0.02727716,0.013999177,GOOD,GOOD,
2025-04-04 22:00:00+00:00,0.32999999999999996,0.33000000000000007,0.34025213,0.970751,0.0150765125,0.014172528,GOOD,GOOD,
2025-04-04 23:00:00+00:00,0.275,0.2750000000000001,0.35844603,0.9248556,0.046454,0.028690435,GOOD,GOOD,
2025-04-05 00:00:00+00:00,0.265,0.26500000000000007,0.32963893,0.9613291,0.0201224,0.018548489,GOOD,GOOD,
2025-04-05 01:00:00+00:00,0.255,0.255,0.30292588,0.80303085,0.037273236,0.15969595,GOOD,GOOD,
2025-04-05 02:00:00+00:00,0.245,0.24500000000000002,0.2879691,0.82573855,0.036162876,0.13809854,GOOD,GOOD,
2025-04-05 03:00:00+00:00,0.245,0.24500000000000002,0.27839425,0.8942186,0.024142096,0.0816393,GOOD,GOOD,
2025-04-05 04:00:00+00:00,0.225,0.225,0.27522746,0.951912,0.02480437,0.023283644,GOOD,GOOD,
2025-04-05 05:00:00+00:00,0.21000000000000002,0.21000000000000002,0.26345396,0.9093171,0.035552006,0.055130932,GOOD,GOOD,
2025-04-05 06:00:00+00:00,0.2,0.2,0.24781017,0.9010565,0.03540485,0.06353861,GOOD,GOOD,
2025-04-05 07:00:00+00:00,0.22999999999999998,0.23,0.23495588,0.9441097,0.03236576,0.023524534,GOOD,GOOD,
2025-04-05 08:00:00+00:00,0.215,0.215,0.24768448,0.944338,0.028034518,0.027627474,GOOD,GOOD,
2025-04-05 09:00:00+00:00,0.245,0.24500000000000002,0.24995477,0.94856846,0.027269773,0.024161756,GOOD,GOOD,
2025-04-05 10:00:00+00:00,0.25,0.25,0.26521003,0.9576754,0.018145915,0.02417868,GOOD,GOOD,
2025-04-05 11:00:00+00:00,0.25,0.25,0.2777476,0.71466875,0.037420616,0.24791063,GOOD,GOOD,
2025-04-05 12:00:00+00:00,0.24,0.24,0.28188524,0.9174726,0.029829921,0.052697487,GOOD,GOOD,
2025-04-05 13:00:00+00:00,0.23,0.23000000000000004,0.27600116,0.7021276,0.055316962,0.24255542,GOOD,GOOD,
2025-04-05 14:00:00+00:00,0.23,0.23000000000000004,0.26583016,0.8568145,0.035950724,0.10723475,GOOD,GOOD,
2025-04-05 15:00:00+00:00,0.235,0.235,0.26098981,0.8369479,0.035307676,0.12774442,GOOD,GOOD,
2025-04-05 16:00:00+00:00,0.22,0.22,0.26316956,0.92604935,0.031369206,0.042581435,GOOD,GOOD,
2025-04-05 17:00:00+00:00,0.20500000000000002,0.20500000000000002,0.25666153,0.7463062,0.06517326,0.18852054,GOOD,GOOD,
2025-04-05 18:00:00+00:00,0.19,0.19,0.24310888,0.76126826,0.0672397,0.17149207,GOOD,GOOD,
2025-04-05 19:00:00+00:00,0.21500000000000002,0.21500000000000002,0.22751874,0.921213,0.037981696,0.040805355,GOOD,GOOD,
2025-04-05 20:00:00+00:00,0.22,0.22,0.2351405,0.92543495,0.028912175,0.0456529,GOOD,GOOD,
2025-04-05 21:00:00+00:00,0.24,0.24,0.24653159,0.93721443,0.025091086,0.037694458,GOOD,GOOD,
2025-04-05 22:00:00+00:00,0.29000000000000004,0.2900000000000001,0.2629993,0.8814525,0.07744535,0.041102152,GOOD,GOOD,
2025-04-05 23:00:00+00:00,0.28500000000000003,0.2850000000000001,0.3003439,0.9322366,0.03840847,0.029354898,GOOD,GOOD,
2025-04-06 00:00:00+00:00,0.27,0.2700000000000001,0.31701452,0.9654104,0.017263565,0.017326046,GOOD,GOOD,
2025-04-06 01:00:00+00:00,0.255,0.255,0.30972937,0.8308059,0.03684923,0.13234489,GOOD,GOOD,
2025-04-06 02:00:00+00:00,0.2,0.2,0.29352888,0.86216414,0.09123583,0.046600025,GOOD,GOOD,
2025-04-06 03:00:00+00:00,0.18,0.18,0.25368017,0.9254693,0.044748504,0.02978219,GOOD,GOOD,
2025-04-06 04:00:00+00:00,0.215,0.215,0.22082376,0.9417396,0.03557102,0.022689383,GOOD,GOOD,
2025-04-06 05:00:00+00:00,0.22,0.22,0.22932614,0.9655571,0.01845647,0.015986428,GOOD,GOOD,
2025-04-06 06:00:00+00:00,0.21000000000000002,0.21000000000000002,0.24484849,0.9568618,0.019307591,0.02383063,GOOD,GOOD,
2025-04-06 07:00:00+00:00,0.225,0.225,0.24567482,0.96539664,0.01824265,0.01636072,GOOD,GOOD,
2025-04-06 08:00:00+00:00,0.22999999999999998,0.23,0.2512637,0.91122824,0.025352325,0.06341945,GOOD,GOOD,
2025-04-06 09:00:00+00:00,0.26,0.26000000000000006,0.2581011,0.9494145,0.031229876,0.019355636,GOOD,GOOD,
2025-04-06 10:00:00+00:00,0.34,0.34000000000000014,0.27866068,0.7837511,0.15028341,0.06596551,GOOD,GOOD,
2025-04-06 11:00:00+00:00,0.355,0.35500000000000004,0.3378735,0.8572579,0.08897445,0.05376766,GOOD,GOOD,
2025-04-06 12:00:00+00:00,0.31,0.31000000000000005,0.378635,0.9164726,0.050566427,0.032960936,GOOD,GOOD,
2025-04-06 13:00:00+00:00,0.28,0.28000000000000014,0.36219662,0.94755995,0.029776128,0.02266389,GOOD,GOOD,
2025-04-06 14:00:00+00:00,0.29500000000000004,0.2950000000000001,0.32678244,0.96994954,0.01676791,0.013282526,GOOD,GOOD,
2025-04-06 15:00:00+00:00,0.275,0.2750000000000001,0.31921646,0.97296584,0.015763003,0.011271132,GOOD,GOOD,
2025-04-06 16:00:00+00:00,0.275,0.2750000000000001,0.3105984,0.936845,0.018523993,0.044631008,GOOD,GOOD,
2025-04-06 17:00:00+00:00,0.29500000000000004,0.2950000000000001,0.30601314,0.9695334,0.017164709,0.013301877,GOOD,GOOD,
2025-04-06 18:00:00+00:00,0.265,0.26500000000000007,0.3168609,0.955752,0.024039313,0.02020869,GOOD,GOOD,
2025-04-06 19:00:00+00:00,0.24,0.24,0.30656475,0.89585716,0.045943674,0.058199186,GOOD,GOOD,
2025-04-06 20:00:00+00:00,0.25,0.25,0.28280407,0.9655703,0.017519431,0.016910307,GOOD,GOOD,
2025-04-06 21:00:00+00:00,0.26,0.26000000000000006,0.27672932,0.8349104,0.036321018,0.1287686,GOOD,GOOD,
2025-04-06 22:00:00+00:00,0.31,0.31000000000000005,0.28437197,0.9259754,0.0511186,0.022906024,GOOD,GOOD,
2025-04-06 23:00:00+00:00,0.26,0.26000000000000006,0.31961247,0.95552534,0.026508398,0.017966239,GOOD,GOOD,
2025-04-07 00:00:00+00:00,0.29,0.29000000000000004,0.30969548,0.9650396,0.020023754,0.014936629,GOOD,GOOD,
2025-04-07 01:00:00+00:00,0.32,0.32000000000000006,0.31306386,0.93446934,0.035278764,0.030251907,GOOD,GOOD,
2025-04-07 02:00:00+00:00,0.28,0.28000000000000014,0.3366068,0.96527576,0.020595917,0.014128308,GOOD,GOOD,
2025-04-07 03:00:00+00:00,0.24,0.24,0.32598817,0.91747683,0.046694107,0.03582905,GOOD,GOOD,
2025-04-07 04:00:00+00:00,0.26,0.26000000000000006,0.2904523,0.97459257,0.01428848,0.011118974,GOOD,GOOD,
2025-04-07 05:00:00+00:00,0.25,0.25,0.28344527,0.9720496,0.013608287,0.014342128,GOOD,GOOD,
2025-04-07 06:00:00+00:00,0.27,0.2700000000000001,0.28153864,0.9735139,0.014872569,0.01161354,GOOD,GOOD,
2025-04-07 07:00:00+00:00,0.29,0.29000000000000004,0.29269257,0.933707,0.026079627,0.04021338,GOOD,GOOD,
2025-04-07 08:00:00+00:00,0.255,0.255,0.31174943,0.9468034,0.029301237,0.023895396,GOOD,GOOD,
2025-04-07 09:00:00+00:00,0.265,0.26500000000000007,0.3000237,0.9671161,0.015980043,0.016903814,GOOD,GOOD,
2025-04-07 10:00:00+00:00,0.3,0.30000000000000004,0.29438287,0.9580884,0.02628462,0.015626993,GOOD,GOOD,
2025-04-07 11:00:00+00:00,0.31,0.31000000000000005,0.31509784,0.9574111,0.020541394,0.022047503,GOOD,GOOD,
2025-04-07 12:00:00+00:00,0.305,0.3050000000000001,0.33492172,0.9230145,0.02145239,0.05553308,GOOD,GOOD,
2025-04-07 13:00:00+00:00,0.29,0.29000000000000004,0.33883405,0.9328224,0.01907781,0.04809981,GOOD,GOOD,
2025-04-07 14:00:00+00:00,0.29000000000000004,0.2900000000000001,0.32815194,0.8772527,0.021532545,0.10121473,GOOD,GOOD,
2025-04-07 15:00:00+00:00,0.255,0.255,0.3213021,0.95214105,0.028422715,0.019436209,GOOD,GOOD,
2025-04-07 16:00:00+00:00,0.265,0.26500000000000007,0.29906407,0.9736765,0.013407335,0.012916156,GOOD,GOOD,
2025-04-07 17:00:00+00:00,0.28,0.28000000000000014,0.29255083,0.93457097,0.023140527,0.042288482,GOOD,GOOD,
2025-04-07 18:00:00+00:00,0.27,0.2700000000000001,0.30255702,0.9613201,0.016084109,0.022595763,GOOD,GOOD,
2025-04-07 19:00:00+00:00,0.32,0.32000000000000006,0.3037388,0.916309,0.054912806,0.028778175,GOOD,GOOD,
2025-04-07 20:00:00+00:00,0.36,0.36000000000000004,0.3315789,0.89857364,0.06592753,0.03549883,GOOD,GOOD,
2025-04-07 21:00:00+00:00,0.37,0.37000000000000005,0.37291288,0.9437539,0.032548767,0.023697313,GOOD,GOOD,
2025-04-07 22:00:00+00:00,0.385,0.38500000000000006,0.39723095,0.91799647,0.035835173,0.046168353,GOOD,GOOD,
2025-04-07 23:00:00+00:00,0.44,0.4400000000000001,0.41196355,0.89992464,0.06422628,0.03584908,GOOD,GOOD,
2025-04-08 00:00:00+00:00,0.38,0.38000000000000006,0.45024866,0.91771483,0.05244027,0.029844875,GOOD,GOOD,
2025-04-08 01:00:00+00:00,0.39,0.3900000000000001,0.43231988,0.9656878,0.01889491,0.015417301,GOOD,GOOD,
2025-04-08 02:00:00+00:00,0.37,0.37000000000000005,0.42024764,0.97074336,0.015941659,0.0133149745,GOOD,GOOD,
2025-04-08 03:00:00+00:00,0.42500000000000004,0.42500000000000016,0.4058752,0.9120198,0.0563741,0.03160613,GOOD,GOOD,
2025-04-08 04:00:00+00:00,0.38,0.38000000000000006,0.43359596,0.9517444,0.029465271,0.018790327,GOOD,GOOD,
2025-04-08 05:00:00+00:00,0.395,0.3950000000000001,0.4246082,0.96888477,0.017166337,0.013948896,GOOD,GOOD,
2025-04-08 06:00:00+00:00,0.425,0.4250000000000001,0.42214954,0.9637066,0.022983335,0.013310057,GOOD,GOOD,
2025-04-08 07:00:00+00:00,0.48,0.48000000000000004,0.44194108,0.93116874,0.05034676,0.018484514,GOOD,GOOD,
2025-04-08 08:00:00+00:00,0.505,0.505,0.48808444,0.95163035,0.03142862,0.01694105,GOOD,GOOD,
2025-04-08 09:00:00+00:00,0.5,0.5000000000000001,0.525486,0.95786977,0.017402794,0.024727453,GOOD,GOOD,
2025-04-08 10:00:00+00:00,0.575,0.575,0.53344816,0.9199719,0.0576239,0.022404227,GOOD,GOOD,
2025-04-08 11:00:00+00:00,0.615,0.6150000000000001,0.5794403,0.9335194,0.047405187,0.01907541,GOOD,GOOD,
2025-04-08 12:00:00+00:00,0.67,0.67,0.62929976,0.92855847,0.0533385,0.018103037,GOOD,GOOD,
2025-04-08 13:00:00+00:00,0.6499999999999999,0.6499999999999999,0.6825645,0.9639542,0.020156216,0.015889589,GOOD,GOOD,
2025-04-08 14:00:00+00:00,0.585,0.5850000000000001,0.6868604,0.931476,0.04617944,0.022344548,GOOD,GOOD,
2025-04-08 15:00:00+00:00,0.67,0.67,0.6371837,0.9143999,0.06080742,0.024792632,GOOD,GOOD,
2025-04-08 16:00:00+00:00,0.61,0.6100000000000001,0.6690588,0.9570893,0.026974948,0.015935732,GOOD,GOOD,
2025-04-08 17:00:00+00:00,0.625,0.625,0.65391505,0.96968776,0.017206013,0.013106229,GOOD,GOOD,
2025-04-08 18:00:00+00:00,0.695,0.695,0.64973027,0.9369995,0.049259804,0.0137406895,GOOD,GOOD,
2025-04-08 19:00:00+00:00,0.7150000000000001,0.7150000000000001,0.69746757,0.95055515,0.033709634,0.015735202,GOOD,GOOD,
2025-04-08 20:00:00+00:00,0.8,0.8000000000000002,0.7347181,0.88951063,0.09142746,0.019061891,GOOD,GOOD,
2025-04-08 21:00:00+00:00,0.935,0.935,0.8022318,0.63222873,0.31304836,0.05472288,GOOD,GOOD,
2025-04-08 22:00:00+00:00,0.95,0.9500000000000001,0.92325246,0.8229849,0.13081424,0.04620088,GOOD,GOOD,
2025-04-08 23:00:00+00:00,0.905,0.9050000000000001,0.97489876,0.9557761,0.027601933,0.016621966,GOOD,GOOD,
2025-04-09 00:00:00+00:00,0.75,0.7500000000000001,0.94559956,0.82975686,0.12797846,0.042264678,GOOD,GOOD,
2025-04-09 01:00:00+00:00,0.75,0.7500000000000001,0.81945556,0.93459326,0.03627692,0.029129833,GOOD,GOOD,
2025-04-09 02:00:00+00:00,0.78,0.7800000000000001,0.7716217,0.96667165,0.024507822,0.008820517,GOOD,GOOD,
2025-04-09 03:00:00+00:00,0.735,0.7350000000000001,0.7895577,0.9749398,0.0154698985,0.009590291,GOOD,GOOD,
2025-04-09 04:00:00+00:00,0.81,0.8100000000000002,0.77252185,0.9425868,0.046463583,0.010949638,GOOD,GOOD,
2025-04-09 05:00:00+00:00,0.78,0.7800000000000001,0.81254107,0.97129035,0.016177876,0.01253176,GOOD,GOOD,
2025-04-09 06:00:00+00:00,0.77,0.77,0.8123349,0.91063684,0.023309927,0.06605323,GOOD,GOOD,
2025-04-09 07:00:00+00:00,0.715,0.715,0.79890144,0.96464014,0.024286991,0.011072858,GOOD,GOOD,
2025-04-09 08:00:00+00:00,0.7949999999999999,0.7949999999999999,0.75613487,0.9387192,0.048978902,0.012301862,GOOD,GOOD,
2025-04-09 09:00:00+00:00,0.84,0.84,0.79386914,0.86480474,0.10489838,0.03029689,GOOD,GOOD,
2025-04-09 10:00:00+00:00,0.8049999999999999,0.805,0.8494352,0.9708568,0.01526144,0.013881748,GOOD,GOOD,
2025-04-09 11:00:00+00:00,0.81,0.8100000000000002,0.84267586,0.930296,0.0166392,0.053064782,GOOD,GOOD,
2025-04-09 12:00:00+00:00,0.745,0.745,0.83510876,0.95590556,0.028755922,0.015338542,GOOD,GOOD,
2025-04-09 13:00:00+00:00,0.76,0.7600000000000001,0.7887749,0.9735342,0.014910719,0.011555076,GOOD,GOOD,
2025-04-09 14:00:00+00:00,0.755,0.7550000000000001,0.779818,0.82689035,0.03188674,0.1412229,GOOD,GOOD,
2025-04-09 15:00:00+00:00,0.73,0.7300000000000001,0.7795624,0.9526854,0.022462951,0.02485161,GOOD,GOOD,
2025-04-09 16:00:00+00:00,0.825,0.8250000000000001,0.7631263,0.91289496,0.07127378,0.015831256,GOOD,GOOD,
2025-04-09 17:00:00+00:00,0.79,0.79,0.82085276,0.97141135,0.015521357,0.013067274,GOOD,GOOD,
2025-04-09 18:00:00+00:00,0.855,0.8550000000000001,0.82490563,0.9429335,0.044697464,0.012369022,GOOD,GOOD,
2025-04-09 19:00:00+00:00,0.8400000000000001,0.8400000000000001,0.8627213,0.9707239,0.016059533,0.013216529,GOOD,GOOD,
2025-04-09 20:00:00+00:00,0.88,0.8800000000000001,0.86852276,0.95683813,0.032058116,0.011103754,GOOD,GOOD,
2025-04-09 21:00:00+00:00,0.885,0.8713815898849329,0.8937103,0.95582867,0.018344665,0.02582668,SUSPECT,GOOD,D_drift
2025-04-09 22:00:00+00:00,0.815,0.7877631797698655,0.8976882,0.94777286,0.036774643,0.0154524725,SUSPECT,GOOD,D_drift
2025-04-09 23:00:00+00:00,0.85,0.8091447696547984,0.8371115,0.9701896,0.016704926,0.013105483,SUSPECT,GOOD,D_drift
2025-04-10 00:00:00+00:00,0.675,0.6205263595397311,0.82603574,0.5332416,0.32355005,0.1432083,SUSPECT,GOOD,D_drift
2025-04-10 01:00:00+00:00,0.565,0.49690794942466393,0.70256895,0.3789642,0.44772157,0.17331426,SUSPECT,SUSPECT,D_drift
2025-04-10 02:00:00+00:00,0.655,0.5732895393095966,0.5675281,0.8663931,0.08166509,0.051941786,SUSPECT,GOOD,D_drift
2025-04-10 03:00:00+00:00,0.62,0.5246711291945293,0.56838524,0.9216372,0.04692362,0.031439178,SUSPECT,GOOD,D_drift
2025-04-10 04:00:00+00:00,0.685,0.5760527190794623,0.5609541,0.934609,0.04392587,0.021465158,SUSPECT,GOOD,D_drift
2025-04-10 05:00:00+00:00,0.665,0.542434308964395,0.58707976,0.9486756,0.028437095,0.022887314,SUSPECT,GOOD,D_drift
2025-04-10 06:00:00+00:00,0.63,0.4938158988493277,0.58057404,0.92929655,0.043919276,0.02678415,SUSPECT,GOOD,D_drift
2025-04-10 07:00:00+00:00,0.595,0.44519748873426046,0.5412196,0.9059425,0.059204444,0.034853034,SUSPECT,GOOD,D_drift
2025-04-10 08:00:00+00:00,0.655,0.49157907861919325,0.4918813,0.94526213,0.032848835,0.021889037,SUSPECT,GOOD,D_drift
2025-04-10 09:00:00+00:00,0.6625000000000001,0.48546066850412606,0.5018704,0.95556486,0.01994254,0.024492614,SUSPECT,GOOD,D_drift
2025-04-10 10:00:00+00:00,0.67,0.4793422583890588,0.5131158,0.8201423,0.026114779,0.1537429,SUSPECT,GOOD,D_drift
2025-04-10 11:00:00+00:00,0.69,0.4857238482739915,0.5122481,0.87772036,0.023740133,0.09853949,SUSPECT,GOOD,D_drift
2025-04-10 12:00:00+00:00,0.66,0.44210543815892434,0.5136635,0.9422151,0.031984504,0.025800426,SUSPECT,GOOD,D_drift
2025-04-10 13:00:00+00:00,0.45,0.21848702804385697,0.48748797,0.17563796,0.4987897,0.32557234,SUSPECT,SUSPECT,D_drift
2025-04-10 14:00:00+00:00,0.4866666666666667,0.24153528459545642,0.3382648,0.7211809,0.17863028,0.10018884,SUSPECT,GOOD,D_drift
2025-04-10 15:00:00+00:00,0.5233333333333334,0.26458354114705596,0.27005857,0.95670325,0.024088442,0.019208286,SUSPECT,GOOD,D_drift
2025-04-10 16:00:00+00:00,0.56,0.2876317976986554,0.27470833,0.874144,0.0644872,0.061368782,SUSPECT,GOOD,D_drift
2025-04-10 17:00:00+00:00,0.57,0.284013387583588,0.30354878,0.9097924,0.025932888,0.0642747,SUSPECT,GOOD,D_drift
2025-04-10 18:00:00+00:00,0.51,0.21039497746852076,0.31602177,0.8575268,0.094363816,0.048109405,SUSPECT,GOOD,D_drift
2025-04-10 19:00:00+00:00,0.59,0.2767765673534536,0.27379552,0.9132788,0.05501126,0.03170991,SUSPECT,GOOD,D_drift
2025-04-10 20:00:00+00:00,0.5800000000000001,0.25315815723838636,0.28397387,0.96842605,0.017645838,0.013928098,SUSPECT,GOOD,D_drift
2025-04-10 21:00:00+00:00,0.62,0.2795397471233191,0.2875616,0.96719944,0.017941715,0.014858833,SUSPECT,GOOD,D_drift
2025-04-10 22:00:00+00:00,0.62,0.2659213370082518,0.3014727,0.96603143,0.0147386445,0.019229893,SUSPECT,GOOD,D_drift
2025-04-10 23:00:00+00:00,0.63,0.26230292689318463,0.30160877,0.8490732,0.022569962,0.12835689,SUSPECT,GOOD,D_drift
2025-04-11 00:00:00+00:00,0.55,0.16868451677811735,0.29624578,0.7831278,0.14907227,0.06779995,SUSPECT,GOOD,D_drift
2025-04-11 01:00:00+00:00,0.44,0.04506610666305011,0.23897648,0.32091844,0.47640866,0.2026729,SUSPECT,SUSPECT,D_drift
2025-04-11 02:00:00+00:00,0.445,0.036447696547982855,0.13502143,0.7108488,0.16820289,0.12094833,SUSPECT,GOOD,D_drift
2025-04-11 03:00:00+00:00,0.44,0.02,0.07577885,0.9010248,0.04633295,0.052642222,SUSPECT,GOOD,D_drift
2025-04-11 04:00:00+00:00,0.45999999999999996,0.02421087631784835,0.052106358,0.92879057,0.025622282,0.04558718,SUSPECT,GOOD,D_drift
2025-04-11 05:00:00+00:00,0.46,0.02,0.050482,0.89052784,0.02821921,0.08125292,SUSPECT,GOOD,D_drift
2025-04-11 06:00:00+00:00,0.505,0.04197405608771393,0.051556945,0.9555895,0.02398015,0.02043035,SUSPECT,GOOD,D_drift
2025-04-11 07:00:00+00:00,0.53,0.05335564597264669,0.06376146,0.9494147,0.021871973,0.028713353,SUSPECT,GOOD,D_drift
2025-04-11 08:00:00+00:00,0.46499999999999997,0.02,0.07833746,0.9155172,0.0473355,0.037147317,SUSPECT,GOOD,D_drift
2025-04-11 09:00:00+00:00,0.48,0.02,0.06692295,0.9282898,0.030596308,0.0411139,SUSPECT,GOOD,D_drift
2025-04-11 10:00:00+00:00,0.49,0.02,0.05521659,0.70209384,0.042350557,0.25555563,SUSPECT,GOOD,D_drift
2025-04-11 11:00:00+00:00,0.47,0.02,0.050919197,0.7055404,0.04153085,0.25292873,SUSPECT,GOOD,D_drift
2025-04-11 12:00:00+00:00,0.43,0.02,0.050771818,0.686056,0.043916076,0.2700279,SUSPECT,GOOD,D_drift
2025-04-11 13:00:00+00:00,0.33999999999999997,0.02,0.051392887,0.6306243,0.05078731,0.31858844,SUSPECT,GOOD,D_drift
2025-04-11 14:00:00+00:00,0.355,0.02,0.051654402,0.6212287,0.054059457,0.3247119,SUSPECT,GOOD,D_drift
2025-04-11 15:00:00+00:00,0.41000000000000003,0.02,0.05160797,0.61003315,0.056478057,0.3334888,SUSPECT,GOOD,D_drift
2025-04-11 16:00:00+00:00,0.45499999999999996,0.02,0.051482733,0.6014099,0.056518,0.34207207,SUSPECT,GOOD,D_drift
2025-04-11 17:00:00+00:00,0.45999999999999996,0.02,0.051384114,0.5808197,0.058771554,0.36040872,SUSPECT,GOOD,D_drift
2025-04-11 18:00:00+00:00,0.515,0.02,0.051323965,0.562906,0.05973724,0.37735674,SUSPECT,GOOD,D_drift
2025-04-11 19:00:00+00:00,0.51,0.02,0.051289678,0.49865812,0.05755484,0.44378704,SUSPECT,GOOD,D_drift
2025-04-11 20:00:00+00:00,0.56,0.02,0.051272124,0.48461938,0.058923986,0.45645663,SUSPECT,GOOD,D_drift
2025-04-11 21:00:00+00:00,0.59,0.02,0.05126771,0.47290587,0.05998422,0.46710992,SUSPECT,GOOD,D_drift
2025-04-11 22:00:00+00:00,0.6000000000000001,0.02,0.051274333,0.4607342,0.061308272,0.47795755,SUSPECT,GOOD,D_drift
2025-04-11 23:00:00+00:00,0.6,0.02,0.05128991,0.44834638,0.062076032,0.4895776,SUSPECT,GOOD,D_drift
2025-04-12 00:00:00+00:00,0.52,0.02,0.051311295,0.43158114,0.06453119,0.50388765,SUSPECT,GOOD,D_drift
2025-04-12 01:00:00+00:00,0.4675,0.02,0.05133617,0.4086963,0.069567144,0.52173656,SUSPECT,GOOD,D_drift
2025-04-12 02:00:00+00:00,0.41500000000000004,0.02,0.05136226,0.39829195,0.070435986,0.53127205,SUSPECT,GOOD,D_drift
2025-04-12 03:00:00+00:00,0.52,0.02,0.051387656,0.3910265,0.07083976,0.53813374,SUSPECT,GOOD,D_drift
2025-04-12 04:00:00+00:00,0.645,0.02,0.051411137,0.3851093,0.07018903,0.54470164,SUSPECT,GOOD,D_drift
2025-04-12 05:00:00+00:00,0.645,0.02,0.051431824,0.37888402,0.0701889,0.5509271,BAD,GOOD,D_drift
2025-04-12 06:00:00+00:00,0.6799999999999999,0.02,0.051449258,0.37454897,0.070314415,0.5551366,BAD,GOOD,D_drift
2025-04-12 07:00:00+00:00,0.685,0.02,0.05146344,0.37468076,0.070009395,0.55530983,BAD,GOOD,D_drift
2025-04-12 08:00:00+00:00,0.7,0.02,0.05147413,0.36909378,0.07026826,0.56063795,BAD,GOOD,D_drift
2025-04-12 09:00:00+00:00,0.66,0.02,0.051481802,0.36275136,0.07061567,0.566633,BAD,GOOD,D_drift
2025-04-12 10:00:00+00:00,0.7949999999999999,0.02,0.051486686,0.35668564,0.07091828,0.5723961,BAD,GOOD,D_drift
2025-04-12 11:00:00+00:00,0.765,0.02,0.051489472,0.35019052,0.07120069,0.5786088,BAD,GOOD,D_drift
2025-04-12 12:00:00+00:00,0.7675000000000001,0.02,0.051490344,0.3434013,0.07199504,0.58460367,BAD,GOOD,D_drift
2025-04-12 13:00:00+00:00,0.77,0.02,0.051489823,0.34110057,0.074301586,0.5845978,BAD,GOOD,D_drift
2025-04-12 14:00:00+00:00,0.55,0.02,0.051488195,0.33682716,0.07552883,0.58764404,BAD,GOOD,D_drift
2025-04-12 15:00:00+00:00,0.55,0.02,0.05148587,0.33011854,0.07606708,0.5938144,BAD,GOOD,D_drift
2025-04-12 16:00:00+00:00,0.65,0.02,0.05148308,0.32293248,0.07643694,0.6006306,BAD,GOOD,D_drift
2025-04-12 17:00:00+00:00,0.605,0.02,0.05148006,0.31650984,0.07705781,0.6064324,BAD,GOOD,D_drift
2025-04-12 18:00:00+00:00,0.63,0.02,0.051477153,0.31256247,0.07836142,0.60907614,BAD,GOOD,D_drift
2025-04-12 19:00:00+00:00,0.73,0.02,0.051474247,0.30588996,0.07877855,0.6153315,BAD,GOOD,D_drift
2025-04-12 20:00:00+00:00,0.7150000000000001,0.02,0.051471516,0.30099332,0.07939567,0.619611,BAD,GOOD,D_drift
2025-04-12 21:00:00+00:00,0.7050000000000001,0.7050000000000002,0.051469017,0.53856075,0.25566903,0.20577021,GOOD,GOOD,
2025-04-12 22:00:00+00:00,0.82,0.82,0.46416438,0.53856075,0.25566903,0.20577021,GOOD,GOOD,
2025-04-12 23:00:00+00:00,0.795,0.795,0.81033903,0.53856075,0.25566903,0.20577021,GOOD,GOOD,
2025-04-13 00:00:00+00:00,0.85,0.8500000000000001,0.86619216,0.53856075,0.25566903,0.20577021,GOOD,GOOD,
2025-04-13 01:00:00+00:00,0.7849999999999999,0.785,0.8768526,0.53856075,0.25566903,0.20577021,GOOD,GOOD,
2025-04-13 02:00:00+00:00,0.6000000000000001,0.6000000000000001,0.8313581,0.53856075,0.25566903,0.20577021,GOOD,GOOD,
2025-04-13 03:00:00+00:00,0.665,0.6650000000000001,0.6847715,0.53856075,0.25566903,0.20577021,GOOD,GOOD,
2025-04-13 04:00:00+00:00,0.635,0.6350000000000001,0.66822433,0.53856075,0.25566903,0.20577021,GOOD,GOOD,
2025-04-13 05:00:00+00:00,0.6799999999999999,0.68,0.66315234,0.53856075,0.25566903,0.20577021,GOOD,GOOD,
2025-04-13 06:00:00+00:00,0.73,0.7300000000000001,0.69094193,0.53856075,0.25566903,0.20577021,GOOD,GOOD,
2025-04-13 07:00:00+00:00,0.75,0.7500000000000001,0.7381786,0.53856075,0.25566903,0.20577021,GOOD,GOOD,
2025-04-13 08:00:00+00:00,0.785,0.7850000000000001,0.76899475,0.53856075,0.25566903,0.20577021,GOOD,GOOD,
2025-04-13 09:00:00+00:00,0.75,0.7500000000000001,0.7998853,0.6156154,0.22675149,0.15763308,GOOD,GOOD,
2025-04-13 10:00:00+00:00,0.7849999999999999,0.785,0.78569,0.95880985,0.02667985,0.01451027,GOOD,GOOD,
2025-04-13 11:00:00+00:00,0.91,0.91,0.79942447,0.75130844,0.20000872,0.0486828,GOOD,GOOD,
2025-04-13 12:00:00+00:00,1.0,1.0000000000000002,0.8968263,0.65191853,0.30108774,0.046993725,GOOD,GOOD,
2025-04-13 13:00:00+00:00,0.995,0.9950000000000002,1.0018722,0.968109,0.01885443,0.01303655,GOOD,GOOD,
2025-04-13 14:00:00+00:00,0.81,0.8100000000000002,1.025045,0.78551066,0.16072103,0.05376828,GOOD,GOOD,
2025-04-13 15:00:00+00:00,0.95,0.9500000000000001,0.88771933,0.85799515,0.11333668,0.028668148,GOOD,GOOD,
2025-04-13 16:00:00+00:00,0.925,0.9250000000000002,0.9313146,0.9737715,0.017907184,0.008321289,GOOD,GOOD,
2025-04-13 17:00:00+00:00,0.93,0.9300000000000002,0.9504046,0.89797455,0.030236276,0.071789175,GOOD,GOOD,
2025-04-13 18:00:00+00:00,0.8200000000000001,0.8200000000000001,0.9539944,0.93417585,0.050646685,0.015177445,GOOD,GOOD,
2025-04-13 19:00:00+00:00,0.855,0.8550000000000001,0.87447464,0.97471386,0.016551424,0.008734685,GOOD,GOOD,
2025-04-13 20:00:00+00:00,0.9299999999999999,0.93,0.8662613,0.89596045,0.08743901,0.016600551,GOOD,GOOD,
2025-04-13 21:00:00+00:00,0.74,0.74,0.92764515,0.7662301,0.17370741,0.06006252,GOOD,GOOD,
2025-04-13 22:00:00+00:00,0.77,0.77,0.82000405,0.9717734,0.016661122,0.011565479,GOOD,GOOD,
2025-04-13 23:00:00+00:00,0.815,0.815,0.78625125,0.9416795,0.043985955,0.0143345585,GOOD,GOOD,
2025-04-14 00:00:00+00:00,0.885,0.885,0.81920886,0.8580576,0.116826415,0.025115985,GOOD,GOOD,
2025-04-14 01:00:00+00:00,0.89,0.89,0.88740623,0.8865869,0.0435675,0.06984561,GOOD,GOOD,
2025-04-14 02:00:00+00:00,0.65,0.65,0.9143868,0.39858007,0.40248975,0.19893016,GOOD,SUSPECT,
2025-04-14 03:00:00+00:00,0.585,0.5850000000000001,0.7508395,0.55506074,0.31252298,0.13241631,GOOD,GOOD,
2025-04-14 04:00:00+00:00,0.63,0.63,0.63370776,0.96788514,0.021597603,0.01051723,GOOD,GOOD,
2025-04-14 05:00:00+00:00,0.71,0.7100000000000001,0.63284856,0.8584361,0.11318832,0.02837556,GOOD,GOOD,
2025-04-14 06:00:00+00:00,0.69,0.6900000000000001,0.7044362,0.9688304,0.016791442,0.014378137,GOOD,GOOD,
2025-04-14 07:00:00+00:00,0.72,0.72,0.7238982,0.9706521,0.016543996,0.012803879,GOOD,GOOD,
2025-04-14 08:00:00+00:00,0.7,0.7,0.7404703,0.96791893,0.014202177,0.01787887,GOOD,GOOD,
2025-04-14 09:00:00+00:00,0.645,0.645,0.73261756,0.9491898,0.03487544,0.01593479,GOOD,GOOD,
2025-04-14 10:00:00+00:00,0.645,0.645,0.6899549,0.85735935,0.034333736,0.10830693,GOOD,GOOD,
2025-04-14 11:00:00+00:00,0.67,0.67,0.67134994,0.9670488,0.01838008,0.014571122,GOOD,GOOD,
2025-04-14 12:00:00+00:00,0.64,0.6400000000000001,0.68633735,0.9590272,0.020678688,0.020294113,GOOD,GOOD,
2025-04-14 13:00:00+00:00,0.635,0.6350000000000001,0.67627203,0.8028007,0.031734277,0.16546501,GOOD,GOOD,
2025-04-14 14:00:00+00:00,0.595,0.595,0.66497034,0.94182605,0.034222946,0.023950985,GOOD,GOOD,
2025-04-14 15:00:00+00:00,0.45,0.4500000000000001,0.6350542,0.60848606,0.3039762,0.08753769,GOOD,GOOD,
2025-04-14 16:00:00+00:00,0.53,0.53,0.5294279,0.91426605,0.056651123,0.029082846,GOOD,GOOD,
2025-04-14 17:00:00+00:00,0.5700000000000001,0.5700000000000001,0.5298911,0.90909535,0.06609597,0.02480868,GOOD,GOOD,
2025-04-14 18:00:00+00:00,0.58,0.58,0.5761738,0.8934897,0.036928944,0.069581315,GOOD,GOOD,
2025-04-14 19:00:00+00:00,0.605,0.605,0.6048926,0.9490927,0.025059521,0.025847785,GOOD,GOOD,
2025-04-14 20:00:00+00:00,0.61,0.6100000000000001,0.6269406,0.88690746,0.021677686,0.091414884,GOOD,GOOD,
2025-04-14 21:00:00+00:00,0.585,0.5850000000000001,0.6369636,0.969851,0.01458336,0.015565634,GOOD,GOOD,
2025-04-14 22:00:00+00:00,0.54,0.5400000000000001,0.62223274,0.9529876,0.028198645,0.018813718,GOOD,GOOD,
2025-04-14 23:00:00+00:00,0.55,0.55,0.5843344,0.9726677,0.013008481,0.014323823,GOOD,GOOD,
2025-04-15 00:00:00+00:00,0.6,0.6,0.57427955,0.9578638,0.030538673,0.0115974955,GOOD,GOOD,
2025-04-15 01:00:00+00:00,0.5449999999999999,0.5449999999999999,0.6085032,0.9625642,0.021591982,0.015843851,GOOD,GOOD,
2025-04-15 02:00:00+00:00,0.46499999999999997,0.465,0.5915665,0.8621019,0.096774586,0.041123528,GOOD,GOOD,
2025-04-15 03:00:00+00:00,0.37,0.37000000000000005,0.52517855,0.6935786,0.22800642,0.07841501,GOOD,GOOD,
2025-04-15 04:00:00+00:00,0.445,0.44500000000000006,0.43512946,0.855317,0.09285006,0.051832974,GOOD,GOOD,
2025-04-15 05:00:00+00:00,0.505,0.505,0.44386834,0.8384556,0.122332655,0.039211735,GOOD,GOOD,
2025-04-15 06:00:00+00:00,0.475,0.4750000000000001,0.50447553,0.95484054,0.0244318,0.020727644,GOOD,GOOD,
2025-04-15 07:00:00+00:00,0.515,0.515,0.5151554,0.95802975,0.02346685,0.01850343,GOOD,GOOD,
2025-04-15 08:00:00+00:00,0.515,0.515,0.53381824,0.9610766,0.014101788,0.024821602,GOOD,GOOD,
2025-04-15 09:00:00+00:00,0.52,0.52,0.543239,0.79376906,0.027084338,0.17914662,GOOD,GOOD,
2025-04-15 10:00:00+00:00,0.47,0.47000000000000003,0.5480946,0.93877274,0.036160734,0.02506651,GOOD,GOOD,
2025-04-15 11:00:00+00:00,0.44999999999999996,0.45000000000000007,0.5175649,0.95527697,0.02183311,0.022889946,GOOD,GOOD,
2025-04-15 12:00:00+00:00,0.485,0.4850000000000001,0.4878409,0.9657299,0.018260159,0.016009938,GOOD,GOOD,
2025-04-15 13:00:00+00:00,0.425,0.4250000000000001,0.49980256,0.91155607,0.05276276,0.035681166,GOOD,GOOD,
2025-04-15 14:00:00+00:00,0.365,0.3650000000000001,0.47424904,0.83653784,0.114111595,0.049350537,GOOD,GOOD,
2025-04-15 15:00:00+00:00,0.32,0.32000000000000006,0.42001686,0.8135787,0.12290436,0.06351691,GOOD,GOOD,
2025-04-15 16:00:00+00:00,0.325,0.32500000000000007,0.3675987,0.95128685,0.022973536,0.025739623,GOOD,GOOD,
2025-04-15 17:00:00+00:00,0.36,0.36000000000000004,0.3509894,0.9413518,0.037270237,0.02137801,GOOD,GOOD,
2025-04-15 18:00:00+00:00,0.34,0.34000000000000014,0.3726723,0.9618784,0.020410938,0.017710654,GOOD,GOOD,
2025-04-15 19:00:00+00:00,0.34,0.34000000000000014,0.375979,0.90853107,0.02098267,0.07048628,GOOD,GOOD,
2025-04-15 20:00:00+00:00,0.35,0.35000000000000003,0.37247914,0.92317545,0.021527005,0.055297516,GOOD,GOOD,
2025-04-15 21:00:00+00:00,0.36,0.36000000000000004,0.37634906,0.8613855,0.02696268,0.11165178,GOOD,GOOD,
2025-04-15 22:00:00+00:00,0.365,0.3650000000000001,0.38570642,0.8431359,0.024889061,0.13197505,GOOD,GOOD,
2025-04-15 23:00:00+00:00,0.365,0.3650000000000001,0.39337164,0.74794793,0.026818959,0.22523311,GOOD,GOOD,
2025-04-16 00:00:00+00:00,0.4,0.40000000000000013,0.3958834,0.96660477,0.020396842,0.012998368,GOOD,GOOD,
2025-04-16 01:00:00+00:00,0.4,0.40000000000000013,0.41730088,0.9619387,0.013377751,0.024683546,GOOD,GOOD,
2025-04-16 02:00:00+00:00,0.32,0.32000000000000006,0.42940676,0.86991,0.08555101,0.04453896,GOOD,GOOD,
2025-04-16 03:00:00+00:00,0.33999999999999997,0.3400000000000001,0.38289106,0.97195333,0.016096342,0.0119503345,GOOD,GOOD,
2025-04-16 04:00:00+00:00,0.29,0.29000000000000004,0.36564797,0.9297832,0.044440936,0.025775842,GOOD,GOOD,
2025-04-16 05:00:00+00:00,0.35,0.35000000000000003,0.33625132,0.9171036,0.05521405,0.027682373,GOOD,GOOD,
2025-04-16 06:00:00+00:00,0.33999999999999997,0.3400000000000001,0.35718092,0.97146857,0.015047079,0.013484378,GOOD,GOOD,
2025-04-16 07:00:00+00:00,0.39,0.3900000000000001,0.37018126,0.945627,0.037215285,0.017157732,GOOD,GOOD,
2025-04-16 08:00:00+00:00,0.37,0.37000000000000005,0.40258837,0.97453356,0.013218883,0.012247567,GOOD,GOOD,
2025-04-16 09:00:00+00:00,0.43,0.43000000000000005,0.407059,0.93471503,0.044037323,0.021247659,GOOD,GOOD,
2025-04-16 10:00:00+00:00,0.46499999999999997,0.465,0.43964812,0.9367119,0.04117333,0.022114743,GOOD,GOOD,
2025-04-16 11:00:00+00:00,0.47,0.47000000000000003,0.4803039,0.9283971,0.03160255,0.040000346,GOOD,GOOD,
2025-04-16 12:00:00+00:00,0.49,0.4900000000000001,0.4993074,0.9444015,0.030527981,0.025070537,GOOD,GOOD,
2025-04-16 13:00:00+00:00,0.47,0.47000000000000003,0.5145921,0.96447814,0.019039666,0.016482186,BAD,GOOD,E_stuck
2025-04-16 14:00:00+00:00,0.42000000000000004,0.47000000000000003,0.50723684,0.9033658,0.02823828,0.068395905,BAD,GOOD,E_stuck
2025-04-16 15:00:00+00:00,0.37,0.47000000000000003,0.50047755,0.7244308,0.03969346,0.23587574,BAD,GOOD,E_stuck
2025-04-16 16:00:00+00:00,0.42000000000000004,0.47000000000000003,0.49857518,0.7347863,0.04392475,0.22128895,BAD,GOOD,E_stuck
2025-04-16 17:00:00+00:00,0.385,0.47000000000000003,0.49869752,0.73304147,0.042408835,0.2245497,BAD,GOOD,E_stuck
2025-04-16 18:00:00+00:00,0.43,0.47000000000000003,0.4989313,0.6933048,0.041453615,0.26524162,BAD,GOOD,E_stuck
2025-04-16 19:00:00+00:00,0.5,0.47000000000000003,0.49893597,0.63747215,0.04059056,0.32193726,BAD,GOOD,E_stuck
2025-04-16 20:00:00+00:00,0.5349999999999999,0.47000000000000003,0.4988736,0.6030952,0.043530203,0.35337463,BAD,GOOD,E_stuck
2025-04-16 21:00:00+00:00,0.55,0.47000000000000003,0.4988577,0.5775931,0.04274108,0.37966582,BAD,GOOD,E_stuck
2025-04-16 22:00:00+00:00,0.52,0.47000000000000003,0.49889797,0.54071516,0.04126119,0.41802365,BAD,GOOD,E_stuck
2025-04-16 23:00:00+00:00,0.45999999999999996,0.47000000000000003,0.49896786,0.495471,0.040945742,0.46358326,BAD,GOOD,E_stuck
2025-04-17 00:00:00+00:00,0.48,0.47000000000000003,0.49904445,0.46937764,0.040318366,0.490304,BAD,GOOD,E_stuck
2025-04-17 01:00:00+00:00,0.51,0.47000000000000003,0.49911472,0.45682263,0.04130193,0.50187546,BAD,GOOD,E_stuck
2025-04-17 02:00:00+00:00,0.44999999999999996,0.47000000000000003,0.4991724,0.44463927,0.04377773,0.51158303,BAD,GOOD,E_stuck
2025-04-17 03:00:00+00:00,0.45499999999999996,0.47000000000000003,0.49921474,0.4354179,0.04556607,0.519016,BAD,GOOD,E_stuck
2025-04-17 04:00:00+00:00,0.35,0.47000000000000003,0.49924168,0.426364,0.04727121,0.5263648,BAD,GOOD,E_stuck
2025-04-17 05:00:00+00:00,0.405,0.47000000000000003,0.49925464,0.4181074,0.047721483,0.5341711,BAD,GOOD,E_stuck
2025-04-17 06:00:00+00:00,0.46,0.47000000000000003,0.49925613,0.41038322,0.04892491,0.54069185,BAD,GOOD,E_stuck
2025-04-17 07:00:00+00:00,0.44,0.47000000000000003,0.49924904,0.4024781,0.04941133,0.54811054,BAD,GOOD,E_stuck
2025-04-17 08:00:00+00:00,0.45,0.47000000000000003,0.4992363,0.3958193,0.050694957,0.55348575,BAD,GOOD,E_stuck
2025-04-17 09:00:00+00:00,0.485,0.47000000000000003,0.49922037,0.38977122,0.05110303,0.5591257,BAD,GOOD,E_stuck
2025-04-17 10:00:00+00:00,0.5,0.47000000000000003,0.49920326,0.38717633,0.05191233,0.56091136,BAD,GOOD,E_stuck
2025-04-17 11:00:00+00:00,0.41500000000000004,0.47000000000000003,0.49918658,0.3867904,0.05241294,0.5607967,BAD,GOOD,E_stuck
2025-04-17 12:00:00+00:00,0.44,0.47000000000000003,0.49917135,0.3862126,0.052804757,0.56098264,BAD,GOOD,E_stuck
2025-04-17 13:00:00+00:00,0.425,0.4250000000000001,0.49915817,0.53856075,0.25566903,0.20577021,GOOD,GOOD,
2025-04-17 14:00:00+00:00,0.37,0.37000000000000005,0.4710142,0.53856075,0.25566903,0.20577021,GOOD,GOOD,
2025-04-17 15:00:00+00:00,0.355,0.35500000000000004,0.42158517,0.53856075,0.25566903,0.20577021,GOOD,GOOD,
2025-04-17 16:00:00+00:00,0.38,0.38000000000000006,0.39028394,0.53856075,0.25566903,0.20577021,GOOD,GOOD,
2025-04-17 17:00:00+00:00,0.3,0.30000000000000004,0.39736083,0.53856075,0.25566903,0.20577021,GOOD,GOOD,
2025-04-17 18:00:00+00:00,0.30500000000000005,0.30500000000000016,0.35901368,0.53856075,0.25566903,0.20577021,GOOD,GOOD,
2025-04-17 19:00:00+00:00,0.35,0.35000000000000003,0.33681417,0.53856075,0.25566903,0.20577021,GOOD,GOOD,
2025-04-17 20:00:00+00:00,0.36,0.36000000000000004,0.3594474,0.53856075,0.25566903,0.20577021,GOOD,GOOD,
2025-04-17 21:00:00+00:00,0.395,0.3950000000000001,0.3834032,0.53856075,0.25566903,0.20577021,GOOD,GOOD,
2025-04-17 22:00:00+00:00,0.385,0.38500000000000006,0.41313455,0.53856075,0.25566903,0.20577021,GOOD,GOOD,
2025-04-17 23:00:00+00:00,0.375,0.3750000000000001,0.4196209,0.53856075,0.25566903,0.20577021,GOOD,GOOD,
2025-04-18 00:00:00+00:00,0.355,0.35500000000000004,0.41125813,0.53856075,0.25566903,0.20577021,GOOD,GOOD,
2025-04-18 01:00:00+00:00,0.385,0.38500000000000006,0.3935928,0.53856075,0.25566903,0.20577021,GOOD,GOOD,
2025-04-18 02:00:00+00:00,0.305,0.3050000000000001,0.40359983,0.55842453,0.25597784,0.18559761,GOOD,GOOD,
2025-04-18 03:00:00+00:00,0.30000000000000004,0.02,0.364719,0.21072721,0.25752702,0.53174573,BAD,BAD,G_missing_sentinel
2025-04-18 04:00:00+00:00,0.265,0.26500000000000007,0.17655136,0.53852844,0.25385806,0.20761351,GOOD,GOOD,
2025-04-18 05:00:00+00:00,0.24,0.24,0.20372066,0.7531348,0.16594252,0.08092267,GOOD,GOOD,
2025-04-18 06:00:00+00:00,0.28,0.02,0.25544003,0.21223676,0.32929623,0.458467,SUSPECT,SUSPECT,C_level_shift
2025-04-18 07:00:00+00:00,0.31,0.02,0.15056364,0.2932855,0.41004786,0.29666662,SUSPECT,SUSPECT,C_level_shift
2025-04-18 08:00:00+00:00,0.32999999999999996,0.02,0.07002394,0.6624576,0.073445976,0.26409647,SUSPECT,GOOD,C_level_shift
2025-04-18 09:00:00+00:00,0.29000000000000004,0.02,0.044327382,0.7444432,0.07001229,0.18554454,SUSPECT,GOOD,C_level_shift
2025-04-18 10:00:00+00:00,0.32,0.02,0.04511989,0.72730523,0.06993587,0.2027589,SUSPECT,GOOD,C_level_shift
2025-04-18 11:00:00+00:00,0.345,0.02,0.049933165,0.7161907,0.07033214,0.21347716,SUSPECT,GOOD,C_level_shift
2025-04-18 12:00:00+00:00,0.3,0.02,0.052121643,0.73893076,0.05134679,0.20972244,SUSPECT,GOOD,C_level_shift
2025-04-18 13:00:00+00:00,0.305,0.02,0.052354626,0.72919834,0.040508553,0.23029314,SUSPECT,GOOD,C_level_shift
2025-04-18 14:00:00+00:00,0.325,0.02,0.05210177,0.7205019,0.04073882,0.23875925,SUSPECT,GOOD,C_level_shift
2025-04-18 15:00:00+00:00,0.27,0.02,0.05193585,0.69656014,0.04732539,0.25611445,SUSPECT,GOOD,C_level_shift
2025-04-18 16:00:00+00:00,0.29,0.02,0.051866345,0.6558403,0.041538257,0.30262148,SUSPECT,GOOD,C_level_shift
2025-04-18 17:00:00+00:00,0.25,0.02,0.051799223,0.6279129,0.036547832,0.33553925,SUSPECT,GOOD,C_level_shift
2025-04-18 18:00:00+00:00,0.22,0.02,0.051697,0.57833827,0.04169474,0.37996703,SUSPECT,GOOD,C_level_shift
2025-04-18 19:00:00+00:00,0.27,0.02,0.051569905,0.5719702,0.046896048,0.38113376,SUSPECT,GOOD,C_level_shift
2025-04-18 20:00:00+00:00,0.305,0.02,0.051440194,0.54996634,0.049168967,0.40086466,SUSPECT,GOOD,C_level_shift
2025-04-18 21:00:00+00:00,0.3,0.02,0.051325474,0.5359267,0.04867692,0.4153964,SUSPECT,GOOD,C_level_shift
2025-04-18 22:00:00+00:00,0.335,0.02,0.05123522,0.52287865,0.049129616,0.42799178,SUSPECT,GOOD,C_level_shift
2025-04-18 23:00:00+00:00,0.275,0.02,0.05117333,0.50992405,0.04995506,0.44012088,SUSPECT,GOOD,C_level_shift
2025-04-19 00:00:00+00:00,0.29000000000000004,0.02,0.051139392,0.4973619,0.050751504,0.4518866,SUSPECT,GOOD,C_level_shift
2025-04-19 01:00:00+00:00,0.32,0.02,0.05113056,0.4914626,0.050664246,0.45787317,SUSPECT,GOOD,C_level_shift
2025-04-19 02:00:00+00:00,0.315,0.02,0.05114253,0.47663492,0.05175492,0.47161016,SUSPECT,GOOD,C_level_shift
2025-04-19 03:00:00+00:00,0.29000000000000004,0.02,0.051169842,0.43614954,0.056343522,0.50750697,SUSPECT,GOOD,C_level_shift
2025-04-19 04:00:00+00:00,0.255,0.02,0.05120727,0.43638486,0.055163294,0.5084518,SUSPECT,GOOD,C_level_shift
2025-04-19 05:00:00+00:00,0.275,0.02,0.05125016,0.4321975,0.05459122,0.51321125,SUSPECT,GOOD,C_level_shift
2025-04-19 06:00:00+00:00,0.255,0.02,0.051294558,0.40373307,0.057330735,0.5389362,SUSPECT,GOOD,C_level_shift
2025-04-19 07:00:00+00:00,0.29,0.02,0.051337272,0.38659883,0.058484603,0.55491656,SUSPECT,GOOD,C_level_shift
2025-04-19 08:00:00+00:00,0.3,0.02,0.05137627,0.37641096,0.058918722,0.5646703,SUSPECT,GOOD,C_level_shift
2025-04-19 09:00:00+00:00,0.31,0.02,0.05141003,0.37136936,0.058462385,0.57016826,SUSPECT,GOOD,C_level_shift
2025-04-19 10:00:00+00:00,0.33,0.02,0.051438216,0.36556947,0.0580899,0.5763406,SUSPECT,GOOD,C_level_shift
2025-04-19 11:00:00+00:00,0.325,0.02,0.051460534,0.36341774,0.057369184,0.5792131,SUSPECT,GOOD,C_level_shift
2025-04-19 12:00:00+00:00,0.3,0.02,0.05147727,0.360363,0.056775182,0.5828618,SUSPECT,GOOD,C_level_shift
2025-04-19 13:00:00+00:00,0.29000000000000004,0.02,0.051489126,0.35736507,0.05712942,0.5855055,SUSPECT,GOOD,C_level_shift
2025-04-19 14:00:00+00:00,0.295,0.02,0.051496737,0.35495424,0.057858862,0.5871869,SUSPECT,GOOD,C_level_shift
2025-04-19 15:00:00+00:00,0.28500000000000003,0.02,0.051500633,0.35210407,0.05860975,0.5892862,SUSPECT,GOOD,C_level_shift
2025-04-19 16:00:00+00:00,0.255,0.02,0.051501796,0.3479523,0.0592519,0.5927958,SUSPECT,GOOD,C_level_shift
2025-04-19 17:00:00+00:00,0.255,0.02,0.05150098,0.34496784,0.060401604,0.59463054,SUSPECT,GOOD,C_level_shift
2025-04-19 18:00:00+00:00,0.24,0.02,0.05149854,0.34097326,0.061377354,0.5976494,SUSPECT,GOOD,C_level_shift
2025-04-19 19:00:00+00:00,0.275,0.02,0.05149517,0.3361615,0.061953492,0.601885,SUSPECT,GOOD,C_level_shift
2025-04-19 20:00:00+00:00,0.325,0.02,0.051491216,0.33070964,0.06281167,0.6064787,SUSPECT,GOOD,C_level_shift
2025-04-19 21:00:00+00:00,0.28,0.02,0.051487032,0.32462567,0.06369684,0.61167747,SUSPECT,GOOD,C_level_shift
2025-04-19 22:00:00+00:00,0.3,0.02,0.05148279,0.31978476,0.06483016,0.61538506,SUSPECT,GOOD,C_level_shift
2025-04-19 23:00:00+00:00,0.33499999999999996,0.02,0.05147878,0.31544435,0.066088945,0.61846673,SUSPECT,GOOD,C_level_shift
2025-04-20 00:00:00+00:00,0.3,0.02,0.051475063,0.31157255,0.067439824,0.6209876,SUSPECT,GOOD,C_level_shift
2025-04-20 01:00:00+00:00,0.28500000000000003,0.02,0.051471807,0.306516,0.068457566,0.62502646,SUSPECT,GOOD,C_level_shift
2025-04-20 02:00:00+00:00,0.245,0.02,0.0514689,0.30348635,0.0702081,0.6263055,SUSPECT,GOOD,C_level_shift
2025-04-20 03:00:00+00:00,0.255,0.02,0.0514664,0.30775094,0.073877215,0.61837184,SUSPECT,GOOD,C_level_shift
2025-04-20 04:00:00+00:00,0.24,0.02,0.05146431,0.30033827,0.074337885,0.62532383,SUSPECT,GOOD,C_level_shift
2025-04-20 05:00:00+00:00,0.235,0.02,0.05146251,0.29513645,0.075099036,0.6297645,SUSPECT,GOOD,C_level_shift
2025-04-20 06:00:00+00:00,0.28,0.28000000000000014,0.051460996,0.53856075,0.25566903,0.20577021,GOOD,GOOD,
2025-04-20 07:00:00+00:00,0.25,0.25,0.19852132,0.53856075,0.25566903,0.20577021,GOOD,GOOD,
2025-04-20 08:00:00+00:00,0.245,0.24500000000000002,0.2814747,0.53856075,0.25566903,0.20577021,GOOD,GOOD,
2025-04-20 09:00:00+00:00,0.23,0.23000000000000004,0.2912897,0.53856075,0.25566903,0.20577021,GOOD,GOOD,
2025-04-20 10:00:00+00:00,0.25,0.25,0.2729857,0.53856075,0.25566903,0.20577021,GOOD,GOOD,
2025-04-20 11:00:00+00:00,0.265,0.26500000000000007,0.27340242,0.53856075,0.25566903,0.20577021,GOOD,GOOD,
2025-04-20 12:00:00+00:00,0.28,0.28000000000000014,0.2872963,0.53856075,0.25566903,0.20577021,GOOD,GOOD,
2025-04-20 13:00:00+00:00,0.27,0.2700000000000001,0.304065,0.53856075,0.25566903,0.20577021,GOOD,GOOD,
2025-04-20 14:00:00+00:00,0.265,0.26500000000000007,0.3049805,0.53856075,0.25566903,0.20577021,GOOD,GOOD,
2025-04-20 15:00:00+00:00,0.24,0.24,0.29886484,0.53856075,0.25566903,0.20577021,GOOD,GOOD,
2025-04-20 16:00:00+00:00,0.24,0.24,0.2806367,0.53856075,0.25566903,0.20577021,GOOD,GOOD,
2025-04-20 17:00:00+00:00,0.28,0.28000000000000014,0.27082667,0.53856075,0.25566903,0.20577021,GOOD,GOOD,
2025-04-20 18:00:00+00:00,0.22,0.22,0.2925708,0.53856075,0.25566903,0.20577021,GOOD,GOOD,
2025-04-20 19:00:00+00:00,0.24,0.24,0.2728271,0.54452115,0.26121065,0.1942682,GOOD,GOOD,
2025-04-20 20:00:00+00:00,0.255,0.255,0.2665566,0.97632134,0.013537076,0.010141597,GOOD,GOOD,
2025-04-20 21:00:00+00:00,0.27,0.2700000000000001,0.27708462,0.9133667,0.028191613,0.058441725,GOOD,GOOD,
2025-04-20 22:00:00+00:00,0.265,0.26500000000000007,0.29354736,0.9604956,0.0224067,0.017097699,GOOD,GOOD,
2025-04-20 23:00:00+00:00,0.28,0.28000000000000014,0.298128,0.9629241,0.020777723,0.016298154,GOOD,GOOD,
2025-04-21 00:00:00+00:00,0.3,0.30000000000000004,0.30616862,0.96567285,0.0188814,0.015445781,GOOD,GOOD,
2025-04-21 01:00:00+00:00,0.27,0.2700000000000001,0.32247576,0.9455184,0.030245868,0.024235738,GOOD,GOOD,
2025-04-21 02:00:00+00:00,0.28,0.28000000000000014,0.31286344,0.96190006,0.018598529,0.019501442,GOOD,GOOD,
2025-04-21 03:00:00+00:00,0.235,0.235,0.3091883,0.8868738,0.067647845,0.04547838,GOOD,GOOD,
2025-04-21 04:00:00+00:00,0.20500000000000002,0.20500000000000002,0.28323025,0.87991846,0.06897782,0.051103752,GOOD,GOOD,
2025-04-21 05:00:00+00:00,0.19,0.19,0.2502398,0.91237986,0.04396496,0.043655165,GOOD,GOOD,
2025-04-21 06:00:00+00:00,0.21,0.21,0.22698767,0.95164037,0.02494535,0.02341427,GOOD,GOOD,
2025-04-21 07:00:00+00:00,0.23,0.23000000000000004,0.23102333,0.93427145,0.02689108,0.038837485,GOOD,GOOD,
2025-04-21 08:00:00+00:00,0.22,0.22,0.25009924,0.9412961,0.025476301,0.033227593,GOOD,GOOD,
2025-04-21 09:00:00+00:00,0.21,0.21,0.25467646,0.7461585,0.049822025,0.20401946,GOOD,GOOD,
2025-04-21 10:00:00+00:00,0.275,0.2750000000000001,0.24709502,0.8577629,0.09802959,0.044207547,GOOD,GOOD,
2025-04-21 11:00:00+00:00,0.27,0.2700000000000001,0.27974883,0.9642968,0.020380102,0.015323106,GOOD,GOOD,
2025-04-21 12:00:00+00:00,0.265,0.26500000000000007,0.29963395,0.7652,0.027822021,0.20697798,GOOD,GOOD,
2025-04-21 13:00:00+00:00,0.265,0.26500000000000007,0.30064327,0.78285587,0.02516626,0.19197784,GOOD,GOOD,
2025-04-21 14:00:00+00:00,0.235,0.235,0.2974401,0.96000355,0.021956833,0.0180396,GOOD,GOOD,
2025-04-21 15:00:00+00:00,0.2,0.2,0.27817887,0.93354315,0.039930724,0.026526146,GOOD,GOOD,
2025-04-21 16:00:00+00:00,0.22,0.22,0.24660762,0.9618261,0.021784222,0.01638966,GOOD,GOOD,
2025-04-21 17:00:00+00:00,0.19,0.19,0.24280831,0.9428846,0.033599608,0.02351579,GOOD,GOOD,
2025-04-21 18:00:00+00:00,0.22,0.22,0.23036541,0.9508773,0.02949219,0.019630486,GOOD,GOOD,
2025-04-21 19:00:00+00:00,0.345,0.34500000000000003,0.23957941,0.54466736,0.34214416,0.11318844,GOOD,GOOD,
2025-04-21 20:00:00+00:00,0.47000000000000003,0.4700000000000001,0.32262495,0.40320325,0.4419853,0.15481143,GOOD,SUSPECT,
2025-04-21 21:00:00+00:00,0.585,0.5850000000000001,0.44926792,0.47109777,0.39520723,0.13369502,GOOD,GOOD,
2025-04-21 22:00:00+00:00,0.49,0.4900000000000001,0.5778461,0.69262385,0.18621218,0.121163934,GOOD,GOOD,
2025-04-21 23:00:00+00:00,0.49,0.4900000000000001,0.5602645,0.898394,0.061814502,0.039791495,GOOD,GOOD,
2025-04-22 00:00:00+00:00,0.54,0.5400000000000001,0.52804804,0.91394967,0.05132869,0.034721635,GOOD,GOOD,
2025-04-22 01:00:00+00:00,0.575,0.575,0.549085,0.88599306,0.06800706,0.04599988,GOOD,GOOD,
2025-04-22 02:00:00+00:00,0.51,0.51,0.58919334,0.9000321,0.06472806,0.03523986,GOOD,GOOD,
2025-04-22 03:00:00+00:00,0.68,0.6800000000000002,0.5628824,0.55156595,0.33110344,0.11733063,GOOD,GOOD,
2025-04-22 04:00:00+00:00,0.65,0.65,0.653126,0.87408483,0.07720782,0.04870738,GOOD,GOOD,
2025-04-22 05:00:00+00:00,0.6799999999999999,0.68,0.6846086,0.9484374,0.033108324,0.018454257,GOOD,GOOD,
2025-04-22 06:00:00+00:00,1.0,1.0000000000000002,0.7027505,0.19715798,0.5405768,0.26226524,GOOD,SUSPECT,
2025-04-22 07:00:00+00:00,0.885,0.885,0.9329376,0.79170024,0.13005306,0.07824669,GOOD,GOOD,
2025-04-22 08:00:00+00:00,0.855,0.8550000000000001,0.9468931,0.9259244,0.045586526,0.028489051,GOOD,GOOD,
2025-04-22 09:00:00+00:00,0.785,0.7850000000000001,0.89637804,0.949046,0.036509197,0.014444783,GOOD,GOOD,
2025-04-22 10:00:00+00:00,0.725,0.725,0.8272629,0.9534787,0.03461751,0.0119037945,GOOD,GOOD,
2025-04-22 11:00:00+00:00,0.7,0.7,0.7646289,0.965794,0.022798486,0.011407471,GOOD,GOOD,
2025-04-22 12:00:00+00:00,0.79,0.79,0.7297957,0.9186803,0.06679133,0.014528378,GOOD,GOOD,
2025-04-22 13:00:00+00:00,0.75,0.7500000000000001,0.7841629,0.971117,0.01651952,0.012363473,GOOD,GOOD,
2025-04-22 14:00:00+00:00,0.7,0.7,0.78594613,0.96793115,0.022243274,0.009825554,GOOD,GOOD,
2025-04-22 15:00:00+00:00,0.6799999999999999,0.68,0.7433386,0.9639474,0.01820361,0.017848965,GOOD,GOOD,
2025-04-22 16:00:00+00:00,0.59,0.02,0.71084535,0.03585601,0.10162092,0.8625231,BAD,BAD,G_missing_sentinel
2025-04-22 17:00:00+00:00,0.8,0.8000000000000002,0.30492043,0.16347969,0.15277945,0.68374085,GOOD,GOOD,
2025-04-22 18:00:00+00:00,0.71,0.7100000000000001,0.5537175,0.16571307,0.6332478,0.20103915,GOOD,SUSPECT,
2025-04-22 19:00:00+00:00,0.76,0.7600000000000001,0.7321633,0.9487967,0.03937769,0.011825618,GOOD,GOOD,
2025-04-22 20:00:00+00:00,0.74,0.74,0.7919089,0.97738814,0.01163997,0.01097188,GOOD,GOOD,
2025-04-22 21:00:00+00:00,0.76,0.7600000000000001,0.77938795,0.97675014,0.012694048,0.010555798,GOOD,GOOD,
2025-04-22 22:00:00+00:00,0.77,0.77,0.7809507,0.88207865,0.043676123,0.074245244,GOOD,GOOD,
2025-04-22 23:00:00+00:00,0.65,0.65,0.79219043,0.8937508,0.07709364,0.029155564,GOOD,GOOD,
2025-04-23 00:00:00+00:00,0.635,0.6350000000000001,0.71563625,0.92238265,0.038330868,0.039286472,GOOD,GOOD,
2025-04-23 01:00:00+00:00,0.67,0.67,0.6684062,0.9759613,0.015842644,0.008196008,GOOD,GOOD,
2025-04-23 02:00:00+00:00,0.645,0.645,0.6815841,0.9774192,0.011922096,0.0106587075,GOOD,GOOD,
2025-04-23 03:00:00+00:00,0.64,0.6400000000000001,0.678162,0.8645011,0.021674449,0.113824405,GOOD,GOOD,
2025-04-23 04:00:00+00:00,0.7375,0.7375,0.6697191,0.8989153,0.0868684,0.014216343,GOOD,GOOD,
2025-04-23 05:00:00+00:00,0.835,0.8350000000000001,0.73162,0.6845268,0.2712603,0.044212896,GOOD,GOOD,
2025-04-23 06:00:00+00:00,0.86,0.8600000000000001,0.8302326,0.88390297,0.08405153,0.032045487,GOOD,GOOD,
2025-04-23 07:00:00+00:00,1.2,1.2000000000000002,0.8816052,0.1970945,0.61400473,0.18890075,GOOD,SUSPECT,
2025-04-23 08:00:00+00:00,1.095,1.095,1.1410972,0.86977214,0.09379503,0.03643285,GOOD,GOOD,
2025-04-23 09:00:00+00:00,1.165,1.1650000000000003,1.1507497,0.8914823,0.087534525,0.020983182,GOOD,GOOD,
2025-04-23 10:00:00+00:00,1.1,1.1000000000000003,1.1749789,0.9220356,0.058713924,0.019250493,GOOD,GOOD,
2025-04-23 11:00:00+00:00,0.815,0.815,1.1335385,0.32749557,0.4806727,0.19183174,GOOD,SUSPECT,
2025-04-23 12:00:00+00:00,0.76,0.7600000000000001,0.9102672,0.7429821,0.19319737,0.06382053,GOOD,GOOD,
2025-04-23 13:00:00+00:00,0.755,0.7550000000000001,0.7946005,0.89220583,0.034491874,0.073302284,GOOD,GOOD,
2025-04-23 14:00:00+00:00,0.75,0.7500000000000001,0.7706131,0.7938334,0.04375356,0.16241308,GOOD,GOOD,
2025-04-23 15:00:00+00:00,0.7949999999999999,0.7949999999999999,0.7712326,0.9675217,0.025780912,0.0066973707,GOOD,GOOD,
2025-04-23 16:00:00+00:00,0.715,0.715,0.8039505,0.95984006,0.029831113,0.010328838,GOOD,GOOD,
2025-04-23 17:00:00+00:00,0.8300000000000001,0.8300000000000002,0.76326966,0.89977026,0.084418125,0.015811626,GOOD,GOOD,
2025-04-23 18:00:00+00:00,0.9450000000000001,0.9450000000000002,0.81857944,0.61101305,0.33501,0.053976916,GOOD,GOOD,
2025-04-23 19:00:00+00:00,1.04,1.0400000000000003,0.9327898,0.6455419,0.30531386,0.04914427,GOOD,GOOD,
2025-04-23 20:00:00+00:00,0.875,0.8750000000000001,1.0417477,0.877118,0.08505429,0.0378277,GOOD,GOOD,
2025-04-23 21:00:00+00:00,0.81,0.8100000000000002,0.948021,0.880032,0.081815176,0.038152833,GOOD,GOOD,
2025-04-23 22:00:00+00:00,0.8,0.8000000000000002,0.8535657,0.9097258,0.024967736,0.06530646,GOOD,GOOD,
2025-04-23 23:00:00+00:00,0.605,0.605,0.82172465,0.55079365,0.3370759,0.11213043,GOOD,GOOD,
2025-04-24 00:00:00+00:00,0.595,0.595,0.68966126,0.83160794,0.09769496,0.0706971,GOOD,GOOD,
2025-04-24 01:00:00+00:00,0.635,0.6350000000000001,0.62587637,0.96602774,0.023599628,0.010372625,GOOD,GOOD,
2025-04-24 02:00:00+00:00,0.77,0.77,0.6416567,0.6165435,0.33124557,0.05221096,GOOD,GOOD,
2025-04-24 03:00:00+00:00,0.8049999999999999,0.805,0.7494825,0.7720967,0.18237908,0.04552423,GOOD,GOOD,
2025-04-24 04:00:00+00:00,0.875,0.8750000000000001,0.8212574,0.87941545,0.103377424,0.017207095,GOOD,GOOD,
2025-04-24 05:00:00+00:00,0.85,0.8500000000000001,0.8844729,0.9699515,0.01600228,0.01404624,GOOD,GOOD,
2025-04-24 06:00:00+00:00,0.915,0.915,0.88427866,0.94178855,0.04586295,0.0123485,GOOD,GOOD,
2025-04-24 07:00:00+00:00,0.855,0.8550000000000001,0.9222699,0.96533453,0.021082262,0.0135831935,GOOD,GOOD,
2025-04-24 08:00:00+00:00,0.88,0.8800000000000001,0.8961822,0.9715721,0.01632023,0.012107668,GOOD,GOOD,
2025-04-24 09:00:00+00:00,0.905,0.9050000000000001,0.8979614,0.85364366,0.067105606,0.07925074,GOOD,GOOD,
2025-04-24 10:00:00+00:00,0.73,0.7300000000000001,0.9205115,0.77393556,0.16062984,0.06543461,GOOD,GOOD,
2025-04-24 11:00:00+00:00,0.71,0.7100000000000001,0.80652994,0.8963085,0.06366001,0.040031508,GOOD,GOOD,
2025-04-24 12:00:00+00:00,0.46,0.46000000000000013,0.74129844,0.19368207,0.49049538,0.31582254,GOOD,SUSPECT,
2025-04-24 13:00:00+00:00,0.58,0.58,0.5664116,0.82919204,0.114689626,0.05611835,GOOD,GOOD,
2025-04-24 14:00:00+00:00,0.5549999999999999,0.5549999999999999,0.5648953,0.9590754,0.02544423,0.015480372,GOOD,GOOD,
2025-04-24 15:00:00+00:00,0.5900000000000001,0.5900000000000002,0.5792229,0.9626188,0.02492841,0.012452737,GOOD,GOOD,
2025-04-24 16:00:00+00:00,0.66,0.6600000000000001,0.60620874,0.92963696,0.056648303,0.013714774,GOOD,GOOD,
2025-04-24 17:00:00+00:00,0.62,0.62,0.6632694,0.96385914,0.018893639,0.017247198,GOOD,GOOD,
2025-04-24 18:00:00+00:00,0.585,0.5850000000000001,0.6610407,0.9448006,0.026459837,0.028739536,GOOD,GOOD,
2025-04-24 19:00:00+00:00,0.615,0.6150000000000001,0.62743086,0.97194195,0.015196579,0.012861461,GOOD,GOOD,
2025-04-24 20:00:00+00:00,0.605,0.605,0.6319025,0.92803276,0.019087896,0.052879356,GOOD,GOOD,
2025-04-24 21:00:00+00:00,0.62,0.62,0.63413894,0.9437795,0.018798705,0.037421748,GOOD,GOOD,
2025-04-24 22:00:00+00:00,0.56,0.5600000000000002,0.6437696,0.9386202,0.03722752,0.024152288,GOOD,GOOD,
2025-04-24 23:00:00+00:00,0.525,0.525,0.60899276,0.9322716,0.037982907,0.029745476,GOOD,GOOD,
2025-04-25 00:00:00+00:00,0.44999999999999996,0.45000000000000007,0.56704754,0.8477309,0.113761336,0.038507797,GOOD,GOOD,
2025-04-25 01:00:00+00:00,0.48,0.48000000000000004,0.5044378,0.9623127,0.02162444,0.016062854,GOOD,GOOD,
2025-04-25 02:00:00+00:00,0.48,0.48000000000000004,0.49693033,0.8734151,0.028986767,0.09759809,GOOD,GOOD,
2025-04-25 03:00:00+00:00,0.54,0.5400000000000001,0.5045579,0.9460457,0.04054503,0.013409249,GOOD,GOOD,
2025-04-25 04:00:00+00:00,0.55,0.55,0.5469601,0.9515882,0.022090364,0.0263214,GOOD,GOOD,
2025-04-25 05:00:00+00:00,0.6,0.6,0.5745412,0.95383406,0.03302325,0.0131426845,GOOD,GOOD,
2025-04-25 06:00:00+00:00,0.58,0.58,0.61325485,0.97623724,0.011450126,0.012312652,GOOD,GOOD,
2025-04-25 07:00:00+00:00,0.555,0.555,0.6157976,0.91398007,0.024373539,0.061646402,GOOD,GOOD,
2025-04-25 08:00:00+00:00,0.56,0.5600000000000002,0.59413964,0.9094279,0.018116986,0.07245515,GOOD,GOOD,
2025-04-25 09:00:00+00:00,0.54,0.5400000000000001,0.58658165,0.96040535,0.01566462,0.023930037,GOOD,GOOD,
2025-04-25 10:00:00+00:00,0.66,0.6600000000000001,0.5739737,0.81138223,0.14665203,0.041965757,GOOD,GOOD,
2025-04-25 11:00:00+00:00,0.745,0.745,0.64701104,0.68675864,0.2459901,0.06725123,GOOD,GOOD,
2025-04-25 12:00:00+00:00,0.625,0.625,0.74402,0.86359894,0.08641925,0.0499818,GOOD,GOOD,
2025-04-25 13:00:00+00:00,0.53,0.53,0.6956342,0.7681768,0.17530584,0.056517348,GOOD,GOOD,
2025-04-25 14:00:00+00:00,0.575,0.575,0.5953369,0.9704429,0.019058444,0.010498643,GOOD,GOOD,
2025-04-25 15:00:00+00:00,0.515,0.515,0.58413273,0.95061094,0.03235739,0.017031673,GOOD,GOOD,
2025-04-25 16:00:00+00:00,0.51,0.51,0.55771583,0.9711784,0.014191827,0.014629768,GOOD,GOOD,
2025-04-25 17:00:00+00:00,0.555,0.555,0.54096955,0.96534806,0.023634639,0.011017304,GOOD,GOOD,
2025-04-25 18:00:00+00:00,0.575,0.575,0.5656278,0.9523534,0.025638212,0.022008356,GOOD,GOOD,
2025-04-25 19:00:00+00:00,0.47,0.47000000000000003,0.594407,0.84296,0.103539236,0.05350076,GOOD,GOOD,
2025-04-25 20:00:00+00:00,0.49,0.4900000000000001,0.53710717,0.9728481,0.014570185,0.012581715,GOOD,GOOD,
2025-04-25 21:00:00+00:00,0.475,0.4750000000000001,0.5144802,0.97340965,0.013773914,0.01281641,GOOD,GOOD,
2025-04-25 22:00:00+00:00,0.47,0.47000000000000003,0.50488067,0.8672066,0.026329374,0.10646408,GOOD,GOOD,
2025-04-25 23:00:00+00:00,0.42,0.42000000000000004,0.5000355,0.9337164,0.03885941,0.02742417,GOOD,GOOD,
2025-04-26 00:00:00+00:00,0.385,0.38500000000000006,0.467702,0.9292139,0.03856969,0.032216426,GOOD,GOOD,
2025-04-26 01:00:00+00:00,0.32,0.32000000000000006,0.42899367,0.8164203,0.12751572,0.05606397,GOOD,GOOD,
2025-04-26 02:00:00+00:00,0.395,0.3950000000000001,0.37439397,0.8808389,0.077513695,0.041647404,GOOD,GOOD,
2025-04-26 03:00:00+00:00,0.4,0.40000000000000013,0.39539748,0.9460711,0.03212645,0.021802463,GOOD,GOOD,
2025-04-26 04:00:00+00:00,0.46499999999999997,0.465,0.42237648,0.9163167,0.06249013,0.021193206,GOOD,GOOD,
2025-04-26 05:00:00+00:00,0.485,0.4850000000000001,0.47214717,0.95725226,0.02558079,0.017166931,GOOD,GOOD,
2025-04-26 06:00:00+00:00,0.43999999999999995,0.44000000000000006,0.50766426,0.96441543,0.018308159,0.017276432,GOOD,GOOD,
2025-04-26 07:00:00+00:00,0.475,0.4750000000000001,0.48903966,0.9737829,0.014634486,0.011582598,GOOD,GOOD,
2025-04-26 08:00:00+00:00,0.43,0.43000000000000005,0.49451074,0.9643408,0.019551367,0.016107839,GOOD,GOOD,
2025-04-26 09:00:00+00:00,0.395,0.3950000000000001,0.4741034,0.9370101,0.033020984,0.0299689,GOOD,GOOD,
2025-04-26 10:00:00+00:00,0.425,0.4250000000000001,0.43954077,0.9727379,0.014374604,0.012887485,GOOD,GOOD,
2025-04-26 11:00:00+00:00,0.33999999999999997,0.3400000000000001,0.44288415,0.8174156,0.12684666,0.055737767,GOOD,GOOD,
2025-04-26 12:00:00+00:00,0.28500000000000003,0.2850000000000001,0.39959034,0.7814912,0.15421571,0.06429307,GOOD,GOOD,
2025-04-26 13:00:00+00:00,0.255,0.255,0.34010324,0.87951285,0.07309415,0.04739301,GOOD,GOOD,
2025-04-26 14:00:00+00:00,0.28,0.28000000000000014,0.29663762,0.9565131,0.024150454,0.019336466,GOOD,GOOD,
2025-04-26 15:00:00+00:00,0.28500000000000003,0.2850000000000001,0.2972928,0.9268157,0.026513236,0.046671055,GOOD,GOOD,
2025-04-26 16:00:00+00:00,0.29000000000000004,0.2900000000000001,0.30946484,0.8519518,0.028263787,0.11978444,GOOD,GOOD,
2025-04-26 17:00:00+00:00,0.33,0.3300000000000001,0.31849787,0.94666433,0.034347825,0.018987834,GOOD,GOOD,
2025-04-26 18:00:00+00:00,0.34,0.34000000000000014,0.34507576,0.9452741,0.020912787,0.033813078,GOOD,GOOD,
2025-04-26 19:00:00+00:00,0.41,0.41000000000000003,0.36562985,0.91177887,0.065289915,0.022931213,GOOD,GOOD,
2025-04-26 20:00:00+00:00,0.32499999999999996,0.325,0.41476956,0.9077217,0.058183555,0.034094743,GOOD,GOOD,
2025-04-26 21:00:00+00:00,0.265,0.26500000000000007,0.38785315,0.8866555,0.076244265,0.03710023,GOOD,GOOD,
2025-04-26 22:00:00+00:00,0.33499999999999996,0.335,0.32587823,0.92025256,0.05146912,0.028278334,GOOD,GOOD,
2025-04-26 23:00:00+00:00,0.33499999999999996,0.335,0.3376762,0.97195846,0.014173215,0.013868354,GOOD,GOOD,
2025-04-27 00:00:00+00:00,0.235,0.235,0.35880163,0.7705605,0.15306924,0.07637026,GOOD,GOOD,
2025-04-27 01:00:00+00:00,0.235,0.235,0.30734637,0.929839,0.03375559,0.036405426,GOOD,GOOD,
2025-04-27 02:00:00+00:00,0.235,0.235,0.27143323,0.73852015,0.034674726,0.22680514,GOOD,GOOD,
2025-04-27 03:00:00+00:00,0.26,0.26000000000000006,0.26191974,0.9657019,0.020547137,0.0137509685,GOOD,GOOD,
2025-04-27 04:00:00+00:00,0.275,0.2750000000000001,0.27782682,0.9348641,0.025663175,0.039472744,GOOD,GOOD,
2025-04-27 05:00:00+00:00,0.31,0.31000000000000005,0.29795507,0.95571715,0.028462952,0.015819909,GOOD,GOOD,
2025-04-27 06:00:00+00:00,0.31,0.31000000000000005,0.3270874,0.93602836,0.018075332,0.045896314,GOOD,GOOD,
2025-04-27 07:00:00+00:00,0.32999999999999996,0.33000000000000007,0.3406527,0.9642652,0.016313443,0.019421333,GOOD,GOOD,
2025-04-27 08:00:00+00:00,0.30000000000000004,0.3000000000000001,0.35456046,0.97067356,0.015330417,0.013996047,GOOD,GOOD,
2025-04-27 09:00:00+00:00,0.3,0.30000000000000004,0.34264806,0.92431164,0.01749536,0.058192987,GOOD,GOOD,
2025-04-27 10:00:00+00:00,0.305,0.3050000000000001,0.33259958,0.8228257,0.025649088,0.15152523,GOOD,GOOD,
2025-04-27 11:00:00+00:00,0.29000000000000004,0.2900000000000001,0.33269286,0.96452,0.014362943,0.021117063,GOOD,GOOD,
2025-04-27 12:00:00+00:00,0.22999999999999998,0.23,0.3258025,0.8483594,0.097663715,0.05397689,GOOD,GOOD,
2025-04-27 13:00:00+00:00,0.24,0.24,0.28589347,0.9531812,0.024016282,0.022802496,GOOD,GOOD,
2025-04-27 14:00:00+00:00,0.215,0.215,0.26867697,0.9403715,0.033374745,0.02625374,GOOD,GOOD,
2025-04-27 15:00:00+00:00,0.22999999999999998,0.23,0.25285575,0.95869577,0.021781418,0.019522808,GOOD,GOOD,
2025-04-27 16:00:00+00:00,0.24,0.24,0.25454274,0.900512,0.028953759,0.07053424,GOOD,GOOD,
2025-04-27 17:00:00+00:00,0.26,0.26000000000000006,0.26491213,0.9570292,0.02021148,0.022759318,GOOD,GOOD,
2025-04-27 18:00:00+00:00,0.29500000000000004,0.2950000000000001,0.28229094,0.95539594,0.028775701,0.015828352,GOOD,GOOD,
2025-04-27 19:00:00+00:00,0.33999999999999997,0.3400000000000001,0.31144622,0.93590635,0.044467445,0.019626224,GOOD,GOOD,
2025-04-27 20:00:00+00:00,0.345,0.34500000000000003,0.3526381,0.9669632,0.017309608,0.015727194,GOOD,GOOD,
2025-04-27 21:00:00+00:00,0.37,0.37000000000000005,0.37422186,0.96646214,0.019022452,0.0145154055,GOOD,GOOD,
2025-04-27 22:00:00+00:00,0.335,0.3350000000000001,0.3934656,0.9651943,0.019550482,0.015255259,GOOD,GOOD,
2025-04-27 23:00:00+00:00,0.355,0.35500000000000004,0.37970498,0.97144186,0.015490492,0.013067644,GOOD,GOOD,
2025-04-28 00:00:00+00:00,0.31,0.31000000000000005,0.37988988,0.9475452,0.03201943,0.020435378,GOOD,GOOD,
2025-04-28 01:00:00+00:00,0.25,0.25,0.35642833,0.87505466,0.08610458,0.038840786,GOOD,GOOD,
2025-04-28 02:00:00+00:00,0.245,0.24500000000000002,0.30639237,0.9409874,0.030817,0.02819561,GOOD,GOOD,
2025-04-28 03:00:00+00:00,0.235,0.235,0.27840233,0.8834958,0.034505416,0.08199878,GOOD,GOOD,
2025-04-28 04:00:00+00:00,0.2633333333333333,0.2633333333333333,0.26641417,0.959493,0.023943165,0.016563842,GOOD,GOOD,
2025-04-28 05:00:00+00:00,0.2916666666666667,0.29166666666666674,0.28079367,0.9041896,0.048744466,0.047065932,GOOD,GOOD,
2025-04-28 06:00:00+00:00,0.32,0.32000000000000006,0.30872548,0.9112978,0.045184635,0.04351758,GOOD,GOOD,
2025-04-28 07:00:00+00:00,0.37,0.37000000000000005,0.33910778,0.92857283,0.050699677,0.02072749,GOOD,GOOD,
2025-04-28 08:00:00+00:00,0.38,0.38000000000000006,0.38167185,0.9629374,0.020126445,0.016936164,GOOD,GOOD,
2025-04-28 09:00:00+00:00,0.33999999999999997,0.3400000000000001,0.40697753,0.96266025,0.021080572,0.016259179,GOOD,GOOD,
2025-04-28 10:00:00+00:00,0.35,0.35000000000000003,0.38852322,0.9765915,0.011635921,0.011772561,GOOD,GOOD,
2025-04-28 11:00:00+00:00,0.37,0.37000000000000005,0.37924427,0.9621975,0.017213082,0.020589454,GOOD,GOOD,
2025-04-28 12:00:00+00:00,0.31,0.31000000000000005,0.39081785,0.93152934,0.042094573,0.026376106,GOOD,GOOD,
2025-04-28 13:00:00+00:00,0.28,0.28000000000000014,0.36287248,0.93507737,0.036899682,0.02802294,GOOD,GOOD,
2025-04-28 14:00:00+00:00,0.275,0.2750000000000001,0.3255185,0.9486145,0.019807193,0.031578332,GOOD,GOOD,
2025-04-28 15:00:00+00:00,0.26,0.26000000000000006,0.30667266,0.9464705,0.024060369,0.029469118,GOOD,GOOD,
2025-04-28 16:00:00+00:00,0.255,0.255,0.29426798,0.9111842,0.027744018,0.061071806,GOOD,GOOD,
2025-04-28 17:00:00+00:00,0.28500000000000003,0.2850000000000001,0.28706032,0.9565746,0.02493135,0.018494051,GOOD,GOOD,
2025-04-28 18:00:00+00:00,0.35,0.35000000000000003,0.30271098,0.8903126,0.082618035,0.027069328,GOOD,GOOD,
2025-04-28 19:00:00+00:00,0.39,0.3900000000000001,0.35281768,0.9279272,0.05142419,0.020648591,GOOD,GOOD,
2025-04-28 20:00:00+00:00,0.375,0.3750000000000001,0.4038377,0.96991086,0.015630512,0.014458616,GOOD,GOOD,
2025-04-28 21:00:00+00:00,0.345,0.34500000000000003,0.41349813,0.9634975,0.01851729,0.017985221,GOOD,GOOD,
2025-04-28 22:00:00+00:00,0.35,0.35000000000000003,0.39069328,0.97297996,0.010923112,0.01609695,GOOD,GOOD,
2025-04-28 23:00:00+00:00,0.345,0.34500000000000003,0.37962434,0.88983,0.020012284,0.0901577,GOOD,GOOD,
2025-04-29 00:00:00+00:00,0.33999999999999997,0.3400000000000001,0.37549672,0.7635232,0.027794758,0.20868199,GOOD,GOOD,
2025-04-29 01:00:00+00:00,0.295,0.29500000000000004,0.37189353,0.93129945,0.04031492,0.028385622,GOOD,GOOD,
2025-04-29 02:00:00+00:00,0.305,0.3050000000000001,0.34330323,0.96808267,0.015610229,0.01630709,GOOD,GOOD,
2025-04-29 03:00:00+00:00,0.27,0.2700000000000001,0.33277863,0.9340595,0.03875346,0.027187012,GOOD,GOOD,
2025-04-29 04:00:00+00:00,0.28500000000000003,0.2850000000000001,0.31216994,0.9616453,0.020883685,0.017471014,GOOD,GOOD,
2025-04-29 05:00:00+00:00,0.295,0.29500000000000004,0.310075,0.89508134,0.030206693,0.07471195,GOOD,GOOD,
2025-04-29 06:00:00+00:00,0.345,0.34500000000000003,0.31938943,0.9380246,0.043890156,0.018085266,GOOD,GOOD,
2025-04-29 07:00:00+00:00,0.335,0.3350000000000001,0.3550042,0.97311336,0.0138845295,0.013002099,GOOD,GOOD,
2025-04-29 08:00:00+00:00,0.325,0.32500000000000007,0.368332,0.81746316,0.02472199,0.15781482,GOOD,GOOD,
2025-04-29 09:00:00+00:00,0.31,0.31000000000000005,0.3622002,0.877781,0.026919734,0.095299296,GOOD,GOOD,
2025-04-29 10:00:00+00:00,0.31,0.31000000000000005,0.3475124,0.86157215,0.020905467,0.11752236,GOOD,GOOD,
2025-04-29 11:00:00+00:00,0.25,0.25,0.34051472,0.88828564,0.07275884,0.038955554,GOOD,GOOD,
2025-04-29 12:00:00+00:00,0.29000000000000004,0.2900000000000001,0.30399206,0.9526479,0.028304083,0.019048005,GOOD,GOOD,
2025-04-29 13:00:00+00:00,0.235,0.235,0.30642194,0.89075613,0.06917577,0.040068127,GOOD,GOOD,
2025-04-29 14:00:00+00:00,0.225,0.225,0.28412578,0.9423146,0.028053576,0.02963177,GOOD,GOOD,
2025-04-29 15:00:00+00:00,0.21000000000000002,0.21000000000000002,0.26270837,0.86684656,0.046046194,0.08710722,GOOD,GOOD,
2025-04-29 16:00:00+00:00,0.21500000000000002,0.21500000000000002,0.24608172,0.9279884,0.025746066,0.046265494,GOOD,GOOD,
2025-04-29 17:00:00+00:00,0.22,0.22,0.24302346,0.79300463,0.040088613,0.16690674,GOOD,GOOD,
2025-04-29 18:00:00+00:00,0.21000000000000002,0.21000000000000002,0.2475031,0.9225966,0.026211647,0.051191784,GOOD,GOOD,
2025-04-29 19:00:00+00:00,0.25,0.25,0.24482825,0.94198114,0.036350004,0.021668853,GOOD,GOOD,
2025-04-29 20:00:00+00:00,0.245,0.24500000000000002,0.26517463,0.9667914,0.016210523,0.01699806,GOOD,GOOD,
2025-04-29 21:00:00+00:00,0.24,0.24,0.27609307,0.76702905,0.031752765,0.20121819,GOOD,GOOD,
2025-04-29 22:00:00+00:00,0.225,0.225,0.2748314,0.9148836,0.024233675,0.0608827,GOOD,GOOD,
2025-04-29 23:00:00+00:00,0.195,0.195,0.26324174,0.9531682,0.02642337,0.020408403,GOOD,GOOD,
2025-04-30 00:00:00+00:00,0.225,0.225,0.23920266,0.9602498,0.022974974,0.016775219,GOOD,GOOD,
2025-04-30 01:00:00+00:00,0.21000000000000002,0.21000000000000002,0.24406347,0.96823287,0.016105186,0.015661947,GOOD,GOOD,
2025-04-30 02:00:00+00:00,0.185,0.185,0.24420422,0.93355316,0.03181174,0.0346351,GOOD,GOOD,
2025-04-30 03:00:00+00:00,0.19,0.19,0.22777955,0.9517812,0.020382386,0.027836394,GOOD,GOOD,
2025-04-30 04:00:00+00:00,0.16499999999999998,0.16499999999999998,0.22020978,0.9314872,0.037176084,0.03133673,GOOD,GOOD,
2025-04-30 05:00:00+00:00,0.195,0.195,0.20522182,0.94465303,0.031759065,0.02358789,GOOD,GOOD,
2025-04-30 06:00:00+00:00,0.185,0.185,0.21401803,0.94921315,0.024671815,0.026115045,GOOD,GOOD,
2025-04-30 07:00:00+00:00,0.20500000000000002,0.20500000000000002,0.21770836,0.9579067,0.02083308,0.021260174,GOOD,GOOD,
2025-04-30 08:00:00+00:00,0.20500000000000002,0.20500000000000002,0.22878999,0.89581776,0.026219098,0.077963114,GOOD,GOOD,
2025-04-30 09:00:00+00:00,0.20500000000000002,0.20500000000000002,0.23535582,0.54743314,0.040663544,0.41190335,GOOD,GOOD,
2025-04-30 10:00:00+00:00,0.165,0.165,0.23684971,0.87071365,0.07315782,0.05612855,GOOD,GOOD,
2025-04-30 11:00:00+00:00,0.19,0.19,0.21353254,0.9380052,0.0304639,0.03153087,GOOD,GOOD,
2025-04-30 12:00:00+00:00,0.18,0.18,0.21259212,0.9372835,0.026787262,0.035929244,GOOD,GOOD,
2025-04-30 13:00:00+00:00,0.20500000000000002,0.20500000000000002,0.21237223,0.9451145,0.024749106,0.030136378,GOOD,GOOD,
2025-04-30 14:00:00+00:00,0.16499999999999998,0.16499999999999998,0.22601508,0.8829943,0.060904372,0.056101333,GOOD,GOOD,
2025-04-30 15:00:00+00:00,0.14500000000000002,0.145,0.21191086,0.8326354,0.07410959,0.093255006,GOOD,GOOD,
2025-04-30 16:00:00+00:00,0.195,0.195,0.18783987,0.9263642,0.04784893,0.025786918,GOOD,GOOD,
2025-04-30 17:00:00+00:00,0.15000000000000002,0.15000000000000002,0.20473029,0.90913266,0.055578966,0.035288397,GOOD,GOOD,
2025-04-30 18:00:00+00:00,0.185,0.185,0.19598235,0.9514091,0.029380534,0.019210353,GOOD,GOOD,
2025-04-30 19:00:00+00:00,0.2,0.2,0.2048851,0.959106,0.020042172,0.020851808,GOOD,GOOD,
2025-04-30 20:00:00+00:00,0.20500000000000002,0.20500000000000002,0.22234352,0.8908269,0.027926147,0.08124697,GOOD,GOOD,
2025-04-30 21:00:00+00:00,0.2,0.2,0.2339111,0.87132984,0.025210727,0.103459425,GOOD,GOOD,
2025-04-30 22:00:00+00:00,0.175,0.175,0.23427048,0.9526589,0.025528962,0.021812161,GOOD,GOOD,
2025-04-30 23:00:00+00:00,0.18,0.18,0.21774596,0.95946413,0.01764861,0.022887232,GOOD,GOOD,
2025-05-01 00:00:00+00:00,0.18,0.18,0.21022163,0.7236403,0.03619837,0.24016131,GOOD,GOOD,
2025-05-01 01:00:00+00:00,0.225,0.225,0.20962189,0.9011069,0.06283056,0.03606257,GOOD,GOOD,
2025-05-01 02:00:00+00:00,0.275,0.2750000000000001,0.23658681,0.824832,0.11239213,0.06277585,GOOD,GOOD,
2025-05-01 03:00:00+00:00,0.315,0.31500000000000006,0.2832999,0.82060045,0.11184468,0.06755487,GOOD,GOOD,
2025-05-01 04:00:00+00:00,0.275,0.2750000000000001,0.32976848,0.8831985,0.06998457,0.04681696,GOOD,GOOD,
2025-05-01 05:00:00+00:00,0.24,0.24,0.3237452,0.9226639,0.046708647,0.03062745,GOOD,GOOD,
2025-05-01 06:00:00+00:00,0.25,0.25,0.28969827,0.9685576,0.017577214,0.013865171,GOOD,GOOD,
2025-05-01 07:00:00+00:00,0.255,0.255,0.2773572,0.8796914,0.030769864,0.08953871,GOOD,GOOD,
2025-05-01 08:00:00+00:00,0.26,0.26000000000000006,0.280706,0.83537954,0.034387432,0.13023302,GOOD,GOOD,
2025-05-01 09:00:00+00:00,0.36,0.36000000000000004,0.28769583,0.7299834,0.18975869,0.08025792,GOOD,GOOD,
2025-05-01 10:00:00+00:00,0.31,0.02,0.35066012,0.20693827,0.21245612,0.5806056,BAD,SUSPECT,C_level_shift
2025-05-01 11:00:00+00:00,0.47,0.02,0.19094807,0.16512233,0.5126865,0.32219112,BAD,SUSPECT,C_level_shift
2025-05-01 12:00:00+00:00,0.665,0.02,0.07603258,0.6804568,0.080950275,0.23859291,BAD,GOOD,C_level_shift
2025-05-01 13:00:00+00:00,0.765,0.02,0.040642224,0.7829062,0.055702236,0.16139156,BAD,GOOD,C_level_shift
2025-05-01 14:00:00+00:00,0.775,0.02,0.042245895,0.7791115,0.050175834,0.1707127,BAD,GOOD,C_level_shift
2025-05-01 15:00:00+00:00,0.76,0.02,0.04909155,0.7595628,0.043786727,0.19665049,BAD,GOOD,C_level_shift
2025-05-01 16:00:00+00:00,0.73,0.02,0.05211827,0.76391125,0.04058636,0.19550236,BAD,GOOD,C_level_shift
2025-05-01 17:00:00+00:00,0.745,0.02,0.052434474,0.7224891,0.043204434,0.23430645,BAD,GOOD,C_level_shift
2025-05-01 18:00:00+00:00,0.775,0.02,0.052133616,0.7011013,0.042944558,0.25595412,BAD,GOOD,C_level_shift
2025-05-01 19:00:00+00:00,0.76,0.02,0.05199693,0.6834682,0.040261094,0.27627072,BAD,GOOD,C_level_shift
2025-05-01 20:00:00+00:00,0.7949999999999999,0.02,0.05201053,0.6591027,0.036838397,0.30405888,BAD,GOOD,C_level_shift
2025-05-01 21:00:00+00:00,0.865,0.02,0.052023664,0.6462977,0.031387582,0.32231474,BAD,GOOD,C_level_shift
2025-05-01 22:00:00+00:00,0.865,0.865,0.05197136,0.5385572,0.25493315,0.20650968,GOOD,GOOD,
2025-05-01 23:00:00+00:00,0.9,0.9000000000000001,0.57213926,0.53856075,0.25566903,0.20577021,GOOD,GOOD,
2025-05-02 00:00:00+00:00,1.0150000000000001,1.0150000000000003,0.9246913,0.69068164,0.23954739,0.069770984,GOOD,GOOD,
2025-05-02 01:00:00+00:00,1.23,1.2300000000000002,1.0536767,0.55883646,0.3377827,0.10338087,GOOD,GOOD,
2025-05-02 02:00:00+00:00,1.29,1.2900000000000003,1.2218641,0.5295794,0.2948573,0.17556329,GOOD,GOOD,
2025-05-02 03:00:00+00:00,1.185,1.1850000000000003,1.3117008,0.54616725,0.25308293,0.20074987,GOOD,GOOD,
2025-05-02 04:00:00+00:00,1.1150000000000002,1.1150000000000004,1.2334838,0.909199,0.06853527,0.022265699,GOOD,GOOD,
2025-05-02 05:00:00+00:00,1.19,1.1900000000000002,1.1470742,0.5586939,0.25849852,0.18280758,GOOD,GOOD,
2025-05-02 06:00:00+00:00,1.05,1.0500000000000003,1.1856668,0.8704517,0.08312843,0.046419892,GOOD,GOOD,
2025-05-02 07:00:00+00:00,1.1400000000000001,1.1400000000000003,1.0972226,0.82395935,0.13054384,0.045496795,GOOD,GOOD,
2025-05-02 08:00:00+00:00,1.125,1.1250000000000002,1.1315902,0.94800717,0.04055761,0.011435215,GOOD,GOOD,
2025-05-02 09:00:00+00:00,1.315,1.3150000000000002,1.1399183,0.52569926,0.44015458,0.034146182,GOOD,GOOD,
2025-05-02 10:00:00+00:00,1.53,1.5300000000000002,1.2863892,0.040320635,0.9288501,0.030829241,GOOD,SUSPECT,
2025-05-02 11:00:00+00:00,1.46,1.4600000000000002,1.5057553,0.83380383,0.13910626,0.027089909,GOOD,GOOD,
2025-05-02 12:00:00+00:00,1.435,1.4350000000000003,1.4860044,0.8641191,0.1148263,0.021054586,GOOD,GOOD,
2025-05-02 13:00:00+00:00,1.41,1.4100000000000001,1.4440602,0.8811627,0.0975458,0.021291494,GOOD,GOOD,
2025-05-02 14:00:00+00:00,1.5,1.5000000000000004,1.4177054,0.45811474,0.50615376,0.035731494,GOOD,SUSPECT,
2025-05-02 15:00:00+00:00,1.675,1.6750000000000005,1.4909171,0.037348866,0.9357963,0.026854798,GOOD,SUSPECT,
2025-05-02 16:00:00+00:00,1.51,1.5100000000000002,1.6582896,0.66296184,0.28987047,0.047167674,GOOD,GOOD,
2025-05-02 17:00:00+00:00,1.46,1.4600000000000002,1.5412531,0.7974334,0.17313619,0.029430417,GOOD,GOOD,
2025-05-02 18:00:00+00:00,1.17,1.1700000000000002,1.4672343,0.47651756,0.45174554,0.071736895,GOOD,GOOD,
2025-05-02 19:00:00+00:00,1.045,1.045,1.2295622,0.7817956,0.18501373,0.033190683,GOOD,GOOD,
2025-05-02 20:00:00+00:00,1.13,1.1300000000000001,1.080424,0.94407123,0.04867445,0.007254313,GOOD,GOOD,
2025-05-02 21:00:00+00:00,1.16,1.1600000000000001,1.1163603,0.6649343,0.27558187,0.059483875,GOOD,GOOD,
2025-05-02 22:00:00+00:00,1.2,1.2000000000000002,1.1656497,0.7854429,0.17312959,0.0414275,GOOD,GOOD,
2025-05-02 23:00:00+00:00,1.2149999999999999,1.215,1.2064301,0.6976572,0.14755078,0.154792,GOOD,GOOD,
2025-05-03 00:00:00+00:00,1.255,1.2550000000000001,1.2252531,0.77699316,0.18509588,0.037910983,GOOD,GOOD,
2025-05-03 01:00:00+00:00,1.37,1.3700000000000003,1.2588366,0.48694897,0.47476223,0.038288794,GOOD,GOOD,
2025-05-03 02:00:00+00:00,1.43,1.4300000000000002,1.3596636,0.19500297,0.73089916,0.07409789,GOOD,SUSPECT,
2025-05-03 03:00:00+00:00,1.565,1.5650000000000002,1.433867,0.093149245,0.85835016,0.048500616,GOOD,SUSPECT,
2025-05-03 04:00:00+00:00,1.5699999999999998,1.57,1.5560702,0.19241136,0.6824029,0.12518576,GOOD,SUSPECT,
2025-05-03 05:00:00+00:00,1.62,1.6200000000000003,1.580398,0.09848946,0.8363426,0.06516794,GOOD,SUSPECT,
2025-05-03 06:00:00+00:00,1.53,1.5300000000000002,1.6188501,0.7416707,0.21652228,0.041806996,GOOD,GOOD,
2025-05-03 07:00:00+00:00,1.455,1.4550000000000003,1.5471776,0.84758353,0.13157615,0.020840302,GOOD,GOOD,
2025-05-03 08:00:00+00:00,1.43,1.4300000000000002,1.4690158,0.9173769,0.06328959,0.019333543,GOOD,GOOD,
2025-05-03 09:00:00+00:00,1.37,1.3700000000000003,1.4366335,0.9133237,0.070279986,0.016396312,GOOD,GOOD,
2025-05-03 10:00:00+00:00,1.4100000000000001,1.4100000000000004,1.3853287,0.8662107,0.117422536,0.016366782,GOOD,GOOD,
2025-05-03 11:00:00+00:00,1.435,1.4350000000000003,1.4069618,0.3291089,0.48808378,0.18280734,GOOD,SUSPECT,
2025-05-03 12:00:00+00:00,1.415,1.4150000000000003,1.4354675,0.9237528,0.05727768,0.018969553,GOOD,GOOD,
2025-05-03 13:00:00+00:00,1.635,1.6350000000000002,1.4235356,0.13010359,0.8171076,0.052788835,GOOD,SUSPECT,
2025-05-03 14:00:00+00:00,1.74,1.7400000000000004,1.6027355,0.02409184,0.9323386,0.04356952,GOOD,SUSPECT,
2025-05-03 15:00:00+00:00,1.52,1.5200000000000002,1.7318782,0.4707151,0.4616486,0.0676363,GOOD,GOOD,
2025-05-03 16:00:00+00:00,1.475,1.4750000000000003,1.5516461,0.79721314,0.16076289,0.042023964,GOOD,GOOD,
2025-05-03 17:00:00+00:00,1.385,1.3850000000000002,1.4771665,0.8927716,0.09026905,0.01695938,GOOD,GOOD,
2025-05-03 18:00:00+00:00,1.33,1.3300000000000003,1.401088,0.9382126,0.04930602,0.012481393,GOOD,GOOD,
2025-05-03 19:00:00+00:00,1.295,1.2950000000000002,1.3457043,0.94826514,0.039171085,0.012563779,GOOD,GOOD,
2025-05-03 20:00:00+00:00,1.25,1.2500000000000002,1.3088508,0.9407529,0.04588408,0.013363006,GOOD,GOOD,
2025-05-03 21:00:00+00:00,1.09,1.0900000000000003,1.2672696,0.8783039,0.100898355,0.02079775,GOOD,GOOD,
2025-05-03 22:00:00+00:00,1.1600000000000001,1.1600000000000004,1.1362969,0.94086766,0.047534317,0.01159801,GOOD,GOOD,
2025-05-03 23:00:00+00:00,1.3250000000000002,1.3250000000000004,1.1520416,0.4161178,0.53478926,0.04909293,GOOD,SUSPECT,
2025-05-04 00:00:00+00:00,1.365,1.3650000000000002,1.2992266,0.35772038,0.57155746,0.07072216,GOOD,SUSPECT,
2025-05-04 01:00:00+00:00,1.355,1.3550000000000002,1.3732702,0.92070323,0.040756766,0.038539995,GOOD,GOOD,
2025-05-04 02:00:00+00:00,1.41,1.4100000000000001,1.3704343,0.7702814,0.20195355,0.027765077,GOOD,GOOD,
2025-05-04 03:00:00+00:00,1.35,1.3500000000000003,1.4087782,0.921766,0.057411227,0.020822782,GOOD,GOOD,
2025-05-04 04:00:00+00:00,1.21,1.2100000000000002,1.3714199,0.91945845,0.064444095,0.016097462,GOOD,GOOD,
2025-05-04 05:00:00+00:00,1.29,1.2900000000000003,1.2492669,0.92361677,0.06351337,0.012869879,GOOD,GOOD,
2025-05-04 06:00:00+00:00,1.075,1.0750000000000002,1.2820258,0.7697067,0.17054087,0.059752367,GOOD,GOOD,
2025-05-04 07:00:00+00:00,0.995,0.9950000000000002,1.1369121,0.8432056,0.118599184,0.038195264,GOOD,GOOD,
2025-05-04 08:00:00+00:00,0.9299999999999999,0.93,1.0296307,0.93673253,0.047614235,0.015653225,GOOD,GOOD,
2025-05-04 09:00:00+00:00,0.955,0.9550000000000001,0.95979875,0.9586808,0.027371973,0.013947215,GOOD,GOOD,
2025-05-04 10:00:00+00:00,0.94,0.94,0.96317416,0.9476141,0.028760444,0.023625474,GOOD,GOOD,
2025-05-04 11:00:00+00:00,0.905,0.9050000000000001,0.96151346,0.9480209,0.032548394,0.019430721,GOOD,GOOD,
2025-05-04 12:00:00+00:00,1.03,1.0300000000000002,0.9346245,0.87063694,0.1117961,0.017566986,GOOD,GOOD,
2025-05-04 13:00:00+00:00,1.085,1.0850000000000002,1.0146309,0.68543625,0.26413217,0.050431535,GOOD,GOOD,
2025-05-04 14:00:00+00:00,1.03,1.0300000000000002,1.0907891,0.9485153,0.032998152,0.018486528,GOOD,GOOD,
2025-05-04 15:00:00+00:00,0.975,0.975,1.0670975,0.9490876,0.03466557,0.016246818,GOOD,GOOD,
2025-05-04 16:00:00+00:00,0.935,0.935,1.0100327,0.9491523,0.03233016,0.018517528,GOOD,GOOD,
2025-05-04 17:00:00+00:00,1.005,1.0050000000000001,0.9641694,0.9433888,0.044995684,0.011615485,GOOD,GOOD,
2025-05-04 18:00:00+00:00,1.0550000000000002,1.0550000000000004,1.0050906,0.75270414,0.19581065,0.05148522,GOOD,GOOD,
2025-05-04 19:00:00+00:00,1.01,1.01,1.0631716,0.956911,0.026243575,0.016845388,GOOD,GOOD,
2025-05-04 20:00:00+00:00,0.965,0.9650000000000001,1.0447763,0.9441897,0.036318805,0.019491479,GOOD,GOOD,
2025-05-04 21:00:00+00:00,1.06,1.0600000000000003,0.99792296,0.92041355,0.069143854,0.010442602,GOOD,GOOD,
2025-05-04 22:00:00+00:00,0.96,0.96,1.0531901,0.9393851,0.042609923,0.018004978,GOOD,GOOD,
2025-05-04 23:00:00+00:00,1.04,1.0400000000000003,1.005767,0.93691283,0.052801613,0.010285543,GOOD,GOOD,
2025-05-05 00:00:00+00:00,1.05,1.0500000000000003,1.0397409,0.84073716,0.077937216,0.08132562,GOOD,GOOD,
2025-05-05 01:00:00+00:00,1.03,1.0300000000000002,1.0658823,0.93449825,0.02392223,0.04157953,GOOD,GOOD,
2025-05-05 02:00:00+00:00,1.1349999999999998,1.135,1.0558199,0.87816596,0.1053636,0.016470434,GOOD,GOOD,
2025-05-05 03:00:00+00:00,1.1349999999999998,1.135,1.1279951,0.82791406,0.08350772,0.08857824,GOOD,GOOD,
2025-05-05 04:00:00+00:00,1.17,1.1700000000000002,1.1542968,0.91563445,0.0644439,0.019921659,GOOD,GOOD,
2025-05-05 05:00:00+00:00,1.16,1.1600000000000001,1.1812711,0.90165013,0.039033294,0.05931656,GOOD,GOOD,
2025-05-05 06:00:00+00:00,1.125,1.1250000000000002,1.179601,0.95272195,0.030445585,0.016832484,GOOD,GOOD,
2025-05-05 07:00:00+00:00,1.03,1.0300000000000002,1.1496905,0.9452136,0.042228196,0.012558162,GOOD,GOOD,
2025-05-05 08:00:00+00:00,1.025,1.0250000000000001,1.069237,0.9488703,0.02905243,0.022077288,GOOD,GOOD,
2025-05-05 09:00:00+00:00,1.11,1.1100000000000003,1.0415878,0.8735442,0.10848844,0.01796733,GOOD,GOOD,
2025-05-05 10:00:00+00:00,1.065,1.0650000000000002,1.1042979,0.95710903,0.02655503,0.016335947,GOOD,GOOD,
2025-05-05 11:00:00+00:00,1.085,1.0850000000000002,1.0949113,0.9641658,0.023139093,0.012695105,GOOD,GOOD,
2025-05-05 12:00:00+00:00,1.1,1.1000000000000003,1.0987012,0.8138503,0.068125814,0.11802393,GOOD,GOOD,
2025-05-05 13:00:00+00:00,1.0150000000000001,1.0150000000000003,1.1126862,0.944957,0.039381318,0.015661644,GOOD,GOOD,
2025-05-05 14:00:00+00:00,1.08,1.0800000000000003,1.054034,0.94378173,0.045675356,0.010542933,GOOD,GOOD,
2025-05-05 15:00:00+00:00,1.135,1.1350000000000002,1.0804498,0.71272564,0.23653641,0.050737947,GOOD,GOOD,
2025-05-05 16:00:00+00:00,1.395,1.3950000000000002,1.138618,0.32428896,0.5902605,0.08545051,GOOD,SUSPECT,
2025-05-05 17:00:00+00:00,1.15,1.1500000000000001,1.3596578,0.74716574,0.17881538,0.07401889,GOOD,GOOD,
2025-05-05 18:00:00+00:00,1.165,1.1650000000000003,1.2241793,0.9214271,0.045872614,0.032700326,GOOD,GOOD,
2025-05-05 19:00:00+00:00,1.225,1.2250000000000003,1.1757313,0.84714836,0.12791817,0.024933463,GOOD,GOOD,
2025-05-05 20:00:00+00:00,1.125,1.1250000000000002,1.2218384,0.94630414,0.039176185,0.014519687,GOOD,GOOD,
2025-05-05 21:00:00+00:00,1.15,1.1500000000000001,1.1642233,0.96430063,0.024408536,0.011290827,GOOD,GOOD,
2025-05-05 22:00:00+00:00,0.9450000000000001,0.9450000000000002,1.1599177,0.7312252,0.20458509,0.06418972,GOOD,GOOD,
2025-05-05 23:00:00+00:00,0.895,0.8950000000000001,1.0120732,0.83442605,0.12105129,0.04452268,GOOD,GOOD,
2025-05-06 00:00:00+00:00,0.98,0.9800000000000002,0.9250903,0.9351769,0.05235857,0.01246451,GOOD,GOOD,
2025-05-06 01:00:00+00:00,0.9850000000000001,0.9850000000000001,0.9700039,0.76261115,0.11316958,0.1242193,GOOD,GOOD,
2025-05-06 02:00:00+00:00,0.9099999999999999,0.9099999999999999,1.0017422,0.9270658,0.05265111,0.020283075,GOOD,GOOD,
2025-05-06 03:00:00+00:00,0.925,0.9250000000000002,0.9527321,0.9618243,0.021655302,0.016520396,GOOD,GOOD,
2025-05-06 04:00:00+00:00,1.025,1.0250000000000001,0.94062084,0.87047577,0.11039358,0.019130683,GOOD,GOOD,
2025-05-06 05:00:00+00:00,1.22,1.2200000000000002,1.0158287,0.38151205,0.55349976,0.0649882,GOOD,SUSPECT,
2025-05-06 06:00:00+00:00,1.14,1.1400000000000001,1.1943738,0.93452716,0.044268724,0.0212041,GOOD,GOOD,
2025-05-06 07:00:00+00:00,1.0150000000000001,1.0150000000000003,1.1839131,0.8975256,0.0798351,0.022639286,GOOD,GOOD,
2025-05-06 08:00:00+00:00,1.09,1.0900000000000003,1.0669495,0.94941515,0.040669568,0.009915292,GOOD,GOOD,
2025-05-06 09:00:00+00:00,0.995,0.9950000000000002,1.0859132,0.9523009,0.03286871,0.014830414,GOOD,GOOD,
2025-05-06 10:00:00+00:00,0.89,0.89,1.036073,0.9179876,0.064063996,0.017948385,GOOD,GOOD,
2025-05-06 11:00:00+00:00,0.81,0.8100000000000002,0.93955326,0.89083725,0.084707946,0.024454812,GOOD,GOOD,
2025-05-06 12:00:00+00:00,0.895,0.8950000000000001,0.85218763,0.9410971,0.04790394,0.010998971,GOOD,GOOD,
2025-05-06 13:00:00+00:00,0.91,0.91,0.887962,0.7990406,0.11525586,0.08570351,GOOD,GOOD,
2025-05-06 14:00:00+00:00,1.0825,1.0825,0.9250469,0.5974587,0.3606171,0.041924138,GOOD,GOOD,
2025-05-06 15:00:00+00:00,1.255,1.2550000000000001,1.0598689,0.20811224,0.7324612,0.059426572,GOOD,SUSPECT,
2025-05-06 16:00:00+00:00,1.22,1.2200000000000002,1.2385496,0.9347155,0.046680655,0.018603839,GOOD,GOOD,
2025-05-06 17:00:00+00:00,1.31,1.3100000000000003,1.2528927,0.86018187,0.124781944,0.015036202,GOOD,GOOD,
2025-05-06 18:00:00+00:00,1.15,1.1500000000000001,1.3096244,0.92540413,0.05744571,0.017150136,GOOD,GOOD,
2025-05-06 19:00:00+00:00,1.1549999999999998,1.155,1.200544,0.94838285,0.03238771,0.01922946,GOOD,GOOD,
2025-05-06 20:00:00+00:00,1.18,1.1800000000000002,1.167834,0.83768415,0.095251225,0.06706459,GOOD,GOOD,
2025-05-06 21:00:00+00:00,1.16,1.1600000000000001,1.187904,0.9474346,0.027854152,0.024711236,GOOD,GOOD,
2025-05-06 22:00:00+00:00,1.16,1.1600000000000001,1.181287,0.63465655,0.0586602,0.30668324,GOOD,GOOD,
2025-05-06 23:00:00+00:00,1.06,1.0600000000000003,1.175924,0.9349817,0.051922,0.013096274,GOOD,GOOD,
2025-05-07 00:00:00+00:00,1.045,1.045,1.0987693,0.94048715,0.036747184,0.022765692,GOOD,GOOD,
2025-05-07 01:00:00+00:00,1.08,1.0800000000000003,1.0626416,0.94888663,0.041737024,0.009376336,GOOD,GOOD,
2025-05-07 02:00:00+00:00,1.04,1.0400000000000003,1.0848233,0.9644281,0.023298964,0.012272891,GOOD,GOOD,
2025-05-07 03:00:00+00:00,1.13,1.1300000000000001,1.0667491,0.9020983,0.08441713,0.013484601,GOOD,GOOD,
2025-05-07 04:00:00+00:00,1.17,1.1700000000000002,1.1249046,0.7328906,0.21616247,0.050946955,GOOD,GOOD,
2025-05-07 05:00:00+00:00,1.185,1.1850000000000003,1.1778212,0.74887043,0.10368442,0.14744516,GOOD,GOOD,
2025-05-07 06:00:00+00:00,1.1949999999999998,1.195,1.2000399,0.77841246,0.052930117,0.1686574,GOOD,GOOD,
2025-05-07 07:00:00+00:00,1.185,1.1850000000000003,1.2094845,0.84544945,0.041612834,0.11293769,GOOD,GOOD,
2025-05-07 08:00:00+00:00,1.21,1.2100000000000002,1.2029974,0.93227965,0.04881836,0.018902002,GOOD,GOOD,
2025-05-07 09:00:00+00:00,1.125,1.1250000000000002,1.2198082,0.9482005,0.036782414,0.015017071,GOOD,GOOD,
2025-05-07 10:00:00+00:00,1.135,1.1350000000000002,1.1603976,0.96874636,0.018639337,0.012614279,GOOD,GOOD,
2025-05-07 11:00:00+00:00,1.27,1.2700000000000002,1.1475848,0.72314376,0.2485149,0.028341336,GOOD,GOOD,
2025-05-07 12:00:00+00:00,1.1099999999999999,1.11,1.2541939,0.918235,0.06028513,0.021479866,GOOD,GOOD,
2025-05-07 13:00:00+00:00,0.94,0.94,1.1641289,0.73096913,0.21677758,0.0522533,GOOD,GOOD,
2025-05-07 14:00:00+00:00,1.025,1.0250000000000001,0.99997437,0.93854403,0.048146233,0.013309702,GOOD,GOOD,
2025-05-07 15:00:00+00:00,1.14,1.1400000000000001,1.0142267,0.61265624,0.3462076,0.04113616,GOOD,GOOD,
2025-05-07 16:00:00+00:00,0.96,0.96,1.125466,0.820444,0.12529148,0.054264557,GOOD,GOOD,
2025-05-07 17:00:00+00:00,0.815,0.815,1.027714,0.6339698,0.26370233,0.102327846,GOOD,GOOD,
2025-05-07 18:00:00+00:00,0.715,0.715,0.8772163,0.75000924,0.1742589,0.07573186,GOOD,GOOD,
2025-05-07 19:00:00+00:00,0.755,0.7550000000000001,0.76218367,0.9305387,0.042272598,0.02718867,GOOD,GOOD,
2025-05-07 20:00:00+00:00,0.7050000000000001,0.7050000000000002,0.7594239,0.94306624,0.034039836,0.022893902,GOOD,GOOD,
2025-05-07 21:00:00+00:00,0.7,0.7,0.74082446,0.9355691,0.02675365,0.037677243,GOOD,GOOD,
2025-05-07 22:00:00+00:00,0.67,0.67,0.7275198,0.94795513,0.02835063,0.023694241,GOOD,GOOD,
2025-05-07 23:00:00+00:00,0.53,0.53,0.7041306,0.67269737,0.2425145,0.08478812,GOOD,GOOD,
2025-05-08 00:00:00+00:00,0.51,0.51,0.6040839,0.8111837,0.11607022,0.07274606,GOOD,GOOD,
2025-05-08 01:00:00+00:00,0.54,0.5400000000000001,0.5453695,0.95764136,0.024875002,0.017483614,GOOD,GOOD,
2025-05-08 02:00:00+00:00,0.575,0.575,0.5517989,0.9386239,0.03904278,0.022333292,GOOD,GOOD,
2025-05-08 03:00:00+00:00,0.5549999999999999,0.5549999999999999,0.58753836,0.97051704,0.015077136,0.014405819,GOOD,GOOD,
2025-05-08 04:00:00+00:00,0.44,0.4400000000000001,0.59093976,0.8095066,0.1318985,0.05859491,GOOD,GOOD,
2025-05-08 05:00:00+00:00,0.47,0.47000000000000003,0.5131184,0.97258866,0.016039234,0.011372133,GOOD,GOOD,
2025-05-08 06:00:00+00:00,0.51,0.51,0.49019864,0.9501487,0.03337563,0.016475657,GOOD,GOOD,
2025-05-08 07:00:00+00:00,0.59,0.5900000000000001,0.51876026,0.879799,0.09405503,0.02614597,GOOD,GOOD,
2025-05-08 08:00:00+00:00,0.575,0.575,0.58906394,0.9715608,0.014258534,0.014180695,GOOD,GOOD,
2025-05-08 09:00:00+00:00,0.575,0.575,0.6101473,0.8030807,0.019785188,0.17713411,GOOD,GOOD,
2025-05-08 10:00:00+00:00,0.5,0.5000000000000001,0.60772747,0.9269178,0.048526775,0.024555426,GOOD,GOOD,
2025-05-08 11:00:00+00:00,0.44,0.4400000000000001,0.5556096,0.9071753,0.06485055,0.027974185,GOOD,GOOD,
2025-05-08 12:00:00+00:00,0.36,0.36000000000000004,0.49156845,0.84751636,0.113404244,0.039079417,GOOD,GOOD,
2025-05-08 13:00:00+00:00,0.42,0.42000000000000004,0.41780007,0.9294728,0.046984028,0.023543146,GOOD,GOOD,
2025-05-08 14:00:00+00:00,0.48,0.48000000000000004,0.42473298,0.8623096,0.09947327,0.03821717,GOOD,GOOD,
2025-05-08 15:00:00+00:00,0.545,0.545,0.48066607,0.8375494,0.124478355,0.037972245,GOOD,GOOD,
2025-05-08 16:00:00+00:00,0.545,0.545,0.5502154,0.9718582,0.013923118,0.014218666,GOOD,GOOD,
2025-05-08 17:00:00+00:00,0.47,0.47000000000000003,0.5762566,0.9153178,0.055638723,0.029043477,GOOD,GOOD,
2025-05-08 18:00:00+00:00,0.445,0.44500000000000006,0.52948296,0.9452235,0.031454377,0.023322126,GOOD,GOOD,
2025-05-08 19:00:00+00:00,0.535,0.535,0.4854061,0.9156416,0.062651694,0.021706713,GOOD,GOOD,
2025-05-08 20:00:00+00:00,0.575,0.575,0.5283056,0.897964,0.07569341,0.026342586,GOOD,GOOD,
2025-05-08 21:00:00+00:00,0.73,0.7300000000000001,0.5859353,0.6014415,0.3135274,0.08503113,GOOD,GOOD,
2025-05-08 22:00:00+00:00,0.595,0.595,0.7098672,0.85432756,0.089293845,0.056378573,GOOD,GOOD,
2025-05-08 23:00:00+00:00,0.58,0.58,0.6704005,0.90329975,0.046330735,0.05036953,GOOD,GOOD,
2025-05-09 00:00:00+00:00,0.485,0.4850000000000001,0.6203391,0.8774545,0.09135778,0.031187696,GOOD,GOOD,
2025-05-09 01:00:00+00:00,0.545,0.545,0.54337573,0.95993567,0.027691687,0.012372663,GOOD,GOOD,
2025-05-09 02:00:00+00:00,0.625,0.625,0.55036086,0.84207547,0.12646483,0.031459723,GOOD,GOOD,
2025-05-09 03:00:00+00:00,0.585,0.5850000000000001,0.62030536,0.969023,0.0162799,0.0146971075,GOOD,GOOD,
2025-05-09 04:00:00+00:00,0.685,0.6850000000000002,0.6270418,0.9024677,0.07642282,0.021109473,GOOD,GOOD,
2025-05-09 05:00:00+00:00,0.6699999999999999,0.6699999999999999,0.68335015,0.96349317,0.019704128,0.016802693,GOOD,GOOD,
2025-05-09 06:00:00+00:00,0.55,0.55,0.70122045,0.87384194,0.09341432,0.03274373,GOOD,GOOD,
2025-05-09 07:00:00+00:00,0.53,0.53,0.621014,0.927596,0.040804904,0.03159913,GOOD,GOOD,
2025-05-09 08:00:00+00:00,0.565,0.5650000000000001,0.56642675,0.9767917,0.013655675,0.009552619,GOOD,GOOD,
2025-05-09 09:00:00+00:00,0.5,0.5000000000000001,0.5758507,0.95359457,0.027620737,0.018784694,GOOD,GOOD,
2025-05-09 10:00:00+00:00,0.435,0.4350000000000001,0.548181,0.8972998,0.071277715,0.031422473,GOOD,GOOD,
2025-05-09 11:00:00+00:00,0.405,0.4050000000000001,0.48982042,0.9087992,0.04983742,0.041363403,GOOD,GOOD,
2025-05-09 12:00:00+00:00,0.455,0.45500000000000007,0.4451009,0.9486922,0.03508116,0.01622664,GOOD,GOOD,
2025-05-09 13:00:00+00:00,0.4,0.40000000000000013,0.4623342,0.96073174,0.024418326,0.014849954,GOOD,GOOD,
2025-05-09 14:00:00+00:00,0.39,0.3900000000000001,0.4463321,0.94094944,0.019243222,0.039807342,GOOD,GOOD,
2025-05-09 15:00:00+00:00,0.47,0.47000000000000003,0.4263854,0.9191044,0.06006647,0.020829158,GOOD,GOOD,
2025-05-09 16:00:00+00:00,0.51,0.51,0.46839142,0.8779924,0.08421093,0.037796658,GOOD,GOOD,
2025-05-09 17:00:00+00:00,0.45499999999999996,0.455,0.52179396,0.96409565,0.018760467,0.0171439,GOOD,GOOD,
2025-05-09 18:00:00+00:00,0.42500000000000004,0.42500000000000016,0.5070116,0.9413586,0.027162569,0.03147883,GOOD,GOOD,
2025-05-09 19:00:00+00:00,0.41000000000000003,0.4100000000000001,0.470221,0.88342077,0.028723586,0.087855674,GOOD,GOOD,
2025-05-09 20:00:00+00:00,0.49,0.4900000000000001,0.44480595,0.91724014,0.061427556,0.021332331,GOOD,GOOD,
2025-05-09 21:00:00+00:00,0.38,0.38000000000000006,0.4879077,0.861069,0.08878919,0.05014178,GOOD,GOOD,
2025-05-09 22:00:00+00:00,0.425,0.4250000000000001,0.44804552,0.96704507,0.01874487,0.0142100705,GOOD,GOOD,
2025-05-09 23:00:00+00:00,0.385,0.38500000000000006,0.44357863,0.96700186,0.018585116,0.01441304,GOOD,GOOD,
2025-05-10 00:00:00+00:00,0.435,0.4350000000000001,0.42588118,0.9582649,0.028057065,0.013678022,GOOD,GOOD,
2025-05-10 01:00:00+00:00,0.36,0.36000000000000004,0.4465548,0.9247293,0.04913952,0.026131216,GOOD,GOOD,
2025-05-10 02:00:00+00:00,0.405,0.4050000000000001,0.41596872,0.9634282,0.021839721,0.014732078,GOOD,GOOD,
2025-05-10 03:00:00+00:00,0.46499999999999997,0.465,0.42096075,0.92328054,0.05766376,0.019055692,GOOD,GOOD,
2025-05-10 04:00:00+00:00,0.485,0.4850000000000001,0.4685029,0.9270926,0.037906706,0.0350007,GOOD,GOOD,
2025-05-10 05:00:00+00:00,0.555,0.555,0.5063094,0.918589,0.061706338,0.019704694,GOOD,GOOD,
2025-05-10 06:00:00+00:00,0.43,0.43000000000000005,0.5619275,0.8390707,0.105964065,0.054965284,GOOD,GOOD,
2025-05-10 07:00:00+00:00,0.385,0.38500000000000006,0.5055959,0.85766023,0.0934037,0.04893609,GOOD,GOOD,
2025-05-10 08:00:00+00:00,0.47,0.47000000000000003,0.43728262,0.92241126,0.05472052,0.022868216,GOOD,GOOD,
2025-05-10 09:00:00+00:00,0.42500000000000004,0.42500000000000016,0.4644215,0.9762234,0.014088221,0.00968835,GOOD,GOOD,
2025-05-10 10:00:00+00:00,0.39,0.3900000000000001,0.46508962,0.9540351,0.024924444,0.021040443,GOOD,GOOD,
2025-05-10 11:00:00+00:00,0.325,0.32500000000000007,0.43631858,0.87833774,0.085401,0.036261253,GOOD,GOOD,
2025-05-10 12:00:00+00:00,0.415,0.4150000000000001,0.38098684,0.90890384,0.06751375,0.02358244,GOOD,GOOD,
2025-05-10 13:00:00+00:00,0.4,0.40000000000000013,0.40970752,0.97317183,0.015569784,0.011258413,GOOD,GOOD,
2025-05-10 14:00:00+00:00,0.41500000000000004,0.41500000000000015,0.4291797,0.9521957,0.018265767,0.029538536,GOOD,GOOD,
2025-05-10 15:00:00+00:00,0.41500000000000004,0.41500000000000015,0.4417572,0.7992052,0.023392685,0.17740214,GOOD,GOOD,
2025-05-10 16:00:00+00:00,0.42,0.42000000000000004,0.44545695,0.7996405,0.023791743,0.17656776,GOOD,GOOD,
2025-05-10 17:00:00+00:00,0.51,0.51,0.4484748,0.88400614,0.085905835,0.030088,GOOD,GOOD,
2025-05-10 18:00:00+00:00,0.435,0.4350000000000001,0.5063265,0.95381415,0.027964937,0.018220894,GOOD,GOOD,
2025-05-10 19:00:00+00:00,0.43,0.43000000000000005,0.49071285,0.9372948,0.017921107,0.04478409,GOOD,GOOD,
2025-05-10 20:00:00+00:00,0.505,0.505,0.46697414,0.9286958,0.051111434,0.020192754,GOOD,GOOD,
2025-05-10 21:00:00+00:00,0.435,0.4350000000000001,0.5054812,0.9621155,0.022673238,0.015211217,GOOD,GOOD,
2025-05-10 22:00:00+00:00,0.435,0.4350000000000001,0.48732224,0.94065875,0.014817965,0.04452329,GOOD,GOOD,
2025-05-10 23:00:00+00:00,0.41,0.41000000000000003,0.46872547,0.9662543,0.016026605,0.01771912,GOOD,GOOD,
2025-05-11 00:00:00+00:00,0.395,0.3950000000000001,0.44743884,0.9003296,0.027789105,0.07188129,GOOD,GOOD,
2025-05-11 01:00:00+00:00,0.45999999999999996,0.4600000000000001,0.4296884,0.9308903,0.049616285,0.019493403,GOOD,GOOD,
2025-05-11 02:00:00+00:00,0.42,0.42000000000000004,0.4639935,0.97482383,0.014088888,0.011087267,GOOD,GOOD,
2025-05-11 03:00:00+00:00,0.455,0.45500000000000007,0.46185604,0.9694149,0.017610122,0.012974974,GOOD,GOOD,
2025-05-11 04:00:00+00:00,0.51,0.51,0.4746206,0.9404092,0.042496536,0.017094286,GOOD,GOOD,
2025-05-11 05:00:00+00:00,0.565,0.5650000000000001,0.5178695,0.884618,0.07940155,0.035980478,GOOD,GOOD,
2025-05-11 06:00:00+00:00,0.5549999999999999,0.5549999999999999,0.5743983,0.94106346,0.032971695,0.025964826,GOOD,GOOD,
2025-05-11 07:00:00+00:00,0.415,0.4150000000000001,0.5894149,0.72929597,0.19244029,0.07826377,GOOD,GOOD,
2025-05-11 08:00:00+00:00,0.5,0.02,0.4982365,0.0529235,0.25310528,0.6939712,BAD,SUSPECT,A_spike
2025-05-11 09:00:00+00:00,0.455,0.45500000000000007,0.21864964,0.2483626,0.31886712,0.43277028,GOOD,SUSPECT,
2025-05-11 10:00:00+00:00,0.47,0.47000000000000003,0.31887573,0.08329469,0.6812121,0.2354932,GOOD,SUSPECT,
2025-05-11 11:00:00+00:00,0.42,0.42000000000000004,0.4604063,0.968833,0.01842542,0.012741579,GOOD,GOOD,
2025-05-11 12:00:00+00:00,0.45999999999999996,0.4600000000000001,0.4779575,0.9632286,0.021094084,0.01567733,GOOD,GOOD,
2025-05-11 13:00:00+00:00,0.555,0.555,0.4846073,0.8747208,0.09604488,0.029234288,GOOD,GOOD,
2025-05-11 14:00:00+00:00,0.49,0.4900000000000001,0.5487448,0.95452565,0.028938377,0.016535947,GOOD,GOOD,
2025-05-11 15:00:00+00:00,0.47,0.47000000000000003,0.5413028,0.9465348,0.023264084,0.030201104,GOOD,GOOD,
2025-05-11 16:00:00+00:00,0.61,0.6100000000000001,0.51191497,0.74296606,0.19805029,0.058983654,GOOD,GOOD,
2025-05-11 17:00:00+00:00,0.61,0.6100000000000001,0.58900064,0.9164879,0.05173163,0.03178049,GOOD,GOOD,
2025-05-11 18:00:00+00:00,0.63,0.63,0.63581204,0.9478448,0.025981056,0.026174141,GOOD,GOOD,
2025-05-11 19:00:00+00:00,0.52,0.52,0.6569243,0.87735564,0.0852978,0.037346546,GOOD,GOOD,
2025-05-11 20:00:00+00:00,0.47,0.47000000000000003,0.58816653,0.881481,0.0889004,0.029618613,GOOD,GOOD,
2025-05-11 21:00:00+00:00,0.495,0.4950000000000001,0.5185432,0.9782839,0.013486702,0.008229391,GOOD,GOOD,
2025-05-11 22:00:00+00:00,0.515,0.515,0.51073164,0.913,0.035448447,0.051551566,GOOD,GOOD,
2025-05-11 23:00:00+00:00,0.525,0.525,0.5317641,0.90724695,0.024783947,0.067969106,GOOD,GOOD,
2025-05-12 00:00:00+00:00,0.505,0.505,0.5494926,0.97022957,0.012171694,0.017598724,GOOD,GOOD,
2025-05-12 01:00:00+00:00,0.59,0.5900000000000001,0.5416864,0.9193622,0.060786705,0.019851085,GOOD,GOOD,
2025-05-12 02:00:00+00:00,0.45499999999999996,0.455,0.5891759,0.80220443,0.13339202,0.064403534,GOOD,GOOD,
2025-05-12 03:00:00+00:00,0.5,0.5000000000000001,0.52980876,0.97545564,0.015092558,0.009451818,GOOD,GOOD,
2025-05-12 04:00:00+00:00,0.495,0.4950000000000001,0.51748055,0.9420086,0.015309847,0.04268151,GOOD,GOOD,
2025-05-12 05:00:00+00:00,0.485,0.4850000000000001,0.52057844,0.84468323,0.021997236,0.13331954,GOOD,GOOD,
2025-05-12 06:00:00+00:00,0.6499999999999999,0.6499999999999999,0.51729244,0.64597183,0.27372134,0.080306835,GOOD,GOOD,
2025-05-12 07:00:00+00:00,0.55,0.55,0.62146217,0.9348787,0.040883522,0.024237793,GOOD,GOOD,
2025-05-12 08:00:00+00:00,0.52,0.52,0.61124367,0.9428105,0.031328965,0.025860561,GOOD,GOOD,
2025-05-12 09:00:00+00:00,0.575,0.575,0.5667033,0.95876694,0.028139949,0.013093101,GOOD,GOOD,
2025-05-12 10:00:00+00:00,0.5800000000000001,0.5800000000000001,0.58289033,0.94834965,0.0201794,0.031470943,GOOD,GOOD,
2025-05-12 11:00:00+00:00,0.6,0.6,0.6032402,0.9537229,0.021286841,0.024990264,GOOD,GOOD,
2025-05-12 12:00:00+00:00,0.6,0.6,0.62276953,0.85150886,0.025304971,0.1231862,GOOD,GOOD,
2025-05-12 13:00:00+00:00,0.67,0.67,0.6290125,0.9399899,0.045389123,0.014620952,GOOD,GOOD,
2025-05-12 14:00:00+00:00,0.62,0.62,0.675189,0.9654941,0.019735673,0.014770248,GOOD,GOOD,
2025-05-12 15:00:00+00:00,0.59,0.5900000000000001,0.663949,0.9580799,0.02174749,0.020172643,GOOD,GOOD,
2025-05-12 16:00:00+00:00,0.625,0.625,0.63050187,0.97248405,0.016325504,0.0111904405,GOOD,GOOD,
2025-05-12 17:00:00+00:00,0.635,0.6350000000000001,0.6395884,0.93808943,0.022188146,0.039722405,GOOD,GOOD,
2025-05-12 18:00:00+00:00,0.71,0.7100000000000001,0.65674675,0.92873216,0.05521308,0.016054744,GOOD,GOOD,
2025-05-12 19:00:00+00:00,0.7250000000000001,0.7250000000000001,0.71321315,0.95511675,0.028233703,0.016649565,GOOD,GOOD,
2025-05-12 20:00:00+00:00,0.74,0.74,0.7476687,0.90727067,0.030233996,0.062495343,GOOD,GOOD,
2025-05-12 21:00:00+00:00,0.725,0.725,0.7644131,0.9570535,0.017491117,0.025455385,GOOD,GOOD,
2025-05-12 22:00:00+00:00,0.865,0.865,0.7569312,0.8077942,0.15478328,0.03742255,GOOD,GOOD,
2025-05-12 23:00:00+00:00,0.97,0.9700000000000001,0.8486105,0.6009711,0.33501944,0.06400941,GOOD,GOOD,
2025-05-13 00:00:00+00:00,1.01,1.01,0.96646065,0.795334,0.16349667,0.04116933,GOOD,GOOD,
2025-05-13 01:00:00+00:00,1.01,1.01,1.0292281,0.8857979,0.044112302,0.07008977,GOOD,GOOD,
2025-05-13 02:00:00+00:00,0.79,0.79,1.0369452,0.5560823,0.30196804,0.14194965,GOOD,GOOD,
2025-05-13 03:00:00+00:00,0.72,0.72,0.874797,0.73417544,0.18927728,0.076547295,GOOD,GOOD,
2025-05-13 04:00:00+00:00,0.855,0.8550000000000001,0.762897,0.8089357,0.1537499,0.03731441,GOOD,GOOD,
2025-05-13 05:00:00+00:00,0.925,0.9250000000000002,0.8302099,0.6165359,0.32137373,0.062090367,GOOD,GOOD,
2025-05-13 06:00:00+00:00,0.925,0.9250000000000002,0.9254318,0.953519,0.021374287,0.025106752,GOOD,GOOD,
2025-05-13 07:00:00+00:00,0.7949999999999999,0.7949999999999999,0.9524749,0.8738344,0.092767455,0.0333982,GOOD,GOOD,
2025-05-13 08:00:00+00:00,0.78,0.7800000000000001,0.858103,0.92321527,0.042636923,0.03414783,GOOD,GOOD,
2025-05-13 09:00:00+00:00,0.88,0.8800000000000001,0.8063794,0.8815831,0.09792137,0.020495502,GOOD,GOOD,
2025-05-13 10:00:00+00:00,0.925,0.9250000000000002,0.86841553,0.81485635,0.15139203,0.033751614,GOOD,GOOD,
2025-05-13 11:00:00+00:00,1.005,1.0050000000000001,0.9346167,0.83391017,0.14257441,0.023515414,GOOD,GOOD,
2025-05-13 12:00:00+00:00,1.0150000000000001,1.0150000000000003,1.0098612,0.9300389,0.045856886,0.024104185,GOOD,GOOD,
2025-05-13 13:00:00+00:00,0.94,0.94,1.0374136,0.955697,0.02969696,0.014606056,GOOD,GOOD,
2025-05-13 14:00:00+00:00,0.79,0.79,0.9835181,0.8521808,0.11510326,0.03271596,GOOD,GOOD,
2025-05-13 15:00:00+00:00,0.645,0.645,0.85459936,0.64700925,0.2903382,0.06265253,GOOD,GOOD,
2025-05-13 16:00:00+00:00,0.61,0.6100000000000001,0.7118126,0.89420927,0.06970486,0.036085874,GOOD,GOOD,
2025-05-13 17:00:00+00:00,0.62,0.62,0.6425091,0.9750782,0.014404571,0.010517176,GOOD,GOOD,
2025-05-13 18:00:00+00:00,0.64,0.6400000000000001,0.63683903,0.946764,0.027516423,0.02571959,GOOD,GOOD,
2025-05-13 19:00:00+00:00,0.63,0.63,0.65684956,0.96279687,0.016531266,0.020671893,GOOD,GOOD,
2025-05-13 20:00:00+00:00,0.595,0.595,0.6597328,0.9690367,0.018397309,0.012565973,GOOD,GOOD,
2025-05-13 21:00:00+00:00,0.5700000000000001,0.5700000000000001,0.63450295,0.96113944,0.019915553,0.018945018,GOOD,GOOD,
2025-05-13 22:00:00+00:00,0.62,0.62,0.6056992,0.96122473,0.027427306,0.01134795,GOOD,GOOD,
2025-05-13 23:00:00+00:00,0.645,0.645,0.6285606,0.94865507,0.03223005,0.019114891,GOOD,GOOD,
2025-05-14 00:00:00+00:00,0.675,0.675,0.66205394,0.92395693,0.04170041,0.034342676,GOOD,GOOD,
2025-05-14 01:00:00+00:00,0.845,0.845,0.6941193,0.5986539,0.3282534,0.073092684,GOOD,GOOD,
2025-05-14 02:00:00+00:00,0.72,0.72,0.8208206,0.9238863,0.046919063,0.029194636,GOOD,GOOD,
2025-05-14 03:00:00+00:00,0.855,0.8550000000000001,0.7874983,0.85683775,0.11377842,0.029383829,GOOD,GOOD,
2025-05-14 04:00:00+00:00,0.95,0.9500000000000001,0.8459627,0.64555585,0.30813846,0.046305668,GOOD,GOOD,
2025-05-14 05:00:00+00:00,1.065,1.0650000000000002,0.94702643,0.6502347,0.30826962,0.041495696,GOOD,GOOD,
2025-05-14 06:00:00+00:00,1.155,1.1550000000000002,1.0641221,0.6800604,0.28507748,0.034862164,GOOD,GOOD,
2025-05-14 07:00:00+00:00,1.275,1.2750000000000001,1.162089,0.52323604,0.43848637,0.038277596,GOOD,GOOD,
2025-05-14 08:00:00+00:00,1.1,1.1000000000000003,1.2744656,0.8697939,0.087914005,0.042292137,GOOD,GOOD,
2025-05-14 09:00:00+00:00,1.26,1.2600000000000002,1.1612692,0.81058574,0.15412585,0.035288416,GOOD,GOOD,
2025-05-14 10:00:00+00:00,1.28,1.2800000000000002,1.2396832,0.67037356,0.267004,0.06262247,GOOD,GOOD,
2025-05-14 11:00:00+00:00,1.395,1.3950000000000002,1.2913231,0.6170969,0.3499216,0.03298151,GOOD,GOOD,
2025-05-14 12:00:00+00:00,1.505,1.5050000000000001,1.3897367,0.17364901,0.7846851,0.04166596,GOOD,SUSPECT,
2025-05-14 13:00:00+00:00,1.42,1.4200000000000002,1.500281,0.8133637,0.1496024,0.037033908,GOOD,GOOD,
2025-05-14 14:00:00+00:00,1.42,1.4200000000000002,1.4451718,0.86156666,0.10193093,0.03650242,GOOD,GOOD,
2025-05-14 15:00:00+00:00,1.1800000000000002,1.1800000000000004,1.4245087,0.66156054,0.25264734,0.08579217,GOOD,GOOD,
2025-05-14 16:00:00+00:00,1.1600000000000001,1.1600000000000004,1.2336522,0.8888026,0.075523995,0.035673436,GOOD,GOOD,
2025-05-14 17:00:00+00:00,0.99,0.9900000000000001,1.1701885,0.8523029,0.122623295,0.025073763,GOOD,GOOD,
2025-05-14 18:00:00+00:00,0.995,0.9950000000000002,1.0408368,0.9404867,0.034849517,0.02466374,GOOD,GOOD,
2025-05-14 19:00:00+00:00,0.96,0.9657595945398337,1.0065509,0.96720976,0.021077406,0.01171283,SUSPECT,GOOD,D_drift
2025-05-14 20:00:00+00:00,0.875,0.8865191890796676,0.98655653,0.93518525,0.051144216,0.0136705525,SUSPECT,GOOD,D_drift
2025-05-14 21:00:00+00:00,0.95,0.9672787836195014,0.92578757,0.9488917,0.042727526,0.008380789,SUSPECT,GOOD,D_drift
2025-05-14 22:00:00+00:00,0.97,0.993038378159335,0.96171236,0.80286247,0.14024413,0.056893416,SUSPECT,GOOD,D_drift
2025-05-14 23:00:00+00:00,0.925,0.953797972699169,1.0033386,0.9717089,0.016885856,0.011405224,SUSPECT,GOOD,D_drift
2025-05-15 00:00:00+00:00,1.005,1.0395575672390027,0.9861453,0.94045967,0.049541656,0.009998649,SUSPECT,GOOD,D_drift
2025-05-15 01:00:00+00:00,1.1099999999999999,1.1503171617788364,1.0374885,0.66276956,0.3008818,0.0363486,SUSPECT,GOOD,D_drift
2025-05-15 02:00:00+00:00,1.3050000000000002,1.3510767563186705,1.1434231,0.26215732,0.6781795,0.059663177,SUSPECT,SUSPECT,D_drift
2025-05-15 03:00:00+00:00,1.315,1.366836350858504,1.3316878,0.5258385,0.3996441,0.074517384,SUSPECT,GOOD,D_drift
2025-05-15 04:00:00+00:00,1.4049999999999998,1.4625959453983377,1.3884666,0.46886837,0.49451077,0.03662087,SUSPECT,SUSPECT,D_drift
2025-05-15 05:00:00+00:00,1.3900000000000001,1.4533555399381717,1.4631239,0.89928305,0.075931706,0.024785217,SUSPECT,GOOD,D_drift
2025-05-15 06:00:00+00:00,1.22,1.2891151344780052,1.4684991,0.910432,0.073615566,0.01595242,SUSPECT,GOOD,D_drift
2025-05-15 07:00:00+00:00,1.225,1.2998747290178392,1.3303509,0.9396418,0.042800345,0.017557895,SUSPECT,GOOD,D_drift
2025-05-15 08:00:00+00:00,1.13,1.2106343235576726,1.3049392,0.9357108,0.051888037,0.012401162,SUSPECT,GOOD,D_drift
2025-05-15 09:00:00+00:00,1.165,1.2513939180975067,1.238769,0.9547499,0.03818621,0.00706392,SUSPECT,GOOD,D_drift
2025-05-15 10:00:00+00:00,1.17,1.2621535126373402,1.2532299,0.5857777,0.16293134,0.25129098,SUSPECT,GOOD,D_drift
2025-05-15 11:00:00+00:00,1.26,1.3579131071771742,1.2705485,0.57266057,0.39517322,0.032166246,SUSPECT,GOOD,D_drift
2025-05-15 12:00:00+00:00,1.35,1.453672701717008,1.3492472,0.18567193,0.7621738,0.052154332,SUSPECT,SUSPECT,D_drift
2025-05-15 13:00:00+00:00,1.5,1.6094322962568417,1.4464597,0.05956447,0.9038227,0.03661283,SUSPECT,SUSPECT,D_drift
2025-05-15 14:00:00+00:00,1.33,1.4451918907966754,1.5940528,0.7682781,0.19772367,0.033998236,SUSPECT,GOOD,D_drift
2025-05-15 15:00:00+00:00,1.19,1.3109514853365092,1.4790034,0.8656191,0.11545022,0.018930672,SUSPECT,GOOD,D_drift
2025-05-15 16:00:00+00:00,1.175,1.301711079876343,1.3377744,0.9451406,0.036543358,0.01831606,SUSPECT,GOOD,D_drift
2025-05-15 17:00:00+00:00,1.01,1.1424706744161766,1.3062663,0.9154155,0.06910128,0.0154832,SUSPECT,GOOD,D_drift
2025-05-15 18:00:00+00:00,0.905,1.0432302689560105,1.1863729,0.8946823,0.08706309,0.018254625,SUSPECT,GOOD,D_drift
2025-05-15 19:00:00+00:00,0.75,0.893989863495844,1.079193,0.8035806,0.16485392,0.03156549,SUSPECT,GOOD,D_drift
2025-05-15 20:00:00+00:00,0.74,0.8897494580356778,0.94673723,0.91141665,0.053875666,0.034707677,SUSPECT,GOOD,D_drift
2025-05-15 21:00:00+00:00,0.76,0.9155090525755115,0.90545434,0.9627761,0.027944248,0.009279652,SUSPECT,GOOD,D_drift
2025-05-15 22:00:00+00:00,0.885,1.0462686471153455,0.92291814,0.6910828,0.2757913,0.033125952,SUSPECT,GOOD,D_drift
2025-05-15 23:00:00+00:00,0.89,1.0570282416551793,1.0290772,0.8183601,0.13601467,0.045625273,SUSPECT,GOOD,D_drift
2025-05-16 00:00:00+00:00,0.9450000000000001,1.117787836195013,1.0753738,0.88886625,0.09515711,0.015976626,SUSPECT,GOOD,D_drift
2025-05-16 01:00:00+00:00,0.89,1.0685474307348468,1.1242864,0.95979625,0.024999715,0.015204044,SUSPECT,GOOD,D_drift
2025-05-16 02:00:00+00:00,0.86,1.0443070252746804,1.1003052,0.9407058,0.028976018,0.030318184,SUSPECT,GOOD,D_drift
2025-05-16 03:00:00+00:00,0.79,0.9800666198145142,1.0695726,0.9530424,0.033239633,0.013717993,SUSPECT,GOOD,D_drift
2025-05-16 04:00:00+00:00,0.7050000000000001,0.900826214354348,1.0152817,0.94352126,0.04183819,0.014640548,SUSPECT,GOOD,D_drift
2025-05-16 05:00:00+00:00,0.775,0.9765858088941817,0.9421805,0.95051306,0.038933832,0.010553104,SUSPECT,GOOD,D_drift
2025-05-16 06:00:00+00:00,0.7050000000000001,0.9123454034340154,0.975035,0.95578897,0.027731,0.016480034,SUSPECT,GOOD,D_drift
2025-05-16 07:00:00+00:00,0.76,0.9731049979738492,0.9502419,0.954254,0.036826123,0.008919932,SUSPECT,GOOD,D_drift
2025-05-16 08:00:00+00:00,0.935,1.153864592513683,0.9788783,0.5115572,0.4379237,0.050519057,SUSPECT,GOOD,D_drift
2025-05-16 09:00:00+00:00,0.85,1.0746241870535165,1.1280832,0.9351403,0.04220375,0.022655917,SUSPECT,GOOD,D_drift
2025-05-16 10:00:00+00:00,0.855,1.0853837815933505,1.1173493,0.9629112,0.019456513,0.017632306,SUSPECT,GOOD,D_drift
2025-05-16 11:00:00+00:00,0.8300000000000001,1.0661433761331844,1.1038916,0.9231928,0.029288901,0.04751828,SUSPECT,GOOD,D_drift
2025-05-16 12:00:00+00:00,0.8600000000000001,1.1019029706730181,1.0873353,0.951341,0.037178468,0.011480536,SUSPECT,GOOD,D_drift
2025-05-16 13:00:00+00:00,0.9199999999999999,1.1676625652128518,1.1106371,0.8298932,0.14226484,0.027842006,SUSPECT,GOOD,D_drift
2025-05-16 14:00:00+00:00,0.865,1.1184221597526856,1.1705928,0.9521108,0.031129202,0.016759956,SUSPECT,GOOD,D_drift
2025-05-16 15:00:00+00:00,0.8049999999999999,1.0641817542925194,1.14942,0.94494325,0.03782016,0.017236607,SUSPECT,GOOD,D_drift
2025-05-16 16:00:00+00:00,0.675,0.939941348832353,1.0949262,0.90316665,0.07859175,0.018241629,SUSPECT,GOOD,D_drift
2025-05-16 17:00:00+00:00,0.6699999999999999,0.9407009433721866,0.9880697,0.93993556,0.034081772,0.025982684,SUSPECT,GOOD,D_drift
2025-05-16 18:00:00+00:00,0.61,0.8864605379120204,0.95626855,0.9455132,0.04014461,0.01434218,SUSPECT,GOOD,D_drift
2025-05-16 19:00:00+00:00,0.615,0.6150000000000001,0.91821104,0.20628953,0.5305421,0.2631684,GOOD,SUSPECT,
2025-05-16 20:00:00+00:00,0.695,0.695,0.72160447,0.908331,0.05956157,0.032107458,GOOD,GOOD,
2025-05-16 21:00:00+00:00,0.72,0.72,0.69225717,0.9252422,0.051979806,0.022777995,GOOD,GOOD,
2025-05-16 22:00:00+00:00,0.8300000000000001,0.8300000000000002,0.72598714,0.76280445,0.19753572,0.03965982,GOOD,GOOD,
2025-05-16 23:00:00+00:00,0.915,0.915,0.819782,0.66789097,0.28878304,0.043326,GOOD,GOOD,
2025-05-17 00:00:00+00:00,1.1400000000000001,1.1400000000000003,0.9163056,0.287279,0.6398037,0.07291725,GOOD,SUSPECT,
2025-05-17 01:00:00+00:00,1.0150000000000001,1.0150000000000003,1.1091312,0.9358161,0.043321367,0.020862501,GOOD,GOOD,
2025-05-17 02:00:00+00:00,1.0150000000000001,1.0150000000000003,1.0752611,0.9073218,0.033923354,0.05875482,GOOD,GOOD,
2025-05-17 03:00:00+00:00,0.88,0.8800000000000001,1.0400374,0.9080071,0.068532996,0.02345994,GOOD,GOOD,
2025-05-17 04:00:00+00:00,0.9550000000000001,0.9550000000000002,0.93555886,0.9579893,0.032441214,0.009569521,GOOD,GOOD,
2025-05-17 05:00:00+00:00,0.8400000000000001,0.8400000000000001,0.9544275,0.9451998,0.037563425,0.01723678,GOOD,GOOD,
2025-05-17 06:00:00+00:00,0.905,0.9050000000000001,0.89279187,0.9623821,0.029284924,0.008332979,GOOD,GOOD,
2025-05-17 07:00:00+00:00,1.065,1.0650000000000002,0.9101179,0.5978701,0.35677287,0.045357015,GOOD,GOOD,
2025-05-17 08:00:00+00:00,1.28,1.2800000000000002,1.0422144,0.18936366,0.7432014,0.06743495,GOOD,SUSPECT,
2025-05-17 09:00:00+00:00,1.37,1.3700000000000003,1.2548736,0.22201169,0.7115091,0.06647917,GOOD,SUSPECT,
2025-05-17 10:00:00+00:00,1.92,1.9200000000000002,1.3787955,0.016593397,0.8247119,0.15869473,GOOD,SUSPECT,
2025-05-17 11:00:00+00:00,1.64,1.6400000000000001,1.866887,0.22097528,0.67163855,0.10738616,GOOD,SUSPECT,
2025-05-17 12:00:00+00:00,1.5499999999999998,1.5500000000000003,1.6912222,0.27341288,0.65607923,0.07050788,GOOD,SUSPECT,
2025-05-17 13:00:00+00:00,1.25,1.2500000000000002,1.5580902,0.35491812,0.5334521,0.111629754,GOOD,SUSPECT,
2025-05-17 14:00:00+00:00,1.12,1.1200000000000003,1.3014326,0.8602614,0.11633108,0.023407524,GOOD,GOOD,
2025-05-17 15:00:00+00:00,0.9950000000000001,0.9950000000000002,1.1529167,0.93321884,0.057000455,0.009780699,GOOD,GOOD,
2025-05-17 16:00:00+00:00,0.795,0.795,1.0352585,0.58465207,0.35912478,0.056223113,GOOD,GOOD,
2025-05-17 17:00:00+00:00,0.77,0.77,0.866052,0.8558154,0.10344529,0.040739313,GOOD,GOOD,
2025-05-17 18:00:00+00:00,0.76,0.7600000000000001,0.79374063,0.93630934,0.028460905,0.035229772,GOOD,GOOD,
2025-05-17 19:00:00+00:00,0.6799999999999999,0.68,0.77660143,0.9395852,0.047216382,0.013198436,GOOD,GOOD,
2025-05-17 20:00:00+00:00,0.64,0.6400000000000001,0.7244398,0.92849195,0.049950223,0.021557812,GOOD,GOOD,
2025-05-17 21:00:00+00:00,0.91,0.91,0.67579985,0.36163998,0.54451007,0.09384996,GOOD,SUSPECT,
2025-05-17 22:00:00+00:00,0.92,0.9200000000000002,0.84475225,0.448336,0.4193639,0.13230011,GOOD,GOOD,
2025-05-17 23:00:00+00:00,0.9299999999999999,0.93,0.93954855,0.9180366,0.020814832,0.061148558,GOOD,GOOD,
2025-05-18 00:00:00+00:00,1.03,1.0300000000000002,0.9590806,0.9333179,0.054415356,0.012266728,GOOD,GOOD,
2025-05-18 01:00:00+00:00,1.01,1.01,1.0287842,0.976432,0.013666558,0.009901389,GOOD,GOOD,
2025-05-18 02:00:00+00:00,0.88,0.8800000000000001,1.0399916,0.9365146,0.044631075,0.018854337,GOOD,GOOD,
2025-05-18 03:00:00+00:00,0.845,0.845,0.94129056,0.9359117,0.038729057,0.025359215,GOOD,GOOD,
2025-05-18 04:00:00+00:00,0.72,0.72,0.8778027,0.89399016,0.08033118,0.025678637,GOOD,GOOD,
2025-05-18 05:00:00+00:00,0.715,0.715,0.77859837,0.92834747,0.03974408,0.031908434,GOOD,GOOD,
2025-05-18 06:00:00+00:00,0.695,0.695,0.7398764,0.9607506,0.020872358,0.01837707,GOOD,GOOD,
2025-05-18 07:00:00+00:00,0.71,0.7100000000000001,0.72257715,0.9696504,0.016147949,0.014201671,GOOD,GOOD,
2025-05-18 08:00:00+00:00,0.775,0.7750000000000001,0.7290483,0.95106643,0.039630678,0.009302901,GOOD,GOOD,
2025-05-18 09:00:00+00:00,0.825,0.8250000000000001,0.77825564,0.8694068,0.100148655,0.030444521,GOOD,GOOD,
2025-05-18 10:00:00+00:00,0.9650000000000001,0.9650000000000002,0.83420885,0.71046233,0.2519763,0.037561376,GOOD,GOOD,
2025-05-18 11:00:00+00:00,0.97,0.9700000000000001,0.95101696,0.8789357,0.08244551,0.03861877,GOOD,GOOD,
2025-05-18 12:00:00+00:00,1.085,1.0850000000000002,0.99532336,0.8465609,0.13322687,0.020212244,GOOD,GOOD,
2025-05-18 13:00:00+00:00,0.94,0.94,1.0819571,0.92897713,0.050511517,0.020511337,GOOD,GOOD,
2025-05-18 14:00:00+00:00,0.9199999999999999,0.92,1.0017437,0.9340133,0.03895678,0.027029915,GOOD,GOOD,
2025-05-18 15:00:00+00:00,0.78,0.7800000000000001,0.9478971,0.88571316,0.08596222,0.028324643,GOOD,GOOD,
2025-05-18 16:00:00+00:00,0.79,0.79,0.8392589,0.96653104,0.019592503,0.01387645,GOOD,GOOD,
2025-05-18 17:00:00+00:00,0.775,0.7750000000000001,0.80815417,0.9429506,0.02454813,0.032501265,GOOD,GOOD,
2025-05-18 18:00:00+00:00,0.87,0.8700000000000001,0.79908884,0.90923834,0.0774848,0.013276868,GOOD,GOOD,
2025-05-18 19:00:00+00:00,0.905,0.9050000000000001,0.86445117,0.85847676,0.11263789,0.028885322,GOOD,GOOD,
2025-05-18 20:00:00+00:00,0.9650000000000001,0.9650000000000002,0.91819894,0.889225,0.09467923,0.016095754,GOOD,GOOD,
2025-05-18 21:00:00+00:00,1.095,1.095,0.9735677,0.6880183,0.275534,0.03644764,GOOD,GOOD,
2025-05-18 22:00:00+00:00,1.2650000000000001,1.2650000000000003,1.0849459,0.31784594,0.61940956,0.06274447,GOOD,SUSPECT,
2025-05-18 23:00:00+00:00,1.115,1.1150000000000002,1.2506186,0.9159245,0.060747243,0.023328252,GOOD,GOOD,
2025-05-19 00:00:00+00:00,1.09,1.0900000000000003,1.1741782,0.9159112,0.05372957,0.030359231,GOOD,GOOD,
2025-05-19 01:00:00+00:00,1.1549999999999998,1.155,1.1144271,0.9295645,0.0577028,0.012732726,GOOD,GOOD,
2025-05-19 02:00:00+00:00,1.135,1.1350000000000002,1.1537322,0.96170294,0.024435127,0.013861924,GOOD,GOOD,
2025-05-19 03:00:00+00:00,0.865,0.865,1.1577929,0.40094465,0.4259431,0.17311226,GOOD,SUSPECT,
2025-05-19 04:00:00+00:00,0.89,0.89,0.9555135,0.95098484,0.029901585,0.019113582,GOOD,GOOD,
2025-05-19 05:00:00+00:00,0.76,0.7600000000000001,0.899926,0.8644043,0.10863435,0.026961308,GOOD,GOOD,
2025-05-19 06:00:00+00:00,0.735,0.7350000000000001,0.81216717,0.9420551,0.039488357,0.018456522,GOOD,GOOD,
2025-05-19 07:00:00+00:00,0.795,0.795,0.7640628,0.95758617,0.033784904,0.008628907,GOOD,GOOD,
2025-05-19 08:00:00+00:00,0.755,0.7550000000000001,0.79543453,0.9694518,0.017807052,0.01274115,GOOD,GOOD,
2025-05-19 09:00:00+00:00,0.71,0.7100000000000001,0.7887376,0.9669251,0.021300828,0.0117740985,GOOD,GOOD,
2025-05-19 10:00:00+00:00,0.915,0.915,0.7497447,0.62505114,0.3164065,0.058542386,GOOD,GOOD,
2025-05-19 11:00:00+00:00,0.96,0.96,0.8755089,0.5197136,0.38855898,0.091727436,GOOD,GOOD,
2025-05-19 12:00:00+00:00,0.9199999999999999,0.92,0.9708202,0.9664434,0.018059699,0.015496912,GOOD,GOOD,
2025-05-19 13:00:00+00:00,0.905,0.9050000000000001,0.9609865,0.8492683,0.026319994,0.12441166,GOOD,GOOD,
2025-05-19 14:00:00+00:00,0.835,0.8350000000000001,0.93457425,0.96105623,0.025970852,0.012972941,GOOD,GOOD,
2025-05-19 15:00:00+00:00,0.755,0.7550000000000001,0.8772003,0.9433784,0.041452225,0.015169406,GOOD,GOOD,
2025-05-19 16:00:00+00:00,0.725,0.725,0.8021077,0.95027804,0.03108927,0.01863269,GOOD,GOOD,
2025-05-19 17:00:00+00:00,0.725,0.725,0.75713754,0.81782067,0.035433523,0.14674579,GOOD,GOOD,
2025-05-19 18:00:00+00:00,0.74,0.74,0.7473722,0.9372673,0.024817657,0.037915017,GOOD,GOOD,
2025-05-19 19:00:00+00:00,0.665,0.6650000000000001,0.7589299,0.9139918,0.062073242,0.02393497,GOOD,GOOD,
2025-05-19 20:00:00+00:00,0.6599999999999999,0.66,0.71435267,0.89495265,0.04130338,0.063743934,GOOD,GOOD,
2025-05-19 21:00:00+00:00,0.6950000000000001,0.6950000000000001,0.6879508,0.96805304,0.022093505,0.009853471,GOOD,GOOD,
2025-05-19 22:00:00+00:00,0.63,0.63,0.7063906,0.9568797,0.027538711,0.0155815985,GOOD,GOOD,
2025-05-19 23:00:00+00:00,0.675,0.675,0.676139,0.9699935,0.017585257,0.012421283,GOOD,GOOD,
2025-05-20 00:00:00+00:00,0.635,0.6350000000000001,0.6878001,0.9650768,0.017709963,0.017213257,GOOD,GOOD,
2025-05-20 01:00:00+00:00,0.715,0.715,0.6726814,0.93857914,0.046640366,0.014780477,GOOD,GOOD,
2025-05-20 02:00:00+00:00,0.715,0.715,0.7163528,0.9454224,0.016671253,0.037906304,GOOD,GOOD,
2025-05-20 03:00:00+00:00,0.775,0.7750000000000001,0.74042267,0.9458606,0.041973364,0.012165996,GOOD,GOOD,
2025-05-20 04:00:00+00:00,0.77,0.77,0.78498363,0.9453766,0.016921058,0.037702356,GOOD,GOOD,
2025-05-20 05:00:00+00:00,0.81,0.8100000000000002,0.7985802,0.95807356,0.03020963,0.011716841,GOOD,GOOD,
2025-05-20 06:00:00+00:00,0.81,0.8100000000000002,0.82550764,0.8633615,0.025951706,0.110686846,GOOD,GOOD,
2025-05-20 07:00:00+00:00,0.85,0.8500000000000001,0.8357992,0.9569281,0.0320147,0.011057215,GOOD,GOOD,
2025-05-20 08:00:00+00:00,0.825,0.8250000000000001,0.8642783,0.9699601,0.016295897,0.013743985,GOOD,GOOD,
2025-05-20 09:00:00+00:00,0.8,0.8000000000000002,0.8574348,0.8955205,0.03163189,0.07284761,GOOD,GOOD,
2025-05-20 10:00:00+00:00,0.8300000000000001,0.8300000000000002,0.8327699,0.9695476,0.019006342,0.011446036,GOOD,GOOD,
2025-05-20 11:00:00+00:00,0.825,0.8250000000000001,0.8443428,0.91278785,0.027066292,0.060145844,GOOD,GOOD,
2025-05-20 12:00:00+00:00,0.84,0.84,0.84938556,0.94066083,0.026045918,0.03329322,GOOD,GOOD,
2025-05-20 13:00:00+00:00,0.8700000000000001,0.8700000000000002,0.85988903,0.946523,0.036628567,0.016848404,GOOD,GOOD,
2025-05-20 14:00:00+00:00,0.905,0.9050000000000001,0.88475436,0.91060215,0.06284641,0.026551442,GOOD,GOOD,
2025-05-20 15:00:00+00:00,0.8,0.8000000000000002,0.91857415,0.93044984,0.047218118,0.022332015,GOOD,GOOD,
2025-05-20 16:00:00+00:00,0.915,0.915,0.8548066,0.8703113,0.10175063,0.027938034,GOOD,GOOD,
2025-05-20 17:00:00+00:00,0.895,0.8950000000000001,0.9049299,0.9677775,0.018782828,0.013439681,GOOD,GOOD,
2025-05-20 18:00:00+00:00,0.865,0.865,0.9213653,0.94969463,0.024655689,0.025649656,GOOD,GOOD,
2025-05-20 19:00:00+00:00,0.835,0.8350000000000001,0.8988607,0.91390955,0.033956114,0.05213431,GOOD,GOOD,
2025-05-20 20:00:00+00:00,0.8,0.8000000000000002,0.8666156,0.9500663,0.027624352,0.022309337,GOOD,GOOD,
2025-05-20 21:00:00+00:00,0.7,0.7,0.8322507,0.88549626,0.08459418,0.02990957,GOOD,GOOD,
2025-05-20 22:00:00+00:00,0.655,0.6550000000000001,0.7537975,0.89339215,0.07433168,0.032276165,GOOD,GOOD,
2025-05-20 23:00:00+00:00,0.6,0.6,0.6934571,0.919791,0.056648776,0.023560232,GOOD,GOOD,
2025-05-21 00:00:00+00:00,0.595,0.595,0.6409436,0.9491467,0.024570154,0.02628317,GOOD,GOOD,
2025-05-21 01:00:00+00:00,0.7,0.7,0.62102103,0.8597651,0.10927322,0.030961687,GOOD,GOOD,
2025-05-21 02:00:00+00:00,0.765,0.765,0.6887094,0.7529669,0.20207743,0.04495566,GOOD,GOOD,
2025-05-21 03:00:00+00:00,0.7649999999999999,0.7649999999999999,0.76927245,0.96464413,0.016716624,0.018639231,GOOD,GOOD,
2025-05-21 04:00:00+00:00,0.75,0.7500000000000001,0.79481137,0.92616594,0.019628165,0.054205865,GOOD,GOOD,
2025-05-21 05:00:00+00:00,0.67,0.67,0.78381187,0.91161466,0.060597423,0.02778791,GOOD,GOOD,
2025-05-21 06:00:00+00:00,0.74,0.74,0.7220707,0.9471804,0.038176794,0.014642818,GOOD,GOOD,
2025-05-21 07:00:00+00:00,0.615,0.6150000000000001,0.7431446,0.819013,0.11843602,0.062550984,GOOD,GOOD,
2025-05-21 08:00:00+00:00,0.545,0.545,0.6794866,0.846423,0.104124814,0.049452234,GOOD,GOOD,
2025-05-21 09:00:00+00:00,0.5700000000000001,0.5700000000000001,0.59920716,0.96955645,0.01681432,0.013629234,GOOD,GOOD,
2025-05-21 10:00:00+00:00,0.53,0.53,0.5861107,0.9628714,0.02113775,0.015990851,GOOD,GOOD,
2025-05-21 11:00:00+00:00,0.565,0.5650000000000001,0.5673276,0.9630032,0.021926912,0.015069893,GOOD,GOOD,
2025-05-21 12:00:00+00:00,0.605,0.605,0.580835,0.94493884,0.03770269,0.017358443,GOOD,GOOD,
2025-05-21 13:00:00+00:00,0.585,0.5850000000000001,0.61718863,0.9717104,0.013762221,0.014527416,GOOD,GOOD,
2025-05-21 14:00:00+00:00,0.67,0.67,0.6199137,0.9218213,0.06020112,0.017977562,GOOD,GOOD,
2025-05-21 15:00:00+00:00,0.62,0.62,0.67078006,0.96771955,0.016946927,0.015333507,GOOD,GOOD,
2025-05-21 16:00:00+00:00,0.62,0.62,0.66338205,0.92922425,0.014920527,0.055855222,GOOD,GOOD,
2025-05-21 17:00:00+00:00,0.65,0.65,0.6506855,0.9719092,0.015207709,0.01288307,GOOD,GOOD,
2025-05-21 18:00:00+00:00,0.625,0.625,0.66653955,0.97071606,0.0137117235,0.0155722415,GOOD,GOOD,
2025-05-21 19:00:00+00:00,0.585,0.5850000000000001,0.6600502,0.95392084,0.025308486,0.020770658,GOOD,GOOD,
2025-05-21 20:00:00+00:00,0.615,0.6150000000000001,0.6274644,0.96799177,0.017111894,0.014896336,GOOD,GOOD,
2025-05-21 21:00:00+00:00,0.55,0.55,0.6321521,0.9214458,0.05148546,0.02706874,GOOD,GOOD,
2025-05-21 22:00:00+00:00,0.53,0.53,0.5979569,0.9346692,0.035514407,0.02981639,GOOD,GOOD,
2025-05-21 23:00:00+00:00,0.48,0.48000000000000004,0.56620824,0.91227853,0.058173317,0.029548123,GOOD,GOOD,
2025-05-22 00:00:00+00:00,0.495,0.4950000000000001,0.52435416,0.9607809,0.018505232,0.020713842,GOOD,GOOD,
2025-05-22 01:00:00+00:00,0.54,0.5400000000000001,0.516968,0.9546135,0.032291193,0.013095314,GOOD,GOOD,
2025-05-22 02:00:00+00:00,0.53,0.53,0.54938227,0.96551675,0.015045129,0.019438129,GOOD,GOOD,
2025-05-22 03:00:00+00:00,0.48,0.48000000000000004,0.56104,0.9478503,0.030609451,0.021540238,GOOD,GOOD,
2025-05-22 04:00:00+00:00,0.45999999999999996,0.4600000000000001,0.5288373,0.9485038,0.02388195,0.02761427,GOOD,GOOD,
2025-05-22 05:00:00+00:00,0.54,0.5400000000000001,0.497488,0.9219442,0.05749253,0.020563263,GOOD,GOOD,
2025-05-22 06:00:00+00:00,0.495,0.4950000000000001,0.5379075,0.9679139,0.0176574,0.014428671,GOOD,GOOD,
2025-05-22 07:00:00+00:00,0.52,0.52,0.5370579,0.9730222,0.013723567,0.013254186,GOOD,GOOD,
2025-05-22 08:00:00+00:00,0.485,0.4850000000000001,0.5436122,0.96771747,0.015623813,0.016658738,GOOD,GOOD,
2025-05-22 09:00:00+00:00,0.46499999999999997,0.465,0.5258987,0.9261158,0.024256736,0.04962746,GOOD,GOOD,
2025-05-22 10:00:00+00:00,0.475,0.4750000000000001,0.50245696,0.9451616,0.018193861,0.03664457,GOOD,GOOD,
2025-05-22 11:00:00+00:00,0.435,0.4350000000000001,0.49968013,0.95067656,0.027067844,0.022255566,GOOD,GOOD,
2025-05-22 12:00:00+00:00,0.41,0.41000000000000003,0.4775274,0.93369824,0.032027338,0.034274418,GOOD,GOOD,
2025-05-22 13:00:00+00:00,0.42000000000000004,0.4200000000000001,0.44978207,0.95861065,0.016620709,0.024768637,GOOD,GOOD,
2025-05-22 14:00:00+00:00,0.45,0.4500000000000001,0.44487545,0.9656547,0.021168225,0.013177104,GOOD,GOOD,
2025-05-22 15:00:00+00:00,0.47,0.47000000000000003,0.46615785,0.9221185,0.03256561,0.045315914,GOOD,GOOD,
2025-05-22 16:00:00+00:00,0.42,0.42000000000000004,0.49111378,0.9574603,0.02440229,0.018137444,GOOD,GOOD,
2025-05-22 17:00:00+00:00,0.44,0.4400000000000001,0.46910638,0.97330195,0.013392829,0.0133052105,GOOD,GOOD,
2025-05-22 18:00:00+00:00,0.42,0.42000000000000004,0.4645327,0.9761829,0.011672833,0.012144291,GOOD,GOOD,
2025-05-22 19:00:00+00:00,0.43000000000000005,0.4300000000000001,0.45486215,0.9549017,0.015602006,0.029496329,GOOD,GOOD,
2025-05-22 20:00:00+00:00,0.405,0.4050000000000001,0.4561098,0.9680295,0.015520063,0.01645044,GOOD,GOOD,
2025-05-22 21:00:00+00:00,0.405,0.8351920857821586,0.4433083,0.15972066,0.36691022,0.47336912,BAD,SUSPECT,F_burst_noise
2025-05-22 22:00:00+00:00,0.43,0.02,0.7180426,0.1055854,0.049701028,0.84471357,BAD,BAD,F_burst_noise
2025-05-22 23:00:00+00:00,0.435,0.7116325237275951,0.3540239,0.28112948,0.22615597,0.49271455,BAD,GOOD,F_burst_noise
2025-05-23 00:00:00+00:00,0.435,0.4350000000000001,0.52028346,0.5333047,0.24956466,0.21713065,GOOD,GOOD,
2025-05-23 01:00:00+00:00,0.41000000000000003,0.4100000000000001,0.52438056,0.802312,0.11329793,0.08439008,GOOD,GOOD,
2025-05-23 02:00:00+00:00,0.535,0.535,0.46750376,0.839628,0.12151278,0.03885926,GOOD,GOOD,
2025-05-23 03:00:00+00:00,0.475,0.4750000000000001,0.51765037,0.9523908,0.027684601,0.019924594,GOOD,GOOD,
2025-05-23 04:00:00+00:00,0.35,0.35000000000000003,0.5193712,0.72412455,0.1937305,0.08214499,GOOD,GOOD,
2025-05-23 05:00:00+00:00,0.365,0.3650000000000001,0.43139195,0.9678656,0.017405761,0.014728675,GOOD,GOOD,
2025-05-23 06:00:00+00:00,0.47,0.47000000000000003,0.39203495,0.8451277,0.12147094,0.033401325,GOOD,GOOD,
2025-05-23 07:00:00+00:00,0.435,0.4350000000000001,0.4530184,0.9725552,0.016239436,0.011205341,GOOD,GOOD,
2025-05-23 08:00:00+00:00,0.43,0.43000000000000005,0.47290188,0.9167216,0.016456079,0.06682231,GOOD,GOOD,
2025-05-23 09:00:00+00:00,0.53,0.53,0.46661088,0.8874408,0.0818114,0.030747822,GOOD,GOOD,
2025-05-23 10:00:00+00:00,0.5549999999999999,0.5549999999999999,0.52340597,0.91503215,0.058120985,0.02684686,GOOD,GOOD,
2025-05-23 11:00:00+00:00,0.53,0.53,0.5728562,0.9692274,0.016113553,0.014659089,GOOD,GOOD,
2025-05-23 12:00:00+00:00,0.435,0.4350000000000001,0.5712062,0.9040147,0.067828946,0.02815633,GOOD,GOOD,
2025-05-23 13:00:00+00:00,0.44,0.4400000000000001,0.501651,0.9671923,0.015157011,0.017650718,GOOD,GOOD,
2025-05-23 14:00:00+00:00,0.375,0.3750000000000001,0.4687334,0.927877,0.04802909,0.024093915,GOOD,GOOD,
2025-05-23 15:00:00+00:00,0.43,0.43000000000000005,0.42450958,0.9633859,0.02442746,0.0121866865,GOOD,GOOD,
2025-05-23 16:00:00+00:00,0.45,0.4500000000000001,0.4385817,0.9335853,0.03404717,0.032367524,GOOD,GOOD,
2025-05-23 17:00:00+00:00,0.45,0.4500000000000001,0.46785316,0.8361132,0.024741853,0.13914496,GOOD,GOOD,
2025-05-23 18:00:00+00:00,0.425,0.4250000000000001,0.48012727,0.9563529,0.016395807,0.02725128,GOOD,GOOD,
2025-05-23 19:00:00+00:00,0.435,0.4350000000000001,0.46547332,0.9265757,0.017557845,0.055866435,GOOD,GOOD,
2025-05-23 20:00:00+00:00,0.445,0.44500000000000006,0.46163505,0.8549616,0.027938947,0.117099464,GOOD,GOOD,
2025-05-23 21:00:00+00:00,0.435,0.4350000000000001,0.46923488,0.8703907,0.023062117,0.106547184,GOOD,GOOD,
2025-05-23 22:00:00+00:00,0.395,0.3950000000000001,0.4678244,0.9466521,0.028204106,0.025143795,GOOD,GOOD,
2025-05-23 23:00:00+00:00,0.43,0.43000000000000005,0.4406009,0.9683794,0.016445935,0.015174681,GOOD,GOOD,
2025-05-24 00:00:00+00:00,0.42000000000000004,0.4200000000000001,0.44728383,0.9625567,0.015743915,0.021699362,GOOD,GOOD,
2025-05-24 01:00:00+00:00,0.355,0.35500000000000004,0.45077223,0.8474631,0.10084154,0.051695377,GOOD,GOOD,
2025-05-24 02:00:00+00:00,0.445,0.44500000000000006,0.41074148,0.8985848,0.07362868,0.027786525,GOOD,GOOD,
2025-05-24 03:00:00+00:00,0.55,0.55,0.44241732,0.6809342,0.2402492,0.07881657,GOOD,GOOD,
2025-05-24 04:00:00+00:00,0.43,0.43000000000000005,0.5363635,0.8601564,0.08767275,0.052170824,GOOD,GOOD,
2025-05-24 05:00:00+00:00,0.405,0.4050000000000001,0.5039938,0.8829062,0.06264009,0.054453734,GOOD,GOOD,
2025-05-24 06:00:00+00:00,0.4,0.40000000000000013,0.45240033,0.89637864,0.025862154,0.0777592,GOOD,GOOD,
2025-05-24 07:00:00+00:00,0.455,0.45500000000000007,0.4292579,0.9407347,0.041554593,0.017710702,GOOD,GOOD,
2025-05-24 08:00:00+00:00,0.39,0.3900000000000001,0.4605813,0.93634784,0.040053234,0.023598911,GOOD,GOOD,
2025-05-24 09:00:00+00:00,0.41500000000000004,0.41500000000000015,0.4417837,0.9709083,0.015343408,0.013748314,GOOD,GOOD,
2025-05-24 10:00:00+00:00,0.41,0.41000000000000003,0.43915784,0.94714826,0.016076429,0.036775324,GOOD,GOOD,
2025-05-24 11:00:00+00:00,0.445,0.44500000000000006,0.4393722,0.96843773,0.019934893,0.011627389,GOOD,GOOD,
2025-05-24 12:00:00+00:00,0.4,0.40000000000000013,0.46133947,0.96433,0.020788236,0.014881758,GOOD,GOOD,
2025-05-24 13:00:00+00:00,0.405,0.4050000000000001,0.4457792,0.97074825,0.012416935,0.01683481,GOOD,GOOD,
2025-05-24 14:00:00+00:00,0.42,0.42000000000000004,0.43534568,0.9370398,0.019717176,0.043243024,GOOD,GOOD,
2025-05-24 15:00:00+00:00,0.46,0.46000000000000013,0.44259632,0.95822704,0.028021445,0.0137515385,GOOD,GOOD,
2025-05-24 16:00:00+00:00,0.55,0.55,0.4736135,0.84666276,0.115131356,0.038205866,GOOD,GOOD,
2025-05-24 17:00:00+00:00,0.48,0.48000000000000004,0.5465918,0.9272046,0.043825466,0.028969923,GOOD,GOOD,
2025-05-24 18:00:00+00:00,0.485,0.4850000000000001,0.5351067,0.9698254,0.01510015,0.015074482,GOOD,GOOD,
2025-05-24 19:00:00+00:00,0.575,0.575,0.51799035,0.88593733,0.08324849,0.030814204,GOOD,GOOD,
2025-05-24 20:00:00+00:00,0.53,0.53,0.57040113,0.9518446,0.028663864,0.019491578,GOOD,GOOD,
2025-05-24 21:00:00+00:00,0.545,0.545,0.5724875,0.96254313,0.020663744,0.016793141,GOOD,GOOD,
2025-05-24 22:00:00+00:00,0.55,0.55,0.57245016,0.8679939,0.03476483,0.09724127,GOOD,GOOD,
2025-05-24 23:00:00+00:00,0.58,0.58,0.57620764,0.9577975,0.026139557,0.016062945,GOOD,GOOD,
2025-05-25 00:00:00+00:00,0.605,0.605,0.5976667,0.9245516,0.04070598,0.0347424,GOOD,GOOD,
2025-05-25 01:00:00+00:00,0.5349999999999999,0.5349999999999999,0.6243649,0.9394086,0.038780216,0.021811178,GOOD,GOOD,
2025-05-25 02:00:00+00:00,0.575,0.575,0.5883098,0.9624052,0.022395007,0.015199766,GOOD,GOOD,
2025-05-25 03:00:00+00:00,0.635,0.6350000000000001,0.59108126,0.9428231,0.043449137,0.013727778,GOOD,GOOD,
2025-05-25 04:00:00+00:00,0.64,0.6400000000000001,0.63930416,0.9606528,0.021929253,0.017417949,GOOD,GOOD,
2025-05-25 05:00:00+00:00,0.6799999999999999,0.68,0.66591674,0.95535153,0.031110864,0.013537593,GOOD,GOOD,
2025-05-25 06:00:00+00:00,0.54,0.5400000000000001,0.6968431,0.762923,0.15762587,0.07945112,GOOD,GOOD,
2025-05-25 07:00:00+00:00,0.5800000000000001,0.5800000000000001,0.6156969,0.97370106,0.016137116,0.010161839,GOOD,GOOD,
2025-05-25 08:00:00+00:00,0.5700000000000001,0.5700000000000001,0.59644216,0.9773562,0.011342287,0.011301531,GOOD,GOOD,
2025-05-25 09:00:00+00:00,0.64,0.6400000000000001,0.5955951,0.9344944,0.050109874,0.015395719,GOOD,GOOD,
2025-05-25 10:00:00+00:00,0.625,0.625,0.64331096,0.9708558,0.015180347,0.013963905,GOOD,GOOD,
2025-05-25 11:00:00+00:00,0.635,0.6350000000000001,0.65723175,0.948994,0.01632869,0.03467733,GOOD,GOOD,
2025-05-25 12:00:00+00:00,0.665,0.6650000000000001,0.6618362,0.96787655,0.020793008,0.011330453,GOOD,GOOD,
2025-05-25 13:00:00+00:00,0.5700000000000001,0.5700000000000001,0.6823869,0.9265897,0.0477973,0.025612952,GOOD,GOOD,
2025-05-25 14:00:00+00:00,0.625,0.625,0.62934977,0.96409166,0.023085656,0.01282271,GOOD,GOOD,
2025-05-25 15:00:00+00:00,0.645,0.645,0.63552594,0.953487,0.027936535,0.01857649,GOOD,GOOD,
2025-05-25 16:00:00+00:00,0.66,0.6600000000000001,0.66198236,0.9208404,0.024649378,0.054510217,GOOD,GOOD,
2025-05-25 17:00:00+00:00,0.685,0.6850000000000002,0.6830467,0.9432645,0.029053288,0.027682226,GOOD,GOOD,
2025-05-25 18:00:00+00:00,0.6000000000000001,0.6000000000000001,0.7052901,0.9441289,0.037299015,0.018572124,GOOD,GOOD,
2025-05-25 19:00:00+00:00,0.515,0.515,0.6562086,0.8853767,0.0850316,0.029591735,GOOD,GOOD,
2025-05-25 20:00:00+00:00,0.56,0.5600000000000002,0.5738993,0.967966,0.02014321,0.011890761,GOOD,GOOD,
2025-05-25 21:00:00+00:00,0.615,0.6150000000000001,0.5699066,0.9188207,0.061455943,0.01972337,GOOD,GOOD,
2025-05-25 22:00:00+00:00,0.715,0.715,0.61852884,0.7573536,0.19835237,0.04429402,GOOD,GOOD,
2025-05-25 23:00:00+00:00,0.725,0.725,0.70946693,0.92968535,0.043442808,0.026871847,GOOD,GOOD,
2025-05-26 00:00:00+00:00,0.8,0.8000000000000002,0.7515651,0.91549903,0.06785191,0.016649079,GOOD,GOOD,
2025-05-26 01:00:00+00:00,0.7649999999999999,0.7649999999999999,0.8076374,0.96246487,0.020672,0.016863106,GOOD,GOOD,
2025-05-26 02:00:00+00:00,0.745,0.745,0.803215,0.9176278,0.03055267,0.05181949,GOOD,GOOD,
2025-05-26 03:00:00+00:00,0.745,0.745,0.7792234,0.8068925,0.032149877,0.16095757,GOOD,GOOD,
2025-05-26 04:00:00+00:00,0.77,0.77,0.7699718,0.96376514,0.022989808,0.013245041,GOOD,GOOD,
2025-05-26 05:00:00+00:00,0.87,0.8700000000000001,0.7867743,0.8557304,0.11895863,0.025310928,GOOD,GOOD,
2025-05-26 06:00:00+00:00,0.6950000000000001,0.6950000000000001,0.8653625,0.76139915,0.15880972,0.07979112,GOOD,GOOD,
2025-05-26 07:00:00+00:00,0.735,0.7350000000000001,0.77501273,0.96790946,0.01923924,0.012851314,GOOD,GOOD,
2025-05-26 08:00:00+00:00,0.71,0.7100000000000001,0.750583,0.9735545,0.015599534,0.010845987,GOOD,GOOD,
2025-05-26 09:00:00+00:00,0.7949999999999999,0.7949999999999999,0.73759866,0.9156023,0.067708194,0.016689511,GOOD,GOOD,
2025-05-26 10:00:00+00:00,0.9550000000000001,0.9550000000000002,0.7928072,0.57574993,0.3524237,0.07182636,GOOD,GOOD,
2025-05-26 11:00:00+00:00,0.9299999999999999,0.93,0.9332586,0.9477365,0.032696284,0.019567188,GOOD,GOOD,
2025-05-26 12:00:00+00:00,0.935,0.935,0.9651833,0.89254034,0.032542385,0.074917294,GOOD,GOOD,
2025-05-26 13:00:00+00:00,0.8200000000000001,0.8200000000000001,0.9614186,0.9069162,0.06830356,0.02478023,GOOD,GOOD,
2025-05-26 14:00:00+00:00,0.74,0.74,0.87535644,0.9065326,0.07092121,0.02254621,GOOD,GOOD,
2025-05-26 15:00:00+00:00,0.78,0.7800000000000001,0.78649807,0.970461,0.020217812,0.009321192,GOOD,GOOD,
2025-05-26 16:00:00+00:00,0.77,0.77,0.7878631,0.9681412,0.01602096,0.015837843,GOOD,GOOD,
2025-05-26 17:00:00+00:00,0.81,0.8100000000000002,0.79427975,0.96340734,0.026756443,0.00983621,GOOD,GOOD,
2025-05-26 18:00:00+00:00,0.7949999999999999,0.7949999999999999,0.8231228,0.9712146,0.013803853,0.014981579,GOOD,GOOD,
2025-05-26 19:00:00+00:00,0.615,0.6150000000000001,0.82407826,0.5713369,0.3076086,0.12105447,GOOD,GOOD,
2025-05-26 20:00:00+00:00,0.605,0.605,0.6987336,0.8478764,0.09087965,0.06124394,GOOD,GOOD,
2025-05-26 21:00:00+00:00,0.675,0.675,0.63477266,0.9396723,0.045755986,0.014571725,GOOD,GOOD,
2025-05-26 22:00:00+00:00,0.88,0.8800000000000001,0.67075694,0.33432233,0.5444432,0.12123446,GOOD,SUSPECT,
2025-05-26 23:00:00+00:00,0.855,0.8550000000000001,0.8394832,0.94119805,0.041034278,0.01776765,GOOD,GOOD,
2025-05-27 00:00:00+00:00,0.835,0.8350000000000001,0.8917731,0.9015094,0.024462176,0.07402843,GOOD,GOOD,
2025-05-27 01:00:00+00:00,0.725,0.725,0.87310874,0.9084786,0.06621626,0.02530512,GOOD,GOOD,
2025-05-27 02:00:00+00:00,0.675,0.675,0.7837802,0.9263628,0.0508962,0.022740962,GOOD,GOOD,
2025-05-27 03:00:00+00:00,0.71,0.7100000000000001,0.71486324,0.9735077,0.017602246,0.00889008,GOOD,GOOD,
2025-05-27 04:00:00+00:00,0.74,0.74,0.72057575,0.88764787,0.06452394,0.047828216,GOOD,GOOD,
2025-05-27 05:00:00+00:00,0.78,0.7800000000000001,0.753882,0.92424905,0.051534668,0.024216266,GOOD,GOOD,
2025-05-27 06:00:00+00:00,0.925,0.9250000000000002,0.7944472,0.70296484,0.25329652,0.043738645,GOOD,GOOD,
2025-05-27 07:00:00+00:00,0.74,0.74,0.90925044,0.77937686,0.1479819,0.07264126,GOOD,GOOD,
2025-05-27 08:00:00+00:00,0.565,0.5650000000000001,0.8221721,0.3242315,0.52926385,0.14650467,GOOD,SUSPECT,
2025-05-27 09:00:00+00:00,0.6950000000000001,0.6950000000000001,0.6525629,0.868093,0.099147506,0.032759495,GOOD,GOOD,
2025-05-27 10:00:00+00:00,0.78,0.7800000000000001,0.67307633,0.5983236,0.33394867,0.06772774,GOOD,GOOD,
2025-05-27 11:00:00+00:00,0.8049999999999999,0.805,0.7698225,0.8363096,0.11024221,0.053448167,GOOD,GOOD,
2025-05-27 12:00:00+00:00,0.78,0.7800000000000001,0.82608014,0.97211915,0.013757576,0.014123299,GOOD,GOOD,
2025-05-27 13:00:00+00:00,0.645,0.645,0.81760025,0.79610074,0.14976187,0.054137386,GOOD,GOOD,
2025-05-27 14:00:00+00:00,0.635,0.6350000000000001,0.71495897,0.92160803,0.045304153,0.03308783,GOOD,GOOD,
2025-05-27 15:00:00+00:00,0.52,0.52,0.6635548,0.7882637,0.1570016,0.05473471,GOOD,GOOD,
2025-05-27 16:00:00+00:00,0.845,0.845,0.58131576,0.21062475,0.519735,0.26964027,GOOD,SUSPECT,
2025-05-27 17:00:00+00:00,0.855,0.8550000000000001,0.76420903,0.2192564,0.60082835,0.17991526,GOOD,SUSPECT,
2025-05-27 18:00:00+00:00,0.91,0.91,0.8753221,0.92944145,0.05629478,0.014263763,GOOD,GOOD,
2025-05-27 19:00:00+00:00,0.8200000000000001,0.8200000000000001,0.92988217,0.94341946,0.038345166,0.018235402,GOOD,GOOD,
2025-05-27 20:00:00+00:00,0.71,0.7100000000000001,0.8739053,0.87194866,0.100456625,0.027594715,GOOD,GOOD,
2025-05-27 21:00:00+00:00,0.79,0.79,0.76889,0.94984835,0.03886268,0.011288972,GOOD,GOOD,
2025-05-27 22:00:00+00:00,0.745,0.745,0.78676116,0.974577,0.01494772,0.010475255,GOOD,GOOD,
2025-05-27 23:00:00+00:00,0.79,0.79,0.77986026,0.9661383,0.024362313,0.0094994,GOOD,GOOD,
2025-05-28 00:00:00+00:00,0.775,0.7750000000000001,0.80325854,0.968438,0.012170485,0.019391472,GOOD,GOOD,
2025-05-28 01:00:00+00:00,0.745,0.745,0.80417085,0.95541644,0.020140799,0.024442734,GOOD,GOOD,
2025-05-28 02:00:00+00:00,0.765,0.765,0.78001183,0.9688589,0.016338157,0.014802946,GOOD,GOOD,
2025-05-28 03:00:00+00:00,0.62,0.62,0.7829964,0.7529315,0.1889353,0.05813325,GOOD,GOOD,
2025-05-28 04:00:00+00:00,0.675,0.675,0.69081306,0.9585525,0.025758095,0.015689427,GOOD,GOOD,
2025-05-28 05:00:00+00:00,0.83,0.8300000000000001,0.68341094,0.6265011,0.31669554,0.056803413,GOOD,GOOD,
2025-05-28 06:00:00+00:00,0.92,0.9200000000000002,0.80164516,0.50286734,0.42159897,0.07553368,GOOD,GOOD,
2025-05-28 07:00:00+00:00,0.8200000000000001,0.8200000000000001,0.9203898,0.938656,0.04039041,0.020953614,GOOD,GOOD,
2025-05-28 08:00:00+00:00,0.7150000000000001,0.7150000000000001,0.88013816,0.8363912,0.1258695,0.037739262,GOOD,GOOD,
2025-05-28 09:00:00+00:00,0.76,0.7600000000000001,0.7752114,0.9740615,0.016940257,0.008998255,GOOD,GOOD,
2025-05-28 10:00:00+00:00,0.865,0.865,0.76745254,0.8098656,0.15849812,0.031636257,GOOD,GOOD,
2025-05-28 11:00:00+00:00,0.8600000000000001,0.8600000000000002,0.8537175,0.9342367,0.036057405,0.029705875,GOOD,GOOD,
2025-05-28 12:00:00+00:00,0.95,0.9500000000000001,0.8878009,0.90152884,0.08303179,0.015439346,GOOD,GOOD,
2025-05-28 13:00:00+00:00,0.8300000000000001,0.8300000000000002,0.9527475,0.92826235,0.049949776,0.021787843,GOOD,GOOD,
2025-05-28 14:00:00+00:00,0.785,0.7850000000000001,0.88899785,0.9429347,0.03795244,0.019112859,GOOD,GOOD,
2025-05-28 15:00:00+00:00,0.65,0.65,0.82322943,0.8181329,0.14282991,0.03903723,GOOD,GOOD,
2025-05-28 16:00:00+00:00,0.665,0.6650000000000001,0.71359193,0.9681657,0.019532187,0.012302118,GOOD,GOOD,
2025-05-28 17:00:00+00:00,0.67,0.67,0.6830587,0.8558328,0.034218684,0.10994847,GOOD,GOOD,
2025-05-28 18:00:00+00:00,0.7050000000000001,0.7050000000000002,0.68885535,0.95917034,0.026866132,0.013963512,GOOD,GOOD,
2025-05-28 19:00:00+00:00,0.6499999999999999,0.6499999999999999,0.71856815,0.9638157,0.021470644,0.014713663,GOOD,GOOD,
2025-05-28 20:00:00+00:00,0.6599999999999999,0.66,0.6943049,0.96589166,0.013946134,0.020162199,GOOD,GOOD,
2025-05-28 21:00:00+00:00,0.66,0.6600000000000001,0.68429804,0.76140445,0.032851372,0.20574419,GOOD,GOOD,
2025-05-28 22:00:00+00:00,0.7050000000000001,0.7050000000000002,0.684349,0.9613716,0.028655017,0.009973378,GOOD,GOOD,
2025-05-28 23:00:00+00:00,0.86,0.8600000000000001,0.71618396,0.6408497,0.3006599,0.058490388,GOOD,GOOD,
2025-05-29 00:00:00+00:00,0.8200000000000001,0.8200000000000001,0.8385188,0.96571434,0.019601818,0.014683821,GOOD,GOOD,
2025-05-29 01:00:00+00:00,0.79,0.79,0.8604229,0.9240421,0.025021082,0.050936796,GOOD,GOOD,
2025-05-29 02:00:00+00:00,0.735,0.7350000000000001,0.8298311,0.9600725,0.025689404,0.014238051,GOOD,GOOD,
2025-05-29 03:00:00+00:00,0.725,0.725,0.77702415,0.89008224,0.032037925,0.07787985,GOOD,GOOD,
2025-05-29 04:00:00+00:00,0.645,0.645,0.7519187,0.9308981,0.05006592,0.019035982,GOOD,GOOD,
2025-05-29 05:00:00+00:00,0.58,0.58,0.6946931,0.8939455,0.079043135,0.027011368,GOOD,GOOD,
2025-05-29 06:00:00+00:00,0.56,0.5600000000000002,0.62828976,0.9435185,0.030943036,0.025538418,GOOD,GOOD,
2025-05-29 07:00:00+00:00,0.615,0.6150000000000001,0.59174126,0.9542323,0.032820556,0.012947167,GOOD,GOOD,
2025-05-29 08:00:00+00:00,0.63,0.63,0.6197373,0.955544,0.026738552,0.017717456,GOOD,GOOD,
2025-05-29 09:00:00+00:00,0.7050000000000001,0.7050000000000002,0.64954686,0.9111502,0.073183805,0.015665978,GOOD,GOOD,
2025-05-29 10:00:00+00:00,0.64,0.6400000000000001,0.7085509,0.9561712,0.024647322,0.01918147,GOOD,GOOD,
2025-05-29 11:00:00+00:00,0.67,0.67,0.6890304,0.9727822,0.0142763425,0.012941445,GOOD,GOOD,
2025-05-29 12:00:00+00:00,0.755,0.7550000000000001,0.68988025,0.91297615,0.06794057,0.019083308,GOOD,GOOD,
2025-05-29 13:00:00+00:00,0.81,0.8100000000000002,0.7525205,0.84456414,0.119772844,0.035663016,GOOD,GOOD,
2025-05-29 14:00:00+00:00,0.745,0.745,0.820009,0.9492538,0.03072706,0.020019138,GOOD,GOOD,
2025-05-29 15:00:00+00:00,0.7050000000000001,0.7050000000000002,0.7947313,0.9545983,0.02623724,0.019164434,GOOD,GOOD,
2025-05-29 16:00:00+00:00,0.69,0.6900000000000001,0.7462946,0.9408078,0.020683525,0.038508654,GOOD,GOOD,
2025-05-29 17:00:00+00:00,0.61,0.6100000000000001,0.7189807,0.92109597,0.05512597,0.02377803,GOOD,GOOD,
2025-05-29 18:00:00+00:00,0.645,0.645,0.6606484,0.9665879,0.02020269,0.013209393,GOOD,GOOD,
2025-05-29 19:00:00+00:00,0.625,0.625,0.6593812,0.9678374,0.016381225,0.015781378,GOOD,GOOD,
2025-05-29 20:00:00+00:00,0.71,0.7100000000000001,0.65515524,0.91354734,0.06892727,0.017525403,GOOD,GOOD,
2025-05-29 21:00:00+00:00,0.825,0.8250000000000001,0.7088891,0.6824215,0.26792473,0.04965377,GOOD,GOOD,
2025-05-29 22:00:00+00:00,0.76,0.7600000000000001,0.81475556,0.95487463,0.025576562,0.019548822,GOOD,GOOD,
2025-05-29 23:00:00+00:00,0.895,0.8950000000000001,0.80867153,0.8512654,0.12069209,0.028042533,GOOD,GOOD,
2025-05-30 00:00:00+00:00,0.76,0.7600000000000001,0.88423043,0.902032,0.06309859,0.03486937,GOOD,GOOD,
2025-05-30 01:00:00+00:00,0.8,0.8000000000000002,0.8245369,0.9657715,0.021072382,0.013156143,GOOD,GOOD,
2025-05-30 02:00:00+00:00,0.77,0.77,0.8155154,0.9693263,0.016837563,0.013836147,GOOD,GOOD,
2025-05-30 03:00:00+00:00,0.685,0.6850000000000002,0.8007688,0.934549,0.047983896,0.017467136,GOOD,GOOD,
2025-05-30 04:00:00+00:00,0.74,0.74,0.73713773,0.9679545,0.022772575,0.009272896,GOOD,GOOD,
2025-05-30 05:00:00+00:00,0.7,0.7,0.747353,0.9762018,0.013675171,0.010123051,GOOD,GOOD,
2025-05-30 06:00:00+00:00,0.66,0.6600000000000001,0.73498744,0.9616537,0.02372048,0.01462582,GOOD,GOOD,
2025-05-30 07:00:00+00:00,0.69,0.6900000000000001,0.6997651,0.97513247,0.014800571,0.010066956,GOOD,GOOD,
2025-05-30 08:00:00+00:00,0.835,0.8350000000000001,0.70518506,0.71307445,0.23965089,0.04727463,GOOD,GOOD,
2025-05-30 09:00:00+00:00,0.755,0.7550000000000001,0.81317854,0.95342493,0.02726131,0.019313773,GOOD,GOOD,
2025-05-30 10:00:00+00:00,0.77,0.77,0.80581987,0.97188264,0.01361461,0.014502764,GOOD,GOOD,
2025-05-30 11:00:00+00:00,0.74,0.74,0.79549325,0.9690126,0.014705015,0.016282346,GOOD,GOOD,
2025-05-30 12:00:00+00:00,0.69,0.6900000000000001,0.7730546,0.9590931,0.026521232,0.014385644,GOOD,GOOD,
2025-05-30 13:00:00+00:00,0.705,0.7050000000000001,0.7309449,0.9698138,0.015697276,0.014488882,GOOD,GOOD,
2025-05-30 14:00:00+00:00,0.715,0.715,0.7251644,0.8351627,0.032154284,0.13268301,GOOD,GOOD,
2025-05-30 15:00:00+00:00,0.785,0.7850000000000001,0.73586226,0.93790543,0.050098658,0.0119958995,GOOD,GOOD,
2025-05-30 16:00:00+00:00,0.685,0.6850000000000002,0.78900445,0.93248963,0.045124788,0.022385588,GOOD,GOOD,
2025-05-30 17:00:00+00:00,0.6799999999999999,0.68,0.74306434,0.9449692,0.02163569,0.033395123,GOOD,GOOD,
2025-05-30 18:00:00+00:00,0.605,0.605,0.71013784,0.92153466,0.055672057,0.022793315,GOOD,GOOD,
2025-05-30 19:00:00+00:00,0.615,0.6150000000000001,0.65330714,0.97065675,0.016180666,0.013162563,GOOD,GOOD,
2025-05-30 20:00:00+00:00,0.645,0.645,0.63732404,0.95498294,0.02873275,0.016284294,GOOD,GOOD,
2025-05-30 21:00:00+00:00,0.69,0.6900000000000001,0.6587208,0.93789065,0.044384293,0.01772504,GOOD,GOOD,
2025-05-30 22:00:00+00:00,0.8,0.8000000000000002,0.70129824,0.77573943,0.18885304,0.035407525,GOOD,GOOD,
2025-05-30 23:00:00+00:00,0.8,0.8000000000000002,0.7929393,0.9226014,0.043447677,0.03395093,GOOD,GOOD,
2025-05-31 00:00:00+00:00,0.7,0.7,0.82833624,0.93287194,0.04646638,0.020661669,GOOD,GOOD,
2025-05-31 01:00:00+00:00,0.65,0.65,0.76106936,0.9259768,0.049859114,0.024164075,GOOD,GOOD,
2025-05-31 02:00:00+00:00,0.77,0.77,0.6931807,0.8627324,0.1087432,0.028524414,GOOD,GOOD,
2025-05-31 03:00:00+00:00,0.665,0.6650000000000001,0.7539629,0.94378984,0.03469692,0.021513265,GOOD,GOOD,
2025-05-31 04:00:00+00:00,0.585,0.5850000000000001,0.7219089,0.8785105,0.0872084,0.03428115,GOOD,GOOD,
2025-05-31 05:00:00+00:00,0.635,0.6350000000000001,0.6428874,0.9632996,0.022127047,0.01457338,GOOD,GOOD,
2025-05-31 06:00:00+00:00,0.605,0.605,0.64317477,0.96826375,0.017143609,0.014592675,GOOD,GOOD,
2025-05-31 07:00:00+00:00,0.61,0.6100000000000001,0.6372508,0.9149064,0.026053596,0.059040014,GOOD,GOOD,
2025-05-31 08:00:00+00:00,0.665,0.6650000000000001,0.63614976,0.95652837,0.03300286,0.010468754,GOOD,GOOD,
2025-05-31 09:00:00+00:00,0.79,0.79,0.6729487,0.70815396,0.24425112,0.04759492,GOOD,GOOD,
2025-05-31 10:00:00+00:00,0.655,0.6550000000000001,0.7763249,0.874121,0.07911277,0.046766218,GOOD,GOOD,
2025-05-31 11:00:00+00:00,0.76,0.7600000000000001,0.7266725,0.9121945,0.065343596,0.022461912,GOOD,GOOD,
2025-05-31 12:00:00+00:00,0.775,0.7750000000000001,0.7578832,0.9400031,0.039992623,0.020004287,GOOD,GOOD,
2025-05-31 13:00:00+00:00,0.645,0.645,0.7929137,0.8794623,0.08431609,0.03622161,GOOD,GOOD,
2025-05-31 14:00:00+00:00,0.665,0.6650000000000001,0.7149074,0.9771339,0.012203623,0.010662444,GOOD,GOOD,
2025-05-31 15:00:00+00:00,0.73,0.7300000000000001,0.6868876,0.9480894,0.04046641,0.011444148,GOOD,GOOD,
2025-05-31 16:00:00+00:00,0.575,0.575,0.7308204,0.7656748,0.16707025,0.06725493,GOOD,GOOD,
2025-05-31 17:00:00+00:00,0.54,0.5400000000000001,0.65208274,0.86333674,0.087836176,0.048827097,GOOD,GOOD,
2025-05-31 18:00:00+00:00,0.485,0.4850000000000001,0.58346635,0.92985475,0.050158653,0.019986589,GOOD,GOOD,
2025-05-31 19:00:00+00:00,0.46,0.46000000000000013,0.52805716,0.9544837,0.027697604,0.01781873,GOOD,GOOD,
2025-05-31 20:00:00+00:00,0.445,0.44500000000000006,0.49465787,0.91600627,0.03211831,0.05187544,GOOD,GOOD,
2025-05-31 21:00:00+00:00,0.48,0.48000000000000004,0.4766935,0.9576948,0.026767803,0.015537383,GOOD,GOOD,
2025-05-31 22:00:00+00:00,0.55,0.55,0.49422735,0.9176626,0.06363397,0.018703397,GOOD,GOOD,
2025-05-31 23:00:00+00:00,0.625,0.625,0.5515497,0.80192065,0.15850218,0.03957719,GOOD,GOOD,
2025-06-01 00:00:00+00:00,0.575,0.5696454075617903,0.627577,0.96419835,0.018438797,0.01736283,SUSPECT,GOOD,D_drift
2025-06-01 01:00:00+00:00,0.625,0.6142908151235807,0.619826,0.9720412,0.015748441,0.012210346,SUSPECT,GOOD,D_drift
2025-06-01 02:00:00+00:00,0.63,0.6139362226853708,0.6318413,0.88182527,0.019829633,0.09834508,SUSPECT,GOOD,D_drift
2025-06-01 03:00:00+00:00,0.6699999999999999,0.6485816302471612,0.6408156,0.96846205,0.020867346,0.010670616,SUSPECT,GOOD,D_drift
2025-06-01 04:00:00+00:00,0.745,0.7182270378089515,0.66600037,0.9282675,0.055646624,0.016085887,SUSPECT,GOOD,D_drift
2025-06-01 05:00:00+00:00,0.73,0.6978724453707419,0.72383887,0.9703147,0.015054815,0.014630476,SUSPECT,GOOD,D_drift
2025-06-01 06:00:00+00:00,0.6699999999999999,0.6325178529325319,0.73320425,0.951533,0.03187071,0.016596273,SUSPECT,GOOD,D_drift
2025-06-01 07:00:00+00:00,0.59,0.5471632604943223,0.68398595,0.8971441,0.077221215,0.025634715,SUSPECT,GOOD,D_drift
2025-06-01 08:00:00+00:00,0.505,0.4568086680561127,0.6038714,0.818401,0.14129382,0.040305194,SUSPECT,GOOD,D_drift
2025-06-01 09:00:00+00:00,0.4,0.34645407561790303,0.51518816,0.6584359,0.2647408,0.076823324,SUSPECT,GOOD,D_drift
2025-06-01 10:00:00+00:00,0.5900000000000001,0.5310994831796935,0.41450185,0.4823466,0.3767549,0.1408985,SUSPECT,GOOD,D_drift
2025-06-01 11:00:00+00:00,0.62,0.5557448907414835,0.48818728,0.61651444,0.2832611,0.100224435,SUSPECT,GOOD,D_drift
2025-06-01 12:00:00+00:00,0.595,0.5253902983032738,0.5656188,0.9697341,0.015155665,0.015110262,SUSPECT,GOOD,D_drift
2025-06-01 13:00:00+00:00,0.5700000000000001,0.49503570586506424,0.56969184,0.9187067,0.02900856,0.05228471,SUSPECT,GOOD,D_drift
2025-06-01 14:00:00+00:00,0.51,0.42968111342685456,0.53881973,0.9134264,0.05856454,0.028009053,SUSPECT,GOOD,D_drift
2025-06-01 15:00:00+00:00,0.5249999999999999,0.43932652098864466,0.48249775,0.9749174,0.013533444,0.011549118,SUSPECT,GOOD,D_drift
2025-06-01 16:00:00+00:00,0.47,0.37897192855043504,0.46418726,0.9212415,0.050835602,0.027922869,SUSPECT,GOOD,D_drift
2025-06-01 17:00:00+00:00,0.475,0.3786173361122253,0.4279578,0.9661973,0.013668238,0.020134462,SUSPECT,GOOD,D_drift
2025-06-01 18:00:00+00:00,0.46499999999999997,0.3632627436740156,0.40971673,0.95475066,0.015692113,0.029557241,SUSPECT,GOOD,D_drift
2025-06-01 19:00:00+00:00,0.49,0.38290815123580596,0.3972074,0.9662193,0.01711625,0.016664473,SUSPECT,GOOD,D_drift
2025-06-01 20:00:00+00:00,0.56,0.4475535587975963,0.40492535,0.91970474,0.060253583,0.020041699,SUSPECT,GOOD,D_drift
2025-06-01 21:00:00+00:00,0.67,0.5521989663593866,0.4516552,0.6761769,0.2724985,0.051324606,SUSPECT,GOOD,D_drift
2025-06-01 22:00:00+00:00,0.6,0.4768443739211768,0.54294413,0.93414026,0.03826399,0.027595758,SUSPECT,GOOD,D_drift
2025-06-01 23:00:00+00:00,0.54,0.41148978148296717,0.535015,0.90959954,0.06031353,0.030086918,SUSPECT,GOOD,D_drift
2025-06-02 00:00:00+00:00,0.49,0.3561351890447575,0.4723041,0.90137976,0.06586743,0.03275281,SUSPECT,GOOD,D_drift
2025-06-02 01:00:00+00:00,0.45,0.3107805966065478,0.40752935,0.92750454,0.048322752,0.024172682,SUSPECT,GOOD,D_drift
2025-06-02 02:00:00+00:00,0.495,0.350426004168338,0.35623312,0.95772207,0.025406195,0.016871715,SUSPECT,GOOD,D_drift
2025-06-02 03:00:00+00:00,0.48,0.33007141173012833,0.36244857,0.96893513,0.015763702,0.015301158,SUSPECT,GOOD,D_drift
2025-06-02 04:00:00+00:00,0.41000000000000003,0.2547168192919186,0.3638643,0.79308164,0.14257458,0.06434375,SUSPECT,GOOD,D_drift
2025-06-02 05:00:00+00:00,0.385,0.22436222685370885,0.31696382,0.83625317,0.09623178,0.06751508,SUSPECT,GOOD,D_drift
2025-06-02 06:00:00+00:00,0.41000000000000003,0.24400763441549916,0.2706517,0.96155983,0.020521222,0.01791897,SUSPECT,GOOD,D_drift
2025-06-02 07:00:00+00:00,0.44,0.2686530419772895,0.26439914,0.9260384,0.040408533,0.033553064,SUSPECT,GOOD,D_drift
2025-06-02 08:00:00+00:00,0.45999999999999996,0.28329844953907973,0.2849952,0.93865156,0.025693571,0.03565487,SUSPECT,GOOD,D_drift
2025-06-02 09:00:00+00:00,0.53,0.3479438571008701,0.30676132,0.9086852,0.06687978,0.024435017,SUSPECT,GOOD,D_drift
2025-06-02 10:00:00+00:00,0.625,0.43758926466266035,0.3537394,0.7886708,0.16655983,0.044769377,SUSPECT,GOOD,D_drift
2025-06-02 11:00:00+00:00,0.605,0.4122346722244507,0.43293437,0.96382034,0.019513927,0.016665712,SUSPECT,GOOD,D_drift
2025-06-02 12:00:00+00:00,0.61,0.41188007978624097,0.4532654,0.90451425,0.016511127,0.07897462,SUSPECT,GOOD,D_drift
2025-06-02 13:00:00+00:00,0.52,0.31652548734803126,0.44817236,0.81706697,0.12375409,0.059178956,SUSPECT,GOOD,D_drift
2025-06-02 14:00:00+00:00,0.495,0.28617089490982156,0.38465175,0.8983193,0.06137102,0.040309653,SUSPECT,GOOD,D_drift
2025-06-02 15:00:00+00:00,0.495,0.2808163024716118,0.33132908,0.94924897,0.019133924,0.03161713,SUSPECT,GOOD,D_drift
2025-06-02 16:00:00+00:00,0.45999999999999996,0.24046171003340203,0.31026757,0.938483,0.037592445,0.023924584,SUSPECT,GOOD,D_drift
2025-06-02 17:00:00+00:00,0.44,0.21510711759519238,0.28428736,0.9371596,0.0361438,0.026696594,SUSPECT,GOOD,D_drift
2025-06-02 18:00:00+00:00,0.485,0.25475252515698266,0.256827,0.9441585,0.034604624,0.021236876,SUSPECT,GOOD,D_drift
2025-06-02 19:00:00+00:00,0.51,0.2743979327187731,0.26825115,0.9568,0.027350381,0.015849665,SUSPECT,GOOD,D_drift
2025-06-02 20:00:00+00:00,0.525,0.28404334028056333,0.2931402,0.9185127,0.026504902,0.054982368,SUSPECT,GOOD,D_drift
2025-06-02 21:00:00+00:00,0.51,0.2636887478423535,0.31074578,0.9732032,0.014106642,0.012690176,SUSPECT,GOOD,D_drift
2025-06-02 22:00:00+00:00,0.45499999999999996,0.2033341554041438,0.3039588,0.8928659,0.069469415,0.03766467,SUSPECT,GOOD,D_drift
2025-06-02 23:00:00+00:00,0.655,0.39797956296593423,0.26115257,0.35139382,0.42716396,0.22144222,SUSPECT,SUSPECT,D_drift
2025-06-03 00:00:00+00:00,0.63,0.36762497052772447,0.35218033,0.9126347,0.058005206,0.029360108,SUSPECT,GOOD,D_drift
2025-06-03 01:00:00+00:00,0.47,0.2022703780895147,0.40069336,0.46077365,0.30112773,0.23809864,SUSPECT,GOOD,D_drift
2025-06-03 02:00:00+00:00,0.53,0.2569157856513051,0.30774587,0.94641244,0.034383863,0.019203696,SUSPECT,GOOD,D_drift
2025-06-03 03:00:00+00:00,0.505,0.2265611932130953,0.27517626,0.9701783,0.01754843,0.012273291,SUSPECT,GOOD,D_drift
2025-06-03 04:00:00+00:00,0.47,0.1862066007748856,0.26069283,0.9496153,0.03332114,0.017063554,SUSPECT,GOOD,D_drift
2025-06-03 05:00:00+00:00,0.405,0.11585200833667594,0.23338033,0.76165366,0.16661243,0.07173394,SUSPECT,GOOD,D_drift
2025-06-03 06:00:00+00:00,0.42500000000000004,0.13049741589846625,0.17862308,0.93591434,0.035130277,0.028955366,SUSPECT,GOOD,D_drift
2025-06-03 07:00:00+00:00,0.42,0.12014282346025645,0.15746224,0.95287216,0.02466345,0.0224644,SUSPECT,GOOD,D_drift
2025-06-03 08:00:00+00:00,0.425,0.11978823102204679,0.15109248,0.84821135,0.035546772,0.116241895,SUSPECT,GOOD,D_drift
2025-06-03 09:00:00+00:00,0.485,0.1744336385838371,0.15032531,0.89017665,0.07515087,0.03467246,SUSPECT,GOOD,D_drift
2025-06-03 10:00:00+00:00,0.46499999999999997,0.14907904614562734,0.18169263,0.94643646,0.031510323,0.022053236,SUSPECT,GOOD,D_drift
2025-06-03 11:00:00+00:00,0.48,0.15872445370741767,0.18831398,0.9517991,0.020532524,0.0276684,SUSPECT,GOOD,D_drift
2025-06-03 12:00:00+00:00,0.475,0.14836986126920793,0.18970616,0.9381717,0.020467967,0.041360356,SUSPECT,GOOD,D_drift
2025-06-03 13:00:00+00:00,0.44,0.10801526883099828,0.18421544,0.93624187,0.03759677,0.026161373,SUSPECT,GOOD,D_drift
2025-06-03 14:00:00+00:00,0.46,0.12266067639278856,0.1577098,0.9648931,0.018691218,0.016415687,SUSPECT,GOOD,D_drift
2025-06-03 15:00:00+00:00,0.46,0.11730608395457887,0.14973615,0.93414265,0.021475807,0.04438152,SUSPECT,GOOD,D_drift
2025-06-03 16:00:00+00:00,0.46,0.1119514915163692,0.14834338,0.7595711,0.035872586,0.20455632,SUSPECT,GOOD,D_drift
2025-06-03 17:00:00+00:00,0.46,0.10659689907815946,0.14551459,0.74100924,0.040445525,0.21854524,SUSPECT,GOOD,D_drift
2025-06-03 18:00:00+00:00,0.46,0.10124230663994979,0.14066634,0.7291088,0.04335492,0.22753629,SUSPECT,GOOD,D_drift
2025-06-03 19:00:00+00:00,0.46,0.09588771420174003,0.13509588,0.70818996,0.048706554,0.2431035,SUSPECT,GOOD,D_drift
2025-06-03 20:00:00+00:00,0.45499999999999996,0.0855331217635303,0.12954181,0.8512288,0.0452607,0.10351052,SUSPECT,GOOD,D_drift
2025-06-03 21:00:00+00:00,0.47,0.09517852932532057,0.1213536,0.9493996,0.023531394,0.02706903,SUSPECT,GOOD,D_drift
2025-06-03 22:00:00+00:00,0.475,0.0948239368871109,0.12244952,0.8004224,0.038285054,0.16129257,SUSPECT,GOOD,D_drift
2025-06-03 23:00:00+00:00,0.49,0.10446934444890123,0.12508559,0.90852654,0.028779963,0.06269348,SUSPECT,GOOD,D_drift
2025-06-04 00:00:00+00:00,0.475,0.4750000000000001,0.13163336,0.25505984,0.3510218,0.39391837,GOOD,SUSPECT,
2025-06-04 01:00:00+00:00,0.46499999999999997,0.465,0.35469303,0.36984992,0.3928534,0.23729664,GOOD,SUSPECT,
2025-06-04 02:00:00+00:00,0.46299999999999997,0.463,0.49027446,0.70290995,0.16392538,0.1331647,GOOD,GOOD,
2025-06-04 03:00:00+00:00,0.46099999999999997,0.4610000000000001,0.5118576,0.6942503,0.14240843,0.16334128,GOOD,GOOD,
2025-06-04 04:00:00+00:00,0.459,0.4590000000000001,0.49929097,0.7292248,0.11973351,0.15104172,GOOD,GOOD,
2025-06-04 05:00:00+00:00,0.457,0.45700000000000013,0.4897998,0.72519374,0.11338027,0.16142602,GOOD,GOOD,
2025-06-04 06:00:00+00:00,0.455,0.45500000000000007,0.48632663,0.73632705,0.09924488,0.16442807,GOOD,GOOD,
2025-06-04 07:00:00+00:00,0.435,0.4350000000000001,0.48461843,0.8864646,0.065959245,0.047576156,GOOD,GOOD,
2025-06-04 08:00:00+00:00,0.435,0.4350000000000001,0.47135377,0.9427329,0.03327452,0.023992581,GOOD,GOOD,
2025-06-04 09:00:00+00:00,0.45,0.4500000000000001,0.4640789,0.954784,0.027543666,0.017672384,GOOD,GOOD,
2025-06-04 10:00:00+00:00,0.46499999999999997,0.465,0.47203714,0.923418,0.037798163,0.038783852,GOOD,GOOD,
2025-06-04 11:00:00+00:00,0.5,0.5000000000000001,0.48712292,0.9280701,0.048080992,0.02384888,GOOD,GOOD,
2025-06-04 12:00:00+00:00,0.52,0.52,0.51584095,0.96890694,0.019485166,0.011607918,GOOD,GOOD,
2025-06-04 13:00:00+00:00,0.505,0.505,0.5414708,0.97316504,0.014540342,0.0122946035,GOOD,GOOD,
2025-06-04 14:00:00+00:00,0.485,0.4850000000000001,0.5402671,0.96772575,0.01280914,0.01946513,GOOD,GOOD,
2025-06-04 15:00:00+00:00,0.455,0.45500000000000007,0.52253467,0.9723147,0.014812414,0.012872843,GOOD,GOOD,
2025-06-04 16:00:00+00:00,0.435,0.4350000000000001,0.49501646,0.9731963,0.014084574,0.012719095,GOOD,GOOD,
2025-06-04 17:00:00+00:00,0.385,0.38500000000000006,0.47116357,0.9027651,0.06211706,0.035117824,GOOD,GOOD,
2025-06-04 18:00:00+00:00,0.44,0.4400000000000001,0.4323859,0.81030834,0.12899034,0.06070133,GOOD,GOOD,
2025-06-04 19:00:00+00:00,0.445,0.44500000000000006,0.44873095,0.9606005,0.023359085,0.01604042,GOOD,GOOD,
2025-06-04 20:00:00+00:00,0.405,0.4050000000000001,0.4690216,0.9461799,0.030694216,0.023125857,GOOD,GOOD,
2025-06-04 21:00:00+00:00,0.42,0.42000000000000004,0.45110917,0.9648725,0.01980039,0.01532715,GOOD,GOOD,
2025-06-04 22:00:00+00:00,0.45499999999999996,0.455,0.44631186,0.96727854,0.022705995,0.010015471,GOOD,GOOD,
2025-06-04 23:00:00+00:00,0.44,0.4400000000000001,0.4697712,0.97134113,0.016318707,0.012340179,GOOD,GOOD,
2025-06-05 00:00:00+00:00,0.33499999999999996,0.335,0.4743077,0.59832704,0.23850098,0.16317199,GOOD,GOOD,
2025-06-05 01:00:00+00:00,0.395,0.3950000000000001,0.40730226,0.7608019,0.14849159,0.09070646,GOOD,GOOD,
2025-06-05 02:00:00+00:00,0.475,0.4750000000000001,0.40501407,0.86346626,0.10559184,0.030941898,GOOD,GOOD,
2025-06-05 03:00:00+00:00,0.435,0.4350000000000001,0.46843025,0.9397047,0.036723375,0.023571901,GOOD,GOOD,
2025-06-05 04:00:00+00:00,0.46499999999999997,0.465,0.47829863,0.9573279,0.024316058,0.018356066,GOOD,GOOD,
2025-06-05 05:00:00+00:00,0.385,0.38500000000000006,0.48875484,0.7768658,0.14584588,0.07728837,GOOD,GOOD,
2025-06-05 06:00:00+00:00,0.39,0.3900000000000001,0.44428205,0.96484506,0.019245278,0.015909646,GOOD,GOOD,
2025-06-05 07:00:00+00:00,0.385,0.38500000000000006,0.4204159,0.8993438,0.02534237,0.07531386,GOOD,GOOD,
2025-06-05 08:00:00+00:00,0.41500000000000004,0.41500000000000015,0.41349742,0.9678139,0.020335445,0.011850638,GOOD,GOOD,
2025-06-05 09:00:00+00:00,0.42,0.42000000000000004,0.43209362,0.9496219,0.017486624,0.032891475,GOOD,GOOD,
2025-06-05 10:00:00+00:00,0.42,0.42000000000000004,0.44677946,0.7949106,0.023536274,0.18155311,GOOD,GOOD,
2025-06-05 11:00:00+00:00,0.435,0.4350000000000001,0.45083654,0.9586131,0.014804841,0.026582072,GOOD,GOOD,
2025-06-05 12:00:00+00:00,0.405,0.4050000000000001,0.45972195,0.9670879,0.017908039,0.015004029,GOOD,GOOD,
2025-06-05 13:00:00+00:00,0.345,0.34500000000000003,0.44566238,0.874528,0.08645751,0.03901451,GOOD,GOOD,
2025-06-05 14:00:00+00:00,0.36,0.36000000000000004,0.39926568,0.96831906,0.01660894,0.015071986,GOOD,GOOD,
2025-06-05 15:00:00+00:00,0.395,0.3950000000000001,0.38484016,0.9634823,0.023727544,0.01279016,GOOD,GOOD,
2025-06-05 16:00:00+00:00,0.42000000000000004,0.4200000000000001,0.40776002,0.9202351,0.03919265,0.040572267,GOOD,GOOD,
2025-06-05 17:00:00+00:00,0.37,0.37000000000000005,0.43865657,0.9530976,0.02746426,0.019438135,GOOD,GOOD,
2025-06-05 18:00:00+00:00,0.345,0.34500000000000003,0.42012763,0.95210594,0.026652656,0.021241382,GOOD,GOOD,
2025-06-05 19:00:00+00:00,0.33999999999999997,0.3400000000000001,0.38811418,0.91803753,0.025130864,0.056831624,GOOD,GOOD,
2025-06-05 20:00:00+00:00,0.33,0.3300000000000001,0.37130687,0.88530666,0.031466234,0.08322711,GOOD,GOOD,
2025-06-05 21:00:00+00:00,0.33999999999999997,0.3400000000000001,0.36213034,0.9600791,0.017155917,0.022764994,GOOD,GOOD,
2025-06-05 22:00:00+00:00,0.35,0.35000000000000003,0.36568308,0.86402416,0.027310843,0.10866498,GOOD,GOOD,
2025-06-05 23:00:00+00:00,0.32999999999999996,0.33000000000000007,0.37550682,0.9613806,0.018462906,0.020156523,GOOD,GOOD,
2025-06-06 00:00:00+00:00,0.345,0.34500000000000003,0.36819062,0.9669975,0.015748477,0.017254015,GOOD,GOOD,
2025-06-06 01:00:00+00:00,0.30000000000000004,0.3000000000000001,0.37072116,0.9017773,0.05883874,0.03938395,GOOD,GOOD,
2025-06-06 02:00:00+00:00,0.27,0.2700000000000001,0.34719488,0.90053415,0.055001315,0.044464506,GOOD,GOOD,
2025-06-06 03:00:00+00:00,0.29,0.29000000000000004,0.3145262,0.9557905,0.0220542,0.022155304,GOOD,GOOD,
2025-06-06 04:00:00+00:00,0.31999999999999995,0.32,0.31200838,0.9531763,0.028231973,0.018591693,GOOD,GOOD,
2025-06-06 05:00:00+00:00,0.33499999999999996,0.335,0.33551663,0.9591014,0.019013546,0.021885082,GOOD,GOOD,
2025-06-06 06:00:00+00:00,0.32,0.32000000000000006,0.35853323,0.9720454,0.01416993,0.013784679,GOOD,GOOD,
2025-06-06 07:00:00+00:00,0.28500000000000003,0.2850000000000001,0.3577001,0.9483128,0.029052027,0.022635147,GOOD,GOOD,
2025-06-06 08:00:00+00:00,0.33999999999999997,0.3400000000000001,0.33160535,0.91756284,0.05486394,0.027573226,GOOD,GOOD,
2025-06-06 09:00:00+00:00,0.31,0.31000000000000005,0.34956887,0.9570112,0.025477378,0.01751138,GOOD,GOOD,
2025-06-06 10:00:00+00:00,0.32,0.32000000000000006,0.34861875,0.9743093,0.013149883,0.012540787,GOOD,GOOD,
2025-06-06 11:00:00+00:00,0.36,0.36000000000000004,0.34901896,0.95725435,0.027677948,0.015067701,GOOD,GOOD,
2025-06-06 12:00:00+00:00,0.385,0.38500000000000006,0.3741614,0.9530106,0.028474238,0.018515164,GOOD,GOOD,
2025-06-06 13:00:00+00:00,0.37,0.37000000000000005,0.40434298,0.9734255,0.013838911,0.0127355745,GOOD,GOOD,
2025-06-06 14:00:00+00:00,0.315,0.31500000000000006,0.407058,0.9311322,0.0431819,0.025685895,GOOD,GOOD,
2025-06-06 15:00:00+00:00,0.385,0.8455361916966828,0.3691771,0.2342149,0.25293756,0.51284754,BAD,SUSPECT,F_burst_noise
2025-06-06 16:00:00+00:00,0.37,0.7280899918623706,0.691009,0.53856075,0.25566903,0.20577021,BAD,GOOD,F_burst_noise
2025-06-06 17:00:00+00:00,0.36,0.4248518720315495,0.7921682,0.15726173,0.3284372,0.51430106,BAD,SUSPECT,F_burst_noise
2025-06-06 18:00:00+00:00,0.35,0.35000000000000003,0.5777066,0.097451866,0.5964031,0.306145,GOOD,SUSPECT,
2025-06-06 19:00:00+00:00,0.355,0.35500000000000004,0.41533494,0.97710085,0.014819885,0.008079253,GOOD,GOOD,
2025-06-06 20:00:00+00:00,0.335,0.3350000000000001,0.3703646,0.9799795,0.013189125,0.0068313335,GOOD,GOOD,
2025-06-06 21:00:00+00:00,0.385,0.38500000000000006,0.36252105,0.94073933,0.041772265,0.0174884,GOOD,GOOD,
2025-06-06 22:00:00+00:00,0.375,0.3750000000000001,0.39405796,0.9673351,0.01765883,0.015006085,GOOD,GOOD,
2025-06-06 23:00:00+00:00,0.41000000000000003,0.4100000000000001,0.40691143,0.9548195,0.028761167,0.016419323,GOOD,GOOD,
2025-06-07 00:00:00+00:00,0.38,0.38000000000000006,0.4284371,0.9775023,0.013310076,0.009187629,GOOD,GOOD,
2025-06-07 01:00:00+00:00,0.33999999999999997,0.3400000000000001,0.42058545,0.96630913,0.021551058,0.01213982,GOOD,GOOD,
2025-06-07 02:00:00+00:00,0.31999999999999995,0.32,0.38753393,0.95211375,0.02579131,0.022094961,GOOD,GOOD,
2025-06-07 03:00:00+00:00,0.29,0.29000000000000004,0.3586693,0.958722,0.019918742,0.021359293,GOOD,GOOD,
2025-06-07 04:00:00+00:00,0.28500000000000003,0.2850000000000001,0.33101746,0.94359845,0.014834849,0.041566715,GOOD,GOOD,
2025-06-07 05:00:00+00:00,0.27,0.2700000000000001,0.31716046,0.94400907,0.019444272,0.03654664,GOOD,GOOD,
2025-06-07 06:00:00+00:00,0.315,0.31500000000000006,0.30554107,0.9506148,0.03338875,0.015996419,GOOD,GOOD,
2025-06-07 07:00:00+00:00,0.255,0.255,0.3275429,0.932805,0.042256292,0.02493873,GOOD,GOOD,
2025-06-07 08:00:00+00:00,0.245,0.24500000000000002,0.30788916,0.96118224,0.020317936,0.018499833,GOOD,GOOD,
2025-06-07 09:00:00+00:00,0.265,0.26500000000000007,0.28428385,0.9726624,0.016166134,0.011171471,GOOD,GOOD,
2025-06-07 10:00:00+00:00,0.245,0.24500000000000002,0.28672352,0.9684676,0.017373081,0.0141593525,GOOD,GOOD,
2025-06-07 11:00:00+00:00,0.275,0.2750000000000001,0.28171718,0.9661657,0.020141121,0.01369313,GOOD,GOOD,
2025-06-07 12:00:00+00:00,0.25,0.25,0.29483375,0.9659377,0.017282667,0.01677967,GOOD,GOOD,
2025-06-07 13:00:00+00:00,0.26,0.26000000000000006,0.28962594,0.9668089,0.014691935,0.018499162,GOOD,GOOD,
2025-06-07 14:00:00+00:00,0.26,0.26000000000000006,0.28882435,0.8249323,0.029075636,0.1459921,GOOD,GOOD,
2025-06-07 15:00:00+00:00,0.25,0.25,0.29001534,0.89669883,0.028178997,0.07512219,GOOD,GOOD,
2025-06-07 16:00:00+00:00,0.28500000000000003,0.2850000000000001,0.2848868,0.96770215,0.019597571,0.012700253,GOOD,GOOD,
2025-06-07 17:00:00+00:00,0.315,0.31500000000000006,0.30198625,0.9409174,0.034552664,0.024529943,GOOD,GOOD,
2025-06-07 18:00:00+00:00,0.27,0.2700000000000001,0.33183432,0.9673804,0.019382441,0.013237166,GOOD,GOOD,
2025-06-07 19:00:00+00:00,0.24,0.24,0.31894714,0.949922,0.028542649,0.021535333,GOOD,GOOD,
2025-06-07 20:00:00+00:00,0.215,0.215,0.2867973,0.9201162,0.038555544,0.0413283,GOOD,GOOD,
2025-06-07 21:00:00+00:00,0.245,0.24500000000000002,0.2563063,0.9676102,0.019645792,0.012744035,GOOD,GOOD,
2025-06-07 22:00:00+00:00,0.235,0.235,0.26202318,0.9722353,0.015170302,0.0125943655,GOOD,GOOD,
2025-06-07 23:00:00+00:00,0.22,0.22,0.26643747,0.9179162,0.026890188,0.055193655,GOOD,GOOD,
2025-06-08 00:00:00+00:00,0.27,0.2700000000000001,0.2580471,0.94020265,0.039953563,0.019843757,GOOD,GOOD,
2025-06-08 01:00:00+00:00,0.275,0.2750000000000001,0.2810824,0.9714446,0.015600886,0.012954515,GOOD,GOOD,
2025-06-08 02:00:00+00:00,0.265,0.26500000000000007,0.30089206,0.93648547,0.018408066,0.045106463,GOOD,GOOD,
2025-06-08 03:00:00+00:00,0.265,0.26500000000000007,0.3013246,0.8258921,0.02466744,0.14944045,GOOD,GOOD,
2025-06-08 04:00:00+00:00,0.335,0.3350000000000001,0.29750937,0.85522944,0.09506654,0.04970401,GOOD,GOOD,
2025-06-08 05:00:00+00:00,0.26,0.26000000000000006,0.3374193,0.9300533,0.044648588,0.02529813,GOOD,GOOD,
2025-06-08 06:00:00+00:00,0.26,0.26000000000000006,0.31806603,0.97288984,0.012579395,0.014530775,GOOD,GOOD,
2025-06-08 07:00:00+00:00,0.28500000000000003,0.2850000000000001,0.29661417,0.970357,0.017294163,0.012348858,GOOD,GOOD,
2025-06-08 08:00:00+00:00,0.265,0.26500000000000007,0.30396935,0.97593415,0.013241987,0.010823854,GOOD,GOOD,
2025-06-08 09:00:00+00:00,0.27,0.2700000000000001,0.30130064,0.9417839,0.01833522,0.039880883,GOOD,GOOD,
2025-06-08 10:00:00+00:00,0.27,0.2700000000000001,0.3001231,0.7566776,0.029978229,0.21334413,GOOD,GOOD,
2025-06-08 11:00:00+00:00,0.28,0.28000000000000014,0.30026284,0.92648184,0.024087483,0.049430657,GOOD,GOOD,
2025-06-08 12:00:00+00:00,0.33499999999999996,0.335,0.306459,0.87559056,0.08006814,0.044341315,GOOD,GOOD,
2025-06-08 13:00:00+00:00,0.3,0.30000000000000004,0.34311262,0.940643,0.035357494,0.02399948,GOOD,GOOD,
2025-06-08 14:00:00+00:00,0.3,0.30000000000000004,0.342994,0.9544307,0.016961113,0.02860817,GOOD,GOOD,
2025-06-08 15:00:00+00:00,0.34,0.34000000000000014,0.3343998,0.9257894,0.04410896,0.030101638,GOOD,GOOD,
2025-06-08 16:00:00+00:00,0.315,0.31500000000000006,0.35433123,0.9624643,0.02061234,0.01692337,GOOD,GOOD,
2025-06-08 17:00:00+00:00,0.295,0.29500000000000004,0.35335544,0.91014105,0.027997047,0.061861902,GOOD,GOOD,
2025-06-08 18:00:00+00:00,0.255,0.255,0.33586767,0.95266765,0.02876909,0.018563235,GOOD,GOOD,
2025-06-08 19:00:00+00:00,0.28,0.28000000000000014,0.30242088,0.96925944,0.017670702,0.013069839,GOOD,GOOD,
2025-06-08 20:00:00+00:00,0.27,0.2700000000000001,0.30073178,0.9735754,0.012997917,0.013426687,GOOD,GOOD,
2025-06-08 21:00:00+00:00,0.29000000000000004,0.2900000000000001,0.30134535,0.968176,0.017937427,0.013886566,GOOD,GOOD,
2025-06-08 22:00:00+00:00,0.31,0.31000000000000005,0.31293795,0.9408473,0.027416307,0.031736437,GOOD,GOOD,
2025-06-08 23:00:00+00:00,0.28,0.28000000000000014,0.33183688,0.95360005,0.023771103,0.022628862,GOOD,GOOD,
2025-06-09 00:00:00+00:00,0.28500000000000003,0.2850000000000001,0.32275623,0.9558592,0.016630903,0.027509924,GOOD,GOOD,
2025-06-09 01:00:00+00:00,0.245,0.24500000000000002,0.316033,0.90182996,0.056696925,0.041473124,GOOD,GOOD,
2025-06-09 02:00:00+00:00,0.215,0.215,0.29109982,0.89002985,0.0606893,0.049280867,GOOD,GOOD,
2025-06-09 03:00:00+00:00,0.23,0.23000000000000004,0.25955072,0.9507167,0.02408088,0.025202423,GOOD,GOOD,
2025-06-09 04:00:00+00:00,0.21,0.21,0.25430077,0.93704975,0.02971416,0.033236094,GOOD,GOOD,
2025-06-09 05:00:00+00:00,0.245,0.24500000000000002,0.24646662,0.94534445,0.028497798,0.02615775,GOOD,GOOD,
2025-06-09 06:00:00+00:00,0.22000000000000003,0.22000000000000003,0.26209438,0.9257472,0.035753362,0.0384994,GOOD,GOOD,
2025-06-09 07:00:00+00:00,0.195,0.195,0.25931448,0.8821746,0.052890435,0.06493495,GOOD,GOOD,
2025-06-09 08:00:00+00:00,0.27,0.2700000000000001,0.23889081,0.8730057,0.08986593,0.03712839,GOOD,GOOD,
2025-06-09 09:00:00+00:00,0.22,0.22,0.27072927,0.91808504,0.050582137,0.031332802,GOOD,GOOD,
2025-06-09 10:00:00+00:00,0.20500000000000002,0.20500000000000002,0.26688504,0.9602213,0.020542169,0.019236537,GOOD,GOOD,
2025-06-09 11:00:00+00:00,0.19,0.19,0.24706033,0.8410634,0.04068078,0.11825584,GOOD,GOOD,
2025-06-09 12:00:00+00:00,0.25,0.25,0.22783871,0.90973336,0.061045982,0.029220665,GOOD,GOOD,
2025-06-09 13:00:00+00:00,0.34,0.34000000000000014,0.25516328,0.74851793,0.19769543,0.053786635,GOOD,GOOD,
2025-06-09 14:00:00+00:00,0.30000000000000004,0.3000000000000001,0.3305872,0.9457725,0.032782212,0.02144528,GOOD,GOOD,
2025-06-09 15:00:00+00:00,0.27,0.2700000000000001,0.3457572,0.9310434,0.030706346,0.038250268,GOOD,GOOD,
2025-06-09 16:00:00+00:00,0.24000000000000002,0.24000000000000002,0.31970134,0.860533,0.057446584,0.08202039,GOOD,GOOD,
2025-06-09 17:00:00+00:00,0.22,0.22,0.2848495,0.9071118,0.03800045,0.054887705,GOOD,GOOD,
2025-06-09 18:00:00+00:00,0.25,0.25,0.25826272,0.9700172,0.01811316,0.011869623,GOOD,GOOD,
2025-06-09 19:00:00+00:00,0.255,0.255,0.2667589,0.94880843,0.019139685,0.032051876,GOOD,GOOD,
2025-06-09 20:00:00+00:00,0.26,0.26000000000000006,0.28059882,0.7960765,0.029761247,0.1741623,GOOD,GOOD,
2025-06-09 21:00:00+00:00,0.28500000000000003,0.2850000000000001,0.28920788,0.9654814,0.019182324,0.015336253,GOOD,GOOD,
2025-06-09 22:00:00+00:00,0.24,0.24,0.30621025,0.9198322,0.047046296,0.03312148,GOOD,GOOD,
2025-06-09 23:00:00+00:00,0.25,0.25,0.28856382,0.95927376,0.020657659,0.020068564,GOOD,GOOD,
2025-06-10 00:00:00+00:00,0.235,0.235,0.2796146,0.94698995,0.02522653,0.02778351,GOOD,GOOD,
2025-06-10 01:00:00+00:00,0.245,0.24500000000000002,0.27014896,0.9457135,0.021376265,0.03291022,GOOD,GOOD,
2025-06-10 02:00:00+00:00,0.22999999999999998,0.23,0.2717139,0.9380406,0.025850475,0.036108915,GOOD,GOOD,
2025-06-10 03:00:00+00:00,0.23500000000000001,0.23500000000000001,0.26603398,0.91320086,0.025261069,0.061538085,GOOD,GOOD,
2025-06-10 04:00:00+00:00,0.235,0.235,0.2646703,0.6390419,0.044095986,0.31686214,GOOD,GOOD,
2025-06-10 05:00:00+00:00,0.275,0.2750000000000001,0.26529637,0.933889,0.042494994,0.023616029,GOOD,GOOD,
2025-06-10 06:00:00+00:00,0.28,0.28000000000000014,0.2893476,0.96424335,0.018790346,0.016966287,GOOD,GOOD,
2025-06-10 07:00:00+00:00,0.26,0.26000000000000006,0.30724224,0.973251,0.014063751,0.012685236,GOOD,GOOD,
2025-06-10 08:00:00+00:00,0.265,0.26500000000000007,0.3005769,0.95635366,0.015789794,0.02785653,GOOD,GOOD,
2025-06-10 09:00:00+00:00,0.21500000000000002,0.21500000000000002,0.29579732,0.91719675,0.052550435,0.030252792,GOOD,GOOD,
2025-06-10 10:00:00+00:00,0.22,0.22,0.26574194,0.9635424,0.018692853,0.017764756,GOOD,GOOD,
2025-06-10 11:00:00+00:00,0.24,0.24,0.25074792,0.9688729,0.017218115,0.01390898,GOOD,GOOD,
2025-06-10 12:00:00+00:00,0.23,0.23000000000000004,0.26021218,0.96643615,0.016611988,0.01695186,GOOD,GOOD,
2025-06-10 13:00:00+00:00,0.235,0.235,0.26317352,0.9167028,0.023046343,0.060250845,GOOD,GOOD,
2025-06-10 14:00:00+00:00,0.235,0.235,0.26507235,0.73309684,0.033841714,0.23306145,GOOD,GOOD,
2025-06-10 15:00:00+00:00,0.20500000000000002,0.20500000000000002,0.2658534,0.92123,0.0438468,0.03492319,GOOD,GOOD,
2025-06-10 16:00:00+00:00,0.185,0.185,0.24854515,0.9122753,0.045385014,0.042339683,GOOD,GOOD,
2025-06-10 17:00:00+00:00,0.21,0.21,0.22591215,0.95176274,0.025025992,0.023211267,GOOD,GOOD,
2025-06-10 18:00:00+00:00,0.28,0.28000000000000014,0.23018259,0.8529085,0.105728835,0.041362673,GOOD,GOOD,
2025-06-10 19:00:00+00:00,0.29,0.29000000000000004,0.27917722,0.92840534,0.043735683,0.027858954,GOOD,GOOD,
2025-06-10 20:00:00+00:00,0.28,0.28000000000000014,0.3144224,0.95356214,0.019110393,0.02732746,GOOD,GOOD,
2025-06-10 21:00:00+00:00,0.245,0.24500000000000002,0.31819427,0.96036965,0.02255114,0.017079227,GOOD,GOOD,
2025-06-10 22:00:00+00:00,0.26,0.26000000000000006,0.2928532,0.97166395,0.015739648,0.012596424,GOOD,GOOD,
2025-06-10 23:00:00+00:00,0.265,0.26500000000000007,0.28614694,0.9120802,0.02424794,0.063671805,GOOD,GOOD,
2025-06-11 00:00:00+00:00,0.22,0.22,0.29122487,0.9375883,0.038026754,0.02438497,GOOD,GOOD,
2025-06-11 01:00:00+00:00,0.255,0.255,0.26883107,0.9486815,0.0309092,0.020409357,GOOD,GOOD,
2025-06-11 02:00:00+00:00,0.255,0.255,0.2737538,0.96874887,0.015100411,0.016150743,GOOD,GOOD,
2025-06-11 03:00:00+00:00,0.245,0.24500000000000002,0.2825857,0.90370935,0.025590044,0.070700586,GOOD,GOOD,
2025-06-11 04:00:00+00:00,0.26,0.26000000000000006,0.28027436,0.96737766,0.017698564,0.014923803,GOOD,GOOD,
2025-06-11 05:00:00+00:00,0.245,0.24500000000000002,0.28561804,0.95764494,0.020822875,0.021532156,GOOD,GOOD,
2025-06-11 06:00:00+00:00,0.27,0.2700000000000001,0.28102937,0.9591599,0.02167422,0.019165847,GOOD,GOOD,
2025-06-11 07:00:00+00:00,0.26,0.26000000000000006,0.2914774,0.9534986,0.021043569,0.02545784,GOOD,GOOD,
2025-06-11 08:00:00+00:00,0.265,0.26500000000000007,0.29345116,0.9106931,0.025112484,0.0641944,GOOD,GOOD,
2025-06-11 09:00:00+00:00,0.28,0.28000000000000014,0.29491156,0.9572859,0.018881397,0.023832696,GOOD,GOOD,
2025-06-11 10:00:00+00:00,0.28500000000000003,0.2850000000000001,0.30455118,0.8987942,0.026294826,0.074911,GOOD,GOOD,
2025-06-11 11:00:00+00:00,0.28500000000000003,0.2850000000000001,0.31320146,0.72678137,0.040894184,0.23232448,GOOD,GOOD,
2025-06-11 12:00:00+00:00,0.27,0.2700000000000001,0.3162242,0.92150885,0.031145887,0.047345277,GOOD,GOOD,
2025-06-11 13:00:00+00:00,0.245,0.18362360274197737,0.3073881,0.6438602,0.25376627,0.10237354,SUSPECT,GOOD,F_burst_noise
2025-06-11 14:00:00+00:00,0.22499999999999998,0.23198053763857066,0.2511281,0.8996641,0.05889594,0.04143994,SUSPECT,GOOD,F_burst_noise
2025-06-11 15:00:00+00:00,0.22499999999999998,0.6138750681467533,0.24595731,0.23369163,0.3376601,0.42864826,SUSPECT,SUSPECT,F_burst_noise
2025-06-11 16:00:00+00:00,0.215,0.24075741352853308,0.49243662,0.43564498,0.22318774,0.34116727,SUSPECT,GOOD,F_burst_noise
2025-06-11 17:00:00+00:00,0.245,0.0976443329158674,0.40473774,0.065895915,0.43210763,0.50199646,SUSPECT,SUSPECT,F_burst_noise
2025-06-11 18:00:00+00:00,0.245,0.5460838163815812,0.21965723,0.29575837,0.28230885,0.4219328,SUSPECT,GOOD,F_burst_noise
2025-06-11 19:00:00+00:00,0.27,0.3070378132120153,0.39680707,0.53856075,0.25566903,0.20577021,SUSPECT,GOOD,F_burst_noise
2025-06-11 20:00:00+00:00,0.255,0.02,0.4026083,0.075136185,0.35449728,0.57036656,SUSPECT,SUSPECT,F_burst_noise
2025-06-11 21:00:00+00:00,0.245,0.5751072780319993,0.1951723,0.26783144,0.2551144,0.47705415,SUSPECT,GOOD,F_burst_noise
2025-06-11 22:00:00+00:00,0.29500000000000004,0.02,0.39562154,0.33318555,0.14604793,0.5207665,SUSPECT,GOOD,F_burst_noise
2025-06-11 23:00:00+00:00,0.29500000000000004,0.11133687204290538,0.24212076,0.52165484,0.26370803,0.21463718,SUSPECT,GOOD,F_burst_noise
2025-06-12 00:00:00+00:00,0.265,0.9197178539430433,0.14627177,0.096075,0.17420813,0.72971684,SUSPECT,BAD,F_burst_noise
2025-06-12 01:00:00+00:00,0.24,0.24,0.6344953,0.33592647,0.1399415,0.524132,GOOD,GOOD,
2025-06-12 02:00:00+00:00,0.26,0.26000000000000006,0.49807936,0.077394605,0.57163566,0.3509697,GOOD,SUSPECT,
2025-06-12 03:00:00+00:00,0.265,0.26500000000000007,0.33497176,0.72157156,0.031639062,0.24678934,GOOD,GOOD,
2025-06-12 04:00:00+00:00,0.255,0.255,0.2813736,0.92430055,0.02592011,0.04977931,GOOD,GOOD,
2025-06-12 05:00:00+00:00,0.29500000000000004,0.2950000000000001,0.27748573,0.9488618,0.034862664,0.01627556,GOOD,GOOD,
2025-06-12 06:00:00+00:00,0.33499999999999996,0.335,0.3071198,0.93111765,0.044459738,0.024422586,GOOD,GOOD,
2025-06-12 07:00:00+00:00,0.30000000000000004,0.3000000000000001,0.34867582,0.9728864,0.014892562,0.01222108,GOOD,GOOD,
2025-06-12 08:00:00+00:00,0.28,0.28000000000000014,0.34551093,0.9194965,0.032433905,0.04806961,GOOD,GOOD,
2025-06-12 09:00:00+00:00,0.31,0.31000000000000005,0.3227141,0.9781511,0.012719261,0.009129683,GOOD,GOOD,
2025-06-12 10:00:00+00:00,0.33999999999999997,0.3400000000000001,0.32862815,0.93175507,0.041116267,0.027128663,GOOD,GOOD,
2025-06-12 11:00:00+00:00,0.35,0.35000000000000003,0.35569736,0.9305404,0.029588033,0.039871562,GOOD,GOOD,
2025-06-12 12:00:00+00:00,0.41500000000000004,0.41500000000000015,0.37605497,0.9382405,0.04291438,0.018845081,GOOD,GOOD,
2025-06-12 13:00:00+00:00,0.69,0.6900000000000001,0.4218446,0.23548222,0.5310886,0.2334292,GOOD,SUSPECT,
2025-06-12 14:00:00+00:00,0.95,0.9500000000000001,0.6224624,0.14243901,0.63156086,0.22600015,GOOD,SUSPECT,
2025-06-12 15:00:00+00:00,0.9650000000000001,0.9650000000000002,0.9044789,0.42307997,0.45196754,0.124952495,GOOD,SUSPECT,
2025-06-12 16:00:00+00:00,0.925,0.9250000000000002,1.0052769,0.91829157,0.061237298,0.020471111,GOOD,GOOD,
2025-06-12 17:00:00+00:00,1.19,1.1900000000000002,0.9733593,0.47026968,0.4238174,0.10591295,GOOD,GOOD,
2025-06-12 18:00:00+00:00,1.2650000000000001,1.2650000000000003,1.1501145,0.36681497,0.5357766,0.09740844,GOOD,SUSPECT,
2025-06-12 19:00:00+00:00,1.46,1.4600000000000002,1.2766377,0.3668217,0.5814398,0.05173851,GOOD,SUSPECT,
2025-06-12 20:00:00+00:00,1.21,1.2100000000000002,1.4514866,0.69090265,0.21041057,0.098686785,GOOD,GOOD,
2025-06-12 21:00:00+00:00,1.51,1.5100000000000002,1.2786872,0.27589643,0.66095746,0.063146114,GOOD,SUSPECT,
2025-06-12 22:00:00+00:00,1.65,1.6500000000000004,1.4637572,0.029129982,0.9234974,0.04737263,GOOD,SUSPECT,
2025-06-12 23:00:00+00:00,1.8599999999999999,1.86,1.643531,0.011397064,0.971153,0.01744992,GOOD,SUSPECT,
2025-06-13 00:00:00+00:00,1.83,1.8300000000000003,1.8474778,0.15080321,0.7989991,0.050197728,GOOD,SUSPECT,
2025-06-13 01:00:00+00:00,2.04,2.04,1.8313386,0.00461185,0.98221844,0.013169711,GOOD,SUSPECT,
2025-06-13 02:00:00+00:00,1.79,1.7732232765742597,2.0131347,0.08882278,0.843011,0.0681662,SUSPECT,SUSPECT,D_drift
2025-06-13 03:00:00+00:00,1.425,1.391446553148519,1.7810048,0.07802451,0.8242113,0.09776421,SUSPECT,SUSPECT,D_drift
2025-06-13 04:00:00+00:00,1.19,1.1396698297227783,1.4314388,0.49118817,0.4476906,0.061121248,SUSPECT,GOOD,D_drift
2025-06-13 05:00:00+00:00,1.275,1.2078931062970377,1.1842893,0.9660203,0.02895163,0.0050281035,SUSPECT,GOOD,D_drift
2025-06-13 06:00:00+00:00,1.375,1.291116382871297,1.1931739,0.58647966,0.36856332,0.044957016,SUSPECT,GOOD,D_drift
2025-06-13 07:00:00+00:00,1.73,1.6293396594455565,1.279719,0.03955674,0.9109423,0.049500946,SUSPECT,SUSPECT,D_drift
2025-06-13 08:00:00+00:00,1.69,1.572562936019816,1.5776502,0.7433808,0.22908862,0.027530609,SUSPECT,GOOD,D_drift
2025-06-13 09:00:00+00:00,1.63,1.4957862125940753,1.5899107,0.7291177,0.23618978,0.03469253,SUSPECT,GOOD,D_drift
2025-06-13 10:00:00+00:00,1.88,1.7290094891683345,1.5063821,0.042696416,0.92362344,0.03368014,SUSPECT,SUSPECT,D_drift
2025-06-13 11:00:00+00:00,1.8199999999999998,1.652232765742594,1.6918911,0.61733925,0.3246963,0.057964437,SUSPECT,GOOD,D_drift
2025-06-13 12:00:00+00:00,1.8,1.6154560423168534,1.666963,0.58166766,0.34028524,0.07804706,SUSPECT,GOOD,D_drift
2025-06-13 13:00:00+00:00,1.76,1.5586793188911128,1.6207863,0.6867701,0.2561049,0.057125036,SUSPECT,GOOD,D_drift
2025-06-13 14:00:00+00:00,1.77,1.5519025954653722,1.5663074,0.22564971,0.27737105,0.49697924,SUSPECT,SUSPECT,D_drift
2025-06-13 15:00:00+00:00,1.4500000000000002,1.2151258720396318,1.5539966,0.2217676,0.6515816,0.12665078,SUSPECT,SUSPECT,D_drift
2025-06-13 16:00:00+00:00,1.29,1.038349148613891,1.2827997,0.4588474,0.47830173,0.06285086,SUSPECT,SUSPECT,D_drift
2025-06-13 17:00:00+00:00,1.275,1.0065724251881503,1.0851408,0.90335894,0.07612322,0.020517828,SUSPECT,GOOD,D_drift
2025-06-13 18:00:00+00:00,1.38,1.0947957017624095,1.0212108,0.87438,0.10971925,0.015900727,SUSPECT,GOOD,D_drift
2025-06-13 19:00:00+00:00,1.615,1.3130189783366693,1.0828702,0.24532557,0.6983075,0.056366954,SUSPECT,SUSPECT,D_drift
2025-06-13 20:00:00+00:00,1.645,1.3262422549109285,1.2776202,0.26797652,0.6234928,0.10853072,SUSPECT,SUSPECT,D_drift
2025-06-13 21:00:00+00:00,1.69,1.354465531485188,1.341365,0.6985643,0.2396915,0.061744243,SUSPECT,GOOD,D_drift
2025-06-13 22:00:00+00:00,1.8849999999999998,1.532688808059447,1.3619391,0.13831079,0.8222585,0.039430715,SUSPECT,SUSPECT,D_drift
2025-06-13 23:00:00+00:00,1.77,1.4009120846337066,1.5102148,0.8851253,0.093283765,0.02159095,SUSPECT,GOOD,D_drift
2025-06-14 00:00:00+00:00,1.86,1.4741353612079662,1.4362013,0.8017413,0.17646956,0.021789156,SUSPECT,GOOD,D_drift
2025-06-14 01:00:00+00:00,1.51,1.1073586377822255,1.4691727,0.20815235,0.5156758,0.2761719,SUSPECT,SUSPECT,D_drift
2025-06-14 02:00:00+00:00,1.45,1.4500000000000002,1.1927866,0.19125855,0.71651816,0.0922233,GOOD,SUSPECT,
2025-06-14 03:00:00+00:00,1.3199999999999998,1.32,1.3871422,0.8950336,0.0797216,0.02524482,GOOD,GOOD,
2025-06-14 04:00:00+00:00,1.23,1.2300000000000002,1.3584447,0.9098035,0.07446573,0.015730767,GOOD,GOOD,
2025-06-14 05:00:00+00:00,1.35,1.3500000000000003,1.2616972,0.78978175,0.19522518,0.014993049,GOOD,GOOD,
2025-06-14 06:00:00+00:00,1.27,1.2700000000000002,1.3317081,0.9282753,0.05645885,0.015265872,GOOD,GOOD,
2025-06-14 07:00:00+00:00,1.415,1.4150000000000003,1.2964088,0.7096714,0.26968086,0.020647766,GOOD,GOOD,
2025-06-14 08:00:00+00:00,1.48,1.4800000000000002,1.3964483,0.16227686,0.7817069,0.056016177,GOOD,SUSPECT,
2025-06-14 09:00:00+00:00,1.6099999999999999,1.61,1.478909,0.10552502,0.8574169,0.03705802,GOOD,SUSPECT,
2025-06-14 10:00:00+00:00,1.46,1.4600000000000002,1.5989397,0.7842931,0.19047445,0.025232436,GOOD,GOOD,
2025-06-14 11:00:00+00:00,1.34,1.3400000000000003,1.4903454,0.8637502,0.11959237,0.01665742,GOOD,GOOD,
2025-06-14 12:00:00+00:00,1.3450000000000002,1.3450000000000004,1.3636578,0.9126048,0.054601997,0.03279321,GOOD,GOOD,
2025-06-14 13:00:00+00:00,1.33,1.3300000000000003,1.3468255,0.7909897,0.09284446,0.11616583,GOOD,GOOD,
2025-06-14 14:00:00+00:00,1.235,1.2350000000000003,1.3408575,0.9198109,0.06628826,0.013900835,GOOD,GOOD,
2025-06-14 15:00:00+00:00,1.09,1.0900000000000003,1.2648239,0.87836784,0.10477214,0.016860018,GOOD,GOOD,
2025-06-14 16:00:00+00:00,0.98,0.9800000000000002,1.1330392,0.86102146,0.11679874,0.022179784,GOOD,GOOD,
2025-06-14 17:00:00+00:00,0.935,0.935,1.0180888,0.92322356,0.058572244,0.018204179,GOOD,GOOD,
2025-06-14 18:00:00+00:00,0.925,0.9250000000000002,0.95900565,0.9166402,0.040548872,0.042810928,GOOD,GOOD,
2025-06-14 19:00:00+00:00,1.225,1.2250000000000003,0.9423819,0.29646868,0.6077203,0.09581102,GOOD,SUSPECT,
2025-06-14 20:00:00+00:00,1.435,1.4350000000000003,1.1652496,0.035716116,0.8986255,0.06565841,GOOD,SUSPECT,
2025-06-14 21:00:00+00:00,1.51,1.5100000000000002,1.4146676,0.082096934,0.86252964,0.05537344,GOOD,SUSPECT,
2025-06-14 22:00:00+00:00,1.455,1.4550000000000003,1.5208597,0.84229827,0.12944663,0.028255107,GOOD,GOOD,
2025-06-14 23:00:00+00:00,1.3050000000000002,1.3050000000000004,1.4773567,0.8982832,0.0857991,0.015917724,GOOD,GOOD,
2025-06-15 00:00:00+00:00,1.27,1.2700000000000002,1.3400867,0.94318974,0.04140097,0.015409291,GOOD,GOOD,
2025-06-15 01:00:00+00:00,1.28,1.2800000000000002,1.2844043,0.8595895,0.06077615,0.079634316,GOOD,GOOD,
2025-06-15 02:00:00+00:00,1.24,1.2400000000000002,1.2890801,0.94685006,0.035370916,0.017779045,GOOD,GOOD,
2025-06-15 03:00:00+00:00,1.1549999999999998,1.155,1.2623954,0.92242926,0.062954664,0.01461606,GOOD,GOOD,
2025-06-15 04:00:00+00:00,1.08,1.0800000000000003,1.1869348,0.90681666,0.076611206,0.01657212,GOOD,GOOD,
2025-06-15 05:00:00+00:00,0.8600000000000001,0.8600000000000002,1.1091702,0.60352135,0.32711977,0.06935885,GOOD,GOOD,
2025-06-15 06:00:00+00:00,0.925,0.9250000000000002,0.9319704,0.9427594,0.042276703,0.0149639165,GOOD,GOOD,
2025-06-15 07:00:00+00:00,0.86,0.8600000000000001,0.92044467,0.93830746,0.04403152,0.017661,GOOD,GOOD,
2025-06-15 08:00:00+00:00,1.005,1.0050000000000001,0.8920458,0.82426965,0.15066901,0.025061317,GOOD,GOOD,
2025-06-15 09:00:00+00:00,1.085,1.0850000000000002,0.9841462,0.6128866,0.3308798,0.05623359,GOOD,GOOD,
2025-06-15 10:00:00+00:00,0.9450000000000001,0.9450000000000002,1.0839096,0.90289885,0.06827254,0.028828636,GOOD,GOOD,
2025-06-15 11:00:00+00:00,0.915,0.915,1.0055217,0.9220693,0.048315737,0.02961496,GOOD,GOOD,
2025-06-15 12:00:00+00:00,1.02,1.02,0.9440543,0.91239226,0.07378708,0.01382066,GOOD,GOOD,
2025-06-15 13:00:00+00:00,1.02,1.02,1.0080644,0.8247562,0.08617792,0.08906589,GOOD,GOOD,
2025-06-15 14:00:00+00:00,0.97,0.9700000000000001,1.0411892,0.9612091,0.023691421,0.015099463,GOOD,GOOD,
2025-06-15 15:00:00+00:00,1.02,1.02,1.0076932,0.9571007,0.032442328,0.010456985,GOOD,GOOD,
2025-06-15 16:00:00+00:00,0.9,0.9000000000000001,1.0278984,0.9319469,0.049494766,0.018558336,GOOD,GOOD,
2025-06-15 17:00:00+00:00,0.86,0.8600000000000001,0.9527762,0.93787825,0.04426729,0.01785444,GOOD,GOOD,
2025-06-15 18:00:00+00:00,0.8,0.8000000000000002,0.8929835,0.95360357,0.03451737,0.011879068,GOOD,GOOD,
2025-06-15 19:00:00+00:00,0.6799999999999999,0.68,0.83686686,0.83788,0.12811594,0.034004036,GOOD,GOOD,
2025-06-15 20:00:00+00:00,0.745,0.745,0.73925,0.95397913,0.03214522,0.013875631,GOOD,GOOD,
2025-06-15 21:00:00+00:00,0.87,0.8700000000000001,0.7465332,0.66963714,0.28215984,0.048203036,GOOD,GOOD,
2025-06-15 22:00:00+00:00,0.815,0.815,0.8514433,0.9566228,0.025591286,0.017785918,GOOD,GOOD,
2025-06-15 23:00:00+00:00,0.815,0.815,0.8569245,0.8465785,0.027686313,0.1257352,GOOD,GOOD,
2025-06-16 00:00:00+00:00,0.85,0.8500000000000001,0.8429636,0.9610667,0.02664171,0.012291578,GOOD,GOOD,
2025-06-16 01:00:00+00:00,0.89,0.89,0.8621425,0.8633965,0.09004643,0.04655704,GOOD,GOOD,
2025-06-16 02:00:00+00:00,0.81,0.8100000000000002,0.90146667,0.9532013,0.031472,0.015326704,GOOD,GOOD,
2025-06-16 03:00:00+00:00,0.795,0.795,0.8587207,0.93384695,0.024593405,0.041559644,GOOD,GOOD,
2025-06-16 04:00:00+00:00,0.76,0.7600000000000001,0.82488984,0.9589852,0.023466086,0.017548686,GOOD,GOOD,
2025-06-16 05:00:00+00:00,0.74,0.74,0.79291904,0.9121129,0.031698048,0.056189045,GOOD,GOOD,
2025-06-16 06:00:00+00:00,0.79,0.79,0.76982343,0.9593739,0.031074233,0.009551869,GOOD,GOOD,
2025-06-16 07:00:00+00:00,0.86,0.8600000000000001,0.7981552,0.8711628,0.109414205,0.01942304,GOOD,GOOD,
2025-06-16 08:00:00+00:00,0.895,0.8950000000000001,0.8629429,0.8697517,0.09692563,0.033322696,GOOD,GOOD,
2025-06-16 09:00:00+00:00,0.9199999999999999,0.92,0.91092837,0.88511497,0.060966894,0.05391816,GOOD,GOOD,
2025-06-16 10:00:00+00:00,0.89,0.89,0.9391688,0.96751624,0.017501764,0.014982015,GOOD,GOOD,
2025-06-16 11:00:00+00:00,0.855,0.8550000000000001,0.9228965,0.93623036,0.03133423,0.032435432,GOOD,GOOD,
2025-06-16 12:00:00+00:00,0.9,0.9000000000000001,0.8882673,0.9589138,0.03105182,0.010034345,GOOD,GOOD,
2025-06-16 13:00:00+00:00,0.935,0.935,0.90882015,0.8678788,0.089698754,0.042422444,GOOD,GOOD,
2025-06-16 14:00:00+00:00,1.0150000000000001,1.0150000000000003,0.94724655,0.8483995,0.1281146,0.023485852,GOOD,GOOD,
2025-06-16 15:00:00+00:00,1.085,1.0850000000000002,1.0175557,0.7469126,0.21141678,0.04167066,GOOD,GOOD,
2025-06-16 16:00:00+00:00,1.12,1.1200000000000003,1.091137,0.8307297,0.13148543,0.037784815,GOOD,GOOD,
2025-06-16 17:00:00+00:00,1.1749999999999998,1.175,1.1348349,0.8301918,0.13952713,0.030281078,GOOD,GOOD,
2025-06-16 18:00:00+00:00,1.1,1.1000000000000003,1.1832057,0.91779745,0.05808106,0.024121491,GOOD,GOOD,
2025-06-16 19:00:00+00:00,0.99,0.9900000000000001,1.136873,0.9263413,0.05776229,0.015896436,GOOD,GOOD,
2025-06-16 20:00:00+00:00,0.81,0.8100000000000002,1.0350584,0.71440315,0.22584341,0.059753437,GOOD,GOOD,
2025-06-16 21:00:00+00:00,0.97,0.9700000000000001,0.8767164,0.70032203,0.22529897,0.07437897,GOOD,GOOD,
2025-06-16 22:00:00+00:00,0.9299999999999999,0.93,0.94061387,0.96028847,0.025119008,0.014592553,GOOD,GOOD,
2025-06-16 23:00:00+00:00,0.845,0.845,0.95794934,0.9436696,0.041432872,0.0148975225,GOOD,GOOD,
2025-06-17 00:00:00+00:00,0.855,0.8550000000000001,0.89372516,0.9690978,0.0152766425,0.015625568,GOOD,GOOD,
2025-06-17 01:00:00+00:00,0.955,0.9550000000000001,0.8726253,0.8391512,0.1359903,0.024858482,GOOD,GOOD,
2025-06-17 02:00:00+00:00,0.96,0.96,0.9446355,0.9116857,0.060761582,0.02755274,GOOD,GOOD,
2025-06-17 03:00:00+00:00,0.9199999999999999,0.92,0.98052263,0.9663076,0.018692741,0.014999701,GOOD,GOOD,
2025-06-17 04:00:00+00:00,0.795,0.795,0.9555364,0.871084,0.09435934,0.03455667,GOOD,GOOD,
2025-06-17 05:00:00+00:00,0.925,0.9250000000000002,0.85385305,0.8436285,0.12273191,0.033639584,GOOD,GOOD,
2025-06-17 06:00:00+00:00,0.925,0.9250000000000002,0.9076601,0.9139783,0.056676783,0.029344942,GOOD,GOOD,
2025-06-17 07:00:00+00:00,0.9,0.9000000000000001,0.94502556,0.96737057,0.016382616,0.016246814,GOOD,GOOD,
2025-06-17 08:00:00+00:00,0.875,0.8750000000000001,0.9331879,0.90676767,0.03182966,0.06140266,GOOD,GOOD,
2025-06-17 09:00:00+00:00,0.8300000000000001,0.8300000000000002,0.9056765,0.9555448,0.02835687,0.01609829,GOOD,GOOD,
2025-06-17 10:00:00+00:00,0.905,0.9050000000000001,0.86487186,0.9376382,0.049730904,0.012630873,GOOD,GOOD,
2025-06-17 11:00:00+00:00,0.925,0.9250000000000002,0.90479153,0.92280316,0.056076117,0.021120697,GOOD,GOOD,
2025-06-17 12:00:00+00:00,0.81,0.8100000000000002,0.94137216,0.9051489,0.067441285,0.027409803,GOOD,GOOD,
2025-06-17 13:00:00+00:00,0.9,0.9000000000000001,0.8683749,0.9270806,0.05648853,0.016430905,GOOD,GOOD,
2025-06-17 14:00:00+00:00,0.9299999999999999,0.93,0.89687574,0.9008555,0.07480664,0.024337903,GOOD,GOOD,
2025-06-17 15:00:00+00:00,0.84,0.84,0.94135445,0.9411639,0.03975589,0.019080205,GOOD,GOOD,
2025-06-17 16:00:00+00:00,0.85,0.8500000000000001,0.8904801,0.96716624,0.017029218,0.015804548,GOOD,GOOD,
2025-06-17 17:00:00+00:00,0.865,0.865,0.8707454,0.88287854,0.034753237,0.08236824,GOOD,GOOD,
2025-06-17 18:00:00+00:00,0.8300000000000001,0.8300000000000002,0.8808516,0.9595835,0.023171762,0.017244738,GOOD,GOOD,
2025-06-17 19:00:00+00:00,0.77,0.77,0.86297077,0.9301264,0.050116822,0.01975675,GOOD,GOOD,
2025-06-17 20:00:00+00:00,0.685,0.6850000000000002,0.8120771,0.8837007,0.08558551,0.030713778,GOOD,GOOD,
2025-06-17 21:00:00+00:00,0.825,0.8250000000000001,0.7351066,0.8067115,0.158397,0.034891482,GOOD,GOOD,
2025-06-17 22:00:00+00:00,0.96,0.96,0.8033332,0.4509864,0.47152773,0.07748586,GOOD,SUSPECT,
2025-06-17 23:00:00+00:00,1.12,1.1200000000000003,0.94263524,0.3820008,0.54041106,0.07758817,GOOD,SUSPECT,
2025-06-18 00:00:00+00:00,0.915,0.915,1.1078565,0.7491641,0.16052017,0.09031575,GOOD,GOOD,
2025-06-18 01:00:00+00:00,0.87,0.8700000000000001,0.9977846,0.81341195,0.12250423,0.064083844,GOOD,GOOD,
2025-06-18 02:00:00+00:00,0.985,0.9850000000000001,0.906241,0.8822011,0.09455119,0.02324776,GOOD,GOOD,
2025-06-18 03:00:00+00:00,0.9199999999999999,0.41035258637814515,0.9689674,0.07867861,0.13606776,0.78525364,SUSPECT,BAD,A_spike
2025-06-18 04:00:00+00:00,0.81,0.8100000000000002,0.61890626,0.2866717,0.37695998,0.33636832,GOOD,SUSPECT,
2025-06-18 05:00:00+00:00,0.77,0.77,0.71078324,0.8012043,0.15228455,0.046511147,GOOD,GOOD,
2025-06-18 06:00:00+00:00,0.685,0.6850000000000002,0.78837025,0.92748886,0.050693583,0.021817552,GOOD,GOOD,
2025-06-18 07:00:00+00:00,0.705,0.7050000000000001,0.74493337,0.9647686,0.018547302,0.016684117,GOOD,GOOD,
2025-06-18 08:00:00+00:00,0.6950000000000001,0.6950000000000001,0.726646,0.9356557,0.021413485,0.0429308,GOOD,GOOD,
2025-06-18 09:00:00+00:00,0.725,0.725,0.7198478,0.96225446,0.027140094,0.010605445,GOOD,GOOD,
2025-06-18 10:00:00+00:00,0.845,0.845,0.73985016,0.79191136,0.17782596,0.030262653,GOOD,GOOD,
2025-06-18 11:00:00+00:00,1.1,1.1000000000000003,0.8332571,0.27941585,0.6013352,0.119248934,GOOD,SUSPECT,
2025-06-18 12:00:00+00:00,1.13,1.1300000000000001,1.058097,0.3898158,0.508441,0.10174322,GOOD,SUSPECT,
2025-06-18 13:00:00+00:00,1.085,1.0850000000000002,1.155447,0.94666123,0.03669037,0.016648414,GOOD,GOOD,
2025-06-18 14:00:00+00:00,1.13,1.1300000000000001,1.1250843,0.946941,0.041494396,0.011564559,GOOD,GOOD,
2025-06-18 15:00:00+00:00,1.1099999999999999,1.11,1.1394757,0.9571011,0.029599963,0.013298961,GOOD,GOOD,
2025-06-18 16:00:00+00:00,0.9199999999999999,0.92,1.1334418,0.82649374,0.13371651,0.039789785,GOOD,GOOD,
2025-06-18 17:00:00+00:00,0.855,0.8550000000000001,0.9888286,0.8762418,0.09265366,0.031104555,GOOD,GOOD,
2025-06-18 18:00:00+00:00,0.7350000000000001,0.7350000000000002,0.8915074,0.87561023,0.101766616,0.02262314,GOOD,GOOD,
2025-06-18 19:00:00+00:00,0.685,0.6850000000000002,0.787299,0.9261195,0.056829583,0.017050898,GOOD,GOOD,
2025-06-18 20:00:00+00:00,0.77,0.77,0.72088844,0.93500483,0.053627864,0.011367328,GOOD,GOOD,
2025-06-18 21:00:00+00:00,0.755,0.7550000000000001,0.7620768,0.97488153,0.015189964,0.009928499,GOOD,GOOD,
2025-06-18 22:00:00+00:00,0.76,0.7600000000000001,0.7802079,0.87960976,0.027379781,0.09301048,GOOD,GOOD,
2025-06-18 23:00:00+00:00,0.94,0.94,0.7841349,0.70586574,0.25374964,0.040384594,GOOD,GOOD,
2025-06-19 00:00:00+00:00,0.76,0.7600000000000001,0.90995973,0.8368038,0.10987564,0.053320553,GOOD,GOOD,
2025-06-19 01:00:00+00:00,0.69,0.6900000000000001,0.83796203,0.8351561,0.11201729,0.05282666,GOOD,GOOD,
2025-06-19 02:00:00+00:00,0.685,0.6850000000000002,0.7418434,0.89838994,0.026997667,0.074612424,GOOD,GOOD,
2025-06-19 03:00:00+00:00,0.73,0.7300000000000001,0.70774066,0.9688003,0.022988917,0.008210765,GOOD,GOOD,
2025-06-19 04:00:00+00:00,0.735,0.7350000000000001,0.7373447,0.9193304,0.022205958,0.058463607,GOOD,GOOD,
2025-06-19 05:00:00+00:00,0.615,0.6150000000000001,0.7590865,0.8553691,0.10307056,0.041560356,GOOD,GOOD,
2025-06-19 06:00:00+00:00,0.595,0.595,0.6830892,0.9155313,0.045773316,0.0386954,GOOD,GOOD,
2025-06-19 07:00:00+00:00,0.5700000000000001,0.5700000000000001,0.63055366,0.9464272,0.027755676,0.025817106,GOOD,GOOD,
2025-06-19 08:00:00+00:00,0.535,0.535,0.6017011,0.9614959,0.023834996,0.014669123,GOOD,GOOD,
2025-06-19 09:00:00+00:00,0.56,0.5600000000000002,0.57286453,0.96825856,0.01872828,0.013013148,GOOD,GOOD,
2025-06-19 10:00:00+00:00,0.505,0.505,0.5782799,0.93862563,0.036515217,0.024859153,GOOD,GOOD,
2025-06-19 11:00:00+00:00,0.515,0.5086365560391565,0.5508756,0.9392071,0.018290598,0.042502306,SUSPECT,GOOD,D_drift
2025-06-19 12:00:00+00:00,0.645,0.632273112078313,0.53704643,0.8198052,0.14411199,0.036082815,SUSPECT,GOOD,D_drift
2025-06-19 13:00:00+00:00,0.65,0.6309096681174696,0.61513287,0.9337037,0.039723054,0.026573246,SUSPECT,GOOD,D_drift
2025-06-19 14:00:00+00:00,0.6799999999999999,0.6545462241566261,0.6575429,0.96445227,0.01621615,0.019331606,SUSPECT,GOOD,D_drift
2025-06-19 15:00:00+00:00,0.725,0.6931827801957826,0.67927736,0.9468496,0.033466913,0.019683482,SUSPECT,GOOD,D_drift
2025-06-19 16:00:00+00:00,0.64,0.6018193362349391,0.7095762,0.935204,0.042408027,0.022387953,SUSPECT,GOOD,D_drift
2025-06-19 17:00:00+00:00,0.605,0.5604558922740955,0.6603313,0.94121563,0.036310248,0.02247413,SUSPECT,GOOD,D_drift
2025-06-19 18:00:00+00:00,0.565,0.5140924483132521,0.60457844,0.94289535,0.03697752,0.020127134,SUSPECT,GOOD,D_drift
2025-06-19 19:00:00+00:00,0.525,0.4677290043524087,0.5559389,0.9415692,0.038410276,0.02002052,SUSPECT,GOOD,D_drift
2025-06-19 20:00:00+00:00,0.565,0.5013655603915651,0.5107446,0.9668671,0.01928217,0.013850727,SUSPECT,GOOD,D_drift
2025-06-19 21:00:00+00:00,0.55,0.48000211643072177,0.51589555,0.96686673,0.01635319,0.0167801,SUSPECT,GOOD,D_drift
2025-06-19 22:00:00+00:00,0.71,0.6336386724698782,0.51315516,0.62605226,0.30673853,0.06720924,SUSPECT,GOOD,D_drift
2025-06-19 23:00:00+00:00,0.72,0.6372752285090346,0.6085449,0.8812073,0.077774584,0.041018147,SUSPECT,GOOD,D_drift
2025-06-20 00:00:00+00:00,0.81,0.7209117845481912,0.66214395,0.9027817,0.07867939,0.018538877,SUSPECT,GOOD,D_drift
2025-06-20 01:00:00+00:00,0.785,0.6895483405873477,0.7267179,0.96947545,0.015895473,0.0146290595,SUSPECT,GOOD,D_drift
2025-06-20 02:00:00+00:00,0.695,0.5931848966265041,0.7287566,0.9194696,0.05568545,0.02484494,SUSPECT,GOOD,D_drift
2025-06-20 03:00:00+00:00,0.75,0.6418214526656608,0.6555192,0.9708317,0.01812928,0.011039046,SUSPECT,GOOD,D_drift
2025-06-20 04:00:00+00:00,0.755,0.6404580087048172,0.65292835,0.927216,0.019999327,0.052784663,SUSPECT,GOOD,D_drift
2025-06-20 05:00:00+00:00,0.655,0.5340945647439737,0.66389215,0.85502195,0.104910836,0.040067196,SUSPECT,GOOD,D_drift
2025-06-20 06:00:00+00:00,0.6699999999999999,0.5427311207831302,0.59890383,0.9559232,0.021235995,0.022840835,SUSPECT,GOOD,D_drift
2025-06-20 07:00:00+00:00,0.55,0.4163676768222868,0.56952417,0.6724485,0.24641004,0.08114148,SUSPECT,GOOD,D_drift
2025-06-20 08:00:00+00:00,0.535,0.39500423286144337,0.48673394,0.82196915,0.10773662,0.07029424,SUSPECT,GOOD,D_drift
2025-06-20 09:00:00+00:00,0.54,0.3936407889005998,0.43339214,0.8615771,0.036712337,0.10171059,SUSPECT,GOOD,D_drift
2025-06-20 10:00:00+00:00,0.595,0.44227734493975634,0.41871297,0.9456014,0.03853271,0.01586586,SUSPECT,GOOD,D_drift
2025-06-20 11:00:00+00:00,0.47,0.3109139009789128,0.44983333,0.6574329,0.21594582,0.12662123,SUSPECT,GOOD,D_drift
2025-06-20 12:00:00+00:00,0.45499999999999996,0.28955045701806925,0.38956368,0.8649043,0.07288747,0.06220827,SUSPECT,GOOD,D_drift
2025-06-20 13:00:00+00:00,0.585,0.41318701305722577,0.3349117,0.78953743,0.15804277,0.052419838,SUSPECT,GOOD,D_drift
2025-06-20 14:00:00+00:00,0.645,0.4668235690963824,0.3909156,0.6914542,0.23540528,0.07314054,SUSPECT,GOOD,D_drift
2025-06-20 15:00:00+00:00,0.625,0.44046012513553884,0.46946025,0.9720136,0.013498508,0.014487918,SUSPECT,GOOD,D_drift
2025-06-20 16:00:00+00:00,0.7,0.5090966811746952,0.4836653,0.9518098,0.033880167,0.014310009,SUSPECT,GOOD,D_drift
2025-06-20 17:00:00+00:00,0.625,0.4277332372138519,0.5192818,0.93671286,0.038486738,0.024800384,SUSPECT,GOOD,D_drift
2025-06-20 18:00:00+00:00,0.61,0.4063697932530083,0.48663604,0.9359418,0.028459629,0.035598528,SUSPECT,GOOD,D_drift
2025-06-20 19:00:00+00:00,0.595,0.3850063492921649,0.44845295,0.86873823,0.03809047,0.09317128,SUSPECT,GOOD,D_drift
2025-06-20 20:00:00+00:00,0.565,0.3486429053313213,0.42143908,0.95773023,0.025041342,0.01722842,SUSPECT,GOOD,D_drift
2025-06-20 21:00:00+00:00,0.515,0.2922794613704779,0.39116028,0.9031752,0.066412635,0.030412206,SUSPECT,GOOD,D_drift
2025-06-20 22:00:00+00:00,0.5700000000000001,0.3409160174096345,0.3445639,0.9585818,0.024926439,0.016491748,SUSPECT,GOOD,D_drift
2025-06-20 23:00:00+00:00,0.545,0.30955257344879095,0.35182333,0.9643331,0.019144125,0.016522763,SUSPECT,GOOD,D_drift
2025-06-21 00:00:00+00:00,0.52,0.27818912948794744,0.3473239,0.91274357,0.046418928,0.040837504,SUSPECT,GOOD,D_drift
2025-06-21 01:00:00+00:00,0.475,0.22682568552710383,0.3229144,0.85363847,0.09530006,0.05106147,SUSPECT,GOOD,D_drift
2025-06-21 02:00:00+00:00,0.495,0.2404622415662604,0.27927527,0.9579819,0.01956946,0.022448666,SUSPECT,GOOD,D_drift
2025-06-21 03:00:00+00:00,0.55,0.289098797605417,0.26582864,0.9323037,0.045664262,0.022032004,SUSPECT,GOOD,D_drift
2025-06-21 04:00:00+00:00,0.54,0.27273535364457346,0.2960131,0.9694216,0.015583554,0.014994814,SUSPECT,GOOD,D_drift
2025-06-21 05:00:00+00:00,0.5449999999999999,0.2713719096837299,0.30732825,0.8191124,0.026363323,0.15452422,SUSPECT,GOOD,D_drift
2025-06-21 06:00:00+00:00,0.48,0.20000846572288639,0.3057109,0.86076266,0.09288131,0.04635605,SUSPECT,GOOD,D_drift
2025-06-21 07:00:00+00:00,0.51,0.22364502176204293,0.26132035,0.9685745,0.01712309,0.014302367,SUSPECT,GOOD,D_drift
2025-06-21 08:00:00+00:00,0.515,0.22228157780119945,0.24788333,0.87012804,0.027459182,0.1024128,SUSPECT,GOOD,D_drift
2025-06-21 09:00:00+00:00,0.55,0.25091813384035605,0.2496245,0.96129745,0.024035858,0.014666669,SUSPECT,GOOD,D_drift
2025-06-21 10:00:00+00:00,0.5549999999999999,0.2495546898795124,0.26936522,0.894592,0.024054382,0.081353635,SUSPECT,GOOD,D_drift
2025-06-21 11:00:00+00:00,0.5549999999999999,0.24319124591866892,0.28020072,0.82450825,0.028015958,0.14747581,SUSPECT,GOOD,D_drift
2025-06-21 12:00:00+00:00,0.48,0.16182780195782548,0.27835298,0.80251724,0.13276084,0.06472193,SUSPECT,GOOD,D_drift
2025-06-21 13:00:00+00:00,0.47,0.1454643579969819,0.2281072,0.9181751,0.046634752,0.03519017,SUSPECT,GOOD,D_drift
2025-06-21 14:00:00+00:00,0.52,0.1891009140361385,0.18759143,0.9396293,0.03753068,0.022839982,SUSPECT,GOOD,D_drift
2025-06-21 15:00:00+00:00,0.51,0.172737470075295,0.19872077,0.9649915,0.019871965,0.015136545,SUSPECT,GOOD,D_drift
2025-06-21 16:00:00+00:00,0.47,0.12637402611445148,0.2056371,0.92819947,0.04384989,0.027950626,SUSPECT,GOOD,D_drift
2025-06-21 17:00:00+00:00,0.545,0.19501058215360806,0.1794518,0.8773357,0.08103872,0.041625537,SUSPECT,GOOD,D_drift
2025-06-21 18:00:00+00:00,0.54,0.18364713819276457,0.19978729,0.9635947,0.020577459,0.015827894,SUSPECT,GOOD,D_drift
2025-06-21 19:00:00+00:00,0.475,0.11228369423192103,0.21401553,0.8356761,0.108752735,0.05557123,SUSPECT,GOOD,D_drift
2025-06-21 20:00:00+00:00,0.46749999999999997,0.09842025027107756,0.17643733,0.93460876,0.036503352,0.028887881,SUSPECT,GOOD,D_drift
2025-06-21 21:00:00+00:00,0.45999999999999996,0.08455680631023406,0.14104617,0.83145905,0.04725272,0.121288225,SUSPECT,GOOD,D_drift
2025-06-21 22:00:00+00:00,0.41500000000000004,0.033193362349390576,0.12013471,0.86964786,0.08453466,0.04581748,SUSPECT,GOOD,D_drift
2025-06-21 23:00:00+00:00,0.385,0.02,0.0859479,0.9257839,0.03842122,0.0357949,SUSPECT,GOOD,D_drift
2025-06-22 00:00:00+00:00,0.4,0.02,0.059639804,0.8058474,0.041546457,0.15260614,SUSPECT,GOOD,D_drift
2025-06-22 01:00:00+00:00,0.365,0.02,0.05011611,0.7095821,0.04961689,0.24080102,SUSPECT,GOOD,D_drift
2025-06-22 02:00:00+00:00,0.33999999999999997,0.02,0.049609352,0.6825902,0.047489606,0.2699202,SUSPECT,GOOD,D_drift
2025-06-22 03:00:00+00:00,0.37,0.02,0.050949708,0.65994716,0.04426386,0.29578894,SUSPECT,GOOD,D_drift
2025-06-22 04:00:00+00:00,0.325,0.02,0.05167881,0.6440696,0.044478953,0.31145144,SUSPECT,GOOD,D_drift
2025-06-22 05:00:00+00:00,0.345,0.02,0.0518055,0.62826407,0.04287258,0.32886332,SUSPECT,GOOD,D_drift
2025-06-22 06:00:00+00:00,0.39,0.02,0.051746864,0.5901663,0.04236437,0.36746937,SUSPECT,GOOD,D_drift
2025-06-22 07:00:00+00:00,0.37,0.02,0.051692992,0.5670076,0.044096056,0.38889635,SUSPECT,GOOD,D_drift
2025-06-22 08:00:00+00:00,0.355,0.02,0.051659286,0.5612922,0.045218956,0.39348885,SUSPECT,GOOD,D_drift
2025-06-22 09:00:00+00:00,0.32,0.02,0.0516211,0.5566828,0.045876756,0.39744046,SUSPECT,GOOD,D_drift
2025-06-22 10:00:00+00:00,0.29000000000000004,0.02,0.051568918,0.5430596,0.047699098,0.40924135,SUSPECT,GOOD,D_drift
2025-06-22 11:00:00+00:00,0.325,0.32500000000000007,0.051507723,0.53856075,0.25566903,0.20577021,GOOD,GOOD,
2025-06-22 12:00:00+00:00,0.34,0.34000000000000014,0.22515231,0.53856075,0.25566903,0.20577021,GOOD,GOOD,
2025-06-22 13:00:00+00:00,0.3125,0.31250000000000006,0.35255024,0.53856075,0.25566903,0.20577021,GOOD,GOOD,
2025-06-22 14:00:00+00:00,0.28500000000000003,0.2850000000000001,0.36802283,0.53856075,0.25566903,0.20577021,GOOD,GOOD,
2025-06-22 15:00:00+00:00,0.26,0.26000000000000006,0.3359593,0.5396191,0.25485298,0.20552796,GOOD,GOOD,
2025-06-22 16:00:00+00:00,0.33499999999999996,0.335,0.30181512,0.53856075,0.25566903,0.20577021,GOOD,GOOD,
2025-06-22 17:00:00+00:00,0.31000000000000005,0.3100000000000001,0.33372933,0.53856075,0.25566903,0.20577021,GOOD,GOOD,
2025-06-22 18:00:00+00:00,0.315,0.31500000000000006,0.34526196,0.53856075,0.25566903,0.20577021,GOOD,GOOD,
2025-06-22 19:00:00+00:00,0.33,0.3300000000000001,0.34646425,0.53856075,0.25566903,0.20577021,GOOD,GOOD,
2025-06-22 20:00:00+00:00,0.29500000000000004,0.2950000000000001,0.35436267,0.53856075,0.25566903,0.20577021,GOOD,GOOD,
2025-06-22 21:00:00+00:00,0.305,0.3050000000000001,0.33808842,0.53856075,0.25566903,0.20577021,GOOD,GOOD,
2025-06-22 22:00:00+00:00,0.28,0.28000000000000014,0.3325034,0.53856075,0.25566903,0.20577021,GOOD,GOOD,
2025-06-22 23:00:00+00:00,0.28500000000000003,0.2850000000000001,0.31836316,0.9524859,0.02645783,0.021056235,GOOD,GOOD,
2025-06-23 00:00:00+00:00,0.325,0.32500000000000007,0.31364724,0.9107505,0.060266674,0.028982846,GOOD,GOOD,
2025-06-23 01:00:00+00:00,0.29000000000000004,0.2900000000000001,0.33796296,0.8353987,0.103855126,0.060746178,GOOD,GOOD,
2025-06-23 02:00:00+00:00,0.255,0.255,0.33267263,0.9214268,0.037975397,0.040597845,GOOD,GOOD,
2025-06-23 03:00:00+00:00,0.21000000000000002,0.21000000000000002,0.3029414,0.92725265,0.047392346,0.025354981,GOOD,GOOD,
2025-06-23 04:00:00+00:00,0.29000000000000004,0.2900000000000001,0.26051337,0.7983119,0.13980977,0.06187835,GOOD,GOOD,
2025-06-23 05:00:00+00:00,0.255,0.255,0.28777376,0.9488893,0.03111397,0.01999672,GOOD,GOOD,
2025-06-23 06:00:00+00:00,0.3,0.30000000000000004,0.29403025,0.94364774,0.037057698,0.019294532,GOOD,GOOD,
2025-06-23 07:00:00+00:00,0.31,0.31000000000000005,0.31640834,0.9702563,0.015665403,0.014078291,GOOD,GOOD,
2025-06-23 08:00:00+00:00,0.28,0.28000000000000014,0.335617,0.9715535,0.015321325,0.0131251495,GOOD,GOOD,
2025-06-23 09:00:00+00:00,0.27,0.2700000000000001,0.32422662,0.92815,0.022749178,0.049100816,GOOD,GOOD,
2025-06-23 10:00:00+00:00,0.29,0.29000000000000004,0.30745125,0.9774047,0.013152175,0.00944313,GOOD,GOOD,
2025-06-23 11:00:00+00:00,0.28500000000000003,0.2850000000000001,0.3122644,0.9434412,0.017873647,0.038685158,GOOD,GOOD,
2025-06-23 12:00:00+00:00,0.3,0.30000000000000004,0.31595328,0.96715325,0.014948138,0.01789862,GOOD,GOOD,
2025-06-23 13:00:00+00:00,0.355,0.35500000000000004,0.325416,0.9172315,0.05659089,0.026177617,GOOD,GOOD,
2025-06-23 14:00:00+00:00,0.295,0.29500000000000004,0.36353117,0.94658154,0.032854594,0.020563884,GOOD,GOOD,
2025-06-23 15:00:00+00:00,0.315,0.31500000000000006,0.34818876,0.97165537,0.01605818,0.0122864675,GOOD,GOOD,
2025-06-23 16:00:00+00:00,0.245,0.24500000000000002,0.34226528,0.85306156,0.098682076,0.048256364,GOOD,GOOD,
2025-06-23 17:00:00+00:00,0.29,0.29000000000000004,0.3018495,0.9557298,0.02759241,0.016677832,GOOD,GOOD,
2025-06-23 18:00:00+00:00,0.25,0.25,0.30457205,0.9442056,0.03319471,0.0225997,GOOD,GOOD,
2025-06-23 19:00:00+00:00,0.29000000000000004,0.2900000000000001,0.29223838,0.95831704,0.02467987,0.017003087,GOOD,GOOD,
2025-06-23 20:00:00+00:00,0.27,0.2700000000000001,0.3062654,0.9647239,0.018214306,0.017061835,GOOD,GOOD,
2025-06-23 21:00:00+00:00,0.25,0.25,0.3062494,0.87576973,0.044064898,0.0801654,GOOD,GOOD,
2025-06-23 22:00:00+00:00,0.28,0.28000000000000014,0.2906701,0.9627151,0.021358097,0.015926806,GOOD,GOOD,
2025-06-23 23:00:00+00:00,0.27,0.2700000000000001,0.29913306,0.9574124,0.01986439,0.022723207,GOOD,GOOD,
2025-06-24 00:00:00+00:00,0.305,0.3050000000000001,0.3023576,0.96058017,0.02501729,0.014402523,GOOD,GOOD,
2025-06-24 01:00:00+00:00,0.34,0.34000000000000014,0.3225935,0.91686356,0.049231306,0.033905163,GOOD,GOOD,
2025-06-24 02:00:00+00:00,0.28,0.28000000000000014,0.35561067,0.9506442,0.030262504,0.01909328,GOOD,GOOD,
2025-06-24 03:00:00+00:00,0.28,0.28000000000000014,0.33486378,0.9599842,0.014357071,0.025658771,GOOD,GOOD,
2025-06-24 04:00:00+00:00,0.215,0.215,0.315167,0.82440394,0.11730855,0.058287513,GOOD,GOOD,
2025-06-24 05:00:00+00:00,0.265,0.26500000000000007,0.27086973,0.9485563,0.031914074,0.01952959,GOOD,GOOD,
2025-06-24 06:00:00+00:00,0.2,0.2,0.27657136,0.8265112,0.11141412,0.062074695,GOOD,GOOD,
2025-06-24 07:00:00+00:00,0.26,0.26000000000000006,0.25259557,0.9125241,0.057486087,0.02998981,GOOD,GOOD,
2025-06-24 08:00:00+00:00,0.255,0.255,0.26947168,0.96296,0.018567918,0.018472085,GOOD,GOOD,
2025-06-24 09:00:00+00:00,0.235,0.235,0.28352505,0.9461,0.023538716,0.030361276,GOOD,GOOD,
2025-06-24 10:00:00+00:00,0.25,0.25,0.27559602,0.9633978,0.01809902,0.018503206,GOOD,GOOD,
2025-06-24 11:00:00+00:00,0.275,0.2750000000000001,0.27649167,0.95795584,0.020799201,0.021244973,GOOD,GOOD,
2025-06-24 12:00:00+00:00,0.315,0.31500000000000006,0.29424217,0.9323475,0.044260476,0.023392048,GOOD,GOOD,
2025-06-24 13:00:00+00:00,0.33499999999999996,0.335,0.32871723,0.9203403,0.03903569,0.04062404,GOOD,GOOD,
2025-06-24 14:00:00+00:00,0.32,0.32000000000000006,0.35766152,0.9625744,0.016328359,0.021097193,GOOD,GOOD,
2025-06-24 15:00:00+00:00,0.28500000000000003,0.2850000000000001,0.3583449,0.9564506,0.023558903,0.019990535,GOOD,GOOD,
2025-06-24 16:00:00+00:00,0.255,0.255,0.33202222,0.8991694,0.047364533,0.053466074,GOOD,GOOD,
2025-06-24 17:00:00+00:00,0.245,0.24500000000000002,0.2990327,0.9093384,0.029166313,0.061495297,GOOD,GOOD,
2025-06-24 18:00:00+00:00,0.305,0.3050000000000001,0.27911365,0.9079023,0.063528106,0.028569616,GOOD,GOOD,
2025-06-24 19:00:00+00:00,0.28500000000000003,0.2850000000000001,0.30933252,0.97149205,0.016228188,0.012279788,GOOD,GOOD,
2025-06-24 20:00:00+00:00,0.48,0.48000000000000004,0.32005456,0.35997087,0.43474346,0.2052857,GOOD,SUSPECT,
2025-06-24 21:00:00+00:00,0.445,0.44500000000000006,0.4379031,0.856784,0.090932325,0.052283697,GOOD,GOOD,
2025-06-24 22:00:00+00:00,0.355,0.35500000000000004,0.48407114,0.8413737,0.108078614,0.050547704,GOOD,GOOD,
2025-06-24 23:00:00+00:00,0.345,0.34500000000000003,0.42817265,0.9270302,0.039733447,0.033236355,GOOD,GOOD,
2025-06-25 00:00:00+00:00,0.34,0.34000000000000014,0.38366392,0.82728213,0.02956922,0.14314863,GOOD,GOOD,
2025-06-25 01:00:00+00:00,0.355,0.35500000000000004,0.36807036,0.9581422,0.018699542,0.023158241,GOOD,GOOD,
2025-06-25 02:00:00+00:00,0.375,0.3750000000000001,0.37658,0.9479451,0.024093866,0.027961,GOOD,GOOD,
2025-06-25 03:00:00+00:00,0.33,0.3300000000000001,0.396124,0.94801325,0.028718784,0.023267971,GOOD,GOOD,
2025-06-25 04:00:00+00:00,0.305,0.3050000000000001,0.3778224,0.9305973,0.034244347,0.03515834,GOOD,GOOD,
2025-06-25 05:00:00+00:00,0.29500000000000004,0.2950000000000001,0.3478418,0.8926585,0.034146152,0.07319538,GOOD,GOOD,
2025-06-25 06:00:00+00:00,0.28500000000000003,0.2850000000000001,0.32867712,0.7834197,0.044156097,0.17242414,GOOD,GOOD,
2025-06-25 07:00:00+00:00,0.27,0.2700000000000001,0.31765068,0.8888889,0.038395382,0.0727157,GOOD,GOOD,
2025-06-25 08:00:00+00:00,0.26,0.26000000000000006,0.30576694,0.8561647,0.033473995,0.1103613,GOOD,GOOD,
2025-06-25 09:00:00+00:00,0.345,0.34500000000000003,0.2946757,0.7963338,0.14490533,0.0587609,GOOD,GOOD,
2025-06-25 10:00:00+00:00,0.28500000000000003,0.2850000000000001,0.34097627,0.8760384,0.08079875,0.043162882,GOOD,GOOD,
2025-06-25 11:00:00+00:00,0.28,0.28000000000000014,0.3358812,0.9637675,0.01791507,0.018317409,GOOD,GOOD,
2025-06-25 12:00:00+00:00,0.26,0.26000000000000006,0.3184584,0.96523225,0.01753277,0.017234962,GOOD,GOOD,
2025-06-25 13:00:00+00:00,0.28,0.28000000000000014,0.29863495,0.9714072,0.015743857,0.012848947,GOOD,GOOD,
2025-06-25 14:00:00+00:00,0.3,0.30000000000000004,0.3022249,0.9250295,0.025391284,0.04957923,GOOD,GOOD,
2025-06-25 15:00:00+00:00,0.275,0.2750000000000001,0.32065102,0.9634239,0.01810956,0.018466525,GOOD,GOOD,
2025-06-25 16:00:00+00:00,0.29000000000000004,0.2900000000000001,0.31562158,0.9716662,0.014177511,0.014156274,GOOD,GOOD,
2025-06-25 17:00:00+00:00,0.295,0.29500000000000004,0.31705683,0.87236494,0.025202502,0.10243257,GOOD,GOOD,
2025-06-25 18:00:00+00:00,0.265,,0.3226695,0.9044186,0.057645537,0.037935905,BAD,BAD,G_missing_sentinel
2025-06-25 19:00:00+00:00,0.33999999999999997,0.3400000000000001,,0.8873028,0.07604902,0.036648143,GOOD,GOOD,
2025-06-25 20:00:00+00:00,0.36,0.36000000000000004,,0.8873028,0.07604902,0.036648143,GOOD,GOOD,
2025-06-25 21:00:00+00:00,0.48,0.48000000000000004,,0.8873028,0.07604902,0.036648143,GOOD,GOOD,
2025-06-25 22:00:00+00:00,0.44,0.4400000000000001,,0.8873028,0.07604902,0.036648143,GOOD,GOOD,
2025-06-25 23:00:00+00:00,0.595,0.595,,0.8873028,0.07604902,0.036648143,GOOD,GOOD,
2025-06-26 00:00:00+00:00,0.6499999999999999,0.6499999999999999,,0.8873028,0.07604902,0.036648143,GOOD,GOOD,
2025-06-26 01:00:00+00:00,0.655,0.6550000000000001,,0.8873028,0.07604902,0.036648143,GOOD,GOOD,
2025-06-26 02:00:00+00:00,0.8,0.8000000000000002,,0.8873028,0.07604902,0.036648143,GOOD,GOOD,
2025-06-26 03:00:00+00:00,0.715,0.715,,0.8873028,0.07604902,0.036648143,GOOD,GOOD,
2025-06-26 04:00:00+00:00,0.695,0.695,,0.8873028,0.07604902,0.036648143,GOOD,GOOD,
2025-06-26 05:00:00+00:00,0.55,0.55,,0.8873028,0.07604902,0.036648143,GOOD,GOOD,
2025-06-26 06:00:00+00:00,0.6799999999999999,0.68,,0.8873028,0.07604902,0.036648143,GOOD,GOOD,
2025-06-26 07:00:00+00:00,0.7749999999999999,0.775,,0.8873028,0.07604902,0.036648143,GOOD,GOOD,
2025-06-26 08:00:00+00:00,0.6399999999999999,0.64,,0.8873028,0.07604902,0.036648143,GOOD,GOOD,
2025-06-26 09:00:00+00:00,0.8200000000000001,0.8200000000000001,,0.8873028,0.07604902,0.036648143,GOOD,GOOD,
2025-06-26 10:00:00+00:00,0.835,0.8350000000000001,,0.8873028,0.07604902,0.036648143,GOOD,GOOD,
2025-06-26 11:00:00+00:00,0.985,0.9850000000000001,,0.8873028,0.07604902,0.036648143,GOOD,GOOD,
2025-06-26 12:00:00+00:00,1.115,1.1150000000000002,,0.8873028,0.07604902,0.036648143,GOOD,GOOD,
2025-06-26 13:00:00+00:00,1.09,1.0900000000000003,,0.8873028,0.07604902,0.036648143,GOOD,GOOD,
2025-06-26 14:00:00+00:00,1.02,1.02,,0.8873028,0.07604902,0.036648143,GOOD,GOOD,
2025-06-26 15:00:00+00:00,0.905,0.9050000000000001,,0.8873028,0.07604902,0.036648143,GOOD,GOOD,
2025-06-26 16:00:00+00:00,0.75,0.7500000000000001,,0.8873028,0.07604902,0.036648143,GOOD,GOOD,
2025-06-26 17:00:00+00:00,0.76,0.7600000000000001,,0.8873028,0.07604902,0.036648143,GOOD,GOOD,
2025-06-26 18:00:00+00:00,0.8600000000000001,0.8600000000000002,,0.8873028,0.07604902,0.036648143,GOOD,GOOD,
2025-06-26 19:00:00+00:00,0.9550000000000001,0.9550000000000002,,0.8873028,0.07604902,0.036648143,GOOD,GOOD,
2025-06-26 20:00:00+00:00,0.64,0.6400000000000001,,0.8873028,0.07604902,0.036648143,GOOD,GOOD,
2025-06-26 21:00:00+00:00,0.735,0.7350000000000001,,0.8873028,0.07604902,0.036648143,GOOD,GOOD,
2025-06-26 22:00:00+00:00,0.88,0.8800000000000001,,0.8873028,0.07604902,0.036648143,GOOD,GOOD,
2025-06-26 23:00:00+00:00,0.845,0.845,,0.8873028,0.07604902,0.036648143,GOOD,GOOD,
2025-06-27 00:00:00+00:00,1.025,1.0250000000000001,,0.8873028,0.07604902,0.036648143,GOOD,GOOD,
2025-06-27 01:00:00+00:00,0.905,0.9050000000000001,,0.8873028,0.07604902,0.036648143,GOOD,GOOD,
2025-06-27 02:00:00+00:00,0.88,0.8800000000000001,,0.8873028,0.07604902,0.036648143,GOOD,GOOD,
2025-06-27 03:00:00+00:00,0.77,0.77,,0.8873028,0.07604902,0.036648143,GOOD,GOOD,
2025-06-27 04:00:00+00:00,0.625,0.625,,0.8873028,0.07604902,0.036648143,GOOD,GOOD,
2025-06-27 05:00:00+00:00,0.595,0.595,,0.8873028,0.07604902,0.036648143,GOOD,GOOD,
2025-06-27 06:00:00+00:00,0.5800000000000001,0.5800000000000001,,0.8873028,0.07604902,0.036648143,GOOD,GOOD,
2025-06-27 07:00:00+00:00,0.605,0.605,,0.8873028,0.07604902,0.036648143,GOOD,GOOD,
2025-06-27 08:00:00+00:00,0.5,0.5000000000000001,,0.8873028,0.07604902,0.036648143,GOOD,GOOD,
2025-06-27 09:00:00+00:00,0.5,0.5000000000000001,,0.8873028,0.07604902,0.036648143,GOOD,GOOD,
2025-06-27 10:00:00+00:00,0.65,0.65,,0.8873028,0.07604902,0.036648143,GOOD,GOOD,
2025-06-27 11:00:00+00:00,0.685,0.6850000000000002,,0.8873028,0.07604902,0.036648143,GOOD,GOOD,
2025-06-27 12:00:00+00:00,0.72,0.72,,0.8873028,0.07604902,0.036648143,GOOD,GOOD,
2025-06-27 13:00:00+00:00,0.645,0.645,,0.8873028,0.07604902,0.036648143,GOOD,GOOD,
2025-06-27 14:00:00+00:00,0.7050000000000001,0.7050000000000002,,0.8873028,0.07604902,0.036648143,GOOD,GOOD,
2025-06-27 15:00:00+00:00,0.6799999999999999,0.68,,0.8873028,0.07604902,0.036648143,GOOD,GOOD,
2025-06-27 16:00:00+00:00,0.6200000000000001,0.6200000000000001,,0.8873028,0.07604902,0.036648143,GOOD,GOOD,
2025-06-27 17:00:00+00:00,0.54,0.5400000000000001,,0.8873028,0.07604902,0.036648143,GOOD,GOOD,
2025-06-27 18:00:00+00:00,0.51,0.51,,0.8873028,0.07604902,0.036648143,GOOD,GOOD,
2025-06-27 19:00:00+00:00,0.535,0.535,,0.8873028,0.07604902,0.036648143,GOOD,GOOD,
2025-06-27 20:00:00+00:00,0.635,0.6350000000000001,,0.8873028,0.07604902,0.036648143,GOOD,GOOD,
2025-06-27 21:00:00+00:00,0.425,0.4250000000000001,,0.8873028,0.07604902,0.036648143,GOOD,GOOD,
2025-06-27 22:00:00+00:00,0.45,0.4500000000000001,,0.8873028,0.07604902,0.036648143,GOOD,GOOD,
2025-06-27 23:00:00+00:00,0.625,0.625,,0.8873028,0.07604902,0.036648143,GOOD,GOOD,
2025-06-28 00:00:00+00:00,0.595,0.595,,0.8873028,0.07604902,0.036648143,GOOD,GOOD,
2025-06-28 01:00:00+00:00,0.615,0.6150000000000001,,0.8873028,0.07604902,0.036648143,GOOD,GOOD,
2025-06-28 02:00:00+00:00,0.64,0.6400000000000001,,0.8873028,0.07604902,0.036648143,GOOD,GOOD,
2025-06-28 03:00:00+00:00,0.61,0.6100000000000001,,0.8873028,0.07604902,0.036648143,GOOD,GOOD,
2025-06-28 04:00:00+00:00,0.605,0.605,,0.8873028,0.07604902,0.036648143,GOOD,GOOD,
2025-06-28 05:00:00+00:00,0.54,0.5400000000000001,,0.8873028,0.07604902,0.036648143,GOOD,GOOD,
2025-06-28 06:00:00+00:00,0.535,0.535,,0.8873028,0.07604902,0.036648143,GOOD,GOOD,
2025-06-28 07:00:00+00:00,0.55,0.55,,0.8873028,0.07604902,0.036648143,GOOD,GOOD,
2025-06-28 08:00:00+00:00,0.585,0.5850000000000001,,0.8873028,0.07604902,0.036648143,GOOD,GOOD,
2025-06-28 09:00:00+00:00,0.52,0.52,,0.8873028,0.07604902,0.036648143,GOOD,GOOD,
2025-06-28 10:00:00+00:00,0.45,0.4500000000000001,,0.8873028,0.07604902,0.036648143,GOOD,GOOD,
2025-06-28 11:00:00+00:00,0.56,0.5600000000000002,,0.8873028,0.07604902,0.036648143,GOOD,GOOD,
2025-06-28 12:00:00+00:00,0.535,0.535,,0.8873028,0.07604902,0.036648143,GOOD,GOOD,
2025-06-28 13:00:00+00:00,0.56,0.5600000000000002,,0.8873028,0.07604902,0.036648143,GOOD,GOOD,
2025-06-28 14:00:00+00:00,0.565,0.5650000000000001,,0.8873028,0.07604902,0.036648143,GOOD,GOOD,
2025-06-28 15:00:00+00:00,0.58,0.58,,0.8873028,0.07604902,0.036648143,GOOD,GOOD,
2025-06-28 16:00:00+00:00,0.7,0.7,,0.8873028,0.07604902,0.036648143,GOOD,GOOD,
2025-06-28 17:00:00+00:00,0.6499999999999999,0.6499999999999999,,0.8873028,0.07604902,0.036648143,GOOD,GOOD,
2025-06-28 18:00:00+00:00,0.7,0.7,,0.8873028,0.07604902,0.036648143,GOOD,GOOD,
2025-06-28 19:00:00+00:00,0.65,0.65,,0.8873028,0.07604902,0.036648143,GOOD,GOOD,
2025-06-28 20:00:00+00:00,0.685,0.6850000000000002,,0.8873028,0.07604902,0.036648143,GOOD,GOOD,
2025-06-28 21:00:00+00:00,0.76,0.7600000000000001,,0.8873028,0.07604902,0.036648143,GOOD,GOOD,
2025-06-28 22:00:00+00:00,0.74,0.74,,0.8873028,0.07604902,0.036648143,GOOD,GOOD,
2025-06-28 23:00:00+00:00,0.735,0.7350000000000001,,0.8873028,0.07604902,0.036648143,GOOD,GOOD,
2025-06-29 00:00:00+00:00,0.69,0.6900000000000001,,0.8873028,0.07604902,0.036648143,GOOD,GOOD,
2025-06-29 01:00:00+00:00,0.6950000000000001,0.6950000000000001,,0.8873028,0.07604902,0.036648143,GOOD,GOOD,
2025-06-29 02:00:00+00:00,0.62,0.62,,0.8873028,0.07604902,0.036648143,GOOD,GOOD,
2025-06-29 03:00:00+00:00,0.635,0.6350000000000001,,0.8873028,0.07604902,0.036648143,GOOD,GOOD,
2025-06-29 04:00:00+00:00,0.66,0.6600000000000001,,0.8873028,0.07604902,0.036648143,GOOD,GOOD,
2025-06-29 05:00:00+00:00,0.575,0.575,,0.8873028,0.07604902,0.036648143,GOOD,GOOD,
2025-06-29 06:00:00+00:00,0.565,0.5650000000000001,,0.8873028,0.07604902,0.036648143,GOOD,GOOD,
2025-06-29 07:00:00+00:00,0.54,0.5400000000000001,,0.8873028,0.07604902,0.036648143,GOOD,GOOD,
2025-06-29 08:00:00+00:00,0.78,0.7800000000000001,,0.8873028,0.07604902,0.036648143,GOOD,GOOD,
2025-06-29 09:00:00+00:00,0.685,0.6850000000000002,,0.8873028,0.07604902,0.036648143,GOOD,GOOD,
2025-06-29 10:00:00+00:00,0.53,0.53,,0.8873028,0.07604902,0.036648143,GOOD,GOOD,
2025-06-29 11:00:00+00:00,0.655,0.6550000000000001,,0.8873028,0.07604902,0.036648143,GOOD,GOOD,
2025-06-29 12:00:00+00:00,0.62,0.62,,0.8873028,0.07604902,0.036648143,GOOD,GOOD,
2025-06-29 13:00:00+00:00,0.59,0.5900000000000001,,0.8873028,0.07604902,0.036648143,GOOD,GOOD,
2025-06-29 14:00:00+00:00,0.555,0.555,,0.8873028,0.07604902,0.036648143,GOOD,GOOD,
2025-06-29 15:00:00+00:00,0.6,0.6,,0.8873028,0.07604902,0.036648143,GOOD,GOOD,
2025-06-29 16:00:00+00:00,0.63,0.63,,0.8873028,0.07604902,0.036648143,GOOD,GOOD,
2025-06-29 17:00:00+00:00,0.63,0.63,,0.8873028,0.07604902,0.036648143,GOOD,GOOD,
2025-06-29 18:00:00+00:00,0.575,0.575,,0.8873028,0.07604902,0.036648143,GOOD,GOOD,
2025-06-29 19:00:00+00:00,0.46499999999999997,0.465,,0.8873028,0.07604902,0.036648143,GOOD,GOOD,
2025-06-29 20:00:00+00:00,0.46,0.46000000000000013,,0.8873028,0.07604902,0.036648143,GOOD,GOOD,
2025-06-29 21:00:00+00:00,0.5549999999999999,0.5549999999999999,,0.8873028,0.07604902,0.036648143,GOOD,GOOD,
2025-06-29 22:00:00+00:00,0.55,0.55,,0.8873028,0.07604902,0.036648143,GOOD,GOOD,
2025-06-29 23:00:00+00:00,0.545,0.545,,0.8873028,0.07604902,0.036648143,GOOD,GOOD,
2025-06-30 00:00:00+00:00,0.5349999999999999,0.5349999999999999,,0.8873028,0.07604902,0.036648143,GOOD,GOOD,
2025-06-30 01:00:00+00:00,0.5700000000000001,0.5700000000000001,,0.8873028,0.07604902,0.036648143,GOOD,GOOD,
2025-06-30 02:00:00+00:00,0.59,0.5900000000000001,,0.8873028,0.07604902,0.036648143,GOOD,GOOD,
2025-06-30 03:00:00+00:00,0.655,0.6550000000000001,,0.8873028,0.07604902,0.036648143,GOOD,GOOD,
2025-06-30 04:00:00+00:00,0.635,0.6350000000000001,,0.8873028,0.07604902,0.036648143,GOOD,GOOD,
2025-06-30 05:00:00+00:00,0.61,0.6100000000000001,,0.8873028,0.07604902,0.036648143,GOOD,GOOD,
2025-06-30 06:00:00+00:00,0.575,0.575,,0.8873028,0.07604902,0.036648143,GOOD,GOOD,
2025-06-30 07:00:00+00:00,0.48,0.48000000000000004,,0.8873028,0.07604902,0.036648143,GOOD,GOOD,
2025-06-30 08:00:00+00:00,0.51,0.51,,0.8873028,0.07604902,0.036648143,GOOD,GOOD,
2025-06-30 09:00:00+00:00,0.615,0.6150000000000001,,0.8873028,0.07604902,0.036648143,GOOD,GOOD,
2025-06-30 10:00:00+00:00,0.62,0.62,,0.8873028,0.07604902,0.036648143,GOOD,GOOD,
2025-06-30 11:00:00+00:00,0.585,0.5850000000000001,,0.8873028,0.07604902,0.036648143,GOOD,GOOD,
2025-06-30 12:00:00+00:00,0.585,0.5850000000000001,,0.8873028,0.07604902,0.036648143,GOOD,GOOD,
2025-06-30 13:00:00+00:00,0.52,0.52,,0.8873028,0.07604902,0.036648143,GOOD,GOOD,
2025-06-30 14:00:00+00:00,0.52,0.52,,0.8873028,0.07604902,0.036648143,GOOD,GOOD,
2025-06-30 15:00:00+00:00,0.54,0.5400000000000001,,0.8873028,0.07604902,0.036648143,GOOD,GOOD,
2025-06-30 16:00:00+00:00,0.525,0.525,,0.8873028,0.07604902,0.036648143,GOOD,GOOD,
2025-06-30 17:00:00+00:00,0.545,0.545,,0.8873028,0.07604902,0.036648143,GOOD,GOOD,
2025-06-30 18:00:00+00:00,0.5549999999999999,0.5549999999999999,,0.8873028,0.07604902,0.036648143,GOOD,GOOD,
2025-06-30 19:00:00+00:00,0.44,0.4400000000000001,,0.8873028,0.07604902,0.036648143,GOOD,GOOD,
2025-06-30 20:00:00+00:00,0.41000000000000003,0.4100000000000001,,0.8873028,0.07604902,0.036648143,GOOD,GOOD,
2025-06-30 21:00:00+00:00,0.375,0.3750000000000001,,0.8873028,0.07604902,0.036648143,GOOD,GOOD,
2025-06-30 22:00:00+00:00,0.42,0.42000000000000004,,0.8873028,0.07604902,0.036648143,GOOD,GOOD,
2025-06-30 23:00:00+00:00,0.425,0.4250000000000001,,0.8873028,0.07604902,0.036648143,GOOD,GOOD,
2025-07-01 00:00:00+00:00,0.47,0.47000000000000003,,0.8873028,0.07604902,0.036648143,GOOD,GOOD,
2025-07-01 01:00:00+00:00,0.435,0.4350000000000001,,0.8873028,0.07604902,0.036648143,GOOD,GOOD,
2025-07-01 02:00:00+00:00,0.43,0.43000000000000005,,0.8873028,0.07604902,0.036648143,GOOD,GOOD,
2025-07-01 03:00:00+00:00,0.43,0.43000000000000005,,0.8873028,0.07604902,0.036648143,GOOD,GOOD,
2025-07-01 04:00:00+00:00,0.425,0.4250000000000001,,0.8873028,0.07604902,0.036648143,GOOD,GOOD,
2025-07-01 05:00:00+00:00,0.485,0.4850000000000001,,0.8873028,0.07604902,0.036648143,GOOD,GOOD,
2025-07-01 06:00:00+00:00,0.45999999999999996,0.4600000000000001,,0.8873028,0.07604902,0.036648143,GOOD,GOOD,
2025-07-01 07:00:00+00:00,0.46499999999999997,0.465,,0.8873028,0.07604902,0.036648143,GOOD,GOOD,
2025-07-01 08:00:00+00:00,0.44999999999999996,0.45000000000000007,,0.8873028,0.07604902,0.036648143,GOOD,GOOD,
2025-07-01 09:00:00+00:00,0.405,0.4050000000000001,,0.8873028,0.07604902,0.036648143,GOOD,GOOD,
2025-07-01 10:00:00+00:00,0.505,0.505,,0.8873028,0.07604902,0.036648143,GOOD,GOOD,
2025-07-01 11:00:00+00:00,0.49,0.4900000000000001,,0.8873028,0.07604902,0.036648143,GOOD,GOOD,
2025-07-01 12:00:00+00:00,0.49,0.4900000000000001,,0.8873028,0.07604902,0.036648143,GOOD,GOOD,
2025-07-01 13:00:00+00:00,0.52,0.52,,0.8873028,0.07604902,0.036648143,GOOD,GOOD,
2025-07-01 14:00:00+00:00,0.53,0.53,,0.8873028,0.07604902,0.036648143,GOOD,GOOD,
2025-07-01 15:00:00+00:00,0.495,0.4950000000000001,,0.8873028,0.07604902,0.036648143,GOOD,GOOD,
2025-07-01 16:00:00+00:00,0.56,0.5600000000000002,,0.8873028,0.07604902,0.036648143,GOOD,GOOD,
2025-07-01 17:00:00+00:00,0.59,0.5900000000000001,,0.8873028,0.07604902,0.036648143,GOOD,GOOD,
2025-07-01 18:00:00+00:00,0.565,0.5650000000000001,,0.8873028,0.07604902,0.036648143,GOOD,GOOD,
2025-07-01 19:00:00+00:00,0.595,0.595,,0.8873028,0.07604902,0.036648143,GOOD,GOOD,
2025-07-01 20:00:00+00:00,0.565,0.5650000000000001,,0.8873028,0.07604902,0.036648143,GOOD,GOOD,
2025-07-01 21:00:00+00:00,0.45999999999999996,0.4600000000000001,,0.8873028,0.07604902,0.036648143,GOOD,GOOD,
2025-07-01 22:00:00+00:00,0.485,0.4850000000000001,,0.8873028,0.07604902,0.036648143,GOOD,GOOD,
2025-07-01 23:00:00+00:00,0.505,0.505,,0.8873028,0.07604902,0.036648143,GOOD,GOOD,
2025-07-02 00:00:00+00:00,0.47,0.47000000000000003,,0.8873028,0.07604902,0.036648143,GOOD,GOOD,
2025-07-02 01:00:00+00:00,0.485,0.4850000000000001,,0.8873028,0.07604902,0.036648143,GOOD,GOOD,
2025-07-02 02:00:00+00:00,0.45,0.4500000000000001,,0.8873028,0.07604902,0.036648143,GOOD,GOOD,
2025-07-02 03:00:00+00:00,0.415,0.4150000000000001,,0.8873028,0.07604902,0.036648143,GOOD,GOOD,
2025-07-02 04:00:00+00:00,0.435,0.02,,0.8873028,0.07604902,0.036648143,SUSPECT,GOOD,C_level_shift
2025-07-02 05:00:00+00:00,0.48,0.02,,0.8873028,0.07604902,0.036648143,SUSPECT,GOOD,C_level_shift
2025-07-02 06:00:00+00:00,0.525,0.02,,0.8873028,0.07604902,0.036648143,SUSPECT,GOOD,C_level_shift
2025-07-02 07:00:00+00:00,0.5,0.02,,0.8873028,0.07604902,0.036648143,SUSPECT,GOOD,C_level_shift
2025-07-02 08:00:00+00:00,0.48,0.02,,0.8873028,0.07604902,0.036648143,SUSPECT,GOOD,C_level_shift
2025-07-02 09:00:00+00:00,0.405,0.02,,0.8873028,0.07604902,0.036648143,SUSPECT,GOOD,C_level_shift
2025-07-02 10:00:00+00:00,0.38,0.02,,0.8873028,0.07604902,0.036648143,SUSPECT,GOOD,C_level_shift
2025-07-02 11:00:00+00:00,0.45,0.02,,0.8873028,0.07604902,0.036648143,SUSPECT,GOOD,C_level_shift
2025-07-02 12:00:00+00:00,0.42,0.02,,0.8873028,0.07604902,0.036648143,SUSPECT,GOOD,C_level_shift
2025-07-02 13:00:00+00:00,0.41,0.02,,0.8873028,0.07604902,0.036648143,SUSPECT,GOOD,C_level_shift
2025-07-02 14:00:00+00:00,0.44,0.02,,0.8873028,0.07604902,0.036648143,SUSPECT,GOOD,C_level_shift
2025-07-02 15:00:00+00:00,0.42,0.02,,0.8873028,0.07604902,0.036648143,SUSPECT,GOOD,C_level_shift
2025-07-02 16:00:00+00:00,0.42,0.02,,0.8873028,0.07604902,0.036648143,SUSPECT,GOOD,C_level_shift
2025-07-02 17:00:00+00:00,0.41,0.02,,0.8873028,0.07604902,0.036648143,SUSPECT,GOOD,C_level_shift
2025-07-02 18:00:00+00:00,0.435,0.02,,0.8873028,0.07604902,0.036648143,SUSPECT,GOOD,C_level_shift
2025-07-02 19:00:00+00:00,0.47,0.02,0.051365107,0.6990091,0.043600757,0.2573901,SUSPECT,GOOD,C_level_shift
2025-07-02 20:00:00+00:00,0.46499999999999997,0.02,0.051182047,0.6964762,0.043443665,0.2600801,SUSPECT,GOOD,C_level_shift
2025-07-02 21:00:00+00:00,0.51,0.02,0.051043388,0.68865484,0.043768365,0.26757678,SUSPECT,GOOD,C_level_shift
2025-07-02 22:00:00+00:00,0.41000000000000003,0.02,0.050953075,0.6802686,0.043936174,0.27579525,SUSPECT,GOOD,C_level_shift
2025-07-02 23:00:00+00:00,0.41500000000000004,0.02,0.05090926,0.6725222,0.04411188,0.2833659,SUSPECT,GOOD,C_level_shift
2025-07-03 00:00:00+00:00,0.395,0.02,0.050906003,0.6671578,0.044050857,0.28879133,SUSPECT,GOOD,C_level_shift
2025-07-03 01:00:00+00:00,0.41000000000000003,0.02,0.050935004,0.6540439,0.044936366,0.3010197,SUSPECT,GOOD,C_level_shift
2025-07-03 02:00:00+00:00,0.45,0.02,0.050987132,0.64038825,0.045685083,0.31392664,SUSPECT,GOOD,C_level_shift
2025-07-03 03:00:00+00:00,0.515,0.02,0.051053733,0.62519675,0.046408586,0.32839465,SUSPECT,GOOD,C_level_shift
2025-07-03 04:00:00+00:00,0.635,0.02988933464787835,0.051126957,0.53856075,0.25566903,0.20577021,SUSPECT,GOOD,C_level_shift
2025-07-03 05:00:00+00:00,0.8700000000000001,0.2648893346478785,0.056579143,0.53856075,0.25566903,0.20577021,SUSPECT,GOOD,C_level_shift
2025-07-03 06:00:00+00:00,0.76,0.15488933464787835,0.19335523,0.53856075,0.25566903,0.20577021,SUSPECT,GOOD,C_level_shift
2025-07-03 07:00:00+00:00,0.765,0.15988933464787836,0.22117612,0.53856075,0.25566903,0.20577021,SUSPECT,GOOD,C_level_shift
2025-07-03 08:00:00+00:00,0.705,0.09988933464787832,0.20513964,0.53856075,0.25566903,0.20577021,SUSPECT,GOOD,C_level_shift
2025-07-03 09:00:00+00:00,0.71,0.10488933464787832,0.1586304,0.53856075,0.25566903,0.20577021,SUSPECT,GOOD,C_level_shift
2025-07-03 10:00:00+00:00,0.66,0.054889334647878374,0.13571997,0.53856075,0.25566903,0.20577021,SUSPECT,GOOD,C_level_shift
2025-07-03 11:00:00+00:00,0.655,0.04988933464787837,0.10446034,0.53856075,0.25566903,0.20577021,SUSPECT,GOOD,C_level_shift
2025-07-03 12:00:00+00:00,0.6950000000000001,0.0898893346478784,0.084888995,0.53856075,0.25566903,0.20577021,SUSPECT,GOOD,C_level_shift
2025-07-03 13:00:00+00:00,0.78,0.17488933464787834,0.101319596,0.53856075,0.25566903,0.20577021,SUSPECT,GOOD,C_level_shift
2025-07-03 14:00:00+00:00,0.745,0.13988933464787837,0.1649747,0.53856075,0.25566903,0.20577021,SUSPECT,GOOD,C_level_shift
2025-07-03 15:00:00+00:00,0.615,0.02,0.18277787,0.53856075,0.25566903,0.20577021,SUSPECT,GOOD,C_level_shift
2025-07-03 16:00:00+00:00,0.655,0.04988933464787837,0.11130746,0.53856075,0.25566903,0.20577021,SUSPECT,GOOD,C_level_shift
2025-07-03 17:00:00+00:00,0.69,0.08488933464787832,0.07704726,0.686466,0.16478018,0.14875384,SUSPECT,GOOD,C_level_shift
2025-07-03 18:00:00+00:00,0.665,0.05988933464787838,0.09318705,0.960364,0.023580447,0.016055558,SUSPECT,GOOD,C_level_shift
2025-07-03 19:00:00+00:00,0.76,0.15488933464787835,0.097530946,0.7513602,0.17627114,0.07236871,SUSPECT,GOOD,C_level_shift
2025-07-03 20:00:00+00:00,0.765,0.15988933464787836,0.14760207,0.9106329,0.055215433,0.034151662,SUSPECT,GOOD,C_level_shift
2025-07-03 21:00:00+00:00,0.715,0.10988933464787833,0.18425652,0.9437234,0.035329863,0.020946763,SUSPECT,GOOD,C_level_shift
2025-07-03 22:00:00+00:00,0.7,0.0948893346478783,0.16662017,0.91693544,0.036590125,0.046474423,SUSPECT,GOOD,C_level_shift
2025-07-03 23:00:00+00:00,0.755,0.14988933464787835,0.13861,0.9273444,0.04898404,0.023671579,SUSPECT,GOOD,C_level_shift
2025-07-04 00:00:00+00:00,0.7,0.0948893346478783,0.15674965,0.9526372,0.031194726,0.016168108,SUSPECT,GOOD,C_level_shift
2025-07-04 01:00:00+00:00,0.78,0.17488933464787834,0.1449961,0.8509245,0.10291821,0.04615728,SUSPECT,GOOD,C_level_shift
2025-07-04 02:00:00+00:00,0.785,0.17988933464787837,0.17616373,0.9432479,0.03159321,0.025158886,SUSPECT,GOOD,C_level_shift
2025-07-04 03:00:00+00:00,0.78,0.17488933464787834,0.2038968,0.84290385,0.036309704,0.12078643,SUSPECT,GOOD,C_level_shift
2025-07-04 04:00:00+00:00,0.745,0.745,0.21030498,0.12015182,0.27200055,0.60784763,GOOD,SUSPECT,
2025-07-04 05:00:00+00:00,0.66,0.6600000000000001,0.56436604,0.58043027,0.31170133,0.10786839,GOOD,GOOD,
2025-07-04 06:00:00+00:00,0.695,0.695,0.71575737,0.786458,0.13673444,0.076807514,GOOD,GOOD,
2025-07-04 07:00:00+00:00,0.7,0.7,0.7381458,0.8733683,0.07399914,0.052632555,GOOD,GOOD,
2025-07-04 08:00:00+00:00,0.78,0.7800000000000001,0.73186636,0.90371084,0.0673026,0.028986536,GOOD,GOOD,
2025-07-04 09:00:00+00:00,0.835,0.8350000000000001,0.78280467,0.82805693,0.11610427,0.05583877,GOOD,GOOD,
2025-07-04 10:00:00+00:00,0.765,0.765,0.84589475,0.92633814,0.05252552,0.021136321,GOOD,GOOD,
2025-07-04 11:00:00+00:00,0.73,0.7300000000000001,0.8150132,0.9269088,0.05353382,0.01955739,GOOD,GOOD,
2025-07-04 12:00:00+00:00,0.69,0.6900000000000001,0.7678914,0.9356587,0.047338363,0.017002946,GOOD,GOOD,
2025-07-04 13:00:00+00:00,0.7050000000000001,0.7050000000000002,0.7248285,0.9695994,0.019754866,0.010645711,GOOD,GOOD,
2025-07-04 14:00:00+00:00,0.755,0.7550000000000001,0.72221583,0.94622713,0.04171449,0.012058395,GOOD,GOOD,
2025-07-04 15:00:00+00:00,0.835,0.8350000000000001,0.7614361,0.86352384,0.11594186,0.020534283,GOOD,GOOD,
2025-07-04 16:00:00+00:00,0.835,0.8350000000000001,0.83482164,0.9471626,0.02708607,0.025751274,GOOD,GOOD,
2025-07-04 17:00:00+00:00,0.79,0.777363092094969,0.86084443,0.96847045,0.019932427,0.011597107,SUSPECT,GOOD,D_drift
2025-07-04 18:00:00+00:00,0.8,0.7747261841899377,0.82108563,0.9396657,0.018413046,0.041921258,SUSPECT,GOOD,D_drift
2025-07-04 19:00:00+00:00,0.835,0.7970892762849064,0.7994316,0.97448987,0.015236689,0.010273454,SUSPECT,GOOD,D_drift
2025-07-04 20:00:00+00:00,0.87,0.8194523683798755,0.8122388,0.8748617,0.05697153,0.06816678,SUSPECT,GOOD,D_drift
2025-07-04 21:00:00+00:00,0.8049999999999999,0.7418154604748443,0.83668375,0.96186435,0.02425969,0.013875932,SUSPECT,GOOD,D_drift
2025-07-04 22:00:00+00:00,0.765,0.689178552569813,0.791397,0.95725065,0.029004872,0.013744451,SUSPECT,GOOD,D_drift
2025-07-04 23:00:00+00:00,0.7,0.6115416446647818,0.7321677,0.9282777,0.051423483,0.020298854,SUSPECT,GOOD,D_drift
2025-07-05 00:00:00+00:00,0.625,0.5239047367597507,0.66093755,0.8571941,0.10659199,0.03621386,SUSPECT,GOOD,D_drift
2025-07-05 01:00:00+00:00,0.56,0.44626782885471966,0.5793113,0.79301095,0.15133758,0.055651505,SUSPECT,GOOD,D_drift
2025-07-05 02:00:00+00:00,0.51,0.38363092094968837,0.5005665,0.79585135,0.13949373,0.06465492,SUSPECT,GOOD,D_drift
2025-07-05 03:00:00+00:00,0.52,0.3809940130446573,0.43383953,0.9185817,0.04534055,0.036077745,SUSPECT,GOOD,D_drift
2025-07-05 04:00:00+00:00,0.64,0.4883571051396261,0.40881586,0.79002357,0.15342157,0.05655489,SUSPECT,GOOD,D_drift
2025-07-05 05:00:00+00:00,0.625,0.46072019723459495,0.47305715,0.93274826,0.039121613,0.028130148,SUSPECT,GOOD,D_drift
2025-07-05 06:00:00+00:00,0.635,0.4580832893295637,0.49649692,0.9337048,0.021651799,0.0446434,SUSPECT,GOOD,D_drift
2025-07-05 07:00:00+00:00,0.75,0.5604463814245325,0.4934622,0.85921735,0.1067338,0.03404887,SUSPECT,GOOD,D_drift
2025-07-05 08:00:00+00:00,0.9450000000000001,0.7428094735195016,0.5535038,0.31831807,0.53863215,0.14304976,SUSPECT,SUSPECT,D_drift
2025-07-05 09:00:00+00:00,1.06,0.8451725656144703,0.7089729,0.32233232,0.5528533,0.124814406,SUSPECT,SUSPECT,D_drift
2025-07-05 10:00:00+00:00,1.275,1.0475356577094392,0.84674674,0.38372552,0.52368045,0.09259402,SUSPECT,SUSPECT,D_drift
2025-07-05 11:00:00+00:00,1.32,1.0798987498044081,1.0293694,0.66338134,0.27339393,0.06322478,SUSPECT,GOOD,D_drift
2025-07-05 12:00:00+00:00,1.44,1.1872618418993768,1.1066682,0.77361524,0.20079695,0.025587793,SUSPECT,GOOD,D_drift
2025-07-05 13:00:00+00:00,1.385,1.1196249339943458,1.1925248,0.93612725,0.04419028,0.019682482,SUSPECT,GOOD,D_drift
2025-07-05 14:00:00+00:00,1.3050000000000002,1.0269880260893147,1.1595193,0.94024795,0.04756078,0.012191292,SUSPECT,GOOD,D_drift
2025-07-05 15:00:00+00:00,1.34,1.0493511181842836,1.0694164,0.96073455,0.028362365,0.010903075,SUSPECT,GOOD,D_drift
2025-07-05 16:00:00+00:00,1.355,1.0517142102792523,1.0594953,0.8025476,0.056457773,0.14099467,SUSPECT,GOOD,D_drift
2025-07-05 17:00:00+00:00,1.37,1.0540773023742211,1.0673296,0.6155527,0.07139885,0.31304842,SUSPECT,GOOD,D_drift
2025-07-05 18:00:00+00:00,1.275,0.9464403944691897,1.0715623,0.92188644,0.06270257,0.015410968,SUSPECT,GOOD,D_drift
2025-07-05 19:00:00+00:00,1.36,1.0188034865641586,0.99201095,0.9418289,0.048214763,0.009956335,SUSPECT,GOOD,D_drift
2025-07-05 20:00:00+00:00,1.45,1.0961665786591275,1.0152495,0.68310094,0.27836987,0.038529173,SUSPECT,GOOD,D_drift
2025-07-05 21:00:00+00:00,1.54,1.1735296707540965,1.0916774,0.6085012,0.34827295,0.04322584,SUSPECT,GOOD,D_drift
2025-07-05 22:00:00+00:00,1.52,1.1408927628490653,1.1744716,0.9565027,0.027906984,0.015590332,SUSPECT,GOOD,D_drift
2025-07-05 23:00:00+00:00,1.5699999999999998,1.178255854944034,1.1679038,0.9488091,0.039776478,0.011414409,SUSPECT,GOOD,D_drift
2025-07-06 00:00:00+00:00,1.5350000000000001,1.1306189470390031,1.1860523,0.9596833,0.025842115,0.014474593,SUSPECT,GOOD,D_drift
2025-07-06 01:00:00+00:00,1.4049999999999998,0.9879820391339714,1.1571753,0.91770405,0.06545234,0.016843611,SUSPECT,GOOD,D_drift
2025-07-06 02:00:00+00:00,1.355,0.9253451312289404,1.0402824,0.9262937,0.05574887,0.017957447,SUSPECT,GOOD,D_drift
2025-07-06 03:00:00+00:00,1.205,0.7627082233239093,0.9582277,0.758141,0.19698381,0.04487521,SUSPECT,GOOD,D_drift
2025-07-06 04:00:00+00:00,1.495,1.040071315418878,0.8271937,0.36772978,0.52332985,0.10894039,SUSPECT,SUSPECT,D_drift
2025-07-06 05:00:00+00:00,1.625,1.1574344075138472,0.9797377,0.16124243,0.7420368,0.09672073,SUSPECT,SUSPECT,D_drift
2025-07-06 06:00:00+00:00,1.49,1.0097974996088157,1.1481836,0.9144242,0.061927956,0.023647893,SUSPECT,GOOD,D_drift
2025-07-06 07:00:00+00:00,1.46,0.9671605917037844,1.074463,0.8948809,0.070965275,0.034153808,SUSPECT,GOOD,D_drift
2025-07-06 08:00:00+00:00,1.46,0.9545236837987534,0.9988236,0.91293144,0.029350853,0.057717714,SUSPECT,GOOD,D_drift
2025-07-06 09:00:00+00:00,1.44,0.9218867758937221,0.9726479,0.9615682,0.023821063,0.0146107795,SUSPECT,GOOD,D_drift
2025-07-06 10:00:00+00:00,1.55,1.019249867988691,0.9492802,0.9182402,0.06942134,0.012338455,SUSPECT,GOOD,D_drift
2025-07-06 11:00:00+00:00,1.51,0.96661296008366,1.0138881,0.96159524,0.023052884,0.015351859,SUSPECT,GOOD,D_drift
2025-07-06 12:00:00+00:00,1.47,0.9139760521786288,1.0025305,0.951146,0.031361494,0.017492479,SUSPECT,GOOD,D_drift
2025-07-06 13:00:00+00:00,1.275,0.7063391442735976,0.95138794,0.5197975,0.35070434,0.12949817,SUSPECT,GOOD,D_drift
2025-07-06 14:00:00+00:00,1.135,0.5537022363685664,0.7894222,0.3158344,0.511571,0.1725946,SUSPECT,SUSPECT,D_drift
2025-07-06 15:00:00+00:00,1.065,0.4710653284635353,0.62767166,0.63484794,0.2663134,0.09883864,SUSPECT,GOOD,D_drift
2025-07-06 16:00:00+00:00,1.085,0.4784284205585041,0.52201444,0.9496816,0.028892692,0.021425713,SUSPECT,GOOD,D_drift
2025-07-06 17:00:00+00:00,1.115,0.495791512653473,0.49724415,0.92417264,0.041686334,0.034141026,SUSPECT,GOOD,D_drift
2025-07-06 18:00:00+00:00,1.13,0.49815460474844175,0.51200676,0.8889011,0.03178762,0.079311244,SUSPECT,GOOD,D_drift
2025-07-06 19:00:00+00:00,1.19,0.5455176968434104,0.5241712,0.9554492,0.030533075,0.014017673,SUSPECT,GOOD,D_drift
2025-07-06 20:00:00+00:00,1.2149999999999999,0.5578807889383792,0.55723906,0.9302854,0.03138826,0.038326323,SUSPECT,GOOD,D_drift
2025-07-06 21:00:00+00:00,1.2850000000000001,0.6152438810333484,0.5811569,0.9517907,0.035449293,0.012759986,SUSPECT,GOOD,D_drift
2025-07-06 22:00:00+00:00,1.335,0.6526069731283172,0.6250784,0.92546296,0.049077716,0.0254593,SUSPECT,GOOD,D_drift
2025-07-06 23:00:00+00:00,1.27,0.5749700652232859,0.6688605,0.946915,0.03309914,0.019985879,SUSPECT,GOOD,D_drift
2025-07-07 00:00:00+00:00,0.98,0.27233315731825475,0.63204324,0.12517464,0.37279737,0.502028,SUSPECT,SUSPECT,D_drift
2025-07-07 01:00:00+00:00,0.8200000000000001,0.09969624941322365,0.4189154,0.03972864,0.54910284,0.41116855,SUSPECT,SUSPECT,D_drift
2025-07-07 02:00:00+00:00,0.815,0.08205934150819238,0.21193805,0.48537874,0.3432446,0.17137666,SUSPECT,GOOD,D_drift
2025-07-07 03:00:00+00:00,0.935,0.18942243360316124,0.118132666,0.7820619,0.16249727,0.055440847,SUSPECT,GOOD,D_drift
2025-07-07 04:00:00+00:00,1.185,0.42678552569813016,0.16090785,0.16982454,0.58477414,0.24540135,SUSPECT,SUSPECT,D_drift
2025-07-07 05:00:00+00:00,1.245,0.47414861779309914,0.3488924,0.1896478,0.65138817,0.15896404,BAD,SUSPECT,D_drift
2025-07-07 06:00:00+00:00,1.17,0.38651170988806777,0.48301673,0.9163126,0.05617099,0.027516456,BAD,GOOD,D_drift
2025-07-07 07:00:00+00:00,1.31,0.5138748019830366,0.46185374,0.8880377,0.08502708,0.026935207,BAD,GOOD,D_drift
2025-07-07 08:00:00+00:00,1.32,0.5112378940780055,0.5056069,0.9700915,0.019194145,0.010714358,BAD,GOOD,D_drift
2025-07-07 09:00:00+00:00,1.255,0.43360098617297427,0.53691584,0.9466529,0.03458255,0.01876454,BAD,GOOD,D_drift
2025-07-07 10:00:00+00:00,1.23,0.39596407826794305,0.49519986,0.9313556,0.038107943,0.03053644,BAD,GOOD,D_drift
2025-07-07 11:00:00+00:00,1.2349999999999999,0.3883271703629118,0.4437126,0.89720565,0.01927079,0.08352356,BAD,GOOD,D_drift
2025-07-07 12:00:00+00:00,1.08,0.22069026245788081,0.4193124,0.38640785,0.39236486,0.22122727,BAD,SUSPECT,D_drift
2025-07-07 13:00:00+00:00,0.99,0.11805335455284961,0.3148933,0.2271415,0.5629405,0.20991802,BAD,SUSPECT,D_drift
2025-07-07 14:00:00+00:00,0.885,0.02,0.19829056,0.30909985,0.52137715,0.16952302,BAD,SUSPECT,D_drift
2025-07-07 15:00:00+00:00,1.02,0.12277953874278724,0.0939229,0.76890695,0.1550867,0.07600633,BAD,GOOD,D_drift
2025-07-07 16:00:00+00:00,1.0150000000000001,0.10514263083775621,0.10607982,0.94494736,0.03414086,0.020911777,BAD,GOOD,D_drift
2025-07-07 17:00:00+00:00,1.145,1.1450000000000002,0.12979974,0.025938034,0.21712385,0.7569381,GOOD,BAD,
2025-07-07 18:00:00+00:00,1.2149999999999999,1.215,0.80994517,0.0043334365,0.71929795,0.2763686,GOOD,SUSPECT,
2025-07-07 19:00:00+00:00,1.2149999999999999,1.215,1.2525736,0.83748156,0.12958153,0.032936923,GOOD,GOOD,
2025-07-07 20:00:00+00:00,1.38,1.3800000000000001,1.2830753,0.5290862,0.4532555,0.01765833,GOOD,GOOD,
2025-07-07 21:00:00+00:00,1.23,1.2300000000000002,1.3779786,0.8836614,0.09831934,0.018019276,GOOD,GOOD,
2025-07-07 22:00:00+00:00,1.205,1.2050000000000003,1.2827474,0.9400612,0.04310712,0.016831676,GOOD,GOOD,
2025-07-07 23:00:00+00:00,1.275,1.2750000000000001,1.2287385,0.85028875,0.13781588,0.01189537,GOOD,GOOD,
2025-07-08 00:00:00+00:00,1.25,1.2500000000000002,1.2763778,0.9394528,0.050619595,0.009927581,GOOD,GOOD,
2025-07-08 01:00:00+00:00,0.995,0.9950000000000002,1.2721049,0.59635365,0.34090236,0.062744014,GOOD,GOOD,
2025-07-08 02:00:00+00:00,0.97,0.9700000000000001,1.0691868,0.8371526,0.1351434,0.027704012,GOOD,GOOD,
2025-07-08 03:00:00+00:00,0.9199999999999999,0.92,0.98639053,0.96776116,0.02795791,0.0042809444,GOOD,GOOD,
2025-07-08 04:00:00+00:00,0.8200000000000001,0.8200000000000001,0.9419065,0.93476915,0.05868383,0.006546999,GOOD,GOOD,
2025-07-08 05:00:00+00:00,1.005,1.0050000000000001,0.8635787,0.7557454,0.21642163,0.02783299,GOOD,GOOD,
2025-07-08 06:00:00+00:00,1.17,1.1700000000000002,0.96834695,0.18693054,0.7500322,0.063037254,GOOD,SUSPECT,
2025-07-08 07:00:00+00:00,1.29,1.2900000000000003,1.1451329,0.18671674,0.76064223,0.05264108,GOOD,SUSPECT,
2025-07-08 08:00:00+00:00,1.335,1.3350000000000002,1.287184,0.53170764,0.4190529,0.04923942,GOOD,GOOD,
2025-07-08 09:00:00+00:00,1.17,1.1700000000000002,1.3469679,0.9120224,0.067884125,0.02009346,GOOD,GOOD,
2025-07-08 10:00:00+00:00,1.24,1.2400000000000002,1.2214622,0.9421094,0.047323573,0.010566996,GOOD,GOOD,
2025-07-08 11:00:00+00:00,1.27,1.2700000000000002,1.2363842,0.6736938,0.23533177,0.09097445,GOOD,GOOD,
2025-07-08 12:00:00+00:00,1.0699999999999998,1.0699999999999998,1.2779845,0.88318855,0.09043628,0.026375202,GOOD,GOOD,
2025-07-08 13:00:00+00:00,0.9650000000000001,0.9650000000000002,1.1340916,0.85036826,0.11889254,0.030739183,GOOD,GOOD,
2025-07-08 14:00:00+00:00,0.895,0.8950000000000001,1.0076561,0.9450637,0.042095885,0.012840377,GOOD,GOOD,
2025-07-08 15:00:00+00:00,0.94,0.94,0.9277012,0.9679345,0.025883522,0.0061820103,GOOD,GOOD,
2025-07-08 16:00:00+00:00,0.725,0.725,0.943255,0.5979568,0.31629255,0.0857507,GOOD,GOOD,
2025-07-08 17:00:00+00:00,0.7649999999999999,0.7649999999999999,0.8086474,0.9632997,0.023798391,0.012901932,GOOD,GOOD,
2025-07-08 18:00:00+00:00,0.9650000000000001,0.9650000000000002,0.7757247,0.5184504,0.41309765,0.06845194,GOOD,GOOD,
2025-07-08 19:00:00+00:00,1.125,1.1250000000000002,0.9213784,0.19515228,0.72370166,0.08114604,GOOD,SUSPECT,
2025-07-08 20:00:00+00:00,0.98,0.9800000000000002,1.106488,0.91838527,0.05913223,0.022482526,GOOD,GOOD,
2025-07-08 21:00:00+00:00,0.885,0.885,1.0462552,0.82646877,0.13141596,0.042115256,GOOD,GOOD,
2025-07-08 22:00:00+00:00,0.76,0.7600000000000001,0.9346711,0.87395215,0.09601377,0.030034047,GOOD,GOOD,
2025-07-08 23:00:00+00:00,0.685,0.6850000000000002,0.81448233,0.92875123,0.04938415,0.021864645,GOOD,GOOD,
2025-07-09 00:00:00+00:00,0.65,0.65,0.72867584,0.95463574,0.028596556,0.016767683,GOOD,GOOD,
2025-07-09 01:00:00+00:00,0.58,0.58,0.6832282,0.918658,0.058614757,0.022727234,GOOD,GOOD,
2025-07-09 02:00:00+00:00,0.53,0.53,0.62772644,0.9078064,0.06456483,0.027628787,GOOD,GOOD,
2025-07-09 03:00:00+00:00,0.475,0.4750000000000001,0.57412636,0.90269524,0.06931747,0.0279873,GOOD,GOOD,
2025-07-09 04:00:00+00:00,0.505,0.505,0.520708,0.9632569,0.022704408,0.014038694,GOOD,GOOD,
2025-07-09 05:00:00+00:00,0.63,0.63,0.52001256,0.7184454,0.23732972,0.04422483,GOOD,GOOD,
2025-07-09 06:00:00+00:00,0.6799999999999999,0.68,0.6098271,0.7472853,0.19789338,0.054821316,GOOD,GOOD,
2025-07-09 07:00:00+00:00,0.7250000000000001,0.7250000000000001,0.6897693,0.9041415,0.067067355,0.028791139,GOOD,GOOD,
2025-07-09 08:00:00+00:00,0.675,0.675,0.74276954,0.96376246,0.019443898,0.016793666,GOOD,GOOD,
2025-07-09 09:00:00+00:00,0.6699999999999999,0.6699999999999999,0.72176397,0.8947753,0.021178246,0.084046476,GOOD,GOOD,
2025-07-09 10:00:00+00:00,0.635,0.6350000000000001,0.7009879,0.9668148,0.018788416,0.014396745,GOOD,GOOD,
2025-07-09 11:00:00+00:00,0.705,0.7050000000000001,0.6723983,0.9492616,0.03899719,0.0117411995,GOOD,GOOD,
2025-07-09 12:00:00+00:00,0.71,0.7100000000000001,0.708736,0.9509309,0.023628568,0.02544056,GOOD,GOOD,
2025-07-09 13:00:00+00:00,0.6950000000000001,0.6950000000000001,0.7341279,0.93023646,0.017516926,0.052246593,GOOD,GOOD,
2025-07-09 14:00:00+00:00,0.645,0.645,0.7288225,0.95630527,0.02799659,0.015698168,GOOD,GOOD,
2025-07-09 15:00:00+00:00,0.565,0.5650000000000001,0.68880737,0.89139146,0.08417796,0.024430597,GOOD,GOOD,
2025-07-09 16:00:00+00:00,0.575,0.575,0.6184525,0.9661434,0.020647602,0.013208954,GOOD,GOOD,
2025-07-09 17:00:00+00:00,0.63,0.63,0.5969105,0.9517887,0.036993533,0.011217728,GOOD,GOOD,
2025-07-09 18:00:00+00:00,0.63,0.63,0.63410217,0.9626399,0.01460422,0.02275583,GOOD,GOOD,
2025-07-09 19:00:00+00:00,0.565,0.5650000000000001,0.65574545,0.9406195,0.037636712,0.021743767,GOOD,GOOD,
2025-07-09 20:00:00+00:00,0.655,0.6550000000000001,0.6166778,0.9234018,0.05697684,0.019621411,GOOD,GOOD,
2025-07-09 21:00:00+00:00,0.68,0.6800000000000002,0.65274984,0.940405,0.041610368,0.017984642,GOOD,GOOD,
2025-07-09 22:00:00+00:00,0.65,0.65,0.69552535,0.97539955,0.01238894,0.012211506,GOOD,GOOD,
2025-07-09 23:00:00+00:00,0.645,0.645,0.68923247,0.8793255,0.01831841,0.102356054,GOOD,GOOD,
2025-07-10 00:00:00+00:00,0.6799999999999999,0.68,0.67595106,0.96896994,0.020128017,0.0109020695,GOOD,GOOD,
2025-07-10 01:00:00+00:00,0.6799999999999999,0.68,0.6947494,0.91645193,0.01928347,0.06426462,GOOD,GOOD,
2025-07-10 02:00:00+00:00,0.605,0.605,0.70621467,0.9380166,0.040501166,0.02148222,GOOD,GOOD,
2025-07-10 03:00:00+00:00,0.545,0.545,0.65834486,0.90515476,0.06695626,0.027888961,GOOD,GOOD,
2025-07-10 04:00:00+00:00,0.52,0.52,0.59433025,0.9499511,0.030244883,0.019804027,GOOD,GOOD,
2025-07-10 05:00:00+00:00,0.585,0.5850000000000001,0.5546067,0.9374118,0.04495386,0.017634353,GOOD,GOOD,
2025-07-10 06:00:00+00:00,0.615,0.6150000000000001,0.58682805,0.947308,0.036885355,0.015806649,GOOD,GOOD,
2025-07-10 07:00:00+00:00,0.605,0.605,0.62980217,0.9665884,0.014618703,0.018792927,GOOD,GOOD,
2025-07-10 08:00:00+00:00,0.685,0.6850000000000002,0.6380756,0.9216293,0.06021952,0.018151158,GOOD,GOOD,
2025-07-10 09:00:00+00:00,0.635,0.6350000000000001,0.6878215,0.9689415,0.016628103,0.01443041,GOOD,GOOD,
2025-07-10 10:00:00+00:00,0.6699999999999999,0.6699999999999999,0.67840683,0.9712313,0.016358497,0.012410219,GOOD,GOOD,
2025-07-10 11:00:00+00:00,0.65,0.65,0.68850315,0.97486174,0.012009394,0.013128852,GOOD,GOOD,
2025-07-10 12:00:00+00:00,0.675,0.675,0.68265307,0.9708947,0.015495266,0.01361002,GOOD,GOOD,
2025-07-10 13:00:00+00:00,0.635,0.6350000000000001,0.69464993,0.96397686,0.01800899,0.01801416,GOOD,GOOD,
2025-07-10 14:00:00+00:00,0.755,0.7550000000000001,0.6749037,0.83181226,0.12964337,0.038544398,GOOD,GOOD,
2025-07-10 15:00:00+00:00,0.6699999999999999,0.6699999999999999,0.7439276,0.947612,0.031214107,0.02117393,GOOD,GOOD,
2025-07-10 16:00:00+00:00,0.635,0.6350000000000001,0.7226034,0.9581651,0.024672356,0.017162522,GOOD,GOOD,
2025-07-10 17:00:00+00:00,0.745,0.745,0.677219,0.875214,0.09738756,0.027398456,GOOD,GOOD,
2025-07-10 18:00:00+00:00,0.63,0.63,0.7339471,0.91000324,0.055819392,0.034177348,GOOD,GOOD,
2025-07-10 19:00:00+00:00,0.67,0.67,0.691246,0.97128886,0.01690324,0.011807873,GOOD,GOOD,
2025-07-10 20:00:00+00:00,0.7,0.7,0.68715245,0.9340576,0.039395712,0.026546696,GOOD,GOOD,
2025-07-10 21:00:00+00:00,0.815,0.815,0.7134989,0.8148725,0.14817548,0.03695203,GOOD,GOOD,
2025-07-10 22:00:00+00:00,0.725,0.725,0.80519986,0.93561137,0.04016703,0.024221573,GOOD,GOOD,
2025-07-10 23:00:00+00:00,0.685,0.6850000000000002,0.7804175,0.9419683,0.03433976,0.02369195,GOOD,GOOD,
2025-07-11 00:00:00+00:00,0.65,0.65,0.7277664,0.94214123,0.031306457,0.026552297,GOOD,GOOD,
2025-07-11 01:00:00+00:00,0.66,0.6600000000000001,0.6853494,0.9472898,0.019807514,0.03290267,GOOD,GOOD,
2025-07-11 02:00:00+00:00,0.72,0.72,0.68045604,0.9468963,0.040125366,0.012978321,GOOD,GOOD,
2025-07-11 03:00:00+00:00,0.5549999999999999,0.5549999999999999,0.72500384,0.6260363,0.24060483,0.13335885,GOOD,GOOD,
2025-07-11 04:00:00+00:00,0.45999999999999996,0.4600000000000001,0.6370007,0.5097701,0.35214826,0.13808163,GOOD,GOOD,
2025-07-11 05:00:00+00:00,0.63,0.63,0.52611333,0.64015394,0.28508186,0.0747642,GOOD,GOOD,
2025-07-11 06:00:00+00:00,0.86,0.8600000000000001,0.5933684,0.1878097,0.62241983,0.18977049,GOOD,SUSPECT,
2025-07-11 07:00:00+00:00,0.8,0.8000000000000002,0.8065415,0.93023443,0.045248374,0.024517193,GOOD,GOOD,
2025-07-11 08:00:00+00:00,0.925,0.9250000000000002,0.85100704,0.8919748,0.08891391,0.019111257,GOOD,GOOD,
2025-07-11 09:00:00+00:00,0.9299999999999999,0.93,0.92398983,0.91964024,0.053058546,0.027301231,GOOD,GOOD,
2025-07-11 10:00:00+00:00,0.8200000000000001,0.8200000000000001,0.95438457,0.9108143,0.06364151,0.02554423,GOOD,GOOD,
2025-07-11 11:00:00+00:00,0.68,0.6800000000000002,0.87840164,0.82730484,0.13553573,0.037159458,GOOD,GOOD,
2025-07-11 12:00:00+00:00,0.655,0.6550000000000001,0.7480949,0.9345385,0.041011073,0.024450459,GOOD,GOOD,
2025-07-11 13:00:00+00:00,0.615,0.6150000000000001,0.68525565,0.9662227,0.0227082,0.011069095,GOOD,GOOD,
2025-07-11 14:00:00+00:00,0.6799999999999999,0.68,0.64882123,0.9562782,0.033607055,0.010114742,GOOD,GOOD,
2025-07-11 15:00:00+00:00,0.665,0.6650000000000001,0.68262285,0.97661376,0.012141578,0.011244657,GOOD,GOOD,
2025-07-11 16:00:00+00:00,0.52,0.52,0.6941342,0.67610955,0.24324122,0.08064923,GOOD,GOOD,
2025-07-11 17:00:00+00:00,0.5449999999999999,0.5449999999999999,0.59846085,0.9692359,0.018716747,0.012047363,GOOD,GOOD,
2025-07-11 18:00:00+00:00,0.725,0.725,0.5650532,0.56656885,0.36224368,0.07118743,GOOD,GOOD,
2025-07-11 19:00:00+00:00,0.57,0.57,0.6844089,0.80540395,0.124390416,0.070205666,GOOD,GOOD,
2025-07-11 20:00:00+00:00,0.485,0.4850000000000001,0.6469397,0.72735286,0.18979609,0.082851015,GOOD,GOOD,
2025-07-11 21:00:00+00:00,0.5700000000000001,0.5700000000000001,0.55200547,0.94677836,0.036604233,0.016617404,GOOD,GOOD,
2025-07-11 22:00:00+00:00,0.64,0.6400000000000001,0.5658784,0.7621379,0.18029046,0.057571635,GOOD,GOOD,
2025-07-11 23:00:00+00:00,0.56,0.5600000000000002,0.63731474,0.95502335,0.026935728,0.018040927,GOOD,GOOD,
2025-07-12 00:00:00+00:00,0.585,0.5850000000000001,0.61701393,0.9755322,0.011902866,0.012564936,GOOD,GOOD,
2025-07-12 01:00:00+00:00,0.595,0.595,0.60969406,0.89843214,0.022416424,0.079151414,GOOD,GOOD,
2025-07-12 02:00:00+00:00,0.7,0.7,0.6175815,0.8695168,0.106841,0.023642229,GOOD,GOOD,
2025-07-12 03:00:00+00:00,0.735,0.7350000000000001,0.692456,0.8364543,0.118107826,0.045437872,GOOD,GOOD,
2025-07-12 04:00:00+00:00,0.605,0.605,0.7516833,0.8723787,0.09157906,0.03604225,GOOD,GOOD,
2025-07-12 05:00:00+00:00,0.73,0.02,0.679025,0.031566203,0.19709398,0.77133983,BAD,BAD,G_missing_sentinel
2025-07-12 06:00:00+00:00,0.995,0.9950000000000002,0.28604206,0.064704776,0.21835431,0.71694094,GOOD,BAD,
2025-07-12 07:00:00+00:00,0.9299999999999999,0.93,0.6837901,0.027818978,0.7267563,0.24542475,GOOD,SUSPECT,
2025-07-12 08:00:00+00:00,0.6799999999999999,0.68,0.9545924,0.56294143,0.29522854,0.14183003,GOOD,GOOD,
2025-07-12 09:00:00+00:00,0.835,0.8350000000000001,0.8094234,0.9023306,0.07834346,0.019325973,GOOD,GOOD,
2025-07-12 10:00:00+00:00,0.87,0.8700000000000001,0.81978977,0.7895782,0.16634178,0.044080026,GOOD,GOOD,
2025-07-12 11:00:00+00:00,0.71,0.7100000000000001,0.87594223,0.89493304,0.077073716,0.027993253,GOOD,GOOD,
2025-07-12 12:00:00+00:00,0.73,0.7300000000000001,0.7859429,0.9743837,0.015684742,0.009931558,GOOD,GOOD,
2025-07-12 13:00:00+00:00,0.615,0.6150000000000001,0.75197494,0.89201415,0.08240107,0.025584765,GOOD,GOOD,
2025-07-12 14:00:00+00:00,0.645,0.645,0.6737328,0.977425,0.013272669,0.009302329,GOOD,GOOD,
2025-07-12 15:00:00+00:00,0.745,0.745,0.6607489,0.8772118,0.10018772,0.022600453,GOOD,GOOD,
2025-07-12 16:00:00+00:00,0.565,0.5650000000000001,0.734307,0.74185073,0.18375309,0.0743962,GOOD,GOOD,
2025-07-12 17:00:00+00:00,0.53,0.53,0.65052086,0.79134995,0.16060278,0.048047278,GOOD,GOOD,
2025-07-12 18:00:00+00:00,0.71,0.7100000000000001,0.57478046,0.6687147,0.28037813,0.050907154,GOOD,GOOD,
2025-07-12 19:00:00+00:00,0.945,0.9450000000000001,0.67004025,0.2066142,0.6282892,0.16509655,GOOD,SUSPECT,
2025-07-12 20:00:00+00:00,0.71,0.7100000000000001,0.8962653,0.7100764,0.18649934,0.10342428,GOOD,GOOD,
2025-07-12 21:00:00+00:00,0.665,0.6650000000000001,0.81433564,0.6592852,0.21210009,0.12861474,GOOD,GOOD,
2025-07-12 22:00:00+00:00,0.815,0.815,0.71497625,0.83757186,0.13286102,0.029567115,GOOD,GOOD,
2025-07-12 23:00:00+00:00,0.78,0.7800000000000001,0.78734356,0.97414976,0.01610985,0.00974037,GOOD,GOOD,
2025-07-13 00:00:00+00:00,0.75,0.7500000000000001,0.81267196,0.9260839,0.02715673,0.046759356,GOOD,GOOD,
2025-07-13 01:00:00+00:00,0.76,0.7600000000000001,0.7898838,0.90766126,0.021028489,0.07131026,GOOD,GOOD,
2025-07-13 02:00:00+00:00,0.775,0.7750000000000001,0.78314185,0.89130217,0.030791236,0.07790657,GOOD,GOOD,
2025-07-13 03:00:00+00:00,0.7949999999999999,0.7949999999999999,0.7942713,0.859798,0.05185528,0.088346705,GOOD,GOOD,
2025-07-13 04:00:00+00:00,0.655,0.6550000000000001,0.8138053,0.86319864,0.10512507,0.031676263,GOOD,GOOD,
2025-07-13 05:00:00+00:00,0.675,0.675,0.7252232,0.9790771,0.0131403655,0.0077825044,GOOD,GOOD,
2025-07-13 06:00:00+00:00,0.63,0.63,0.69514215,0.96781737,0.021559034,0.010623577,GOOD,GOOD,
2025-07-13 07:00:00+00:00,0.8049999999999999,0.805,0.6658379,0.71371865,0.23880951,0.04747187,GOOD,GOOD,
2025-07-13 08:00:00+00:00,0.935,0.935,0.77392876,0.38836932,0.51727206,0.094358586,GOOD,SUSPECT,
2025-07-13 09:00:00+00:00,0.7050000000000001,0.7050000000000002,0.9218056,0.66135335,0.22551829,0.113128364,GOOD,GOOD,
2025-07-13 10:00:00+00:00,0.87,0.8700000000000001,0.80555487,0.84715915,0.12503773,0.027803151,GOOD,GOOD,
2025-07-13 11:00:00+00:00,0.88,0.8800000000000001,0.84921026,0.6932415,0.17802416,0.12873434,GOOD,GOOD,
2025-07-13 12:00:00+00:00,1.0,1.0000000000000002,0.89555943,0.809059,0.16257729,0.028363682,GOOD,GOOD,
2025-07-13 13:00:00+00:00,1.045,1.045,0.99427557,0.7112944,0.23514436,0.05356123,GOOD,GOOD,
2025-07-13 14:00:00+00:00,0.87,0.8700000000000001,1.0599399,0.85794795,0.10551164,0.036540423,GOOD,GOOD,
2025-07-13 15:00:00+00:00,0.86,0.8600000000000001,0.9433435,0.86818993,0.06198528,0.06982477,GOOD,GOOD,
2025-07-13 16:00:00+00:00,0.855,0.8550000000000001,0.88464326,0.7412468,0.044959415,0.2137938,GOOD,GOOD,
2025-07-13 17:00:00+00:00,0.89,0.89,0.8734859,0.9450211,0.04167404,0.013304895,GOOD,GOOD,
2025-07-13 18:00:00+00:00,0.985,0.9850000000000001,0.9010361,0.8338821,0.14534365,0.02077429,GOOD,GOOD,
2025-07-13 19:00:00+00:00,1.305,1.3050000000000002,0.98152405,0.24874032,0.6512673,0.09999239,GOOD,SUSPECT,
2025-07-13 20:00:00+00:00,1.48,1.4800000000000002,1.2533828,0.040317774,0.8884238,0.07125844,GOOD,SUSPECT,
2025-07-13 21:00:00+00:00,1.33,1.3300000000000003,1.4766852,0.84125525,0.130811,0.027933741,GOOD,GOOD,
2025-07-13 22:00:00+00:00,1.175,1.1750000000000003,1.3808899,0.81630677,0.15069048,0.033002764,GOOD,GOOD,
2025-07-13 23:00:00+00:00,1.32,1.3200000000000003,1.2172779,0.8449122,0.13541822,0.019669645,GOOD,GOOD,
2025-07-14 00:00:00+00:00,1.25,1.2500000000000002,1.2964748,0.92112845,0.059066586,0.019804947,GOOD,GOOD,
2025-07-14 01:00:00+00:00,1.2850000000000001,1.2850000000000004,1.2788868,0.9308794,0.05517615,0.013944429,GOOD,GOOD,
2025-07-14 02:00:00+00:00,1.2,1.2000000000000002,1.2927693,0.9280891,0.05677831,0.015132629,GOOD,GOOD,
2025-07-14 03:00:00+00:00,1.11,1.1100000000000003,1.2301848,0.9384046,0.05071824,0.0108771445,GOOD,GOOD,
2025-07-14 04:00:00+00:00,0.985,0.9850000000000001,1.1417392,0.93009096,0.05978581,0.010123236,GOOD,GOOD,
2025-07-14 05:00:00+00:00,0.9199999999999999,0.92,1.0275115,0.9244274,0.06206405,0.01350853,GOOD,GOOD,
2025-07-14 06:00:00+00:00,0.8500000000000001,0.8500000000000002,0.9503908,0.94964087,0.040538933,0.009820224,GOOD,GOOD,
2025-07-14 07:00:00+00:00,1.08,1.0800000000000003,0.8847794,0.58166826,0.3635479,0.054783825,GOOD,GOOD,
2025-07-14 08:00:00+00:00,1.1949999999999998,1.195,1.0333242,0.21282429,0.70518637,0.08198938,GOOD,SUSPECT,
2025-07-14 09:00:00+00:00,1.1549999999999998,1.155,1.1870497,0.95881283,0.025933674,0.015253505,GOOD,GOOD,
2025-07-14 10:00:00+00:00,0.94,0.94,1.1887666,0.7428191,0.1988196,0.0583613,GOOD,GOOD,
2025-07-14 11:00:00+00:00,0.81,0.8100000000000002,1.0139937,0.66273355,0.26694033,0.070326075,GOOD,GOOD,
2025-07-14 12:00:00+00:00,0.91,0.91,0.863136,0.9336586,0.05212304,0.014218389,GOOD,GOOD,
2025-07-14 13:00:00+00:00,0.91,0.91,0.8955356,0.73321426,0.10868781,0.15809797,GOOD,GOOD,
2025-07-14 14:00:00+00:00,0.9,0.9000000000000001,0.92907196,0.87280554,0.024420049,0.1027744,GOOD,GOOD,
2025-07-14 15:00:00+00:00,0.89,0.89,0.9286715,0.8532849,0.025860004,0.1208551,GOOD,GOOD,
2025-07-14 16:00:00+00:00,0.895,0.8950000000000001,0.91625607,0.8390875,0.031212557,0.12969995,GOOD,GOOD,
2025-07-14 17:00:00+00:00,0.835,0.8350000000000001,0.9150668,0.9533338,0.033717852,0.012948341,GOOD,GOOD,
2025-07-14 18:00:00+00:00,0.76,0.7600000000000001,0.8742112,0.92733645,0.05635438,0.016309137,GOOD,GOOD,
2025-07-14 19:00:00+00:00,0.855,0.8550000000000001,0.8056286,0.930757,0.055204462,0.014038541,GOOD,GOOD,
2025-07-14 20:00:00+00:00,0.76,0.7600000000000001,0.84780324,0.947783,0.03419651,0.018020488,GOOD,GOOD,
2025-07-14 21:00:00+00:00,0.705,0.7050000000000001,0.81036764,0.94678545,0.03548837,0.017726192,GOOD,GOOD,
2025-07-14 22:00:00+00:00,0.66,0.6600000000000001,0.74940306,0.9519954,0.030604769,0.017399848,GOOD,GOOD,
2025-07-14 23:00:00+00:00,0.645,0.645,0.6978032,0.9326697,0.027474059,0.039856236,GOOD,GOOD,
2025-07-15 00:00:00+00:00,0.79,0.79,0.6730333,0.7591475,0.20277599,0.038076494,GOOD,GOOD,
2025-07-15 01:00:00+00:00,0.71,0.7100000000000001,0.7668697,0.9428417,0.03414025,0.023018045,GOOD,GOOD,
2025-07-15 02:00:00+00:00,0.67,0.67,0.7601142,0.9449707,0.032876387,0.022152858,GOOD,GOOD,
2025-07-15 03:00:00+00:00,0.645,0.645,0.71398985,0.94064623,0.027240558,0.032113183,GOOD,GOOD,
2025-07-15 04:00:00+00:00,0.64,0.6400000000000001,0.6782389,0.87337303,0.028415995,0.098211005,GOOD,GOOD,
2025-07-15 05:00:00+00:00,0.56,0.5600000000000002,0.6657437,0.8940723,0.07257999,0.033347707,GOOD,GOOD,
2025-07-15 06:00:00+00:00,0.47,0.47000000000000003,0.61302495,0.77484345,0.16858168,0.05657488,GOOD,GOOD,
2025-07-15 07:00:00+00:00,0.46499999999999997,0.465,0.53093743,0.92419827,0.036542833,0.039258882,GOOD,GOOD,
2025-07-15 08:00:00+00:00,0.485,0.4850000000000001,0.49405062,0.9673495,0.015981227,0.016669251,GOOD,GOOD,
2025-07-15 09:00:00+00:00,0.55,0.55,0.5015959,0.9346917,0.048458293,0.016849995,GOOD,GOOD,
2025-07-15 10:00:00+00:00,0.555,0.555,0.5528954,0.9581154,0.023322461,0.018562144,GOOD,GOOD,
2025-07-15 11:00:00+00:00,0.495,0.4950000000000001,0.581441,0.9406073,0.034720354,0.02467237,GOOD,GOOD,
2025-07-15 12:00:00+00:00,0.53,0.53,0.5480341,0.96585244,0.020171957,0.0139756305,GOOD,GOOD,
2025-07-15 13:00:00+00:00,0.55,0.55,0.548188,0.9622512,0.020625673,0.01712314,GOOD,GOOD,
2025-07-15 14:00:00+00:00,0.6599999999999999,0.66,0.5685627,0.7814913,0.17260762,0.04590109,GOOD,GOOD,
2025-07-15 15:00:00+00:00,0.72,0.72,0.6509056,0.7665606,0.18635872,0.047080677,GOOD,GOOD,
2025-07-15 16:00:00+00:00,0.765,0.765,0.7294588,0.90487534,0.071333356,0.023791289,GOOD,GOOD,
2025-07-15 17:00:00+00:00,0.715,0.715,0.7831535,0.9616996,0.020432083,0.017868318,GOOD,GOOD,
2025-07-15 18:00:00+00:00,0.64,0.6400000000000001,0.76117975,0.9374009,0.04481355,0.017785566,GOOD,GOOD,
2025-07-15 19:00:00+00:00,0.61,0.6100000000000001,0.693022,0.96083045,0.024015231,0.01515434,GOOD,GOOD,
2025-07-15 20:00:00+00:00,0.605,0.605,0.6455023,0.9397926,0.020580126,0.039627306,GOOD,GOOD,
2025-07-15 21:00:00+00:00,0.485,0.4850000000000001,0.6303185,0.73239195,0.18805182,0.07955626,GOOD,GOOD,
2025-07-15 22:00:00+00:00,0.585,0.5850000000000001,0.55263644,0.88003135,0.08641779,0.033550862,GOOD,GOOD,
2025-07-15 23:00:00+00:00,0.545,0.545,0.57828444,0.9667763,0.018532919,0.014690796,GOOD,GOOD,
2025-07-16 00:00:00+00:00,0.55,0.55,0.58046544,0.9615566,0.013490145,0.024953226,GOOD,GOOD,
2025-07-16 01:00:00+00:00,0.585,0.5850000000000001,0.57832557,0.97067714,0.019195262,0.010127614,GOOD,GOOD,
2025-07-16 02:00:00+00:00,0.5549999999999999,0.5549999999999999,0.59997606,0.9755207,0.012148031,0.01233131,GOOD,GOOD,
2025-07-16 03:00:00+00:00,0.51,0.51,0.59244263,0.9640643,0.020747095,0.015188625,GOOD,GOOD,
2025-07-16 04:00:00+00:00,0.495,0.4950000000000001,0.5557355,0.9532317,0.015882429,0.030885886,GOOD,GOOD,
2025-07-16 05:00:00+00:00,0.53,0.53,0.5289648,0.97444415,0.015952388,0.009603452,GOOD,GOOD,
2025-07-16 06:00:00+00:00,0.46499999999999997,0.465,0.5440904,0.949577,0.030187266,0.020235766,GOOD,GOOD,
2025-07-16 07:00:00+00:00,0.45,0.4500000000000001,0.51566863,0.9706485,0.013634684,0.015716763,GOOD,GOOD,
2025-07-16 08:00:00+00:00,0.46,0.46000000000000013,0.4873209,0.96150374,0.014698902,0.023797346,GOOD,GOOD,
2025-07-16 09:00:00+00:00,0.68,0.6800000000000002,0.48402268,0.30740356,0.51108575,0.18151067,GOOD,SUSPECT,
2025-07-16 10:00:00+00:00,0.6333333333333334,0.6333333333333334,0.62988764,0.9420383,0.038569503,0.01939219,GOOD,GOOD,
2025-07-16 11:00:00+00:00,0.5866666666666667,0.5866666666666667,0.676108,0.94996625,0.025984935,0.02404879,GOOD,GOOD,
2025-07-16 12:00:00+00:00,0.54,0.5400000000000001,0.64001155,0.92762005,0.040584266,0.031795662,GOOD,GOOD,
2025-07-16 13:00:00+00:00,0.625,0.625,0.5861355,0.9212828,0.058384273,0.020332893,GOOD,GOOD,
2025-07-16 14:00:00+00:00,0.575,0.575,0.6216038,0.9725044,0.016822057,0.010673582,GOOD,GOOD,
2025-07-16 15:00:00+00:00,0.61,0.6100000000000001,0.61660224,0.97218835,0.015374547,0.012437098,GOOD,GOOD,
2025-07-16 16:00:00+00:00,0.645,0.645,0.6291523,0.93259823,0.041135415,0.026266368,GOOD,GOOD,
2025-07-16 17:00:00+00:00,0.63,0.63,0.6599964,0.9742404,0.01250611,0.013253496,GOOD,GOOD,
2025-07-16 18:00:00+00:00,0.63,0.63,0.662873,0.8405174,0.025122903,0.13435969,GOOD,GOOD,
2025-07-16 19:00:00+00:00,0.575,0.575,0.6588331,0.9565825,0.02654007,0.016877457,GOOD,GOOD,
2025-07-16 20:00:00+00:00,0.525,0.525,0.6207508,0.94072974,0.040978562,0.018291688,GOOD,GOOD,
2025-07-16 21:00:00+00:00,0.45499999999999996,0.455,0.5702852,0.8997368,0.071454994,0.02880818,GOOD,GOOD,
2025-07-16 22:00:00+00:00,0.46,0.46000000000000013,0.50696766,0.97026736,0.013812118,0.015920516,GOOD,GOOD,
2025-07-16 23:00:00+00:00,0.515,0.515,0.4851587,0.94763595,0.03824996,0.014114064,GOOD,GOOD,
2025-07-17 00:00:00+00:00,0.5800000000000001,0.5800000000000001,0.51959854,0.87364244,0.100367814,0.02598977,GOOD,GOOD,
2025-07-17 01:00:00+00:00,0.615,0.6150000000000001,0.5834497,0.9397717,0.042574305,0.017654,GOOD,GOOD,
2025-07-17 02:00:00+00:00,0.66,0.6600000000000001,0.63273436,0.9428459,0.041331716,0.015822431,GOOD,GOOD,
2025-07-17 03:00:00+00:00,0.825,0.8250000000000001,0.67607516,0.5708729,0.33849245,0.0906346,GOOD,GOOD,
2025-07-17 04:00:00+00:00,0.9550000000000001,0.9550000000000002,0.80264264,0.40492952,0.48094937,0.114121124,GOOD,SUSPECT,
2025-07-17 05:00:00+00:00,0.89,0.89,0.94809574,0.91826105,0.054930992,0.026807938,GOOD,GOOD,
2025-07-17 06:00:00+00:00,0.88,0.8800000000000001,0.9415983,0.93683636,0.034719333,0.02844432,GOOD,GOOD,
2025-07-17 07:00:00+00:00,0.715,0.715,0.91192305,0.7408154,0.18693094,0.072253704,GOOD,GOOD,
2025-07-17 08:00:00+00:00,0.65,0.65,0.7872274,0.84065694,0.11449415,0.04484891,GOOD,GOOD,
2025-07-17 09:00:00+00:00,0.685,0.6850000000000002,0.694565,0.9738585,0.017388439,0.008753091,GOOD,GOOD,
2025-07-17 10:00:00+00:00,0.6950000000000001,0.6950000000000001,0.69361,0.9322923,0.02940318,0.038304552,GOOD,GOOD,
2025-07-17 11:00:00+00:00,0.74,0.74,0.7133843,0.95826906,0.03212073,0.009610205,GOOD,GOOD,
2025-07-17 12:00:00+00:00,0.7949999999999999,0.7949999999999999,0.7515386,0.90366095,0.07859526,0.017743789,GOOD,GOOD,
2025-07-17 13:00:00+00:00,0.78,0.7800000000000001,0.8034511,0.9674124,0.017721152,0.014866417,GOOD,GOOD,
2025-07-17 14:00:00+00:00,0.775,0.7750000000000001,0.8105718,0.8338741,0.03270714,0.13341875,GOOD,GOOD,
2025-07-17 15:00:00+00:00,0.7150000000000001,0.7150000000000001,0.8027609,0.95586807,0.028324708,0.015807204,GOOD,GOOD,
2025-07-17 16:00:00+00:00,0.685,0.6850000000000002,0.75824046,0.9680099,0.016745001,0.015245121,GOOD,GOOD,
2025-07-17 17:00:00+00:00,0.68,0.6800000000000002,0.71956635,0.90921545,0.019277208,0.07150732,GOOD,GOOD,
2025-07-17 18:00:00+00:00,0.715,0.715,0.705494,0.97091025,0.01975405,0.009335677,GOOD,GOOD,
2025-07-17 19:00:00+00:00,0.725,0.725,0.7282924,0.961584,0.0147722885,0.023643736,GOOD,GOOD,
2025-07-17 20:00:00+00:00,0.6950000000000001,0.6950000000000001,0.747586,0.9740371,0.013851568,0.012111315,GOOD,GOOD,
2025-07-17 21:00:00+00:00,0.59,0.5900000000000001,0.7320778,0.85320914,0.10630553,0.04048531,GOOD,GOOD,
2025-07-17 22:00:00+00:00,0.5349999999999999,0.5349999999999999,0.65236634,0.8651702,0.09288429,0.041945543,GOOD,GOOD,
2025-07-17 23:00:00+00:00,0.675,0.675,0.5812478,0.69672424,0.24227592,0.06099983,GOOD,GOOD,
2025-07-18 00:00:00+00:00,0.575,0.575,0.6504073,0.88353527,0.07170552,0.044759214,GOOD,GOOD,
2025-07-18 01:00:00+00:00,0.565,0.5650000000000001,0.6317967,0.95558274,0.020117532,0.024299722,GOOD,GOOD,
2025-07-18 02:00:00+00:00,0.58,0.58,0.6018603,0.96245015,0.01691824,0.020631632,GOOD,GOOD,
2025-07-18 03:00:00+00:00,0.6,0.6,0.60085225,0.93983275,0.023816217,0.036351044,GOOD,GOOD,
2025-07-18 04:00:00+00:00,0.585,0.5850000000000001,0.6188487,0.9652734,0.01645296,0.018273648,GOOD,GOOD,
2025-07-18 05:00:00+00:00,0.595,0.595,0.6179808,0.944944,0.0185175,0.0365385,GOOD,GOOD,
2025-07-18 06:00:00+00:00,0.595,0.595,0.62066126,0.7374134,0.031278536,0.23130809,GOOD,GOOD,
2025-07-18 07:00:00+00:00,0.545,0.545,0.62254864,0.92873657,0.04319424,0.02806916,GOOD,GOOD,
2025-07-18 08:00:00+00:00,0.53,0.53,0.5905854,0.94121784,0.02792765,0.030854536,GOOD,GOOD,
2025-07-18 09:00:00+00:00,0.48,0.48000000000000004,0.5642515,0.90840304,0.057402693,0.034194246,GOOD,GOOD,
2025-07-18 10:00:00+00:00,0.375,0.3750000000000001,0.524804,0.67589706,0.23885888,0.08524407,GOOD,GOOD,
2025-07-18 11:00:00+00:00,0.37,0.37000000000000005,0.44313127,0.83201873,0.0811168,0.08686448,GOOD,GOOD,
2025-07-18 12:00:00+00:00,0.44,0.4400000000000001,0.40196323,0.91524917,0.0609665,0.023784354,GOOD,GOOD,
2025-07-18 13:00:00+00:00,0.42,0.42000000000000004,0.43758312,0.9597132,0.021614674,0.018672094,GOOD,GOOD,
2025-07-18 14:00:00+00:00,0.43,0.43000000000000005,0.4529078,0.9582998,0.017139679,0.024560483,GOOD,GOOD,
2025-07-18 15:00:00+00:00,0.44,0.4400000000000001,0.4588962,0.86446756,0.025990503,0.10954195,GOOD,GOOD,
2025-07-18 16:00:00+00:00,0.43,0.43000000000000005,0.46613666,0.93915725,0.016617268,0.044225466,GOOD,GOOD,
2025-07-18 17:00:00+00:00,0.51,0.51,0.46322444,0.9028676,0.07159297,0.025539419,GOOD,GOOD,
2025-07-18 18:00:00+00:00,0.495,0.4950000000000001,0.51057464,0.9673017,0.016876638,0.015821606,GOOD,GOOD,
2025-07-18 19:00:00+00:00,0.445,0.44500000000000006,0.52822,0.94755656,0.029492198,0.02295127,GOOD,GOOD,
2025-07-18 20:00:00+00:00,0.46499999999999997,0.465,0.49633652,0.975041,0.0125150895,0.01244396,GOOD,GOOD,
2025-07-18 21:00:00+00:00,0.45,0.4500000000000001,0.48887518,0.96931225,0.012703091,0.01798467,GOOD,GOOD,
2025-07-18 22:00:00+00:00,0.445,0.44500000000000006,0.48231992,0.82605267,0.029124977,0.14482237,GOOD,GOOD,
2025-07-18 23:00:00+00:00,0.475,0.4750000000000001,0.47634348,0.9701645,0.01652275,0.013312772,GOOD,GOOD,
2025-07-19 00:00:00+00:00,0.43,0.43000000000000005,0.49294755,0.9446595,0.03019499,0.025145518,GOOD,GOOD,
2025-07-19 01:00:00+00:00,0.44999999999999996,0.45000000000000007,0.47498062,0.96346194,0.018100474,0.018437605,GOOD,GOOD,
2025-07-19 02:00:00+00:00,0.41000000000000003,0.4100000000000001,0.47381964,0.9343247,0.036121007,0.029554328,GOOD,GOOD,
2025-07-19 03:00:00+00:00,0.4,0.40000000000000013,0.4524726,0.94027865,0.024547566,0.035173796,GOOD,GOOD,
2025-07-19 04:00:00+00:00,0.395,0.3950000000000001,0.43415856,0.78114665,0.037210442,0.18164295,GOOD,GOOD,
2025-07-19 05:00:00+00:00,0.41500000000000004,0.41500000000000015,0.4252294,0.9633242,0.01654416,0.020131622,GOOD,GOOD,
2025-07-19 06:00:00+00:00,0.405,0.4050000000000001,0.4359214,0.9536075,0.018348256,0.02804426,GOOD,GOOD,
2025-07-19 07:00:00+00:00,0.37,0.37000000000000005,0.43742174,0.92021555,0.040947665,0.03883681,GOOD,GOOD,
2025-07-19 08:00:00+00:00,0.345,0.34500000000000003,0.41428313,0.8898753,0.05212186,0.05800284,GOOD,GOOD,
2025-07-19 09:00:00+00:00,0.4,0.40000000000000013,0.38576025,0.9340225,0.04382326,0.022154232,GOOD,GOOD,
2025-07-19 10:00:00+00:00,0.435,0.4350000000000001,0.4077632,0.9399294,0.041016515,0.019054072,GOOD,GOOD,
2025-07-19 11:00:00+00:00,0.385,0.38500000000000006,0.44826502,0.953802,0.026015481,0.020182546,GOOD,GOOD,
2025-07-19 12:00:00+00:00,0.385,0.38500000000000006,0.43490082,0.9643711,0.014550023,0.021078907,GOOD,GOOD,
2025-07-19 13:00:00+00:00,0.38,0.38000000000000006,0.41898757,0.84714055,0.025200328,0.12765913,GOOD,GOOD,
2025-07-19 14:00:00+00:00,0.37,0.37000000000000005,0.41072208,0.8882681,0.025485242,0.08624666,GOOD,GOOD,
2025-07-19 15:00:00+00:00,0.355,0.35500000000000004,0.40303183,0.9052019,0.02815905,0.06663902,GOOD,GOOD,
2025-07-19 16:00:00+00:00,0.39,0.3900000000000001,0.39084575,0.96165884,0.021654088,0.016687065,GOOD,GOOD,
2025-07-19 17:00:00+00:00,0.37,0.37000000000000005,0.4065229,0.9670905,0.015762454,0.017147059,GOOD,GOOD,
2025-07-19 18:00:00+00:00,0.385,0.38500000000000006,0.4059885,0.96912646,0.0146534685,0.016220082,GOOD,GOOD,
2025-07-19 19:00:00+00:00,0.375,0.3750000000000001,0.41096482,0.9523855,0.01732144,0.030293083,GOOD,GOOD,
2025-07-19 20:00:00+00:00,0.39,0.3900000000000001,0.4082755,0.9618378,0.018110208,0.020051986,GOOD,GOOD,
2025-07-19 21:00:00+00:00,0.37,0.37000000000000005,0.4147726,0.9520528,0.022710629,0.025236592,GOOD,GOOD,
2025-07-19 22:00:00+00:00,0.375,0.3750000000000001,0.40704998,0.94380444,0.018836154,0.037359398,GOOD,GOOD,
2025-07-19 23:00:00+00:00,0.375,0.3750000000000001,0.40409714,0.66000795,0.037384033,0.302608,GOOD,GOOD,
2025-07-20 00:00:00+00:00,0.355,0.35500000000000004,0.40427718,0.94382477,0.024851901,0.031323362,GOOD,GOOD,
2025-07-20 01:00:00+00:00,0.29000000000000004,0.2900000000000001,0.39265513,0.80777967,0.12680097,0.06541937,GOOD,GOOD,
2025-07-20 02:00:00+00:00,0.32,0.32000000000000006,0.34668428,0.9347983,0.03366836,0.031533323,GOOD,GOOD,
2025-07-20 03:00:00+00:00,0.315,0.31500000000000006,0.3397956,0.9469593,0.022602621,0.030438047,GOOD,GOOD,
2025-07-20 04:00:00+00:00,0.305,0.3050000000000001,0.34304705,0.9080775,0.028418485,0.06350401,GOOD,GOOD,
2025-07-20 05:00:00+00:00,0.315,0.31500000000000006,0.33933586,0.9458316,0.020826755,0.033341657,GOOD,GOOD,
2025-07-20 06:00:00+00:00,0.325,0.32500000000000007,0.34210572,0.88134265,0.02752075,0.09113659,GOOD,GOOD,
2025-07-20 07:00:00+00:00,0.3,0.30000000000000004,0.35078096,0.93185115,0.029498141,0.038650718,GOOD,GOOD,
2025-07-20 08:00:00+00:00,0.295,0.29500000000000004,0.3403277,0.8910153,0.038221028,0.07076367,GOOD,GOOD,
2025-07-20 09:00:00+00:00,0.275,0.2750000000000001,0.32910037,0.90048224,0.03952072,0.059997045,GOOD,GOOD,
2025-07-20 10:00:00+00:00,0.32,0.32000000000000006,0.3131562,0.9182098,0.050031394,0.031758808,GOOD,GOOD,
2025-07-20 11:00:00+00:00,0.31,0.31000000000000005,0.33252862,0.96696866,0.017511949,0.015519392,GOOD,GOOD,
2025-07-20 12:00:00+00:00,0.315,0.31500000000000006,0.34192562,0.92710066,0.019611957,0.0532874,GOOD,GOOD,
2025-07-20 13:00:00+00:00,0.325,0.32500000000000007,0.34548235,0.9057066,0.022693325,0.07160007,GOOD,GOOD,
2025-07-20 14:00:00+00:00,0.365,0.3650000000000001,0.35197937,0.9536226,0.030580536,0.015796902,GOOD,GOOD,
2025-07-20 15:00:00+00:00,0.385,0.38500000000000006,0.37953413,0.9594094,0.024569614,0.016020985,GOOD,GOOD,
2025-07-20 16:00:00+00:00,0.35,0.35000000000000003,0.40678984,0.9706153,0.016425945,0.012958709,GOOD,GOOD,
2025-07-20 17:00:00+00:00,0.385,0.38500000000000006,0.3951946,0.95994246,0.02319441,0.016863156,GOOD,GOOD,
2025-07-20 18:00:00+00:00,0.395,0.3950000000000001,0.40434477,0.96506214,0.018076655,0.01686119,GOOD,GOOD,
2025-07-20 19:00:00+00:00,0.405,0.4050000000000001,0.41918686,0.8737389,0.032779995,0.09348112,GOOD,GOOD,
2025-07-20 20:00:00+00:00,0.43,0.43000000000000005,0.4315562,0.95904285,0.02365909,0.017298078,GOOD,GOOD,
2025-07-20 21:00:00+00:00,0.46499999999999997,0.465,0.45106873,0.9438194,0.03591229,0.020268286,GOOD,GOOD,
2025-07-20 22:00:00+00:00,0.49,0.4900000000000001,0.48171675,0.93699974,0.038539473,0.02446081,GOOD,GOOD,
2025-07-20 23:00:00+00:00,0.54,0.5400000000000001,0.5107451,0.91085196,0.059694212,0.029453846,GOOD,GOOD,
2025-07-21 00:00:00+00:00,0.53,0.53,0.55264467,0.919611,0.04699092,0.033398073,GOOD,GOOD,
2025-07-21 01:00:00+00:00,0.485,0.4850000000000001,0.56337404,0.932505,0.042765617,0.024729347,GOOD,GOOD,
2025-07-21 02:00:00+00:00,0.47,0.47000000000000003,0.5324956,0.96483064,0.019308895,0.01586046,GOOD,GOOD,
2025-07-21 03:00:00+00:00,0.55,0.55,0.5053287,0.8872783,0.07867814,0.034043513,GOOD,GOOD,
2025-07-21 04:00:00+00:00,0.55,0.55,0.5480429,0.94999474,0.03119953,0.018805716,GOOD,GOOD,
2025-07-21 05:00:00+00:00,0.505,0.505,0.5759193,0.96355957,0.020749805,0.015690602,GOOD,GOOD,
2025-07-21 06:00:00+00:00,0.495,0.4950000000000001,0.55244905,0.97488874,0.012257488,0.012853775,GOOD,GOOD,
2025-07-21 07:00:00+00:00,0.42500000000000004,0.42500000000000016,0.5291199,0.9182162,0.05543054,0.026353244,GOOD,GOOD,
2025-07-21 08:00:00+00:00,0.44,0.4400000000000001,0.4779352,0.97633183,0.013919108,0.009749033,GOOD,GOOD,
2025-07-21 09:00:00+00:00,0.52,0.52,0.4634823,0.8875741,0.086432,0.025993925,GOOD,GOOD,
2025-07-21 10:00:00+00:00,0.52,0.52,0.51601404,0.9607053,0.022785008,0.016509738,GOOD,GOOD,
2025-07-21 11:00:00+00:00,0.49,0.4900000000000001,0.54694086,0.9768764,0.011409543,0.011714071,GOOD,GOOD,
2025-07-21 12:00:00+00:00,0.495,0.4950000000000001,0.53327227,0.9740364,0.009818647,0.01614494,GOOD,GOOD,
2025-07-21 13:00:00+00:00,0.425,0.4250000000000001,0.5240816,0.9154767,0.054794025,0.029729268,GOOD,GOOD,
2025-07-21 14:00:00+00:00,0.495,0.4950000000000001,0.47872752,0.9280127,0.05094708,0.021040205,GOOD,GOOD,
2025-07-21 15:00:00+00:00,0.56,0.5600000000000002,0.49930435,0.8561992,0.110104434,0.03369635,GOOD,GOOD,
2025-07-21 16:00:00+00:00,0.46,0.46000000000000013,0.5616943,0.8967385,0.06344073,0.039820764,GOOD,GOOD,
2025-07-21 17:00:00+00:00,0.46499999999999997,0.465,0.52601904,0.9697005,0.013811495,0.016487999,GOOD,GOOD,
2025-07-21 18:00:00+00:00,0.46499999999999997,0.465,0.4980355,0.7855748,0.022345616,0.19207962,GOOD,GOOD,
2025-07-21 19:00:00+00:00,0.43,0.43000000000000005,0.49124527,0.9650624,0.0206741,0.014263536,GOOD,GOOD,
2025-07-21 20:00:00+00:00,0.435,0.4350000000000001,0.4706904,0.9693429,0.0139563205,0.016700808,GOOD,GOOD,
2025-07-21 21:00:00+00:00,0.455,0.45500000000000007,0.46312007,0.9674354,0.0157214,0.016843159,GOOD,GOOD,
2025-07-21 22:00:00+00:00,0.48,0.48000000000000004,0.4754846,0.93562454,0.029007157,0.03536831,GOOD,GOOD,
2025-07-21 23:00:00+00:00,0.54,0.5400000000000001,0.4992341,0.9364265,0.047789447,0.015784005,GOOD,GOOD,
2025-07-22 00:00:00+00:00,0.56,0.5600000000000002,0.54780966,0.9567257,0.026462851,0.016811427,GOOD,GOOD,
2025-07-22 01:00:00+00:00,0.475,0.4750000000000001,0.58237535,0.9183944,0.052514393,0.029091232,GOOD,GOOD,
2025-07-22 02:00:00+00:00,0.51,0.51,0.5369151,0.97304887,0.015757691,0.011193452,GOOD,GOOD,
2025-07-22 03:00:00+00:00,0.44999999999999996,2.2500000000000004,0.52930945,0.0057682395,0.029540101,0.96469164,BAD,BAD,B_mult
2025-07-22 04:00:00+00:00,0.48,0.48000000000000004,1.9033647,0.006195426,0.023405315,0.97039926,GOOD,BAD,
2025-07-22 05:00:00+00:00,0.445,0.44500000000000006,0.9688066,0.0014563203,0.4594959,0.5390478,GOOD,SUSPECT,
2025-07-22 06:00:00+00:00,0.5,0.5000000000000001,0.52431864,0.961058,0.02646706,0.0124749085,GOOD,GOOD,
2025-07-22 07:00:00+00:00,0.51,0.51,0.46164235,0.30591,0.35891992,0.3351701,GOOD,SUSPECT,
2025-07-22 08:00:00+00:00,0.485,0.4850000000000001,0.5111968,0.9551598,0.027729273,0.017110923,GOOD,GOOD,
2025-07-22 09:00:00+00:00,0.48,0.48000000000000004,0.5254829,0.81812215,0.050662152,0.13121572,GOOD,GOOD,
2025-07-22 10:00:00+00:00,0.535,0.535,0.517278,0.93840015,0.044102192,0.017497635,GOOD,GOOD,
2025-07-22 11:00:00+00:00,0.6,0.6,0.5448816,0.9030093,0.072938286,0.024052389,GOOD,GOOD,
2025-07-22 12:00:00+00:00,0.61,0.6100000000000001,0.6035677,0.940334,0.03740784,0.022258135,GOOD,GOOD,
2025-07-22 13:00:00+00:00,0.5549999999999999,0.5549999999999999,0.63542575,0.9462375,0.035355862,0.018406639,GOOD,GOOD,
2025-07-22 14:00:00+00:00,0.48,0.48000000000000004,0.6053794,0.9136255,0.065297015,0.021077497,GOOD,GOOD,
2025-07-22 15:00:00+00:00,0.49,0.4900000000000001,0.5376578,0.974475,0.009256458,0.016268488,GOOD,GOOD,
2025-07-22 16:00:00+00:00,0.45,0.4500000000000001,0.51475745,0.96974593,0.015940186,0.014313907,GOOD,GOOD,
2025-07-22 17:00:00+00:00,0.44999999999999996,0.45000000000000007,0.49018025,0.9375506,0.018138772,0.044310626,GOOD,GOOD,
2025-07-22 18:00:00+00:00,0.44,0.4400000000000001,0.47982478,0.9029598,0.024641896,0.07239828,GOOD,GOOD,
2025-07-22 19:00:00+00:00,0.445,0.44500000000000006,0.47223824,0.8906097,0.024831476,0.08455884,GOOD,GOOD,
2025-07-22 20:00:00+00:00,0.49,0.4900000000000001,0.47256434,0.9580189,0.030062268,0.011918844,GOOD,GOOD,
2025-07-22 21:00:00+00:00,0.48,0.48000000000000004,0.5022553,0.9729921,0.0132271405,0.013780717,GOOD,GOOD,
2025-07-22 22:00:00+00:00,0.5,0.5000000000000001,0.51212704,0.9699767,0.015014964,0.015008336,GOOD,GOOD,
2025-07-22 23:00:00+00:00,0.515,0.515,0.5239781,0.9123169,0.02314444,0.064538665,GOOD,GOOD,
2025-07-23 00:00:00+00:00,0.46,0.46000000000000013,0.5386359,0.9452226,0.030898707,0.023878653,GOOD,GOOD,
2025-07-23 01:00:00+00:00,0.4,0.40000000000000013,0.5095199,0.8874059,0.077299915,0.035294212,GOOD,GOOD,
2025-07-23 02:00:00+00:00,0.355,0.35500000000000004,0.4537649,0.87480915,0.0837854,0.041405477,GOOD,GOOD,
2025-07-23 03:00:00+00:00,0.345,0.34500000000000003,0.40150082,0.96092576,0.020603279,0.01847098,GOOD,GOOD,
2025-07-23 04:00:00+00:00,0.325,0.32500000000000007,0.37654167,0.94768286,0.02632487,0.025992244,GOOD,GOOD,
2025-07-23 05:00:00+00:00,0.31,0.31000000000000005,0.3599789,0.9118893,0.0334184,0.054692287,GOOD,GOOD,
2025-07-23 06:00:00+00:00,0.295,0.29500000000000004,0.34537295,0.88396275,0.039720517,0.076316744,GOOD,GOOD,
2025-07-23 07:00:00+00:00,0.365,0.3650000000000001,0.33077475,0.87663734,0.08476707,0.038595553,GOOD,GOOD,
2025-07-23 08:00:00+00:00,0.37,0.37000000000000005,0.3668687,0.9425331,0.033620425,0.023846498,GOOD,GOOD,
2025-07-23 09:00:00+00:00,0.39,0.3900000000000001,0.39489162,0.96283257,0.018498797,0.018668633,GOOD,GOOD,
2025-07-23 10:00:00+00:00,0.355,0.35500000000000004,0.41491464,0.96450573,0.018811218,0.016683068,GOOD,GOOD,
2025-07-23 11:00:00+00:00,0.36,0.36000000000000004,0.39994898,0.9719841,0.011400265,0.016615663,GOOD,GOOD,
2025-07-23 12:00:00+00:00,0.38,0.38000000000000006,0.39057067,0.96297204,0.016035456,0.020992517,GOOD,GOOD,
2025-07-23 13:00:00+00:00,0.405,0.4050000000000001,0.40121135,0.93600804,0.02867113,0.035320856,GOOD,GOOD,
2025-07-23 14:00:00+00:00,0.36,0.36000000000000004,0.424542,0.9626911,0.021755204,0.01555367,GOOD,GOOD,
2025-07-23 15:00:00+00:00,0.36,0.36000000000000004,0.40773872,0.97390294,0.0112982895,0.01479877,GOOD,GOOD,
2025-07-23 16:00:00+00:00,0.33,0.3300000000000001,0.39304054,0.96618146,0.019080596,0.01473797,GOOD,GOOD,
2025-07-23 17:00:00+00:00,0.37,0.37000000000000005,0.37058842,0.958557,0.025541535,0.015901446,GOOD,GOOD,
2025-07-23 18:00:00+00:00,0.42,0.42000000000000004,0.3843838,0.93271804,0.049270663,0.018011319,GOOD,GOOD,
2025-07-23 19:00:00+00:00,0.32999999999999996,0.33000000000000007,0.42804736,0.83735824,0.104526766,0.05811499,GOOD,GOOD,
2025-07-23 20:00:00+00:00,0.39,,0.3945388,0.95043254,0.030675884,0.018891577,BAD,BAD,G_missing_sentinel
2025-07-23 21:00:00+00:00,0.41,0.41000000000000003,,0.8873028,0.07604902,0.036648143,GOOD,GOOD,
2025-07-23 22:00:00+00:00,0.33999999999999997,0.3400000000000001,,0.8873028,0.07604902,0.036648143,GOOD,GOOD,
2025-07-23 23:00:00+00:00,0.365,0.3650000000000001,,0.8873028,0.07604902,0.036648143,GOOD,GOOD,
2025-07-24 00:00:00+00:00,0.32,0.32000000000000006,,0.8873028,0.07604902,0.036648143,GOOD,GOOD,
2025-07-24 01:00:00+00:00,0.33999999999999997,0.3400000000000001,,0.8873028,0.07604902,0.036648143,GOOD,GOOD,
2025-07-24 02:00:00+00:00,0.36,0.36000000000000004,,0.8873028,0.07604902,0.036648143,GOOD,GOOD,
2025-07-24 03:00:00+00:00,0.345,0.34500000000000003,,0.8873028,0.07604902,0.036648143,GOOD,GOOD,
2025-07-24 04:00:00+00:00,0.325,0.32500000000000007,,0.8873028,0.07604902,0.036648143,GOOD,GOOD,
2025-07-24 05:00:00+00:00,0.33,0.3300000000000001,,0.8873028,0.07604902,0.036648143,GOOD,GOOD,
2025-07-24 06:00:00+00:00,0.315,0.31500000000000006,,0.8873028,0.07604902,0.036648143,GOOD,GOOD,
2025-07-24 07:00:00+00:00,0.28500000000000003,0.2850000000000001,,0.8873028,0.07604902,0.036648143,GOOD,GOOD,
2025-07-24 08:00:00+00:00,0.22499999999999998,0.22499999999999998,,0.8873028,0.07604902,0.036648143,GOOD,GOOD,
2025-07-24 09:00:00+00:00,0.27,0.2700000000000001,,0.8873028,0.07604902,0.036648143,GOOD,GOOD,
2025-07-24 10:00:00+00:00,0.29,0.29000000000000004,,0.8873028,0.07604902,0.036648143,GOOD,GOOD,
2025-07-24 11:00:00+00:00,0.335,0.3350000000000001,,0.8873028,0.07604902,0.036648143,GOOD,GOOD,
2025-07-24 12:00:00+00:00,0.325,0.32500000000000007,,0.8873028,0.07604902,0.036648143,GOOD,GOOD,
2025-07-24 13:00:00+00:00,0.33999999999999997,0.3400000000000001,,0.8873028,0.07604902,0.036648143,GOOD,GOOD,
2025-07-24 14:00:00+00:00,0.4,0.40000000000000013,,0.8873028,0.07604902,0.036648143,GOOD,GOOD,
2025-07-24 15:00:00+00:00,0.37,0.37000000000000005,,0.8873028,0.07604902,0.036648143,GOOD,GOOD,
2025-07-24 16:00:00+00:00,0.33499999999999996,0.335,,0.8873028,0.07604902,0.036648143,GOOD,GOOD,
2025-07-24 17:00:00+00:00,0.39,0.3900000000000001,,0.8873028,0.07604902,0.036648143,GOOD,GOOD,
2025-07-24 18:00:00+00:00,0.435,0.4350000000000001,,0.8873028,0.07604902,0.036648143,GOOD,GOOD,
2025-07-24 19:00:00+00:00,0.39,0.3900000000000001,,0.8873028,0.07604902,0.036648143,GOOD,GOOD,
2025-07-24 20:00:00+00:00,0.29500000000000004,0.2950000000000001,,0.8873028,0.07604902,0.036648143,GOOD,GOOD,
2025-07-24 21:00:00+00:00,0.37,0.37000000000000005,,0.8873028,0.07604902,0.036648143,GOOD,GOOD,
2025-07-24 22:00:00+00:00,0.42,0.42000000000000004,,0.8873028,0.07604902,0.036648143,GOOD,GOOD,
2025-07-24 23:00:00+00:00,0.405,0.4050000000000001,,0.8873028,0.07604902,0.036648143,GOOD,GOOD,
2025-07-25 00:00:00+00:00,0.385,0.38500000000000006,,0.8873028,0.07604902,0.036648143,GOOD,GOOD,
2025-07-25 01:00:00+00:00,0.405,0.4050000000000001,,0.8873028,0.07604902,0.036648143,GOOD,GOOD,
2025-07-25 02:00:00+00:00,0.52,0.52,,0.8873028,0.07604902,0.036648143,GOOD,GOOD,
2025-07-25 03:00:00+00:00,0.445,2.2250000000000005,,0.8873028,0.07604902,0.036648143,BAD,GOOD,B_mult
2025-07-25 04:00:00+00:00,0.515,0.515,,0.8873028,0.07604902,0.036648143,GOOD,GOOD,
2025-07-25 05:00:00+00:00,0.49,0.4900000000000001,,0.8873028,0.07604902,0.036648143,GOOD,GOOD,
2025-07-25 06:00:00+00:00,0.5700000000000001,0.5700000000000001,,0.8873028,0.07604902,0.036648143,GOOD,GOOD,
2025-07-25 07:00:00+00:00,0.545,0.545,,0.8873028,0.07604902,0.036648143,GOOD,GOOD,
2025-07-25 08:00:00+00:00,0.4,0.40000000000000013,,0.8873028,0.07604902,0.036648143,GOOD,GOOD,
2025-07-25 09:00:00+00:00,0.52,0.52,,0.8873028,0.07604902,0.036648143,GOOD,GOOD,
2025-07-25 10:00:00+00:00,0.5,0.5000000000000001,,0.8873028,0.07604902,0.036648143,GOOD,GOOD,
2025-07-25 11:00:00+00:00,0.51,0.51,,0.8873028,0.07604902,0.036648143,GOOD,GOOD,
2025-07-25 12:00:00+00:00,0.515,0.515,,0.8873028,0.07604902,0.036648143,GOOD,GOOD,
2025-07-25 13:00:00+00:00,0.55,0.55,,0.8873028,0.07604902,0.036648143,GOOD,GOOD,
2025-07-25 14:00:00+00:00,0.565,0.5650000000000001,,0.8873028,0.07604902,0.036648143,GOOD,GOOD,
2025-07-25 15:00:00+00:00,0.5249999999999999,0.5249999999999999,,0.8873028,0.07604902,0.036648143,GOOD,GOOD,
2025-07-25 16:00:00+00:00,0.475,0.4750000000000001,,0.8873028,0.07604902,0.036648143,GOOD,GOOD,
2025-07-25 17:00:00+00:00,0.44,0.4400000000000001,,0.8873028,0.07604902,0.036648143,GOOD,GOOD,
2025-07-25 18:00:00+00:00,0.5,0.5000000000000001,,0.8873028,0.07604902,0.036648143,GOOD,GOOD,
2025-07-25 19:00:00+00:00,0.505,0.505,,0.8873028,0.07604902,0.036648143,GOOD,GOOD,
2025-07-25 20:00:00+00:00,0.47,0.47000000000000003,,0.8873028,0.07604902,0.036648143,GOOD,GOOD,
2025-07-25 21:00:00+00:00,0.435,0.4350000000000001,,0.8873028,0.07604902,0.036648143,GOOD,GOOD,
2025-07-25 22:00:00+00:00,0.475,0.4750000000000001,,0.8873028,0.07604902,0.036648143,GOOD,GOOD,
2025-07-25 23:00:00+00:00,0.495,0.4950000000000001,,0.8873028,0.07604902,0.036648143,GOOD,GOOD,
2025-07-26 00:00:00+00:00,0.51,0.51,,0.8873028,0.07604902,0.036648143,GOOD,GOOD,
2025-07-26 01:00:00+00:00,0.495,0.4950000000000001,,0.8873028,0.07604902,0.036648143,GOOD,GOOD,
2025-07-26 02:00:00+00:00,0.5,0.5000000000000001,,0.8873028,0.07604902,0.036648143,GOOD,GOOD,
2025-07-26 03:00:00+00:00,0.44499999999999995,0.445,,0.8873028,0.07604902,0.036648143,GOOD,GOOD,
2025-07-26 04:00:00+00:00,0.42,0.42000000000000004,,0.8873028,0.07604902,0.036648143,GOOD,GOOD,
2025-07-26 05:00:00+00:00,0.4,0.40000000000000013,,0.8873028,0.07604902,0.036648143,GOOD,GOOD,
2025-07-26 06:00:00+00:00,0.38,0.38000000000000006,,0.8873028,0.07604902,0.036648143,GOOD,GOOD,
2025-07-26 07:00:00+00:00,0.4,0.40000000000000013,,0.8873028,0.07604902,0.036648143,GOOD,GOOD,
2025-07-26 08:00:00+00:00,0.32,0.32000000000000006,,0.8873028,0.07604902,0.036648143,GOOD,GOOD,
2025-07-26 09:00:00+00:00,0.31,0.31000000000000005,,0.8873028,0.07604902,0.036648143,GOOD,GOOD,
2025-07-26 10:00:00+00:00,0.36,0.36000000000000004,,0.8873028,0.07604902,0.036648143,GOOD,GOOD,
2025-07-26 11:00:00+00:00,0.36,0.36000000000000004,,0.8873028,0.07604902,0.036648143,GOOD,GOOD,
2025-07-26 12:00:00+00:00,0.33,0.3300000000000001,,0.8873028,0.07604902,0.036648143,GOOD,GOOD,
2025-07-26 13:00:00+00:00,0.385,0.38500000000000006,,0.8873028,0.07604902,0.036648143,GOOD,GOOD,
2025-07-26 14:00:00+00:00,0.39,0.3900000000000001,,0.8873028,0.07604902,0.036648143,GOOD,GOOD,
2025-07-26 15:00:00+00:00,0.385,0.38500000000000006,,0.8873028,0.07604902,0.036648143,GOOD,GOOD,
2025-07-26 16:00:00+00:00,0.38,0.38000000000000006,,0.8873028,0.07604902,0.036648143,GOOD,GOOD,
2025-07-26 17:00:00+00:00,0.4,0.40000000000000013,,0.8873028,0.07604902,0.036648143,GOOD,GOOD,
2025-07-26 18:00:00+00:00,0.39,0.3900000000000001,,0.8873028,0.07604902,0.036648143,GOOD,GOOD,
2025-07-26 19:00:00+00:00,0.43000000000000005,0.4300000000000001,,0.8873028,0.07604902,0.036648143,GOOD,GOOD,
2025-07-26 20:00:00+00:00,0.33,0.3300000000000001,,0.8873028,0.07604902,0.036648143,GOOD,GOOD,
2025-07-26 21:00:00+00:00,0.29500000000000004,0.2950000000000001,,0.8873028,0.07604902,0.036648143,GOOD,GOOD,
2025-07-26 22:00:00+00:00,0.345,0.34500000000000003,,0.8873028,0.07604902,0.036648143,GOOD,GOOD,
2025-07-26 23:00:00+00:00,0.36,0.36000000000000004,,0.8873028,0.07604902,0.036648143,GOOD,GOOD,
2025-07-27 00:00:00+00:00,0.4,0.40000000000000013,,0.8873028,0.07604902,0.036648143,GOOD,GOOD,
2025-07-27 01:00:00+00:00,0.405,0.4050000000000001,,0.8873028,0.07604902,0.036648143,GOOD,GOOD,
2025-07-27 02:00:00+00:00,0.39,0.3900000000000001,,0.8873028,0.07604902,0.036648143,GOOD,GOOD,
2025-07-27 03:00:00+00:00,0.4,0.40000000000000013,,0.8873028,0.07604902,0.036648143,GOOD,GOOD,
2025-07-27 04:00:00+00:00,0.38,0.38000000000000006,,0.8873028,0.07604902,0.036648143,GOOD,GOOD,
2025-07-27 05:00:00+00:00,0.4,0.40000000000000013,,0.8873028,0.07604902,0.036648143,GOOD,GOOD,
2025-07-27 06:00:00+00:00,0.395,0.3950000000000001,,0.8873028,0.07604902,0.036648143,GOOD,GOOD,
2025-07-27 07:00:00+00:00,0.505,0.505,,0.8873028,0.07604902,0.036648143,GOOD,GOOD,
2025-07-27 08:00:00+00:00,0.5,0.5000000000000001,,0.8873028,0.07604902,0.036648143,GOOD,GOOD,
2025-07-27 09:00:00+00:00,0.41000000000000003,0.4100000000000001,,0.8873028,0.07604902,0.036648143,GOOD,GOOD,
2025-07-27 10:00:00+00:00,0.48,0.48000000000000004,,0.8873028,0.07604902,0.036648143,GOOD,GOOD,
2025-07-27 11:00:00+00:00,0.46,0.46000000000000013,,0.8873028,0.07604902,0.036648143,GOOD,GOOD,
2025-07-27 12:00:00+00:00,0.45,0.4500000000000001,,0.8873028,0.07604902,0.036648143,GOOD,GOOD,
2025-07-27 13:00:00+00:00,0.41,0.41000000000000003,,0.8873028,0.07604902,0.036648143,GOOD,GOOD,
2025-07-27 14:00:00+00:00,0.415,0.4150000000000001,,0.8873028,0.07604902,0.036648143,GOOD,GOOD,
2025-07-27 15:00:00+00:00,0.435,0.4350000000000001,,0.8873028,0.07604902,0.036648143,GOOD,GOOD,
2025-07-27 16:00:00+00:00,0.415,0.4150000000000001,,0.8873028,0.07604902,0.036648143,GOOD,GOOD,
2025-07-27 17:00:00+00:00,0.375,0.3750000000000001,,0.8873028,0.07604902,0.036648143,GOOD,GOOD,
2025-07-27 18:00:00+00:00,0.43,0.43000000000000005,,0.8873028,0.07604902,0.036648143,GOOD,GOOD,
2025-07-27 19:00:00+00:00,0.48,0.48000000000000004,,0.8873028,0.07604902,0.036648143,GOOD,GOOD,
2025-07-27 20:00:00+00:00,0.5449999999999999,0.5449999999999999,,0.8873028,0.07604902,0.036648143,GOOD,GOOD,
2025-07-27 21:00:00+00:00,0.46,0.46000000000000013,,0.8873028,0.07604902,0.036648143,GOOD,GOOD,
2025-07-27 22:00:00+00:00,0.37,0.37000000000000005,,0.8873028,0.07604902,0.036648143,GOOD,GOOD,
2025-07-27 23:00:00+00:00,0.43999999999999995,0.44000000000000006,,0.8873028,0.07604902,0.036648143,GOOD,GOOD,
2025-07-28 00:00:00+00:00,0.455,0.45500000000000007,,0.8873028,0.07604902,0.036648143,GOOD,GOOD,
2025-07-28 01:00:00+00:00,0.435,0.4350000000000001,,0.8873028,0.07604902,0.036648143,GOOD,GOOD,
2025-07-28 02:00:00+00:00,0.405,0.4050000000000001,,0.8873028,0.07604902,0.036648143,GOOD,GOOD,
2025-07-28 03:00:00+00:00,0.39,0.3900000000000001,,0.8873028,0.07604902,0.036648143,GOOD,GOOD,
2025-07-28 04:00:00+00:00,0.405,0.4050000000000001,,0.8873028,0.07604902,0.036648143,GOOD,GOOD,
2025-07-28 05:00:00+00:00,0.365,0.3650000000000001,,0.8873028,0.07604902,0.036648143,GOOD,GOOD,
2025-07-28 06:00:00+00:00,0.375,0.3750000000000001,,0.8873028,0.07604902,0.036648143,GOOD,GOOD,
2025-07-28 07:00:00+00:00,0.37,0.37000000000000005,,0.8873028,0.07604902,0.036648143,GOOD,GOOD,
2025-07-28 08:00:00+00:00,0.43,0.43000000000000005,,0.8873028,0.07604902,0.036648143,GOOD,GOOD,
2025-07-28 09:00:00+00:00,0.375,0.3750000000000001,,0.8873028,0.07604902,0.036648143,GOOD,GOOD,
2025-07-28 10:00:00+00:00,0.355,0.35500000000000004,,0.8873028,0.07604902,0.036648143,GOOD,GOOD,
2025-07-28 11:00:00+00:00,0.46499999999999997,0.465,,0.8873028,0.07604902,0.036648143,GOOD,GOOD,
2025-07-28 12:00:00+00:00,0.44,0.4400000000000001,,0.8873028,0.07604902,0.036648143,GOOD,GOOD,
2025-07-28 13:00:00+00:00,0.42,0.42000000000000004,,0.8873028,0.07604902,0.036648143,GOOD,GOOD,
2025-07-28 14:00:00+00:00,0.45999999999999996,0.4600000000000001,,0.8873028,0.07604902,0.036648143,GOOD,GOOD,
2025-07-28 15:00:00+00:00,0.44,0.4400000000000001,,0.8873028,0.07604902,0.036648143,GOOD,GOOD,
2025-07-28 16:00:00+00:00,0.435,0.4350000000000001,,0.8873028,0.07604902,0.036648143,GOOD,GOOD,
2025-07-28 17:00:00+00:00,0.395,0.3950000000000001,,0.8873028,0.07604902,0.036648143,GOOD,GOOD,
2025-07-28 18:00:00+00:00,0.405,0.4050000000000001,,0.8873028,0.07604902,0.036648143,GOOD,GOOD,
2025-07-28 19:00:00+00:00,0.435,0.4350000000000001,,0.8873028,0.07604902,0.036648143,GOOD,GOOD,
2025-07-28 20:00:00+00:00,0.44,0.4400000000000001,,0.8873028,0.07604902,0.036648143,GOOD,GOOD,
2025-07-28 21:00:00+00:00,0.45999999999999996,0.4600000000000001,,0.8873028,0.07604902,0.036648143,GOOD,GOOD,
2025-07-28 22:00:00+00:00,0.42,0.42000000000000004,,0.8873028,0.07604902,0.036648143,GOOD,GOOD,
2025-07-28 23:00:00+00:00,0.4,0.40000000000000013,,0.8873028,0.07604902,0.036648143,GOOD,GOOD,
2025-07-29 00:00:00+00:00,0.4,0.40000000000000013,,0.8873028,0.07604902,0.036648143,GOOD,GOOD,
2025-07-29 01:00:00+00:00,0.44999999999999996,0.45000000000000007,,0.8873028,0.07604902,0.036648143,GOOD,GOOD,
2025-07-29 02:00:00+00:00,0.415,0.4150000000000001,,0.8873028,0.07604902,0.036648143,GOOD,GOOD,
2025-07-29 03:00:00+00:00,0.355,0.35500000000000004,,0.8873028,0.07604902,0.036648143,GOOD,GOOD,
2025-07-29 04:00:00+00:00,0.365,0.3650000000000001,,0.8873028,0.07604902,0.036648143,GOOD,GOOD,
2025-07-29 05:00:00+00:00,0.37,0.37000000000000005,,0.8873028,0.07604902,0.036648143,GOOD,GOOD,
2025-07-29 06:00:00+00:00,0.365,0.3650000000000001,,0.8873028,0.07604902,0.036648143,GOOD,GOOD,
2025-07-29 07:00:00+00:00,0.35,0.35000000000000003,,0.8873028,0.07604902,0.036648143,GOOD,GOOD,
2025-07-29 08:00:00+00:00,0.375,0.3750000000000001,,0.8873028,0.07604902,0.036648143,GOOD,GOOD,
2025-07-29 09:00:00+00:00,0.39,0.3900000000000001,,0.8873028,0.07604902,0.036648143,GOOD,GOOD,
2025-07-29 10:00:00+00:00,0.385,0.38500000000000006,,0.8873028,0.07604902,0.036648143,GOOD,GOOD,
2025-07-29 11:00:00+00:00,0.36,0.36000000000000004,,0.8873028,0.07604902,0.036648143,GOOD,GOOD,
2025-07-29 12:00:00+00:00,0.37,0.37000000000000005,,0.8873028,0.07604902,0.036648143,GOOD,GOOD,
2025-07-29 13:00:00+00:00,0.35,0.35000000000000003,,0.8873028,0.07604902,0.036648143,GOOD,GOOD,
2025-07-29 14:00:00+00:00,0.365,0.3650000000000001,,0.8873028,0.07604902,0.036648143,GOOD,GOOD,
2025-07-29 15:00:00+00:00,0.315,0.31500000000000006,,0.8873028,0.07604902,0.036648143,GOOD,GOOD,
2025-07-29 16:00:00+00:00,0.335,0.3350000000000001,,0.8873028,0.07604902,0.036648143,GOOD,GOOD,
2025-07-29 17:00:00+00:00,0.33,0.3300000000000001,,0.8873028,0.07604902,0.036648143,GOOD,GOOD,
2025-07-29 18:00:00+00:00,0.315,0.31500000000000006,,0.8873028,0.07604902,0.036648143,GOOD,GOOD,
2025-07-29 19:00:00+00:00,0.315,0.31500000000000006,,0.8873028,0.07604902,0.036648143,GOOD,GOOD,
2025-07-29 20:00:00+00:00,0.33,0.3300000000000001,,0.8873028,0.07604902,0.036648143,GOOD,GOOD,
2025-07-29 21:00:00+00:00,0.33999999999999997,0.3400000000000001,,0.8873028,0.07604902,0.036648143,GOOD,GOOD,
2025-07-29 22:00:00+00:00,0.32,0.32000000000000006,,0.8873028,0.07604902,0.036648143,GOOD,GOOD,
2025-07-29 23:00:00+00:00,0.305,0.3050000000000001,,0.8873028,0.07604902,0.036648143,GOOD,GOOD,
2025-07-30 00:00:00+00:00,0.29000000000000004,0.2900000000000001,,0.8873028,0.07604902,0.036648143,GOOD,GOOD,
2025-07-30 01:00:00+00:00,0.315,0.31500000000000006,,0.8873028,0.07604902,0.036648143,GOOD,GOOD,
2025-07-30 02:00:00+00:00,0.325,0.32500000000000007,,0.8873028,0.07604902,0.036648143,GOOD,GOOD,
2025-07-30 03:00:00+00:00,0.26,0.26000000000000006,,0.8873028,0.07604902,0.036648143,GOOD,GOOD,
2025-07-30 04:00:00+00:00,0.28500000000000003,0.2850000000000001,,0.8873028,0.07604902,0.036648143,GOOD,GOOD,
2025-07-30 05:00:00+00:00,0.3,0.30000000000000004,,0.8873028,0.07604902,0.036648143,GOOD,GOOD,
2025-07-30 06:00:00+00:00,0.29000000000000004,0.2900000000000001,,0.8873028,0.07604902,0.036648143,GOOD,GOOD,
2025-07-30 07:00:00+00:00,0.28500000000000003,0.2850000000000001,,0.8873028,0.07604902,0.036648143,GOOD,GOOD,
2025-07-30 08:00:00+00:00,0.265,0.26500000000000007,,0.8873028,0.07604902,0.036648143,GOOD,GOOD,
2025-07-30 09:00:00+00:00,0.255,0.255,,0.8873028,0.07604902,0.036648143,GOOD,GOOD,
2025-07-30 10:00:00+00:00,0.26,0.26000000000000006,,0.8873028,0.07604902,0.036648143,GOOD,GOOD,
2025-07-30 11:00:00+00:00,0.24,0.24,,0.8873028,0.07604902,0.036648143,GOOD,GOOD,
2025-07-30 12:00:00+00:00,0.22999999999999998,0.23,,0.8873028,0.07604902,0.036648143,GOOD,GOOD,
2025-07-30 13:00:00+00:00,0.2,0.2,,0.8873028,0.07604902,0.036648143,GOOD,GOOD,
2025-07-30 14:00:00+00:00,0.22,0.22,,0.8873028,0.07604902,0.036648143,GOOD,GOOD,
2025-07-30 15:00:00+00:00,0.235,0.235,,0.8873028,0.07604902,0.036648143,GOOD,GOOD,
2025-07-30 16:00:00+00:00,0.22,0.22,,0.8873028,0.07604902,0.036648143,GOOD,GOOD,
2025-07-30 17:00:00+00:00,0.21,0.21,,0.8873028,0.07604902,0.036648143,GOOD,GOOD,
2025-07-30 18:00:00+00:00,0.21500000000000002,0.21500000000000002,,0.8873028,0.07604902,0.036648143,GOOD,GOOD,
2025-07-30 19:00:00+00:00,0.22499999999999998,0.22499999999999998,,0.8873028,0.07604902,0.036648143,GOOD,GOOD,
2025-07-30 20:00:00+00:00,0.20500000000000002,0.20500000000000002,,0.8873028,0.07604902,0.036648143,GOOD,GOOD,
2025-07-30 21:00:00+00:00,0.20500000000000002,0.20500000000000002,0.24383415,0.9662787,0.017572597,0.01614874,GOOD,GOOD,
2025-07-30 22:00:00+00:00,0.19,0.19,0.23755987,0.97122926,0.017153723,0.0116169965,GOOD,GOOD,
2025-07-30 23:00:00+00:00,0.18,0.18,0.22690429,0.90833396,0.03189386,0.05977219,GOOD,GOOD,
2025-07-31 00:00:00+00:00,0.175,0.175,0.21564564,0.88130766,0.03514708,0.083545245,GOOD,GOOD,
2025-07-31 01:00:00+00:00,0.20500000000000002,0.20500000000000002,0.20801178,0.96071523,0.025590384,0.01369436,GOOD,GOOD,
2025-07-31 02:00:00+00:00,0.19,0.19,0.22282599,0.9598025,0.023659218,0.016538257,GOOD,GOOD,
2025-07-31 03:00:00+00:00,0.165,0.165,0.22542132,0.94919646,0.030153466,0.020650046,GOOD,GOOD,
2025-07-31 04:00:00+00:00,0.16,0.16,0.20865254,0.95162463,0.025711244,0.022664154,GOOD,GOOD,
2025-07-31 05:00:00+00:00,0.195,0.195,0.19476824,0.9411271,0.038355246,0.020517651,GOOD,GOOD,
2025-07-31 06:00:00+00:00,0.235,0.235,0.21016875,0.9255097,0.051753912,0.022736374,GOOD,GOOD,
2025-07-31 07:00:00+00:00,0.25,0.25,0.24654856,0.95506793,0.028888632,0.016043436,GOOD,GOOD,
2025-07-31 08:00:00+00:00,0.265,0.26500000000000007,0.27426758,0.9162225,0.030051524,0.053725954,GOOD,GOOD,
2025-07-31 09:00:00+00:00,0.26,0.26000000000000006,0.29187244,0.9689436,0.016666649,0.014389744,GOOD,GOOD,
2025-07-31 10:00:00+00:00,0.29500000000000004,0.2950000000000001,0.29419786,0.9253423,0.045740243,0.028917411,GOOD,GOOD,
2025-07-31 11:00:00+00:00,0.275,0.2750000000000001,0.3129169,0.9554262,0.026355457,0.018218352,GOOD,GOOD,
2025-07-31 12:00:00+00:00,0.32999999999999996,0.33000000000000007,0.31255296,0.8296013,0.10777815,0.0626206,GOOD,GOOD,
2025-07-31 13:00:00+00:00,0.435,0.4350000000000001,0.34068802,0.7150914,0.20362948,0.081279114,GOOD,GOOD,
2025-07-31 14:00:00+00:00,0.55,0.55,0.42294014,0.53983676,0.33280358,0.12735966,GOOD,GOOD,
2025-07-31 15:00:00+00:00,0.61,0.6100000000000001,0.53791064,0.69132745,0.20989776,0.09877479,GOOD,GOOD,
2025-07-31 16:00:00+00:00,0.64,0.6400000000000001,0.62310094,0.8595454,0.09303115,0.047423452,GOOD,GOOD,
2025-07-31 17:00:00+00:00,0.61,0.02,0.66536695,0.12610638,0.08327062,0.790623,BAD,BAD,G_missing_sentinel
2025-07-31 18:00:00+00:00,0.62,0.62,0.2966161,0.42495227,0.25605217,0.31899557,GOOD,GOOD,
2025-07-31 19:00:00+00:00,0.61,0.6100000000000001,0.43915156,0.1442492,0.580286,0.27546474,GOOD,SUSPECT,
2025-07-31 20:00:00+00:00,0.515,0.515,0.60561246,0.8876247,0.07486913,0.03750617,GOOD,GOOD,
2025-07-31 21:00:00+00:00,0.55,0.55,0.5903686,0.94664025,0.033134416,0.020225335,GOOD,GOOD,
2025-07-31 22:00:00+00:00,0.675,0.675,0.5759014,0.7971357,0.16186386,0.0410004,GOOD,GOOD,
2025-07-31 23:00:00+00:00,0.655,0.6550000000000001,0.6570231,0.94845563,0.034508664,0.017035719,GOOD,GOOD,
2025-08-01 00:00:00+00:00,0.66,0.6600000000000001,0.6876402,0.94774586,0.022575269,0.029678898,GOOD,GOOD,
2025-08-01 01:00:00+00:00,0.69,0.6900000000000001,0.69070566,0.9717587,0.017687498,0.010553805,GOOD,GOOD,
2025-08-01 02:00:00+00:00,0.74,0.74,0.7082463,0.95187765,0.037545975,0.010576396,GOOD,GOOD,
2025-08-01 03:00:00+00:00,0.9650000000000001,0.9650000000000002,0.7506486,0.35456753,0.5051246,0.14030784,GOOD,SUSPECT,
2025-08-01 04:00:00+00:00,1.09,1.0900000000000003,0.9267364,0.27405405,0.62554467,0.10040129,GOOD,SUSPECT,
2025-08-01 05:00:00+00:00,1.05,1.0500000000000003,1.0884634,0.9489479,0.03471644,0.016335662,GOOD,GOOD,
2025-08-01 06:00:00+00:00,1.125,1.1250000000000002,1.0923516,0.9125121,0.07343346,0.014054435,GOOD,GOOD,
2025-08-01 07:00:00+00:00,1.085,1.0850000000000002,1.1310323,0.9558631,0.029504566,0.0146323,GOOD,GOOD,
2025-08-01 08:00:00+00:00,1.0750000000000002,1.0750000000000004,1.114357,0.89538217,0.044914745,0.059703104,GOOD,GOOD,
2025-08-01 09:00:00+00:00,1.185,1.1850000000000003,1.096871,0.85505503,0.12739497,0.017549982,GOOD,GOOD,
2025-08-01 10:00:00+00:00,1.02,1.02,1.1768006,0.90704924,0.068467356,0.024483427,GOOD,GOOD,
2025-08-01 11:00:00+00:00,1.16,1.1600000000000001,1.0788853,0.878206,0.10634239,0.015451575,GOOD,GOOD,
2025-08-01 12:00:00+00:00,1.22,1.2200000000000002,1.1426572,0.58952034,0.3576983,0.052781396,GOOD,GOOD,
2025-08-01 13:00:00+00:00,1.355,1.3550000000000002,1.2215207,0.5265282,0.43929935,0.034172468,GOOD,GOOD,
2025-08-01 14:00:00+00:00,1.255,1.2550000000000001,1.3454293,0.9046893,0.072509006,0.022801694,GOOD,GOOD,
2025-08-01 15:00:00+00:00,1.345,1.3450000000000002,1.2918429,0.83621144,0.14725287,0.016535705,GOOD,GOOD,
2025-08-01 16:00:00+00:00,1.41,1.4100000000000001,1.3377303,0.35632563,0.57605714,0.067617245,GOOD,SUSPECT,
2025-08-01 17:00:00+00:00,1.4,1.4000000000000001,1.4086448,0.8879267,0.06530448,0.046768833,GOOD,GOOD,
2025-08-01 18:00:00+00:00,1.275,1.2750000000000001,1.4141332,0.93577933,0.051483274,0.012737369,GOOD,GOOD,
2025-08-01 19:00:00+00:00,1.3050000000000002,1.3050000000000004,1.3089147,0.95443344,0.034315404,0.011251161,GOOD,GOOD,
2025-08-01 20:00:00+00:00,1.1099999999999999,1.11,1.3056598,0.87001765,0.10864289,0.02133949,GOOD,GOOD,
2025-08-01 21:00:00+00:00,1.06,1.0600000000000003,1.1629379,0.9031608,0.07280957,0.024029633,GOOD,GOOD,
2025-08-01 22:00:00+00:00,1.165,1.1650000000000003,1.0833509,0.8664865,0.11944294,0.0140705835,GOOD,GOOD,
2025-08-01 23:00:00+00:00,1.16,1.1600000000000001,1.1498103,0.79780465,0.11038035,0.09181501,GOOD,GOOD,
2025-08-02 00:00:00+00:00,1.275,1.2750000000000001,1.1761659,0.70974624,0.26605222,0.02420153,GOOD,GOOD,
2025-08-02 01:00:00+00:00,1.37,1.3700000000000003,1.2653867,0.33029366,0.6208783,0.048828047,GOOD,SUSPECT,
2025-08-02 02:00:00+00:00,1.32,1.3200000000000003,1.3655503,0.93448067,0.045522254,0.019997098,GOOD,GOOD,
2025-08-02 03:00:00+00:00,1.3399999999999999,1.34,1.3444427,0.9290149,0.04835737,0.022627678,GOOD,GOOD,
2025-08-02 04:00:00+00:00,1.435,1.4350000000000003,1.3467503,0.59374005,0.37281093,0.033449028,GOOD,GOOD,
2025-08-02 05:00:00+00:00,1.475,1.4750000000000003,1.4276155,0.31148243,0.5926979,0.09581961,GOOD,SUSPECT,
2025-08-02 06:00:00+00:00,1.525,1.5250000000000004,1.480644,0.26024926,0.6670725,0.07267828,GOOD,SUSPECT,
2025-08-02 07:00:00+00:00,1.395,1.3950000000000002,1.5270915,0.86311793,0.1140533,0.022828765,GOOD,GOOD,
2025-08-02 08:00:00+00:00,1.31,1.3100000000000003,1.4246242,0.9278019,0.058930077,0.013268036,GOOD,GOOD,
2025-08-02 09:00:00+00:00,1.245,1.2450000000000003,1.3305508,0.941322,0.04774041,0.010937533,GOOD,GOOD,
2025-08-02 10:00:00+00:00,1.17,1.1700000000000002,1.2638015,0.9378278,0.050533444,0.011638747,GOOD,GOOD,
2025-08-02 11:00:00+00:00,1.1749999999999998,1.175,1.1951667,0.9227642,0.042992868,0.034242943,GOOD,GOOD,
2025-08-02 12:00:00+00:00,1.12,1.1200000000000003,1.1838208,0.9401335,0.044164807,0.015701663,GOOD,GOOD,
2025-08-02 13:00:00+00:00,1.0550000000000002,1.0550000000000004,1.1443735,0.9319076,0.053306606,0.014785804,GOOD,GOOD,
2025-08-02 14:00:00+00:00,1.085,1.0850000000000002,1.0838246,0.96622336,0.025497347,0.008279323,GOOD,GOOD,
2025-08-02 15:00:00+00:00,1.085,1.0850000000000002,1.0898317,0.8512428,0.03906429,0.109692916,GOOD,GOOD,
2025-08-02 16:00:00+00:00,1.1150000000000002,1.1150000000000004,1.0991015,0.9255289,0.053654905,0.020816242,GOOD,GOOD,
2025-08-02 17:00:00+00:00,1.0350000000000001,1.0350000000000004,1.1241719,0.9392788,0.044166785,0.016554419,GOOD,GOOD,
2025-08-02 18:00:00+00:00,1.0350000000000001,1.0350000000000004,1.072375,0.9356463,0.024513459,0.039840274,GOOD,GOOD,
2025-08-02 19:00:00+00:00,1.1099999999999999,1.11,1.0520802,0.9054445,0.08032758,0.014227907,GOOD,GOOD,
2025-08-02 20:00:00+00:00,1.08,1.0800000000000003,1.1075829,0.9643929,0.021562353,0.014044728,GOOD,GOOD,
2025-08-02 21:00:00+00:00,1.025,1.0250000000000001,1.1069113,0.95428526,0.03173816,0.0139765935,GOOD,GOOD,
2025-08-02 22:00:00+00:00,0.89,0.89,1.0590309,0.870121,0.102404006,0.027474977,GOOD,GOOD,
2025-08-02 23:00:00+00:00,0.925,0.9250000000000002,0.9449598,0.96252024,0.024834719,0.012645057,GOOD,GOOD,
2025-08-03 00:00:00+00:00,0.895,0.8950000000000001,0.9327539,0.959286,0.025055299,0.015658697,GOOD,GOOD,
2025-08-03 01:00:00+00:00,0.825,0.8250000000000001,0.9211192,0.92570734,0.056429062,0.017863624,GOOD,GOOD,
2025-08-03 02:00:00+00:00,0.885,0.885,0.8676793,0.9548034,0.034383725,0.010812844,GOOD,GOOD,
2025-08-03 03:00:00+00:00,0.935,0.935,0.88876295,0.83115995,0.13365954,0.035180487,GOOD,GOOD,
2025-08-03 04:00:00+00:00,0.9299999999999999,0.93,0.94089156,0.9599377,0.017954187,0.022108125,GOOD,GOOD,
2025-08-03 05:00:00+00:00,0.96,0.96,0.95491576,0.9593095,0.028276892,0.012413568,GOOD,GOOD,
2025-08-03 06:00:00+00:00,0.9450000000000001,0.9450000000000002,0.975047,0.9634612,0.018668363,0.017870435,GOOD,GOOD,
2025-08-03 07:00:00+00:00,0.905,0.9050000000000001,0.9708645,0.9588248,0.025346208,0.015828954,GOOD,GOOD,
2025-08-03 08:00:00+00:00,0.84,0.84,0.93822116,0.94171304,0.04231963,0.015967326,GOOD,GOOD,
2025-08-03 09:00:00+00:00,0.88,0.8800000000000001,0.8802647,0.9626513,0.023669994,0.013678721,GOOD,GOOD,
2025-08-03 10:00:00+00:00,0.845,0.845,0.8893356,0.9526216,0.026918892,0.020459555,GOOD,GOOD,
2025-08-03 11:00:00+00:00,0.765,0.765,0.87628436,0.909552,0.06863116,0.021816872,GOOD,GOOD,
2025-08-03 12:00:00+00:00,0.725,0.725,0.81322825,0.9089936,0.059627194,0.031379182,GOOD,GOOD,
2025-08-03 13:00:00+00:00,0.725,0.725,0.7606068,0.90467733,0.03123325,0.064089395,GOOD,GOOD,
2025-08-03 14:00:00+00:00,0.74,0.74,0.7463878,0.9434134,0.02447422,0.032112435,GOOD,GOOD,
2025-08-03 15:00:00+00:00,0.815,0.815,0.75773686,0.9232268,0.062485695,0.014287547,GOOD,GOOD,
2025-08-03 16:00:00+00:00,0.775,0.7750000000000001,0.81615806,0.9593959,0.021439955,0.019164164,GOOD,GOOD,
2025-08-03 17:00:00+00:00,0.755,0.7550000000000001,0.81270134,0.9376448,0.022616016,0.03973923,GOOD,GOOD,
2025-08-03 18:00:00+00:00,0.765,0.765,0.7884063,0.9397222,0.020818172,0.039459657,GOOD,GOOD,
2025-08-03 19:00:00+00:00,0.745,0.745,0.7858998,0.9625796,0.018840823,0.018579567,GOOD,GOOD,
2025-08-03 20:00:00+00:00,0.75,0.7500000000000001,0.77520883,0.8828524,0.029324748,0.08782286,GOOD,GOOD,
2025-08-03 21:00:00+00:00,0.725,0.725,0.77397054,0.95673764,0.02177665,0.021485716,GOOD,GOOD,
2025-08-03 22:00:00+00:00,0.66,0.6600000000000001,0.7580057,0.9125585,0.06206153,0.02537996,GOOD,GOOD,
2025-08-03 23:00:00+00:00,0.655,0.6550000000000001,0.7069933,0.93075126,0.032861296,0.03638744,GOOD,GOOD,
2025-08-04 00:00:00+00:00,0.645,0.645,0.68225884,0.84461606,0.03728472,0.11809923,GOOD,GOOD,
2025-08-04 01:00:00+00:00,0.63,0.63,0.6721131,0.8895954,0.03476349,0.0756411,GOOD,GOOD,
2025-08-04 02:00:00+00:00,0.77,0.77,0.6607546,0.713869,0.2339618,0.05216919,GOOD,GOOD,
2025-08-04 03:00:00+00:00,0.8,0.8000000000000002,0.7506813,0.809777,0.14317285,0.047050156,GOOD,GOOD,
2025-08-04 04:00:00+00:00,0.79,0.79,0.81633353,0.9677464,0.013478345,0.01877528,GOOD,GOOD,
2025-08-04 05:00:00+00:00,0.77,0.77,0.82348126,0.9124182,0.021985622,0.06559617,GOOD,GOOD,
2025-08-04 06:00:00+00:00,0.825,0.8250000000000001,0.80360067,0.9472721,0.039211992,0.013515885,GOOD,GOOD,
2025-08-04 07:00:00+00:00,0.81,0.8100000000000002,0.83300304,0.9718015,0.015338787,0.012859724,GOOD,GOOD,
2025-08-04 08:00:00+00:00,0.7849999999999999,0.785,0.83879983,0.94225794,0.021310834,0.036431234,GOOD,GOOD,
2025-08-04 09:00:00+00:00,0.79,0.79,0.8190388,0.94752306,0.01693572,0.035541225,GOOD,GOOD,
2025-08-04 10:00:00+00:00,0.75,0.7500000000000001,0.8131622,0.9588252,0.023368495,0.017806353,GOOD,GOOD,
2025-08-04 11:00:00+00:00,0.73,0.7300000000000001,0.7860027,0.95761055,0.022271581,0.020117851,GOOD,GOOD,
2025-08-04 12:00:00+00:00,0.69,0.6900000000000001,0.76085335,0.9474231,0.034342356,0.018234544,GOOD,GOOD,
2025-08-04 13:00:00+00:00,0.6699999999999999,0.6699999999999999,0.7265102,0.95253706,0.027511727,0.019951189,GOOD,GOOD,
2025-08-04 14:00:00+00:00,0.605,0.605,0.7008637,0.901475,0.06850373,0.030021267,GOOD,GOOD,
2025-08-04 15:00:00+00:00,0.67,0.67,0.6511059,0.93307513,0.046253596,0.02067125,GOOD,GOOD,
2025-08-04 16:00:00+00:00,0.755,0.7550000000000001,0.6735876,0.8177701,0.1518158,0.030414077,GOOD,GOOD,
2025-08-04 17:00:00+00:00,0.77,0.77,0.75066954,0.9269282,0.04817767,0.024894102,GOOD,GOOD,
2025-08-04 18:00:00+00:00,0.755,0.7550000000000001,0.7928546,0.97115225,0.012044754,0.016803028,GOOD,GOOD,
2025-08-04 19:00:00+00:00,0.7,0.7,0.7890791,0.9528323,0.02818291,0.018984832,GOOD,GOOD,
2025-08-04 20:00:00+00:00,0.69,0.6900000000000001,0.7444003,0.9699042,0.015349272,0.01474652,GOOD,GOOD,
2025-08-04 21:00:00+00:00,0.69,0.6900000000000001,0.7186508,0.7817746,0.03013717,0.18808825,GOOD,GOOD,
2025-08-04 22:00:00+00:00,0.66,0.6600000000000001,0.7140854,0.9625009,0.01970693,0.017792208,GOOD,GOOD,
2025-08-04 23:00:00+00:00,0.645,0.645,0.6955249,0.94368947,0.021492358,0.034818195,GOOD,GOOD,
2025-08-05 00:00:00+00:00,0.54,0.5400000000000001,0.6768932,0.768477,0.1632408,0.06828218,GOOD,GOOD,
2025-08-05 01:00:00+00:00,0.53,0.53,0.6023349,0.8890816,0.059520908,0.051397502,GOOD,GOOD,
2025-08-05 02:00:00+00:00,0.515,0.515,0.56146187,0.9250212,0.031166553,0.04381226,GOOD,GOOD,
2025-08-05 03:00:00+00:00,0.5549999999999999,0.5549999999999999,0.54406565,0.9480624,0.034013797,0.01792378,GOOD,GOOD,
2025-08-05 04:00:00+00:00,0.62,0.62,0.5669338,0.91818666,0.06345378,0.018359574,GOOD,GOOD,
2025-08-05 05:00:00+00:00,0.565,0.5650000000000001,0.62396306,0.9512362,0.027184056,0.021579752,GOOD,GOOD,
2025-08-05 06:00:00+00:00,0.62,0.62,0.61271435,0.9555997,0.029111428,0.015288873,GOOD,GOOD,
2025-08-05 07:00:00+00:00,0.58,0.58,0.63255155,0.9689865,0.01658758,0.014425906,GOOD,GOOD,
2025-08-05 08:00:00+00:00,0.585,0.5850000000000001,0.6198446,0.97372866,0.011464161,0.01480716,GOOD,GOOD,
2025-08-05 09:00:00+00:00,0.56,0.5600000000000002,0.61292565,0.97133005,0.014072091,0.014597875,GOOD,GOOD,
2025-08-05 10:00:00+00:00,0.58,0.7934725984368874,0.5959386,0.3161112,0.50311404,0.18077475,BAD,SUSPECT,F_burst_noise
2025-08-05 11:00:00+00:00,0.585,0.8959938922488423,0.744597,0.24881124,0.6046066,0.14658213,BAD,SUSPECT,F_burst_noise
2025-08-05 12:00:00+00:00,0.505,1.2846408698644822,0.89296615,0.13503718,0.6139332,0.25102967,BAD,SUSPECT,F_burst_noise
2025-08-05 13:00:00+00:00,0.485,0.4850000000000001,1.2253124,0.102024555,0.0744724,0.8235031,GOOD,BAD,
2025-08-05 14:00:00+00:00,0.52,0.52,0.7537036,0.08640927,0.60548407,0.30810666,GOOD,SUSPECT,
2025-08-05 15:00:00+00:00,0.55,0.55,0.5499167,0.9682273,0.019774655,0.0119980145,GOOD,GOOD,
2025-08-05 16:00:00+00:00,0.5549999999999999,0.5549999999999999,0.54007906,0.83703387,0.073056996,0.08990912,GOOD,GOOD,
2025-08-05 17:00:00+00:00,0.5800000000000001,0.5800000000000001,0.57064605,0.967171,0.020972678,0.0118563175,GOOD,GOOD,
2025-08-05 18:00:00+00:00,0.55,0.55,0.6001759,0.9674596,0.018147219,0.014393166,GOOD,GOOD,
2025-08-05 19:00:00+00:00,0.565,0.5650000000000001,0.5893906,0.97967076,0.010886281,0.009442945,GOOD,GOOD,
2025-08-05 20:00:00+00:00,0.58,0.58,0.5883436,0.93480676,0.023371758,0.041821472,GOOD,GOOD,
2025-08-05 21:00:00+00:00,0.605,0.605,0.6004352,0.9604651,0.024776082,0.0147588495,GOOD,GOOD,
2025-08-05 22:00:00+00:00,0.555,0.555,0.6234,0.9728705,0.015699666,0.011429817,GOOD,GOOD,
2025-08-05 23:00:00+00:00,0.565,0.5650000000000001,0.6006372,0.98251075,0.008627807,0.008861476,GOOD,GOOD,
2025-08-06 00:00:00+00:00,0.5,0.5000000000000001,0.59154713,0.955546,0.02497507,0.019478917,GOOD,GOOD,
2025-08-06 01:00:00+00:00,0.505,0.505,0.5500753,0.9721833,0.014579927,0.013236803,GOOD,GOOD,
2025-08-06 02:00:00+00:00,0.45499999999999996,0.455,0.53281164,0.93417597,0.040470768,0.025353283,GOOD,GOOD,
2025-08-06 03:00:00+00:00,0.44,0.4400000000000001,0.499974,0.95134956,0.02731708,0.021333357,GOOD,GOOD,
2025-08-06 04:00:00+00:00,0.48,0.48000000000000004,0.4752665,0.9631248,0.024333237,0.012541967,GOOD,GOOD,
2025-08-06 05:00:00+00:00,0.485,0.4850000000000001,0.49284348,0.954154,0.020039659,0.025806304,GOOD,GOOD,
2025-08-06 06:00:00+00:00,0.495,0.4950000000000001,0.5101623,0.9326611,0.020608932,0.046729937,GOOD,GOOD,
2025-08-06 07:00:00+00:00,0.53,0.53,0.52169216,0.97228295,0.018857308,0.008859735,GOOD,GOOD,
2025-08-06 08:00:00+00:00,0.52,0.52,0.54708606,0.97938657,0.010423633,0.01018978,GOOD,GOOD,
2025-08-06 09:00:00+00:00,0.5549999999999999,0.5549999999999999,0.5524338,0.9761139,0.015797468,0.008088622,GOOD,GOOD,
2025-08-06 10:00:00+00:00,0.59,0.5900000000000001,0.5729671,0.9357638,0.03976323,0.024472978,GOOD,GOOD,
2025-08-06 11:00:00+00:00,0.445,0.44500000000000006,0.6060795,0.690215,0.20078765,0.1089974,GOOD,GOOD,
2025-08-06 12:00:00+00:00,0.45999999999999996,0.4600000000000001,0.5264591,0.9721387,0.016276423,0.011584854,GOOD,GOOD,
2025-08-06 13:00:00+00:00,0.49,0.4900000000000001,0.4879566,0.97654647,0.01510778,0.00834578,GOOD,GOOD,
2025-08-06 14:00:00+00:00,0.46499999999999997,0.465,0.50224787,0.97859406,0.012121429,0.00928451,GOOD,GOOD,
2025-08-06 15:00:00+00:00,0.46499999999999997,0.465,0.5005822,0.9451733,0.015639704,0.03918699,GOOD,GOOD,
2025-08-06 16:00:00+00:00,0.55,0.55,0.49573722,0.91977525,0.06125677,0.01896797,GOOD,GOOD,
2025-08-06 17:00:00+00:00,0.525,0.525,0.5477196,0.97330624,0.014663225,0.0120305475,GOOD,GOOD,
2025-08-06 18:00:00+00:00,0.48,0.48000000000000004,0.5608303,0.9659089,0.019882003,0.014209086,GOOD,GOOD,
2025-08-06 19:00:00+00:00,0.54,0.5400000000000001,0.52861255,0.9587197,0.028722372,0.012557934,GOOD,GOOD,
2025-08-06 20:00:00+00:00,0.575,0.575,0.5481366,0.9515743,0.033885147,0.014540536,GOOD,GOOD,
2025-08-06 21:00:00+00:00,0.48,0.48000000000000004,0.5881743,0.9274919,0.045977637,0.02653049,GOOD,GOOD,
2025-08-06 22:00:00+00:00,0.505,0.505,0.54363453,0.98020864,0.010402618,0.009388724,GOOD,GOOD,
2025-08-06 23:00:00+00:00,0.42500000000000004,0.42500000000000016,0.5286167,0.89938796,0.06621121,0.03440087,GOOD,GOOD,
2025-08-07 00:00:00+00:00,0.42,0.42000000000000004,0.47986433,0.96478933,0.018351821,0.016858866,GOOD,GOOD,
2025-08-07 01:00:00+00:00,0.41000000000000003,0.4100000000000001,0.45219427,0.9053667,0.027480485,0.06715281,GOOD,GOOD,
2025-08-07 02:00:00+00:00,0.44499999999999995,0.445,0.4402395,0.9678283,0.021228423,0.0109433,GOOD,GOOD,
2025-08-07 03:00:00+00:00,0.525,0.525,0.45988184,0.8885176,0.08792741,0.023554984,GOOD,GOOD,
2025-08-07 04:00:00+00:00,0.625,0.625,0.52343994,0.70326513,0.23951359,0.057221275,GOOD,GOOD,
2025-08-07 05:00:00+00:00,0.46499999999999997,0.465,0.6191013,0.6826221,0.18612698,0.13125095,GOOD,GOOD,
2025-08-07 06:00:00+00:00,0.395,0.3950000000000001,0.55327374,0.63926256,0.24955195,0.111185536,GOOD,GOOD,
2025-08-07 07:00:00+00:00,0.485,0.4850000000000001,0.45855254,0.9256477,0.053307354,0.021044975,GOOD,GOOD,
2025-08-07 08:00:00+00:00,0.48,0.48000000000000004,0.47732407,0.97569335,0.014472841,0.009833822,GOOD,GOOD,
2025-08-07 09:00:00+00:00,0.42,0.42000000000000004,0.5034453,0.9546888,0.028113693,0.017197505,GOOD,GOOD,
2025-08-07 10:00:00+00:00,0.435,0.4350000000000001,0.4739976,0.97799593,0.010436145,0.01156791,GOOD,GOOD,
2025-08-07 11:00:00+00:00,0.41500000000000004,0.41500000000000015,0.46188325,0.97564405,0.011802512,0.012553436,GOOD,GOOD,
2025-08-07 12:00:00+00:00,0.41,0.41000000000000003,0.44942787,0.88270515,0.024471287,0.09282354,GOOD,GOOD,
2025-08-07 13:00:00+00:00,0.44,0.4400000000000001,0.44120714,0.9735111,0.015608136,0.010880738,GOOD,GOOD,
2025-08-07 14:00:00+00:00,0.415,0.4150000000000001,0.45752218,0.96943164,0.015566022,0.015002314,GOOD,GOOD,
2025-08-07 15:00:00+00:00,0.43000000000000005,0.4300000000000001,0.45276543,0.96948475,0.014083583,0.016431645,GOOD,GOOD,
2025-08-07 16:00:00+00:00,0.5,0.5000000000000001,0.4556612,0.9303895,0.051662505,0.017947987,GOOD,GOOD,
2025-08-07 17:00:00+00:00,0.47,0.47000000000000003,0.50272655,0.97487825,0.0129920095,0.012129733,GOOD,GOOD,
2025-08-07 18:00:00+00:00,0.41000000000000003,0.4100000000000001,0.509262,0.9347921,0.042549096,0.022658795,GOOD,GOOD,
2025-08-07 19:00:00+00:00,0.39,0.3900000000000001,0.4656091,0.9555277,0.022708159,0.021764098,GOOD,GOOD,
2025-08-07 20:00:00+00:00,0.41000000000000003,0.4100000000000001,0.42880583,0.97731644,0.011799044,0.01088454,GOOD,GOOD,
2025-08-07 21:00:00+00:00,0.435,0.4350000000000001,0.4295885,0.92647296,0.033609413,0.039917625,GOOD,GOOD,
2025-08-07 22:00:00+00:00,0.435,0.4350000000000001,0.45251223,0.90300673,0.018806709,0.07818655,GOOD,GOOD,
2025-08-07 23:00:00+00:00,0.43,0.43000000000000005,0.46440578,0.83755445,0.020542374,0.14190319,GOOD,GOOD,
2025-08-08 00:00:00+00:00,0.42000000000000004,0.4200000000000001,0.46299306,0.86447054,0.022443961,0.1130855,GOOD,GOOD,
2025-08-08 01:00:00+00:00,0.435,0.4350000000000001,0.45399326,0.9713349,0.0133561455,0.015309008,GOOD,GOOD,
2025-08-08 02:00:00+00:00,0.39,0.3900000000000001,0.45884812,0.9431706,0.03360649,0.023222908,GOOD,GOOD,
2025-08-08 03:00:00+00:00,0.395,0.3950000000000001,0.43570286,0.9694777,0.014108068,0.01641421,GOOD,GOOD,
2025-08-08 04:00:00+00:00,0.385,0.38500000000000006,0.42437422,0.92590725,0.02173988,0.05235285,GOOD,GOOD,
2025-08-08 05:00:00+00:00,0.45999999999999996,0.4600000000000001,0.4168939,0.9056563,0.067479745,0.026863964,GOOD,GOOD,
2025-08-08 06:00:00+00:00,0.445,0.44500000000000006,0.46094728,0.9661609,0.0180807,0.015758432,GOOD,GOOD,
2025-08-08 07:00:00+00:00,0.39,0.3900000000000001,0.47808003,0.93314695,0.040654223,0.026198853,GOOD,GOOD,
2025-08-08 08:00:00+00:00,0.485,0.4850000000000001,0.44384632,0.8674434,0.09152292,0.041033715,GOOD,GOOD,
2025-08-08 09:00:00+00:00,0.445,0.44500000000000006,0.48108414,0.96311545,0.021543125,0.015341412,GOOD,GOOD,
2025-08-08 10:00:00+00:00,0.49,0.4900000000000001,0.48479006,0.9430024,0.035405807,0.0215918,GOOD,GOOD,
2025-08-08 11:00:00+00:00,0.435,0.4350000000000001,0.5064278,0.96478957,0.020405667,0.014804744,GOOD,GOOD,
2025-08-08 12:00:00+00:00,0.49,0.4900000000000001,0.48382154,0.93762255,0.039760724,0.022616742,GOOD,GOOD,
2025-08-08 13:00:00+00:00,0.525,0.525,0.5014912,0.94336444,0.03746755,0.019167991,GOOD,GOOD,
2025-08-08 14:00:00+00:00,0.475,0.4750000000000001,0.5387978,0.96574247,0.019706134,0.014551405,GOOD,GOOD,
2025-08-08 15:00:00+00:00,0.42,0.42000000000000004,0.52292454,0.9432552,0.03779261,0.018952224,GOOD,GOOD,
2025-08-08 16:00:00+00:00,0.43,0.43000000000000005,0.47277862,0.9802967,0.009956164,0.009747159,GOOD,GOOD,
2025-08-08 17:00:00+00:00,0.42,0.42000000000000004,0.45536587,0.9386062,0.017652,0.043741826,GOOD,GOOD,
2025-08-08 18:00:00+00:00,0.42000000000000004,0.4200000000000001,0.44956458,0.79118496,0.026594944,0.18222012,GOOD,GOOD,
2025-08-08 19:00:00+00:00,0.445,0.44500000000000006,0.44882044,0.9717874,0.015473144,0.012739488,GOOD,GOOD,
2025-08-08 20:00:00+00:00,0.435,0.4350000000000001,0.46472952,0.9649956,0.013954352,0.021050049,GOOD,GOOD,
2025-08-08 21:00:00+00:00,0.49,0.4900000000000001,0.4675009,0.9335302,0.04459428,0.02187552,GOOD,GOOD,
2025-08-08 22:00:00+00:00,0.48,0.48000000000000004,0.50017023,0.9630025,0.019711027,0.017286457,GOOD,GOOD,
2025-08-08 23:00:00+00:00,0.45999999999999996,0.4600000000000001,0.5118643,0.93525374,0.019988563,0.04475769,GOOD,GOOD,
2025-08-09 00:00:00+00:00,0.42,0.42000000000000004,0.49894965,0.9583931,0.024030477,0.01757642,GOOD,GOOD,
2025-08-09 01:00:00+00:00,0.425,0.4250000000000001,0.46528924,0.9657193,0.011528364,0.022752328,GOOD,GOOD,
2025-08-09 02:00:00+00:00,0.4,0.40000000000000013,0.4526343,0.9692698,0.015904337,0.014825837,GOOD,GOOD,
2025-08-09 03:00:00+00:00,0.38,0.38000000000000006,0.43688738,0.911839,0.03258681,0.055574197,GOOD,GOOD,
2025-08-09 04:00:00+00:00,0.38,0.38000000000000006,0.4175414,0.89010394,0.025224572,0.08467146,GOOD,GOOD,
2025-08-09 05:00:00+00:00,0.38,0.38000000000000006,0.40946895,0.7399322,0.0365747,0.22349308,GOOD,GOOD,
2025-08-09 06:00:00+00:00,0.43,0.43000000000000005,0.40863082,0.94788045,0.036712464,0.015407099,GOOD,GOOD,
2025-08-09 07:00:00+00:00,0.395,0.3950000000000001,0.4402267,0.9672776,0.018334309,0.014388118,GOOD,GOOD,
2025-08-09 08:00:00+00:00,0.425,0.4250000000000001,0.43680432,0.9723504,0.015385701,0.012263868,GOOD,GOOD,
2025-08-09 09:00:00+00:00,0.44,0.4400000000000001,0.44641837,0.9504201,0.018097768,0.03148216,GOOD,GOOD,
2025-08-09 10:00:00+00:00,0.42500000000000004,0.42500000000000016,0.46284965,0.9747964,0.011108987,0.014094597,GOOD,GOOD,
2025-08-09 11:00:00+00:00,0.42375,0.42375000000000007,0.4606684,0.8710639,0.0192285,0.109707594,GOOD,GOOD,
2025-08-09 12:00:00+00:00,0.42250000000000004,0.42250000000000015,0.45537415,0.66605186,0.026653187,0.30729496,GOOD,GOOD,
2025-08-09 13:00:00+00:00,0.42125,0.4212500000000001,0.45246735,0.6413773,0.030412706,0.32821003,GOOD,GOOD,
2025-08-09 19:00:00+00:00,0.41375,0.41375000000000006,0.4511132,0.8684555,0.027950937,0.103593566,GOOD,GOOD,
2025-08-09 20:00:00+00:00,0.4125,0.4125000000000001,0.44615832,0.8165096,0.030193884,0.15329653,GOOD,GOOD,
2025-08-09 21:00:00+00:00,0.41125,0.41125000000000006,0.44275048,0.6569929,0.03675689,0.30625015,GOOD,GOOD,
2025-08-09 22:00:00+00:00,0.41,0.41000000000000003,0.4410453,0.62976015,0.040067066,0.3301728,GOOD,GOOD,
2025-08-09 23:00:00+00:00,0.36,0.36000000000000004,0.43990067,0.88180006,0.07231231,0.04588762,GOOD,GOOD,
2025-08-10 00:00:00+00:00,0.32,0.32000000000000006,0.4088813,0.8610985,0.081696585,0.057204876,GOOD,GOOD,
2025-08-10 01:00:00+00:00,0.315,0.31500000000000006,0.36708596,0.9110923,0.044021755,0.04488597,GOOD,GOOD,
2025-08-10 02:00:00+00:00,0.38,0.38000000000000006,0.34632036,0.8720091,0.08724604,0.040744886,GOOD,GOOD,
2025-08-10 03:00:00+00:00,0.32999999999999996,0.33000000000000007,0.38189077,0.79043424,0.12634906,0.083216734,GOOD,GOOD,
2025-08-10 04:00:00+00:00,0.33499999999999996,0.335,0.376519,0.9348588,0.035462223,0.029678956,GOOD,GOOD,
2025-08-10 05:00:00+00:00,0.355,0.35500000000000004,0.3675838,0.9566073,0.024335535,0.019057197,GOOD,GOOD,
2025-08-10 06:00:00+00:00,0.375,0.3750000000000001,0.37661377,0.9281244,0.02614761,0.045727942,GOOD,GOOD,
2025-08-10 07:00:00+00:00,0.37,0.37000000000000005,0.39614573,0.9716438,0.013797987,0.014558181,GOOD,GOOD,
2025-08-10 08:00:00+00:00,0.375,0.3750000000000001,0.40232491,0.9425922,0.015739672,0.04166815,GOOD,GOOD,
2025-08-10 09:00:00+00:00,0.315,0.31500000000000006,0.40481108,0.84955996,0.09694157,0.053498454,GOOD,GOOD,
2025-08-10 10:00:00+00:00,0.32999999999999996,0.33000000000000007,0.36905992,0.9481959,0.029135752,0.022668347,GOOD,GOOD,
2025-08-10 11:00:00+00:00,0.33499999999999996,0.335,0.35656792,0.9250566,0.02226729,0.052676126,GOOD,GOOD,
2025-08-10 12:00:00+00:00,0.32,0.32000000000000006,0.36036792,0.9556538,0.021186925,0.023159306,GOOD,GOOD,
2025-08-10 13:00:00+00:00,0.31,0.31000000000000005,0.3554857,0.8775803,0.03421756,0.088202134,GOOD,GOOD,
2025-08-10 14:00:00+00:00,0.33,0.3300000000000001,0.345291,0.95619065,0.02111733,0.022692021,GOOD,GOOD,
2025-08-10 15:00:00+00:00,0.3,0.30000000000000004,0.3523637,0.91958404,0.04252137,0.037894595,GOOD,GOOD,
2025-08-10 16:00:00+00:00,0.29000000000000004,0.2900000000000001,0.3409135,0.92826325,0.031875104,0.039861627,GOOD,GOOD,
2025-08-10 17:00:00+00:00,0.35,0.35000000000000003,0.3261064,0.9016268,0.06750056,0.030872619,GOOD,GOOD,
2025-08-10 18:00:00+00:00,0.375,0.3750000000000001,0.35597858,0.9499735,0.032858428,0.017168047,GOOD,GOOD,
2025-08-10 19:00:00+00:00,0.32,0.32000000000000006,0.3925485,0.95102656,0.029285979,0.019687489,GOOD,GOOD,
2025-08-10 20:00:00+00:00,0.315,0.31500000000000006,0.3734212,0.97038496,0.013705416,0.015909635,GOOD,GOOD,
2025-08-10 21:00:00+00:00,0.30000000000000004,0.3000000000000001,0.3516182,0.93392247,0.022251213,0.04382633,GOOD,GOOD,
2025-08-10 22:00:00+00:00,0.29,0.29000000000000004,0.33501673,0.876412,0.030300757,0.09328725,GOOD,GOOD,
2025-08-10 23:00:00+00:00,0.26,0.26000000000000006,0.32358375,0.9495542,0.028998889,0.021446904,GOOD,GOOD,
2025-08-11 00:00:00+00:00,0.28500000000000003,0.2850000000000001,0.30215955,0.9568519,0.024131894,0.019016208,GOOD,GOOD,
2025-08-11 01:00:00+00:00,0.275,0.2750000000000001,0.30594075,0.9654427,0.017244188,0.017313099,GOOD,GOOD,
2025-08-11 02:00:00+00:00,0.25,0.25,0.30720925,0.94491595,0.028312167,0.026771884,GOOD,GOOD,
2025-08-11 03:00:00+00:00,0.31,0.31000000000000005,0.29168782,0.9085794,0.06203864,0.029381962,GOOD,GOOD,
2025-08-11 04:00:00+00:00,0.29000000000000004,0.2900000000000001,0.31735927,0.9621893,0.021505909,0.016304765,GOOD,GOOD,
2025-08-11 05:00:00+00:00,0.30500000000000005,0.30500000000000016,0.32523477,0.974922,0.013483632,0.011594394,GOOD,GOOD,
2025-08-11 06:00:00+00:00,0.355,0.35500000000000004,0.3322986,0.9379678,0.04223651,0.0197957,GOOD,GOOD,
2025-08-11 07:00:00+00:00,0.325,0.32500000000000007,0.36564967,0.9705253,0.0165431,0.012931596,GOOD,GOOD,
2025-08-11 08:00:00+00:00,0.315,0.31500000000000006,0.3661653,0.93112034,0.018269999,0.05060966,GOOD,GOOD,
2025-08-11 09:00:00+00:00,0.295,0.29500000000000004,0.35286403,0.9318849,0.02433941,0.043775685,GOOD,GOOD,
2025-08-11 10:00:00+00:00,0.28500000000000003,0.2850000000000001,0.3337521,0.8931614,0.02688333,0.07995526,GOOD,GOOD,
2025-08-11 11:00:00+00:00,0.29,0.29000000000000004,0.31934237,0.9214796,0.02114515,0.05737529,GOOD,GOOD,
2025-08-11 12:00:00+00:00,0.315,0.31500000000000006,0.3176239,0.96898276,0.017549118,0.013468111,GOOD,GOOD,
2025-08-11 13:00:00+00:00,0.30000000000000004,0.3000000000000001,0.3343408,0.9696666,0.014678029,0.015655398,GOOD,GOOD,
2025-08-11 14:00:00+00:00,0.29,0.29000000000000004,0.33552533,0.83637184,0.03385905,0.12976909,GOOD,GOOD,
2025-08-11 15:00:00+00:00,0.3,0.30000000000000004,0.32624564,0.9520509,0.018246895,0.029702207,GOOD,GOOD,
2025-08-11 16:00:00+00:00,0.23,0.23000000000000004,0.32677215,0.7673589,0.15914012,0.07350096,GOOD,GOOD,
2025-08-11 17:00:00+00:00,0.275,0.2750000000000001,0.28808028,0.9291583,0.04222501,0.028616719,GOOD,GOOD,
2025-08-11 18:00:00+00:00,0.33,0.3300000000000001,0.29017478,0.9128265,0.06276823,0.024405273,GOOD,GOOD,
2025-08-11 19:00:00+00:00,0.395,0.3950000000000001,0.33383268,0.85146445,0.1045618,0.043973766,GOOD,GOOD,
2025-08-11 20:00:00+00:00,0.32,0.32000000000000006,0.39856705,0.87939477,0.075419836,0.045185376,GOOD,GOOD,
2025-08-11 21:00:00+00:00,0.32,0.32000000000000006,0.38103774,0.95849943,0.019873222,0.021627361,GOOD,GOOD,
2025-08-11 22:00:00+00:00,0.35,0.35000000000000003,0.35718074,0.9615973,0.02263942,0.015763232,GOOD,GOOD,
2025-08-11 23:00:00+00:00,0.34,0.34000000000000014,0.3668611,0.9695979,0.01630339,0.014098729,GOOD,GOOD,
2025-08-12 00:00:00+00:00,0.31,0.31000000000000005,0.3716745,0.9623241,0.02043811,0.017237788,GOOD,GOOD,
2025-08-12 01:00:00+00:00,0.29000000000000004,0.2900000000000001,0.35352173,0.93288296,0.026976665,0.040140364,GOOD,GOOD,
2025-08-12 02:00:00+00:00,0.28,0.28000000000000014,0.32986227,0.9069541,0.028200695,0.06484522,GOOD,GOOD,
2025-08-12 03:00:00+00:00,0.28500000000000003,0.2850000000000001,0.31393313,0.94644666,0.019140238,0.034413073,GOOD,GOOD,
2025-08-12 04:00:00+00:00,0.28,0.28000000000000014,0.31220987,0.92038244,0.023886038,0.05573154,GOOD,GOOD,
2025-08-12 05:00:00+00:00,0.315,0.31500000000000006,0.3113095,0.95064586,0.031724893,0.017629247,GOOD,GOOD,
2025-08-12 06:00:00+00:00,0.4,0.40000000000000013,0.33153063,0.79735094,0.14788029,0.054768786,GOOD,GOOD,
2025-08-12 07:00:00+00:00,0.515,0.515,0.39574137,0.60002875,0.2880222,0.11194904,GOOD,GOOD,
2025-08-12 08:00:00+00:00,0.49,0.4900000000000001,0.50152296,0.6902586,0.17895487,0.13078648,GOOD,GOOD,
2025-08-12 09:00:00+00:00,0.56,0.5600000000000002,0.5313717,0.7527727,0.15291649,0.094310805,GOOD,GOOD,
2025-08-12 10:00:00+00:00,0.605,0.605,0.5716495,0.8786648,0.078023866,0.043311324,GOOD,GOOD,
2025-08-12 11:00:00+00:00,0.635,0.6350000000000001,0.6188891,0.86882865,0.0808078,0.050363563,GOOD,GOOD,
2025-08-12 12:00:00+00:00,0.675,0.675,0.6557199,0.89021105,0.06869,0.041098952,GOOD,GOOD,
2025-08-12 13:00:00+00:00,0.7050000000000001,0.7050000000000002,0.6925672,0.89174,0.068194605,0.040065356,GOOD,GOOD,
2025-08-12 14:00:00+00:00,0.765,0.765,0.7246726,0.91423625,0.05946116,0.026302602,GOOD,GOOD,
2025-08-12 15:00:00+00:00,0.72,0.72,0.7748924,0.9129439,0.055461515,0.03159457,GOOD,GOOD,
2025-08-12 16:00:00+00:00,0.615,0.6150000000000001,0.7618199,0.8455008,0.110679686,0.043819476,GOOD,GOOD,
2025-08-12 17:00:00+00:00,0.45,0.4500000000000001,0.67744696,0.4530275,0.42249405,0.12447845,GOOD,GOOD,
2025-08-12 18:00:00+00:00,0.455,0.45500000000000007,0.5344492,0.91168284,0.056146868,0.032170273,GOOD,GOOD,
2025-08-12 19:00:00+00:00,0.47,0.47000000000000003,0.47884798,0.96622074,0.015820313,0.017958973,GOOD,GOOD,
2025-08-12 20:00:00+00:00,0.44,0.4400000000000001,0.48396155,0.9728027,0.0153657235,0.011831571,GOOD,GOOD,
2025-08-12 21:00:00+00:00,0.5,0.5000000000000001,0.47647536,0.94212997,0.041743092,0.016126925,GOOD,GOOD,
2025-08-12 22:00:00+00:00,0.475,0.4750000000000001,0.5075035,0.9712371,0.0152501585,0.013512713,GOOD,GOOD,
2025-08-12 23:00:00+00:00,0.53,0.53,0.51073945,0.95330495,0.03337905,0.013315978,GOOD,GOOD,
2025-08-13 00:00:00+00:00,0.55,0.55,0.5409678,0.9689481,0.020106865,0.010944996,GOOD,GOOD,
2025-08-13 01:00:00+00:00,0.56,0.5600000000000002,0.57058495,0.9187752,0.020320006,0.060904823,GOOD,GOOD,
2025-08-13 02:00:00+00:00,0.59,0.5900000000000001,0.58699274,0.97263163,0.017325647,0.010042726,GOOD,GOOD,
2025-08-13 03:00:00+00:00,0.5449999999999999,0.5449999999999999,0.6100276,0.9727769,0.013862549,0.013360587,GOOD,GOOD,
2025-08-13 04:00:00+00:00,0.47,0.47000000000000003,0.5901751,0.93183815,0.0453522,0.022809641,GOOD,GOOD,
2025-08-13 05:00:00+00:00,0.41500000000000004,0.41500000000000015,0.5280647,0.9150046,0.058966734,0.026028665,GOOD,GOOD,
2025-08-13 06:00:00+00:00,0.445,0.44500000000000006,0.46502423,0.9705599,0.018035622,0.011404467,GOOD,GOOD,
2025-08-13 07:00:00+00:00,0.425,0.4250000000000001,0.4607557,0.9737055,0.014079727,0.012214825,GOOD,GOOD,
2025-08-13 08:00:00+00:00,0.44499999999999995,0.445,0.4576453,0.96994823,0.016433056,0.013618698,GOOD,GOOD,
2025-08-13 09:00:00+00:00,0.49,0.4900000000000001,0.46757284,0.9570479,0.03058478,0.012367345,GOOD,GOOD,
2025-08-13 10:00:00+00:00,0.38,0.38000000000000006,0.5018636,0.77179784,0.14996609,0.07823606,GOOD,GOOD,
2025-08-13 11:00:00+00:00,0.44,0.4400000000000001,0.4502303,0.9318629,0.043431032,0.024706084,GOOD,GOOD,
2025-08-13 12:00:00+00:00,0.475,0.4750000000000001,0.45142537,0.95368534,0.031592485,0.014722198,GOOD,GOOD,
2025-08-13 13:00:00+00:00,0.535,0.535,0.4860525,0.924456,0.057283588,0.01826039,GOOD,GOOD,
2025-08-13 14:00:00+00:00,0.55,0.55,0.5422299,0.95859426,0.023696953,0.017708806,GOOD,GOOD,
2025-08-13 15:00:00+00:00,0.585,0.5850000000000001,0.575199,0.9554378,0.02794915,0.01661305,GOOD,GOOD,
2025-08-13 16:00:00+00:00,0.535,0.535,0.60473365,0.9632524,0.020954048,0.015793525,GOOD,GOOD,
2025-08-13 17:00:00+00:00,0.47,0.47000000000000003,0.582302,0.93820727,0.043700278,0.018092485,GOOD,GOOD,
2025-08-13 18:00:00+00:00,0.43,0.43000000000000005,0.5243215,0.9487172,0.033566818,0.01771602,GOOD,GOOD,
2025-08-13 19:00:00+00:00,0.46499999999999997,0.465,0.4733795,0.9727572,0.016671859,0.010570927,GOOD,GOOD,
2025-08-13 20:00:00+00:00,0.45999999999999996,0.4600000000000001,0.47835007,0.96527267,0.014038813,0.020688495,GOOD,GOOD,
2025-08-13 21:00:00+00:00,0.435,0.4350000000000001,0.48724985,0.9671938,0.015481878,0.017324325,GOOD,GOOD,
2025-08-13 22:00:00+00:00,0.46499999999999997,0.465,0.47421673,0.9666731,0.018260093,0.015066843,GOOD,GOOD,
2025-08-13 23:00:00+00:00,0.42,0.42000000000000004,0.48388284,0.9356806,0.036280155,0.028039187,GOOD,GOOD,
2025-08-14 00:00:00+00:00,0.55,0.55,0.46421072,0.6829744,0.24659006,0.070435554,GOOD,GOOD,
2025-08-14 01:00:00+00:00,0.5700000000000001,0.5700000000000001,0.5329692,0.88496494,0.08132257,0.033712484,GOOD,GOOD,
2025-08-14 02:00:00+00:00,0.58,0.58,0.58839715,0.90870565,0.027549358,0.063744985,GOOD,GOOD,
2025-08-14 03:00:00+00:00,0.535,0.535,0.6096308,0.95690286,0.023692725,0.019404398,GOOD,GOOD,
2025-08-14 04:00:00+00:00,0.53,0.53,0.58206433,0.9658131,0.01324516,0.02094174,GOOD,GOOD,
2025-08-14 05:00:00+00:00,0.47,0.47000000000000003,0.5617182,0.94520986,0.036177527,0.018612605,GOOD,GOOD,
2025-08-14 06:00:00+00:00,0.39,0.3900000000000001,0.5186479,0.8566234,0.10724827,0.036128342,GOOD,GOOD,
2025-08-14 07:00:00+00:00,0.41500000000000004,0.41500000000000015,0.44930688,0.96863276,0.017612573,0.013754687,GOOD,GOOD,
2025-08-14 08:00:00+00:00,0.405,0.4050000000000001,0.43433726,0.96989167,0.014148584,0.015959732,GOOD,GOOD,
2025-08-14 09:00:00+00:00,0.385,0.38500000000000006,0.43329135,0.9472773,0.02193737,0.030785352,GOOD,GOOD,
2025-08-14 10:00:00+00:00,0.355,0.35500000000000004,0.42191178,0.94176567,0.031044442,0.027189909,GOOD,GOOD,
2025-08-14 11:00:00+00:00,0.33499999999999996,0.335,0.3969302,0.91870624,0.036938854,0.044354916,GOOD,GOOD,
2025-08-14 12:00:00+00:00,0.37,0.37000000000000005,0.37283215,0.9564397,0.024057146,0.019503169,GOOD,GOOD,
2025-08-14 13:00:00+00:00,0.435,0.4350000000000001,0.38513163,0.913544,0.0650838,0.021372175,GOOD,GOOD,
2025-08-14 14:00:00+00:00,0.4,0.40000000000000013,0.43737617,0.96690065,0.01782877,0.015270601,GOOD,GOOD,
2025-08-14 15:00:00+00:00,0.44499999999999995,0.445,0.44269222,0.96332705,0.022624087,0.01404884,GOOD,GOOD,
2025-08-14 16:00:00+00:00,0.435,0.4350000000000001,0.46239948,0.9785333,0.01004951,0.011417144,GOOD,GOOD,
2025-08-14 17:00:00+00:00,0.395,0.3950000000000001,0.4676006,0.962819,0.02042418,0.016756818,GOOD,GOOD,
2025-08-14 18:00:00+00:00,0.33999999999999997,0.3400000000000001,0.44165838,0.91162753,0.059923373,0.02844907,GOOD,GOOD,
2025-08-14 19:00:00+00:00,0.315,0.31500000000000006,0.39279374,0.9424405,0.032517325,0.02504216,GOOD,GOOD,
2025-08-14 20:00:00+00:00,0.325,0.32500000000000007,0.35515964,0.96935976,0.015319931,0.015320319,GOOD,GOOD,
2025-08-14 21:00:00+00:00,0.375,0.3750000000000001,0.34900963,0.9372177,0.044438202,0.018344065,GOOD,GOOD,
2025-08-14 22:00:00+00:00,0.36,0.36000000000000004,0.3828725,0.9704892,0.01569131,0.013819486,GOOD,GOOD,
2025-08-14 23:00:00+00:00,0.31,0.31000000000000005,0.39423242,0.9375585,0.037945736,0.024495782,GOOD,GOOD,
2025-08-15 00:00:00+00:00,0.33999999999999997,0.3400000000000001,0.36278132,0.9670407,0.01885914,0.014100119,GOOD,GOOD,
2025-08-15 01:00:00+00:00,0.405,0.4050000000000001,0.36048722,0.916697,0.062042568,0.021260386,GOOD,GOOD,
2025-08-15 02:00:00+00:00,0.4,0.40000000000000013,0.40641978,0.9725368,0.01384837,0.013614812,GOOD,GOOD,
2025-08-15 03:00:00+00:00,0.39,0.3900000000000001,0.4301793,0.8600729,0.020036088,0.119891,GOOD,GOOD,
2025-08-15 04:00:00+00:00,0.375,0.3750000000000001,0.4272892,0.8693832,0.023500198,0.10711662,GOOD,GOOD,
2025-08-15 05:00:00+00:00,0.365,0.3650000000000001,0.41239688,0.8318825,0.026906628,0.14121093,GOOD,GOOD,
2025-08-15 06:00:00+00:00,0.365,0.3650000000000001,0.39894667,0.805892,0.025208099,0.1688999,GOOD,GOOD,
2025-08-15 07:00:00+00:00,0.31,0.31000000000000005,0.39435124,0.8977549,0.06447445,0.037770644,GOOD,GOOD,
2025-08-15 08:00:00+00:00,0.33999999999999997,0.3400000000000001,0.3610393,0.95918,0.023089835,0.01773016,GOOD,GOOD,
2025-08-15 09:00:00+00:00,0.395,0.3950000000000001,0.35995924,0.9298878,0.05128592,0.018826326,GOOD,GOOD,
2025-08-15 10:00:00+00:00,0.45499999999999996,0.455,0.40035465,0.87771887,0.09080814,0.031473015,GOOD,GOOD,
2025-08-15 11:00:00+00:00,0.415,0.4150000000000001,0.460811,0.95789886,0.024544267,0.017556863,GOOD,GOOD,
2025-08-15 12:00:00+00:00,0.3,0.30000000000000004,0.46128216,0.67106915,0.22770695,0.1012239,GOOD,GOOD,
2025-08-15 13:00:00+00:00,0.41500000000000004,0.41500000000000015,0.37952295,0.7891325,0.14396168,0.06690581,GOOD,GOOD,
2025-08-15 14:00:00+00:00,0.39,0.3900000000000001,0.40329412,0.96549547,0.020643273,0.013861266,GOOD,GOOD,
2025-08-15 15:00:00+00:00,0.425,0.4250000000000001,0.42050618,0.9625006,0.023391128,0.014108291,GOOD,GOOD,
2025-08-15 16:00:00+00:00,0.43,0.43000000000000005,0.44452688,0.95404077,0.017682282,0.028276945,GOOD,GOOD,
2025-08-15 17:00:00+00:00,0.485,0.4850000000000001,0.45815957,0.94379884,0.03877356,0.017427621,GOOD,GOOD,
2025-08-15 18:00:00+00:00,0.565,0.5650000000000001,0.49555677,0.8689167,0.099712685,0.03137063,GOOD,GOOD,
2025-08-15 19:00:00+00:00,0.67,0.67,0.56540155,0.7340449,0.2044659,0.061489236,GOOD,GOOD,
2025-08-15 20:00:00+00:00,0.655,0.6550000000000001,0.6648375,0.8902407,0.066350825,0.043408465,GOOD,GOOD,
2025-08-15 21:00:00+00:00,0.575,0.575,0.69207805,0.8751597,0.084464476,0.04037587,GOOD,GOOD,
2025-08-15 22:00:00+00:00,0.6699999999999999,0.6699999999999999,0.6352766,0.8907006,0.07270503,0.036594357,GOOD,GOOD,
2025-08-15 23:00:00+00:00,0.71,0.7100000000000001,0.6669683,0.88489115,0.080194786,0.034914047,GOOD,GOOD,
2025-08-16 00:00:00+00:00,0.7,0.7,0.720553,0.9410719,0.034119,0.024809055,GOOD,GOOD,
2025-08-16 01:00:00+00:00,0.7250000000000001,0.7250000000000001,0.7325576,0.95068157,0.030063031,0.019255372,GOOD,GOOD,
2025-08-16 02:00:00+00:00,0.7,0.7,0.74611956,0.95884204,0.024680031,0.016477926,GOOD,GOOD,
2025-08-16 03:00:00+00:00,0.8049999999999999,0.805,0.73401815,0.8859605,0.089759395,0.024280109,GOOD,GOOD,
2025-08-16 04:00:00+00:00,0.8500000000000001,0.8500000000000002,0.7984051,0.8339178,0.1323714,0.03371081,GOOD,GOOD,
2025-08-16 05:00:00+00:00,0.975,0.975,0.8614633,0.75771224,0.20669453,0.03559321,GOOD,GOOD,
2025-08-16 06:00:00+00:00,0.9299999999999999,0.93,0.9680679,0.95693284,0.027246587,0.015820561,GOOD,GOOD,
2025-08-16 07:00:00+00:00,0.895,0.8950000000000001,0.96935266,0.9533998,0.028286876,0.018313343,GOOD,GOOD,
2025-08-16 08:00:00+00:00,0.845,0.845,0.93037015,0.9603583,0.028060073,0.011581577,GOOD,GOOD,
2025-08-16 09:00:00+00:00,0.805,0.8050000000000002,0.88041484,0.9558038,0.030633299,0.013562868,GOOD,GOOD,
2025-08-16 10:00:00+00:00,0.9199999999999999,0.92,0.83765966,0.87076753,0.10789475,0.021337697,GOOD,GOOD,
2025-08-16 11:00:00+00:00,0.98,0.9800000000000002,0.907726,0.7436565,0.21754505,0.03879843,GOOD,GOOD,
2025-08-16 12:00:00+00:00,1.21,1.2100000000000002,0.9860105,0.36372924,0.55675954,0.079511195,GOOD,SUSPECT,
2025-08-16 13:00:00+00:00,1.135,1.1350000000000002,1.1794115,0.9220757,0.054258537,0.023665767,GOOD,GOOD,
2025-08-16 14:00:00+00:00,1.005,1.0050000000000001,1.1784737,0.8936127,0.0832049,0.02318244,GOOD,GOOD,
2025-08-16 15:00:00+00:00,0.9650000000000001,0.9650000000000002,1.0586115,0.92644614,0.05252958,0.0210243,GOOD,GOOD,
2025-08-16 16:00:00+00:00,0.815,0.815,0.9903703,0.8667575,0.105150595,0.028091893,GOOD,GOOD,
2025-08-16 17:00:00+00:00,0.7350000000000001,0.7350000000000002,0.87326014,0.89132845,0.08094587,0.027725691,GOOD,GOOD,
2025-08-16 18:00:00+00:00,0.73,0.7300000000000001,0.7796789,0.9589602,0.02204903,0.018990822,GOOD,GOOD,
2025-08-16 19:00:00+00:00,0.735,0.7350000000000001,0.750896,0.8882512,0.027797142,0.083951674,GOOD,GOOD,
2025-08-16 20:00:00+00:00,0.81,0.8100000000000002,0.75388306,0.9298806,0.058597364,0.0115220025,GOOD,GOOD,
2025-08-16 21:00:00+00:00,0.755,0.7550000000000001,0.8097232,0.9675895,0.019598208,0.012812275,GOOD,GOOD,
2025-08-16 22:00:00+00:00,0.7,0.7,0.7961574,0.9609256,0.027243925,0.011830507,GOOD,GOOD,
2025-08-16 23:00:00+00:00,0.575,0.575,0.74422884,0.79920286,0.15219519,0.04860196,GOOD,GOOD,
2025-08-17 00:00:00+00:00,0.625,0.625,0.64136165,0.9645857,0.022647757,0.012766494,GOOD,GOOD,
2025-08-17 01:00:00+00:00,0.68,0.6800000000000002,0.6327571,0.9102583,0.0630542,0.026687486,GOOD,GOOD,
2025-08-17 02:00:00+00:00,0.76,0.7600000000000001,0.6827726,0.8455841,0.12717275,0.027243143,GOOD,GOOD,
2025-08-17 03:00:00+00:00,0.925,0.9250000000000002,0.76154476,0.5206746,0.40910152,0.07022389,GOOD,GOOD,
2025-08-17 04:00:00+00:00,0.975,0.975,0.90547407,0.61269283,0.3217715,0.06553565,GOOD,GOOD,
2025-08-17 05:00:00+00:00,1.0750000000000002,1.0750000000000004,0.99191904,0.79304576,0.18222272,0.024731493,GOOD,GOOD,
2025-08-17 06:00:00+00:00,1.0899999999999999,1.09,1.0795807,0.895625,0.076818995,0.027555998,GOOD,GOOD,
2025-08-17 07:00:00+00:00,1.12,1.1200000000000003,1.1127001,0.9104058,0.06601461,0.023579597,GOOD,GOOD,
2025-08-17 08:00:00+00:00,1.145,1.1450000000000002,1.1366131,0.82419586,0.11695285,0.05885131,GOOD,GOOD,
2025-08-17 09:00:00+00:00,1.19,1.1900000000000002,1.1601589,0.75220007,0.20786916,0.03993076,GOOD,GOOD,
2025-08-17 10:00:00+00:00,1.0250000000000001,1.0250000000000004,1.1995592,0.90176105,0.07368957,0.024549363,GOOD,GOOD,
2025-08-17 11:00:00+00:00,0.9450000000000001,0.9450000000000002,1.0833011,0.89013827,0.087595806,0.022265926,GOOD,GOOD,
2025-08-17 12:00:00+00:00,0.89,0.89,0.9821059,0.9535106,0.03725779,0.009231627,GOOD,GOOD,
2025-08-17 13:00:00+00:00,0.8400000000000001,0.8400000000000001,0.91892,0.9529428,0.036467556,0.010589673,GOOD,GOOD,
2025-08-17 14:00:00+00:00,1.105,1.1050000000000002,0.8708583,0.3650419,0.5247967,0.11016136,GOOD,SUSPECT,
2025-08-17 15:00:00+00:00,1.1,1.1000000000000003,1.0509211,0.5543102,0.32875904,0.11693073,GOOD,GOOD,
2025-08-17 16:00:00+00:00,1.01,1.01,1.1226928,0.93341494,0.049183596,0.017401446,GOOD,GOOD,
2025-08-17 17:00:00+00:00,0.9450000000000001,0.9450000000000002,1.0567607,0.9396759,0.044606112,0.015717976,GOOD,GOOD,
2025-08-17 18:00:00+00:00,0.915,0.915,0.97957665,0.9659673,0.02121122,0.012821492,GOOD,GOOD,
2025-08-17 19:00:00+00:00,0.94,0.94,0.9388907,0.9718894,0.020300576,0.0078100204,GOOD,GOOD,
2025-08-17 20:00:00+00:00,0.96,0.96,0.9512959,0.8325482,0.06830399,0.09914781,GOOD,GOOD,
2025-08-17 21:00:00+00:00,0.96,0.96,0.9755461,0.8646835,0.021612909,0.113703616,GOOD,GOOD,
2025-08-17 22:00:00+00:00,0.9299999999999999,0.93,0.98261315,0.96891207,0.017073419,0.014014528,GOOD,GOOD,
2025-08-17 23:00:00+00:00,0.8899999999999999,0.8899999999999999,0.96030104,0.9634419,0.023267869,0.013290241,GOOD,GOOD,
2025-08-18 00:00:00+00:00,0.98,0.9800000000000002,0.9223571,0.90593463,0.078679785,0.01538558,GOOD,GOOD,
2025-08-18 01:00:00+00:00,0.96,0.96,0.97527623,0.96985054,0.017999943,0.012149498,GOOD,GOOD,
2025-08-18 02:00:00+00:00,1.025,1.0250000000000001,0.98670834,0.93307096,0.054951537,0.011977489,GOOD,GOOD,
2025-08-18 03:00:00+00:00,1.125,1.1250000000000002,1.0310994,0.7791734,0.19220743,0.02861918,GOOD,GOOD,
2025-08-18 04:00:00+00:00,1.005,1.0050000000000001,1.1215016,0.9304698,0.044832863,0.024697328,GOOD,GOOD,
2025-08-18 05:00:00+00:00,1.04,1.0400000000000003,1.057853,0.95830715,0.026363961,0.015328867,GOOD,GOOD,
2025-08-18 06:00:00+00:00,1.005,1.0050000000000001,1.0510848,0.95990294,0.024086218,0.016010832,GOOD,GOOD,
2025-08-18 07:00:00+00:00,0.925,0.9250000000000002,1.0311257,0.935784,0.048487052,0.015728958,GOOD,GOOD,
2025-08-18 08:00:00+00:00,0.825,0.8250000000000001,0.9663262,0.8985933,0.079376385,0.022030314,GOOD,GOOD,
2025-08-18 09:00:00+00:00,0.85,0.8500000000000001,0.8733055,0.96196324,0.021791704,0.016245075,GOOD,GOOD,
2025-08-18 10:00:00+00:00,0.86,0.8600000000000001,0.861362,0.9170338,0.030668553,0.05229764,GOOD,GOOD,
2025-08-18 11:00:00+00:00,0.78,0.7800000000000001,0.8757909,0.91636515,0.060795717,0.022839107,GOOD,GOOD,
2025-08-18 12:00:00+00:00,0.755,0.7550000000000001,0.8267819,0.9022252,0.056369275,0.04140552,GOOD,GOOD,
2025-08-18 13:00:00+00:00,0.875,0.8750000000000001,0.7862441,0.8584738,0.118940465,0.022585792,GOOD,GOOD,
2025-08-18 14:00:00+00:00,0.92,0.9200000000000002,0.859223,0.78159213,0.17773467,0.040673174,GOOD,GOOD,
2025-08-18 15:00:00+00:00,0.88,0.8800000000000001,0.9294397,0.9619055,0.02072023,0.017374294,GOOD,GOOD,
2025-08-18 16:00:00+00:00,0.745,0.745,0.91841507,0.8298126,0.12598696,0.044200465,GOOD,GOOD,
2025-08-18 17:00:00+00:00,0.7749999999999999,0.775,0.8109028,0.9627546,0.022202479,0.015042913,GOOD,GOOD,
2025-08-18 18:00:00+00:00,0.87,0.8700000000000001,0.7882435,0.8769007,0.10090283,0.022196462,GOOD,GOOD,
2025-08-18 19:00:00+00:00,0.795,0.795,0.86110485,0.9479307,0.03274208,0.019327234,GOOD,GOOD,
2025-08-18 20:00:00+00:00,0.75,0.7500000000000001,0.8425095,0.94298357,0.03640016,0.02061625,GOOD,GOOD,
2025-08-18 21:00:00+00:00,0.76,0.7600000000000001,0.79188675,0.9629504,0.015013698,0.02203587,GOOD,GOOD,
2025-08-18 22:00:00+00:00,0.725,0.725,0.7798778,0.9629343,0.021787442,0.01527822,GOOD,GOOD,
2025-08-18 23:00:00+00:00,0.685,0.6850000000000002,0.7584742,0.9487804,0.03377725,0.017442314,GOOD,GOOD,
2025-08-19 00:00:00+00:00,0.6799999999999999,0.68,0.7230341,0.8751791,0.03348184,0.09133902,GOOD,GOOD,
2025-08-19 01:00:00+00:00,0.7749999999999999,0.775,0.7063913,0.9052911,0.077600226,0.017108677,GOOD,GOOD,
2025-08-19 02:00:00+00:00,0.835,0.8350000000000001,0.76855034,0.79652345,0.16572188,0.0377547,GOOD,GOOD,
2025-08-19 03:00:00+00:00,0.9850000000000001,0.9850000000000001,0.8416347,0.64787596,0.301753,0.050371014,GOOD,GOOD,
2025-08-19 04:00:00+00:00,0.8400000000000001,0.8400000000000001,0.9709746,0.8999511,0.067205675,0.032843236,GOOD,GOOD,
2025-08-19 05:00:00+00:00,0.81,0.8100000000000002,0.9091288,0.9094668,0.05330744,0.037225764,GOOD,GOOD,
2025-08-19 06:00:00+00:00,0.865,0.865,0.8460238,0.9574729,0.032462634,0.01006444,GOOD,GOOD,
2025-08-19 07:00:00+00:00,0.77,0.77,0.86849266,0.95052856,0.032651562,0.016819868,GOOD,GOOD,
2025-08-19 08:00:00+00:00,0.745,0.745,0.8206042,0.9618076,0.02282674,0.0153656695,GOOD,GOOD,
2025-08-19 09:00:00+00:00,0.745,0.745,0.7787074,0.8407442,0.025095796,0.13416,GOOD,GOOD,
2025-08-19 10:00:00+00:00,0.74,0.74,0.767226,0.78998196,0.033710506,0.17630751,GOOD,GOOD,
2025-08-19 11:00:00+00:00,0.6599999999999999,0.66,0.7645201,0.906744,0.0679963,0.02525971,GOOD,GOOD,
2025-08-19 12:00:00+00:00,0.58,0.58,0.71057284,0.84378356,0.11809204,0.038124405,GOOD,GOOD,
2025-08-19 13:00:00+00:00,0.58,0.58,0.6330912,0.9223465,0.03321334,0.044440158,GOOD,GOOD,
2025-08-19 14:00:00+00:00,0.6699999999999999,0.6699999999999999,0.6041843,0.9065059,0.07280796,0.020686138,GOOD,GOOD,
2025-08-19 15:00:00+00:00,0.7749999999999999,0.775,0.66185325,0.66561127,0.28169075,0.05269795,GOOD,GOOD,
2025-08-19 16:00:00+00:00,0.8049999999999999,0.805,0.7661982,0.8638298,0.099750504,0.03641972,GOOD,GOOD,
2025-08-19 17:00:00+00:00,0.63,0.63,0.82555324,0.659717,0.22462152,0.11566145,GOOD,GOOD,
2025-08-19 18:00:00+00:00,0.605,0.605,0.7168641,0.83697927,0.0968799,0.06614086,GOOD,GOOD,
2025-08-19 19:00:00+00:00,0.695,0.695,0.642794,0.91679347,0.06371245,0.019494087,GOOD,GOOD,
2025-08-19 20:00:00+00:00,0.615,0.6150000000000001,0.6857001,0.95124567,0.029343199,0.019411165,GOOD,GOOD,
2025-08-19 21:00:00+00:00,0.585,0.5850000000000001,0.6652963,0.95919,0.02263484,0.01817513,GOOD,GOOD,
2025-08-19 22:00:00+00:00,0.51,0.51,0.6266647,0.89246106,0.07366227,0.03387665,GOOD,GOOD,
2025-08-19 23:00:00+00:00,0.51,0.51,0.5631785,0.95191324,0.018782904,0.02930387,GOOD,GOOD,
2025-08-20 00:00:00+00:00,0.53,0.53,0.53702325,0.96795374,0.01857118,0.013475091,GOOD,GOOD,
2025-08-20 01:00:00+00:00,0.5549999999999999,0.5549999999999999,0.5473301,0.9279482,0.03775443,0.034297414,GOOD,GOOD,
2025-08-20 02:00:00+00:00,0.66,0.6600000000000001,0.57279146,0.8194846,0.14913236,0.03138306,GOOD,GOOD,
2025-08-20 03:00:00+00:00,0.675,0.675,0.6524004,0.9290181,0.045258168,0.025723772,GOOD,GOOD,
2025-08-20 04:00:00+00:00,0.75,0.7500000000000001,0.6984084,0.9161598,0.06628406,0.017556151,GOOD,GOOD,
2025-08-20 05:00:00+00:00,0.53,0.53,0.7574966,0.4497152,0.30737674,0.24290806,GOOD,GOOD,
2025-08-20 06:00:00+00:00,0.525,0.525,0.63250846,0.7795695,0.118250765,0.10217976,GOOD,GOOD,
2025-08-20 07:00:00+00:00,0.59,0.5900000000000001,0.55974793,0.94957954,0.036904417,0.013516052,GOOD,GOOD,
2025-08-20 08:00:00+00:00,0.5700000000000001,0.5700000000000001,0.5875723,0.97603047,0.012637254,0.011332259,GOOD,GOOD,
2025-08-20 09:00:00+00:00,0.5700000000000001,0.5700000000000001,0.600912,0.84143436,0.021077199,0.13748842,GOOD,GOOD,
2025-08-20 10:00:00+00:00,0.575,0.575,0.6007372,0.83912563,0.022578442,0.13829589,GOOD,GOOD,
2025-08-20 11:00:00+00:00,0.665,0.6650000000000001,0.6016484,0.89949447,0.080263026,0.020242525,GOOD,GOOD,
2025-08-20 12:00:00+00:00,0.605,0.605,0.6616279,0.96654713,0.019378953,0.014073905,GOOD,GOOD,
2025-08-20 13:00:00+00:00,0.55,0.55,0.6519661,0.9479669,0.034622744,0.017410396,GOOD,GOOD,
2025-08-20 14:00:00+00:00,0.6699999999999999,0.6699999999999999,0.60050535,0.85557145,0.1125829,0.031845648,GOOD,GOOD,
2025-08-20 15:00:00+00:00,0.69,0.6900000000000001,0.65601116,0.89846164,0.070330836,0.03120755,GOOD,GOOD,
2025-08-20 16:00:00+00:00,0.76,0.7600000000000001,0.7071682,0.9217085,0.061582226,0.016709248,GOOD,GOOD,
2025-08-20 17:00:00+00:00,0.71,0.7100000000000001,0.7685015,0.96141994,0.021820812,0.016759275,GOOD,GOOD,
2025-08-20 18:00:00+00:00,0.59,0.5900000000000001,0.7547314,0.8612609,0.10457988,0.034159254,GOOD,GOOD,
2025-08-20 19:00:00+00:00,0.535,0.535,0.65905875,0.8840426,0.08183926,0.03411814,GOOD,GOOD,
2025-08-20 20:00:00+00:00,0.605,0.605,0.58092827,0.9479413,0.038523,0.013535669,GOOD,GOOD,
2025-08-20 21:00:00+00:00,0.655,0.6550000000000001,0.60333204,0.8469286,0.11460186,0.038469516,GOOD,GOOD,
2025-08-20 22:00:00+00:00,0.605,0.605,0.66097695,0.97163224,0.015931843,0.012435908,GOOD,GOOD,
2025-08-20 23:00:00+00:00,0.5700000000000001,0.5700000000000001,0.65087765,0.96053165,0.020339947,0.019128397,GOOD,GOOD,
2025-08-21 00:00:00+00:00,0.565,0.5650000000000001,0.6128198,0.88024384,0.021975534,0.09778064,GOOD,GOOD,
2025-08-21 01:00:00+00:00,0.485,0.4850000000000001,0.59325975,0.8997467,0.071326055,0.028927224,GOOD,GOOD,
2025-08-21 02:00:00+00:00,0.485,0.4850000000000001,0.539206,0.9408126,0.02180389,0.03738355,GOOD,GOOD,
2025-08-21 03:00:00+00:00,0.49,0.4900000000000001,0.51385343,0.8382416,0.028610408,0.13314798,GOOD,GOOD,
2025-08-21 04:00:00+00:00,0.53,0.53,0.5136167,0.9645635,0.023625832,0.011810659,GOOD,GOOD,
2025-08-21 05:00:00+00:00,0.58,0.58,0.54294485,0.92828643,0.051217936,0.020495653,GOOD,GOOD,
2025-08-21 06:00:00+00:00,0.45,0.4500000000000001,0.59053344,0.7370465,0.17072713,0.092226356,GOOD,GOOD,
2025-08-21 07:00:00+00:00,0.41500000000000004,0.41500000000000015,0.5267424,0.8213669,0.11343378,0.065199345,GOOD,GOOD,
2025-08-21 08:00:00+00:00,0.49,0.4900000000000001,0.46258003,0.9273912,0.05069896,0.021909866,GOOD,GOOD,
2025-08-21 09:00:00+00:00,0.445,0.44500000000000006,0.48765162,0.968649,0.017583305,0.013767666,GOOD,GOOD,
2025-08-21 10:00:00+00:00,0.45999999999999996,0.4600000000000001,0.48566854,0.9742181,0.012520097,0.013261812,GOOD,GOOD,
2025-08-21 11:00:00+00:00,0.405,0.4050000000000001,0.48710707,0.9411992,0.03395695,0.02484384,GOOD,GOOD,
2025-08-21 12:00:00+00:00,0.42,0.42000000000000004,0.45464638,0.9733578,0.012671337,0.013970894,GOOD,GOOD,
2025-08-21 13:00:00+00:00,0.39,0.3900000000000001,0.44531944,0.96259594,0.02062025,0.01678383,GOOD,GOOD,
2025-08-21 14:00:00+00:00,0.435,0.4350000000000001,0.42854655,0.95669276,0.028206531,0.015100689,GOOD,GOOD,
2025-08-21 15:00:00+00:00,0.495,0.4950000000000001,0.4479348,0.9213234,0.060179017,0.018497542,GOOD,GOOD,
2025-08-21 16:00:00+00:00,0.5,0.5000000000000001,0.50016046,0.95499736,0.01666123,0.028341401,GOOD,GOOD,
2025-08-21 17:00:00+00:00,0.54,0.5400000000000001,0.5278677,0.9649705,0.022606174,0.012423311,GOOD,GOOD,
2025-08-21 18:00:00+00:00,0.635,0.6350000000000001,0.5580207,0.8656773,0.10662113,0.027701588,GOOD,GOOD,
2025-08-21 19:00:00+00:00,0.63,0.63,0.6318006,0.9607998,0.021979665,0.017220536,GOOD,GOOD,
2025-08-21 20:00:00+00:00,0.545,0.545,0.6611685,0.92417765,0.050897665,0.024924694,GOOD,GOOD,
2025-08-21 21:00:00+00:00,0.56,0.5600000000000002,0.6066731,0.97438335,0.013392821,0.012223801,GOOD,GOOD,
2025-08-21 22:00:00+00:00,0.535,0.535,0.5848845,0.97345424,0.014007131,0.012538614,GOOD,GOOD,
2025-08-21 23:00:00+00:00,0.505,0.505,0.56819123,0.93559486,0.029546235,0.034858923,GOOD,GOOD,
2025-08-22 00:00:00+00:00,0.46499999999999997,0.465,0.5433881,0.95106006,0.029551378,0.01938857,GOOD,GOOD,
2025-08-22 01:00:00+00:00,0.475,0.4750000000000001,0.5076282,0.96790653,0.014354225,0.017739248,GOOD,GOOD,
2025-08-22 02:00:00+00:00,0.395,0.3950000000000001,0.49906313,0.83536476,0.118894644,0.0457406,GOOD,GOOD,
2025-08-22 03:00:00+00:00,0.45,0.4500000000000001,0.4513339,0.95195085,0.02953952,0.018509613,GOOD,GOOD,
2025-08-22 04:00:00+00:00,0.46,0.46000000000000013,0.45967525,0.95645934,0.02053236,0.0230083,GOOD,GOOD,
2025-08-22 05:00:00+00:00,0.5,0.5000000000000001,0.4807273,0.9596827,0.027994717,0.012322573,GOOD,GOOD,
2025-08-22 06:00:00+00:00,0.56,0.5600000000000002,0.51489496,0.92951167,0.052860327,0.017627982,GOOD,GOOD,
2025-08-22 07:00:00+00:00,0.5,0.5000000000000001,0.5680221,0.9644119,0.018923122,0.016664954,GOOD,GOOD,
2025-08-22 08:00:00+00:00,0.46499999999999997,0.465,0.5515199,0.9542344,0.024142556,0.021623049,GOOD,GOOD,
2025-08-22 09:00:00+00:00,0.47,0.47000000000000003,0.51094323,0.9541749,0.01285314,0.03297196,GOOD,GOOD,
2025-08-22 10:00:00+00:00,0.475,0.4750000000000001,0.49663892,0.76706666,0.02624846,0.20668489,GOOD,GOOD,
2025-08-22 11:00:00+00:00,0.46499999999999997,0.465,0.49994218,0.9081865,0.01973788,0.07207564,GOOD,GOOD,
2025-08-22 12:00:00+00:00,0.45,0.4500000000000001,0.4974686,0.88677496,0.025430309,0.08779472,GOOD,GOOD,
2025-08-22 13:00:00+00:00,0.5700000000000001,0.5700000000000001,0.48557362,0.75765306,0.18984543,0.052501507,GOOD,GOOD,
2025-08-22 14:00:00+00:00,0.565,0.5650000000000001,0.5558716,0.9508894,0.030668132,0.01844247,GOOD,GOOD,
2025-08-22 15:00:00+00:00,0.62,0.62,0.5931708,0.9410894,0.042510185,0.016400449,GOOD,GOOD,
2025-08-22 16:00:00+00:00,0.575,0.575,0.63419616,0.9652763,0.01936414,0.015359573,GOOD,GOOD,
2025-08-22 17:00:00+00:00,0.575,0.575,0.6197817,0.95071214,0.014499451,0.034788426,GOOD,GOOD,
2025-08-22 18:00:00+00:00,0.69,0.6900000000000001,0.6055698,0.8272165,0.13407229,0.03871119,GOOD,GOOD,
2025-08-22 19:00:00+00:00,0.565,0.5650000000000001,0.6779917,0.86944675,0.08235021,0.04820302,GOOD,GOOD,
2025-08-22 20:00:00+00:00,0.595,0.595,0.63357645,0.96919227,0.017567461,0.01324028,GOOD,GOOD,
2025-08-22 21:00:00+00:00,0.54,0.5400000000000001,0.6177744,0.9592773,0.02437675,0.016346008,GOOD,GOOD,
2025-08-22 22:00:00+00:00,0.5349999999999999,0.5349999999999999,0.58329016,0.9663029,0.0138204545,0.019876678,GOOD,GOOD,
2025-08-22 23:00:00+00:00,0.535,0.535,0.56458366,0.7194613,0.03492656,0.24561214,GOOD,GOOD,
2025-08-23 00:00:00+00:00,0.44999999999999996,0.45000000000000007,0.5610113,0.8514619,0.1053315,0.043206602,GOOD,GOOD,
2025-08-23 01:00:00+00:00,0.48,0.48000000000000004,0.50821805,0.9652119,0.01907363,0.015714446,GOOD,GOOD,
2025-08-23 02:00:00+00:00,0.405,0.4050000000000001,0.4989498,0.8691633,0.090241,0.040595755,GOOD,GOOD,
2025-08-23 03:00:00+00:00,0.395,0.3950000000000001,0.4578411,0.92673284,0.03221988,0.041047268,GOOD,GOOD,
2025-08-23 04:00:00+00:00,0.455,0.45500000000000007,0.42962098,0.9400244,0.042826593,0.017149055,GOOD,GOOD,
2025-08-23 05:00:00+00:00,0.44499999999999995,0.445,0.45917636,0.9688849,0.016171385,0.014943712,GOOD,GOOD,
2025-08-23 06:00:00+00:00,0.45999999999999996,0.4600000000000001,0.4750712,0.9510985,0.017155128,0.031746376,GOOD,GOOD,
2025-08-23 07:00:00+00:00,0.42,0.42000000000000004,0.48633826,0.96230865,0.019394327,0.018297024,GOOD,GOOD,
2025-08-23 08:00:00+00:00,0.41,0.41000000000000003,0.4651217,0.9173362,0.02029326,0.062370516,GOOD,GOOD,
2025-08-23 09:00:00+00:00,0.435,0.4350000000000001,0.44514692,0.97308594,0.014731216,0.012182829,GOOD,GOOD,
2025-08-23 10:00:00+00:00,0.48,0.48000000000000004,0.45416006,0.95458674,0.03237858,0.013034694,GOOD,GOOD,
2025-08-23 11:00:00+00:00,0.49,0.4900000000000001,0.4913229,0.9453972,0.018880479,0.035722304,GOOD,GOOD,
2025-08-23 12:00:00+00:00,0.47,0.47000000000000003,0.5159453,0.9622265,0.013004949,0.024768552,GOOD,GOOD,
2025-08-23 13:00:00+00:00,0.47,0.47000000000000003,0.50908947,0.78717816,0.021293037,0.19152883,GOOD,GOOD,
2025-08-23 14:00:00+00:00,0.565,0.5650000000000001,0.50105846,0.8750388,0.0975612,0.027399994,GOOD,GOOD,
2025-08-23 15:00:00+00:00,0.435,0.4350000000000001,0.5593085,0.8044671,0.12588422,0.06964873,GOOD,GOOD,
2025-08-23 16:00:00+00:00,0.485,0.4850000000000001,0.5092796,0.9689869,0.018690089,0.012322985,GOOD,GOOD,
2025-08-23 17:00:00+00:00,0.475,0.4750000000000001,0.5019268,0.97385794,0.011123561,0.015018518,GOOD,GOOD,
2025-08-23 18:00:00+00:00,0.555,0.555,0.5029541,0.91318095,0.06548234,0.02133668,GOOD,GOOD,
2025-08-23 19:00:00+00:00,0.595,0.595,0.55502313,0.90485775,0.06798617,0.027156107,GOOD,GOOD,
2025-08-23 20:00:00+00:00,0.5549999999999999,0.5549999999999999,0.6086832,0.9679257,0.01803572,0.014038575,GOOD,GOOD,
2025-08-23 21:00:00+00:00,0.585,0.5850000000000001,0.6000238,0.9640791,0.02075467,0.015166251,GOOD,GOOD,
2025-08-23 22:00:00+00:00,0.63,0.63,0.60582894,0.9417855,0.03988975,0.018324757,GOOD,GOOD,
2025-08-23 23:00:00+00:00,0.58,0.58,0.64116204,0.96215683,0.022814393,0.015028761,GOOD,GOOD,
2025-08-24 00:00:00+00:00,0.5249999999999999,0.5249999999999999,0.62491375,0.94587886,0.036235455,0.01788569,GOOD,GOOD,
2025-08-24 01:00:00+00:00,0.475,0.4750000000000001,0.5747402,0.9448197,0.035975687,0.019204626,GOOD,GOOD,
2025-08-24 02:00:00+00:00,0.48,0.48000000000000004,0.5207672,0.970555,0.011583922,0.017861044,GOOD,GOOD,
2025-08-24 03:00:00+00:00,0.425,0.4250000000000001,0.50450605,0.94421476,0.036299393,0.019485846,GOOD,GOOD,
2025-08-24 04:00:00+00:00,0.48,0.48000000000000004,0.4710348,0.9536809,0.03205552,0.014263611,GOOD,GOOD,
2025-08-24 05:00:00+00:00,0.485,0.4850000000000001,0.48895407,0.96179426,0.015952526,0.022253199,GOOD,GOOD,
2025-08-24 06:00:00+00:00,0.5449999999999999,0.5449999999999999,0.50874406,0.94282293,0.042733848,0.014443224,GOOD,GOOD,
2025-08-24 07:00:00+00:00,0.61,0.6100000000000001,0.55336165,0.886064,0.08731117,0.02662483,GOOD,GOOD,
2025-08-24 08:00:00+00:00,0.49,0.4900000000000001,0.61612815,0.86158353,0.08869363,0.049722843,GOOD,GOOD,
2025-08-24 09:00:00+00:00,0.6,0.6,0.56284285,0.8813349,0.08328873,0.03537635,GOOD,GOOD,
2025-08-24 10:00:00+00:00,0.6,0.6,0.59489644,0.96038103,0.023567723,0.016051274,GOOD,GOOD,
2025-08-24 11:00:00+00:00,0.6,0.6,0.62349635,0.7024318,0.029284544,0.2682837,GOOD,GOOD,
2025-08-24 12:00:00+00:00,0.5900000000000001,0.5900000000000002,0.63090116,0.86288476,0.022171915,0.11494334,GOOD,GOOD,
2025-08-24 13:00:00+00:00,0.455,0.45500000000000007,0.6231837,0.72002864,0.20248134,0.07749004,GOOD,GOOD,
2025-08-24 14:00:00+00:00,0.5,0.5000000000000001,0.53183913,0.9695696,0.01884656,0.011583794,GOOD,GOOD,
2025-08-24 15:00:00+00:00,0.45499999999999996,0.455,0.51395714,0.96269935,0.023108047,0.014192572,GOOD,GOOD,
2025-08-24 16:00:00+00:00,0.505,0.505,0.4936951,0.9568261,0.029864715,0.013309166,GOOD,GOOD,
2025-08-24 17:00:00+00:00,0.44999999999999996,0.45000000000000007,0.51578283,0.9653215,0.020686578,0.01399195,GOOD,GOOD,
2025-08-24 18:00:00+00:00,0.51,0.51,0.49688137,0.95311165,0.03224607,0.014642288,GOOD,GOOD,
2025-08-24 19:00:00+00:00,0.595,0.595,0.5193089,0.85141265,0.11912054,0.029466812,GOOD,GOOD,
2025-08-24 20:00:00+00:00,0.5,0.5000000000000001,0.59091395,0.93224454,0.04268206,0.025073435,GOOD,GOOD,
2025-08-24 21:00:00+00:00,0.44,0.4400000000000001,0.56264985,0.9034953,0.06581653,0.030688152,GOOD,GOOD,
2025-08-24 22:00:00+00:00,0.54,0.5400000000000001,0.49668506,0.91151434,0.06508858,0.0233971,GOOD,GOOD,
2025-08-24 23:00:00+00:00,0.47,0.47000000000000003,0.5312297,0.96704584,0.020000432,0.0129537145,GOOD,GOOD,
2025-08-25 00:00:00+00:00,0.505,0.505,0.5186007,0.97740257,0.012437331,0.010160081,GOOD,GOOD,
2025-08-25 01:00:00+00:00,0.41,0.41000000000000003,0.5254331,0.8518942,0.10208453,0.04602128,GOOD,GOOD,
2025-08-25 02:00:00+00:00,0.48,0.48000000000000004,0.47278264,0.9489913,0.035159208,0.015849464,GOOD,GOOD,
2025-08-25 03:00:00+00:00,0.505,0.505,0.48573196,0.9271611,0.04445628,0.028382646,GOOD,GOOD,
2025-08-25 04:00:00+00:00,0.435,0.4350000000000001,0.520016,0.94550765,0.03484786,0.019644495,GOOD,GOOD,
2025-08-25 05:00:00+00:00,0.54,0.5400000000000001,0.49075142,0.8981278,0.07810108,0.023771131,GOOD,GOOD,
2025-08-25 06:00:00+00:00,0.5449999999999999,0.5449999999999999,0.5342513,0.9185677,0.035455473,0.045976803,GOOD,GOOD,
2025-08-25 07:00:00+00:00,0.675,0.675,0.56817275,0.7852718,0.1709853,0.0437429,GOOD,GOOD,
2025-08-25 08:00:00+00:00,0.54,0.5400000000000001,0.6621916,0.88139576,0.078707814,0.039896406,GOOD,GOOD,
2025-08-25 09:00:00+00:00,0.5349999999999999,0.5349999999999999,0.6152751,0.8853671,0.038206764,0.07642614,GOOD,GOOD,
2025-08-25 10:00:00+00:00,0.635,0.6350000000000001,0.5717976,0.8963287,0.07959947,0.024071867,GOOD,GOOD,
2025-08-25 11:00:00+00:00,0.515,0.515,0.6249989,0.9107205,0.06031795,0.02896154,GOOD,GOOD,
2025-08-25 12:00:00+00:00,0.55,0.55,0.58163404,0.9760313,0.013333374,0.010635303,GOOD,GOOD,
2025-08-25 13:00:00+00:00,0.52,0.52,0.5709993,0.9766369,0.012533633,0.010829501,GOOD,GOOD,
2025-08-25 14:00:00+00:00,0.475,0.4750000000000001,0.5552744,0.9591741,0.02599297,0.014832913,GOOD,GOOD,
2025-08-25 15:00:00+00:00,0.51,0.51,0.5196587,0.9754555,0.014598256,0.0099462215,GOOD,GOOD,
2025-08-25 16:00:00+00:00,0.41000000000000003,0.4100000000000001,0.5255363,0.79730445,0.14707874,0.0556168,GOOD,GOOD,
2025-08-25 17:00:00+00:00,0.52,0.52,0.47287026,0.89530414,0.08060908,0.024086786,GOOD,GOOD,
2025-08-25 18:00:00+00:00,0.535,0.535,0.5108481,0.8815526,0.065719396,0.052728035,GOOD,GOOD,
2025-08-25 19:00:00+00:00,0.605,0.605,0.5527573,0.9202666,0.060286224,0.019447124,GOOD,GOOD,
2025-08-25 20:00:00+00:00,0.65,0.65,0.61171806,0.8862642,0.08087152,0.032864243,GOOD,GOOD,
2025-08-25 21:00:00+00:00,0.51,0.51,0.66470504,0.8344374,0.11635412,0.04920847,GOOD,GOOD,
2025-08-25 22:00:00+00:00,0.54,0.5400000000000001,0.5895465,0.97872776,0.011560207,0.0097120395,GOOD,GOOD,
2025-08-25 23:00:00+00:00,0.45499999999999996,0.455,0.56214064,0.90325207,0.06617302,0.030574918,GOOD,GOOD,
2025-08-26 00:00:00+00:00,0.44499999999999995,0.445,0.5090671,0.9273896,0.02973251,0.042877883,GOOD,GOOD,
2025-08-26 01:00:00+00:00,0.42500000000000004,0.42500000000000016,0.4783146,0.9341161,0.027197935,0.038685918,GOOD,GOOD,
2025-08-26 02:00:00+00:00,0.41500000000000004,0.41500000000000015,0.45894045,0.89554965,0.029563775,0.0748866,GOOD,GOOD,
2025-08-26 03:00:00+00:00,0.49,0.4900000000000001,0.44700918,0.9271429,0.055133548,0.017723529,GOOD,GOOD,
2025-08-26 04:00:00+00:00,0.41000000000000003,0.4100000000000001,0.4903687,0.9106214,0.057384774,0.03199379,GOOD,GOOD,
2025-08-26 05:00:00+00:00,0.46,0.46000000000000013,0.4667808,0.96032375,0.02433787,0.0153383585,GOOD,GOOD,
2025-08-26 06:00:00+00:00,0.52,0.52,0.47526008,0.9221449,0.059022073,0.018833023,GOOD,GOOD,
2025-08-26 07:00:00+00:00,0.53,0.53,0.5241492,0.8843633,0.036986336,0.07865039,GOOD,GOOD,
2025-08-26 08:00:00+00:00,0.395,0.3950000000000001,0.555229,0.70626724,0.196755,0.09697779,GOOD,GOOD,
2025-08-26 09:00:00+00:00,0.36,0.36000000000000004,0.47715545,0.80754757,0.121123984,0.07132847,GOOD,GOOD,
2025-08-26 10:00:00+00:00,0.38,0.38000000000000006,0.40811804,0.9737549,0.01400804,0.012237094,GOOD,GOOD,
2025-08-26 11:00:00+00:00,0.42000000000000004,0.4200000000000001,0.39778548,0.93709034,0.041501712,0.021407943,GOOD,GOOD,
2025-08-26 12:00:00+00:00,0.41500000000000004,0.41500000000000015,0.42972505,0.94170713,0.019296382,0.038996495,GOOD,GOOD,
2025-08-26 13:00:00+00:00,0.39,0.3900000000000001,0.44556168,0.96486753,0.015155218,0.019977227,GOOD,GOOD,
2025-08-26 14:00:00+00:00,0.4,0.40000000000000013,0.4317908,0.9522502,0.015640778,0.032109052,GOOD,GOOD,
2025-08-26 15:00:00+00:00,0.405,0.4050000000000001,0.42738852,0.8208525,0.026422935,0.15272453,GOOD,GOOD,
2025-08-26 16:00:00+00:00,0.38,0.38000000000000006,0.43141136,0.966599,0.017481271,0.01591974,GOOD,GOOD,
2025-08-26 17:00:00+00:00,0.37,0.37000000000000005,0.41904905,0.87859035,0.02792053,0.09348914,GOOD,GOOD,
2025-08-26 18:00:00+00:00,0.365,0.3650000000000001,0.40484536,0.7839397,0.0275849,0.18847536,GOOD,GOOD,
2025-08-26 19:00:00+00:00,0.4,0.40000000000000013,0.3963941,0.9688245,0.019117052,0.0120584415,GOOD,GOOD,
2025-08-26 20:00:00+00:00,0.39,0.3900000000000001,0.4157212,0.9744971,0.011895968,0.013606966,GOOD,GOOD,
2025-08-26 21:00:00+00:00,0.32,0.32000000000000006,0.42236423,0.87726015,0.08186299,0.04087683,GOOD,GOOD,
2025-08-26 22:00:00+00:00,0.29000000000000004,0.2900000000000001,0.37913722,0.9191181,0.049406555,0.03147533,GOOD,GOOD,
2025-08-26 23:00:00+00:00,0.43,0.43000000000000005,0.33498314,0.60715044,0.30144733,0.091402255,GOOD,GOOD,
2025-08-27 00:00:00+00:00,0.45,0.4500000000000001,0.40328208,0.8014052,0.14073132,0.057863493,GOOD,GOOD,
2025-08-27 01:00:00+00:00,0.45,0.4500000000000001,0.46580598,0.88731503,0.026352078,0.08633289,GOOD,GOOD,
2025-08-27 02:00:00+00:00,0.485,0.4850000000000001,0.484634,0.9534348,0.02870917,0.017856006,GOOD,GOOD,
2025-08-27 03:00:00+00:00,0.51,0.51,0.50541353,0.9419136,0.03224958,0.025836796,GOOD,GOOD,
2025-08-27 04:00:00+00:00,0.45,0.4500000000000001,0.53036106,0.94825643,0.032634716,0.019108832,GOOD,GOOD,
2025-08-27 05:00:00+00:00,0.485,0.4850000000000001,0.5020361,0.9637587,0.021029577,0.015211737,GOOD,GOOD,
2025-08-27 06:00:00+00:00,0.435,0.4350000000000001,0.50405324,0.95951515,0.02408713,0.01639771,GOOD,GOOD,
2025-08-27 07:00:00+00:00,0.625,0.625,0.48002726,0.43013716,0.41931942,0.15054339,GOOD,GOOD,
2025-08-27 08:00:00+00:00,0.65,0.65,0.58752185,0.6110868,0.283274,0.10563923,GOOD,GOOD,
2025-08-27 09:00:00+00:00,0.48,0.48000000000000004,0.6668636,0.6154425,0.23918441,0.14537305,GOOD,GOOD,
2025-08-27 10:00:00+00:00,0.38,0.38000000000000006,0.5742027,0.4301669,0.428126,0.14170708,GOOD,GOOD,
2025-08-27 11:00:00+00:00,0.475,0.4750000000000001,0.45248747,0.8923254,0.07369091,0.03398366,GOOD,GOOD,
2025-08-27 12:00:00+00:00,0.585,0.5850000000000001,0.46400705,0.56652653,0.34418333,0.08929011,GOOD,GOOD,
2025-08-27 13:00:00+00:00,0.54,0.5400000000000001,0.5648818,0.9454656,0.032069147,0.022465246,GOOD,GOOD,
2025-08-27 14:00:00+00:00,0.53,0.53,0.5848669,0.9541845,0.014907133,0.03090838,GOOD,GOOD,
2025-08-27 15:00:00+00:00,0.64,0.6400000000000001,0.5688508,0.8616585,0.106737256,0.03160423,GOOD,GOOD,
2025-08-27 16:00:00+00:00,0.62,0.62,0.6303687,0.96266645,0.021717638,0.015615914,GOOD,GOOD,
2025-08-27 17:00:00+00:00,0.5,0.5000000000000001,0.6525694,0.85920787,0.10285954,0.03793258,GOOD,GOOD,
2025-08-27 18:00:00+00:00,0.5,0.5000000000000001,0.57402796,0.9213858,0.03172288,0.046891302,GOOD,GOOD,
2025-08-27 19:00:00+00:00,0.39,0.3900000000000001,0.5309807,0.8164613,0.13307226,0.050466415,GOOD,GOOD,
2025-08-27 20:00:00+00:00,0.505,0.505,0.45487896,0.88609314,0.08384254,0.030064303,GOOD,GOOD,
2025-08-27 21:00:00+00:00,0.46499999999999997,0.465,0.49157465,0.9754016,0.014206227,0.01039217,GOOD,GOOD,
2025-08-27 22:00:00+00:00,0.415,0.4150000000000001,0.5018158,0.95489347,0.029838817,0.015267726,GOOD,GOOD,
2025-08-27 23:00:00+00:00,0.425,0.4250000000000001,0.46676064,0.96558815,0.013572765,0.020839097,GOOD,GOOD,
2025-08-28 00:00:00+00:00,0.48,0.48000000000000004,0.45211014,0.9521221,0.035290103,0.012587829,GOOD,GOOD,
2025-08-28 01:00:00+00:00,0.445,0.44500000000000006,0.48592323,0.97730076,0.012701116,0.00999815,GOOD,GOOD,
2025-08-28 02:00:00+00:00,0.45499999999999996,0.3753207167382619,0.48538238,0.90434617,0.065237366,0.030416459,SUSPECT,GOOD,D_drift
2025-08-28 03:00:00+00:00,0.475,0.31564143347652374,0.434632,0.86532366,0.09030942,0.044366952,SUSPECT,GOOD,D_drift
2025-08-28 04:00:00+00:00,0.525,0.2859621502147856,0.37086734,0.91898626,0.044722352,0.0362914,SUSPECT,GOOD,D_drift
2025-08-28 05:00:00+00:00,0.435,0.11628286695304742,0.32691363,0.2662785,0.45152816,0.28219336,SUSPECT,SUSPECT,D_drift
2025-08-28 06:00:00+00:00,0.47,0.07160358369130926,0.2158921,0.31267786,0.44050902,0.2468131,SUSPECT,SUSPECT,D_drift
2025-08-28 07:00:00+00:00,0.525,0.04692430042957113,0.1296169,0.8430978,0.09292378,0.0639784,SUSPECT,GOOD,D_drift
2025-08-28 08:00:00+00:00,0.58,0.022245017167832892,0.08527824,0.90099704,0.05231477,0.046688184,SUSPECT,GOOD,D_drift
2025-08-28 09:00:00+00:00,0.435,0.02,0.060831327,0.83683753,0.04677471,0.11638775,SUSPECT,GOOD,D_drift
2025-08-28 10:00:00+00:00,0.33499999999999996,0.02,0.051631738,0.78732735,0.045967963,0.1667047,SUSPECT,GOOD,D_drift
2025-08-28 11:00:00+00:00,0.35,0.02,0.05043423,0.7712475,0.042132556,0.18661995,BAD,GOOD,D_drift
2025-08-28 12:00:00+00:00,0.415,0.02,0.051291652,0.77476966,0.036687195,0.18854313,BAD,GOOD,D_drift
2025-08-28 13:00:00+00:00,0.4,0.02,0.051907316,0.7660584,0.03617961,0.19776201,BAD,GOOD,D_drift
2025-08-28 14:00:00+00:00,0.445,0.44500000000000006,0.052068178,0.17612308,0.29785627,0.52602065,GOOD,SUSPECT,
2025-08-28 15:00:00+00:00,0.44999999999999996,0.45000000000000007,0.29771334,0.0799039,0.7027753,0.21732081,GOOD,SUSPECT,
2025-08-28 16:00:00+00:00,0.46499999999999997,0.465,0.46618524,0.9527503,0.02138943,0.02586026,GOOD,GOOD,
2025-08-28 17:00:00+00:00,0.42,0.42000000000000004,0.51069736,0.9535984,0.026206072,0.02019554,GOOD,GOOD,
2025-08-28 18:00:00+00:00,0.385,0.38500000000000006,0.4768548,0.9102275,0.04823023,0.04154227,GOOD,GOOD,
2025-08-28 19:00:00+00:00,0.41000000000000003,0.4100000000000001,0.43102536,0.97603935,0.01585115,0.008109496,GOOD,GOOD,
2025-08-28 20:00:00+00:00,0.535,0.535,0.42866933,0.6723736,0.2607537,0.066872716,GOOD,GOOD,
2025-08-28 21:00:00+00:00,0.52,0.52,0.5154306,0.9496476,0.033498853,0.016853562,GOOD,GOOD,
2025-08-28 22:00:00+00:00,0.42000000000000004,0.4200000000000001,0.55271703,0.8545927,0.102000244,0.043407045,GOOD,GOOD,
2025-08-28 23:00:00+00:00,0.42,0.42000000000000004,0.49086526,0.9511411,0.026076248,0.022782646,GOOD,GOOD,
2025-08-29 00:00:00+00:00,0.44999999999999996,0.45000000000000007,0.45184398,0.978142,0.014189527,0.007668448,GOOD,GOOD,
2025-08-29 01:00:00+00:00,0.42,0.42000000000000004,0.4623039,0.9721958,0.018752225,0.009051962,GOOD,GOOD,
2025-08-29 02:00:00+00:00,0.44,0.4400000000000001,0.45647842,0.9738898,0.014437601,0.011672574,GOOD,GOOD,
2025-08-29 03:00:00+00:00,0.44,0.4400000000000001,0.46259615,0.93367326,0.015948309,0.050378412,GOOD,GOOD,
2025-08-29 04:00:00+00:00,0.49,0.4900000000000001,0.46764636,0.9573193,0.029695934,0.012984773,GOOD,GOOD,
2025-08-29 05:00:00+00:00,0.45499999999999996,0.455,0.5006154,0.9765227,0.012975961,0.010501325,GOOD,GOOD,
2025-08-29 06:00:00+00:00,0.425,0.4250000000000001,0.496095,0.9336582,0.027413828,0.03892799,GOOD,GOOD,
2025-08-29 07:00:00+00:00,0.52,0.52,0.4683009,0.8663526,0.09799001,0.035657384,GOOD,GOOD,
2025-08-29 08:00:00+00:00,0.525,0.525,0.5144314,0.9506827,0.031480223,0.017837072,GOOD,GOOD,
2025-08-29 09:00:00+00:00,0.485,0.4850000000000001,0.5490921,0.9712911,0.014964489,0.013744389,GOOD,GOOD,
2025-08-29 10:00:00+00:00,0.445,0.44500000000000006,0.53203917,0.93911666,0.031862043,0.029021302,GOOD,GOOD,
2025-08-29 11:00:00+00:00,0.41000000000000003,0.4100000000000001,0.49177945,0.9450994,0.03187335,0.023027264,GOOD,GOOD,
2025-08-29 12:00:00+00:00,0.435,0.4350000000000001,0.45223495,0.97933733,0.012970328,0.007692345,GOOD,GOOD,
2025-08-29 13:00:00+00:00,0.48,0.48000000000000004,0.45355353,0.9491733,0.037387077,0.01343964,GOOD,GOOD,
2025-08-29 14:00:00+00:00,0.41000000000000003,0.4100000000000001,0.48997042,0.9439053,0.034022857,0.022071848,GOOD,GOOD,
2025-08-29 15:00:00+00:00,0.4,0.40000000000000013,0.46522754,0.96581537,0.015143787,0.019040836,GOOD,GOOD,
2025-08-29 16:00:00+00:00,0.415,0.4150000000000001,0.43758056,0.9671733,0.0134899,0.01933684,GOOD,GOOD,
2025-08-29 17:00:00+00:00,0.395,0.3950000000000001,0.4372285,0.9761034,0.0124089075,0.011487653,GOOD,GOOD,
2025-08-29 18:00:00+00:00,0.42,0.42000000000000004,0.4301689,0.97406113,0.01447872,0.011460163,GOOD,GOOD,
2025-08-29 19:00:00+00:00,0.42478260869565215,0.4247826086956522,0.44093361,0.91933066,0.019149384,0.061519984,GOOD,GOOD,
2025-08-29 20:00:00+00:00,0.4295652173913043,0.42956521739130443,0.45161495,0.7602413,0.026982857,0.21277581,GOOD,GOOD,
2025-08-29 21:00:00+00:00,0.4343478260869565,0.43434782608695655,0.458134,0.7250956,0.029064815,0.24583952,GOOD,GOOD,
2025-09-01 12:00:00+00:00,0.7356521739130435,0.7356521739130436,0.46276265,0.2523222,0.4294618,0.31821597,GOOD,SUSPECT,
2025-09-01 13:00:00+00:00,0.7404347826086957,0.7404347826086958,0.6604443,0.39737058,0.38828644,0.21434298,GOOD,GOOD,
2025-09-01 14:00:00+00:00,0.7452173913043478,0.7452173913043479,0.76752335,0.68675596,0.15725623,0.15598783,GOOD,GOOD,
2025-09-01 15:00:00+00:00,0.75,0.7500000000000001,0.78365636,0.76562244,0.10163168,0.13274586,GOOD,GOOD,
2025-09-01 16:00:00+00:00,0.71,0.7100000000000001,0.7792713,0.9346076,0.04254092,0.022851434,GOOD,GOOD,
2025-09-01 17:00:00+00:00,0.625,0.625,0.74890023,0.88272053,0.08260018,0.034679297,GOOD,GOOD,
2025-09-01 18:00:00+00:00,0.645,0.645,0.67890203,0.9633447,0.021358768,0.0152965095,GOOD,GOOD,
2025-09-01 19:00:00+00:00,0.6950000000000001,0.6950000000000001,0.66384804,0.94172686,0.04118965,0.01708347,GOOD,GOOD,
2025-09-01 20:00:00+00:00,0.75,0.7500000000000001,0.7013551,0.87461674,0.096534766,0.028848525,GOOD,GOOD,
2025-09-01 21:00:00+00:00,0.715,0.715,0.7580995,0.95832247,0.024364784,0.017312767,GOOD,GOOD,
2025-09-01 22:00:00+00:00,0.685,0.6850000000000002,0.75361156,0.94541925,0.030693222,0.023887537,GOOD,GOOD,
2025-09-01 23:00:00+00:00,0.69,0.6900000000000001,0.7223249,0.96289885,0.018644944,0.018456195,GOOD,GOOD,
2025-09-02 00:00:00+00:00,0.61,0.6100000000000001,0.71280247,0.923901,0.05134091,0.024758052,GOOD,GOOD,
2025-09-02 01:00:00+00:00,0.74,0.74,0.66062844,0.78310895,0.16889542,0.047995597,GOOD,GOOD,
2025-09-02 02:00:00+00:00,0.75,0.7500000000000001,0.7236171,0.90552974,0.06506554,0.02940469,GOOD,GOOD,
2025-09-02 03:00:00+00:00,0.725,0.725,0.7699967,0.97439677,0.012780144,0.012823102,GOOD,GOOD,
2025-09-02 04:00:00+00:00,0.725,0.725,0.7626883,0.8999719,0.017190874,0.082837224,GOOD,GOOD,
2025-09-02 05:00:00+00:00,0.77,0.77,0.7525684,0.9596713,0.030425541,0.009903152,GOOD,GOOD,
2025-09-02 06:00:00+00:00,0.71,0.7100000000000001,0.7807243,0.96603614,0.020023996,0.013939856,GOOD,GOOD,
2025-09-02 07:00:00+00:00,0.685,0.6850000000000002,0.75430095,0.9724596,0.015581395,0.011959015,GOOD,GOOD,
2025-09-02 08:00:00+00:00,0.73,0.7300000000000001,0.72067326,0.9681232,0.022875628,0.009001196,GOOD,GOOD,
2025-09-02 09:00:00+00:00,0.72,0.72,0.7400353,0.97865075,0.011166227,0.010183039,GOOD,GOOD,
2025-09-02 10:00:00+00:00,0.715,0.715,0.7475957,0.8052816,0.024084842,0.1706336,GOOD,GOOD,
2025-09-02 11:00:00+00:00,0.705,0.7050000000000001,0.74385566,0.8621848,0.02413516,0.113680005,GOOD,GOOD,
2025-09-02 12:00:00+00:00,0.615,0.6150000000000001,0.73425096,0.8643724,0.09566764,0.03995996,GOOD,GOOD,
2025-09-02 13:00:00+00:00,0.7,0.7,0.67054784,0.9271383,0.054369327,0.018492362,GOOD,GOOD,
2025-09-02 14:00:00+00:00,0.73,0.7300000000000001,0.69808185,0.93107104,0.050550353,0.018378606,GOOD,GOOD,
2025-09-02 15:00:00+00:00,0.76,0.7600000000000001,0.7428596,0.88508147,0.064645156,0.050273374,GOOD,GOOD,
2025-09-02 16:00:00+00:00,0.76,0.7600000000000001,0.7786511,0.91524386,0.021521129,0.06323499,GOOD,GOOD,
2025-09-02 17:00:00+00:00,0.76,0.7600000000000001,0.78781474,0.67100203,0.029445555,0.29955238,GOOD,GOOD,
2025-09-02 18:00:00+00:00,0.76,0.7600000000000001,0.78677505,0.624899,0.034792878,0.3403081,GOOD,GOOD,
