timestamp,Hsig_real,Hsig_observado_pelo_sensor,Hsig_previsto,p_good,p_suspect,p_bad,rotulo_verdadeiro,rotulo_previsto,familia_anomalia
2024-08-21 03:00:00+00:00,0.38,1.2356504332321074,1.3139695,0.16440493,0.061264362,0.77433074,BAD,BAD,C_level_shift
2024-08-21 04:00:00+00:00,0.38,1.2356504332321074,1.2571518,0.37707567,0.05411114,0.5688132,BAD,GOOD,C_level_shift
2024-08-21 05:00:00+00:00,0.43,1.2856504332321075,1.2450508,0.118166685,0.5670657,0.3147676,BAD,SUSPECT,C_level_shift
2024-08-21 06:00:00+00:00,0.425,1.2806504332321076,1.2857689,0.53856075,0.25566903,0.20577021,BAD,GOOD,C_level_shift
2024-08-21 07:00:00+00:00,0.515,1.3706504332321077,1.294172,0.19731295,0.69815683,0.10453022,BAD,SUSPECT,C_level_shift
2024-08-21 08:00:00+00:00,0.535,1.3906504332321077,1.3641026,0.12797332,0.5238553,0.34817135,BAD,SUSPECT,C_level_shift
2024-08-21 09:00:00+00:00,0.44999999999999996,1.3056504332321075,1.3982683,0.9108903,0.07046651,0.018643191,BAD,GOOD,C_level_shift
2024-08-21 10:00:00+00:00,0.45499999999999996,1.3106504332321076,1.332735,0.4241917,0.07940619,0.49640208,BAD,GOOD,C_level_shift
2024-08-21 11:00:00+00:00,0.495,1.3506504332321077,1.3176248,0.67680776,0.24657921,0.076613046,BAD,GOOD,C_level_shift
2024-08-21 12:00:00+00:00,0.5,1.3556504332321075,1.3518478,0.3318678,0.1312654,0.5368668,BAD,GOOD,C_level_shift
2024-08-21 13:00:00+00:00,0.415,1.2706504332321076,1.3660712,0.9285603,0.057118822,0.014320871,BAD,GOOD,C_level_shift
2024-08-21 14:00:00+00:00,0.37,1.2256504332321077,1.298546,0.9305731,0.05160376,0.017823147,BAD,GOOD,C_level_shift
2024-08-21 15:00:00+00:00,0.365,1.2206504332321075,1.2440698,0.50866747,0.08819515,0.40313742,BAD,GOOD,C_level_shift
2024-08-21 16:00:00+00:00,0.335,1.1906504332321075,1.2308846,0.9096966,0.056253582,0.03404987,BAD,GOOD,C_level_shift
2024-08-21 17:00:00+00:00,0.35,1.2056504332321076,1.2088526,0.8081234,0.06857157,0.12330502,BAD,GOOD,C_level_shift
2024-08-21 18:00:00+00:00,0.36,1.2156504332321074,1.2146274,0.6894587,0.080798306,0.22974294,BAD,GOOD,C_level_shift
2024-08-21 19:00:00+00:00,0.44,1.2956504332321075,1.2260648,0.7668761,0.2067006,0.026423324,BAD,GOOD,C_level_shift
2024-08-21 20:00:00+00:00,0.45,1.3056504332321075,1.291525,0.29849154,0.15940525,0.54210323,BAD,GOOD,C_level_shift
2024-08-21 21:00:00+00:00,0.495,1.3506504332321077,1.3173616,0.69796884,0.2517852,0.05024596,BAD,GOOD,C_level_shift
2024-08-21 22:00:00+00:00,0.37,1.2256504332321077,1.354355,0.93252206,0.054728806,0.012749153,BAD,GOOD,C_level_shift
2024-08-21 23:00:00+00:00,0.41500000000000004,1.2706504332321076,1.2634419,0.92736506,0.05654463,0.01609032,BAD,GOOD,C_level_shift
2024-08-22 00:00:00+00:00,0.45,1.3056504332321075,1.2710176,0.5779577,0.2870492,0.1349931,BAD,GOOD,C_level_shift
2024-08-22 01:00:00+00:00,0.435,1.2906504332321076,1.3096786,0.74501514,0.062036764,0.19294806,BAD,GOOD,C_level_shift
2024-08-22 02:00:00+00:00,0.41000000000000003,1.2656504332321077,1.307395,0.86024046,0.055567086,0.08419244,BAD,GOOD,C_level_shift
2024-08-22 03:00:00+00:00,0.4,1.2556504332321075,1.282894,0.64665294,0.07072658,0.28262046,BAD,GOOD,C_level_shift
2024-08-22 04:00:00+00:00,0.295,1.1506504332321075,1.2683622,0.9318628,0.05505572,0.013081503,BAD,GOOD,C_level_shift
2024-08-22 05:00:00+00:00,0.345,1.2006504332321075,1.1854542,0.9428086,0.04538389,0.011807475,BAD,GOOD,C_level_shift
2024-08-22 06:00:00+00:00,0.37,1.2256504332321077,1.200351,0.8232924,0.12756705,0.04914059,BAD,GOOD,C_level_shift
2024-08-22 07:00:00+00:00,0.395,1.2506504332321076,1.2325671,0.6645163,0.17160596,0.16387768,BAD,GOOD,C_level_shift
2024-08-22 08:00:00+00:00,0.48,1.3356504332321075,1.2597935,0.7037817,0.26432934,0.0318889,BAD,GOOD,C_level_shift
2024-08-22 09:00:00+00:00,0.455,1.3106504332321076,1.3315719,0.9389663,0.040239144,0.020794556,BAD,GOOD,C_level_shift
2024-08-22 10:00:00+00:00,0.405,1.2606504332321076,1.3290452,0.9447911,0.039035384,0.01617351,BAD,GOOD,C_level_shift
2024-08-22 11:00:00+00:00,0.33499999999999996,1.1906504332321075,1.282586,0.9317563,0.05325802,0.014985639,BAD,GOOD,C_level_shift
2024-08-22 12:00:00+00:00,0.43000000000000005,1.2856504332321077,1.2162132,0.88962597,0.09264269,0.017731322,BAD,GOOD,C_level_shift
2024-08-22 13:00:00+00:00,0.41500000000000004,1.2706504332321076,1.2758532,0.9534766,0.031029036,0.015494332,BAD,GOOD,C_level_shift
2024-08-22 14:00:00+00:00,0.405,1.2606504332321076,1.2876048,0.71257913,0.056869164,0.2305517,BAD,GOOD,C_level_shift
2024-08-22 15:00:00+00:00,0.375,1.2306504332321075,1.2765756,0.9524194,0.031134494,0.016446115,BAD,GOOD,C_level_shift
2024-08-22 16:00:00+00:00,0.38,1.2356504332321074,1.2486602,0.89649767,0.051211786,0.052290548,BAD,GOOD,C_level_shift
2024-08-22 17:00:00+00:00,0.32499999999999996,1.1806504332321075,1.2457645,0.9254552,0.05471304,0.01983177,BAD,GOOD,C_level_shift
2024-08-22 18:00:00+00:00,0.345,1.2006504332321075,1.2051419,0.9515635,0.033351786,0.0150847165,BAD,GOOD,C_level_shift
2024-08-22 19:00:00+00:00,0.355,1.2106504332321075,1.2085925,0.7863389,0.07289752,0.14076357,BAD,GOOD,C_level_shift
2024-08-22 20:00:00+00:00,0.43,1.2856504332321075,1.2213974,0.8278215,0.14958377,0.022594716,BAD,GOOD,C_level_shift
2024-08-22 21:00:00+00:00,0.42000000000000004,1.2756504332321075,1.2834191,0.9529268,0.030653654,0.016419517,BAD,GOOD,C_level_shift
2024-08-22 22:00:00+00:00,0.385,1.2406504332321076,1.2921278,0.95132023,0.03179601,0.016883753,BAD,GOOD,C_level_shift
2024-08-22 23:00:00+00:00,0.36,1.2156504332321074,1.2611636,0.92088896,0.044543732,0.034567334,BAD,GOOD,C_level_shift
2024-08-23 00:00:00+00:00,0.41000000000000003,1.2656504332321077,1.2325256,0.9215089,0.064791225,0.013699844,BAD,GOOD,C_level_shift
2024-08-23 01:00:00+00:00,0.4,1.2556504332321075,1.2666335,0.960255,0.025806688,0.013938308,BAD,GOOD,C_level_shift
2024-08-23 02:00:00+00:00,0.41000000000000003,1.2656504332321077,1.2714511,0.856064,0.054084063,0.08985193,BAD,GOOD,C_level_shift
2024-08-23 03:00:00+00:00,0.365,1.2206504332321075,1.2770054,0.94104266,0.03981048,0.01914684,BAD,GOOD,C_level_shift
2024-08-23 04:00:00+00:00,0.405,0.4050000000000001,1.2427983,0.0384413,0.050509293,0.9110494,GOOD,BAD,
2024-08-23 05:00:00+00:00,0.33,0.3300000000000001,0.67182404,0.12876481,0.42222723,0.44900796,GOOD,SUSPECT,
2024-08-23 06:00:00+00:00,0.39,0.3900000000000001,0.398232,0.5385592,0.25557992,0.20586091,GOOD,GOOD,
2024-08-23 07:00:00+00:00,0.385,0.38500000000000006,0.370773,0.53856075,0.25566903,0.20577021,GOOD,GOOD,
2024-08-23 08:00:00+00:00,0.425,0.4250000000000001,0.39920306,0.55689913,0.24244033,0.20066053,GOOD,GOOD,
2024-08-23 09:00:00+00:00,0.385,0.38500000000000006,0.43849546,0.53856075,0.25566903,0.20577021,GOOD,GOOD,
2024-08-23 10:00:00+00:00,0.365,0.3650000000000001,0.42965424,0.6203313,0.20086572,0.178803,GOOD,GOOD,
2024-08-23 11:00:00+00:00,0.33,0.3300000000000001,0.4047156,0.70860404,0.15208896,0.139307,GOOD,GOOD,
2024-08-23 12:00:00+00:00,0.30000000000000004,0.3000000000000001,0.37269726,0.72662365,0.14011978,0.13325657,GOOD,GOOD,
2024-08-23 13:00:00+00:00,0.395,0.3950000000000001,0.34175095,0.714897,0.15916148,0.12594154,GOOD,GOOD,
2024-08-23 14:00:00+00:00,0.405,0.4050000000000001,0.38709438,0.8346892,0.088966936,0.07634385,GOOD,GOOD,
2024-08-23 15:00:00+00:00,0.35,0.35000000000000003,0.42727923,0.88700515,0.057171494,0.055823337,GOOD,GOOD,
2024-08-23 16:00:00+00:00,0.4,0.40000000000000013,0.40572006,0.9600297,0.025396205,0.014574093,GOOD,GOOD,
2024-08-23 17:00:00+00:00,0.335,0.3350000000000001,0.41574997,0.9382532,0.04044566,0.02130109,GOOD,GOOD,
2024-08-23 18:00:00+00:00,0.385,0.38500000000000006,0.3877917,0.959195,0.027122071,0.0136829335,GOOD,GOOD,
2024-08-23 19:00:00+00:00,0.4,0.40000000000000013,0.39880672,0.95964104,0.019679053,0.020679915,GOOD,GOOD,
2024-08-23 20:00:00+00:00,0.39,0.3900000000000001,0.420955,0.9406091,0.016293501,0.04309739,GOOD,GOOD,
2024-08-23 21:00:00+00:00,0.405,0.4050000000000001,0.42420846,0.9617109,0.014926643,0.023362461,GOOD,GOOD,
2024-08-23 22:00:00+00:00,0.32499999999999996,0.325,0.43052825,0.87251246,0.08856003,0.038927507,GOOD,GOOD,
2024-08-23 23:00:00+00:00,0.31,0.31000000000000005,0.38511848,0.9492524,0.02963894,0.021108655,GOOD,GOOD,
2024-08-24 00:00:00+00:00,0.29500000000000004,0.2950000000000001,0.3483953,0.876631,0.04189685,0.08147215,GOOD,GOOD,
2024-08-24 01:00:00+00:00,0.275,0.2750000000000001,0.32795617,0.9312571,0.030433381,0.038309492,GOOD,GOOD,
2024-08-24 02:00:00+00:00,0.315,0.31500000000000006,0.31103724,0.95440114,0.026939875,0.01865899,GOOD,GOOD,
2024-08-24 03:00:00+00:00,0.28,0.28000000000000014,0.32825938,0.95457435,0.026616277,0.018809369,GOOD,GOOD,
2024-08-24 04:00:00+00:00,0.29000000000000004,0.2900000000000001,0.32151794,0.95858884,0.019116871,0.022294313,GOOD,GOOD,
2024-08-24 05:00:00+00:00,0.33999999999999997,0.3400000000000001,0.31876972,0.9469953,0.036540173,0.016464487,GOOD,GOOD,
2024-08-24 06:00:00+00:00,0.24,0.24,0.3492508,0.7886928,0.13397783,0.07732939,GOOD,GOOD,
2024-08-24 07:00:00+00:00,0.31,0.31000000000000005,0.30888465,0.92038375,0.050211843,0.02940442,GOOD,GOOD,
2024-08-24 08:00:00+00:00,0.355,0.35500000000000004,0.31834754,0.92724615,0.050865777,0.02188808,GOOD,GOOD,
2024-08-24 09:00:00+00:00,0.33499999999999996,0.335,0.3620809,0.97406757,0.013130659,0.01280177,GOOD,GOOD,
2024-08-24 10:00:00+00:00,0.28,0.28000000000000014,0.37294227,0.93354,0.041163564,0.02529642,GOOD,GOOD,
2024-08-24 11:00:00+00:00,0.275,0.2750000000000001,0.33652237,0.9444959,0.019045696,0.03645838,GOOD,GOOD,
2024-08-24 12:00:00+00:00,0.32,0.32000000000000006,0.31038487,0.9584565,0.026984314,0.014559197,GOOD,GOOD,
2024-08-24 13:00:00+00:00,0.325,0.32500000000000007,0.3300565,0.9291658,0.02405168,0.04678255,GOOD,GOOD,
2024-08-24 14:00:00+00:00,0.39,0.3900000000000001,0.35032955,0.91769433,0.059259556,0.023046112,GOOD,GOOD,
2024-08-24 15:00:00+00:00,0.36,0.36000000000000004,0.39655945,0.9687693,0.017185858,0.014044849,GOOD,GOOD,
2024-08-24 16:00:00+00:00,0.34,0.34000000000000014,0.4014172,0.90188074,0.027089406,0.07102988,GOOD,GOOD,
2024-08-24 17:00:00+00:00,0.365,0.3650000000000001,0.38209984,0.97409356,0.014400705,0.011505756,GOOD,GOOD,
2024-08-24 18:00:00+00:00,0.29000000000000004,0.2900000000000001,0.38606825,0.8897027,0.073234014,0.037063304,GOOD,GOOD,
2024-08-24 19:00:00+00:00,0.28500000000000003,0.2850000000000001,0.34774476,0.96129066,0.019056246,0.019653123,GOOD,GOOD,
2024-08-24 20:00:00+00:00,0.34,0.34000000000000014,0.32051367,0.94112533,0.03909018,0.019784512,GOOD,GOOD,
2024-08-24 21:00:00+00:00,0.45999999999999996,0.4600000000000001,0.3458619,0.69625235,0.22973263,0.07401503,GOOD,GOOD,
2024-08-24 22:00:00+00:00,0.36,0.36000000000000004,0.44054958,0.83737457,0.10289186,0.059733536,GOOD,GOOD,
2024-08-24 23:00:00+00:00,0.345,0.34500000000000003,0.4272008,0.941906,0.02792642,0.03016763,GOOD,GOOD,
2024-08-25 00:00:00+00:00,0.325,0.32500000000000007,0.39014465,0.8812916,0.032485273,0.086223096,GOOD,GOOD,
2024-08-25 01:00:00+00:00,0.34,0.34000000000000014,0.36190426,0.97734016,0.012185645,0.010474187,GOOD,GOOD,
2024-08-25 02:00:00+00:00,0.31,0.31000000000000005,0.36227784,0.9706482,0.015699157,0.013652635,GOOD,GOOD,
2024-08-25 03:00:00+00:00,0.31,0.31000000000000005,0.34999254,0.90942883,0.018215107,0.07235605,GOOD,GOOD,
2024-08-25 04:00:00+00:00,0.28,0.28000000000000014,0.34172314,0.94871247,0.02692926,0.024358248,GOOD,GOOD,
2024-08-25 05:00:00+00:00,0.275,0.2750000000000001,0.32173827,0.9065279,0.02730374,0.06616835,GOOD,GOOD,
2024-08-25 06:00:00+00:00,0.29000000000000004,0.2900000000000001,0.30819637,0.95140487,0.022318156,0.026276989,GOOD,GOOD,
2024-08-25 07:00:00+00:00,0.27,0.2700000000000001,0.3132947,0.9503994,0.025807867,0.023792716,GOOD,GOOD,
2024-08-25 08:00:00+00:00,0.25,0.25,0.30730247,0.8364475,0.054656524,0.10889602,GOOD,GOOD,
2024-08-25 09:00:00+00:00,0.235,0.235,0.29022625,0.8293142,0.046841335,0.12384448,GOOD,GOOD,
2024-08-25 10:00:00+00:00,0.26,0.26000000000000006,0.27249214,0.9520942,0.023225337,0.024680465,GOOD,GOOD,
2024-08-25 11:00:00+00:00,0.245,0.24500000000000002,0.28001383,0.94038975,0.027073234,0.032537013,GOOD,GOOD,
2024-08-25 12:00:00+00:00,0.265,0.26500000000000007,0.27985093,0.9490322,0.023202525,0.027765283,GOOD,GOOD,
2024-08-25 13:00:00+00:00,0.275,0.2750000000000001,0.28904563,0.88679135,0.029808069,0.08340059,GOOD,GOOD,
2024-08-25 14:00:00+00:00,0.28,0.28000000000000014,0.30101025,0.75727713,0.03752962,0.20519327,GOOD,GOOD,
2024-08-25 15:00:00+00:00,0.275,0.2750000000000001,0.309128,0.7671132,0.04188649,0.1910003,GOOD,GOOD,
2024-08-25 16:00:00+00:00,0.275,0.2750000000000001,0.30854028,0.56965125,0.04829153,0.38205725,GOOD,GOOD,
2024-08-25 17:00:00+00:00,0.265,0.26500000000000007,0.30655658,0.8228569,0.04548228,0.13166079,GOOD,GOOD,
2024-08-25 18:00:00+00:00,0.265,0.26500000000000007,0.2997913,0.6515376,0.052212752,0.29624966,GOOD,GOOD,
2024-08-25 19:00:00+00:00,0.3,0.30000000000000004,0.2960347,0.9560092,0.027304154,0.016686626,GOOD,GOOD,
2024-08-25 20:00:00+00:00,0.3,0.30000000000000004,0.31601706,0.96423537,0.016619496,0.019145146,GOOD,GOOD,
2024-08-25 21:00:00+00:00,0.29000000000000004,0.2900000000000001,0.32904404,0.91994333,0.020815084,0.05924161,GOOD,GOOD,
2024-08-25 22:00:00+00:00,0.27,0.2700000000000001,0.32606262,0.9446735,0.021304438,0.034022085,GOOD,GOOD,
2024-08-25 23:00:00+00:00,0.275,0.2750000000000001,0.30986285,0.9657216,0.0136864735,0.020591926,GOOD,GOOD,
2024-08-26 00:00:00+00:00,0.265,0.26500000000000007,0.30397314,0.9511662,0.018135695,0.0306981,GOOD,GOOD,
2024-08-26 01:00:00+00:00,0.275,0.2750000000000001,0.2982579,0.9663485,0.014845639,0.018805861,GOOD,GOOD,
2024-08-26 02:00:00+00:00,0.275,0.2750000000000001,0.3015583,0.85504663,0.025511106,0.11944229,GOOD,GOOD,
2024-08-26 03:00:00+00:00,0.245,0.24500000000000002,0.304826,0.9346227,0.03689864,0.028478635,GOOD,GOOD,
2024-08-26 04:00:00+00:00,0.245,0.24500000000000002,0.28820542,0.948635,0.024133956,0.02723105,GOOD,GOOD,
2024-08-26 05:00:00+00:00,0.25,0.25,0.27720225,0.89302355,0.030133003,0.07684347,GOOD,GOOD,
2024-08-26 06:00:00+00:00,0.26,0.26000000000000006,0.2774489,0.9301804,0.0254909,0.044328745,GOOD,GOOD,
2024-08-26 07:00:00+00:00,0.28500000000000003,0.2850000000000001,0.28570056,0.952091,0.025562057,0.022346972,GOOD,GOOD,
2024-08-26 08:00:00+00:00,0.315,0.31500000000000006,0.30525258,0.90215284,0.05727407,0.0405731,GOOD,GOOD,
2024-08-26 09:00:00+00:00,0.3,0.30000000000000004,0.3332945,0.95422566,0.025577672,0.020196654,GOOD,GOOD,
2024-08-26 10:00:00+00:00,0.33999999999999997,0.3400000000000001,0.33700252,0.8284352,0.099122375,0.07244247,GOOD,GOOD,
2024-08-26 11:00:00+00:00,0.305,0.3050000000000001,0.35716236,0.90609884,0.058363795,0.035537366,GOOD,GOOD,
2024-08-26 12:00:00+00:00,0.31,0.31000000000000005,0.34822652,0.95516586,0.024691327,0.020142796,GOOD,GOOD,
2024-08-26 13:00:00+00:00,0.295,0.29500000000000004,0.34120327,0.9716189,0.015050777,0.013330313,GOOD,GOOD,
2024-08-26 14:00:00+00:00,0.28500000000000003,0.2850000000000001,0.3306551,0.90617526,0.02302719,0.070797585,GOOD,GOOD,
2024-08-26 15:00:00+00:00,0.24,0.24,0.31966275,0.91454524,0.054465827,0.030988915,GOOD,GOOD,
2024-08-26 16:00:00+00:00,0.26,0.26000000000000006,0.28869122,0.953352,0.02726982,0.01937822,GOOD,GOOD,
2024-08-26 17:00:00+00:00,0.295,0.29500000000000004,0.28355312,0.954451,0.029436944,0.016112057,GOOD,GOOD,
2024-08-26 18:00:00+00:00,0.265,0.26500000000000007,0.3082881,0.95617354,0.0262083,0.017618172,GOOD,GOOD,
2024-08-26 19:00:00+00:00,0.29000000000000004,0.2900000000000001,0.30616486,0.96404684,0.021104153,0.0148490425,GOOD,GOOD,
2024-08-26 20:00:00+00:00,0.26,0.26000000000000006,0.3134818,0.96101016,0.022123365,0.016866492,GOOD,GOOD,
2024-08-26 21:00:00+00:00,0.25,0.25,0.3015852,0.9623612,0.017120587,0.020518167,GOOD,GOOD,
2024-08-26 22:00:00+00:00,0.28,0.28000000000000014,0.28655282,0.96440464,0.020867558,0.014727814,GOOD,GOOD,
2024-08-26 23:00:00+00:00,0.325,0.32500000000000007,0.298024,0.9288696,0.04799382,0.02313655,GOOD,GOOD,
2024-08-27 00:00:00+00:00,0.28,0.28000000000000014,0.3353902,0.9534914,0.028195286,0.01831331,GOOD,GOOD,
2024-08-27 01:00:00+00:00,0.275,0.2750000000000001,0.3281322,0.9701603,0.012882973,0.016956696,GOOD,GOOD,
2024-08-27 02:00:00+00:00,0.24,0.24,0.3121611,0.9555234,0.026288701,0.018187953,GOOD,GOOD,
2024-08-27 03:00:00+00:00,0.23,0.23000000000000004,0.28462198,0.95168984,0.022123247,0.02618692,GOOD,GOOD,
2024-08-27 04:00:00+00:00,0.235,0.235,0.2653061,0.928898,0.024879714,0.046222277,GOOD,GOOD,
2024-08-27 05:00:00+00:00,0.235,0.235,0.26233387,0.7954615,0.03511086,0.16942765,GOOD,GOOD,
2024-08-27 06:00:00+00:00,0.245,0.24500000000000002,0.2643809,0.9300529,0.025442878,0.04450426,GOOD,GOOD,
2024-08-27 07:00:00+00:00,0.255,0.255,0.27162582,0.85333455,0.03285433,0.1138111,GOOD,GOOD,
2024-08-27 08:00:00+00:00,0.245,0.24500000000000002,0.28146252,0.94221175,0.022137562,0.03565072,GOOD,GOOD,
2024-08-27 09:00:00+00:00,0.28,0.28000000000000014,0.280049,0.9561277,0.025995797,0.017876482,GOOD,GOOD,
2024-08-27 10:00:00+00:00,0.35,0.35000000000000003,0.29757854,0.8812274,0.08554527,0.033227365,GOOD,GOOD,
2024-08-27 11:00:00+00:00,0.385,0.38500000000000006,0.35119224,0.91435105,0.055995166,0.029653808,GOOD,GOOD,
2024-08-27 12:00:00+00:00,0.37,0.37000000000000005,0.40100643,0.95463824,0.025673075,0.019688684,GOOD,GOOD,
2024-08-27 13:00:00+00:00,0.46499999999999997,0.465,0.40908092,0.8181672,0.1225767,0.059256066,GOOD,GOOD,
2024-08-27 14:00:00+00:00,0.4,0.40000000000000013,0.46286047,0.8581846,0.08832896,0.053486437,GOOD,GOOD,
2024-08-27 15:00:00+00:00,0.365,0.3650000000000001,0.4524645,0.9342346,0.04156074,0.024204666,GOOD,GOOD,
2024-08-27 16:00:00+00:00,0.355,0.35500000000000004,0.41359943,0.96602637,0.016761826,0.017211804,GOOD,GOOD,
2024-08-27 17:00:00+00:00,0.395,0.3950000000000001,0.38873956,0.9420256,0.035583112,0.022391262,GOOD,GOOD,
2024-08-27 18:00:00+00:00,0.41,0.41000000000000003,0.4069683,0.95738375,0.025681611,0.016934637,GOOD,GOOD,
2024-08-27 19:00:00+00:00,0.41000000000000003,0.4100000000000001,0.4313955,0.90721786,0.02793022,0.06485191,GOOD,GOOD,
2024-08-27 20:00:00+00:00,0.42,0.42000000000000004,0.4406435,0.9315928,0.027513813,0.040893395,GOOD,GOOD,
2024-08-27 21:00:00+00:00,0.46499999999999997,0.465,0.44718167,0.9532513,0.03131246,0.015436221,GOOD,GOOD,
2024-08-27 22:00:00+00:00,0.495,0.4950000000000001,0.47763926,0.95990145,0.026223859,0.013874663,GOOD,GOOD,
2024-08-27 23:00:00+00:00,0.485,0.4850000000000001,0.5126249,0.9724226,0.014603619,0.012973752,GOOD,GOOD,
2024-08-28 00:00:00+00:00,0.44999999999999996,0.45000000000000007,0.51925045,0.9695474,0.01709218,0.013360418,GOOD,GOOD,
2024-08-28 01:00:00+00:00,0.46499999999999997,0.465,0.4942863,0.97745454,0.011690359,0.0108551,GOOD,GOOD,
2024-08-28 02:00:00+00:00,0.45,0.4500000000000001,0.48950157,0.9784796,0.01099994,0.010520438,GOOD,GOOD,
2024-08-28 03:00:00+00:00,0.42000000000000004,0.4200000000000001,0.48279727,0.96670884,0.01815489,0.015136273,GOOD,GOOD,
2024-08-28 04:00:00+00:00,0.48,0.48000000000000004,0.46081436,0.92981833,0.048325464,0.021856198,GOOD,GOOD,
2024-08-28 05:00:00+00:00,0.46,0.49669983283653724,0.48728958,0.9622762,0.023608387,0.01411537,BAD,GOOD,F_burst_noise
2024-08-28 06:00:00+00:00,0.475,0.39659977646308864,0.51715755,0.8577168,0.092359304,0.049923927,BAD,GOOD,F_burst_noise
2024-08-28 07:00:00+00:00,0.445,0.3206607675655381,0.46476105,0.8129554,0.1360944,0.050950192,BAD,GOOD,F_burst_noise
2024-08-28 08:00:00+00:00,0.485,0.3302134087873884,0.38419738,0.972722,0.015301516,0.011976514,BAD,GOOD,F_burst_noise
2024-08-28 09:00:00+00:00,0.515,1.314896550975656,0.35515165,0.06773043,0.09702858,0.835241,BAD,BAD,F_burst_noise
2024-08-28 10:00:00+00:00,0.525,0.4443168591780229,1.0336348,0.30206072,0.14048475,0.5574545,BAD,GOOD,F_burst_noise
2024-08-28 11:00:00+00:00,0.49,0.7866978508550716,0.74634296,0.53856075,0.25566903,0.20577021,BAD,GOOD,F_burst_noise
2024-08-28 12:00:00+00:00,0.51,0.5403893764655989,0.73925716,0.45315284,0.23615873,0.31068844,BAD,GOOD,F_burst_noise
2024-08-28 13:00:00+00:00,0.54,0.02,0.6267474,0.030776799,0.1542922,0.814931,BAD,BAD,F_burst_noise
2024-08-28 14:00:00+00:00,0.44,1.6654305398824523,0.26296163,0.039711297,0.03627128,0.9240174,BAD,BAD,F_burst_noise
2024-08-28 15:00:00+00:00,0.535,0.5355606825696584,1.19059,0.314268,0.19564626,0.49008575,BAD,GOOD,F_burst_noise
2024-08-28 16:00:00+00:00,0.5700000000000001,0.35345278453274154,0.87480944,0.004334867,0.40716156,0.5885036,BAD,SUSPECT,F_burst_noise
2024-08-28 17:00:00+00:00,0.62,1.1362966697869503,0.49807188,0.10275513,0.22367635,0.6735685,BAD,SUSPECT,F_burst_noise
2024-08-28 18:00:00+00:00,0.725,1.307851879973304,0.89447457,0.021034896,0.6358251,0.34313998,BAD,SUSPECT,F_burst_noise
2024-08-28 19:00:00+00:00,0.765,0.5411285981436443,1.2944784,0.03709185,0.12970889,0.83319926,BAD,BAD,F_burst_noise
2024-08-28 20:00:00+00:00,0.76,0.43337087331676977,0.8087486,0.00910151,0.55498666,0.4359118,BAD,SUSPECT,F_burst_noise
2024-08-28 21:00:00+00:00,0.825,0.47699446124397127,0.5144309,0.98398346,0.00981209,0.006204442,BAD,GOOD,F_burst_noise
2024-08-28 22:00:00+00:00,0.885,1.0223318318174481,0.46570683,0.09379703,0.45814553,0.4480574,BAD,SUSPECT,F_burst_noise
2024-08-28 23:00:00+00:00,0.86,0.9240904164690605,0.86040753,0.8917582,0.0879132,0.020328606,BAD,GOOD,F_burst_noise
2024-08-29 00:00:00+00:00,0.79,1.0977939825561687,0.98429924,0.61559904,0.35214415,0.0322568,BAD,GOOD,F_burst_noise
2024-08-29 01:00:00+00:00,0.78,0.735298524417179,1.0945549,0.2460972,0.52628,0.2276228,BAD,SUSPECT,F_burst_noise
2024-08-29 02:00:00+00:00,0.745,0.5438154031721948,0.86243296,0.116708815,0.61229753,0.27099365,BAD,SUSPECT,F_burst_noise
2024-08-29 03:00:00+00:00,0.855,0.9018030520377894,0.6333306,0.2540151,0.5731813,0.17280367,BAD,SUSPECT,F_burst_noise
2024-08-29 04:00:00+00:00,1.065,0.8406876788165579,0.80284286,0.94395477,0.046604782,0.0094404435,BAD,GOOD,F_burst_noise
2024-08-29 05:00:00+00:00,1.365,1.3650000000000002,0.87638235,0.05284536,0.7598395,0.18731517,GOOD,SUSPECT,
2024-08-29 06:00:00+00:00,1.46,1.4600000000000002,1.2718319,0.0119434,0.9350431,0.053013507,GOOD,SUSPECT,
2024-08-29 07:00:00+00:00,1.435,1.4350000000000003,1.4796536,0.8211553,0.14698552,0.031859152,GOOD,GOOD,
2024-08-29 08:00:00+00:00,1.56,1.5600000000000003,1.4656655,0.54042506,0.44233122,0.017243715,GOOD,GOOD,
2024-08-29 09:00:00+00:00,1.57,1.5700000000000003,1.5509542,0.1191501,0.7131592,0.16769072,GOOD,SUSPECT,
2024-08-29 10:00:00+00:00,1.42,1.4200000000000002,1.579628,0.81084037,0.16966943,0.019490177,GOOD,GOOD,
2024-08-29 11:00:00+00:00,1.28,1.2800000000000002,1.4524088,0.8845912,0.10068188,0.014726932,GOOD,GOOD,
2024-08-29 12:00:00+00:00,1.135,1.1350000000000002,1.3105582,0.9254998,0.06380472,0.010695456,GOOD,GOOD,
2024-08-29 13:00:00+00:00,1.1,1.1000000000000003,1.1716485,0.94041246,0.04385469,0.015732842,GOOD,GOOD,
2024-08-29 14:00:00+00:00,1.04,1.0400000000000003,1.1159215,0.9558572,0.036979277,0.0071634906,GOOD,GOOD,
2024-08-29 15:00:00+00:00,1.27,1.2700000000000002,1.065119,0.55266553,0.41872042,0.028614055,GOOD,GOOD,
2024-08-29 16:00:00+00:00,1.2799999999999998,1.28,1.227092,0.20682818,0.49043688,0.30273494,GOOD,SUSPECT,
2024-08-29 17:00:00+00:00,1.185,1.1850000000000003,1.2923285,0.93104917,0.054396007,0.014554825,GOOD,GOOD,
2024-08-29 18:00:00+00:00,1.315,1.3150000000000002,1.2202617,0.8457842,0.14029932,0.013916479,GOOD,GOOD,
2024-08-29 19:00:00+00:00,1.26,1.2600000000000002,1.295814,0.9463078,0.03690967,0.01678253,GOOD,GOOD,
2024-08-29 20:00:00+00:00,1.245,1.2450000000000003,1.2835722,0.8459245,0.041720558,0.11235494,GOOD,GOOD,
2024-08-29 21:00:00+00:00,1.26,1.2600000000000002,1.261966,0.87037003,0.04550063,0.084129356,GOOD,GOOD,
2024-08-29 22:00:00+00:00,1.17,1.1700000000000002,1.2692443,0.9454394,0.041045353,0.013515263,GOOD,GOOD,
2024-08-29 23:00:00+00:00,1.105,1.1050000000000002,1.2037847,0.94317544,0.043874193,0.012950365,GOOD,GOOD,
2024-08-30 00:00:00+00:00,1.0550000000000002,1.0550000000000004,1.13408,0.9367951,0.047079124,0.016125754,GOOD,GOOD,
2024-08-30 01:00:00+00:00,0.9299999999999999,0.93,1.0807941,0.89930457,0.08321892,0.017476536,GOOD,GOOD,
2024-08-30 02:00:00+00:00,0.94,0.94,0.9786189,0.9453193,0.035600934,0.01907979,GOOD,GOOD,
2024-08-30 03:00:00+00:00,1.1,1.1000000000000003,0.9537301,0.74513817,0.22494459,0.029917262,GOOD,GOOD,
2024-08-30 04:00:00+00:00,1.185,1.1850000000000003,1.0737469,0.5559361,0.39700884,0.04705505,GOOD,GOOD,
2024-08-30 05:00:00+00:00,1.205,1.2050000000000003,1.1852486,0.8272914,0.11734167,0.05536689,GOOD,GOOD,
2024-08-30 06:00:00+00:00,1.255,1.2550000000000001,1.2225119,0.86049336,0.118637286,0.020869348,GOOD,GOOD,
2024-08-30 07:00:00+00:00,1.1800000000000002,1.1800000000000004,1.2615176,0.94537896,0.040080674,0.014540337,GOOD,GOOD,
2024-08-30 08:00:00+00:00,1.19,1.1900000000000002,1.2122632,0.91867816,0.037649006,0.043672822,GOOD,GOOD,
2024-08-30 09:00:00+00:00,1.19,1.1900000000000002,1.2022835,0.43520176,0.057749227,0.507049,GOOD,GOOD,
2024-08-30 10:00:00+00:00,1.205,1.2050000000000003,1.2046393,0.8176066,0.061521824,0.120871566,GOOD,GOOD,
2024-08-30 11:00:00+00:00,1.0550000000000002,1.0550000000000004,1.2176368,0.9080187,0.070600696,0.021380585,GOOD,GOOD,
2024-08-30 12:00:00+00:00,0.8600000000000001,0.8600000000000002,1.1066799,0.63626873,0.28932694,0.074404344,GOOD,GOOD,
2024-08-30 13:00:00+00:00,0.76,0.7600000000000001,0.9283099,0.72974384,0.2075722,0.06268392,GOOD,GOOD,
2024-08-30 14:00:00+00:00,0.825,0.8250000000000001,0.8050359,0.9365555,0.04461403,0.018830463,GOOD,GOOD,
2024-08-30 15:00:00+00:00,0.8899999999999999,0.8899999999999999,0.8200918,0.82746005,0.13852695,0.034013014,GOOD,GOOD,
2024-08-30 16:00:00+00:00,0.875,0.8750000000000001,0.8885954,0.9532426,0.027090147,0.01966724,GOOD,GOOD,
2024-08-30 17:00:00+00:00,0.915,0.915,0.9029848,0.95388097,0.032391686,0.013727344,GOOD,GOOD,
2024-08-30 18:00:00+00:00,0.855,0.8550000000000001,0.92723244,0.94736034,0.032572173,0.020067504,GOOD,GOOD,
2024-08-30 19:00:00+00:00,0.93,0.9300000000000002,0.89386696,0.94340026,0.044853088,0.011746625,GOOD,GOOD,
2024-08-30 20:00:00+00:00,1.02,1.02,0.9308775,0.8316312,0.14507264,0.023296205,GOOD,GOOD,
2024-08-30 21:00:00+00:00,0.9650000000000001,0.9650000000000002,1.0172896,0.95637006,0.026663065,0.016966898,GOOD,GOOD,
2024-08-30 22:00:00+00:00,0.975,0.975,1.0050632,0.95083326,0.01890168,0.030265082,GOOD,GOOD,
2024-08-30 23:00:00+00:00,0.935,0.935,0.99656177,0.9614995,0.022195058,0.016305445,GOOD,GOOD,
2024-08-31 00:00:00+00:00,0.835,0.8350000000000001,0.9666248,0.91768384,0.06328541,0.01903077,GOOD,GOOD,
2024-08-31 01:00:00+00:00,0.705,0.7050000000000001,0.8851267,0.77869445,0.17873375,0.042571794,GOOD,GOOD,
2024-08-31 02:00:00+00:00,0.74,0.74,0.76678836,0.960213,0.025612598,0.01417442,GOOD,GOOD,
2024-08-31 03:00:00+00:00,0.835,0.8350000000000001,0.74982697,0.8782394,0.10157346,0.020187119,GOOD,GOOD,
2024-08-31 04:00:00+00:00,0.825,0.8250000000000001,0.82489574,0.9642928,0.020336993,0.0153701985,GOOD,GOOD,
2024-08-31 05:00:00+00:00,0.975,0.975,0.85241026,0.8218186,0.15362927,0.024552153,GOOD,GOOD,
2024-08-31 06:00:00+00:00,0.76,0.7600000000000001,0.95884115,0.6225232,0.23635878,0.141118,GOOD,GOOD,
2024-08-31 07:00:00+00:00,0.845,0.845,0.84726876,0.9501327,0.034475815,0.015391477,GOOD,GOOD,
2024-08-31 08:00:00+00:00,0.875,0.8750000000000001,0.8456045,0.91596466,0.05753464,0.026500715,GOOD,GOOD,
2024-08-31 09:00:00+00:00,0.86,0.8600000000000001,0.88414407,0.95459574,0.017840646,0.027563628,GOOD,GOOD,
2024-08-31 10:00:00+00:00,0.87,0.8700000000000001,0.88922596,0.86352676,0.0290928,0.10738046,GOOD,GOOD,
2024-08-31 11:00:00+00:00,0.775,0.7750000000000001,0.89248747,0.91686326,0.059956152,0.023180578,GOOD,GOOD,
2024-08-31 12:00:00+00:00,0.76,0.7600000000000001,0.82697076,0.94517696,0.03023723,0.02458581,GOOD,GOOD,
2024-08-31 13:00:00+00:00,0.65,0.65,0.7884018,0.84585387,0.11599395,0.038152184,GOOD,GOOD,
2024-08-31 14:00:00+00:00,0.655,0.6550000000000001,0.7070736,0.944837,0.029768467,0.025394555,GOOD,GOOD,
2024-08-31 15:00:00+00:00,0.635,0.6350000000000001,0.67799187,0.95289385,0.023025092,0.02408104,GOOD,GOOD,
2024-08-31 16:00:00+00:00,0.72,0.72,0.66369325,0.9236379,0.060494058,0.015868016,GOOD,GOOD,
2024-08-31 17:00:00+00:00,0.805,0.8050000000000002,0.7171663,0.8235056,0.14753449,0.028959924,GOOD,GOOD,
2024-08-31 18:00:00+00:00,0.845,0.845,0.8033091,0.8849748,0.086802885,0.028222336,GOOD,GOOD,
2024-08-31 19:00:00+00:00,0.67,0.67,0.86140925,0.7225416,0.18827038,0.08918808,GOOD,GOOD,
2024-08-31 20:00:00+00:00,0.73,0.7300000000000001,0.75359476,0.9628812,0.023375928,0.013742844,GOOD,GOOD,
2024-08-31 21:00:00+00:00,0.745,0.745,0.73828566,0.9290436,0.034507684,0.03644871,GOOD,GOOD,
2024-08-31 22:00:00+00:00,0.725,0.725,0.7599953,0.95920515,0.016595123,0.024199752,GOOD,GOOD,
2024-08-31 23:00:00+00:00,0.64,0.6400000000000001,0.75763154,0.9200505,0.055637263,0.024312237,GOOD,GOOD,
2024-09-01 00:00:00+00:00,0.635,0.6350000000000001,0.6954295,0.94834,0.020192962,0.031467017,GOOD,GOOD,
2024-09-01 01:00:00+00:00,0.565,0.5650000000000001,0.663293,0.9219213,0.05525345,0.022825252,GOOD,GOOD,
2024-09-01 02:00:00+00:00,0.56,0.5600000000000002,0.6124446,0.9460691,0.022664497,0.031266406,GOOD,GOOD,
2024-09-01 03:00:00+00:00,0.5800000000000001,0.5800000000000001,0.5884206,0.9605038,0.020539848,0.01895632,GOOD,GOOD,
2024-09-01 04:00:00+00:00,0.55,0.55,0.59773505,0.95618206,0.022305015,0.021512948,GOOD,GOOD,
2024-09-01 05:00:00+00:00,0.73,0.7300000000000001,0.5867741,0.587775,0.3302738,0.08195116,GOOD,GOOD,
2024-09-01 06:00:00+00:00,0.675,0.675,0.69769377,0.95618874,0.02531022,0.018501023,GOOD,GOOD,
2024-09-01 07:00:00+00:00,0.55,0.55,0.7185685,0.8007688,0.14184764,0.057383545,GOOD,GOOD,
2024-09-01 08:00:00+00:00,0.595,0.595,0.6263229,0.9661528,0.019826425,0.014020811,GOOD,GOOD,
2024-09-01 09:00:00+00:00,0.575,0.575,0.6083286,0.9718026,0.014058672,0.014138754,GOOD,GOOD,
2024-09-01 10:00:00+00:00,0.595,0.595,0.60361457,0.96764207,0.016864618,0.015493332,GOOD,GOOD,
2024-09-01 11:00:00+00:00,0.625,0.625,0.6160618,0.9500694,0.02640822,0.02352236,GOOD,GOOD,
2024-09-01 12:00:00+00:00,0.535,0.535,0.64249355,0.9051962,0.06252447,0.032279324,GOOD,GOOD,
2024-09-01 13:00:00+00:00,0.52,0.52,0.59463435,0.9594555,0.020965448,0.019579032,GOOD,GOOD,
2024-09-01 14:00:00+00:00,0.425,0.4250000000000001,0.55597633,0.80233985,0.14186646,0.05579369,GOOD,GOOD,
2024-09-01 15:00:00+00:00,0.45499999999999996,0.455,0.4855039,0.961328,0.022285944,0.016386013,GOOD,GOOD,
2024-09-01 16:00:00+00:00,0.595,0.595,0.47255147,0.6796082,0.26430386,0.056087956,GOOD,GOOD,
2024-09-01 17:00:00+00:00,0.655,0.6550000000000001,0.56835836,0.6887976,0.24316752,0.06803492,GOOD,GOOD,
2024-09-01 18:00:00+00:00,0.59,0.5900000000000001,0.66106796,0.96022546,0.021286191,0.018488333,GOOD,GOOD,
2024-09-01 19:00:00+00:00,0.425,0.4250000000000001,0.6457967,0.4955113,0.3473748,0.1571139,GOOD,GOOD,
2024-09-01 20:00:00+00:00,0.415,0.4150000000000001,0.5178987,0.81255066,0.107787095,0.07966226,GOOD,GOOD,
2024-09-01 21:00:00+00:00,0.48,0.48000000000000004,0.44932297,0.9336265,0.04455345,0.021820074,GOOD,GOOD,
2024-09-01 22:00:00+00:00,0.48,0.48000000000000004,0.47700855,0.9118916,0.029696671,0.058411777,GOOD,GOOD,
2024-09-01 23:00:00+00:00,0.48,0.48000000000000004,0.5043497,0.72147006,0.029423371,0.24910657,GOOD,GOOD,
2024-09-02 00:00:00+00:00,0.44,0.4400000000000001,0.5117607,0.95887023,0.02194565,0.019184131,GOOD,GOOD,
2024-09-02 01:00:00+00:00,0.48,0.48000000000000004,0.48558748,0.9654575,0.020296315,0.014246196,GOOD,GOOD,
2024-09-02 02:00:00+00:00,0.44,0.4400000000000001,0.4952933,0.9645768,0.020956049,0.014467147,GOOD,GOOD,
2024-09-02 03:00:00+00:00,0.45999999999999996,0.4600000000000001,0.4813371,0.9699842,0.016418856,0.013596977,GOOD,GOOD,
2024-09-02 04:00:00+00:00,0.52,0.52,0.48352894,0.9467528,0.039724175,0.013523016,GOOD,GOOD,
2024-09-02 05:00:00+00:00,0.565,0.5650000000000001,0.52591115,0.9181892,0.054949477,0.02686128,GOOD,GOOD,
2024-09-02 06:00:00+00:00,0.59,0.5900000000000001,0.57737607,0.93166524,0.034241874,0.03409288,GOOD,GOOD,
2024-09-02 07:00:00+00:00,0.465,0.4650000000000001,0.6123342,0.82248694,0.1205493,0.05696376,GOOD,GOOD,
2024-09-02 08:00:00+00:00,0.375,0.3750000000000001,0.5408202,0.71812004,0.20797548,0.0739045,GOOD,GOOD,
2024-09-02 09:00:00+00:00,0.41000000000000003,0.4100000000000001,0.44202304,0.9727583,0.016475026,0.01076671,GOOD,GOOD,
2024-09-02 10:00:00+00:00,0.42,0.42000000000000004,0.42354336,0.9269176,0.024868239,0.048214134,GOOD,GOOD,
2024-09-02 11:00:00+00:00,0.425,0.4250000000000001,0.4386085,0.8161234,0.030731704,0.15314485,GOOD,GOOD,
2024-09-02 12:00:00+00:00,0.4,0.40000000000000013,0.45185408,0.96381295,0.017827844,0.018359223,GOOD,GOOD,
2024-09-02 13:00:00+00:00,0.395,0.3950000000000001,0.44008422,0.84381217,0.02872476,0.12746309,GOOD,GOOD,
2024-09-02 14:00:00+00:00,0.405,0.4050000000000001,0.42780736,0.8890368,0.031062035,0.079901166,GOOD,GOOD,
2024-09-02 15:00:00+00:00,0.32499999999999996,0.325,0.42987493,0.78769547,0.14831641,0.06398811,GOOD,GOOD,
2024-09-02 16:00:00+00:00,0.405,0.4050000000000001,0.3849073,0.9117092,0.059549633,0.028741173,GOOD,GOOD,
2024-09-02 17:00:00+00:00,0.47,0.47000000000000003,0.4065286,0.8896705,0.08304449,0.027285052,GOOD,GOOD,
2024-09-02 18:00:00+00:00,0.485,0.4850000000000001,0.47006637,0.95549315,0.024713608,0.01979322,GOOD,GOOD,
2024-09-02 19:00:00+00:00,0.49,0.4900000000000001,0.50976294,0.8569226,0.024966596,0.11811076,GOOD,GOOD,
2024-09-02 20:00:00+00:00,0.45999999999999996,0.4600000000000001,0.5216917,0.9734464,0.013333942,0.01321965,GOOD,GOOD,
2024-09-02 21:00:00+00:00,0.395,0.3950000000000001,0.50248504,0.9105806,0.060234834,0.02918457,GOOD,GOOD,
2024-09-02 22:00:00+00:00,0.375,0.3750000000000001,0.45004672,0.95441246,0.02555044,0.020037085,GOOD,GOOD,
2024-09-02 23:00:00+00:00,0.43,0.43000000000000005,0.412752,0.9441729,0.03785551,0.01797159,GOOD,GOOD,
2024-09-03 00:00:00+00:00,0.38,0.38000000000000006,0.43593195,0.95253026,0.028344486,0.01912523,GOOD,GOOD,
2024-09-03 01:00:00+00:00,0.385,0.38500000000000006,0.42524746,0.9730465,0.012235411,0.014718098,GOOD,GOOD,
2024-09-03 02:00:00+00:00,0.385,0.38500000000000006,0.41606623,0.7800674,0.027031673,0.19290094,GOOD,GOOD,
2024-09-03 03:00:00+00:00,0.355,0.35500000000000004,0.41364947,0.9658409,0.01967847,0.014480647,GOOD,GOOD,
2024-09-03 04:00:00+00:00,0.41000000000000003,0.4100000000000001,0.3957523,0.937612,0.04206148,0.020326545,GOOD,GOOD,
2024-09-03 05:00:00+00:00,0.445,0.44500000000000006,0.41926983,0.95445853,0.03062039,0.014921054,GOOD,GOOD,
2024-09-03 06:00:00+00:00,0.505,0.505,0.45876762,0.9231522,0.054546684,0.022301078,GOOD,GOOD,
2024-09-03 07:00:00+00:00,0.415,0.4150000000000001,0.51348823,0.90038353,0.061967794,0.03764867,GOOD,GOOD,
2024-09-03 08:00:00+00:00,0.415,0.4150000000000001,0.47926658,0.9637489,0.016572513,0.019678641,GOOD,GOOD,
2024-09-03 09:00:00+00:00,0.44,0.4400000000000001,0.44998437,0.9739985,0.014806413,0.011195099,GOOD,GOOD,
2024-09-03 10:00:00+00:00,0.435,0.4350000000000001,0.45752147,0.9686647,0.013832481,0.017502798,GOOD,GOOD,
2024-09-03 11:00:00+00:00,0.415,0.4150000000000001,0.4641875,0.96140516,0.015650935,0.022943903,GOOD,GOOD,
2024-09-03 12:00:00+00:00,0.385,0.38500000000000006,0.45311236,0.955336,0.02251084,0.022153197,GOOD,GOOD,
2024-09-03 13:00:00+00:00,0.35,0.35000000000000003,0.42706764,0.9323511,0.03854877,0.029100087,GOOD,GOOD,
2024-09-03 14:00:00+00:00,0.355,0.35500000000000004,0.39338592,0.9642668,0.017510297,0.018222915,GOOD,GOOD,
2024-09-03 15:00:00+00:00,0.315,0.31500000000000006,0.3822488,0.91569626,0.050310515,0.033993237,GOOD,GOOD,
2024-09-03 16:00:00+00:00,0.33,0.3300000000000001,0.35849094,0.95763254,0.020884186,0.021483246,GOOD,GOOD,
2024-09-03 17:00:00+00:00,0.375,0.3750000000000001,0.3549717,0.9492856,0.03421729,0.0164971,GOOD,GOOD,
2024-09-03 18:00:00+00:00,0.445,0.44500000000000006,0.38532183,0.90141827,0.074118696,0.024463028,GOOD,GOOD,
2024-09-03 19:00:00+00:00,0.405,0.4050000000000001,0.44680956,0.96390915,0.021093512,0.014997352,GOOD,GOOD,
2024-09-03 20:00:00+00:00,0.35,0.35000000000000003,0.450546,0.92513806,0.046868272,0.027993647,GOOD,GOOD,
2024-09-03 21:00:00+00:00,0.355,0.35500000000000004,0.4063334,0.9739772,0.012619446,0.013403329,GOOD,GOOD,
2024-09-03 22:00:00+00:00,0.32,0.32000000000000006,0.38467368,0.9599731,0.023315223,0.016711688,GOOD,GOOD,
2024-09-03 23:00:00+00:00,0.32999999999999996,0.33000000000000007,0.36083055,0.97248906,0.013952747,0.013558221,GOOD,GOOD,
2024-09-04 00:00:00+00:00,0.30500000000000005,0.30500000000000016,0.35640502,0.9582711,0.02141536,0.020313544,GOOD,GOOD,
2024-09-04 01:00:00+00:00,0.295,0.29500000000000004,0.34362578,0.928339,0.024100699,0.047560304,GOOD,GOOD,
2024-09-04 02:00:00+00:00,0.32,0.32000000000000006,0.33026522,0.9604393,0.021949308,0.017611368,GOOD,GOOD,
2024-09-04 03:00:00+00:00,0.3,0.30000000000000004,0.33991176,0.955237,0.022770917,0.021992104,GOOD,GOOD,
2024-09-04 04:00:00+00:00,0.29000000000000004,0.2900000000000001,0.33662906,0.86089075,0.038179833,0.10092941,GOOD,GOOD,
2024-09-04 05:00:00+00:00,0.33,0.3300000000000001,0.32601845,0.9575841,0.026599167,0.01581677,GOOD,GOOD,
2024-09-04 06:00:00+00:00,0.345,0.34500000000000003,0.3445359,0.96670693,0.017165784,0.016127303,GOOD,GOOD,
2024-09-04 07:00:00+00:00,0.31,0.31000000000000005,0.36734557,0.9693292,0.016734358,0.013936487,GOOD,GOOD,
2024-09-04 08:00:00+00:00,0.33499999999999996,0.335,0.35527292,0.9726602,0.015086894,0.012252931,GOOD,GOOD,
2024-09-04 09:00:00+00:00,0.29000000000000004,0.2900000000000001,0.35828987,0.95003307,0.030062795,0.019904139,GOOD,GOOD,
2024-09-04 10:00:00+00:00,0.29000000000000004,0.2900000000000001,0.33662164,0.9593982,0.016459914,0.024141887,GOOD,GOOD,
2024-09-04 11:00:00+00:00,0.28,0.28000000000000014,0.3224866,0.89814174,0.026931336,0.07492692,GOOD,GOOD,
2024-09-04 12:00:00+00:00,0.32999999999999996,0.33000000000000007,0.31312513,0.9478092,0.03475157,0.017439183,GOOD,GOOD,
2024-09-04 13:00:00+00:00,0.265,0.26500000000000007,0.3399288,0.8966848,0.065417126,0.037898034,GOOD,GOOD,
2024-09-04 14:00:00+00:00,0.265,0.26500000000000007,0.31933784,0.9623315,0.018229997,0.01943851,GOOD,GOOD,
2024-09-04 15:00:00+00:00,0.255,0.255,0.30013323,0.89607346,0.0298038,0.074122764,GOOD,GOOD,
2024-09-04 16:00:00+00:00,0.255,0.255,0.28814277,0.8217067,0.03323105,0.14506222,GOOD,GOOD,
2024-09-04 17:00:00+00:00,0.29000000000000004,0.2900000000000001,0.2847329,0.9581591,0.026210997,0.015629923,GOOD,GOOD,
2024-09-04 18:00:00+00:00,0.3,0.02,0.30563697,0.20585513,0.26636282,0.5277821,SUSPECT,SUSPECT,A_spike
2024-09-04 19:00:00+00:00,0.31,0.31000000000000005,0.16530882,0.38762504,0.31340885,0.2989661,GOOD,GOOD,
2024-09-04 20:00:00+00:00,0.30000000000000004,0.3000000000000001,0.23355497,0.53317904,0.33270958,0.13411137,GOOD,GOOD,
2024-09-04 21:00:00+00:00,0.235,0.235,0.31137627,0.91304135,0.052738234,0.034220412,GOOD,GOOD,
2024-09-04 22:00:00+00:00,0.26,0.26000000000000006,0.29872963,0.9640308,0.020306457,0.015662722,GOOD,GOOD,
2024-09-04 23:00:00+00:00,0.22499999999999998,0.22499999999999998,0.28893095,0.9507258,0.027539702,0.021734487,GOOD,GOOD,
2024-09-05 00:00:00+00:00,0.265,0.26500000000000007,0.26791567,0.959148,0.024946408,0.01590561,GOOD,GOOD,
2024-09-05 01:00:00+00:00,0.235,0.235,0.280144,0.9614327,0.021574669,0.016992629,GOOD,GOOD,
2024-09-05 02:00:00+00:00,0.245,0.24500000000000002,0.27518776,0.96008086,0.017406879,0.022512278,GOOD,GOOD,
2024-09-05 03:00:00+00:00,0.26,0.26000000000000006,0.27416053,0.9150894,0.026884504,0.05802606,GOOD,GOOD,
2024-09-05 04:00:00+00:00,0.295,0.29500000000000004,0.28392687,0.9585776,0.026175443,0.015247005,GOOD,GOOD,
2024-09-05 05:00:00+00:00,0.325,0.32500000000000007,0.31083757,0.9305585,0.039101303,0.030340191,GOOD,GOOD,
2024-09-05 06:00:00+00:00,0.345,0.34500000000000003,0.34303924,0.92918426,0.036611993,0.034203764,GOOD,GOOD,
2024-09-05 07:00:00+00:00,0.425,0.4250000000000001,0.36849752,0.8661505,0.0951008,0.038748704,GOOD,GOOD,
2024-09-05 08:00:00+00:00,0.405,0.4050000000000001,0.4260327,0.93857324,0.03575899,0.025667736,GOOD,GOOD,
2024-09-05 09:00:00+00:00,0.38,0.38000000000000006,0.44226232,0.92722726,0.03301473,0.03975804,GOOD,GOOD,
2024-09-05 10:00:00+00:00,0.35,0.35000000000000003,0.42390075,0.92703205,0.037245166,0.03572278,GOOD,GOOD,
2024-09-05 11:00:00+00:00,0.30000000000000004,0.3000000000000001,0.3929682,0.93977416,0.04025988,0.019965934,GOOD,GOOD,
2024-09-05 12:00:00+00:00,0.345,0.34500000000000003,0.349306,0.9540717,0.028362414,0.017565893,GOOD,GOOD,
2024-09-05 13:00:00+00:00,0.33999999999999997,0.3400000000000001,0.35684636,0.96325594,0.017926754,0.018817322,GOOD,GOOD,
2024-09-05 14:00:00+00:00,0.33,0.3300000000000001,0.36759418,0.862129,0.030653885,0.107217155,GOOD,GOOD,
2024-09-05 15:00:00+00:00,0.33999999999999997,0.3400000000000001,0.3649377,0.94266856,0.021481613,0.035849854,GOOD,GOOD,
2024-09-05 16:00:00+00:00,0.29000000000000004,0.2900000000000001,0.36711878,0.91254884,0.05252621,0.034924928,GOOD,GOOD,
2024-09-05 17:00:00+00:00,0.31,0.31000000000000005,0.33942127,0.961399,0.020820009,0.017780969,GOOD,GOOD,
2024-09-05 18:00:00+00:00,0.43,0.43000000000000005,0.33416274,0.70958465,0.22219387,0.068221465,GOOD,GOOD,
2024-09-05 19:00:00+00:00,0.415,0.4150000000000001,0.41071817,0.94404346,0.033683352,0.022273205,GOOD,GOOD,
2024-09-05 20:00:00+00:00,0.52,0.52,0.44744748,0.8242679,0.13048328,0.04524877,GOOD,GOOD,
2024-09-05 21:00:00+00:00,0.32,0.32000000000000006,0.5170874,0.46992075,0.26684833,0.26323092,GOOD,GOOD,
2024-09-05 22:00:00+00:00,0.395,0.3950000000000001,0.42532066,0.916866,0.05401791,0.029116087,GOOD,GOOD,
2024-09-05 23:00:00+00:00,0.315,0.31500000000000006,0.4058653,0.9147566,0.057496782,0.027746627,GOOD,GOOD,
2024-09-06 00:00:00+00:00,0.365,0.3650000000000001,0.36757448,0.9563402,0.027877916,0.015781902,GOOD,GOOD,
2024-09-06 01:00:00+00:00,0.345,0.34500000000000003,0.37726876,0.9768854,0.012604626,0.0105099715,GOOD,GOOD,
2024-09-06 02:00:00+00:00,0.345,0.34500000000000003,0.3790454,0.8433056,0.021970235,0.1347242,GOOD,GOOD,
2024-09-06 03:00:00+00:00,0.385,0.38500000000000006,0.37672734,0.961469,0.025091387,0.013439595,GOOD,GOOD,
2024-09-06 04:00:00+00:00,0.315,0.31500000000000006,0.3995144,0.93548554,0.041926876,0.022587607,GOOD,GOOD,
2024-09-06 05:00:00+00:00,0.32999999999999996,0.33000000000000007,0.37109074,0.9794539,0.011562997,0.008983082,GOOD,GOOD,
2024-09-06 06:00:00+00:00,0.33999999999999997,0.3400000000000001,0.35813218,0.8773309,0.025824353,0.09684478,GOOD,GOOD,
2024-09-06 07:00:00+00:00,0.385,0.38500000000000006,0.36362055,0.9547087,0.030615935,0.014675394,GOOD,GOOD,
2024-09-06 08:00:00+00:00,0.385,0.38500000000000006,0.3965391,0.91359925,0.021635974,0.06476475,GOOD,GOOD,
2024-09-06 09:00:00+00:00,0.37,0.37000000000000005,0.414406,0.93408716,0.017501695,0.04841115,GOOD,GOOD,
2024-09-06 10:00:00+00:00,0.41,0.41000000000000003,0.4082877,0.96040684,0.024054684,0.015538467,GOOD,GOOD,
2024-09-06 11:00:00+00:00,0.435,0.4350000000000001,0.42617276,0.940263,0.033676863,0.02606016,GOOD,GOOD,
2024-09-06 12:00:00+00:00,0.365,0.3650000000000001,0.45392168,0.94584143,0.034892693,0.019265877,GOOD,GOOD,
2024-09-06 13:00:00+00:00,0.36,0.36000000000000004,0.42238203,0.9543448,0.016173527,0.02948169,GOOD,GOOD,
2024-09-06 14:00:00+00:00,0.35,0.35000000000000003,0.39573473,0.8430654,0.026283141,0.13065144,GOOD,GOOD,
2024-09-06 15:00:00+00:00,0.325,0.32500000000000007,0.38175476,0.95267636,0.021909723,0.025413943,GOOD,GOOD,
2024-09-06 16:00:00+00:00,0.32,0.32000000000000006,0.3635862,0.863157,0.028336827,0.1085062,GOOD,GOOD,
2024-09-06 17:00:00+00:00,0.32,0.32000000000000006,0.35222423,0.75667304,0.031228583,0.21209837,GOOD,GOOD,
2024-09-06 18:00:00+00:00,0.38,0.38000000000000006,0.34919184,0.9336278,0.048074506,0.018297687,GOOD,GOOD,
2024-09-06 19:00:00+00:00,0.415,0.4150000000000001,0.38581085,0.9390076,0.040869746,0.020122675,GOOD,GOOD,
2024-09-06 20:00:00+00:00,0.395,0.3950000000000001,0.42962375,0.97418684,0.013319767,0.012493403,GOOD,GOOD,
2024-09-06 21:00:00+00:00,0.305,0.3050000000000001,0.4342839,0.8181587,0.12329327,0.058548056,GOOD,GOOD,
2024-09-06 22:00:00+00:00,0.345,0.34500000000000003,0.3736473,0.96522224,0.020987945,0.013789815,GOOD,GOOD,
2024-09-06 23:00:00+00:00,0.365,0.3650000000000001,0.3623616,0.95520836,0.022162637,0.02262902,GOOD,GOOD,
2024-09-07 00:00:00+00:00,0.35,0.35000000000000003,0.38178408,0.9749178,0.012338637,0.01274355,GOOD,GOOD,
2024-09-07 01:00:00+00:00,0.355,0.35500000000000004,0.3851263,0.9275412,0.017049331,0.055409487,GOOD,GOOD,
2024-09-07 02:00:00+00:00,0.31,0.31000000000000005,0.38531908,0.9465014,0.031312082,0.022186551,GOOD,GOOD,
2024-09-07 03:00:00+00:00,0.345,0.34500000000000003,0.35804328,0.9638396,0.021865962,0.014294419,GOOD,GOOD,
2024-09-07 04:00:00+00:00,0.37,0.37000000000000005,0.3628792,0.94835687,0.028057566,0.023585588,GOOD,GOOD,
2024-09-07 05:00:00+00:00,0.345,0.34500000000000003,0.38732666,0.9754072,0.013891477,0.010701343,GOOD,GOOD,
2024-09-07 06:00:00+00:00,0.38,0.38000000000000006,0.3847304,0.962783,0.022353886,0.014863162,GOOD,GOOD,
2024-09-07 07:00:00+00:00,0.505,0.505,0.39902815,0.69227755,0.22130214,0.086420305,GOOD,GOOD,
2024-09-07 08:00:00+00:00,0.46499999999999997,0.465,0.4867436,0.8722265,0.07431715,0.053456347,GOOD,GOOD,
2024-09-07 09:00:00+00:00,0.45999999999999996,0.4600000000000001,0.508003,0.939912,0.029197501,0.030890474,GOOD,GOOD,
2024-09-07 10:00:00+00:00,0.47,0.47000000000000003,0.4980668,0.9241087,0.029562978,0.046328355,GOOD,GOOD,
2024-09-07 11:00:00+00:00,0.49,0.4900000000000001,0.49653777,0.94161123,0.031217333,0.027171422,GOOD,GOOD,
2024-09-07 12:00:00+00:00,0.41000000000000003,0.4100000000000001,0.51092505,0.8799805,0.08181185,0.03820762,GOOD,GOOD,
2024-09-07 13:00:00+00:00,0.45499999999999996,0.455,0.46863946,0.9486179,0.030648166,0.02073398,GOOD,GOOD,
2024-09-07 14:00:00+00:00,0.5249999999999999,0.5249999999999999,0.47023964,0.91979015,0.0593787,0.02083116,GOOD,GOOD,
2024-09-07 15:00:00+00:00,0.48,0.48000000000000004,0.5246769,0.96153593,0.022708504,0.015755584,GOOD,GOOD,
2024-09-07 16:00:00+00:00,0.535,0.535,0.52445954,0.9460402,0.034957994,0.019001821,GOOD,GOOD,
2024-09-07 17:00:00+00:00,0.42,0.42000000000000004,0.5482069,0.8258684,0.116094224,0.05803733,GOOD,GOOD,
2024-09-07 18:00:00+00:00,0.53,0.53,0.48948392,0.871374,0.091710225,0.036915746,GOOD,GOOD,
2024-09-07 19:00:00+00:00,0.645,0.645,0.5221925,0.7064915,0.23500463,0.05850387,GOOD,GOOD,
2024-09-07 20:00:00+00:00,0.7,0.7,0.62803495,0.7620752,0.1838686,0.054056183,GOOD,GOOD,
2024-09-07 21:00:00+00:00,0.585,0.5850000000000001,0.7121865,0.88216734,0.077391565,0.040441107,GOOD,GOOD,
2024-09-07 22:00:00+00:00,0.56,0.5600000000000002,0.65707654,0.91703427,0.04312446,0.039841264,GOOD,GOOD,
2024-09-07 23:00:00+00:00,0.56,0.5600000000000002,0.60101736,0.83918047,0.02862485,0.1321947,GOOD,GOOD,
2024-09-08 00:00:00+00:00,0.5800000000000001,0.5800000000000001,0.58410144,0.95688653,0.022354754,0.020758735,GOOD,GOOD,
2024-09-08 01:00:00+00:00,0.48,0.48000000000000004,0.598058,0.88108015,0.08594666,0.03297318,GOOD,GOOD,
2024-09-08 02:00:00+00:00,0.495,0.4950000000000001,0.54308504,0.97240555,0.013134339,0.014460119,GOOD,GOOD,
2024-09-08 03:00:00+00:00,0.525,0.525,0.52064234,0.9699252,0.01799622,0.012078581,GOOD,GOOD,
2024-09-08 04:00:00+00:00,0.5,0.5000000000000001,0.5386273,0.97987586,0.010642579,0.009481544,GOOD,GOOD,
2024-09-08 05:00:00+00:00,0.45,0.4500000000000001,0.53580064,0.95855653,0.02766048,0.013783017,GOOD,GOOD,
2024-09-08 06:00:00+00:00,0.53,0.53,0.49873385,0.9318628,0.050623707,0.017513514,GOOD,GOOD,
2024-09-08 07:00:00+00:00,0.62,0.62,0.53004915,0.8279614,0.13619943,0.035839204,GOOD,GOOD,
2024-09-08 08:00:00+00:00,0.655,0.6550000000000001,0.61336,0.9044827,0.06753751,0.027979743,GOOD,GOOD,
2024-09-08 09:00:00+00:00,0.605,0.605,0.6731559,0.9643533,0.019009419,0.016637241,GOOD,GOOD,
2024-09-08 10:00:00+00:00,0.565,0.5650000000000001,0.6545244,0.9485455,0.027578931,0.023875535,GOOD,GOOD,
2024-09-08 11:00:00+00:00,0.47,0.47000000000000003,0.60990185,0.88626313,0.083036736,0.03070015,GOOD,GOOD,
2024-09-08 12:00:00+00:00,0.495,0.4950000000000001,0.5311968,0.9785018,0.012480666,0.009017558,GOOD,GOOD,
2024-09-08 13:00:00+00:00,0.485,0.4850000000000001,0.5137208,0.94268316,0.019280896,0.038035918,GOOD,GOOD,
2024-09-08 14:00:00+00:00,0.445,0.44500000000000006,0.51253504,0.9555923,0.025833974,0.018573752,GOOD,GOOD,
2024-09-08 15:00:00+00:00,0.48,0.48000000000000004,0.48849595,0.961201,0.021672886,0.017126104,GOOD,GOOD,
2024-09-08 16:00:00+00:00,0.49,0.4900000000000001,0.4969003,0.92636245,0.024701716,0.048935834,GOOD,GOOD,
2024-09-08 17:00:00+00:00,0.435,0.4350000000000001,0.5127853,0.9029071,0.059939086,0.037153825,GOOD,GOOD,
2024-09-08 18:00:00+00:00,0.45499999999999996,0.455,0.48473603,0.95675266,0.021336727,0.02191059,GOOD,GOOD,
2024-09-08 19:00:00+00:00,0.51,0.51,0.47871745,0.95227623,0.034707624,0.013016165,GOOD,GOOD,
2024-09-08 20:00:00+00:00,0.47,0.47000000000000003,0.5164026,0.9730516,0.014579689,0.012368682,GOOD,GOOD,
2024-09-08 21:00:00+00:00,0.49,0.4900000000000001,0.5125512,0.9769762,0.011438037,0.011585749,GOOD,GOOD,
2024-09-08 22:00:00+00:00,0.4825,0.4825000000000001,0.51517147,0.9203358,0.016315669,0.0633485,GOOD,GOOD,
2024-09-08 23:00:00+00:00,0.475,0.4750000000000001,0.513517,0.76183575,0.02886178,0.20930247,GOOD,GOOD,
2024-09-09 00:00:00+00:00,0.435,0.4350000000000001,0.5072885,0.9435277,0.03245253,0.0240198,GOOD,GOOD,
2024-09-09 01:00:00+00:00,0.46499999999999997,0.465,0.47920638,0.9650837,0.019255565,0.015660739,GOOD,GOOD,
2024-09-09 02:00:00+00:00,0.495,0.4950000000000001,0.4836562,0.92872655,0.035789166,0.035484273,GOOD,GOOD,
2024-09-09 03:00:00+00:00,0.45,0.4500000000000001,0.5107911,0.96695435,0.018735396,0.014310261,GOOD,GOOD,
2024-09-09 04:00:00+00:00,0.53,0.02,0.49570668,0.09442663,0.16803893,0.7375344,BAD,BAD,G_missing_sentinel
2024-09-09 05:00:00+00:00,0.565,0.5650000000000001,0.23082022,0.3051647,0.22986713,0.46496817,GOOD,GOOD,
2024-09-09 06:00:00+00:00,0.48,0.48000000000000004,0.39376304,0.6553217,0.25591537,0.08876288,GOOD,GOOD,
2024-09-09 07:00:00+00:00,0.44999999999999996,0.45000000000000007,0.5076699,0.9660474,0.017861703,0.016090887,GOOD,GOOD,
2024-09-09 08:00:00+00:00,0.49,0.4900000000000001,0.506412,0.967622,0.017621212,0.014756781,GOOD,GOOD,
2024-09-09 09:00:00+00:00,0.53,0.53,0.5113236,0.9470698,0.03385859,0.019071592,GOOD,GOOD,
2024-09-09 10:00:00+00:00,0.57,0.57,0.54267645,0.8921969,0.06347572,0.044327363,GOOD,GOOD,
2024-09-09 11:00:00+00:00,0.6,0.6,0.58469653,0.89696735,0.061102893,0.04192977,GOOD,GOOD,
2024-09-09 12:00:00+00:00,0.62,0.62,0.6202496,0.9166509,0.044778533,0.038570598,GOOD,GOOD,
2024-09-09 13:00:00+00:00,0.52,0.52,0.6440045,0.89058816,0.073873624,0.03553822,GOOD,GOOD,
2024-09-09 14:00:00+00:00,0.53,0.53,0.5847127,0.9746151,0.013071612,0.012313309,GOOD,GOOD,
2024-09-09 15:00:00+00:00,0.515,0.515,0.5571192,0.9466049,0.018046413,0.035348684,GOOD,GOOD,
2024-09-09 16:00:00+00:00,0.62,0.62,0.54464805,0.8606252,0.108976215,0.030398576,GOOD,GOOD,
2024-09-09 17:00:00+00:00,0.585,0.5850000000000001,0.6103549,0.95641315,0.025358852,0.018227994,GOOD,GOOD,
2024-09-09 18:00:00+00:00,0.645,0.645,0.62328416,0.94497955,0.038174063,0.016846383,GOOD,GOOD,
2024-09-09 19:00:00+00:00,0.61,0.6100000000000001,0.6564511,0.96586066,0.01946826,0.014671071,GOOD,GOOD,
2024-09-09 20:00:00+00:00,0.6,0.6,0.64869404,0.90523505,0.026509967,0.068255,GOOD,GOOD,
2024-09-09 21:00:00+00:00,0.625,0.625,0.6325854,0.9706409,0.017365329,0.01199379,GOOD,GOOD,
2024-09-09 22:00:00+00:00,0.595,0.595,0.64307016,0.9692154,0.01606301,0.0147215985,GOOD,GOOD,
2024-09-09 23:00:00+00:00,0.6,0.6,0.6315094,0.9197622,0.02077041,0.059467375,GOOD,GOOD,
2024-09-10 00:00:00+00:00,0.5549999999999999,0.5549999999999999,0.6267996,0.96087897,0.021352023,0.017768998,GOOD,GOOD,
2024-09-10 01:00:00+00:00,0.54,0.5400000000000001,0.5974199,0.9237453,0.026089987,0.050164707,GOOD,GOOD,
2024-09-10 02:00:00+00:00,0.54,0.5400000000000001,0.5734473,0.7286359,0.037623238,0.23374082,GOOD,GOOD,
2024-09-10 03:00:00+00:00,0.555,0.555,0.56644744,0.9239886,0.027648643,0.04836277,GOOD,GOOD,
2024-09-10 04:00:00+00:00,0.515,0.515,0.57651323,0.94836676,0.028293049,0.02334021,GOOD,GOOD,
2024-09-10 05:00:00+00:00,0.5,0.5000000000000001,0.5570171,0.90927243,0.034568097,0.056159478,GOOD,GOOD,
2024-09-10 06:00:00+00:00,0.485,0.4850000000000001,0.53512764,0.8064071,0.043307442,0.15028545,GOOD,GOOD,
2024-09-10 07:00:00+00:00,0.54,0.5400000000000001,0.5180201,0.9520873,0.033858575,0.014054132,GOOD,GOOD,
2024-09-10 08:00:00+00:00,0.5800000000000001,0.5800000000000001,0.54781574,0.9520583,0.034699675,0.013242018,GOOD,GOOD,
2024-09-10 09:00:00+00:00,0.61,0.6100000000000001,0.59280795,0.9466181,0.03273217,0.020649767,GOOD,GOOD,
2024-09-10 10:00:00+00:00,0.6,0.6,0.62971765,0.97557396,0.011452627,0.012973391,GOOD,GOOD,
2024-09-10 11:00:00+00:00,0.51,0.51,0.63389015,0.888141,0.07522303,0.036636002,GOOD,GOOD,
2024-09-10 12:00:00+00:00,0.455,0.45500000000000007,0.57174504,0.8957541,0.07063793,0.033607986,GOOD,GOOD,
2024-09-10 13:00:00+00:00,0.45999999999999996,0.4600000000000001,0.5049905,0.97401166,0.013620746,0.012367568,GOOD,GOOD,
2024-09-10 14:00:00+00:00,0.49,0.4900000000000001,0.48432493,0.9695584,0.019489273,0.010952318,GOOD,GOOD,
2024-09-10 15:00:00+00:00,0.54,0.5400000000000001,0.5040604,0.95131195,0.03609697,0.012591076,GOOD,GOOD,
2024-09-10 16:00:00+00:00,0.47,0.47000000000000003,0.54950124,0.91961944,0.047803737,0.0325768,GOOD,GOOD,
2024-09-10 17:00:00+00:00,0.455,0.45500000000000007,0.5247829,0.964187,0.01774377,0.018069215,GOOD,GOOD,
2024-09-10 18:00:00+00:00,0.5,0.5000000000000001,0.49338022,0.960619,0.025783522,0.013597497,GOOD,GOOD,
2024-09-10 19:00:00+00:00,0.49,0.4900000000000001,0.5105452,0.9729366,0.014421989,0.012641466,GOOD,GOOD,
2024-09-10 20:00:00+00:00,0.53,0.53,0.5197573,0.9674759,0.021400206,0.011123903,GOOD,GOOD,
2024-09-10 21:00:00+00:00,0.525,0.525,0.5460372,0.97453815,0.011624306,0.013837568,GOOD,GOOD,
2024-09-10 22:00:00+00:00,0.515,0.515,0.55548275,0.8582152,0.019745389,0.1220394,GOOD,GOOD,
2024-09-10 23:00:00+00:00,0.48,0.48000000000000004,0.5490384,0.96513027,0.01866405,0.016205657,GOOD,GOOD,
2024-09-11 00:00:00+00:00,0.485,0.4850000000000001,0.5220708,0.9697921,0.012990921,0.017216934,GOOD,GOOD,
2024-09-11 01:00:00+00:00,0.44499999999999995,0.445,0.51222855,0.9491714,0.02974951,0.021079037,GOOD,GOOD,
2024-09-11 02:00:00+00:00,0.455,0.45500000000000007,0.48705035,0.96895224,0.01510535,0.015942417,GOOD,GOOD,
2024-09-11 03:00:00+00:00,0.44,0.4400000000000001,0.48085427,0.962116,0.016257394,0.021626588,GOOD,GOOD,
2024-09-11 04:00:00+00:00,0.44999999999999996,0.45000000000000007,0.47301003,0.9487922,0.019580577,0.031627208,GOOD,GOOD,
2024-09-11 05:00:00+00:00,0.405,0.4050000000000001,0.4755644,0.9156353,0.048529238,0.035835464,GOOD,GOOD,
2024-09-11 06:00:00+00:00,0.42000000000000004,0.4200000000000001,0.45056757,0.95854634,0.019339083,0.022114588,GOOD,GOOD,
2024-09-11 07:00:00+00:00,0.435,0.4350000000000001,0.44503835,0.88491696,0.03213049,0.08295254,GOOD,GOOD,
2024-09-11 08:00:00+00:00,0.4,0.40000000000000013,0.45668516,0.9376085,0.0322971,0.030094413,GOOD,GOOD,
2024-09-11 09:00:00+00:00,0.43,0.43000000000000005,0.44226813,0.954112,0.021676434,0.024211561,GOOD,GOOD,
2024-09-11 10:00:00+00:00,0.44,0.4400000000000001,0.44998664,0.9235123,0.023601929,0.052885782,GOOD,GOOD,
2024-09-11 11:00:00+00:00,0.41000000000000003,0.4100000000000001,0.46406928,0.9384328,0.029355101,0.03221207,GOOD,GOOD,
2024-09-11 12:00:00+00:00,0.375,0.3750000000000001,0.45139924,0.8881399,0.057322912,0.054537203,GOOD,GOOD,
2024-09-11 13:00:00+00:00,0.37,0.37000000000000005,0.41992593,0.88339376,0.04144512,0.075161085,GOOD,GOOD,
2024-09-11 14:00:00+00:00,0.35,0.35000000000000003,0.40191886,0.92916423,0.031048318,0.03978745,GOOD,GOOD,
2024-09-11 15:00:00+00:00,0.37,0.37000000000000005,0.38592532,0.9440529,0.023651363,0.032295752,GOOD,GOOD,
2024-09-11 16:00:00+00:00,0.385,0.38500000000000006,0.3918739,0.9116874,0.028315188,0.05999747,GOOD,GOOD,
2024-09-11 17:00:00+00:00,0.365,0.3650000000000001,0.4076685,0.9307591,0.026544964,0.042695932,GOOD,GOOD,
2024-09-11 18:00:00+00:00,0.38,0.38000000000000006,0.40288895,0.93812585,0.02374059,0.038133584,GOOD,GOOD,
2024-09-11 19:00:00+00:00,0.365,0.3650000000000001,0.4058541,0.91660416,0.03013772,0.053258102,GOOD,GOOD,
2024-09-11 20:00:00+00:00,0.37,0.37000000000000005,0.3999575,0.8813896,0.035825364,0.08278499,GOOD,GOOD,
2024-09-11 21:00:00+00:00,0.37,0.37000000000000005,0.39878854,0.5839764,0.05388935,0.36213422,GOOD,GOOD,
2024-09-11 22:00:00+00:00,0.4,0.40000000000000013,0.39952952,0.97150075,0.016538301,0.011960964,GOOD,GOOD,
2024-09-11 23:00:00+00:00,0.425,0.4250000000000001,0.4184507,0.9394595,0.02807909,0.032461382,GOOD,GOOD,
2024-09-12 00:00:00+00:00,0.435,0.4350000000000001,0.44471884,0.93504596,0.02184321,0.043110855,GOOD,GOOD,
2024-09-12 01:00:00+00:00,0.39,0.3900000000000001,0.46178046,0.9625341,0.021429427,0.016036417,GOOD,GOOD,
2024-09-12 02:00:00+00:00,0.375,0.3750000000000001,0.438283,0.9700044,0.01526208,0.014733535,GOOD,GOOD,
2024-09-12 03:00:00+00:00,0.41500000000000004,0.41500000000000015,0.41273487,0.9631321,0.023012336,0.0138556,GOOD,GOOD,
2024-09-12 04:00:00+00:00,0.41000000000000003,0.4100000000000001,0.42813417,0.9751391,0.012772452,0.012088485,GOOD,GOOD,
2024-09-12 05:00:00+00:00,0.415,0.4150000000000001,0.43899766,0.88712054,0.022972737,0.08990672,GOOD,GOOD,
2024-09-12 06:00:00+00:00,0.385,0.38500000000000006,0.44420412,0.97195137,0.014661004,0.01338765,GOOD,GOOD,
2024-09-12 07:00:00+00:00,0.375,0.3750000000000001,0.4266627,0.94978416,0.016940096,0.033275772,GOOD,GOOD,
2024-09-12 08:00:00+00:00,0.37,0.37000000000000005,0.40964463,0.8231893,0.028827714,0.14798295,GOOD,GOOD,
2024-09-12 09:00:00+00:00,0.39,0.3900000000000001,0.40075406,0.9720065,0.015355767,0.0126377195,GOOD,GOOD,
2024-09-12 10:00:00+00:00,0.33999999999999997,0.3400000000000001,0.41116625,0.9074671,0.057214897,0.035317983,GOOD,GOOD,
2024-09-12 11:00:00+00:00,0.33999999999999997,0.3400000000000001,0.38833946,0.9506906,0.0221414,0.027167957,GOOD,GOOD,
2024-09-12 12:00:00+00:00,0.365,0.3650000000000001,0.372439,0.9644034,0.018837469,0.016759118,GOOD,GOOD,
2024-09-12 13:00:00+00:00,0.405,0.4050000000000001,0.3836325,0.9450978,0.0363797,0.018522512,GOOD,GOOD,
2024-09-12 14:00:00+00:00,0.51,0.51,0.41784027,0.75440985,0.16726135,0.07832879,GOOD,GOOD,
2024-09-12 15:00:00+00:00,0.44999999999999996,0.45000000000000007,0.50070345,0.8215176,0.10878047,0.069701955,GOOD,GOOD,
2024-09-12 16:00:00+00:00,0.42,0.42000000000000004,0.50206393,0.9526869,0.025282828,0.022030277,GOOD,GOOD,
2024-09-12 17:00:00+00:00,0.45999999999999996,0.4600000000000001,0.467415,0.94020146,0.035930432,0.023868082,GOOD,GOOD,
2024-09-12 18:00:00+00:00,0.445,0.44500000000000006,0.47476742,0.96748996,0.017859306,0.014650756,GOOD,GOOD,
2024-09-12 19:00:00+00:00,0.435,0.4350000000000001,0.47691596,0.88551754,0.027509488,0.08697295,GOOD,GOOD,
2024-09-12 20:00:00+00:00,0.435,0.4350000000000001,0.4694423,0.9014275,0.020933095,0.077639416,GOOD,GOOD,
2024-09-12 21:00:00+00:00,0.405,0.4050000000000001,0.46488538,0.95980436,0.02026682,0.019928824,GOOD,GOOD,
2024-09-12 22:00:00+00:00,0.44,0.4400000000000001,0.4452808,0.9537249,0.02694164,0.019333454,GOOD,GOOD,
2024-09-12 23:00:00+00:00,0.44999999999999996,0.45000000000000007,0.4566531,0.96272427,0.018508492,0.018767254,GOOD,GOOD,
2024-09-13 00:00:00+00:00,0.365,0.3650000000000001,0.47345418,0.7864021,0.1463214,0.06727651,GOOD,GOOD,
2024-09-13 01:00:00+00:00,0.45,0.4500000000000001,0.42743915,0.88729274,0.077529706,0.035177525,GOOD,GOOD,
2024-09-13 02:00:00+00:00,0.45499999999999996,0.455,0.45041093,0.96359926,0.020643074,0.015757682,GOOD,GOOD,
2024-09-13 03:00:00+00:00,0.42,0.42000000000000004,0.47723642,0.9771398,0.012345206,0.010515032,GOOD,GOOD,
2024-09-13 04:00:00+00:00,0.41000000000000003,0.4100000000000001,0.4643701,0.93777454,0.016945045,0.045280423,GOOD,GOOD,
2024-09-13 05:00:00+00:00,0.375,0.3750000000000001,0.44585487,0.964719,0.019704755,0.015576253,GOOD,GOOD,
2024-09-13 06:00:00+00:00,0.405,0.4050000000000001,0.4173048,0.97269595,0.015987292,0.01131674,GOOD,GOOD,
2024-09-13 07:00:00+00:00,0.41000000000000003,0.4100000000000001,0.4230413,0.93825626,0.01877458,0.042969134,GOOD,GOOD,
2024-09-13 08:00:00+00:00,0.445,0.44500000000000006,0.43530422,0.9668093,0.021333117,0.011857633,GOOD,GOOD,
2024-09-13 09:00:00+00:00,0.435,0.4350000000000001,0.462057,0.97477216,0.012270453,0.0129574025,GOOD,GOOD,
2024-09-13 10:00:00+00:00,0.41500000000000004,0.41500000000000015,0.4684418,0.9381529,0.018596487,0.043250624,GOOD,GOOD,
2024-09-13 11:00:00+00:00,0.445,0.44500000000000006,0.45414433,0.97327673,0.015487494,0.0112357875,GOOD,GOOD,
2024-09-13 12:00:00+00:00,0.47,0.47000000000000003,0.464029,0.94145423,0.030303821,0.02824197,GOOD,GOOD,
2024-09-13 13:00:00+00:00,0.45999999999999996,0.4600000000000001,0.4885622,0.9724838,0.013387352,0.014128845,GOOD,GOOD,
2024-09-13 14:00:00+00:00,0.48,0.48000000000000004,0.49346793,0.9668417,0.01799611,0.015162201,GOOD,GOOD,
2024-09-13 15:00:00+00:00,0.475,0.4750000000000001,0.5038027,0.94801044,0.017801668,0.03418786,GOOD,GOOD,
2024-09-13 16:00:00+00:00,0.425,0.4250000000000001,0.5058393,0.9497208,0.029657207,0.02062199,GOOD,GOOD,
2024-09-13 17:00:00+00:00,0.41500000000000004,0.41500000000000015,0.47358346,0.9673171,0.016395407,0.016287485,GOOD,GOOD,
2024-09-13 18:00:00+00:00,0.38,0.38000000000000006,0.4493418,0.94665277,0.03128849,0.022058757,GOOD,GOOD,
2024-09-13 19:00:00+00:00,0.38,0.38000000000000006,0.42097524,0.96063,0.017551692,0.021818316,GOOD,GOOD,
2024-09-13 20:00:00+00:00,0.39,0.3900000000000001,0.40917566,0.9364117,0.022445753,0.04114256,GOOD,GOOD,
2024-09-13 21:00:00+00:00,0.395,0.3950000000000001,0.4140644,0.837906,0.032098703,0.12999526,GOOD,GOOD,
2024-09-13 22:00:00+00:00,0.41000000000000003,0.4100000000000001,0.42186132,0.9303542,0.024760824,0.044885,GOOD,GOOD,
2024-09-13 23:00:00+00:00,0.46499999999999997,0.465,0.43422562,0.94316924,0.040330317,0.016500454,GOOD,GOOD,
2024-09-14 00:00:00+00:00,0.41000000000000003,0.4100000000000001,0.47402886,0.962171,0.022400936,0.015428065,GOOD,GOOD,
2024-09-14 01:00:00+00:00,0.46499999999999997,0.465,0.4598094,0.93901277,0.038836926,0.022150282,GOOD,GOOD,
2024-09-14 02:00:00+00:00,0.445,0.44500000000000006,0.47789788,0.974284,0.013589133,0.012126883,GOOD,GOOD,
2024-09-14 03:00:00+00:00,0.435,0.4350000000000001,0.47959483,0.9001075,0.018533165,0.08135931,GOOD,GOOD,
2024-09-14 04:00:00+00:00,0.37,0.37000000000000005,0.47013098,0.90231884,0.06392721,0.033753924,GOOD,GOOD,
2024-09-14 05:00:00+00:00,0.4,0.40000000000000013,0.42479655,0.9661262,0.019264823,0.014608947,GOOD,GOOD,
2024-09-14 06:00:00+00:00,0.39,0.3900000000000001,0.4194151,0.9743224,0.013207159,0.012470466,GOOD,GOOD,
2024-09-14 07:00:00+00:00,0.34,0.34000000000000014,0.4198099,0.91027164,0.05543784,0.034290507,GOOD,GOOD,
2024-09-14 08:00:00+00:00,0.375,0.3750000000000001,0.38958424,0.9519509,0.027674666,0.020374436,GOOD,GOOD,
2024-09-14 09:00:00+00:00,0.36,0.36000000000000004,0.39290634,0.96420485,0.017643692,0.018151479,GOOD,GOOD,
2024-09-14 10:00:00+00:00,0.37,0.37000000000000005,0.3925719,0.9552045,0.01921446,0.025581082,GOOD,GOOD,
2024-09-14 11:00:00+00:00,0.385,0.38500000000000006,0.3969094,0.9049246,0.027923306,0.06715214,GOOD,GOOD,
2024-09-14 12:00:00+00:00,0.395,0.3950000000000001,0.40882328,0.8492777,0.03234177,0.118380554,GOOD,GOOD,
2024-09-14 13:00:00+00:00,0.36,0.36000000000000004,0.42097378,0.9320068,0.035230115,0.03276313,GOOD,GOOD,
2024-09-14 14:00:00+00:00,0.445,0.44500000000000006,0.40409502,0.89447737,0.07314244,0.03238017,GOOD,GOOD,
2024-09-14 15:00:00+00:00,0.425,0.4250000000000001,0.4442491,0.9658835,0.018676454,0.0154400645,GOOD,GOOD,
2024-09-14 16:00:00+00:00,0.42,0.42000000000000004,0.45910314,0.89619666,0.02005562,0.083747715,GOOD,GOOD,
2024-09-14 17:00:00+00:00,0.4,0.40000000000000013,0.45512924,0.94879156,0.01800676,0.03320165,GOOD,GOOD,
2024-09-14 18:00:00+00:00,0.43,0.43000000000000005,0.43828705,0.9686295,0.017764814,0.013605683,GOOD,GOOD,
2024-09-14 19:00:00+00:00,0.39,0.3900000000000001,0.44848228,0.9644892,0.020575888,0.01493488,GOOD,GOOD,
2024-09-14 20:00:00+00:00,0.38,0.38000000000000006,0.43308705,0.94715536,0.018904312,0.03394034,GOOD,GOOD,
2024-09-14 21:00:00+00:00,0.39,0.3900000000000001,0.41551688,0.9383805,0.020021237,0.041598313,GOOD,GOOD,
2024-09-14 22:00:00+00:00,0.395,0.3950000000000001,0.41509065,0.7880807,0.033929516,0.1779898,GOOD,GOOD,
2024-09-14 23:00:00+00:00,0.41500000000000004,0.41500000000000015,0.42139754,0.95967054,0.019566247,0.020763202,GOOD,GOOD,
2024-09-15 00:00:00+00:00,0.42000000000000004,0.4200000000000001,0.43700626,0.8815367,0.028730152,0.08973311,GOOD,GOOD,
2024-09-15 01:00:00+00:00,0.41000000000000003,0.4100000000000001,0.44766247,0.88986945,0.029316358,0.08081421,GOOD,GOOD,
2024-09-15 02:00:00+00:00,0.43,0.43000000000000005,0.44430074,0.960097,0.018835291,0.021067698,GOOD,GOOD,
2024-09-15 03:00:00+00:00,0.4,0.40000000000000013,0.45289293,0.94139576,0.028518567,0.030085662,GOOD,GOOD,
2024-09-15 04:00:00+00:00,0.415,0.4150000000000001,0.44023407,0.95570004,0.01949806,0.024801897,GOOD,GOOD,
2024-09-15 05:00:00+00:00,0.35,0.35000000000000003,0.44037932,0.8427838,0.09930067,0.057915516,GOOD,GOOD,
2024-09-15 06:00:00+00:00,0.36,0.36000000000000004,0.4036039,0.9358421,0.027449545,0.036708336,GOOD,GOOD,
2024-09-15 07:00:00+00:00,0.375,0.3750000000000001,0.38810188,0.9052442,0.030014584,0.064741224,GOOD,GOOD,
2024-09-15 08:00:00+00:00,0.365,0.3650000000000001,0.39633337,0.94042045,0.023377227,0.03620231,GOOD,GOOD,
2024-09-15 09:00:00+00:00,0.385,0.38500000000000006,0.39760166,0.94487816,0.023480227,0.031641588,GOOD,GOOD,
2024-09-15 10:00:00+00:00,0.335,0.3350000000000001,0.4082599,0.8803559,0.06465879,0.05498532,GOOD,GOOD,
2024-09-15 11:00:00+00:00,0.375,0.3750000000000001,0.38403302,0.9270555,0.035364605,0.037579946,GOOD,GOOD,
2024-09-15 12:00:00+00:00,0.38,0.38000000000000006,0.39172325,0.92874444,0.027312338,0.04394321,GOOD,GOOD,
2024-09-15 13:00:00+00:00,0.345,0.34500000000000003,0.4051749,0.9091752,0.041603997,0.04922077,GOOD,GOOD,
2024-09-15 14:00:00+00:00,0.405,0.4050000000000001,0.3893526,0.93621576,0.042617414,0.021166813,GOOD,GOOD,
2024-09-15 15:00:00+00:00,0.36,0.36000000000000004,0.413875,0.9536695,0.0273592,0.018971303,GOOD,GOOD,
2024-09-15 16:00:00+00:00,0.385,0.38500000000000006,0.4046068,0.9726088,0.015266141,0.012125059,GOOD,GOOD,
2024-09-15 17:00:00+00:00,0.37,0.37000000000000005,0.4085451,0.97761357,0.011468041,0.0109183965,GOOD,GOOD,
2024-09-15 18:00:00+00:00,0.32499999999999996,0.325,0.40439194,0.93446416,0.040009607,0.02552626,GOOD,GOOD,
2024-09-15 19:00:00+00:00,0.31,0.31000000000000005,0.37356743,0.95051205,0.025741141,0.023746783,GOOD,GOOD,
2024-09-15 20:00:00+00:00,0.35,0.35000000000000003,0.34744906,0.9528254,0.029344922,0.01782966,GOOD,GOOD,
2024-09-15 21:00:00+00:00,0.35,0.35000000000000003,0.36277288,0.95575345,0.017957743,0.026288796,GOOD,GOOD,
2024-09-15 22:00:00+00:00,0.355,0.35500000000000004,0.3772221,0.84672976,0.026787534,0.12648271,GOOD,GOOD,
2024-09-15 23:00:00+00:00,0.325,0.32500000000000007,0.38451654,0.96391445,0.01945123,0.016634317,GOOD,GOOD,
2024-09-16 00:00:00+00:00,0.38,0.38000000000000006,0.36781844,0.9434387,0.037019443,0.019541835,GOOD,GOOD,
2024-09-16 01:00:00+00:00,0.31,0.31000000000000005,0.38997355,0.8849012,0.073480114,0.04161864,GOOD,GOOD,
2024-09-16 02:00:00+00:00,0.335,0.3350000000000001,0.36481556,0.96722484,0.018250033,0.014525154,GOOD,GOOD,
2024-09-16 03:00:00+00:00,0.33999999999999997,0.3400000000000001,0.35940668,0.9158398,0.021753937,0.06240627,GOOD,GOOD,
2024-09-16 04:00:00+00:00,0.355,0.35500000000000004,0.36563218,0.92903143,0.02214479,0.04882377,GOOD,GOOD,
2024-09-16 05:00:00+00:00,0.33,0.3300000000000001,0.37898257,0.96760285,0.016563872,0.015833305,GOOD,GOOD,
2024-09-16 06:00:00+00:00,0.305,0.3050000000000001,0.370187,0.89279336,0.041258913,0.06594771,GOOD,GOOD,
2024-09-16 07:00:00+00:00,0.375,0.3750000000000001,0.34706435,0.9045888,0.06602452,0.029386628,GOOD,GOOD,
2024-09-16 08:00:00+00:00,0.345,0.34500000000000003,0.3778229,0.96882814,0.018268596,0.012903252,GOOD,GOOD,
2024-09-16 09:00:00+00:00,0.34,0.34000000000000014,0.3831676,0.9328923,0.016757835,0.050349835,GOOD,GOOD,
2024-09-16 10:00:00+00:00,0.36,0.36000000000000004,0.37552696,0.97485644,0.013597773,0.011545795,GOOD,GOOD,
2024-09-16 11:00:00+00:00,0.325,0.32500000000000007,0.38275328,0.96488416,0.019733856,0.015381997,GOOD,GOOD,
2024-09-16 12:00:00+00:00,0.37,0.37000000000000005,0.36776412,0.95205504,0.029706316,0.018238671,GOOD,GOOD,
2024-09-16 13:00:00+00:00,0.345,0.34500000000000003,0.38424352,0.9768105,0.012813568,0.010375888,GOOD,GOOD,
2024-09-16 14:00:00+00:00,0.295,0.29500000000000004,0.38248813,0.93639565,0.040639848,0.022964535,GOOD,GOOD,
2024-09-16 15:00:00+00:00,0.325,0.32500000000000007,0.34721845,0.9655062,0.019989887,0.014503906,GOOD,GOOD,
2024-09-16 16:00:00+00:00,0.35,0.35000000000000003,0.3449209,0.93791646,0.029030135,0.03305341,GOOD,GOOD,
2024-09-16 17:00:00+00:00,0.34,0.34000000000000014,0.36682868,0.9701457,0.013675267,0.016179023,GOOD,GOOD,
2024-09-16 18:00:00+00:00,0.33999999999999997,0.3400000000000001,0.37343928,0.8282859,0.023511287,0.14820282,GOOD,GOOD,
2024-09-16 19:00:00+00:00,0.325,0.32500000000000007,0.3722131,0.9469499,0.017145993,0.035904106,GOOD,GOOD,
2024-09-16 20:00:00+00:00,0.28,0.28000000000000014,0.3615462,0.91848636,0.05084918,0.030664457,GOOD,GOOD,
2024-09-16 21:00:00+00:00,0.305,0.3050000000000001,0.32880938,0.95711136,0.024333058,0.01855559,GOOD,GOOD,
2024-09-16 22:00:00+00:00,0.3,0.30000000000000004,0.32632774,0.9593316,0.018851446,0.021816956,GOOD,GOOD,
2024-09-16 23:00:00+00:00,0.28500000000000003,0.2850000000000001,0.32931155,0.93097496,0.029433427,0.0395916,GOOD,GOOD,
2024-09-17 00:00:00+00:00,0.29,0.29000000000000004,0.32182428,0.937563,0.022592992,0.039844014,GOOD,GOOD,
2024-09-17 01:00:00+00:00,0.32,0.32000000000000006,0.31943014,0.9672001,0.020068424,0.012731503,GOOD,GOOD,
2024-09-17 02:00:00+00:00,0.265,0.26500000000000007,0.3377583,0.8815201,0.07408993,0.044389956,GOOD,GOOD,
2024-09-17 03:00:00+00:00,0.29000000000000004,0.2900000000000001,0.31657332,0.9599257,0.023009373,0.017064918,GOOD,GOOD,
2024-09-17 04:00:00+00:00,0.305,0.3050000000000001,0.3139951,0.9467227,0.021929104,0.031348187,GOOD,GOOD,
2024-09-17 05:00:00+00:00,0.32,0.32000000000000006,0.32701764,0.8875682,0.029496819,0.082935,GOOD,GOOD,
2024-09-17 06:00:00+00:00,0.275,0.2750000000000001,0.3439627,0.9352703,0.03877151,0.025958154,GOOD,GOOD,
2024-09-17 07:00:00+00:00,0.22999999999999998,0.23,0.32421225,0.8686142,0.08005904,0.051326778,GOOD,GOOD,
2024-09-17 08:00:00+00:00,0.295,0.29500000000000004,0.28215316,0.8890963,0.07232631,0.038577355,GOOD,GOOD,
2024-09-17 09:00:00+00:00,0.28500000000000003,0.2850000000000001,0.29949751,0.96427727,0.020335928,0.015386826,GOOD,GOOD,
2024-09-17 10:00:00+00:00,0.30500000000000005,0.30500000000000016,0.31414863,0.97358656,0.015028951,0.011384467,GOOD,GOOD,
2024-09-17 11:00:00+00:00,0.27,0.2700000000000001,0.32949167,0.95743024,0.0241672,0.018402543,GOOD,GOOD,
2024-09-17 12:00:00+00:00,0.28,0.28000000000000014,0.31508353,0.97200024,0.014447482,0.013552276,GOOD,GOOD,
2024-09-17 13:00:00+00:00,0.31,0.31000000000000005,0.3089335,0.96963644,0.018522797,0.011840788,GOOD,GOOD,
2024-09-17 14:00:00+00:00,0.265,0.26500000000000007,0.3269552,0.94639015,0.03279468,0.020815177,GOOD,GOOD,
2024-09-17 15:00:00+00:00,0.29000000000000004,0.2900000000000001,0.31231064,0.9684789,0.018292703,0.013228408,GOOD,GOOD,
2024-09-17 16:00:00+00:00,0.29500000000000004,0.2950000000000001,0.31361797,0.9451846,0.017963763,0.03685164,GOOD,GOOD,
2024-09-17 17:00:00+00:00,0.3,0.30000000000000004,0.32148924,0.7979596,0.029305834,0.17273454,GOOD,GOOD,
2024-09-17 18:00:00+00:00,0.315,0.31500000000000006,0.32852167,0.9484587,0.021945747,0.029595574,GOOD,GOOD,
2024-09-17 19:00:00+00:00,0.32999999999999996,0.33000000000000007,0.33993593,0.9094696,0.033041283,0.057489105,GOOD,GOOD,
2024-09-17 20:00:00+00:00,0.30500000000000005,0.30500000000000016,0.35444325,0.9603095,0.020811565,0.018878944,GOOD,GOOD,
2024-09-17 21:00:00+00:00,0.275,0.2750000000000001,0.34567267,0.92391354,0.04012278,0.035963703,GOOD,GOOD,
2024-09-17 22:00:00+00:00,0.31,0.31000000000000005,0.31947201,0.9526984,0.027465524,0.019836042,GOOD,GOOD,
2024-09-17 23:00:00+00:00,0.33499999999999996,0.335,0.326812,0.94821244,0.030360557,0.02142698,GOOD,GOOD,
2024-09-18 00:00:00+00:00,0.27,0.2700000000000001,0.35235456,0.9158095,0.05378348,0.030406976,GOOD,GOOD,
2024-09-18 01:00:00+00:00,0.315,0.31500000000000006,0.32638955,0.9442246,0.03405285,0.021722546,GOOD,GOOD,
2024-09-18 02:00:00+00:00,0.28,0.28000000000000014,0.33161867,0.9674109,0.018889554,0.013699499,GOOD,GOOD,
2024-09-18 03:00:00+00:00,0.26,0.26000000000000006,0.32090002,0.9423343,0.027042434,0.030623302,GOOD,GOOD,
2024-09-18 04:00:00+00:00,0.275,0.2750000000000001,0.3005325,0.9732911,0.014619989,0.012088938,GOOD,GOOD,
2024-09-18 05:00:00+00:00,0.32,0.32000000000000006,0.2995629,0.9413332,0.039338287,0.019328566,GOOD,GOOD,
2024-09-18 06:00:00+00:00,0.335,0.3350000000000001,0.330399,0.95530075,0.026075171,0.018624105,GOOD,GOOD,
2024-09-18 07:00:00+00:00,0.31,0.31000000000000005,0.35801014,0.97322977,0.014494477,0.0122757545,GOOD,GOOD,
2024-09-18 08:00:00+00:00,0.25,0.25,0.3522266,0.8949696,0.06934457,0.03568587,GOOD,GOOD,
2024-09-18 09:00:00+00:00,0.235,0.235,0.30762747,0.9493771,0.028896546,0.021726357,GOOD,GOOD,
2024-09-18 10:00:00+00:00,0.31000000000000005,0.3100000000000001,0.27380684,0.8830901,0.08168883,0.035221107,GOOD,GOOD,
2024-09-18 11:00:00+00:00,0.305,0.3050000000000001,0.30752105,0.96763766,0.018003797,0.014358548,GOOD,GOOD,
2024-09-18 12:00:00+00:00,0.305,0.3050000000000001,0.33256897,0.7694127,0.028411528,0.20217577,GOOD,GOOD,
2024-09-18 13:00:00+00:00,0.325,0.32500000000000007,0.33856177,0.96996784,0.016216246,0.013815907,GOOD,GOOD,
2024-09-18 14:00:00+00:00,0.375,0.3750000000000001,0.34923515,0.9263435,0.048867486,0.024789037,GOOD,GOOD,
2024-09-18 15:00:00+00:00,0.29000000000000004,0.2900000000000001,0.38534135,0.88113815,0.07702942,0.041832455,GOOD,GOOD,
2024-09-18 16:00:00+00:00,0.315,0.31500000000000006,0.3531682,0.968539,0.018648176,0.01281283,GOOD,GOOD,
2024-09-18 17:00:00+00:00,0.315,0.31500000000000006,0.34094673,0.9339718,0.017746996,0.048281204,GOOD,GOOD,
2024-09-18 18:00:00+00:00,0.385,0.38500000000000006,0.34207666,0.88626355,0.07739724,0.03633924,GOOD,GOOD,
2024-09-18 19:00:00+00:00,0.365,0.3650000000000001,0.38713354,0.95962703,0.022783384,0.017589595,GOOD,GOOD,
2024-09-18 20:00:00+00:00,0.32,0.32000000000000006,0.4011166,0.95894474,0.02422116,0.016834104,GOOD,GOOD,
2024-09-18 21:00:00+00:00,0.275,0.2750000000000001,0.3716915,0.9170896,0.053729847,0.029180588,GOOD,GOOD,
2024-09-18 22:00:00+00:00,0.29000000000000004,0.2900000000000001,0.32558823,0.9767034,0.01299829,0.010298277,GOOD,GOOD,
2024-09-18 23:00:00+00:00,0.365,0.3650000000000001,0.3137889,0.8821385,0.08498887,0.032872673,GOOD,GOOD,
2024-09-19 00:00:00+00:00,0.33,0.3300000000000001,0.36175504,0.9657532,0.020044852,0.0142019605,GOOD,GOOD,
2024-09-19 01:00:00+00:00,0.36,0.36000000000000004,0.3710645,0.96242636,0.021852879,0.01572076,GOOD,GOOD,
2024-09-19 02:00:00+00:00,0.41,0.41000000000000003,0.38316455,0.93419313,0.044023298,0.021783594,GOOD,GOOD,
2024-09-19 03:00:00+00:00,0.325,0.32500000000000007,0.42024896,0.9065231,0.06087787,0.032599036,GOOD,GOOD,
2024-09-19 04:00:00+00:00,0.315,0.31500000000000006,0.38749677,0.96465576,0.018736565,0.016607663,GOOD,GOOD,
2024-09-19 05:00:00+00:00,0.305,0.3050000000000001,0.35447145,0.80454874,0.032908008,0.16254322,GOOD,GOOD,
2024-09-19 06:00:00+00:00,0.37,0.37000000000000005,0.3372325,0.91325134,0.05864277,0.028105868,GOOD,GOOD,
2024-09-19 07:00:00+00:00,0.425,0.4250000000000001,0.37280378,0.89064586,0.07498686,0.03436727,GOOD,GOOD,
2024-09-19 08:00:00+00:00,0.38,0.38000000000000006,0.4311464,0.9558934,0.025725339,0.018381279,GOOD,GOOD,
2024-09-19 09:00:00+00:00,0.3,0.30000000000000004,0.42855135,0.8758537,0.088529535,0.03561674,GOOD,GOOD,
2024-09-19 10:00:00+00:00,0.275,0.2750000000000001,0.3666624,0.9289688,0.043854747,0.027176466,GOOD,GOOD,
2024-09-19 11:00:00+00:00,0.355,0.35500000000000004,0.31762385,0.8962997,0.07327227,0.030427981,GOOD,GOOD,
2024-09-19 12:00:00+00:00,0.4,0.40000000000000013,0.3498682,0.9003663,0.072964706,0.026668986,GOOD,GOOD,
2024-09-19 13:00:00+00:00,0.395,0.3950000000000001,0.40698874,0.95549136,0.020310363,0.024198262,GOOD,GOOD,
2024-09-19 14:00:00+00:00,0.42,0.42000000000000004,0.42855972,0.96437436,0.019603135,0.016022494,GOOD,GOOD,
2024-09-19 15:00:00+00:00,0.4,0.40000000000000013,0.44441226,0.97568387,0.012368168,0.011947974,GOOD,GOOD,
2024-09-19 16:00:00+00:00,0.36,0.36000000000000004,0.43786603,0.9526452,0.028105298,0.019249525,GOOD,GOOD,
2024-09-19 17:00:00+00:00,0.355,0.35500000000000004,0.40674907,0.91200846,0.02496146,0.06303007,GOOD,GOOD,
2024-09-19 18:00:00+00:00,0.33999999999999997,0.3400000000000001,0.38760707,0.89853114,0.027784724,0.07368412,GOOD,GOOD,
2024-09-19 19:00:00+00:00,0.44499999999999995,0.445,0.3740643,0.8142936,0.13804282,0.04766359,GOOD,GOOD,
2024-09-19 20:00:00+00:00,0.41000000000000003,0.4100000000000001,0.43398428,0.95995325,0.022863625,0.017183123,GOOD,GOOD,
2024-09-19 21:00:00+00:00,0.4,0.40000000000000013,0.4496695,0.93676883,0.017547915,0.045683242,GOOD,GOOD,
2024-09-19 22:00:00+00:00,0.325,0.32500000000000007,0.43872178,0.8802916,0.08511153,0.034596916,GOOD,GOOD,
2024-09-19 23:00:00+00:00,0.365,0.3650000000000001,0.38494107,0.9679751,0.019808851,0.012216044,GOOD,GOOD,
2024-09-20 00:00:00+00:00,0.43,0.43000000000000005,0.38066885,0.91623694,0.061655518,0.02210756,GOOD,GOOD,
2024-09-20 01:00:00+00:00,0.43999999999999995,0.44000000000000006,0.4300511,0.95746034,0.024750084,0.017789563,GOOD,GOOD,
2024-09-20 02:00:00+00:00,0.43,0.43000000000000005,0.4645513,0.9477073,0.016515464,0.03577727,GOOD,GOOD,
2024-09-20 03:00:00+00:00,0.385,0.38500000000000006,0.46676534,0.96089536,0.022128396,0.016976219,GOOD,GOOD,
2024-09-20 04:00:00+00:00,0.36,0.36000000000000004,0.43401006,0.95344716,0.024674835,0.021877995,GOOD,GOOD,
2024-09-20 05:00:00+00:00,0.355,0.35500000000000004,0.40055996,0.91455716,0.023697773,0.061745074,GOOD,GOOD,
2024-09-20 06:00:00+00:00,0.44,0.4400000000000001,0.38538283,0.8760534,0.090871386,0.033075225,GOOD,GOOD,
2024-09-20 07:00:00+00:00,0.45999999999999996,0.4600000000000001,0.4353672,0.9512031,0.03135229,0.017444575,GOOD,GOOD,
2024-09-20 08:00:00+00:00,0.585,0.6772193919255375,0.47945702,0.34274477,0.46388522,0.19337001,SUSPECT,SUSPECT,F_burst_noise
2024-09-20 09:00:00+00:00,0.44,0.7531213411243554,0.63380265,0.43402553,0.4245102,0.14146425,SUSPECT,GOOD,F_burst_noise
2024-09-20 10:00:00+00:00,0.42,0.6520507341319279,0.75918394,0.86787003,0.083468996,0.048660986,SUSPECT,GOOD,F_burst_noise
2024-09-20 11:00:00+00:00,0.41500000000000004,0.3617372205029938,0.7216674,0.13713872,0.38438168,0.4784796,SUSPECT,SUSPECT,F_burst_noise
2024-09-20 12:00:00+00:00,0.49,0.4432100672020534,0.49974528,0.9040971,0.06339904,0.03250387,SUSPECT,GOOD,F_burst_noise
2024-09-20 13:00:00+00:00,0.51,0.7757640241379685,0.44426572,0.16611892,0.4620447,0.37183642,SUSPECT,SUSPECT,F_burst_noise
2024-09-20 14:00:00+00:00,0.445,0.6876038744796736,0.6747976,0.86256987,0.09392376,0.04350637,SUSPECT,GOOD,F_burst_noise
2024-09-20 15:00:00+00:00,0.435,0.5475552362676755,0.7419271,0.7538874,0.17464334,0.07146926,SUSPECT,GOOD,F_burst_noise
2024-09-20 16:00:00+00:00,0.38,0.02,0.63658994,0.047421217,0.14763941,0.8049394,SUSPECT,BAD,F_burst_noise
2024-09-20 17:00:00+00:00,0.38,0.0698955409327866,0.26560432,0.09255904,0.6211774,0.28626353,SUSPECT,SUSPECT,F_burst_noise
2024-09-20 18:00:00+00:00,0.43,0.5940374718700836,0.10006538,0.12616223,0.40426922,0.46956855,SUSPECT,SUSPECT,F_burst_noise
2024-09-20 19:00:00+00:00,0.5,0.7556004718515493,0.3838289,0.03350073,0.62135315,0.3451461,SUSPECT,SUSPECT,F_burst_noise
2024-09-20 20:00:00+00:00,0.525,0.525,0.7097232,0.63618994,0.22726423,0.13654587,GOOD,GOOD,
2024-09-20 21:00:00+00:00,0.525,0.525,0.6538656,0.5219184,0.18606529,0.2920163,GOOD,GOOD,
2024-09-20 22:00:00+00:00,0.5349999999999999,0.5349999999999999,0.5723349,0.8939653,0.023278339,0.082756355,GOOD,GOOD,
2024-09-20 23:00:00+00:00,0.46499999999999997,0.465,0.55356807,0.95525175,0.032433115,0.012315146,GOOD,GOOD,
2024-09-21 00:00:00+00:00,0.485,0.4850000000000001,0.5147189,0.9738311,0.015668727,0.010500144,GOOD,GOOD,
2024-09-21 01:00:00+00:00,0.5,0.5000000000000001,0.5086455,0.9147976,0.019303728,0.06589869,GOOD,GOOD,
2024-09-21 02:00:00+00:00,0.475,0.4750000000000001,0.52201015,0.9620953,0.012952429,0.024952237,GOOD,GOOD,
2024-09-21 03:00:00+00:00,0.48,0.48000000000000004,0.5134795,0.80960685,0.022463018,0.16793014,GOOD,GOOD,
2024-09-21 04:00:00+00:00,0.41500000000000004,0.41500000000000015,0.50886583,0.89363474,0.077763885,0.028601358,GOOD,GOOD,
2024-09-21 05:00:00+00:00,0.44,0.4400000000000001,0.46760225,0.9613468,0.026553528,0.012099652,GOOD,GOOD,
2024-09-21 06:00:00+00:00,0.435,0.4350000000000001,0.46095127,0.8230795,0.04000498,0.13691548,GOOD,GOOD,
2024-09-21 07:00:00+00:00,0.43,0.43000000000000005,0.46271244,0.6942975,0.03194079,0.27376172,GOOD,GOOD,
2024-09-21 08:00:00+00:00,0.525,0.525,0.46106482,0.90069526,0.07596838,0.023336345,GOOD,GOOD,
2024-09-21 09:00:00+00:00,0.45,0.4500000000000001,0.5194506,0.96058494,0.023905853,0.015509228,GOOD,GOOD,
2024-09-21 10:00:00+00:00,0.405,0.4050000000000001,0.50470257,0.93372226,0.03970818,0.026569555,GOOD,GOOD,
2024-09-21 11:00:00+00:00,0.395,0.3950000000000001,0.45665553,0.88098896,0.030027624,0.08898345,GOOD,GOOD,
2024-09-21 12:00:00+00:00,0.435,0.4350000000000001,0.4281058,0.96670246,0.021625075,0.011672485,GOOD,GOOD,
2024-09-21 13:00:00+00:00,0.475,0.4750000000000001,0.44651178,0.9039803,0.05895291,0.037066754,GOOD,GOOD,
2024-09-21 14:00:00+00:00,0.48,0.48000000000000004,0.48718515,0.907881,0.021188425,0.070930526,GOOD,GOOD,
2024-09-21 15:00:00+00:00,0.41000000000000003,0.4100000000000001,0.50836897,0.9254982,0.046913028,0.027588766,GOOD,GOOD,
2024-09-21 16:00:00+00:00,0.43,0.43000000000000005,0.4680574,0.97745335,0.012683017,0.009863645,GOOD,GOOD,
2024-09-21 17:00:00+00:00,0.375,0.3750000000000001,0.45462924,0.9368519,0.04112571,0.022022376,GOOD,GOOD,
2024-09-21 18:00:00+00:00,0.45499999999999996,0.455,0.42223293,0.9191608,0.05879396,0.022045279,GOOD,GOOD,
2024-09-21 19:00:00+00:00,0.445,0.44500000000000006,0.45508677,0.9724329,0.014254585,0.013312514,GOOD,GOOD,
2024-09-21 20:00:00+00:00,0.48,0.48000000000000004,0.4743753,0.9690869,0.018371712,0.0125414,GOOD,GOOD,
2024-09-21 21:00:00+00:00,0.515,0.515,0.4991977,0.94222254,0.03415586,0.02362163,GOOD,GOOD,
2024-09-21 22:00:00+00:00,0.425,0.4250000000000001,0.531868,0.89446396,0.0695529,0.03598313,GOOD,GOOD,
2024-09-21 23:00:00+00:00,0.43,0.43000000000000005,0.48815492,0.9759791,0.012499018,0.0115218675,GOOD,GOOD,
2024-09-22 00:00:00+00:00,0.43000000000000005,0.4300000000000001,0.46131137,0.7199663,0.028547728,0.25148594,GOOD,GOOD,
2024-09-22 01:00:00+00:00,0.44499999999999995,0.445,0.45614213,0.9402046,0.020161008,0.03963438,GOOD,GOOD,
2024-09-22 02:00:00+00:00,0.44999999999999996,0.45000000000000007,0.46729785,0.84867203,0.026569316,0.12475868,GOOD,GOOD,
2024-09-22 03:00:00+00:00,0.415,0.4150000000000001,0.47710872,0.9556161,0.022897152,0.021486737,GOOD,GOOD,
2024-09-22 04:00:00+00:00,0.435,0.4350000000000001,0.45824954,0.97070485,0.0150674265,0.014227728,GOOD,GOOD,
2024-09-22 05:00:00+00:00,0.39,0.3900000000000001,0.45824125,0.92283905,0.0460884,0.031072566,GOOD,GOOD,
2024-09-22 06:00:00+00:00,0.4,0.40000000000000013,0.4347211,0.96195865,0.018316463,0.01972486,GOOD,GOOD,
2024-09-22 07:00:00+00:00,0.435,0.4350000000000001,0.4270733,0.9718023,0.018203635,0.00999405,GOOD,GOOD,
2024-09-22 08:00:00+00:00,0.435,0.4350000000000001,0.4494826,0.92745614,0.017816285,0.054727603,GOOD,GOOD,
2024-09-22 09:00:00+00:00,0.5,0.5000000000000001,0.46340173,0.9298981,0.04854996,0.021551965,GOOD,GOOD,
2024-09-22 10:00:00+00:00,0.43,0.43000000000000005,0.50707304,0.9526861,0.027901601,0.019412303,GOOD,GOOD,
2024-09-22 11:00:00+00:00,0.37,0.37000000000000005,0.4848222,0.88903093,0.076085225,0.03488383,GOOD,GOOD,
2024-09-22 12:00:00+00:00,0.405,0.4050000000000001,0.42686263,0.967337,0.019093413,0.013569572,GOOD,GOOD,
2024-09-22 13:00:00+00:00,0.395,0.3950000000000001,0.42115003,0.96922153,0.014610765,0.016167695,GOOD,GOOD,
2024-09-22 14:00:00+00:00,0.42000000000000004,0.4200000000000001,0.42384884,0.97169256,0.015375577,0.012931853,GOOD,GOOD,
2024-09-22 15:00:00+00:00,0.38,0.38000000000000006,0.4405931,0.9481773,0.028285513,0.02353722,GOOD,GOOD,
2024-09-22 16:00:00+00:00,0.42500000000000004,0.42500000000000016,0.42475322,0.9623481,0.02376898,0.013882885,GOOD,GOOD,
2024-09-22 17:00:00+00:00,0.41500000000000004,0.41500000000000015,0.43974116,0.97380936,0.013574733,0.012615899,GOOD,GOOD,
2024-09-22 18:00:00+00:00,0.33499999999999996,0.335,0.4460953,0.78685516,0.13639973,0.07674509,GOOD,GOOD,
2024-09-22 19:00:00+00:00,0.45999999999999996,0.4600000000000001,0.39716518,0.79314864,0.15047207,0.056379285,GOOD,GOOD,
2024-09-22 20:00:00+00:00,0.5,0.5000000000000001,0.4446023,0.85108453,0.1064997,0.042415764,GOOD,GOOD,
2024-09-22 21:00:00+00:00,0.515,0.515,0.50857973,0.9188817,0.039428424,0.04168984,GOOD,GOOD,
2024-09-22 22:00:00+00:00,0.38,0.38000000000000006,0.5420411,0.6943137,0.19888699,0.10679929,GOOD,GOOD,
2024-09-22 23:00:00+00:00,0.385,0.38500000000000006,0.4632584,0.93927526,0.030794531,0.029930178,GOOD,GOOD,
2024-09-23 00:00:00+00:00,0.42,0.42000000000000004,0.41770038,0.97514707,0.015891233,0.008961706,GOOD,GOOD,
2024-09-23 01:00:00+00:00,0.42500000000000004,0.42500000000000016,0.4306139,0.92145663,0.022830637,0.055712707,GOOD,GOOD,
2024-09-23 02:00:00+00:00,0.395,0.3950000000000001,0.4492758,0.97493744,0.013302891,0.011759671,GOOD,GOOD,
2024-09-23 03:00:00+00:00,0.38,0.38000000000000006,0.43727633,0.9234239,0.022889495,0.053686634,GOOD,GOOD,
2024-09-23 04:00:00+00:00,0.38,0.38000000000000006,0.41746143,0.82107997,0.026588358,0.15233168,GOOD,GOOD,
2024-09-23 05:00:00+00:00,0.395,0.3950000000000001,0.40912944,0.9383737,0.0221881,0.039438233,GOOD,GOOD,
2024-09-23 06:00:00+00:00,0.37,0.37000000000000005,0.41761115,0.9662168,0.018599043,0.015184182,GOOD,GOOD,
2024-09-23 07:00:00+00:00,0.365,0.3650000000000001,0.40861773,0.9056978,0.024126388,0.07017581,GOOD,GOOD,
2024-09-23 08:00:00+00:00,0.39,0.3900000000000001,0.39827615,0.96711856,0.017161023,0.015720414,GOOD,GOOD,
2024-09-23 09:00:00+00:00,0.4,0.40000000000000013,0.4097643,0.8927409,0.026029829,0.081229284,GOOD,GOOD,
2024-09-23 10:00:00+00:00,0.41,0.41000000000000003,0.42475438,0.8026309,0.036797352,0.16057175,GOOD,GOOD,
2024-09-23 11:00:00+00:00,0.41,0.41000000000000003,0.436764,0.73528326,0.03828144,0.2264353,GOOD,GOOD,
2024-09-23 12:00:00+00:00,0.41,0.41000000000000003,0.44064274,0.52871263,0.0397807,0.43150666,GOOD,GOOD,
2024-09-23 13:00:00+00:00,0.49,0.4900000000000001,0.4406099,0.88211834,0.08117116,0.036710512,GOOD,GOOD,
2024-09-23 14:00:00+00:00,0.45,0.7206846529896905,0.49010354,0.30030906,0.45111063,0.2485803,SUSPECT,SUSPECT,C_level_shift
2024-09-23 15:00:00+00:00,0.435,0.7056846529896905,0.669609,0.6607411,0.22630413,0.11295474,SUSPECT,GOOD,C_level_shift
2024-09-23 16:00:00+00:00,0.48,0.7506846529896904,0.74228626,0.85963774,0.09006227,0.05029999,SUSPECT,GOOD,C_level_shift
2024-09-23 17:00:00+00:00,0.495,0.7656846529896906,0.7747074,0.8734706,0.07730917,0.049220216,SUSPECT,GOOD,C_level_shift
2024-09-23 18:00:00+00:00,0.425,0.6956846529896906,0.790385,0.8949709,0.06788687,0.037142266,SUSPECT,GOOD,C_level_shift
2024-09-23 19:00:00+00:00,0.44,0.7106846529896904,0.7451966,0.91557187,0.050698083,0.03373004,SUSPECT,GOOD,C_level_shift
2024-09-23 20:00:00+00:00,0.425,0.6956846529896906,0.73268133,0.933367,0.039217725,0.02741527,SUSPECT,GOOD,C_level_shift
2024-09-23 21:00:00+00:00,0.395,0.6656846529896906,0.72409344,0.95023507,0.030661099,0.019103836,SUSPECT,GOOD,C_level_shift
2024-09-23 22:00:00+00:00,0.37,0.6406846529896905,0.7010858,0.93825954,0.03615599,0.02558449,SUSPECT,GOOD,C_level_shift
2024-09-23 23:00:00+00:00,0.35,0.6206846529896906,0.67451036,0.93027663,0.035086975,0.034636363,SUSPECT,GOOD,C_level_shift
2024-09-24 00:00:00+00:00,0.325,0.5956846529896905,0.65213203,0.9438313,0.033232372,0.022936277,SUSPECT,GOOD,C_level_shift
2024-09-24 01:00:00+00:00,0.355,0.6256846529896906,0.6290384,0.9606768,0.023640556,0.015682623,SUSPECT,GOOD,C_level_shift
2024-09-24 02:00:00+00:00,0.33,0.3300000000000001,0.6408193,0.20772755,0.29666063,0.49561182,GOOD,SUSPECT,
2024-09-24 03:00:00+00:00,0.345,0.34500000000000003,0.46447128,0.34978807,0.44123355,0.20897837,GOOD,SUSPECT,
2024-09-24 04:00:00+00:00,0.315,0.31500000000000006,0.37705085,0.9330305,0.03796065,0.029008862,GOOD,GOOD,
2024-09-24 05:00:00+00:00,0.33,0.3300000000000001,0.34480754,0.9549769,0.022349333,0.022673747,GOOD,GOOD,
2024-09-24 06:00:00+00:00,0.39,0.3900000000000001,0.34995326,0.91777813,0.060250185,0.021971695,GOOD,GOOD,
2024-09-24 07:00:00+00:00,0.455,0.45500000000000007,0.39442706,0.89899755,0.078106366,0.022896105,GOOD,GOOD,
2024-09-24 08:00:00+00:00,0.46499999999999997,0.465,0.45904326,0.96264684,0.020820323,0.016532864,GOOD,GOOD,
2024-09-24 09:00:00+00:00,0.435,0.42882841213802214,0.49274966,0.9679494,0.015576058,0.016474545,SUSPECT,GOOD,D_drift
2024-09-24 10:00:00+00:00,0.46499999999999997,0.4526568242760443,0.47624704,0.97611153,0.013019723,0.010868775,SUSPECT,GOOD,D_drift
2024-09-24 11:00:00+00:00,0.405,0.38648523641406646,0.47645,0.9337874,0.04116914,0.025043452,SUSPECT,GOOD,D_drift
2024-09-24 12:00:00+00:00,0.35,0.32531364855208844,0.4399684,0.9090991,0.061617263,0.029283613,SUSPECT,GOOD,D_drift
2024-09-24 13:00:00+00:00,0.33,0.2991420606901106,0.38174868,0.9459656,0.027372729,0.026661694,SUSPECT,GOOD,D_drift
2024-09-24 14:00:00+00:00,0.30000000000000004,0.26297047282813274,0.3399854,0.9386945,0.036176194,0.025129346,SUSPECT,GOOD,D_drift
2024-09-24 15:00:00+00:00,0.29500000000000004,0.25179888496615477,0.3055993,0.92772514,0.02883944,0.043435402,SUSPECT,GOOD,D_drift
2024-09-24 16:00:00+00:00,0.33999999999999997,0.2906272971041769,0.28598434,0.94431436,0.035283297,0.020402344,SUSPECT,GOOD,D_drift
2024-09-24 17:00:00+00:00,0.315,0.25945570924219896,0.3035627,0.9574237,0.024707718,0.017868625,SUSPECT,GOOD,D_drift
2024-09-24 18:00:00+00:00,0.3,0.23828412138022106,0.29981393,0.9271176,0.028233705,0.044648714,SUSPECT,GOOD,D_drift
2024-09-24 19:00:00+00:00,0.3,0.23211253351824318,0.28019005,0.8736902,0.027682735,0.09862706,SUSPECT,GOOD,D_drift
2024-09-24 20:00:00+00:00,0.28500000000000003,0.2109409456562653,0.26584852,0.95170915,0.020922365,0.027368458,SUSPECT,GOOD,D_drift
2024-09-24 21:00:00+00:00,0.31,0.22976935779428742,0.24932696,0.96418005,0.018505957,0.017314017,SUSPECT,GOOD,D_drift
2024-09-24 22:00:00+00:00,0.33499999999999996,0.2485977699323095,0.25273755,0.90151936,0.030594965,0.0678857,SUSPECT,GOOD,D_drift
2024-09-24 23:00:00+00:00,0.36,0.2674261820703317,0.26968744,0.90177345,0.030095484,0.068131045,SUSPECT,GOOD,D_drift
2024-09-25 00:00:00+00:00,0.37,0.2712545942083538,0.29011697,0.8771319,0.025755173,0.09711296,SUSPECT,GOOD,D_drift
2024-09-25 01:00:00+00:00,0.31,0.20508300634637583,0.30107456,0.81968826,0.120648526,0.05966323,SUSPECT,GOOD,D_drift
2024-09-25 02:00:00+00:00,0.31,0.19891141848439794,0.2646757,0.89630604,0.05068616,0.053007834,SUSPECT,GOOD,D_drift
2024-09-25 03:00:00+00:00,0.32999999999999996,0.21273983062242002,0.23625329,0.94597566,0.02569309,0.028331248,SUSPECT,GOOD,D_drift
2024-09-25 04:00:00+00:00,0.27,0.14656824276044217,0.2355121,0.76547605,0.15861927,0.07590467,SUSPECT,GOOD,D_drift
2024-09-25 05:00:00+00:00,0.265,0.13539665489846428,0.20311743,0.8469672,0.07495136,0.07808145,SUSPECT,GOOD,D_drift
2024-09-25 06:00:00+00:00,0.27,0.1342250670364864,0.17501353,0.75780845,0.047846578,0.194345,SUSPECT,GOOD,D_drift
2024-09-25 07:00:00+00:00,0.275,0.13305347917450852,0.16424114,0.66054213,0.048153065,0.29130477,SUSPECT,GOOD,D_drift
2024-09-25 08:00:00+00:00,0.265,0.11688189131253063,0.1627319,0.91856396,0.037743416,0.043692593,SUSPECT,GOOD,D_drift
2024-09-25 09:00:00+00:00,0.275,0.12071030345055274,0.15453304,0.9257393,0.030064143,0.0441966,SUSPECT,GOOD,D_drift
2024-09-25 10:00:00+00:00,0.32,0.15953871558857483,0.15122034,0.9181149,0.05005303,0.031832084,SUSPECT,GOOD,D_drift
2024-09-25 11:00:00+00:00,0.3,0.1333671277265969,0.17313376,0.93042374,0.04049672,0.02907954,SUSPECT,GOOD,D_drift
2024-09-25 12:00:00+00:00,0.325,0.15219553986461903,0.17362437,0.9572975,0.024242355,0.018460134,SUSPECT,GOOD,D_drift
2024-09-25 13:00:00+00:00,0.33499999999999996,0.1560239520026411,0.17855138,0.91757303,0.026500337,0.055926606,SUSPECT,GOOD,D_drift
2024-09-25 14:00:00+00:00,0.31,0.12485236414066327,0.18474202,0.94634163,0.030233996,0.023424346,SUSPECT,GOOD,D_drift
2024-09-25 15:00:00+00:00,0.33,0.13868077627868536,0.16986133,0.95745933,0.022987273,0.019553402,SUSPECT,GOOD,D_drift
2024-09-25 16:00:00+00:00,0.325,0.12750918841670747,0.16628635,0.9626806,0.018551143,0.01876825,SUSPECT,GOOD,D_drift
2024-09-25 17:00:00+00:00,0.29000000000000004,0.08633760055472962,0.16182415,0.9038646,0.057456497,0.03867889,SUSPECT,GOOD,D_drift
2024-09-25 18:00:00+00:00,0.3,0.09016601269275165,0.13616334,0.94369245,0.02802535,0.02828222,SUSPECT,GOOD,D_drift
2024-09-25 19:00:00+00:00,0.29500000000000004,0.07899442483077382,0.12206301,0.93083036,0.029556243,0.039613377,SUSPECT,GOOD,D_drift
2024-09-25 20:00:00+00:00,0.31,0.08782283696879592,0.113158986,0.9445715,0.026989881,0.02843865,SUSPECT,GOOD,D_drift
2024-09-25 21:00:00+00:00,0.32999999999999996,0.10165124910681798,0.11485523,0.9100762,0.033971157,0.055952627,SUSPECT,GOOD,D_drift
2024-09-25 22:00:00+00:00,0.36,0.12547966124484008,0.12568685,0.95207274,0.025550911,0.02237636,SUSPECT,GOOD,D_drift
2024-09-25 23:00:00+00:00,0.395,0.15430807338286223,0.14563455,0.93703985,0.035718594,0.027241552,SUSPECT,GOOD,D_drift
2024-09-26 00:00:00+00:00,0.35,0.10313648552088431,0.17254947,0.91233253,0.054840885,0.032826588,SUSPECT,GOOD,D_drift
2024-09-26 01:00:00+00:00,0.395,0.1419648976589065,0.15663749,0.94494194,0.03306679,0.021991253,SUSPECT,GOOD,D_drift
2024-09-26 02:00:00+00:00,0.37,0.11079330979692853,0.16130228,0.94977546,0.029747702,0.020476863,SUSPECT,GOOD,D_drift
2024-09-26 03:00:00+00:00,0.415,0.14962172193495057,0.1522482,0.943092,0.034676336,0.022231696,SUSPECT,GOOD,D_drift
2024-09-26 04:00:00+00:00,0.39,0.11845013407297278,0.166128,0.9531206,0.026878847,0.020000549,SUSPECT,GOOD,D_drift
2024-09-26 05:00:00+00:00,0.39,0.11227854621099488,0.16048118,0.9337262,0.023744104,0.042529687,SUSPECT,GOOD,D_drift
2024-09-26 06:00:00+00:00,0.39,0.10610695834901702,0.14909096,0.7193519,0.045323387,0.2353247,SUSPECT,GOOD,D_drift
2024-09-26 07:00:00+00:00,0.405,0.11493537048703913,0.1400541,0.9284983,0.026305437,0.045196228,SUSPECT,GOOD,D_drift
2024-09-26 08:00:00+00:00,0.375,0.07876378262506117,0.14177069,0.9086977,0.054548435,0.036753815,SUSPECT,GOOD,D_drift
2024-09-26 09:00:00+00:00,0.37,0.06759219476308331,0.12481235,0.9217647,0.038276967,0.03995836,SUSPECT,GOOD,D_drift
2024-09-26 10:00:00+00:00,0.375,0.0664206069011054,0.10631071,0.7704217,0.047521085,0.18205722,SUSPECT,GOOD,D_drift
2024-09-26 11:00:00+00:00,0.435,0.12024901903912749,0.09779118,0.91001564,0.059704825,0.03027954,SUSPECT,GOOD,D_drift
2024-09-26 12:00:00+00:00,0.41000000000000003,0.08907743117714968,0.1263708,0.9466788,0.03211373,0.021207474,SUSPECT,GOOD,D_drift
2024-09-26 13:00:00+00:00,0.435,0.10790584331517174,0.13029975,0.96683836,0.019340832,0.0138208335,SUSPECT,GOOD,D_drift
2024-09-26 14:00:00+00:00,0.46499999999999997,0.13173425545319378,0.13512582,0.9439196,0.029095232,0.026985157,SUSPECT,GOOD,D_drift
2024-09-26 15:00:00+00:00,0.475,0.13556266759121594,0.15190911,0.91807175,0.028738046,0.05319022,SUSPECT,GOOD,D_drift
2024-09-26 16:00:00+00:00,0.475,0.12939107972923802,0.1642112,0.88177705,0.029398758,0.08882421,SUSPECT,GOOD,D_drift
2024-09-26 17:00:00+00:00,0.485,0.13321949186726012,0.16453612,0.8916427,0.028295912,0.08006143,SUSPECT,GOOD,D_drift
2024-09-26 18:00:00+00:00,0.435,0.07704790400528228,0.16420144,0.8442848,0.10210229,0.05361294,SUSPECT,GOOD,D_drift
2024-09-26 19:00:00+00:00,0.435,0.07087631614330438,0.1328748,0.9316044,0.036263097,0.032132506,SUSPECT,GOOD,D_drift
2024-09-26 20:00:00+00:00,0.44,0.06970472828132651,0.10843021,0.75327855,0.047653254,0.19906817,SUSPECT,GOOD,D_drift
2024-09-26 21:00:00+00:00,0.42,0.04353314041934858,0.09968199,0.9157113,0.047955517,0.036333203,SUSPECT,GOOD,D_drift
2024-09-26 22:00:00+00:00,0.4,0.02,0.08486837,0.866241,0.06757851,0.06618051,SUSPECT,GOOD,D_drift
2024-09-26 23:00:00+00:00,0.41500000000000004,0.026189964695392864,0.0632844,0.92976534,0.032891568,0.037343096,SUSPECT,GOOD,D_drift
2024-09-27 00:00:00+00:00,0.355,0.02,0.05543516,0.8921167,0.037973,0.069910266,SUSPECT,GOOD,D_drift
2024-09-27 01:00:00+00:00,0.4,0.02,0.05222387,0.76436615,0.04745647,0.18817736,SUSPECT,GOOD,D_drift
2024-09-27 02:00:00+00:00,0.45,0.04267520110945917,0.051345874,0.9390974,0.030564338,0.030338274,SUSPECT,GOOD,D_drift
2024-09-27 03:00:00+00:00,0.4,0.02,0.063719794,0.9041765,0.0463734,0.049450133,SUSPECT,GOOD,D_drift
2024-09-27 04:00:00+00:00,0.395,0.02,0.060280807,0.9052969,0.03723537,0.057467684,SUSPECT,GOOD,D_drift
2024-09-27 05:00:00+00:00,0.405,0.02,0.054191858,0.4851789,0.054295853,0.46052527,SUSPECT,GOOD,D_drift
2024-09-27 06:00:00+00:00,0.41500000000000004,0.02,0.051458325,0.47550726,0.055897634,0.46859512,SUSPECT,GOOD,D_drift
2024-09-27 07:00:00+00:00,0.39,0.02,0.05113172,0.45984274,0.057471838,0.48268542,SUSPECT,GOOD,D_drift
2024-09-27 08:00:00+00:00,0.375,0.02,0.051422235,0.45176238,0.056754723,0.4914829,SUSPECT,GOOD,D_drift
2024-09-27 09:00:00+00:00,0.38,0.38000000000000006,0.051588267,0.28375518,0.31613111,0.4001137,GOOD,SUSPECT,
2024-09-27 10:00:00+00:00,0.365,0.3650000000000001,0.25829968,0.44876963,0.33966583,0.21156453,GOOD,GOOD,
2024-09-27 11:00:00+00:00,0.36,0.36000000000000004,0.38875625,0.85088193,0.08338998,0.0657281,GOOD,GOOD,
2024-09-27 12:00:00+00:00,0.375,0.3750000000000001,0.41020057,0.9081929,0.055441838,0.036365304,GOOD,GOOD,
2024-09-27 13:00:00+00:00,0.37,0.37000000000000005,0.40803683,0.922029,0.045458455,0.03251254,GOOD,GOOD,
2024-09-27 14:00:00+00:00,0.395,0.3950000000000001,0.40233198,0.8981556,0.057806414,0.04403797,GOOD,GOOD,
2024-09-27 15:00:00+00:00,0.375,0.3750000000000001,0.4153444,0.91400635,0.050970584,0.03502304,GOOD,GOOD,
2024-09-27 16:00:00+00:00,0.36,0.36000000000000004,0.41152057,0.9093639,0.046638478,0.043997604,GOOD,GOOD,
2024-09-27 17:00:00+00:00,0.32999999999999996,0.33000000000000007,0.39688078,0.9343606,0.040587865,0.02505148,GOOD,GOOD,
2024-09-27 18:00:00+00:00,0.41500000000000004,0.41500000000000015,0.371194,0.6491848,0.21705681,0.13375837,GOOD,GOOD,
2024-09-27 19:00:00+00:00,0.37,0.37000000000000005,0.41116726,0.7260109,0.16753034,0.10645878,GOOD,GOOD,
2024-09-27 20:00:00+00:00,0.365,0.3650000000000001,0.4123039,0.9050063,0.058667008,0.036326703,GOOD,GOOD,
2024-09-27 21:00:00+00:00,0.35,0.35000000000000003,0.40034822,0.9592297,0.016680967,0.02408934,GOOD,GOOD,
2024-09-27 22:00:00+00:00,0.335,0.3350000000000001,0.38518557,0.85410297,0.028386563,0.11751044,GOOD,GOOD,
2024-09-27 23:00:00+00:00,0.355,0.35500000000000004,0.3700819,0.97599417,0.013865116,0.010140703,GOOD,GOOD,
2024-09-28 00:00:00+00:00,0.33499999999999996,0.335,0.37649697,0.97044355,0.015154331,0.014402126,GOOD,GOOD,
2024-09-28 01:00:00+00:00,0.32,0.32000000000000006,0.37138468,0.908687,0.02812256,0.06319045,GOOD,GOOD,
2024-09-28 02:00:00+00:00,0.355,0.35500000000000004,0.35751984,0.95829093,0.025083872,0.016625192,GOOD,GOOD,
2024-09-28 03:00:00+00:00,0.32,0.32000000000000006,0.37174883,0.93857646,0.034518536,0.026905024,GOOD,GOOD,
2024-09-28 04:00:00+00:00,0.32,0.32000000000000006,0.3622756,0.95022625,0.02165891,0.028114816,GOOD,GOOD,
2024-09-28 05:00:00+00:00,0.315,0.31500000000000006,0.35296288,0.8268682,0.037550665,0.13558114,GOOD,GOOD,
2024-09-28 06:00:00+00:00,0.31,0.31000000000000005,0.34699342,0.7404969,0.04171442,0.21778868,GOOD,GOOD,
2024-09-28 07:00:00+00:00,0.315,0.31500000000000006,0.34230784,0.8987485,0.028586248,0.07266525,GOOD,GOOD,
2024-09-28 08:00:00+00:00,0.33499999999999996,0.335,0.34358695,0.9575638,0.021862453,0.020573711,GOOD,GOOD,
2024-09-28 09:00:00+00:00,0.33999999999999997,0.3400000000000001,0.35728735,0.9261277,0.023204895,0.050667435,GOOD,GOOD,
2024-09-28 10:00:00+00:00,0.305,0.3050000000000001,0.3680964,0.91106176,0.04597836,0.042959873,GOOD,GOOD,
2024-09-28 11:00:00+00:00,0.305,0.3050000000000001,0.3503191,0.9041391,0.03682919,0.059031725,GOOD,GOOD,
2024-09-28 12:00:00+00:00,0.29000000000000004,0.2900000000000001,0.3375159,0.9257061,0.031337377,0.042956512,GOOD,GOOD,
2024-09-28 13:00:00+00:00,0.28500000000000003,0.2850000000000001,0.32528436,0.84733075,0.04211357,0.110555686,GOOD,GOOD,
2024-09-28 14:00:00+00:00,0.315,0.31500000000000006,0.3173532,0.939685,0.027779933,0.03253507,GOOD,GOOD,
2024-09-28 15:00:00+00:00,0.35,0.35000000000000003,0.3328884,0.95245785,0.029931083,0.017611094,GOOD,GOOD,
2024-09-28 16:00:00+00:00,0.35,0.35000000000000003,0.36500376,0.9698457,0.015545705,0.014608567,GOOD,GOOD,
2024-09-28 17:00:00+00:00,0.31,0.31000000000000005,0.38039005,0.9592944,0.023623914,0.017081723,GOOD,GOOD,
2024-09-28 18:00:00+00:00,0.33499999999999996,0.5995036862400854,0.35836256,0.28414536,0.41529387,0.3005608,SUSPECT,SUSPECT,C_level_shift
2024-09-28 19:00:00+00:00,0.36,0.6245036862400855,0.52357805,0.36014628,0.43020156,0.20965217,SUSPECT,SUSPECT,C_level_shift
2024-09-28 20:00:00+00:00,0.365,0.6295036862400855,0.64032364,0.7472783,0.14452101,0.108200714,SUSPECT,GOOD,C_level_shift
2024-09-28 21:00:00+00:00,0.36,0.6245036862400855,0.6683489,0.7565427,0.12447129,0.118986055,SUSPECT,GOOD,C_level_shift
2024-09-28 22:00:00+00:00,0.29000000000000004,0.5545036862400855,0.6600905,0.8615945,0.085793935,0.05261155,SUSPECT,GOOD,C_level_shift
2024-09-28 23:00:00+00:00,0.28,0.5445036862400856,0.6070686,0.93263125,0.04223256,0.025136199,SUSPECT,GOOD,C_level_shift
2024-09-29 00:00:00+00:00,0.31,0.5745036862400854,0.5760061,0.87863266,0.0700237,0.051343616,SUSPECT,GOOD,C_level_shift
2024-09-29 01:00:00+00:00,0.28500000000000003,0.5495036862400855,0.5890746,0.9228599,0.046153754,0.030986369,SUSPECT,GOOD,C_level_shift
2024-09-29 02:00:00+00:00,0.31,0.5745036862400854,0.5843075,0.93052995,0.042279143,0.027190879,SUSPECT,GOOD,C_level_shift
2024-09-29 03:00:00+00:00,0.365,0.6295036862400855,0.5947285,0.9126799,0.05815474,0.029165361,SUSPECT,GOOD,C_level_shift
2024-09-29 04:00:00+00:00,0.375,0.6395036862400856,0.63720024,0.9370959,0.0394641,0.023440026,SUSPECT,GOOD,C_level_shift
2024-09-29 05:00:00+00:00,0.28500000000000003,0.5495036862400855,0.6633017,0.8685386,0.09013725,0.041324135,SUSPECT,GOOD,C_level_shift
2024-09-29 06:00:00+00:00,0.26,0.26000000000000006,0.6096909,0.12937325,0.34339684,0.5272299,GOOD,SUSPECT,
2024-09-29 07:00:00+00:00,0.355,0.35500000000000004,0.40065345,0.77270484,0.15339643,0.07389876,GOOD,GOOD,
2024-09-29 08:00:00+00:00,0.32499999999999996,0.325,0.35247,0.96490973,0.022352772,0.012737472,GOOD,GOOD,
2024-09-29 09:00:00+00:00,0.325,0.32500000000000007,0.3498123,0.9393307,0.017631529,0.043037746,GOOD,GOOD,
2024-09-29 10:00:00+00:00,0.355,0.35500000000000004,0.35392594,0.96241045,0.023242986,0.014346537,GOOD,GOOD,
2024-09-29 11:00:00+00:00,0.42000000000000004,0.4200000000000001,0.37365907,0.9221427,0.058919,0.018938323,GOOD,GOOD,
2024-09-29 12:00:00+00:00,0.46499999999999997,0.465,0.42418647,0.93309826,0.049578544,0.017323213,GOOD,GOOD,
2024-09-29 13:00:00+00:00,0.415,0.4150000000000001,0.47761002,0.96130574,0.02176635,0.016927939,GOOD,GOOD,
2024-09-29 14:00:00+00:00,0.495,0.4950000000000001,0.46618727,0.9336194,0.047645967,0.018734641,GOOD,GOOD,
2024-09-29 15:00:00+00:00,0.635,0.6350000000000001,0.4997147,0.65147036,0.27550542,0.07302423,GOOD,GOOD,
2024-09-29 16:00:00+00:00,0.735,0.7350000000000001,0.6132032,0.5556539,0.35220486,0.09214122,GOOD,GOOD,
2024-09-29 17:00:00+00:00,0.71,0.7100000000000001,0.73356116,0.9641963,0.019560294,0.01624337,GOOD,GOOD,
2024-09-29 18:00:00+00:00,0.565,0.5650000000000001,0.75357294,0.7848778,0.15376444,0.06135779,GOOD,GOOD,
2024-09-29 19:00:00+00:00,0.6399999999999999,0.64,0.6468597,0.957171,0.02857884,0.01425011,GOOD,GOOD,
2024-09-29 20:00:00+00:00,0.62,0.62,0.64322776,0.9730576,0.016297694,0.010644686,GOOD,GOOD,
2024-09-29 21:00:00+00:00,0.585,0.5850000000000001,0.64739144,0.9610248,0.023363497,0.015611675,GOOD,GOOD,
2024-09-29 22:00:00+00:00,0.52,0.52,0.6251168,0.9246965,0.054541085,0.020762412,GOOD,GOOD,
2024-09-29 23:00:00+00:00,0.475,0.4750000000000001,0.57077163,0.9171372,0.055480517,0.027382301,GOOD,GOOD,
2024-09-30 00:00:00+00:00,0.545,0.545,0.51828104,0.9416876,0.042736635,0.01557578,GOOD,GOOD,
2024-09-30 01:00:00+00:00,0.47,0.47000000000000003,0.5447358,0.9524762,0.031813122,0.015710665,GOOD,GOOD,
2024-09-30 02:00:00+00:00,0.5,0.5000000000000001,0.5207249,0.97493947,0.014346519,0.0107140085,GOOD,GOOD,
2024-09-30 03:00:00+00:00,0.53,0.53,0.5204286,0.9383947,0.029387906,0.03221738,GOOD,GOOD,
2024-09-30 04:00:00+00:00,0.66,0.6600000000000001,0.5449195,0.77930456,0.17712724,0.043568205,GOOD,GOOD,
2024-09-30 05:00:00+00:00,0.6,0.6,0.6427638,0.9659832,0.019032758,0.014984031,GOOD,GOOD,
2024-09-30 06:00:00+00:00,0.585,0.5850000000000001,0.6489313,0.92574817,0.018740611,0.055511232,GOOD,GOOD,
2024-09-30 07:00:00+00:00,0.475,0.4750000000000001,0.62435573,0.86006296,0.10258561,0.037351407,GOOD,GOOD,
2024-09-30 08:00:00+00:00,0.505,0.505,0.54219884,0.97852653,0.012744664,0.008728795,GOOD,GOOD,
2024-09-30 09:00:00+00:00,0.485,0.4850000000000001,0.52316105,0.9724559,0.01412957,0.013414517,GOOD,GOOD,
2024-09-30 10:00:00+00:00,0.49,0.4900000000000001,0.5159031,0.86843294,0.025976764,0.10559031,GOOD,GOOD,
2024-09-30 11:00:00+00:00,0.45999999999999996,0.4600000000000001,0.51715404,0.9618838,0.019906694,0.018209547,GOOD,GOOD,
2024-09-30 12:00:00+00:00,0.55,0.55,0.49980932,0.9173441,0.06370973,0.018946148,GOOD,GOOD,
2024-09-30 13:00:00+00:00,0.505,0.505,0.54692304,0.9732779,0.015583508,0.011138567,GOOD,GOOD,
2024-09-30 14:00:00+00:00,0.405,0.4050000000000001,0.5472422,0.8152128,0.13550404,0.04928317,GOOD,GOOD,
2024-09-30 15:00:00+00:00,0.48,0.48000000000000004,0.4749548,0.93417406,0.04362023,0.022205701,GOOD,GOOD,
2024-09-30 16:00:00+00:00,0.46,0.46000000000000013,0.48297948,0.9739369,0.013370807,0.012692253,GOOD,GOOD,
2024-09-30 17:00:00+00:00,0.48,0.48000000000000004,0.49014184,0.96545076,0.015708083,0.018841172,GOOD,GOOD,
2024-09-30 18:00:00+00:00,0.44,0.4400000000000001,0.50335765,0.9648945,0.01793469,0.017170861,GOOD,GOOD,
2024-09-30 19:00:00+00:00,0.355,0.35500000000000004,0.48419452,0.7920765,0.1465697,0.06135378,GOOD,GOOD,
2024-09-30 20:00:00+00:00,0.37,0.37000000000000005,0.41877943,0.9639621,0.019355299,0.016682614,GOOD,GOOD,
2024-09-30 21:00:00+00:00,0.44499999999999995,0.445,0.39504114,0.9092592,0.06688442,0.023856392,GOOD,GOOD,
2024-09-30 22:00:00+00:00,0.5,0.5000000000000001,0.44126022,0.856612,0.10719222,0.03619574,GOOD,GOOD,
2024-09-30 23:00:00+00:00,0.53,0.53,0.5063113,0.9375767,0.038663156,0.023760108,GOOD,GOOD,
2024-10-01 00:00:00+00:00,0.57,0.57,0.55096316,0.9484877,0.03370365,0.017808676,GOOD,GOOD,
2024-10-01 01:00:00+00:00,0.5549999999999999,0.5549999999999999,0.5883733,0.9724302,0.013435687,0.014134076,GOOD,GOOD,
2024-10-01 02:00:00+00:00,0.505,0.505,0.59080786,0.9607835,0.023801701,0.015414801,GOOD,GOOD,
2024-10-01 03:00:00+00:00,0.505,0.505,0.5536143,0.9310265,0.017180016,0.05179344,GOOD,GOOD,
2024-10-01 04:00:00+00:00,0.585,0.5850000000000001,0.53439516,0.9274829,0.05343799,0.019079115,GOOD,GOOD,
2024-10-01 05:00:00+00:00,0.575,0.575,0.5830707,0.96684,0.017692368,0.015467632,GOOD,GOOD,
2024-10-01 06:00:00+00:00,0.605,0.605,0.6051689,0.96414286,0.021194272,0.01466285,GOOD,GOOD,
2024-10-01 07:00:00+00:00,0.475,0.4750000000000001,0.62611467,0.76791596,0.16450003,0.06758404,GOOD,GOOD,
2024-10-01 08:00:00+00:00,0.46499999999999997,0.465,0.54956305,0.9120956,0.04845299,0.039451398,GOOD,GOOD,
2024-10-01 09:00:00+00:00,0.46499999999999997,0.465,0.5000975,0.7362053,0.037978657,0.22581607,GOOD,GOOD,
2024-10-01 10:00:00+00:00,0.525,0.525,0.4886884,0.9403026,0.044046905,0.01565049,GOOD,GOOD,
2024-10-01 11:00:00+00:00,0.545,0.545,0.52899605,0.9578053,0.026069576,0.01612515,GOOD,GOOD,
2024-10-01 12:00:00+00:00,0.525,0.525,0.5650549,0.97483796,0.011461818,0.013700205,GOOD,GOOD,
2024-10-01 13:00:00+00:00,0.49,0.4900000000000001,0.56291384,0.9648401,0.017339299,0.017820561,GOOD,GOOD,
2024-10-01 14:00:00+00:00,0.41500000000000004,0.41500000000000015,0.5332809,0.8859238,0.080435395,0.033640802,GOOD,GOOD,
2024-10-01 15:00:00+00:00,0.485,0.4850000000000001,0.4718572,0.9346851,0.044978827,0.020336062,GOOD,GOOD,
2024-10-01 16:00:00+00:00,0.51,0.51,0.48777476,0.9625221,0.025422085,0.012055799,GOOD,GOOD,
2024-10-01 17:00:00+00:00,0.51,0.51,0.5248359,0.91025466,0.018850595,0.07089477,GOOD,GOOD,
2024-10-01 18:00:00+00:00,0.555,0.555,0.54030144,0.9634195,0.023681505,0.01289901,GOOD,GOOD,
2024-10-01 19:00:00+00:00,0.5449999999999999,0.5449999999999999,0.5702031,0.9725096,0.013806696,0.013683675,GOOD,GOOD,
2024-10-01 20:00:00+00:00,0.515,0.515,0.57731843,0.97416514,0.013456554,0.012378284,GOOD,GOOD,
2024-10-01 21:00:00+00:00,0.515,0.515,0.55625314,0.9453445,0.0150486175,0.03960689,GOOD,GOOD,
2024-10-01 22:00:00+00:00,0.54,0.5400000000000001,0.54439306,0.9724969,0.015678648,0.011824426,GOOD,GOOD,
2024-10-01 23:00:00+00:00,0.54,0.5400000000000001,0.5584122,0.9095872,0.021551667,0.068861134,GOOD,GOOD,
2024-10-02 00:00:00+00:00,0.49,0.4900000000000001,0.5677454,0.94206744,0.03249628,0.025436249,GOOD,GOOD,
2024-10-02 01:00:00+00:00,0.485,0.4850000000000001,0.53760695,0.9577423,0.018396987,0.023860732,GOOD,GOOD,
2024-10-02 02:00:00+00:00,0.44,0.4400000000000001,0.516822,0.9212748,0.04845643,0.030268766,GOOD,GOOD,
2024-10-02 03:00:00+00:00,0.435,0.4350000000000001,0.4835271,0.94837344,0.023067642,0.028558895,GOOD,GOOD,
2024-10-02 04:00:00+00:00,0.445,0.44500000000000006,0.46571413,0.93648195,0.022440543,0.041077476,GOOD,GOOD,
2024-10-02 05:00:00+00:00,0.51,0.51,0.468445,0.9364227,0.04728818,0.016289147,GOOD,GOOD,
2024-10-02 06:00:00+00:00,0.52,0.52,0.5139256,0.96906775,0.01721918,0.013713092,GOOD,GOOD,
2024-10-02 07:00:00+00:00,0.515,0.515,0.54447025,0.90757036,0.017653152,0.07477649,GOOD,GOOD,
2024-10-02 08:00:00+00:00,0.46,0.46000000000000013,0.54841506,0.9389704,0.036471244,0.024558367,GOOD,GOOD,
2024-10-02 09:00:00+00:00,0.485,0.4850000000000001,0.5106127,0.97239494,0.015367726,0.012237345,GOOD,GOOD,
2024-10-02 10:00:00+00:00,0.5,0.5000000000000001,0.5058737,0.9338994,0.022829017,0.043271556,GOOD,GOOD,
2024-10-02 11:00:00+00:00,0.49,0.4900000000000001,0.52068156,0.96219283,0.014182499,0.023624687,GOOD,GOOD,
2024-10-02 12:00:00+00:00,0.435,0.4350000000000001,0.5225297,0.9023694,0.06008586,0.03754479,GOOD,GOOD,
2024-10-02 13:00:00+00:00,0.435,0.4350000000000001,0.48576814,0.95074266,0.021991465,0.027265884,GOOD,GOOD,
2024-10-02 14:00:00+00:00,0.4,0.40000000000000013,0.46549466,0.93382776,0.03760308,0.02856913,GOOD,GOOD,
2024-10-02 15:00:00+00:00,0.365,0.3650000000000001,0.4401942,0.90510195,0.05324151,0.04165653,GOOD,GOOD,
2024-10-02 16:00:00+00:00,0.375,0.3750000000000001,0.4079168,0.9556417,0.021513425,0.0228449,GOOD,GOOD,
2024-10-02 17:00:00+00:00,0.41,0.41000000000000003,0.4003436,0.95464414,0.02879182,0.016564058,GOOD,GOOD,
2024-10-02 18:00:00+00:00,0.455,0.45500000000000007,0.42390355,0.9454483,0.03828133,0.016270375,GOOD,GOOD,
2024-10-02 19:00:00+00:00,0.475,0.4750000000000001,0.46642962,0.9641711,0.019940158,0.01588875,GOOD,GOOD,
2024-10-02 20:00:00+00:00,0.41,0.41000000000000003,0.4978046,0.9277115,0.04468921,0.027599312,GOOD,GOOD,
2024-10-02 21:00:00+00:00,0.425,0.4250000000000001,0.4661274,0.97521174,0.013075817,0.01171242,GOOD,GOOD,
2024-10-02 22:00:00+00:00,0.43,0.43000000000000005,0.45224774,0.86958575,0.023595912,0.10681836,GOOD,GOOD,
2024-10-02 23:00:00+00:00,0.42000000000000004,0.4200000000000001,0.4550679,0.93285984,0.017421063,0.049719077,GOOD,GOOD,
2024-10-03 00:00:00+00:00,0.345,0.34500000000000003,0.45270783,0.82839394,0.11653866,0.05506744,GOOD,GOOD,
2024-10-03 01:00:00+00:00,0.35,0.35000000000000003,0.40441862,0.9591914,0.019618379,0.021190243,GOOD,GOOD,
2024-10-03 02:00:00+00:00,0.345,0.34500000000000003,0.38019267,0.88870144,0.029018719,0.08227987,GOOD,GOOD,
2024-10-03 03:00:00+00:00,0.32,0.32000000000000006,0.3735466,0.9494274,0.02760826,0.022964325,GOOD,GOOD,
2024-10-03 04:00:00+00:00,0.33,0.3300000000000001,0.35876614,0.96204203,0.01867921,0.019278781,GOOD,GOOD,
2024-10-03 05:00:00+00:00,0.345,0.34500000000000003,0.35678354,0.92420363,0.025630403,0.050165977,GOOD,GOOD,
2024-10-03 06:00:00+00:00,0.38,0.38000000000000006,0.3678898,0.96216905,0.024204474,0.013626471,GOOD,GOOD,
2024-10-03 07:00:00+00:00,0.39,0.3900000000000001,0.3958882,0.9635419,0.016517347,0.019940732,GOOD,GOOD,
2024-10-03 08:00:00+00:00,0.36,0.36000000000000004,0.41600636,0.970026,0.015692178,0.014281826,GOOD,GOOD,
2024-10-03 09:00:00+00:00,0.32999999999999996,0.33000000000000007,0.40337,0.9041858,0.039834905,0.055979293,GOOD,GOOD,
2024-10-03 10:00:00+00:00,0.32,0.32000000000000006,0.37414712,0.9632844,0.015863461,0.020852195,GOOD,GOOD,
2024-10-03 11:00:00+00:00,0.33,0.3300000000000001,0.3543031,0.9688785,0.013973445,0.01714807,GOOD,GOOD,
2024-10-03 12:00:00+00:00,0.32499999999999996,0.325,0.35480195,0.93855757,0.018757358,0.042685058,GOOD,GOOD,
2024-10-03 13:00:00+00:00,0.295,0.29500000000000004,0.3558692,0.947801,0.027482929,0.02471606,GOOD,GOOD,
2024-10-03 14:00:00+00:00,0.29000000000000004,0.2900000000000001,0.3378336,0.9528794,0.020315168,0.02680538,GOOD,GOOD,
2024-10-03 15:00:00+00:00,0.225,0.225,0.32370538,0.76529944,0.15980427,0.07489626,GOOD,GOOD,
2024-10-03 16:00:00+00:00,0.265,0.26500000000000007,0.28117415,0.91027415,0.054308083,0.035417784,GOOD,GOOD,
2024-10-03 17:00:00+00:00,0.275,0.2750000000000001,0.2810102,0.9575959,0.021286825,0.021117283,GOOD,GOOD,
2024-10-03 18:00:00+00:00,0.33999999999999997,0.3400000000000001,0.2968829,0.8968289,0.07463427,0.028536825,GOOD,GOOD,
2024-10-03 19:00:00+00:00,0.315,0.31500000000000006,0.3442895,0.9614177,0.02157237,0.017009925,GOOD,GOOD,
2024-10-03 20:00:00+00:00,0.32,0.32000000000000006,0.35444796,0.9631011,0.013970512,0.022928402,GOOD,GOOD,
2024-10-03 21:00:00+00:00,0.3,0.30000000000000004,0.35276678,0.9695746,0.015709389,0.014716014,GOOD,GOOD,
2024-10-03 22:00:00+00:00,0.305,0.3050000000000001,0.33883002,0.95941436,0.015433229,0.025152413,GOOD,GOOD,
2024-10-03 23:00:00+00:00,0.35,0.35000000000000003,0.3340907,0.9490182,0.03276986,0.018211951,GOOD,GOOD,
2024-10-04 00:00:00+00:00,0.31,0.31000000000000005,0.3615422,0.9596405,0.02386884,0.016490627,GOOD,GOOD,
2024-10-04 01:00:00+00:00,0.28500000000000003,0.2850000000000001,0.35463464,0.9638179,0.019336848,0.016845236,GOOD,GOOD,
2024-10-04 02:00:00+00:00,0.315,0.31500000000000006,0.32898968,0.9672649,0.019101446,0.013633653,GOOD,GOOD,
2024-10-04 03:00:00+00:00,0.24,0.24,0.33370355,0.7802168,0.14531474,0.07446841,GOOD,GOOD,
2024-10-04 04:00:00+00:00,0.28,0.28000000000000014,0.29799944,0.933068,0.04149946,0.025432572,GOOD,GOOD,
2024-10-04 05:00:00+00:00,0.27,0.2700000000000001,0.29770058,0.96617776,0.018186199,0.015636029,GOOD,GOOD,
2024-10-04 06:00:00+00:00,0.29500000000000004,0.2950000000000001,0.30043936,0.96377844,0.020270491,0.01595107,GOOD,GOOD,
2024-10-04 07:00:00+00:00,0.3,0.30000000000000004,0.31591052,0.9339509,0.020745745,0.045303367,GOOD,GOOD,
2024-10-04 08:00:00+00:00,0.27,0.2700000000000001,0.32780263,0.9426737,0.029319856,0.02800645,GOOD,GOOD,
2024-10-04 09:00:00+00:00,0.275,0.2750000000000001,0.31364045,0.95527315,0.019688535,0.025038332,GOOD,GOOD,
2024-10-04 10:00:00+00:00,0.31000000000000005,0.3100000000000001,0.30556422,0.9650009,0.02181398,0.0131851025,GOOD,GOOD,
2024-10-04 11:00:00+00:00,0.33,0.3300000000000001,0.3252033,0.94907784,0.026166571,0.024755588,GOOD,GOOD,
2024-10-04 12:00:00+00:00,0.29,0.29000000000000004,0.35084584,0.9692189,0.017476719,0.013304399,GOOD,GOOD,
2024-10-04 13:00:00+00:00,0.32,0.32000000000000006,0.33744186,0.9656202,0.019917624,0.014462178,GOOD,GOOD,
2024-10-04 14:00:00+00:00,0.28,0.28000000000000014,0.34178475,0.9643184,0.020750137,0.014931448,GOOD,GOOD,
2024-10-04 15:00:00+00:00,0.26,0.26000000000000006,0.32446113,0.94440717,0.027200922,0.028391913,GOOD,GOOD,
2024-10-04 16:00:00+00:00,0.355,0.35500000000000004,0.3006749,0.82030153,0.12729649,0.05240195,GOOD,GOOD,
2024-10-04 17:00:00+00:00,0.325,0.32500000000000007,0.3469936,0.95658624,0.025641186,0.017772542,GOOD,GOOD,
2024-10-04 18:00:00+00:00,0.36,0.36000000000000004,0.362435,0.951021,0.029103328,0.019875644,GOOD,GOOD,
2024-10-04 19:00:00+00:00,0.395,0.3950000000000001,0.38112202,0.9267353,0.043439265,0.029825421,GOOD,GOOD,
2024-10-04 20:00:00+00:00,0.30000000000000004,0.3000000000000001,0.41142315,0.87149256,0.08466918,0.04383827,GOOD,GOOD,
2024-10-04 21:00:00+00:00,0.275,0.2750000000000001,0.36760336,0.9359078,0.038618717,0.025473481,GOOD,GOOD,
2024-10-04 22:00:00+00:00,0.275,0.2750000000000001,0.32070953,0.8804125,0.024395246,0.09519223,GOOD,GOOD,
2024-10-04 23:00:00+00:00,0.265,0.26500000000000007,0.3031999,0.90195936,0.024932677,0.07310795,GOOD,GOOD,
2024-10-05 00:00:00+00:00,0.28,0.28000000000000014,0.29641783,0.95980614,0.018232722,0.021961153,GOOD,GOOD,
2024-10-05 01:00:00+00:00,0.255,0.255,0.30388692,0.96131605,0.020066379,0.018617554,GOOD,GOOD,
2024-10-05 02:00:00+00:00,0.28500000000000003,0.2850000000000001,0.29488367,0.9646992,0.02053896,0.0147618065,GOOD,GOOD,
2024-10-05 03:00:00+00:00,0.29000000000000004,0.2900000000000001,0.30496386,0.92327505,0.024929348,0.051795606,GOOD,GOOD,
2024-10-05 04:00:00+00:00,0.26,0.26000000000000006,0.31668794,0.94249785,0.030502545,0.026999583,GOOD,GOOD,
2024-10-05 05:00:00+00:00,0.28,0.28000000000000014,0.30346993,0.9605873,0.02015171,0.019260965,GOOD,GOOD,
2024-10-05 06:00:00+00:00,0.28500000000000003,0.2850000000000001,0.30463156,0.8622199,0.029890627,0.10788943,GOOD,GOOD,
2024-10-05 07:00:00+00:00,0.33499999999999996,0.335,0.31193796,0.92154527,0.050924752,0.027530001,GOOD,GOOD,
2024-10-05 08:00:00+00:00,0.3,0.30000000000000004,0.34567297,0.9683304,0.018169448,0.013500164,GOOD,GOOD,
2024-10-05 09:00:00+00:00,0.29000000000000004,0.2900000000000001,0.34349072,0.9349961,0.018240415,0.046763465,GOOD,GOOD,
2024-10-05 10:00:00+00:00,0.33499999999999996,0.335,0.32839978,0.9429731,0.035466176,0.021560758,GOOD,GOOD,
2024-10-05 11:00:00+00:00,0.345,0.34500000000000003,0.34765828,0.9524859,0.024838977,0.022675136,GOOD,GOOD,
2024-10-05 12:00:00+00:00,0.41500000000000004,0.41500000000000015,0.3689152,0.8770934,0.0831601,0.039746527,GOOD,GOOD,
2024-10-05 13:00:00+00:00,0.32,0.32000000000000006,0.4194926,0.86344546,0.08899738,0.047557157,GOOD,GOOD,
2024-10-05 14:00:00+00:00,0.315,0.31500000000000006,0.38659555,0.95737845,0.02101725,0.021604326,GOOD,GOOD,
2024-10-05 15:00:00+00:00,0.30500000000000005,0.30500000000000016,0.35364476,0.84036106,0.0304316,0.12920733,GOOD,GOOD,
2024-10-05 16:00:00+00:00,0.27,0.2700000000000001,0.33681124,0.963279,0.022874298,0.013846701,GOOD,GOOD,
2024-10-05 17:00:00+00:00,0.33999999999999997,0.3400000000000001,0.312599,0.8993609,0.06823432,0.032404795,GOOD,GOOD,
2024-10-05 18:00:00+00:00,0.32,0.32000000000000006,0.3425817,0.9671542,0.01848998,0.014355792,GOOD,GOOD,
2024-10-05 19:00:00+00:00,0.36,0.36000000000000004,0.35414493,0.9435851,0.0343605,0.022054384,GOOD,GOOD,
2024-10-05 20:00:00+00:00,0.38,0.38000000000000006,0.37742233,0.94478685,0.031756956,0.023456192,GOOD,GOOD,
2024-10-05 21:00:00+00:00,0.295,0.29500000000000004,0.40174204,0.89560217,0.07010683,0.034291003,GOOD,GOOD,
2024-10-05 22:00:00+00:00,0.33499999999999996,0.335,0.35963959,0.955497,0.026990904,0.017512063,GOOD,GOOD,
2024-10-05 23:00:00+00:00,0.35,0.35000000000000003,0.3538523,0.9566944,0.020708635,0.022596925,GOOD,GOOD,
2024-10-06 00:00:00+00:00,0.355,0.35500000000000004,0.36991963,0.864051,0.029080406,0.10686861,GOOD,GOOD,
2024-10-06 01:00:00+00:00,0.345,0.34500000000000003,0.38272244,0.9039208,0.0219403,0.074138865,GOOD,GOOD,
2024-10-06 02:00:00+00:00,0.28500000000000003,0.2850000000000001,0.38033864,0.8964743,0.065865606,0.037660103,GOOD,GOOD,
2024-10-06 03:00:00+00:00,0.32,0.32000000000000006,0.3404382,0.9640443,0.021300731,0.014655018,GOOD,GOOD,
2024-10-06 04:00:00+00:00,0.275,0.2750000000000001,0.3382845,0.9313647,0.042748496,0.025886768,GOOD,GOOD,
2024-10-06 05:00:00+00:00,0.295,0.29500000000000004,0.3194779,0.9633373,0.019676892,0.016985798,GOOD,GOOD,
2024-10-06 06:00:00+00:00,0.3,0.30000000000000004,0.3192123,0.8494308,0.032974724,0.11759447,GOOD,GOOD,
2024-10-06 07:00:00+00:00,0.33499999999999996,0.335,0.3264795,0.9642802,0.02268807,0.013031767,GOOD,GOOD,
2024-10-06 08:00:00+00:00,0.315,0.31500000000000006,0.35139883,0.97643596,0.012310969,0.011253055,GOOD,GOOD,
2024-10-06 09:00:00+00:00,0.3,0.30000000000000004,0.35276103,0.87671536,0.027445605,0.09583903,GOOD,GOOD,
2024-10-06 10:00:00+00:00,0.3,0.30000000000000004,0.33896747,0.80274975,0.027215183,0.17003503,GOOD,GOOD,
2024-10-06 11:00:00+00:00,0.32,0.32000000000000006,0.33105847,0.96654695,0.016442068,0.017010964,GOOD,GOOD,
2024-10-06 12:00:00+00:00,0.365,0.3650000000000001,0.34153086,0.9453378,0.036602423,0.018059788,GOOD,GOOD,
2024-10-06 13:00:00+00:00,0.31,0.31000000000000005,0.3765878,0.9575891,0.025446309,0.016964575,GOOD,GOOD,
2024-10-06 14:00:00+00:00,0.3,0.30000000000000004,0.36158055,0.9682696,0.014661349,0.017069045,GOOD,GOOD,
2024-10-06 15:00:00+00:00,0.355,0.35500000000000004,0.33884066,0.93418705,0.043080542,0.022732388,GOOD,GOOD,
2024-10-06 16:00:00+00:00,0.35,0.35000000000000003,0.36265832,0.9689801,0.01647513,0.014544822,GOOD,GOOD,
2024-10-06 17:00:00+00:00,0.32999999999999996,0.33000000000000007,0.37891036,0.9511211,0.01787989,0.03099904,GOOD,GOOD,
2024-10-06 18:00:00+00:00,0.39,0.3900000000000001,0.37022126,0.9247829,0.049263127,0.025954014,GOOD,GOOD,
2024-10-06 19:00:00+00:00,0.385,0.38500000000000006,0.39845705,0.9650053,0.018861966,0.01613277,GOOD,GOOD,
2024-10-06 20:00:00+00:00,0.435,0.4350000000000001,0.41451842,0.9362787,0.040828805,0.022892488,GOOD,GOOD,
2024-10-06 21:00:00+00:00,0.45999999999999996,0.4600000000000001,0.4481183,0.9356519,0.03934107,0.02500704,GOOD,GOOD,
2024-10-06 22:00:00+00:00,0.45999999999999996,0.4600000000000001,0.48020333,0.8802249,0.039090253,0.08068488,GOOD,GOOD,
2024-10-06 23:00:00+00:00,0.7549999999999999,0.755,0.49125406,0.22523737,0.45783445,0.31692818,GOOD,SUSPECT,
2024-10-07 00:00:00+00:00,0.675,0.675,0.6852638,0.6995758,0.18391384,0.11651038,GOOD,GOOD,
2024-10-07 01:00:00+00:00,0.72,0.72,0.72951293,0.8481081,0.09426436,0.057627544,GOOD,GOOD,
2024-10-07 02:00:00+00:00,0.72,0.72,0.7449215,0.85423374,0.078235455,0.06753079,GOOD,GOOD,
2024-10-07 03:00:00+00:00,0.72,0.72,0.7475955,0.69818485,0.07620298,0.22561216,GOOD,GOOD,
2024-10-07 04:00:00+00:00,0.62,0.62,0.74696654,0.8633042,0.095640644,0.041055154,GOOD,GOOD,
2024-10-07 05:00:00+00:00,0.55,0.55,0.6790702,0.8352697,0.12438393,0.040346418,GOOD,GOOD,
2024-10-07 06:00:00+00:00,0.5549999999999999,0.5549999999999999,0.60121465,0.96310693,0.020467587,0.01642548,GOOD,GOOD,
2024-10-07 07:00:00+00:00,0.5,0.5000000000000001,0.5771731,0.9366587,0.043782827,0.019558504,GOOD,GOOD,
2024-10-07 08:00:00+00:00,0.49,0.4900000000000001,0.54265434,0.94934773,0.024296453,0.026355801,GOOD,GOOD,
2024-10-07 09:00:00+00:00,0.535,0.535,0.52121353,0.9612585,0.026706442,0.012035076,GOOD,GOOD,
2024-10-07 10:00:00+00:00,0.575,0.575,0.5445314,0.9416693,0.041861,0.016469726,GOOD,GOOD,
2024-10-07 11:00:00+00:00,0.635,0.6350000000000001,0.58658457,0.93742245,0.04882189,0.013755637,GOOD,GOOD,
2024-10-07 12:00:00+00:00,0.675,0.675,0.64309907,0.9431461,0.04053448,0.016319435,GOOD,GOOD,
2024-10-07 13:00:00+00:00,0.735,0.7350000000000001,0.6911019,0.9337476,0.05213238,0.014120036,GOOD,GOOD,
2024-10-07 14:00:00+00:00,0.79,0.79,0.745831,0.8980915,0.07994052,0.021967981,GOOD,GOOD,
2024-10-07 15:00:00+00:00,0.7050000000000001,0.5775881465945364,0.80232215,0.5475818,0.26269457,0.18972364,SUSPECT,GOOD,A_spike
2024-10-07 16:00:00+00:00,0.585,0.7126072302355321,0.6763954,0.8545518,0.104012445,0.041435756,BAD,GOOD,F_burst_noise
2024-10-07 17:00:00+00:00,0.505,0.0902769050394083,0.6987042,0.074016094,0.09141767,0.83456624,BAD,BAD,F_burst_noise
2024-10-07 18:00:00+00:00,0.5349999999999999,0.6718525701640752,0.34785068,0.25410354,0.2373543,0.5085422,BAD,GOOD,F_burst_noise
2024-10-07 19:00:00+00:00,0.555,0.555,0.5009618,0.71078295,0.19910578,0.09011128,GOOD,GOOD,
2024-10-07 20:00:00+00:00,0.635,0.6350000000000001,0.59145576,0.9082456,0.072033815,0.019720536,GOOD,GOOD,
2024-10-07 21:00:00+00:00,0.62,0.62,0.6500871,0.97230357,0.013903188,0.013793228,GOOD,GOOD,
2024-10-07 22:00:00+00:00,0.605,0.605,0.65569144,0.88795,0.020492751,0.09155725,GOOD,GOOD,
2024-10-07 23:00:00+00:00,0.5800000000000001,0.5800000000000001,0.639741,0.9014423,0.03984192,0.058715813,GOOD,GOOD,
2024-10-08 00:00:00+00:00,0.6499999999999999,0.6499999999999999,0.61585265,0.947632,0.03929455,0.0130734155,GOOD,GOOD,
2024-10-08 01:00:00+00:00,0.6,0.6,0.65314376,0.97292346,0.014794831,0.012281688,GOOD,GOOD,
2024-10-08 02:00:00+00:00,0.52,0.52,0.64307505,0.92172384,0.052427787,0.025848372,GOOD,GOOD,
2024-10-08 03:00:00+00:00,0.475,0.4750000000000001,0.5789333,0.9234429,0.04805978,0.028497336,GOOD,GOOD,
2024-10-08 04:00:00+00:00,0.445,0.44500000000000006,0.5199633,0.94878066,0.026694179,0.024525143,GOOD,GOOD,
2024-10-08 05:00:00+00:00,0.4,0.40000000000000013,0.48175073,0.9328367,0.049202334,0.017960938,GOOD,GOOD,
2024-10-08 06:00:00+00:00,0.385,0.38500000000000006,0.4434101,0.9526644,0.023237502,0.024098149,GOOD,GOOD,
2024-10-08 07:00:00+00:00,0.44499999999999995,0.445,0.41919702,0.93108577,0.048403338,0.020510891,GOOD,GOOD,
2024-10-08 08:00:00+00:00,0.42000000000000004,0.4200000000000001,0.44950092,0.9611995,0.020820402,0.01798006,GOOD,GOOD,
2024-10-08 09:00:00+00:00,0.44999999999999996,0.45000000000000007,0.45579523,0.96380895,0.020641856,0.015549165,GOOD,GOOD,
2024-10-08 10:00:00+00:00,0.44499999999999995,0.445,0.47082454,0.94770706,0.01731259,0.034980353,GOOD,GOOD,
2024-10-08 11:00:00+00:00,0.46499999999999997,0.465,0.47571468,0.96717364,0.016534686,0.016291663,GOOD,GOOD,
2024-10-08 12:00:00+00:00,0.485,0.4850000000000001,0.4880399,0.90436804,0.028017154,0.06761477,GOOD,GOOD,
2024-10-08 13:00:00+00:00,0.495,0.4950000000000001,0.50694907,0.8706909,0.025944667,0.10336444,GOOD,GOOD,
2024-10-08 14:00:00+00:00,0.49,0.4900000000000001,0.52127767,0.81790185,0.027011765,0.15508638,GOOD,GOOD,
2024-10-08 15:00:00+00:00,0.46499999999999997,0.465,0.5222548,0.94886905,0.022287486,0.02884345,GOOD,GOOD,
2024-10-08 16:00:00+00:00,0.4,0.40000000000000013,0.5044279,0.86233056,0.093840964,0.043828443,GOOD,GOOD,
2024-10-08 17:00:00+00:00,0.39,0.3900000000000001,0.4542964,0.9122773,0.04390201,0.04382069,GOOD,GOOD,
2024-10-08 18:00:00+00:00,0.405,0.4050000000000001,0.4238565,0.9601329,0.019625138,0.020241987,GOOD,GOOD,
2024-10-08 19:00:00+00:00,0.39,0.3900000000000001,0.4258785,0.9553532,0.019871999,0.024774808,GOOD,GOOD,
2024-10-08 20:00:00+00:00,0.42,0.42000000000000004,0.42319036,0.9518443,0.023705017,0.024450704,GOOD,GOOD,
2024-10-08 21:00:00+00:00,0.44,0.4400000000000001,0.43883833,0.9496792,0.022052309,0.028268518,GOOD,GOOD,
2024-10-08 22:00:00+00:00,0.44,0.4400000000000001,0.46088678,0.91450447,0.0190106,0.066484936,GOOD,GOOD,
2024-10-08 23:00:00+00:00,0.515,0.515,0.4699439,0.91274095,0.06261981,0.024639219,GOOD,GOOD,
2024-10-09 00:00:00+00:00,0.43999999999999995,0.44000000000000006,0.5180391,0.9358549,0.039118387,0.025026673,GOOD,GOOD,
2024-10-09 01:00:00+00:00,0.46499999999999997,0.465,0.49586606,0.9720988,0.0152787175,0.0126224365,GOOD,GOOD,
2024-10-09 02:00:00+00:00,0.45499999999999996,0.455,0.4896924,0.9787254,0.01000867,0.0112659745,GOOD,GOOD,
2024-10-09 03:00:00+00:00,0.42500000000000004,0.42500000000000016,0.48572844,0.9707542,0.014952036,0.014293753,GOOD,GOOD,
2024-10-09 04:00:00+00:00,0.43999999999999995,0.44000000000000006,0.4656134,0.97510225,0.012935153,0.011962597,GOOD,GOOD,
2024-10-09 05:00:00+00:00,0.4,0.40000000000000013,0.4643677,0.9489864,0.02836542,0.022648185,GOOD,GOOD,
2024-10-09 06:00:00+00:00,0.42500000000000004,0.42500000000000016,0.44299063,0.965452,0.019083284,0.015464699,GOOD,GOOD,
2024-10-09 07:00:00+00:00,0.44499999999999995,0.445,0.44608766,0.9321609,0.027357403,0.04048166,GOOD,GOOD,
2024-10-09 08:00:00+00:00,0.44,0.4400000000000001,0.4648701,0.9369147,0.020791212,0.04229408,GOOD,GOOD,
2024-10-09 09:00:00+00:00,0.39,0.3900000000000001,0.4711588,0.89135855,0.06477638,0.043865047,GOOD,GOOD,
2024-10-09 10:00:00+00:00,0.42000000000000004,0.4200000000000001,0.43980613,0.9489038,0.026498444,0.02459774,GOOD,GOOD,
2024-10-09 11:00:00+00:00,0.4,0.40000000000000013,0.43968523,0.95518595,0.02085338,0.023960644,GOOD,GOOD,
2024-10-09 12:00:00+00:00,0.41,0.41000000000000003,0.43428618,0.9565345,0.018696122,0.02476938,GOOD,GOOD,
2024-10-09 13:00:00+00:00,0.42000000000000004,0.4200000000000001,0.43664274,0.79993,0.03567907,0.16439094,GOOD,GOOD,
2024-10-09 14:00:00+00:00,0.455,0.45500000000000007,0.44536096,0.9650109,0.021916203,0.013072901,GOOD,GOOD,
2024-10-09 15:00:00+00:00,0.45999999999999996,0.4600000000000001,0.47148895,0.9528169,0.019606616,0.027576458,GOOD,GOOD,
2024-10-09 16:00:00+00:00,0.41500000000000004,0.41500000000000015,0.4875392,0.96432257,0.019801978,0.015875435,GOOD,GOOD,
2024-10-09 17:00:00+00:00,0.365,0.3650000000000001,0.46302667,0.9132521,0.058137625,0.028610278,GOOD,GOOD,
2024-10-09 18:00:00+00:00,0.405,0.4050000000000001,0.4158892,0.95810354,0.025700994,0.016195491,GOOD,GOOD,
2024-10-09 19:00:00+00:00,0.38,0.38000000000000006,0.4190297,0.96658885,0.017818628,0.015592549,GOOD,GOOD,
2024-10-09 20:00:00+00:00,0.345,0.34500000000000003,0.41528553,0.9355618,0.036198452,0.028239787,GOOD,GOOD,
2024-10-09 21:00:00+00:00,0.35,0.35000000000000003,0.38989225,0.95457894,0.021156685,0.024264356,GOOD,GOOD,
2024-10-09 22:00:00+00:00,0.345,0.34500000000000003,0.37895283,0.8849522,0.029383335,0.0856645,GOOD,GOOD,
2024-10-09 23:00:00+00:00,0.375,0.3750000000000001,0.3751008,0.96055865,0.0219177,0.017523658,GOOD,GOOD,
2024-10-10 00:00:00+00:00,0.325,0.32500000000000007,0.3928572,0.90135914,0.057957668,0.040683173,GOOD,GOOD,
2024-10-10 01:00:00+00:00,0.315,0.31500000000000006,0.37366948,0.926005,0.03271979,0.041275196,GOOD,GOOD,
2024-10-10 02:00:00+00:00,0.32999999999999996,0.33000000000000007,0.35221204,0.9590111,0.018120918,0.022868019,GOOD,GOOD,
2024-10-10 03:00:00+00:00,0.345,0.34500000000000003,0.35328308,0.89244074,0.029490894,0.07806839,GOOD,GOOD,
2024-10-10 04:00:00+00:00,0.295,0.29500000000000004,0.36748818,0.887016,0.06452061,0.04846337,GOOD,GOOD,
2024-10-10 05:00:00+00:00,0.28,0.28000000000000014,0.34513107,0.87537867,0.054950885,0.06967047,GOOD,GOOD,
2024-10-10 06:00:00+00:00,0.31,0.31000000000000005,0.31953812,0.9447388,0.02594226,0.02931893,GOOD,GOOD,
2024-10-10 07:00:00+00:00,0.28500000000000003,0.2850000000000001,0.32741296,0.93436044,0.030948065,0.034691513,GOOD,GOOD,
2024-10-10 08:00:00+00:00,0.27,0.2700000000000001,0.32283083,0.86481446,0.047196038,0.08798949,GOOD,GOOD,
2024-10-10 09:00:00+00:00,0.265,0.26500000000000007,0.30849078,0.74618065,0.05196808,0.2018513,GOOD,GOOD,
2024-10-10 10:00:00+00:00,0.29000000000000004,0.2900000000000001,0.2980526,0.93992764,0.026051171,0.034021195,GOOD,GOOD,
2024-10-10 11:00:00+00:00,0.325,0.32500000000000007,0.30969107,0.9556795,0.028051108,0.016269423,GOOD,GOOD,
2024-10-10 12:00:00+00:00,0.315,0.31500000000000006,0.33993095,0.96986747,0.015841607,0.014290925,GOOD,GOOD,
2024-10-10 13:00:00+00:00,0.275,0.2750000000000001,0.34926084,0.9553272,0.025957346,0.018715438,GOOD,GOOD,
2024-10-10 14:00:00+00:00,0.30500000000000005,0.30500000000000016,0.3242089,0.9657378,0.019585818,0.014676342,GOOD,GOOD,
2024-10-10 15:00:00+00:00,0.3,0.30000000000000004,0.32549402,0.9665258,0.014222708,0.019251484,GOOD,GOOD,
2024-10-10 16:00:00+00:00,0.3,0.30000000000000004,0.32957146,0.7444267,0.030295512,0.22527774,GOOD,GOOD,
2024-10-10 17:00:00+00:00,0.26,0.26000000000000006,0.33097923,0.9350068,0.038054608,0.026938573,GOOD,GOOD,
2024-10-10 18:00:00+00:00,0.29000000000000004,0.2900000000000001,0.3071664,0.9583883,0.023581062,0.0180306,GOOD,GOOD,
2024-10-10 19:00:00+00:00,0.28,0.28000000000000014,0.31005082,0.96507263,0.017228331,0.017699018,GOOD,GOOD,
2024-10-10 20:00:00+00:00,0.27,0.2700000000000001,0.31169933,0.7777395,0.04228488,0.1799756,GOOD,GOOD,
2024-10-10 21:00:00+00:00,0.305,0.3050000000000001,0.30535707,0.9569113,0.025359798,0.017728869,GOOD,GOOD,
2024-10-10 22:00:00+00:00,0.29,0.29000000000000004,0.3219172,0.9549767,0.021565674,0.023457622,GOOD,GOOD,
2024-10-10 23:00:00+00:00,0.29000000000000004,0.2900000000000001,0.32477775,0.76491684,0.036400035,0.19868311,GOOD,GOOD,
2024-10-11 00:00:00+00:00,0.29,0.29000000000000004,0.32235083,0.52070165,0.039460972,0.4398374,GOOD,GOOD,
2024-10-11 01:00:00+00:00,0.32,0.32000000000000006,0.32070458,0.95336825,0.023914935,0.022716828,GOOD,GOOD,
2024-10-11 02:00:00+00:00,0.315,0.31500000000000006,0.33829695,0.9517137,0.020178398,0.028107913,GOOD,GOOD,
2024-10-11 03:00:00+00:00,0.33,0.3300000000000001,0.34635553,0.9542209,0.019911282,0.025867835,GOOD,GOOD,
2024-10-11 04:00:00+00:00,0.31,0.31000000000000005,0.3560039,0.9389254,0.026276788,0.03479781,GOOD,GOOD,
2024-10-11 05:00:00+00:00,0.335,0.3350000000000001,0.34840357,0.9477631,0.023940505,0.028296405,GOOD,GOOD,
2024-10-11 06:00:00+00:00,0.275,0.2750000000000001,0.35681698,0.8406327,0.09528259,0.0640847,GOOD,GOOD,
2024-10-11 07:00:00+00:00,0.27,0.2700000000000001,0.3280388,0.8288157,0.06668526,0.10449907,GOOD,GOOD,
2024-10-11 08:00:00+00:00,0.28,0.28000000000000014,0.30549082,0.89467394,0.03377998,0.07154611,GOOD,GOOD,
2024-10-11 09:00:00+00:00,0.245,0.24500000000000002,0.30461586,0.9040177,0.04493884,0.051043496,GOOD,GOOD,
2024-10-11 10:00:00+00:00,0.275,0.2750000000000001,0.28803754,0.9306413,0.030537559,0.03882115,GOOD,GOOD,
2024-10-11 11:00:00+00:00,0.27,0.2700000000000001,0.2948942,0.9021825,0.032625813,0.06519166,GOOD,GOOD,
2024-10-11 12:00:00+00:00,0.27,0.2700000000000001,0.3002913,0.5669968,0.053469975,0.37953317,GOOD,GOOD,
2024-10-11 13:00:00+00:00,0.28500000000000003,0.2850000000000001,0.3014492,0.90811586,0.030492418,0.061391734,GOOD,GOOD,
2024-10-11 14:00:00+00:00,0.27,0.2700000000000001,0.30997723,0.88705367,0.037546642,0.07539969,GOOD,GOOD,
2024-10-11 15:00:00+00:00,0.25,0.25,0.30629164,0.8037101,0.064822726,0.13146715,GOOD,GOOD,
2024-10-11 16:00:00+00:00,0.265,0.26500000000000007,0.2902272,0.9080979,0.032253403,0.05964866,GOOD,GOOD,
2024-10-11 17:00:00+00:00,0.235,0.235,0.29023534,0.88243026,0.04695169,0.07061805,GOOD,GOOD,
2024-10-11 18:00:00+00:00,0.225,0.225,0.27647245,0.8136146,0.05964743,0.12673795,GOOD,GOOD,
2024-10-11 19:00:00+00:00,0.23,0.23000000000000004,0.2615068,0.84540755,0.04391083,0.11068162,GOOD,GOOD,
2024-10-11 20:00:00+00:00,0.265,0.26500000000000007,0.2583726,0.9571326,0.027227234,0.015640184,GOOD,GOOD,
2024-10-11 21:00:00+00:00,0.26,0.26000000000000006,0.28017947,0.9696714,0.016689908,0.013638675,GOOD,GOOD,
2024-10-11 22:00:00+00:00,0.255,0.255,0.2912959,0.7751908,0.032931093,0.19187814,GOOD,GOOD,
2024-10-11 23:00:00+00:00,0.305,0.3050000000000001,0.28975785,0.9182643,0.05228588,0.029449767,GOOD,GOOD,
2024-10-12 00:00:00+00:00,0.3,0.30000000000000004,0.31637934,0.9664633,0.0181929,0.01534376,GOOD,GOOD,
2024-10-12 01:00:00+00:00,0.335,0.3350000000000001,0.33063105,0.9423827,0.034209143,0.023408137,GOOD,GOOD,
2024-10-12 02:00:00+00:00,0.305,0.3050000000000001,0.3538303,0.96635723,0.019142149,0.014500612,GOOD,GOOD,
2024-10-12 03:00:00+00:00,0.305,0.3050000000000001,0.3472084,0.939363,0.018047895,0.04258911,GOOD,GOOD,
2024-10-12 04:00:00+00:00,0.27,0.2700000000000001,0.33815062,0.96675116,0.019653343,0.01359551,GOOD,GOOD,
2024-10-12 05:00:00+00:00,0.255,0.255,0.3140583,0.9404456,0.024133423,0.035420958,GOOD,GOOD,
2024-10-12 06:00:00+00:00,0.27,0.2700000000000001,0.29242963,0.9753035,0.013491043,0.011205482,GOOD,GOOD,
2024-10-12 07:00:00+00:00,0.27,0.2700000000000001,0.29337177,0.92212063,0.020861706,0.057017684,GOOD,GOOD,
2024-10-12 08:00:00+00:00,0.30000000000000004,0.3000000000000001,0.29848486,0.95580304,0.027205987,0.016990963,GOOD,GOOD,
2024-10-12 09:00:00+00:00,0.295,0.29500000000000004,0.3185443,0.9692678,0.016616462,0.014115762,GOOD,GOOD,
2024-10-12 10:00:00+00:00,0.36,0.36000000000000004,0.32674158,0.8345396,0.10577157,0.05968883,GOOD,GOOD,
2024-10-12 11:00:00+00:00,0.35,0.35000000000000003,0.36619526,0.93562526,0.03759135,0.026783405,GOOD,GOOD,
2024-10-12 12:00:00+00:00,0.385,0.38500000000000006,0.38264507,0.92407334,0.0446911,0.03123555,GOOD,GOOD,
2024-10-12 13:00:00+00:00,0.41500000000000004,0.41500000000000015,0.404792,0.93167263,0.04028343,0.02804394,GOOD,GOOD,
2024-10-12 14:00:00+00:00,0.485,0.4850000000000001,0.43366817,0.8897153,0.07575325,0.034531433,GOOD,GOOD,
2024-10-12 15:00:00+00:00,0.44,0.4400000000000001,0.4896814,0.86920404,0.07848156,0.05231436,GOOD,GOOD,
2024-10-12 16:00:00+00:00,0.48,0.48000000000000004,0.4869208,0.92471325,0.044894144,0.030392617,GOOD,GOOD,
2024-10-12 17:00:00+00:00,0.53,0.53,0.49932477,0.9377775,0.042162023,0.020060476,GOOD,GOOD,
2024-10-12 18:00:00+00:00,0.44999999999999996,0.45000000000000007,0.53991914,0.8808403,0.07718257,0.041977145,GOOD,GOOD,
2024-10-12 19:00:00+00:00,0.445,0.44500000000000006,0.50824255,0.9645712,0.019681295,0.015747512,GOOD,GOOD,
2024-10-12 20:00:00+00:00,0.5,0.5000000000000001,0.48003045,0.93534094,0.042186182,0.022472886,GOOD,GOOD,
2024-10-12 21:00:00+00:00,0.435,0.4350000000000001,0.5064451,0.9470609,0.033913482,0.01902566,GOOD,GOOD,
2024-10-12 22:00:00+00:00,0.41000000000000003,0.4100000000000001,0.48515213,0.9680444,0.018395774,0.013559815,GOOD,GOOD,
2024-10-12 23:00:00+00:00,0.395,0.3950000000000001,0.45183268,0.91746765,0.024017487,0.058514867,GOOD,GOOD,
2024-10-13 00:00:00+00:00,0.415,0.4150000000000001,0.42893335,0.9764215,0.013397217,0.010181334,GOOD,GOOD,
2024-10-13 01:00:00+00:00,0.42500000000000004,0.42500000000000016,0.43487135,0.9205906,0.02427603,0.055133414,GOOD,GOOD,
2024-10-13 02:00:00+00:00,0.435,0.4350000000000001,0.44871277,0.849688,0.029467182,0.12084484,GOOD,GOOD,
2024-10-13 03:00:00+00:00,0.5,0.5000000000000001,0.46098527,0.9317329,0.049882293,0.0183848,GOOD,GOOD,
2024-10-13 04:00:00+00:00,0.49,0.4900000000000001,0.5059851,0.9666394,0.017989615,0.015370956,GOOD,GOOD,
2024-10-13 05:00:00+00:00,0.505,0.505,0.5224459,0.97350836,0.01361749,0.012874146,GOOD,GOOD,
2024-10-13 06:00:00+00:00,0.48,0.48000000000000004,0.5318912,0.97487086,0.0126860645,0.012443078,GOOD,GOOD,
2024-10-13 07:00:00+00:00,0.465,0.4650000000000001,0.51882523,0.904543,0.023830956,0.07162605,GOOD,GOOD,
2024-10-13 08:00:00+00:00,0.435,0.4350000000000001,0.500778,0.9619325,0.019079521,0.01898799,GOOD,GOOD,
2024-10-13 09:00:00+00:00,0.41500000000000004,0.41500000000000015,0.47499505,0.917715,0.027532782,0.054752212,GOOD,GOOD,
2024-10-13 10:00:00+00:00,0.37,0.37000000000000005,0.45169282,0.9256583,0.045524165,0.02881753,GOOD,GOOD,
2024-10-13 11:00:00+00:00,0.345,0.34500000000000003,0.41589063,0.93723696,0.034749795,0.028013218,GOOD,GOOD,
2024-10-13 12:00:00+00:00,0.39,0.3900000000000001,0.38453513,0.9415714,0.037615135,0.020813433,GOOD,GOOD,
2024-10-13 13:00:00+00:00,0.395,0.3950000000000001,0.4007865,0.9670267,0.017957136,0.015016176,GOOD,GOOD,
2024-10-13 14:00:00+00:00,0.44499999999999995,0.445,0.4195709,0.95208836,0.033731867,0.014179787,GOOD,GOOD,
2024-10-13 15:00:00+00:00,0.45999999999999996,0.4600000000000001,0.4569218,0.9684575,0.01754413,0.01399836,GOOD,GOOD,
2024-10-13 16:00:00+00:00,0.495,0.4950000000000001,0.4839823,0.96197224,0.023721328,0.014306445,GOOD,GOOD,
2024-10-13 17:00:00+00:00,0.51,0.51,0.51366967,0.9607072,0.019049976,0.020242859,GOOD,GOOD,
2024-10-13 18:00:00+00:00,0.475,0.4750000000000001,0.53481615,0.97155017,0.015048447,0.013401403,GOOD,GOOD,
2024-10-13 19:00:00+00:00,0.45499999999999996,0.455,0.5185454,0.94552976,0.019840052,0.034630198,GOOD,GOOD,
2024-10-13 20:00:00+00:00,0.45499999999999996,0.455,0.49352986,0.9050418,0.018390061,0.07656812,GOOD,GOOD,
2024-10-13 21:00:00+00:00,0.385,0.38500000000000006,0.48357543,0.88324744,0.07841557,0.038337003,GOOD,GOOD,
2024-10-13 22:00:00+00:00,0.33499999999999996,0.335,0.43940106,0.87578624,0.084183306,0.040030442,GOOD,GOOD,
2024-10-13 23:00:00+00:00,0.33999999999999997,0.3400000000000001,0.3856196,0.9603111,0.020391852,0.019297022,GOOD,GOOD,
2024-10-14 00:00:00+00:00,0.36,0.36000000000000004,0.36659434,0.96424705,0.020024898,0.015728045,GOOD,GOOD,
2024-10-14 01:00:00+00:00,0.365,0.3650000000000001,0.37832588,0.9343933,0.023344852,0.042261846,GOOD,GOOD,
2024-10-14 02:00:00+00:00,0.42000000000000004,0.4200000000000001,0.3912418,0.9392896,0.04303215,0.017678209,GOOD,GOOD,
2024-10-14 03:00:00+00:00,0.445,0.44500000000000006,0.42938763,0.9645285,0.022259677,0.01321184,GOOD,GOOD,
2024-10-14 04:00:00+00:00,0.41000000000000003,0.4100000000000001,0.4646104,0.9717892,0.015184817,0.013026031,GOOD,GOOD,
2024-10-14 05:00:00+00:00,0.38,0.38000000000000006,0.45484483,0.92866343,0.030506719,0.040829826,GOOD,GOOD,
2024-10-14 06:00:00+00:00,0.455,0.45500000000000007,0.42433196,0.91651255,0.058243953,0.025243517,GOOD,GOOD,
2024-10-14 07:00:00+00:00,0.425,0.4250000000000001,0.4563213,0.9709028,0.017052015,0.012045214,GOOD,GOOD,
2024-10-14 08:00:00+00:00,0.375,0.3750000000000001,0.46238092,0.9496928,0.030008728,0.020298466,GOOD,GOOD,
2024-10-14 09:00:00+00:00,0.415,0.4150000000000001,0.42721683,0.9641415,0.021421058,0.014437449,GOOD,GOOD,
2024-10-14 10:00:00+00:00,0.36,0.36000000000000004,0.431182,0.93924975,0.037478082,0.023272147,GOOD,GOOD,
2024-10-14 11:00:00+00:00,0.345,0.34500000000000003,0.40750465,0.9607917,0.021421917,0.017786358,GOOD,GOOD,
2024-10-14 12:00:00+00:00,0.33999999999999997,0.3400000000000001,0.3829512,0.8510629,0.030886715,0.118050374,GOOD,GOOD,
2024-10-14 13:00:00+00:00,0.365,0.3650000000000001,0.37085494,0.9652247,0.01987813,0.0148972105,GOOD,GOOD,
2024-10-14 14:00:00+00:00,0.35,0.35000000000000003,0.38375467,0.9647797,0.017109998,0.01811035,GOOD,GOOD,
2024-10-14 15:00:00+00:00,0.38,0.38000000000000006,0.3844108,0.96098363,0.020943932,0.018072437,GOOD,GOOD,
2024-10-14 16:00:00+00:00,0.405,0.4050000000000001,0.39977142,0.9420118,0.027049584,0.03093865,GOOD,GOOD,
2024-10-14 17:00:00+00:00,0.375,0.3750000000000001,0.4244153,0.9755715,0.013213243,0.011215238,GOOD,GOOD,
2024-10-14 18:00:00+00:00,0.4,0.40000000000000013,0.4168839,0.9734318,0.014400292,0.012167899,GOOD,GOOD,
2024-10-14 19:00:00+00:00,0.42,0.42000000000000004,0.42282268,0.9388716,0.024040362,0.037088007,GOOD,GOOD,
2024-10-14 20:00:00+00:00,0.415,0.4150000000000001,0.44097894,0.9461472,0.017191127,0.03666166,GOOD,GOOD,
2024-10-14 21:00:00+00:00,0.475,0.4750000000000001,0.4467823,0.93862236,0.041663967,0.019713704,GOOD,GOOD,
2024-10-14 22:00:00+00:00,0.52,0.52,0.48373854,0.9342925,0.045343664,0.02036383,GOOD,GOOD,
2024-10-14 23:00:00+00:00,0.56,0.5600000000000002,0.53228945,0.92063665,0.05189351,0.027469838,GOOD,GOOD,
2024-10-15 00:00:00+00:00,0.5800000000000001,0.5800000000000001,0.57683134,0.94326913,0.034366593,0.022364285,GOOD,GOOD,
2024-10-15 01:00:00+00:00,0.56,0.5600000000000002,0.6042891,0.9643975,0.02016348,0.0154390475,GOOD,GOOD,
2024-10-15 02:00:00+00:00,0.5,0.5000000000000001,0.59764475,0.93161285,0.04519344,0.023193711,GOOD,GOOD,
2024-10-15 03:00:00+00:00,0.55,0.55,0.55121875,0.9363982,0.03892685,0.024674917,GOOD,GOOD,
2024-10-15 04:00:00+00:00,0.545,0.545,0.5607711,0.96433276,0.019010115,0.016657136,GOOD,GOOD,
2024-10-15 05:00:00+00:00,0.56,0.5600000000000002,0.5715056,0.96231467,0.019595765,0.018089565,GOOD,GOOD,
2024-10-15 06:00:00+00:00,0.58,0.58,0.5839275,0.9480066,0.024337962,0.027655456,GOOD,GOOD,
2024-10-15 07:00:00+00:00,0.605,0.605,0.60137117,0.9477041,0.028215714,0.02408022,GOOD,GOOD,
2024-10-15 08:00:00+00:00,0.775,0.7750000000000001,0.6245112,0.6030153,0.30669287,0.090291835,GOOD,GOOD,
2024-10-15 09:00:00+00:00,0.885,0.885,0.7477621,0.5283592,0.3837392,0.08790163,GOOD,GOOD,
2024-10-15 10:00:00+00:00,1.0699999999999998,1.0699999999999998,0.88085395,0.5542992,0.3663934,0.07930744,GOOD,GOOD,
2024-10-15 11:00:00+00:00,1.275,1.2750000000000001,1.0541483,0.29101574,0.6334672,0.07551706,GOOD,SUSPECT,
2024-10-15 12:00:00+00:00,1.25,1.2500000000000002,1.2613018,0.8822882,0.08732962,0.030382175,GOOD,GOOD,
2024-10-15 13:00:00+00:00,0.97,0.9700000000000001,1.2863305,0.32094502,0.39815268,0.2809023,GOOD,SUSPECT,
2024-10-15 14:00:00+00:00,0.9299999999999999,0.93,1.0580605,0.7737886,0.1499055,0.07630589,GOOD,GOOD,
2024-10-15 15:00:00+00:00,0.955,0.9550000000000001,0.9543152,0.9727164,0.02030429,0.006979289,GOOD,GOOD,
2024-10-15 16:00:00+00:00,0.9450000000000001,0.9450000000000002,0.9602556,0.96521616,0.021220721,0.013563149,GOOD,GOOD,
2024-10-15 17:00:00+00:00,1.085,1.0850000000000002,0.9666415,0.83566487,0.13979189,0.024543265,GOOD,GOOD,
2024-10-15 18:00:00+00:00,1.01,1.01,1.0695093,0.9240773,0.05244941,0.023473293,GOOD,GOOD,
2024-10-15 19:00:00+00:00,0.9750000000000001,0.9750000000000002,1.0495449,0.9511215,0.033495065,0.015383404,GOOD,GOOD,
2024-10-15 20:00:00+00:00,1.04,1.0400000000000003,1.0039952,0.93870276,0.05123771,0.010059508,GOOD,GOOD,
2024-10-15 21:00:00+00:00,1.205,1.2050000000000003,1.03853,0.64017427,0.3169777,0.042848006,GOOD,GOOD,
2024-10-15 22:00:00+00:00,1.4,1.4000000000000001,1.1829231,0.1913495,0.7528295,0.055820994,GOOD,SUSPECT,
2024-10-15 23:00:00+00:00,1.345,1.3450000000000002,1.3826258,0.91808,0.057477828,0.024442222,GOOD,GOOD,
2024-10-16 00:00:00+00:00,1.275,1.2750000000000001,1.3779378,0.92576915,0.05723576,0.01699507,GOOD,GOOD,
2024-10-16 01:00:00+00:00,0.905,0.02,1.3024713,0.0023269057,0.008768314,0.9889048,BAD,BAD,G_missing_sentinel
2024-10-16 02:00:00+00:00,0.865,0.865,0.4657582,0.2695577,0.17290536,0.55753696,GOOD,GOOD,
2024-10-16 03:00:00+00:00,0.9099999999999999,0.9099999999999999,0.6117435,0.011122644,0.6618318,0.32704553,GOOD,SUSPECT,
2024-10-16 04:00:00+00:00,0.84,0.84,0.8738552,0.9688156,0.022741638,0.008442725,GOOD,GOOD,
2024-10-16 05:00:00+00:00,0.995,0.9950000000000002,0.899907,0.80376256,0.17766427,0.01857319,GOOD,GOOD,
2024-10-16 06:00:00+00:00,0.915,0.915,0.9815583,0.9572768,0.03198037,0.01074282,GOOD,GOOD,
2024-10-16 07:00:00+00:00,0.6799999999999999,0.68,0.95677614,0.44067347,0.41719747,0.14212905,GOOD,GOOD,
2024-10-16 08:00:00+00:00,0.7,0.7,0.7753385,0.952428,0.031211756,0.016360257,GOOD,GOOD,
2024-10-16 09:00:00+00:00,0.73,0.7300000000000001,0.71604615,0.94278073,0.037236243,0.019983018,GOOD,GOOD,
2024-10-16 10:00:00+00:00,0.815,0.815,0.7371998,0.91148245,0.06880039,0.019717136,GOOD,GOOD,
2024-10-16 11:00:00+00:00,0.88,0.8800000000000001,0.8131932,0.8427707,0.122058526,0.035170764,GOOD,GOOD,
2024-10-16 12:00:00+00:00,0.8,0.8000000000000002,0.88839877,0.9529562,0.029123805,0.017919999,GOOD,GOOD,
2024-10-16 13:00:00+00:00,0.64,0.6400000000000001,0.8522383,0.67469823,0.2661029,0.059198823,GOOD,GOOD,
2024-10-16 14:00:00+00:00,0.535,0.535,0.71818465,0.59731686,0.3186935,0.08398965,GOOD,GOOD,
2024-10-16 15:00:00+00:00,0.61,0.6100000000000001,0.5956443,0.9374714,0.042489626,0.020038964,GOOD,GOOD,
2024-10-16 16:00:00+00:00,0.6599999999999999,0.66,0.60511476,0.85838926,0.10219696,0.039413765,GOOD,GOOD,
2024-10-16 17:00:00+00:00,0.63,0.63,0.6634174,0.9674669,0.015767038,0.016766056,GOOD,GOOD,
2024-10-16 18:00:00+00:00,0.6699999999999999,0.6699999999999999,0.66843563,0.9668598,0.019244304,0.013895868,GOOD,GOOD,
2024-10-16 19:00:00+00:00,0.54,0.5400000000000001,0.6866917,0.7986676,0.14413027,0.05720212,GOOD,GOOD,
2024-10-16 20:00:00+00:00,0.52,0.52,0.61070746,0.9283315,0.042710956,0.028957564,GOOD,GOOD,
2024-10-16 21:00:00+00:00,0.5900000000000001,0.5900000000000002,0.5570127,0.9407065,0.043117832,0.016175646,GOOD,GOOD,
2024-10-16 22:00:00+00:00,0.625,0.625,0.5886025,0.88525933,0.069766745,0.044973936,GOOD,GOOD,
2024-10-16 23:00:00+00:00,0.625,0.625,0.6373431,0.7785088,0.027010713,0.1944805,GOOD,GOOD,
2024-10-17 00:00:00+00:00,0.565,0.5650000000000001,0.6549528,0.9503363,0.028953485,0.020710254,GOOD,GOOD,
2024-10-17 01:00:00+00:00,0.455,0.45500000000000007,0.615955,0.7992276,0.15137467,0.049397755,GOOD,GOOD,
2024-10-17 02:00:00+00:00,0.44499999999999995,0.445,0.5240168,0.9187088,0.046338815,0.03495237,GOOD,GOOD,
2024-10-17 03:00:00+00:00,0.5700000000000001,0.5700000000000001,0.477002,0.7932337,0.16566722,0.0410991,GOOD,GOOD,
2024-10-17 04:00:00+00:00,0.62,0.62,0.5480214,0.77071357,0.17822431,0.05106215,GOOD,GOOD,
2024-10-17 05:00:00+00:00,0.655,0.6550000000000001,0.6272344,0.91794515,0.049235843,0.032819036,GOOD,GOOD,
2024-10-17 06:00:00+00:00,0.5800000000000001,0.5800000000000001,0.67590153,0.9392223,0.03716033,0.0236174,GOOD,GOOD,
2024-10-17 07:00:00+00:00,0.565,0.5650000000000001,0.6369903,0.9482147,0.02159147,0.030193795,GOOD,GOOD,
2024-10-17 08:00:00+00:00,0.5800000000000001,0.5800000000000001,0.60063714,0.9437186,0.022787593,0.03349378,GOOD,GOOD,
2024-10-17 09:00:00+00:00,0.475,0.4750000000000001,0.6000434,0.80894774,0.13489857,0.056153677,GOOD,GOOD,
2024-10-17 10:00:00+00:00,0.52,0.52,0.53865176,0.96006584,0.022276336,0.017657813,GOOD,GOOD,
2024-10-17 11:00:00+00:00,0.54,0.5400000000000001,0.5343133,0.9433338,0.024573999,0.032092188,GOOD,GOOD,
2024-10-17 12:00:00+00:00,0.445,0.44500000000000006,0.55676425,0.86922926,0.08662162,0.044149134,GOOD,GOOD,
2024-10-17 13:00:00+00:00,0.42000000000000004,0.4200000000000001,0.5080356,0.9382131,0.036153603,0.025633298,GOOD,GOOD,
2024-10-17 14:00:00+00:00,0.35,0.35000000000000003,0.46169847,0.84098995,0.1142506,0.044759445,GOOD,GOOD,
2024-10-17 15:00:00+00:00,0.4,0.40000000000000013,0.40355185,0.9403339,0.036524583,0.023141522,GOOD,GOOD,
2024-10-17 16:00:00+00:00,0.42,0.42000000000000004,0.40932414,0.92460096,0.03862873,0.03677028,GOOD,GOOD,
2024-10-17 17:00:00+00:00,0.4,0.40000000000000013,0.43684518,0.96392626,0.016020808,0.02005295,GOOD,GOOD,
2024-10-17 18:00:00+00:00,0.455,0.45500000000000007,0.43761608,0.9532047,0.031170681,0.015624642,GOOD,GOOD,
2024-10-17 19:00:00+00:00,0.49,0.4900000000000001,0.46625638,0.9406943,0.037172016,0.022133732,GOOD,GOOD,
2024-10-17 20:00:00+00:00,0.49,0.4900000000000001,0.50522035,0.8778818,0.022241194,0.099876955,GOOD,GOOD,
2024-10-17 21:00:00+00:00,0.365,0.3650000000000001,0.52080625,0.71047175,0.19131385,0.0982144,GOOD,GOOD,
2024-10-17 22:00:00+00:00,0.43000000000000005,0.4300000000000001,0.44415247,0.94037974,0.036730617,0.022889655,GOOD,GOOD,
2024-10-17 23:00:00+00:00,0.43,0.43000000000000005,0.4390385,0.9496135,0.016769713,0.033616796,GOOD,GOOD,
2024-10-18 00:00:00+00:00,0.38,0.38000000000000006,0.45296076,0.9512004,0.027286777,0.02151282,GOOD,GOOD,
2024-10-18 01:00:00+00:00,0.32,0.32000000000000006,0.42917198,0.8604642,0.098146886,0.041388884,GOOD,GOOD,
2024-10-18 02:00:00+00:00,0.33999999999999997,0.3400000000000001,0.37603778,0.96378636,0.01894981,0.017263815,GOOD,GOOD,
2024-10-18 03:00:00+00:00,0.305,0.3050000000000001,0.3624379,0.9450218,0.031861845,0.023116322,GOOD,GOOD,
2024-10-18 04:00:00+00:00,0.325,0.32500000000000007,0.34477335,0.96186054,0.019455189,0.018684277,GOOD,GOOD,
2024-10-18 05:00:00+00:00,0.33999999999999997,0.3400000000000001,0.34777567,0.911387,0.027593065,0.061019924,GOOD,GOOD,
2024-10-18 06:00:00+00:00,0.35,0.35000000000000003,0.36239094,0.86465067,0.029303359,0.10604596,GOOD,GOOD,
2024-10-18 07:00:00+00:00,0.375,0.3750000000000001,0.37603554,0.9547675,0.020429168,0.024803318,GOOD,GOOD,
2024-10-18 08:00:00+00:00,0.35,0.35000000000000003,0.39610335,0.94640154,0.023689914,0.029908538,GOOD,GOOD,
2024-10-18 09:00:00+00:00,0.35,0.35000000000000003,0.39007008,0.8521626,0.035148695,0.112688705,GOOD,GOOD,
2024-10-18 10:00:00+00:00,0.39,0.3900000000000001,0.3823753,0.9674314,0.02046297,0.012105608,GOOD,GOOD,
2024-10-18 11:00:00+00:00,0.37,0.37000000000000005,0.4041774,0.9762111,0.012080362,0.011708598,GOOD,GOOD,
2024-10-18 12:00:00+00:00,0.33499999999999996,0.335,0.40633452,0.96484435,0.018901085,0.01625457,GOOD,GOOD,
2024-10-18 13:00:00+00:00,0.29500000000000004,0.2950000000000001,0.38117048,0.93698835,0.03809701,0.024914647,GOOD,GOOD,
2024-10-18 14:00:00+00:00,0.31999999999999995,0.32,0.3424793,0.9659918,0.01940576,0.014602425,GOOD,GOOD,
2024-10-18 15:00:00+00:00,0.28500000000000003,0.2850000000000001,0.33998987,0.9529211,0.027904017,0.019174874,GOOD,GOOD,
2024-10-18 16:00:00+00:00,0.305,0.3050000000000001,0.32593384,0.96446145,0.019590858,0.015947688,GOOD,GOOD,
2024-10-18 17:00:00+00:00,0.31,0.31000000000000005,0.32871637,0.9015009,0.025385726,0.07311341,GOOD,GOOD,
2024-10-18 18:00:00+00:00,0.325,0.32500000000000007,0.33668068,0.9291237,0.025003403,0.04587289,GOOD,GOOD,
2024-10-18 19:00:00+00:00,0.345,0.34500000000000003,0.34944168,0.9226181,0.027986752,0.04939514,GOOD,GOOD,
2024-10-18 20:00:00+00:00,0.33499999999999996,0.335,0.3674522,0.94033825,0.020636084,0.039025683,GOOD,GOOD,
2024-10-18 21:00:00+00:00,0.33999999999999997,0.3400000000000001,0.36947823,0.8252203,0.032217123,0.1425626,GOOD,GOOD,
2024-10-18 22:00:00+00:00,0.28500000000000003,0.2850000000000001,0.369914,0.86096853,0.085881,0.053150456,GOOD,GOOD,
2024-10-18 23:00:00+00:00,0.345,0.34500000000000003,0.33728024,0.9312384,0.04389641,0.024865145,GOOD,GOOD,
2024-10-19 00:00:00+00:00,0.32,0.32000000000000006,0.3535268,0.96956044,0.016948743,0.013490805,GOOD,GOOD,
2024-10-19 01:00:00+00:00,0.28500000000000003,0.2850000000000001,0.35599396,0.95496154,0.026706746,0.018331703,GOOD,GOOD,
2024-10-19 02:00:00+00:00,0.28500000000000003,0.2850000000000001,0.33177614,0.93880785,0.022550935,0.038641207,GOOD,GOOD,
2024-10-19 03:00:00+00:00,0.265,0.26500000000000007,0.31700453,0.9621557,0.020786766,0.017057564,GOOD,GOOD,
2024-10-19 04:00:00+00:00,0.28,0.28000000000000014,0.30194,0.9638343,0.02019242,0.015973266,GOOD,GOOD,
2024-10-19 05:00:00+00:00,0.29000000000000004,0.2900000000000001,0.3043239,0.90791655,0.028952131,0.063131355,GOOD,GOOD,
2024-10-19 06:00:00+00:00,0.325,0.32500000000000007,0.31495553,0.961815,0.024358064,0.0138269635,GOOD,GOOD,
2024-10-19 07:00:00+00:00,0.355,0.31699744349001535,0.34138608,0.97402346,0.0133543685,0.0126221515,SUSPECT,GOOD,D_drift
2024-10-19 08:00:00+00:00,0.32499999999999996,0.24899488698003058,0.3502372,0.8720092,0.08410266,0.043888107,SUSPECT,GOOD,D_drift
2024-10-19 09:00:00+00:00,0.29500000000000004,0.18099233047004595,0.3092706,0.74949276,0.17099127,0.07951598,SUSPECT,GOOD,D_drift
2024-10-19 10:00:00+00:00,0.26,0.10798977396006125,0.24359332,0.64402604,0.23550883,0.12046517,SUSPECT,GOOD,D_drift
2024-10-19 11:00:00+00:00,0.32999999999999996,0.1399872174500765,0.17110324,0.8171035,0.10241536,0.08048112,SUSPECT,GOOD,D_drift
2024-10-19 12:00:00+00:00,0.38,0.15198466094009183,0.15681468,0.9031759,0.053042326,0.0437818,SUSPECT,GOOD,D_drift
2024-10-19 13:00:00+00:00,0.28500000000000003,0.02,0.17106883,0.36992145,0.32202718,0.30805138,SUSPECT,GOOD,D_drift
2024-10-19 14:00:00+00:00,0.28500000000000003,0.02,0.10855962,0.6156024,0.21195808,0.17243956,SUSPECT,GOOD,D_drift
2024-10-19 15:00:00+00:00,0.315,0.02,0.0618961,0.65824616,0.07402225,0.26773158,SUSPECT,GOOD,D_drift
2024-10-19 16:00:00+00:00,0.295,0.02,0.047352184,0.69886065,0.06903017,0.23210919,SUSPECT,GOOD,D_drift
2024-10-19 17:00:00+00:00,0.325,0.02,0.04799737,0.6891123,0.059037987,0.25184968,SUSPECT,GOOD,D_drift
2024-10-19 18:00:00+00:00,0.32,0.02,0.050801165,0.6885952,0.047229238,0.26417556,SUSPECT,GOOD,D_drift
2024-10-19 19:00:00+00:00,0.37,0.02,0.05203668,0.63906795,0.04346227,0.31746978,SUSPECT,GOOD,D_drift
2024-10-19 20:00:00+00:00,0.385,0.02,0.052143496,0.6088493,0.0452242,0.34592652,SUSPECT,GOOD,D_drift
2024-10-19 21:00:00+00:00,0.31,0.02,0.051972173,0.5516839,0.04784147,0.4004746,SUSPECT,GOOD,D_drift
2024-10-19 22:00:00+00:00,0.295,0.02,0.051846065,0.49923962,0.05010739,0.450653,SUSPECT,GOOD,D_drift
2024-10-19 23:00:00+00:00,0.275,0.02,0.051769413,0.4949848,0.049711194,0.455304,SUSPECT,GOOD,D_drift
2024-10-20 00:00:00+00:00,0.29,0.02,0.05169177,0.4908672,0.049039233,0.46009356,SUSPECT,GOOD,D_drift
2024-10-20 01:00:00+00:00,0.26,0.02,0.051596057,0.4798447,0.053442147,0.46671316,SUSPECT,GOOD,D_drift
2024-10-20 02:00:00+00:00,0.255,0.02,0.05149145,0.42289627,0.052891735,0.524212,SUSPECT,GOOD,D_drift
2024-10-20 03:00:00+00:00,0.29000000000000004,0.02,0.05139277,0.41059393,0.054587778,0.5348183,BAD,GOOD,D_drift
2024-10-20 04:00:00+00:00,0.29500000000000004,0.02,0.05131054,0.405064,0.054972343,0.53996366,BAD,GOOD,D_drift
2024-10-20 05:00:00+00:00,0.29000000000000004,0.02,0.05125004,0.40052712,0.055122353,0.5443505,BAD,GOOD,D_drift
2024-10-20 06:00:00+00:00,0.295,0.02,0.051212266,0.39775002,0.055006467,0.54724354,BAD,GOOD,D_drift
2024-10-20 07:00:00+00:00,0.32,0.32000000000000006,0.05119588,0.53856075,0.25566903,0.20577021,GOOD,GOOD,
2024-10-20 08:00:00+00:00,0.33999999999999997,0.3400000000000001,0.22194868,0.53856075,0.25566903,0.20577021,GOOD,GOOD,
2024-10-20 09:00:00+00:00,0.315,0.31500000000000006,0.350478,0.53856075,0.25566903,0.20577021,GOOD,GOOD,
2024-10-20 10:00:00+00:00,0.265,0.26500000000000007,0.36902243,0.53856075,0.25566903,0.20577021,GOOD,GOOD,
2024-10-20 11:00:00+00:00,0.28,0.28000000000000014,0.32500795,0.53856075,0.25566903,0.20577021,GOOD,GOOD,
2024-10-20 12:00:00+00:00,0.31000000000000005,0.3100000000000001,0.30671138,0.53856075,0.25566903,0.20577021,GOOD,GOOD,
2024-10-20 13:00:00+00:00,0.34,0.34000000000000014,0.3243776,0.53856075,0.25566903,0.20577021,GOOD,GOOD,
2024-10-20 14:00:00+00:00,0.33,0.3300000000000001,0.35628173,0.53856075,0.25566903,0.20577021,GOOD,GOOD,
2024-10-20 15:00:00+00:00,0.395,0.3950000000000001,0.3645015,0.53856075,0.25566903,0.20577021,GOOD,GOOD,
2024-10-20 16:00:00+00:00,0.42500000000000004,0.42500000000000016,0.40204152,0.53856075,0.25566903,0.20577021,GOOD,GOOD,
2024-10-20 17:00:00+00:00,0.395,0.3950000000000001,0.44169503,0.53856075,0.25566903,0.20577021,GOOD,GOOD,
2024-10-20 18:00:00+00:00,0.42,0.42000000000000004,0.43758047,0.53856075,0.25566903,0.20577021,GOOD,GOOD,
2024-10-20 19:00:00+00:00,0.42,0.42000000000000004,0.44304562,0.53856075,0.25566903,0.20577021,GOOD,GOOD,
2024-10-20 20:00:00+00:00,0.435,0.4350000000000001,0.44811738,0.9739252,0.014374391,0.011700421,GOOD,GOOD,
2024-10-20 21:00:00+00:00,0.375,0.3750000000000001,0.45910984,0.92164594,0.04856484,0.029789241,GOOD,GOOD,
2024-10-20 22:00:00+00:00,0.32,0.32000000000000006,0.42728254,0.9185863,0.055585504,0.025828168,GOOD,GOOD,
2024-10-20 23:00:00+00:00,0.305,0.3050000000000001,0.37367877,0.94956625,0.027876997,0.02255679,GOOD,GOOD,
2024-10-21 00:00:00+00:00,0.275,0.2750000000000001,0.34063408,0.9532847,0.028044412,0.018670898,GOOD,GOOD,
2024-10-21 01:00:00+00:00,0.31,0.31000000000000005,0.31439418,0.9515692,0.030369677,0.01806114,GOOD,GOOD,
2024-10-21 02:00:00+00:00,0.27,0.2700000000000001,0.32541832,0.92498964,0.042155482,0.032854874,GOOD,GOOD,
2024-10-21 03:00:00+00:00,0.275,0.2750000000000001,0.31379864,0.95378786,0.020248324,0.025963813,GOOD,GOOD,
2024-10-21 04:00:00+00:00,0.305,0.3050000000000001,0.30622527,0.95791006,0.024551485,0.017538425,GOOD,GOOD,
2024-10-21 05:00:00+00:00,0.275,0.2750000000000001,0.322543,0.92980695,0.03448993,0.035703093,GOOD,GOOD,
2024-10-21 06:00:00+00:00,0.26,0.26000000000000006,0.31634954,0.86408985,0.047486365,0.08842379,GOOD,GOOD,
2024-10-21 07:00:00+00:00,0.28500000000000003,0.2850000000000001,0.29958466,0.9510776,0.022887599,0.026034843,GOOD,GOOD,
2024-10-21 08:00:00+00:00,0.28,0.28000000000000014,0.30598283,0.9322235,0.02218282,0.045593664,GOOD,GOOD,
2024-10-21 09:00:00+00:00,0.25,0.25,0.31090775,0.9085603,0.042904925,0.0485348,GOOD,GOOD,
2024-10-21 10:00:00+00:00,0.255,0.255,0.29415056,0.9162524,0.031290274,0.052457366,GOOD,GOOD,
2024-10-21 11:00:00+00:00,0.22499999999999998,0.22499999999999998,0.28565863,0.89735734,0.048558276,0.054084364,GOOD,GOOD,
2024-10-21 12:00:00+00:00,0.265,0.26500000000000007,0.2670336,0.9280016,0.03658256,0.035415873,GOOD,GOOD,
2024-10-21 13:00:00+00:00,0.265,0.26500000000000007,0.28022376,0.9212797,0.028881827,0.04983842,GOOD,GOOD,
2024-10-21 14:00:00+00:00,0.3,0.30000000000000004,0.29290137,0.9627309,0.0239379,0.013331244,GOOD,GOOD,
2024-10-21 15:00:00+00:00,0.28500000000000003,0.2850000000000001,0.3176372,0.97517854,0.013492412,0.011329069,GOOD,GOOD,
2024-10-21 16:00:00+00:00,0.35,0.35000000000000003,0.3212911,0.9102924,0.060269233,0.029438362,GOOD,GOOD,
2024-10-21 17:00:00+00:00,0.35,0.35000000000000003,0.35689524,0.9569125,0.023758361,0.019329106,GOOD,GOOD,
2024-10-21 18:00:00+00:00,0.315,0.31500000000000006,0.3783843,0.96653587,0.019210733,0.014253392,GOOD,GOOD,
2024-10-21 19:00:00+00:00,0.4,0.40000000000000013,0.3617193,0.8578694,0.09337786,0.04875278,GOOD,GOOD,
2024-10-21 20:00:00+00:00,0.395,0.3950000000000001,0.39951167,0.9363368,0.03677358,0.026889581,GOOD,GOOD,
2024-10-21 21:00:00+00:00,0.345,0.34500000000000003,0.4232498,0.94299376,0.036129735,0.020876482,GOOD,GOOD,
2024-10-21 22:00:00+00:00,0.265,0.26500000000000007,0.3972864,0.8439982,0.11221207,0.043789763,GOOD,GOOD,
2024-10-21 23:00:00+00:00,0.245,0.24500000000000002,0.33006412,0.9299033,0.04225937,0.027837327,GOOD,GOOD,
2024-10-22 00:00:00+00:00,0.235,0.02,0.28458178,0.14151716,0.35743824,0.5010446,BAD,BAD,G_missing_sentinel
2024-10-22 01:00:00+00:00,0.255,0.255,0.14460476,0.44354355,0.31877556,0.23768091,GOOD,GOOD,
2024-10-22 02:00:00+00:00,0.265,0.26500000000000007,0.19406812,0.46281105,0.38640088,0.15078805,GOOD,GOOD,
2024-10-22 03:00:00+00:00,0.265,0.26500000000000007,0.26965073,0.77317655,0.03693661,0.18988685,GOOD,GOOD,
2024-10-22 04:00:00+00:00,0.28,0.28000000000000014,0.29966986,0.937421,0.02274517,0.03983379,GOOD,GOOD,
2024-10-22 05:00:00+00:00,0.315,0.31500000000000006,0.3101576,0.94966185,0.031011513,0.019326625,GOOD,GOOD,
2024-10-22 06:00:00+00:00,0.275,0.2750000000000001,0.33269426,0.96921736,0.019159269,0.011623363,GOOD,GOOD,
2024-10-22 07:00:00+00:00,0.265,0.26500000000000007,0.32119372,0.9296823,0.02115611,0.049161576,GOOD,GOOD,
2024-10-22 08:00:00+00:00,0.27,1.201597716771299,0.3032169,0.10884583,0.1333756,0.7577786,BAD,BAD,F_burst_noise
2024-10-22 09:00:00+00:00,0.22499999999999998,0.8015567262200826,0.92707425,0.53856075,0.25566903,0.20577021,BAD,GOOD,F_burst_noise
2024-10-22 10:00:00+00:00,0.21000000000000002,0.48817717007851164,0.95611024,0.03563392,0.45000362,0.51436245,BAD,SUSPECT,F_burst_noise
2024-10-22 11:00:00+00:00,0.23,0.23000000000000004,0.64960593,0.020940244,0.5487979,0.43026185,GOOD,SUSPECT,
2024-10-22 12:00:00+00:00,0.255,0.255,0.3576742,0.88456523,0.08587415,0.029560607,GOOD,GOOD,
2024-10-22 13:00:00+00:00,0.24,0.24,0.26518452,0.96733415,0.021341763,0.011324071,GOOD,GOOD,
2024-10-22 14:00:00+00:00,0.245,0.24500000000000002,0.25754774,0.9385234,0.023591286,0.03788532,GOOD,GOOD,
2024-10-22 15:00:00+00:00,0.27,0.2700000000000001,0.2695824,0.96252924,0.023269596,0.014201188,GOOD,GOOD,
2024-10-22 16:00:00+00:00,0.275,0.2750000000000001,0.29043654,0.9382976,0.020602541,0.04109984,GOOD,GOOD,
2024-10-22 17:00:00+00:00,0.29,0.29000000000000004,0.30308932,0.95613414,0.021127684,0.022738172,GOOD,GOOD,
2024-10-22 18:00:00+00:00,0.28214285714285714,0.2821428571428572,0.3151605,0.9578006,0.018272555,0.023926822,GOOD,GOOD,
2024-10-22 19:00:00+00:00,0.27428571428571424,0.2742857142857143,0.31581342,0.8513365,0.037421122,0.11124243,GOOD,GOOD,
2024-10-22 20:00:00+00:00,0.2664285714285714,0.26642857142857146,0.3092973,0.8262602,0.01862575,0.15511404,GOOD,GOOD,
2024-10-22 21:00:00+00:00,0.25857142857142856,0.25857142857142856,0.30106375,0.8274146,0.018948067,0.15363738,GOOD,GOOD,
2024-10-22 22:00:00+00:00,0.2507142857142857,0.2507142857142857,0.29305565,0.8313499,0.02285735,0.14579275,GOOD,GOOD,
2024-10-22 23:00:00+00:00,0.24285714285714283,0.24285714285714283,0.2852922,0.8277757,0.03605196,0.13617232,GOOD,GOOD,
2024-10-23 00:00:00+00:00,0.235,0.02,0.27750304,0.23501408,0.2788099,0.486176,SUSPECT,SUSPECT,F_burst_noise
2024-10-23 01:00:00+00:00,0.235,0.11381328212004498,0.1483951,0.53856075,0.25566903,0.20577021,SUSPECT,GOOD,F_burst_noise
2024-10-23 02:00:00+00:00,0.235,0.14227479471500498,0.11715993,0.77178043,0.13277939,0.09544017,SUSPECT,GOOD,F_burst_noise
2024-10-23 03:00:00+00:00,0.245,0.18806710053427722,0.14631204,0.86339927,0.093467824,0.043132927,SUSPECT,GOOD,F_burst_noise
2024-10-23 04:00:00+00:00,0.25,0.11164111498702518,0.19581366,0.6286933,0.21503793,0.15626879,SUSPECT,GOOD,F_burst_noise
2024-10-23 05:00:00+00:00,0.245,0.20994824389958208,0.17618936,0.6942463,0.20603053,0.09972321,SUSPECT,GOOD,F_burst_noise
2024-10-23 06:00:00+00:00,0.265,0.5681119945599742,0.20689365,0.18205398,0.36165628,0.45628974,SUSPECT,SUSPECT,F_burst_noise
2024-10-23 07:00:00+00:00,0.29000000000000004,0.3238925789908192,0.45346287,0.5140345,0.2326996,0.2532659,SUSPECT,GOOD,F_burst_noise
2024-10-23 08:00:00+00:00,0.29000000000000004,0.492371866552533,0.44117874,0.67180437,0.22221202,0.10598363,SUSPECT,GOOD,F_burst_noise
2024-10-23 09:00:00+00:00,0.30500000000000005,0.3164874824462756,0.48310953,0.5339517,0.2730351,0.19301319,SUSPECT,GOOD,F_burst_noise
2024-10-23 10:00:00+00:00,0.27,0.2975382800275918,0.40696472,0.8669941,0.0826191,0.050386816,SUSPECT,GOOD,F_burst_noise
2024-10-23 11:00:00+00:00,0.24,0.2368396317033339,0.343187,0.9273444,0.051060833,0.02159481,SUSPECT,GOOD,F_burst_noise
2024-10-23 12:00:00+00:00,0.225,0.225,0.2871789,0.967731,0.018617548,0.013651482,GOOD,GOOD,
2024-10-23 13:00:00+00:00,0.24,0.24,0.2586021,0.97083193,0.017009296,0.012158793,GOOD,GOOD,
2024-10-23 14:00:00+00:00,0.255,0.255,0.26097342,0.8975186,0.033577435,0.06890397,GOOD,GOOD,
2024-10-23 15:00:00+00:00,0.24,0.24,0.27653962,0.9679093,0.0177112,0.01437953,GOOD,GOOD,
2024-10-23 16:00:00+00:00,0.22499999999999998,0.22499999999999998,0.27605572,0.8128346,0.05194821,0.13521719,GOOD,GOOD,
2024-10-23 17:00:00+00:00,0.245,0.24500000000000002,0.26331803,0.96360236,0.022037527,0.0143600935,GOOD,GOOD,
2024-10-23 18:00:00+00:00,0.255,0.255,0.26768297,0.8927759,0.026991237,0.08023286,GOOD,GOOD,
2024-10-23 19:00:00+00:00,0.265,0.26500000000000007,0.2796496,0.81561166,0.035977457,0.1484109,GOOD,GOOD,
2024-10-23 20:00:00+00:00,0.275,0.2750000000000001,0.29167885,0.831825,0.030761681,0.1374133,GOOD,GOOD,
2024-10-23 21:00:00+00:00,0.29000000000000004,0.2900000000000001,0.3023645,0.9197231,0.024782576,0.055494323,GOOD,GOOD,
2024-10-23 22:00:00+00:00,0.315,0.31500000000000006,0.3153663,0.95782954,0.020500572,0.021669874,GOOD,GOOD,
2024-10-23 23:00:00+00:00,0.29500000000000004,0.2950000000000001,0.3361018,0.94437665,0.02586209,0.029761244,GOOD,GOOD,
2024-10-24 00:00:00+00:00,0.24,0.24,0.3339642,0.8087264,0.122531265,0.06874235,GOOD,GOOD,
2024-10-24 01:00:00+00:00,0.225,0.225,0.29556027,0.8019159,0.09399767,0.10408643,GOOD,GOOD,
2024-10-24 02:00:00+00:00,0.235,0.235,0.26426712,0.9281931,0.03010594,0.041700963,GOOD,GOOD,
2024-10-24 03:00:00+00:00,0.245,0.24500000000000002,0.2596741,0.7835711,0.045983005,0.17044589,GOOD,GOOD,
2024-10-24 04:00:00+00:00,0.22999999999999998,0.23,0.2691557,0.9084208,0.035982933,0.05559625,GOOD,GOOD,
2024-10-24 05:00:00+00:00,0.21,0.21,0.26648325,0.83759016,0.06057491,0.101834945,GOOD,GOOD,
2024-10-24 06:00:00+00:00,0.20500000000000002,0.20500000000000002,0.2506504,0.8296453,0.04920896,0.12114579,GOOD,GOOD,
2024-10-24 07:00:00+00:00,0.2,0.2,0.2386931,0.63377964,0.059347976,0.30687237,GOOD,GOOD,
2024-10-24 08:00:00+00:00,0.21000000000000002,0.21000000000000002,0.23209658,0.92226624,0.02710881,0.050624967,GOOD,GOOD,
2024-10-24 09:00:00+00:00,0.22,0.22,0.23618013,0.7834302,0.04295455,0.17361522,GOOD,GOOD,
2024-10-24 10:00:00+00:00,0.245,0.24500000000000002,0.24593075,0.9318144,0.027562136,0.040623482,GOOD,GOOD,
2024-10-24 11:00:00+00:00,0.22,0.22,0.265509,0.8864205,0.04700948,0.066570014,GOOD,GOOD,
2024-10-24 12:00:00+00:00,0.21,0.21,0.26104018,0.81559855,0.06295151,0.121449925,GOOD,GOOD,
2024-10-24 13:00:00+00:00,0.25,0.25,0.24780123,0.93444204,0.040902242,0.024655724,GOOD,GOOD,
2024-10-24 14:00:00+00:00,0.24,0.24,0.26444668,0.9672092,0.019118551,0.01367223,GOOD,GOOD,
2024-10-24 15:00:00+00:00,0.21,0.21,0.27238485,0.9616895,0.021780802,0.01652974,GOOD,GOOD,
2024-10-24 16:00:00+00:00,0.255,0.255,0.25524586,0.9002668,0.063086,0.03664718,GOOD,GOOD,
2024-10-24 17:00:00+00:00,0.20500000000000002,0.20500000000000002,0.26918238,0.8679302,0.08368586,0.048383985,GOOD,GOOD,
2024-10-24 18:00:00+00:00,0.21000000000000002,0.21000000000000002,0.2534047,0.9535102,0.025577776,0.02091198,GOOD,GOOD,
2024-10-24 19:00:00+00:00,0.24,0.24,0.2422174,0.96121675,0.023623819,0.015159452,GOOD,GOOD,
2024-10-24 20:00:00+00:00,0.28500000000000003,0.2850000000000001,0.25697204,0.9242171,0.051725235,0.024057636,GOOD,GOOD,
2024-10-24 21:00:00+00:00,0.275,0.2750000000000001,0.29521957,0.957423,0.024371319,0.018205736,GOOD,GOOD,
2024-10-24 22:00:00+00:00,0.29,0.29000000000000004,0.309188,0.96456856,0.019645156,0.015786288,GOOD,GOOD,
2024-10-24 23:00:00+00:00,0.32,0.32000000000000006,0.31776828,0.94656426,0.03173519,0.021700563,GOOD,GOOD,
2024-10-25 00:00:00+00:00,0.3,0.30000000000000004,0.33880645,0.9547085,0.026208078,0.019083412,GOOD,GOOD,
2024-10-25 01:00:00+00:00,0.295,0.29500000000000004,0.33799124,0.95427966,0.019198041,0.026522268,GOOD,GOOD,
2024-10-25 02:00:00+00:00,0.245,0.24500000000000002,0.3297503,0.93095213,0.043905307,0.025142577,GOOD,GOOD,
2024-10-25 03:00:00+00:00,0.21500000000000002,0.21500000000000002,0.2959615,0.9449368,0.033476092,0.02158709,GOOD,GOOD,
2024-10-25 04:00:00+00:00,0.185,0.185,0.25960842,0.8925955,0.05499217,0.05241228,GOOD,GOOD,
2024-10-25 05:00:00+00:00,0.185,0.185,0.22742888,0.95348024,0.024256745,0.022263033,GOOD,GOOD,
2024-10-25 06:00:00+00:00,0.195,0.195,0.21483262,0.95545965,0.022537904,0.022002427,GOOD,GOOD,
2024-10-25 07:00:00+00:00,0.19,0.19,0.21946324,0.9520923,0.02304464,0.024863096,GOOD,GOOD,
2024-10-25 08:00:00+00:00,0.22,0.22,0.22179358,0.9442648,0.03276785,0.02296733,GOOD,GOOD,
2024-10-25 09:00:00+00:00,0.33,0.3300000000000001,0.23902087,0.61112297,0.27875128,0.11012571,GOOD,GOOD,
2024-10-25 10:00:00+00:00,0.315,0.31500000000000006,0.31474125,0.9267614,0.04385198,0.029386615,GOOD,GOOD,
2024-10-25 11:00:00+00:00,0.33999999999999997,0.3400000000000001,0.34908003,0.9584276,0.024099514,0.017472902,GOOD,GOOD,
2024-10-25 12:00:00+00:00,0.37,0.37000000000000005,0.367006,0.9541794,0.026703084,0.019117527,GOOD,GOOD,
2024-10-25 13:00:00+00:00,0.315,0.31500000000000006,0.39021787,0.9481135,0.032392517,0.01949397,GOOD,GOOD,
2024-10-25 14:00:00+00:00,0.325,0.32500000000000007,0.3673663,0.97399056,0.014230793,0.01177867,GOOD,GOOD,
2024-10-25 15:00:00+00:00,0.275,0.2750000000000001,0.3549982,0.947279,0.03316494,0.019556055,GOOD,GOOD,
2024-10-25 16:00:00+00:00,0.225,0.225,0.3235333,0.9133077,0.058697287,0.027994964,GOOD,GOOD,
2024-10-25 17:00:00+00:00,0.195,0.195,0.2772839,0.93390393,0.042034194,0.024061887,GOOD,GOOD,
2024-10-25 18:00:00+00:00,0.21000000000000002,0.21000000000000002,0.23832746,0.9563441,0.025497839,0.018158063,GOOD,GOOD,
2024-10-25 19:00:00+00:00,0.255,0.255,0.23258701,0.9239786,0.052047383,0.023973973,GOOD,GOOD,
2024-10-25 20:00:00+00:00,0.28,0.28000000000000014,0.2634748,0.9508034,0.032473102,0.0167235,GOOD,GOOD,
2024-10-25 21:00:00+00:00,0.275,0.2750000000000001,0.29813284,0.96836543,0.015099034,0.016535543,GOOD,GOOD,
2024-10-25 22:00:00+00:00,0.295,0.29500000000000004,0.3089674,0.97320193,0.015030202,0.011767894,GOOD,GOOD,
2024-10-25 23:00:00+00:00,0.27,0.2700000000000001,0.32009244,0.97149956,0.015148525,0.013351912,GOOD,GOOD,
2024-10-26 00:00:00+00:00,0.3,0.30000000000000004,0.31065208,0.96718323,0.018947044,0.01386972,GOOD,GOOD,
2024-10-26 01:00:00+00:00,0.275,0.2750000000000001,0.32034138,0.97000384,0.015767805,0.014228337,GOOD,GOOD,
2024-10-26 02:00:00+00:00,0.28500000000000003,0.2850000000000001,0.31409836,0.9743696,0.0122583825,0.013372043,GOOD,GOOD,
2024-10-26 03:00:00+00:00,0.21500000000000002,0.21500000000000002,0.31354406,0.831552,0.11144447,0.05700353,GOOD,GOOD,
2024-10-26 04:00:00+00:00,0.155,0.155,0.2738499,0.76032394,0.17275292,0.06692314,GOOD,GOOD,
2024-10-26 05:00:00+00:00,0.155,0.155,0.21463102,0.90930593,0.046795893,0.043898147,GOOD,GOOD,
2024-10-26 06:00:00+00:00,0.15,0.15,0.18644547,0.8076823,0.05054061,0.14177711,GOOD,GOOD,
2024-10-26 07:00:00+00:00,0.14500000000000002,0.145,0.17905313,0.73986,0.051485397,0.20865461,GOOD,GOOD,
2024-10-26 08:00:00+00:00,0.175,0.175,0.17669897,0.9430731,0.032478068,0.024448842,GOOD,GOOD,
2024-10-26 09:00:00+00:00,0.195,0.195,0.19315735,0.93334126,0.034686707,0.03197203,GOOD,GOOD,
2024-10-26 10:00:00+00:00,0.215,0.215,0.21594116,0.9071471,0.035507374,0.057345502,GOOD,GOOD,
2024-10-26 11:00:00+00:00,0.27,0.2700000000000001,0.23798428,0.92526835,0.05223813,0.022493543,GOOD,GOOD,
2024-10-26 12:00:00+00:00,0.29500000000000004,0.2950000000000001,0.2790936,0.95595837,0.027802382,0.016239261,GOOD,GOOD,
2024-10-26 13:00:00+00:00,0.245,0.24500000000000002,0.31522462,0.95841134,0.025097633,0.016491057,GOOD,GOOD,
2024-10-26 14:00:00+00:00,0.24,0.24,0.2984431,0.9710883,0.013039684,0.015871996,GOOD,GOOD,
2024-10-26 15:00:00+00:00,0.225,0.225,0.27762508,0.9117945,0.025805611,0.062399928,GOOD,GOOD,
2024-10-26 16:00:00+00:00,0.22,0.22,0.26102456,0.8620674,0.028416758,0.10951584,GOOD,GOOD,
2024-10-26 17:00:00+00:00,0.2,0.2,0.2521952,0.957348,0.021459019,0.02119298,GOOD,GOOD,
2024-10-26 18:00:00+00:00,0.195,0.195,0.23842219,0.90219367,0.027326625,0.07047972,GOOD,GOOD,
2024-10-26 19:00:00+00:00,0.22,0.22,0.22837064,0.9643091,0.02158049,0.014110394,GOOD,GOOD,
2024-10-26 20:00:00+00:00,0.27,0.2700000000000001,0.2395496,0.9222789,0.05453463,0.023186516,GOOD,GOOD,
2024-10-26 21:00:00+00:00,0.305,0.3050000000000001,0.27814552,0.93853694,0.041639537,0.019823508,GOOD,GOOD,
2024-10-26 22:00:00+00:00,0.3,0.30000000000000004,0.3202582,0.9664572,0.018318987,0.015223812,GOOD,GOOD,
2024-10-26 23:00:00+00:00,0.32999999999999996,0.33000000000000007,0.33410922,0.9620932,0.02268903,0.01521777,GOOD,GOOD,
2024-10-27 00:00:00+00:00,0.29500000000000004,0.2950000000000001,0.35160732,0.96418333,0.020787286,0.015029388,GOOD,GOOD,
2024-10-27 01:00:00+00:00,0.25,0.25,0.3391829,0.93929505,0.037660085,0.023044888,GOOD,GOOD,
2024-10-27 02:00:00+00:00,0.26,0.26000000000000006,0.3013268,0.9728606,0.014274331,0.012865065,GOOD,GOOD,
2024-10-27 03:00:00+00:00,0.25,0.25,0.28744447,0.96096694,0.016324596,0.022708436,GOOD,GOOD,
2024-10-27 04:00:00+00:00,0.20500000000000002,0.20500000000000002,0.28169706,0.91807914,0.051006332,0.03091455,GOOD,GOOD,
2024-10-27 05:00:00+00:00,0.135,0.135,0.25408486,0.7130418,0.20959711,0.077361114,GOOD,GOOD,
2024-10-27 06:00:00+00:00,0.14500000000000002,0.145,0.19767924,0.91805065,0.047390807,0.034558557,GOOD,GOOD,
2024-10-27 07:00:00+00:00,0.18,0.18,0.17357688,0.9416328,0.037888728,0.02047845,GOOD,GOOD,
2024-10-27 08:00:00+00:00,0.16,0.16,0.19134842,0.94981736,0.02991034,0.020272298,GOOD,GOOD,
2024-10-27 09:00:00+00:00,0.165,0.165,0.19617978,0.947865,0.023589242,0.028545752,GOOD,GOOD,
2024-10-27 10:00:00+00:00,0.18,0.18,0.1966505,0.9391271,0.026418056,0.03445486,GOOD,GOOD,
2024-10-27 11:00:00+00:00,0.18,0.18,0.20497954,0.88505566,0.028303923,0.08664042,GOOD,GOOD,
2024-10-27 12:00:00+00:00,0.24,0.24,0.21054603,0.9055345,0.06355858,0.030906906,GOOD,GOOD,
2024-10-27 13:00:00+00:00,0.25,0.25,0.24673325,0.958532,0.02373266,0.017735338,GOOD,GOOD,
2024-10-27 14:00:00+00:00,0.26,0.26000000000000006,0.27486843,0.8488072,0.032111697,0.1190811,GOOD,GOOD,
2024-10-27 15:00:00+00:00,0.22999999999999998,0.23,0.28943813,0.9690213,0.016500264,0.014478434,GOOD,GOOD,
2024-10-27 16:00:00+00:00,0.23,0.23000000000000004,0.2750722,0.94395214,0.016357215,0.039690644,GOOD,GOOD,
2024-10-27 17:00:00+00:00,0.17,0.17,0.2633075,0.88113266,0.08058886,0.03827847,GOOD,GOOD,
2024-10-27 18:00:00+00:00,0.19,0.19,0.22516975,0.9624114,0.022238944,0.015349683,GOOD,GOOD,
2024-10-27 19:00:00+00:00,0.185,0.185,0.21465968,0.9448714,0.021650935,0.033477608,GOOD,GOOD,
2024-10-27 20:00:00+00:00,0.22499999999999998,0.22499999999999998,0.21433347,0.950144,0.032677278,0.017178725,GOOD,GOOD,
2024-10-27 21:00:00+00:00,0.22,0.22,0.23859657,0.96840453,0.016409857,0.015185581,GOOD,GOOD,
2024-10-27 22:00:00+00:00,0.21000000000000002,0.21000000000000002,0.25108963,0.866871,0.028620277,0.10450871,GOOD,GOOD,
2024-10-27 23:00:00+00:00,0.27,0.2700000000000001,0.24702837,0.90587056,0.062816545,0.03131292,GOOD,GOOD,
2024-10-28 00:00:00+00:00,0.30000000000000004,0.3000000000000001,0.27719203,0.9381553,0.040039606,0.021805098,GOOD,GOOD,
2024-10-28 01:00:00+00:00,0.25,0.25,0.315662,0.9554357,0.027416384,0.017147943,GOOD,GOOD,
2024-10-28 02:00:00+00:00,0.22,0.22,0.3021907,0.9509599,0.026583519,0.02245656,GOOD,GOOD,
2024-10-28 03:00:00+00:00,0.18,0.18,0.26798493,0.9428916,0.03595318,0.021155221,GOOD,GOOD,
2024-10-28 04:00:00+00:00,0.16499999999999998,0.16499999999999998,0.22795552,0.95787674,0.022500185,0.019623058,GOOD,GOOD,
2024-10-28 05:00:00+00:00,0.135,0.135,0.20188534,0.94706094,0.032962997,0.019976074,GOOD,GOOD,
2024-10-28 06:00:00+00:00,0.195,0.195,0.17703243,0.88842237,0.07589255,0.035685062,GOOD,GOOD,
2024-10-28 07:00:00+00:00,0.2,0.2,0.20020653,0.96445084,0.021211527,0.014337647,GOOD,GOOD,
2024-10-28 08:00:00+00:00,0.22,0.22,0.22413647,0.95650077,0.023482963,0.020016283,GOOD,GOOD,
2024-10-28 09:00:00+00:00,0.22,0.22,0.24424759,0.9120584,0.024048388,0.0638932,GOOD,GOOD,
2024-10-28 10:00:00+00:00,0.235,0.235,0.25186658,0.9545277,0.020787783,0.02468456,GOOD,GOOD,
2024-10-28 11:00:00+00:00,0.265,0.26500000000000007,0.26117262,0.9623425,0.023195626,0.014461878,GOOD,GOOD,
2024-10-28 12:00:00+00:00,0.28500000000000003,0.2850000000000001,0.28348023,0.9467934,0.027132034,0.026074586,GOOD,GOOD,
2024-10-28 13:00:00+00:00,0.23,0.23000000000000004,0.30729252,0.9512706,0.030032774,0.018696632,GOOD,GOOD,
2024-10-28 14:00:00+00:00,0.225,0.225,0.28436947,0.97137284,0.013952402,0.014674738,GOOD,GOOD,
2024-10-28 15:00:00+00:00,0.20500000000000002,0.20500000000000002,0.26207772,0.95565945,0.020497007,0.023843529,GOOD,GOOD,
2024-10-28 16:00:00+00:00,0.16999999999999998,0.16999999999999998,0.2427799,0.9477789,0.033274524,0.01894657,GOOD,GOOD,
2024-10-28 17:00:00+00:00,0.18,0.18,0.21516486,0.96426696,0.020506624,0.015226444,GOOD,GOOD,
2024-10-28 18:00:00+00:00,0.2,0.2,0.20721084,0.95843756,0.023091678,0.018470746,GOOD,GOOD,
2024-10-28 19:00:00+00:00,0.20500000000000002,0.20500000000000002,0.22000946,0.9414212,0.02363345,0.03494536,GOOD,GOOD,
2024-10-28 20:00:00+00:00,0.215,0.215,0.2323377,0.90041465,0.028313005,0.07127236,GOOD,GOOD,
2024-10-28 21:00:00+00:00,0.225,0.225,0.24251083,0.8342692,0.0361199,0.12961087,GOOD,GOOD,
2024-10-28 22:00:00+00:00,0.22999999999999998,0.23,0.2521683,0.852504,0.033713084,0.113782935,GOOD,GOOD,
2024-10-28 23:00:00+00:00,0.235,0.235,0.25910833,0.71252894,0.041959915,0.24551111,GOOD,GOOD,
2024-10-29 00:00:00+00:00,0.325,0.32500000000000007,0.26435834,0.73139614,0.18050466,0.0880992,GOOD,GOOD,
2024-10-29 01:00:00+00:00,0.26,0.26000000000000006,0.31959727,0.7295047,0.17137723,0.099118054,GOOD,GOOD,
2024-10-29 02:00:00+00:00,0.275,0.2750000000000001,0.31411707,0.92896664,0.041327987,0.029705351,GOOD,GOOD,
2024-10-29 03:00:00+00:00,0.29000000000000004,0.2900000000000001,0.3063213,0.90808064,0.033665363,0.058253977,GOOD,GOOD,
2024-10-29 04:00:00+00:00,0.2,0.2,0.31343132,0.7130226,0.18703522,0.09994223,GOOD,GOOD,
2024-10-29 05:00:00+00:00,0.19,0.19,0.2666267,0.907763,0.05372138,0.038515586,GOOD,GOOD,
2024-10-29 06:00:00+00:00,0.185,0.185,0.22975539,0.8689457,0.034125715,0.09692857,GOOD,GOOD,
2024-10-29 07:00:00+00:00,0.195,0.195,0.21513836,0.9653659,0.019492451,0.015141681,GOOD,GOOD,
2024-10-29 08:00:00+00:00,0.22999999999999998,0.23,0.21928018,0.94587094,0.03539391,0.018735183,GOOD,GOOD,
2024-10-29 09:00:00+00:00,0.22999999999999998,0.23,0.24477114,0.96827996,0.017348122,0.014371901,GOOD,GOOD,
2024-10-29 10:00:00+00:00,0.24,0.24,0.25964504,0.94797593,0.021145893,0.030878158,GOOD,GOOD,
2024-10-29 11:00:00+00:00,0.245,0.24500000000000002,0.268611,0.88328356,0.027303703,0.089412756,GOOD,GOOD,
2024-10-29 12:00:00+00:00,0.315,0.31500000000000006,0.27437487,0.8248474,0.11738941,0.057763167,GOOD,GOOD,
2024-10-29 13:00:00+00:00,0.27,0.2700000000000001,0.31775883,0.8975214,0.06487243,0.037606195,GOOD,GOOD,
2024-10-29 14:00:00+00:00,0.3,0.30000000000000004,0.31678486,0.93499285,0.038887996,0.026119132,GOOD,GOOD,
2024-10-29 15:00:00+00:00,0.27,0.2700000000000001,0.32362282,0.9577712,0.02436385,0.017864965,GOOD,GOOD,
2024-10-29 16:00:00+00:00,0.305,0.3050000000000001,0.31153923,0.9402118,0.036283422,0.023504784,GOOD,GOOD,
2024-10-29 17:00:00+00:00,0.28,0.28000000000000014,0.32320747,0.9663171,0.019180216,0.014502674,GOOD,GOOD,
2024-10-29 18:00:00+00:00,0.255,0.255,0.318553,0.87716484,0.043887626,0.07894756,GOOD,GOOD,
2024-10-29 19:00:00+00:00,0.21000000000000002,0.21000000000000002,0.2977094,0.9062856,0.060281597,0.033432823,GOOD,GOOD,
2024-10-29 20:00:00+00:00,0.235,0.235,0.26003087,0.95997185,0.023085512,0.016942656,GOOD,GOOD,
2024-10-29 21:00:00+00:00,0.235,0.235,0.25580645,0.8816283,0.028879588,0.08949212,GOOD,GOOD,
2024-10-29 22:00:00+00:00,0.245,0.24500000000000002,0.26189336,0.88471586,0.032458123,0.08282603,GOOD,GOOD,
2024-10-29 23:00:00+00:00,0.26,0.26000000000000006,0.27143356,0.90465,0.031472318,0.06387773,GOOD,GOOD,
2024-10-30 00:00:00+00:00,0.30000000000000004,0.3000000000000001,0.28463766,0.9452477,0.03519605,0.019556215,GOOD,GOOD,
2024-10-30 01:00:00+00:00,0.27,0.2700000000000001,0.31447843,0.9685107,0.0183055,0.013183786,GOOD,GOOD,
2024-10-30 02:00:00+00:00,0.28,0.28000000000000014,0.31225199,0.97366947,0.013784937,0.012545583,GOOD,GOOD,
2024-10-30 03:00:00+00:00,0.305,0.3050000000000001,0.3099854,0.96679026,0.019531196,0.013678528,GOOD,GOOD,
2024-10-30 04:00:00+00:00,0.315,0.31500000000000006,0.32496026,0.9405948,0.024885267,0.03451994,GOOD,GOOD,
2024-10-30 05:00:00+00:00,0.29000000000000004,0.2900000000000001,0.34062496,0.96550053,0.018127292,0.016372198,GOOD,GOOD,
2024-10-30 06:00:00+00:00,0.26,0.26000000000000006,0.3315029,0.9229533,0.035694316,0.041352354,GOOD,GOOD,
2024-10-30 07:00:00+00:00,0.235,0.235,0.30489925,0.9014488,0.045620475,0.05293073,GOOD,GOOD,
2024-10-30 08:00:00+00:00,0.27,0.2700000000000001,0.2765129,0.9525443,0.029509386,0.017946362,GOOD,GOOD,
2024-10-30 09:00:00+00:00,0.28500000000000003,0.2850000000000001,0.28547812,0.96226794,0.020492865,0.0172392,GOOD,GOOD,
2024-10-30 10:00:00+00:00,0.31,0.31000000000000005,0.30616015,0.96054786,0.023895212,0.015556952,GOOD,GOOD,
2024-10-30 11:00:00+00:00,0.265,0.26500000000000007,0.33076248,0.95563245,0.026445273,0.017922293,GOOD,GOOD,
2024-10-30 12:00:00+00:00,0.275,0.2750000000000001,0.3143367,0.97570926,0.012655138,0.011635619,GOOD,GOOD,
2024-10-30 13:00:00+00:00,0.28500000000000003,0.2850000000000001,0.30494064,0.86054814,0.029985823,0.10946601,GOOD,GOOD,
2024-10-30 14:00:00+00:00,0.29,0.29000000000000004,0.30980727,0.8690197,0.028169774,0.10281054,GOOD,GOOD,
2024-10-30 15:00:00+00:00,0.30000000000000004,0.3000000000000001,0.3175853,0.91505307,0.025494317,0.059452593,GOOD,GOOD,
2024-10-30 16:00:00+00:00,0.31999999999999995,0.32,0.32686606,0.9645274,0.019174827,0.016297722,GOOD,GOOD,
2024-10-30 17:00:00+00:00,0.365,0.3650000000000001,0.34279037,0.9241769,0.048441254,0.027381865,GOOD,GOOD,
2024-10-30 18:00:00+00:00,0.345,0.34500000000000003,0.3777027,0.95278466,0.026943173,0.020272154,GOOD,GOOD,
2024-10-30 19:00:00+00:00,0.28500000000000003,0.2850000000000001,0.38291788,0.9259146,0.04803964,0.026045794,GOOD,GOOD,
2024-10-30 20:00:00+00:00,0.29000000000000004,0.2900000000000001,0.34233943,0.9704545,0.016048033,0.013497473,GOOD,GOOD,
2024-10-30 21:00:00+00:00,0.28,0.28000000000000014,0.32080895,0.9634867,0.014963999,0.021549318,GOOD,GOOD,
2024-10-30 22:00:00+00:00,0.295,0.29500000000000004,0.31140736,0.97305423,0.014926926,0.012018857,GOOD,GOOD,
2024-10-30 23:00:00+00:00,0.22999999999999998,0.23,0.31848136,0.7961243,0.13468847,0.06918726,GOOD,GOOD,
2024-10-31 00:00:00+00:00,0.26,0.26000000000000006,0.28611237,0.9307537,0.041706756,0.027539544,GOOD,GOOD,
2024-10-31 01:00:00+00:00,0.28500000000000003,0.2850000000000001,0.28162,0.94819653,0.027185611,0.02461784,GOOD,GOOD,
2024-10-31 02:00:00+00:00,0.275,0.2750000000000001,0.30175957,0.9730486,0.015008641,0.011942743,GOOD,GOOD,
2024-10-31 03:00:00+00:00,0.31,0.31000000000000005,0.3084926,0.9499125,0.03075721,0.019330328,GOOD,GOOD,
2024-10-31 04:00:00+00:00,0.33499999999999996,0.335,0.32843056,0.9468533,0.03139694,0.021749776,GOOD,GOOD,
2024-10-31 05:00:00+00:00,0.34,0.34000000000000014,0.35474473,0.93426996,0.028307013,0.037423015,GOOD,GOOD,
2024-10-31 06:00:00+00:00,0.29000000000000004,0.2900000000000001,0.3691402,0.95149034,0.02925266,0.019256972,GOOD,GOOD,
2024-10-31 07:00:00+00:00,0.21500000000000002,0.21500000000000002,0.3421417,0.74546814,0.17474928,0.079782575,GOOD,GOOD,
2024-10-31 08:00:00+00:00,0.26,0.26000000000000006,0.27927548,0.9230125,0.047238678,0.029748807,GOOD,GOOD,
2024-10-31 09:00:00+00:00,0.25,0.25,0.27345747,0.96249163,0.020753613,0.016754782,GOOD,GOOD,
2024-10-31 10:00:00+00:00,0.315,0.31500000000000006,0.2785351,0.891475,0.076685734,0.031839263,GOOD,GOOD,
2024-10-31 11:00:00+00:00,0.25,0.25,0.31962982,0.8926687,0.06783679,0.039494514,GOOD,GOOD,
2024-10-31 12:00:00+00:00,0.265,0.26500000000000007,0.30507168,0.96721876,0.018200079,0.014581171,GOOD,GOOD,
2024-10-31 13:00:00+00:00,0.305,0.3050000000000001,0.29512632,0.95855176,0.026853641,0.014594583,GOOD,GOOD,
2024-10-31 14:00:00+00:00,0.315,0.31500000000000006,0.31751335,0.9644347,0.018940978,0.016624343,GOOD,GOOD,
2024-10-31 15:00:00+00:00,0.335,0.3350000000000001,0.33936232,0.9552739,0.022375418,0.02235063,GOOD,GOOD,
2024-10-31 16:00:00+00:00,0.32999999999999996,0.33000000000000007,0.35900244,0.95440114,0.01647049,0.029128404,GOOD,GOOD,
2024-10-31 17:00:00+00:00,0.38,0.38000000000000006,0.36330083,0.9383188,0.03892654,0.02275465,GOOD,GOOD,
2024-10-31 18:00:00+00:00,0.38,0.38000000000000006,0.39227813,0.9525255,0.023397682,0.024076832,GOOD,GOOD,
2024-10-31 19:00:00+00:00,0.38,0.38000000000000006,0.4089996,0.7492208,0.040844303,0.2099349,GOOD,GOOD,
2024-10-31 20:00:00+00:00,0.29,0.29000000000000004,0.41221294,0.84153247,0.107935816,0.050531734,GOOD,GOOD,
2024-10-31 21:00:00+00:00,0.28500000000000003,0.2850000000000001,0.35663545,0.9476766,0.027164718,0.025158707,GOOD,GOOD,
2024-10-31 22:00:00+00:00,0.28500000000000003,0.2850000000000001,0.3205876,0.73296916,0.030654605,0.2363762,GOOD,GOOD,
2024-10-31 23:00:00+00:00,0.28,0.28000000000000014,0.31159613,0.81555676,0.03092735,0.1535159,GOOD,GOOD,
2024-11-01 00:00:00+00:00,0.27,0.2700000000000001,0.31007677,0.85975796,0.031593498,0.10864854,GOOD,GOOD,
2024-11-01 01:00:00+00:00,0.29000000000000004,0.2900000000000001,0.3043041,0.96738744,0.0179377,0.0146748535,GOOD,GOOD,
2024-11-01 02:00:00+00:00,0.28500000000000003,0.2850000000000001,0.312677,0.9421227,0.020246528,0.03763075,GOOD,GOOD,
2024-11-01 03:00:00+00:00,0.32,0.32000000000000006,0.31628683,0.9593188,0.025501242,0.015179934,GOOD,GOOD,
2024-11-01 04:00:00+00:00,0.315,0.31500000000000006,0.33722612,0.9707393,0.014511965,0.014748748,GOOD,GOOD,
2024-11-01 05:00:00+00:00,0.36,0.36000000000000004,0.34649354,0.93967265,0.0380564,0.022270957,GOOD,GOOD,
2024-11-01 06:00:00+00:00,0.345,0.34500000000000003,0.37442392,0.9693299,0.016347969,0.014322155,GOOD,GOOD,
2024-11-01 07:00:00+00:00,0.32999999999999996,0.33000000000000007,0.3805239,0.85632503,0.025867373,0.11780761,GOOD,GOOD,
2024-11-01 08:00:00+00:00,0.255,0.255,0.36885434,0.84741986,0.10299873,0.04958139,GOOD,GOOD,
2024-11-01 09:00:00+00:00,0.295,0.29500000000000004,0.3166188,0.95690197,0.026541151,0.016556898,GOOD,GOOD,
2024-11-01 10:00:00+00:00,0.33999999999999997,0.3400000000000001,0.31146267,0.9270207,0.049272437,0.023706822,GOOD,GOOD,
2024-11-01 11:00:00+00:00,0.345,0.34500000000000003,0.3473882,0.9616342,0.0199538,0.018411981,GOOD,GOOD,
2024-11-01 12:00:00+00:00,0.345,0.34500000000000003,0.3719003,0.7949499,0.029257115,0.17579302,GOOD,GOOD,
2024-11-01 13:00:00+00:00,0.315,0.31500000000000006,0.3778636,0.9694561,0.016430417,0.014113521,GOOD,GOOD,
2024-11-01 14:00:00+00:00,0.31,0.31000000000000005,0.35866272,0.94778895,0.017563581,0.034647435,GOOD,GOOD,
2024-11-01 15:00:00+00:00,0.33,0.3300000000000001,0.3435464,0.97446793,0.014387155,0.011144919,GOOD,GOOD,
2024-11-01 16:00:00+00:00,0.35,0.35000000000000003,0.35110193,0.9226451,0.02958197,0.04777297,GOOD,GOOD,
2024-11-01 17:00:00+00:00,0.38,0.38000000000000006,0.37076962,0.9581114,0.025296459,0.016592162,GOOD,GOOD,
2024-11-01 18:00:00+00:00,0.37,0.37000000000000005,0.3985945,0.9707118,0.015203996,0.014084175,GOOD,GOOD,
2024-11-01 19:00:00+00:00,0.33999999999999997,0.3400000000000001,0.40452695,0.9713322,0.01543363,0.013234178,GOOD,GOOD,
2024-11-01 20:00:00+00:00,0.38,0.38000000000000006,0.3839732,0.9473258,0.03206005,0.020614129,GOOD,GOOD,
2024-11-01 21:00:00+00:00,0.29000000000000004,0.2900000000000001,0.39564878,0.7978746,0.13433516,0.06779022,GOOD,GOOD,
2024-11-01 22:00:00+00:00,0.31999999999999995,0.32,0.35298955,0.9579946,0.025923379,0.016082067,GOOD,GOOD,
2024-11-01 23:00:00+00:00,0.325,0.32500000000000007,0.34239188,0.9597708,0.015545145,0.02468405,GOOD,GOOD,
2024-11-02 00:00:00+00:00,0.305,0.3050000000000001,0.34921622,0.9657095,0.017149674,0.017140802,GOOD,GOOD,
2024-11-02 01:00:00+00:00,0.28,0.28000000000000014,0.34260416,0.9270618,0.035773303,0.0371649,GOOD,GOOD,
2024-11-02 02:00:00+00:00,0.33499999999999996,0.335,0.3218427,0.9302323,0.046624765,0.023142964,GOOD,GOOD,
2024-11-02 03:00:00+00:00,0.32499999999999996,0.325,0.34377763,0.9723303,0.015424288,0.012245442,GOOD,GOOD,
2024-11-02 04:00:00+00:00,0.325,0.32500000000000007,0.35594562,0.83253103,0.025080744,0.14238824,GOOD,GOOD,
2024-11-02 05:00:00+00:00,0.37,0.37000000000000005,0.3574769,0.9390683,0.038419586,0.022512102,GOOD,GOOD,
2024-11-02 06:00:00+00:00,0.385,0.38500000000000006,0.3834605,0.94726324,0.030300532,0.022436243,GOOD,GOOD,
2024-11-02 07:00:00+00:00,0.35,0.35000000000000003,0.40814903,0.9704477,0.01675704,0.012795229,GOOD,GOOD,
2024-11-02 08:00:00+00:00,0.28500000000000003,0.2850000000000001,0.3953095,0.8813437,0.07915185,0.03950441,GOOD,GOOD,
2024-11-02 09:00:00+00:00,0.315,0.31500000000000006,0.34392697,0.9593578,0.024431737,0.016210461,GOOD,GOOD,
2024-11-02 10:00:00+00:00,0.3,0.30000000000000004,0.33471188,0.9712764,0.015854267,0.012869313,GOOD,GOOD,
2024-11-02 11:00:00+00:00,0.35,0.35000000000000003,0.33179453,0.933102,0.044445533,0.022452446,GOOD,GOOD,
2024-11-02 12:00:00+00:00,0.31,0.31000000000000005,0.36071718,0.95742357,0.025553668,0.017022751,GOOD,GOOD,
2024-11-02 13:00:00+00:00,0.305,0.3050000000000001,0.35445487,0.96270883,0.014633741,0.022657447,GOOD,GOOD,
2024-11-02 14:00:00+00:00,0.33999999999999997,0.3400000000000001,0.34084508,0.96744907,0.020312965,0.012237945,GOOD,GOOD,
2024-11-02 15:00:00+00:00,0.29000000000000004,0.2900000000000001,0.3559446,0.94323957,0.034919582,0.021840828,GOOD,GOOD,
2024-11-02 16:00:00+00:00,0.33499999999999996,0.335,0.3381396,0.9551748,0.028344736,0.016480435,GOOD,GOOD,
2024-11-02 17:00:00+00:00,0.355,0.35500000000000004,0.35040337,0.95773876,0.022865282,0.019395957,GOOD,GOOD,
2024-11-02 18:00:00+00:00,0.375,0.3750000000000001,0.37461933,0.9131392,0.033435933,0.05342485,GOOD,GOOD,
2024-11-02 19:00:00+00:00,0.405,0.4050000000000001,0.39787382,0.9489223,0.029964974,0.021112757,GOOD,GOOD,
2024-11-02 20:00:00+00:00,0.33999999999999997,0.3400000000000001,0.42476365,0.9450361,0.034316413,0.020647485,GOOD,GOOD,
2024-11-02 21:00:00+00:00,0.30500000000000005,0.30500000000000016,0.39597815,0.94955623,0.031137032,0.019306762,GOOD,GOOD,
2024-11-02 22:00:00+00:00,0.3,0.30000000000000004,0.35285825,0.936733,0.021140764,0.04212626,GOOD,GOOD,
2024-11-02 23:00:00+00:00,0.31,0.31000000000000005,0.33142057,0.93563396,0.020550217,0.043815803,GOOD,GOOD,
2024-11-03 00:00:00+00:00,0.32,0.32000000000000006,0.33362517,0.85491973,0.030007578,0.11507269,GOOD,GOOD,
2024-11-03 01:00:00+00:00,0.29,0.29000000000000004,0.34476253,0.957714,0.022658926,0.019627035,GOOD,GOOD,
2024-11-03 02:00:00+00:00,0.305,0.3050000000000001,0.33240443,0.97047853,0.01518852,0.014332959,GOOD,GOOD,
2024-11-03 03:00:00+00:00,0.245,0.24500000000000002,0.33127055,0.8320641,0.1105055,0.057430424,GOOD,GOOD,
2024-11-03 04:00:00+00:00,0.29500000000000004,0.2950000000000001,0.29839817,0.9348569,0.041209932,0.023933183,GOOD,GOOD,
2024-11-03 05:00:00+00:00,0.31,0.31000000000000005,0.3075623,0.96779525,0.018433541,0.013771175,GOOD,GOOD,
2024-11-03 06:00:00+00:00,0.305,0.3050000000000001,0.3302374,0.9191572,0.020204373,0.060638405,GOOD,GOOD,
2024-11-03 07:00:00+00:00,0.29500000000000004,0.2950000000000001,0.33792078,0.8617198,0.024575304,0.11370493,GOOD,GOOD,
2024-11-03 08:00:00+00:00,0.29000000000000004,0.2900000000000001,0.33150262,0.81763446,0.027492912,0.1548726,GOOD,GOOD,
2024-11-03 09:00:00+00:00,0.235,0.235,0.32348797,0.84909356,0.09662412,0.054282285,GOOD,GOOD,
2024-11-03 10:00:00+00:00,0.255,0.255,0.28794968,0.95357,0.02627708,0.020152895,GOOD,GOOD,
2024-11-03 11:00:00+00:00,0.27,0.2700000000000001,0.27938667,0.92352283,0.02979785,0.046679307,GOOD,GOOD,
2024-11-03 12:00:00+00:00,0.295,0.29500000000000004,0.2913141,0.9546286,0.024942394,0.02042899,GOOD,GOOD,
2024-11-03 13:00:00+00:00,0.28500000000000003,0.2850000000000001,0.3145598,0.9705861,0.015649168,0.01376469,GOOD,GOOD,
2024-11-03 14:00:00+00:00,0.33499999999999996,0.335,0.31977636,0.93158305,0.044201575,0.024215383,GOOD,GOOD,
2024-11-03 15:00:00+00:00,0.28500000000000003,0.2850000000000001,0.34760672,0.94643575,0.032911863,0.02065241,GOOD,GOOD,
2024-11-03 16:00:00+00:00,0.30000000000000004,0.3000000000000001,0.3340517,0.97612846,0.013118586,0.010752942,GOOD,GOOD,
2024-11-03 17:00:00+00:00,0.365,0.3650000000000001,0.32832983,0.8852787,0.07516636,0.039554954,GOOD,GOOD,
2024-11-03 18:00:00+00:00,0.345,0.34500000000000003,0.3680763,0.9528958,0.026966833,0.020137373,GOOD,GOOD,
2024-11-03 19:00:00+00:00,0.375,0.3750000000000001,0.38081685,0.92765224,0.041493654,0.0308541,GOOD,GOOD,
2024-11-03 20:00:00+00:00,0.33,0.3300000000000001,0.39715844,0.9528936,0.027981712,0.019124659,GOOD,GOOD,
2024-11-03 21:00:00+00:00,0.29,0.29000000000000004,0.37757832,0.9253412,0.044284984,0.030373802,GOOD,GOOD,
2024-11-03 22:00:00+00:00,0.32,0.32000000000000006,0.3387139,0.96454155,0.021254059,0.014204413,GOOD,GOOD,
2024-11-03 23:00:00+00:00,0.335,0.3350000000000001,0.33823046,0.94567573,0.02641352,0.027910763,GOOD,GOOD,
2024-11-04 00:00:00+00:00,0.35,0.35000000000000003,0.3555415,0.91069436,0.032715045,0.05659058,GOOD,GOOD,
2024-11-04 01:00:00+00:00,0.28500000000000003,0.2850000000000001,0.37400624,0.87829596,0.07569358,0.046010487,GOOD,GOOD,
2024-11-04 02:00:00+00:00,0.305,0.3050000000000001,0.34191382,0.9623871,0.018809676,0.018803244,GOOD,GOOD,
2024-11-04 03:00:00+00:00,0.36,0.36000000000000004,0.33081406,0.92061853,0.053767856,0.025613597,GOOD,GOOD,
2024-11-04 04:00:00+00:00,0.265,0.26500000000000007,0.36529928,0.83143854,0.10864808,0.059913397,GOOD,GOOD,
2024-11-04 05:00:00+00:00,0.32999999999999996,0.33000000000000007,0.33085206,0.91837734,0.05078937,0.030833283,GOOD,GOOD,
2024-11-04 06:00:00+00:00,0.315,0.31500000000000006,0.34043017,0.97386235,0.013812163,0.012325492,GOOD,GOOD,
2024-11-04 07:00:00+00:00,0.35,0.35000000000000003,0.34648022,0.9619107,0.023337465,0.014751834,GOOD,GOOD,
2024-11-04 08:00:00+00:00,0.30000000000000004,0.3000000000000001,0.36794543,0.96632147,0.020402623,0.013275914,GOOD,GOOD,
2024-11-04 09:00:00+00:00,0.24,0.24,0.34961164,0.8874729,0.07781803,0.034709062,GOOD,GOOD,
2024-11-04 10:00:00+00:00,0.32,0.32000000000000006,0.29838258,0.9028305,0.06639932,0.030770207,GOOD,GOOD,
2024-11-04 11:00:00+00:00,0.32499999999999996,0.325,0.31917813,0.9639004,0.020100143,0.015999492,GOOD,GOOD,
2024-11-04 12:00:00+00:00,0.325,0.32500000000000007,0.34697115,0.75023353,0.029482085,0.2202844,GOOD,GOOD,
2024-11-04 13:00:00+00:00,0.32,0.32000000000000006,0.35722828,0.80499,0.025724765,0.16928525,GOOD,GOOD,
2024-11-04 14:00:00+00:00,0.315,0.31500000000000006,0.3544432,0.7643069,0.028307507,0.2073856,GOOD,GOOD,
2024-11-04 15:00:00+00:00,0.35,0.35000000000000003,0.3481712,0.9668947,0.020410202,0.012695089,GOOD,GOOD,
2024-11-04 16:00:00+00:00,0.305,0.3050000000000001,0.3664427,0.96969694,0.01854887,0.011754166,GOOD,GOOD,
2024-11-04 17:00:00+00:00,0.31,0.31000000000000005,0.35168704,0.9556568,0.014684649,0.02965855,GOOD,GOOD,
2024-11-04 18:00:00+00:00,0.32,0.32000000000000006,0.341398,0.87997824,0.024457958,0.09556378,GOOD,GOOD,
2024-11-04 19:00:00+00:00,0.375,0.3750000000000001,0.3451353,0.9242494,0.050937716,0.024812873,GOOD,GOOD,
2024-11-04 20:00:00+00:00,0.37,0.37000000000000005,0.3826886,0.9550543,0.024078786,0.020866934,GOOD,GOOD,
2024-11-04 21:00:00+00:00,0.305,0.3050000000000001,0.4008612,0.9246372,0.049291167,0.02607161,GOOD,GOOD,
2024-11-04 22:00:00+00:00,0.30000000000000004,0.3000000000000001,0.36365384,0.9548267,0.01904233,0.026130939,GOOD,GOOD,
2024-11-04 23:00:00+00:00,0.35,0.35000000000000003,0.3355987,0.9433638,0.03664812,0.019988086,GOOD,GOOD,
2024-11-05 00:00:00+00:00,0.33499999999999996,0.335,0.3578044,0.97552776,0.013516574,0.0109556485,GOOD,GOOD,
2024-11-05 01:00:00+00:00,0.335,0.3350000000000001,0.36770976,0.83199394,0.025451945,0.14255412,GOOD,GOOD,
2024-11-05 02:00:00+00:00,0.31,0.31000000000000005,0.36759755,0.9679027,0.015660336,0.016436966,GOOD,GOOD,
2024-11-05 03:00:00+00:00,0.32,0.32000000000000006,0.3508416,0.96010184,0.014283411,0.025614738,GOOD,GOOD,
2024-11-05 04:00:00+00:00,0.32,0.32000000000000006,0.34709832,0.76501524,0.028595837,0.20638894,GOOD,GOOD,
2024-11-05 05:00:00+00:00,0.28,0.28000000000000014,0.3487846,0.9362638,0.038467668,0.025268504,GOOD,GOOD,
2024-11-05 06:00:00+00:00,0.30000000000000004,0.3000000000000001,0.3263524,0.9687707,0.016974084,0.014255217,GOOD,GOOD,
2024-11-05 07:00:00+00:00,0.295,0.29500000000000004,0.3241174,0.9236529,0.022007318,0.054339767,GOOD,GOOD,
2024-11-05 08:00:00+00:00,0.32,0.32000000000000006,0.3251852,0.962611,0.01999124,0.017397715,GOOD,GOOD,
2024-11-05 09:00:00+00:00,0.28,0.28000000000000014,0.34064314,0.91956496,0.04569055,0.034744456,GOOD,GOOD,
2024-11-05 10:00:00+00:00,0.265,0.26500000000000007,0.3258834,0.9228245,0.035661593,0.04151392,GOOD,GOOD,
2024-11-05 11:00:00+00:00,0.325,0.32500000000000007,0.30441427,0.93236494,0.045872472,0.021762611,GOOD,GOOD,
2024-11-05 12:00:00+00:00,0.3,0.30000000000000004,0.33086297,0.9669741,0.018745942,0.01427997,GOOD,GOOD,
2024-11-05 13:00:00+00:00,0.325,0.32500000000000007,0.33692974,0.9726952,0.015621393,0.011683418,GOOD,GOOD,
2024-11-05 14:00:00+00:00,0.345,0.34500000000000003,0.3485802,0.9397268,0.025573721,0.034699477,GOOD,GOOD,
2024-11-05 15:00:00+00:00,0.345,0.34500000000000003,0.36706284,0.8995077,0.023261674,0.07723064,GOOD,GOOD,
2024-11-05 16:00:00+00:00,0.405,0.4050000000000001,0.37556335,0.9151117,0.05533853,0.029549763,GOOD,GOOD,
2024-11-05 17:00:00+00:00,0.33,0.3300000000000001,0.4133276,0.9298172,0.04450917,0.025673643,GOOD,GOOD,
2024-11-05 18:00:00+00:00,0.33999999999999997,0.3400000000000001,0.38817286,0.97544503,0.012579995,0.011974966,GOOD,GOOD,
2024-11-05 19:00:00+00:00,0.4,0.40000000000000013,0.37124068,0.9293429,0.04736565,0.023291402,GOOD,GOOD,
2024-11-05 20:00:00+00:00,0.39,0.3900000000000001,0.40451527,0.96133536,0.021591546,0.017073115,GOOD,GOOD,
2024-11-05 21:00:00+00:00,0.33999999999999997,0.3400000000000001,0.42111552,0.9560749,0.027310213,0.01661489,GOOD,GOOD,
2024-11-05 22:00:00+00:00,0.32,0.32000000000000006,0.39218685,0.9563055,0.021253139,0.022441369,GOOD,GOOD,
2024-11-05 23:00:00+00:00,0.36,0.36000000000000004,0.36047056,0.9576978,0.02602692,0.016275285,GOOD,GOOD,
2024-11-06 00:00:00+00:00,0.35,0.35000000000000003,0.3727511,0.9727309,0.014637212,0.012631884,GOOD,GOOD,
2024-11-06 01:00:00+00:00,0.335,0.3350000000000001,0.38056597,0.88136494,0.028866723,0.08976835,GOOD,GOOD,
2024-11-06 02:00:00+00:00,0.32,0.32000000000000006,0.37240258,0.8122218,0.036061957,0.15171623,GOOD,GOOD,
2024-11-06 03:00:00+00:00,0.335,0.3350000000000001,0.35710445,0.96883655,0.015598213,0.015565243,GOOD,GOOD,
2024-11-06 04:00:00+00:00,0.35,0.35000000000000003,0.35910296,0.8903513,0.031497296,0.07815139,GOOD,GOOD,
2024-11-06 05:00:00+00:00,0.33,0.3300000000000001,0.37274763,0.95561033,0.02048846,0.023901232,GOOD,GOOD,
2024-11-06 06:00:00+00:00,0.325,0.32500000000000007,0.3679371,0.8047086,0.03730601,0.15798539,GOOD,GOOD,
2024-11-06 07:00:00+00:00,0.36,0.36000000000000004,0.35899135,0.9587761,0.025091985,0.016131887,GOOD,GOOD,
2024-11-06 08:00:00+00:00,0.35,0.35000000000000003,0.37630463,0.97436965,0.012828832,0.012801505,GOOD,GOOD,
2024-11-06 09:00:00+00:00,0.38,0.38000000000000006,0.38253194,0.9543897,0.027215345,0.018394947,GOOD,GOOD,
2024-11-06 10:00:00+00:00,0.33999999999999997,0.3400000000000001,0.4002385,0.9685463,0.017843332,0.013610427,GOOD,GOOD,
2024-11-06 11:00:00+00:00,0.37,0.37000000000000005,0.3853499,0.96242994,0.021739371,0.015830686,GOOD,GOOD,
2024-11-06 12:00:00+00:00,0.395,0.3950000000000001,0.39096025,0.93341815,0.035521235,0.031060616,GOOD,GOOD,
2024-11-06 13:00:00+00:00,0.36,0.36000000000000004,0.4134585,0.9732631,0.015123772,0.011613141,GOOD,GOOD,
2024-11-06 14:00:00+00:00,0.33499999999999996,0.335,0.4034421,0.9336961,0.027907934,0.038395982,GOOD,GOOD,
2024-11-06 15:00:00+00:00,0.325,0.32500000000000007,0.37755576,0.9155267,0.023915676,0.060557645,GOOD,GOOD,
2024-11-06 16:00:00+00:00,0.31,0.31000000000000005,0.35912198,0.8999528,0.030450705,0.069596484,GOOD,GOOD,
2024-11-06 17:00:00+00:00,0.32,0.32000000000000006,0.34477335,0.9615844,0.016534932,0.021880664,GOOD,GOOD,
2024-11-06 18:00:00+00:00,0.32999999999999996,0.33000000000000007,0.3456749,0.8564849,0.030627996,0.1128871,GOOD,GOOD,
2024-11-06 19:00:00+00:00,0.405,0.4050000000000001,0.35506403,0.8800561,0.08483185,0.035112083,GOOD,GOOD,
2024-11-06 20:00:00+00:00,0.41000000000000003,0.4100000000000001,0.40576392,0.9367239,0.037176892,0.026099242,GOOD,GOOD,
2024-11-06 21:00:00+00:00,0.43,0.43000000000000005,0.43672296,0.9367318,0.03603567,0.027232492,GOOD,GOOD,
2024-11-06 22:00:00+00:00,0.395,0.3950000000000001,0.45575476,0.95794815,0.024263008,0.017788827,GOOD,GOOD,
2024-11-06 23:00:00+00:00,0.38,0.38000000000000006,0.4394386,0.95561177,0.018378012,0.026010226,GOOD,GOOD,
2024-11-07 00:00:00+00:00,0.405,0.4050000000000001,0.41763943,0.9661839,0.019072093,0.014744009,GOOD,GOOD,
2024-11-07 01:00:00+00:00,0.4,0.40000000000000013,0.4245143,0.9702814,0.014895868,0.014822695,GOOD,GOOD,
2024-11-07 02:00:00+00:00,0.36,0.36000000000000004,0.42977855,0.95392257,0.025967564,0.02010984,BAD,GOOD,E_stuck
2024-11-07 03:00:00+00:00,0.325,0.36000000000000004,0.4061466,0.9500915,0.016608516,0.033300024,BAD,GOOD,E_stuck
2024-11-07 04:00:00+00:00,0.33999999999999997,0.36000000000000004,0.39144793,0.63096654,0.033949587,0.3350839,BAD,GOOD,E_stuck
2024-11-07 05:00:00+00:00,0.33499999999999996,0.335,0.38821998,0.9563646,0.023743141,0.019892298,GOOD,GOOD,
2024-11-07 06:00:00+00:00,0.325,0.32500000000000007,0.37388155,0.8966957,0.03352239,0.069781914,GOOD,GOOD,
2024-11-07 07:00:00+00:00,0.33,0.3300000000000001,0.359734,0.89407134,0.026971405,0.07895723,GOOD,GOOD,
2024-11-07 08:00:00+00:00,0.35,0.35000000000000003,0.35751796,0.9563741,0.020770986,0.022854928,GOOD,GOOD,
2024-11-07 09:00:00+00:00,0.37,0.37000000000000005,0.37118033,0.90527755,0.030978,0.06374447,GOOD,GOOD,
2024-11-07 10:00:00+00:00,0.345,0.34500000000000003,0.39166033,0.93394756,0.030882575,0.035169877,GOOD,GOOD,
2024-11-07 11:00:00+00:00,0.335,0.3350000000000001,0.38539633,0.91560197,0.033155438,0.051242594,GOOD,GOOD,
2024-11-07 12:00:00+00:00,0.38,0.38000000000000006,0.3714046,0.93005747,0.046223983,0.023718558,GOOD,GOOD,
2024-11-07 13:00:00+00:00,0.345,0.34500000000000003,0.39244273,0.95036644,0.030689728,0.018943854,GOOD,GOOD,
2024-11-07 14:00:00+00:00,0.32,0.32000000000000006,0.38665134,0.9682002,0.017195286,0.014604519,GOOD,GOOD,
2024-11-07 15:00:00+00:00,0.28500000000000003,0.2850000000000001,0.3629797,0.9473653,0.031214096,0.02142063,GOOD,GOOD,
2024-11-07 16:00:00+00:00,0.295,0.29500000000000004,0.32990494,0.9631061,0.01976454,0.01712937,GOOD,GOOD,
2024-11-07 17:00:00+00:00,0.29,0.29000000000000004,0.32114357,0.94113886,0.021885198,0.036975935,GOOD,GOOD,
2024-11-07 18:00:00+00:00,0.36,0.36000000000000004,0.31995663,0.89086264,0.079356715,0.029780626,GOOD,GOOD,
2024-11-07 19:00:00+00:00,0.36,0.36000000000000004,0.3623443,0.96561724,0.018238027,0.016144732,GOOD,GOOD,
2024-11-07 20:00:00+00:00,0.36,0.36000000000000004,0.38805664,0.7014683,0.027131053,0.27140066,GOOD,GOOD,
2024-11-07 21:00:00+00:00,0.405,0.4050000000000001,0.39331913,0.94979644,0.031973153,0.01823043,GOOD,GOOD,
2024-11-07 22:00:00+00:00,0.355,0.35500000000000004,0.4193132,0.9650371,0.021008013,0.01395488,GOOD,GOOD,
2024-11-07 23:00:00+00:00,0.36,0.36000000000000004,0.40335044,0.97956485,0.010261626,0.010173548,GOOD,GOOD,
2024-11-08 00:00:00+00:00,0.34,0.34000000000000014,0.39146274,0.9751231,0.012652309,0.012224599,GOOD,GOOD,
2024-11-08 01:00:00+00:00,0.27,0.2700000000000001,0.37661904,0.7832037,0.14359535,0.07320095,GOOD,GOOD,
2024-11-08 02:00:00+00:00,0.31,0.31000000000000005,0.3282497,0.92374605,0.04587564,0.030378286,GOOD,GOOD,
2024-11-08 03:00:00+00:00,0.28,0.28000000000000014,0.32593194,0.93349963,0.038089402,0.028410941,GOOD,GOOD,
2024-11-08 04:00:00+00:00,0.28,0.28000000000000014,0.31764683,0.93385726,0.025826724,0.04031601,GOOD,GOOD,
2024-11-08 05:00:00+00:00,0.3,0.30000000000000004,0.31167993,0.96507406,0.019541105,0.015384803,GOOD,GOOD,
2024-11-08 06:00:00+00:00,0.28500000000000003,0.2850000000000001,0.32181633,0.95656025,0.021218557,0.02222116,GOOD,GOOD,
2024-11-08 07:00:00+00:00,0.315,0.31500000000000006,0.32035536,0.9584352,0.023058625,0.01850619,GOOD,GOOD,
2024-11-08 08:00:00+00:00,0.33,0.3300000000000001,0.33475152,0.93900573,0.023996802,0.036997482,GOOD,GOOD,
2024-11-08 09:00:00+00:00,0.33999999999999997,0.3400000000000001,0.35328904,0.8367127,0.03323253,0.13005476,GOOD,GOOD,
2024-11-08 10:00:00+00:00,0.33,0.3300000000000001,0.36709234,0.88722205,0.02955587,0.08322207,GOOD,GOOD,
2024-11-08 11:00:00+00:00,0.295,0.29500000000000004,0.36541098,0.9067664,0.048153,0.04508061,GOOD,GOOD,
2024-11-08 12:00:00+00:00,0.30000000000000004,0.3000000000000001,0.3407559,0.93615055,0.025098432,0.038751025,GOOD,GOOD,
2024-11-08 13:00:00+00:00,0.33,0.3300000000000001,0.3296685,0.9711777,0.01772378,0.011098531,GOOD,GOOD,
2024-11-08 14:00:00+00:00,0.32,0.32000000000000006,0.34664243,0.97778994,0.011887442,0.0103226155,GOOD,GOOD,
2024-11-08 15:00:00+00:00,0.30000000000000004,0.3000000000000001,0.35279226,0.9467686,0.019342663,0.033888783,GOOD,GOOD,
2024-11-08 16:00:00+00:00,0.305,0.3050000000000001,0.3401432,0.95184034,0.016133267,0.032026403,GOOD,GOOD,
2024-11-08 17:00:00+00:00,0.32499999999999996,0.325,0.33451578,0.9665233,0.017377509,0.016099231,GOOD,GOOD,
2024-11-08 18:00:00+00:00,0.33,0.3300000000000001,0.34624183,0.9168911,0.023097126,0.060011756,GOOD,GOOD,
2024-11-08 19:00:00+00:00,0.35,0.35000000000000003,0.35732558,0.9676382,0.017352877,0.015008912,GOOD,GOOD,
2024-11-08 20:00:00+00:00,0.36,0.36000000000000004,0.3731502,0.93282294,0.02339115,0.043785878,GOOD,GOOD,
2024-11-08 21:00:00+00:00,0.39,0.3900000000000001,0.38642672,0.95637167,0.026026241,0.017602118,GOOD,GOOD,
2024-11-08 22:00:00+00:00,0.385,0.38500000000000006,0.40928757,0.9655932,0.017842807,0.016563967,GOOD,GOOD,
2024-11-08 23:00:00+00:00,0.365,0.3650000000000001,0.41700414,0.9706713,0.014313174,0.015015559,GOOD,GOOD,
2024-11-09 00:00:00+00:00,0.36,0.36000000000000004,0.40444362,0.93566704,0.018746551,0.045586403,GOOD,GOOD,
2024-11-09 01:00:00+00:00,0.305,0.3050000000000001,0.39297646,0.928736,0.04510134,0.026162704,GOOD,GOOD,
2024-11-09 02:00:00+00:00,0.29000000000000004,0.2900000000000001,0.3560877,0.9585646,0.022058222,0.019377224,GOOD,GOOD,
2024-11-09 03:00:00+00:00,0.275,0.2750000000000001,0.32751113,0.84922844,0.041059714,0.10971184,GOOD,GOOD,
2024-11-09 04:00:00+00:00,0.315,0.31500000000000006,0.30952653,0.9469576,0.03416243,0.018879952,GOOD,GOOD,
2024-11-09 05:00:00+00:00,0.31,0.31000000000000005,0.32796785,0.9710664,0.015806885,0.013126726,GOOD,GOOD,
2024-11-09 06:00:00+00:00,0.295,0.29500000000000004,0.3397872,0.9513973,0.018667135,0.029935546,GOOD,GOOD,
2024-11-09 07:00:00+00:00,0.33999999999999997,0.3400000000000001,0.33308208,0.93956614,0.038644526,0.021789368,GOOD,GOOD,
2024-11-09 08:00:00+00:00,0.355,0.35500000000000004,0.35374972,0.9645205,0.020441001,0.0150385,GOOD,GOOD,
2024-11-09 09:00:00+00:00,0.33999999999999997,0.3400000000000001,0.37738243,0.9767073,0.012052717,0.011240024,GOOD,GOOD,
2024-11-09 10:00:00+00:00,0.33999999999999997,0.3400000000000001,0.37737584,0.9029165,0.017914567,0.07916894,GOOD,GOOD,
2024-11-09 11:00:00+00:00,0.4,0.40000000000000013,0.37252554,0.92070305,0.052856725,0.0264402,GOOD,GOOD,
2024-11-09 12:00:00+00:00,0.42,0.42000000000000004,0.40691814,0.94201666,0.035561174,0.022422167,GOOD,GOOD,
2024-11-09 13:00:00+00:00,0.42000000000000004,0.4200000000000001,0.44065592,0.9292274,0.026412137,0.044360444,GOOD,GOOD,
2024-11-09 14:00:00+00:00,0.345,0.34500000000000003,0.4521017,0.900385,0.06534367,0.034271277,GOOD,GOOD,
2024-11-09 15:00:00+00:00,0.405,0.4050000000000001,0.4059756,0.87964374,0.0763541,0.044002134,GOOD,GOOD,
2024-11-09 16:00:00+00:00,0.33999999999999997,0.3400000000000001,0.41445115,0.92332894,0.048537653,0.028133417,GOOD,GOOD,
2024-11-09 17:00:00+00:00,0.345,0.34500000000000003,0.39014623,0.971796,0.014500318,0.013703687,GOOD,GOOD,
2024-11-09 18:00:00+00:00,0.33,0.3300000000000001,0.37590042,0.96775985,0.015308949,0.016931185,GOOD,GOOD,
2024-11-09 19:00:00+00:00,0.36,0.36000000000000004,0.36409533,0.96156746,0.02221838,0.016214132,GOOD,GOOD,
2024-11-09 20:00:00+00:00,0.37,0.37000000000000005,0.37778652,0.9582,0.018951558,0.022848487,GOOD,GOOD,
2024-11-09 21:00:00+00:00,0.395,0.3950000000000001,0.3943674,0.96613526,0.02029772,0.013567047,GOOD,GOOD,
2024-11-09 22:00:00+00:00,0.4,0.40000000000000013,0.41599306,0.94766647,0.021119852,0.031213697,GOOD,GOOD,
2024-11-09 23:00:00+00:00,0.33999999999999997,0.3400000000000001,0.42833635,0.94086385,0.036411237,0.022724917,GOOD,GOOD,
2024-11-10 00:00:00+00:00,0.365,0.3650000000000001,0.3944825,0.9707471,0.01671756,0.012535308,GOOD,GOOD,
2024-11-10 01:00:00+00:00,0.395,0.3950000000000001,0.38784066,0.95613194,0.025263416,0.01860462,GOOD,GOOD,
2024-11-10 02:00:00+00:00,0.33999999999999997,0.3400000000000001,0.41028863,0.9619186,0.02319559,0.014885813,GOOD,GOOD,
2024-11-10 03:00:00+00:00,0.315,0.31500000000000006,0.39045045,0.9610451,0.021190148,0.017764779,GOOD,GOOD,
2024-11-10 04:00:00+00:00,0.27,0.2700000000000001,0.35859478,0.9223226,0.049653057,0.028024372,GOOD,GOOD,
2024-11-10 05:00:00+00:00,0.225,0.225,0.31797713,0.86463475,0.08906838,0.04629685,GOOD,GOOD,
2024-11-10 06:00:00+00:00,0.235,0.235,0.27380946,0.9403948,0.033620723,0.025984462,GOOD,GOOD,
2024-11-10 07:00:00+00:00,0.26,0.26000000000000006,0.26089194,0.9451315,0.032416094,0.022452448,GOOD,GOOD,
2024-11-10 08:00:00+00:00,0.255,0.255,0.2769997,0.95043457,0.025354639,0.024210777,GOOD,GOOD,
2024-11-10 09:00:00+00:00,0.275,0.2750000000000001,0.286071,0.9592033,0.021734538,0.019062145,GOOD,GOOD,
2024-11-10 10:00:00+00:00,0.305,0.3050000000000001,0.29912207,0.9611797,0.023428872,0.015391476,GOOD,GOOD,
2024-11-10 11:00:00+00:00,0.33,0.3300000000000001,0.32341114,0.933234,0.0320031,0.0347629,GOOD,GOOD,
2024-11-10 12:00:00+00:00,0.35,0.35000000000000003,0.35053086,0.9331406,0.025673274,0.041186173,GOOD,GOOD,
2024-11-10 13:00:00+00:00,0.355,0.35500000000000004,0.37367335,0.9412262,0.017176189,0.041597642,GOOD,GOOD,
2024-11-10 14:00:00+00:00,0.345,0.34500000000000003,0.38487494,0.9534627,0.014015676,0.03252162,GOOD,GOOD,
2024-11-10 15:00:00+00:00,0.305,0.3050000000000001,0.3808142,0.9474554,0.031109398,0.021435188,GOOD,GOOD,
2024-11-10 16:00:00+00:00,0.29000000000000004,0.2900000000000001,0.35234347,0.9591469,0.021307556,0.019545518,GOOD,GOOD,
2024-11-10 17:00:00+00:00,0.265,0.26500000000000007,0.327593,0.9548195,0.026112437,0.01906804,GOOD,GOOD,
2024-11-10 18:00:00+00:00,0.26,0.26000000000000006,0.30423748,0.96045434,0.019286187,0.020259446,GOOD,GOOD,
2024-11-10 19:00:00+00:00,0.235,0.235,0.29193965,0.9444411,0.03074949,0.024809433,GOOD,GOOD,
2024-11-10 20:00:00+00:00,0.235,0.235,0.27452272,0.9538647,0.021221014,0.024914311,GOOD,GOOD,
2024-11-10 21:00:00+00:00,0.305,0.3050000000000001,0.26589358,0.859699,0.10007922,0.04022178,GOOD,GOOD,
2024-11-10 22:00:00+00:00,0.32499999999999996,0.325,0.30565083,0.94513786,0.03567634,0.01918577,GOOD,GOOD,
2024-11-10 23:00:00+00:00,0.275,0.2750000000000001,0.3441853,0.949646,0.03022691,0.020127086,GOOD,GOOD,
2024-11-11 00:00:00+00:00,0.265,0.26500000000000007,0.32789168,0.96743107,0.015916707,0.01665222,GOOD,GOOD,
2024-11-11 01:00:00+00:00,0.29,0.29000000000000004,0.304205,0.9728613,0.015223836,0.011914891,GOOD,GOOD,
2024-11-11 02:00:00+00:00,0.255,0.255,0.30950335,0.9625429,0.021797886,0.015659193,GOOD,GOOD,
2024-11-11 03:00:00+00:00,0.20500000000000002,0.20500000000000002,0.29737213,0.90115464,0.06324912,0.035596218,GOOD,GOOD,
2024-11-11 04:00:00+00:00,0.25,0.25,0.25870585,0.92678857,0.046381906,0.026829507,GOOD,GOOD,
2024-11-11 05:00:00+00:00,0.265,0.26500000000000007,0.26367027,0.9689073,0.019011606,0.012081124,GOOD,GOOD,
2024-11-11 06:00:00+00:00,0.225,0.225,0.28494287,0.94827247,0.03092991,0.02079765,GOOD,GOOD,
2024-11-11 07:00:00+00:00,0.245,0.24500000000000002,0.2723265,0.9631383,0.021361707,0.015500003,GOOD,GOOD,
2024-11-11 08:00:00+00:00,0.22499999999999998,0.22499999999999998,0.27096796,0.96687436,0.018746784,0.01437887,GOOD,GOOD,
2024-11-11 09:00:00+00:00,0.28500000000000003,0.2850000000000001,0.26229146,0.91410685,0.057830986,0.028062189,GOOD,GOOD,
2024-11-11 10:00:00+00:00,0.275,0.2750000000000001,0.29194993,0.97070974,0.016022123,0.013268157,GOOD,GOOD,
2024-11-11 11:00:00+00:00,0.36,0.36000000000000004,0.3068512,0.85147893,0.10481654,0.043704543,GOOD,GOOD,
2024-11-11 12:00:00+00:00,0.395,0.3950000000000001,0.35943753,0.91872674,0.05416344,0.027109815,GOOD,GOOD,
2024-11-11 13:00:00+00:00,0.365,0.3650000000000001,0.41023406,0.96170074,0.021634078,0.016665211,GOOD,GOOD,
2024-11-11 14:00:00+00:00,0.33999999999999997,0.3400000000000001,0.40972385,0.91308415,0.035042502,0.05187337,GOOD,GOOD,
2024-11-11 15:00:00+00:00,0.315,0.31500000000000006,0.38416737,0.88122576,0.043830626,0.074943624,GOOD,GOOD,
2024-11-11 16:00:00+00:00,0.31,0.31000000000000005,0.35555813,0.89559203,0.027164618,0.07724336,GOOD,GOOD,
2024-11-11 17:00:00+00:00,0.33499999999999996,0.335,0.34129938,0.9686168,0.018389832,0.01299341,GOOD,GOOD,
2024-11-11 18:00:00+00:00,0.295,0.29500000000000004,0.35362014,0.95778173,0.024484998,0.017733285,GOOD,GOOD,
2024-11-11 19:00:00+00:00,0.31,0.31000000000000005,0.33949822,0.9715494,0.015341523,0.013109104,GOOD,GOOD,
2024-11-11 20:00:00+00:00,0.345,0.34500000000000003,0.33661476,0.95959336,0.026133247,0.014273379,GOOD,GOOD,
2024-11-11 21:00:00+00:00,0.375,0.3750000000000001,0.35960737,0.934152,0.038192388,0.027655605,GOOD,GOOD,
2024-11-11 22:00:00+00:00,0.36,0.36000000000000004,0.39202508,0.9742511,0.014149114,0.011599784,GOOD,GOOD,
2024-11-11 23:00:00+00:00,0.32999999999999996,0.33000000000000007,0.39667153,0.9653712,0.017994607,0.016634194,GOOD,GOOD,
2024-11-12 00:00:00+00:00,0.32,0.32000000000000006,0.374518,0.91346914,0.021418115,0.06511276,GOOD,GOOD,
2024-11-12 01:00:00+00:00,0.325,0.32500000000000007,0.35531196,0.90262985,0.019857695,0.07751246,GOOD,GOOD,
2024-11-12 02:00:00+00:00,0.33999999999999997,0.3400000000000001,0.35209084,0.938795,0.021902315,0.039302744,GOOD,GOOD,
2024-11-12 03:00:00+00:00,0.375,0.3750000000000001,0.36306396,0.9614254,0.025015991,0.013558611,GOOD,GOOD,
2024-11-12 04:00:00+00:00,0.325,0.32500000000000007,0.39110184,0.9659849,0.020131676,0.01388345,GOOD,GOOD,
2024-11-12 05:00:00+00:00,0.37,0.37000000000000005,0.3746979,0.95099896,0.03016725,0.01883377,GOOD,GOOD,
2024-11-12 06:00:00+00:00,0.43,0.43000000000000005,0.3861353,0.9218538,0.05672949,0.021416705,GOOD,GOOD,
2024-11-12 07:00:00+00:00,0.415,0.4150000000000001,0.43444693,0.9580254,0.02424183,0.017732799,GOOD,GOOD,
2024-11-12 08:00:00+00:00,0.405,0.4050000000000001,0.45010507,0.88428056,0.027198305,0.08852111,GOOD,GOOD,
2024-11-12 09:00:00+00:00,0.425,0.4250000000000001,0.4424051,0.9628898,0.020791652,0.01631855,GOOD,GOOD,
2024-11-12 10:00:00+00:00,0.395,0.3950000000000001,0.44822046,0.96588963,0.0191142,0.014996172,GOOD,GOOD,
2024-11-12 11:00:00+00:00,0.39,0.3900000000000001,0.4350208,0.9695351,0.013390901,0.01707397,GOOD,GOOD,
2024-11-12 12:00:00+00:00,0.33499999999999996,0.335,0.4229571,0.91244763,0.054301746,0.03325063,GOOD,GOOD,
2024-11-12 13:00:00+00:00,0.355,0.35500000000000004,0.3855146,0.95987964,0.022582017,0.017538376,GOOD,GOOD,
2024-11-12 14:00:00+00:00,0.395,0.3950000000000001,0.37807322,0.9509548,0.032424945,0.016620243,GOOD,GOOD,
2024-11-12 15:00:00+00:00,0.4,0.40000000000000013,0.40621954,0.9608876,0.021548573,0.01756381,GOOD,GOOD,
2024-11-12 16:00:00+00:00,0.38,0.38000000000000006,0.42649394,0.9756486,0.0130122425,0.011339203,GOOD,GOOD,
2024-11-12 17:00:00+00:00,0.38,0.38000000000000006,0.41939706,0.9512573,0.013931694,0.034811016,GOOD,GOOD,
2024-11-12 18:00:00+00:00,0.33999999999999997,0.3400000000000001,0.41158321,0.95319295,0.027479086,0.019327935,GOOD,GOOD,
2024-11-12 19:00:00+00:00,0.365,0.3650000000000001,0.38489574,0.9670228,0.019229237,0.013747985,GOOD,GOOD,
2024-11-12 20:00:00+00:00,0.395,0.3950000000000001,0.38602182,0.9595096,0.02421688,0.016273513,GOOD,GOOD,
2024-11-12 21:00:00+00:00,0.39,0.3900000000000001,0.41092914,0.9744048,0.012853964,0.012741242,GOOD,GOOD,
2024-11-12 22:00:00+00:00,0.385,0.38500000000000006,0.42144322,0.78251964,0.024006063,0.19347428,GOOD,GOOD,
2024-11-12 23:00:00+00:00,0.38,0.38000000000000006,0.41888013,0.75850034,0.024617977,0.21688166,GOOD,GOOD,
2024-11-13 00:00:00+00:00,0.34,0.34000000000000014,0.41264892,0.9447274,0.03366853,0.021604024,GOOD,GOOD,
2024-11-13 01:00:00+00:00,0.345,0.34500000000000003,0.38556087,0.96971583,0.015413203,0.014870992,GOOD,GOOD,
2024-11-13 02:00:00+00:00,0.38,0.38000000000000006,0.37405166,0.9695556,0.019512292,0.010932122,GOOD,GOOD,
2024-11-13 03:00:00+00:00,0.41000000000000003,0.4100000000000001,0.39449114,0.9408307,0.03496693,0.024202336,GOOD,GOOD,
2024-11-13 04:00:00+00:00,0.4,0.40000000000000013,0.4268922,0.9744994,0.013075462,0.012425108,GOOD,GOOD,
2024-11-13 05:00:00+00:00,0.375,0.3750000000000001,0.43453404,0.96865296,0.014724977,0.016622037,GOOD,GOOD,
2024-11-13 06:00:00+00:00,0.315,0.31500000000000006,0.41690546,0.8406505,0.1054258,0.053923715,GOOD,GOOD,
2024-11-13 07:00:00+00:00,0.32999999999999996,0.33000000000000007,0.3696017,0.9651869,0.019513596,0.015299492,GOOD,GOOD,
2024-11-13 08:00:00+00:00,0.35,0.35000000000000003,0.35492215,0.94468033,0.024633339,0.030686343,GOOD,GOOD,
2024-11-13 09:00:00+00:00,0.33999999999999997,0.3400000000000001,0.36858442,0.96679646,0.016351005,0.016852563,GOOD,GOOD,
2024-11-13 10:00:00+00:00,0.35,0.35000000000000003,0.37278193,0.9591576,0.0168945,0.023947902,GOOD,GOOD,
2024-11-13 11:00:00+00:00,0.375,0.3750000000000001,0.3777237,0.96514356,0.018415168,0.016441286,GOOD,GOOD,
2024-11-13 12:00:00+00:00,0.36,0.36000000000000004,0.39527947,0.9617849,0.01814166,0.020073418,GOOD,GOOD,
2024-11-13 13:00:00+00:00,0.37,0.37000000000000005,0.39549664,0.9559888,0.019409481,0.024601702,GOOD,GOOD,
2024-11-13 14:00:00+00:00,0.41500000000000004,0.41500000000000015,0.39788312,0.9509906,0.032423414,0.016585944,GOOD,GOOD,
2024-11-13 15:00:00+00:00,0.42,0.42000000000000004,0.4273874,0.96498084,0.018456707,0.016562453,GOOD,GOOD,
2024-11-13 16:00:00+00:00,0.46499999999999997,0.465,0.44709456,0.94381076,0.036118414,0.0200708,GOOD,GOOD,
2024-11-13 17:00:00+00:00,0.43,0.43000000000000005,0.47996506,0.9659112,0.019190652,0.014898112,GOOD,GOOD,
2024-11-13 18:00:00+00:00,0.39,0.3900000000000001,0.4729303,0.9503183,0.02831357,0.021368178,GOOD,GOOD,
2024-11-13 19:00:00+00:00,0.385,0.38500000000000006,0.43771496,0.96666604,0.013696993,0.01963698,GOOD,GOOD,
2024-11-13 20:00:00+00:00,0.355,0.35500000000000004,0.4169854,0.969319,0.017860964,0.012820053,GOOD,GOOD,
2024-11-13 21:00:00+00:00,0.33999999999999997,0.3400000000000001,0.39420605,0.94353455,0.022830503,0.033634935,GOOD,GOOD,
2024-11-13 22:00:00+00:00,0.37,0.37000000000000005,0.3755249,0.9650604,0.020354655,0.014584942,GOOD,GOOD,
2024-11-13 23:00:00+00:00,0.36,0.36000000000000004,0.38722914,0.9710063,0.014408014,0.014585682,GOOD,GOOD,
2024-11-14 00:00:00+00:00,0.37,0.37000000000000005,0.39170083,0.94546396,0.019793348,0.034742713,GOOD,GOOD,
2024-11-14 01:00:00+00:00,0.29500000000000004,0.2950000000000001,0.39724556,0.7666296,0.15959029,0.073780134,GOOD,GOOD,
2024-11-14 02:00:00+00:00,0.31,0.31000000000000005,0.35466585,0.94701755,0.027867207,0.02511522,GOOD,GOOD,
2024-11-14 03:00:00+00:00,0.35,0.35000000000000003,0.33723164,0.95800054,0.02711018,0.014889291,GOOD,GOOD,
2024-11-14 04:00:00+00:00,0.37,0.37000000000000005,0.36083838,0.9594708,0.022458727,0.018070452,GOOD,GOOD,
2024-11-14 05:00:00+00:00,0.32999999999999996,0.33000000000000007,0.39019004,0.9589745,0.02306134,0.017964179,GOOD,GOOD,
2024-11-14 06:00:00+00:00,0.32499999999999996,0.325,0.377336,0.9620616,0.014667511,0.023270879,GOOD,GOOD,
2024-11-14 07:00:00+00:00,0.29000000000000004,0.2900000000000001,0.3606912,0.9476758,0.030552495,0.02177171,GOOD,GOOD,
2024-11-14 08:00:00+00:00,0.27,0.2700000000000001,0.33362374,0.94871116,0.028571894,0.022716956,GOOD,GOOD,
2024-11-14 09:00:00+00:00,0.325,0.32500000000000007,0.3089498,0.9133205,0.056612253,0.030067261,GOOD,GOOD,
2024-11-14 10:00:00+00:00,0.315,0.31500000000000006,0.33244362,0.9634421,0.019920835,0.016637096,GOOD,GOOD,
2024-11-14 11:00:00+00:00,0.305,0.3050000000000001,0.34598938,0.8433265,0.029550575,0.12712292,GOOD,GOOD,
2024-11-14 12:00:00+00:00,0.31,0.31000000000000005,0.3418106,0.9226534,0.020303283,0.057043333,GOOD,GOOD,
2024-11-14 13:00:00+00:00,0.28500000000000003,0.2850000000000001,0.3397596,0.9644815,0.019503195,0.016015308,GOOD,GOOD,
2024-11-14 14:00:00+00:00,0.28500000000000003,0.2850000000000001,0.32500896,0.92970896,0.021310749,0.048980307,GOOD,GOOD,
2024-11-14 15:00:00+00:00,0.33,0.3300000000000001,0.31639358,0.9537458,0.030097092,0.016157152,GOOD,GOOD,
2024-11-14 16:00:00+00:00,0.315,0.31500000000000006,0.3414613,0.9719843,0.014809492,0.0132061895,GOOD,GOOD,
2024-11-14 17:00:00+00:00,0.35,0.35000000000000003,0.34936598,0.96412027,0.021616122,0.01426359,GOOD,GOOD,
2024-11-14 18:00:00+00:00,0.31,0.31000000000000005,0.36899897,0.9658369,0.019852487,0.014310649,GOOD,GOOD,
2024-11-14 19:00:00+00:00,0.295,0.29500000000000004,0.35552198,0.9606497,0.017490286,0.02186001,GOOD,GOOD,
2024-11-14 20:00:00+00:00,0.27,0.2700000000000001,0.33416384,0.9494573,0.026237344,0.02430536,GOOD,GOOD,
2024-11-14 21:00:00+00:00,0.235,0.235,0.31012878,0.94015837,0.03673346,0.023108177,GOOD,GOOD,
2024-11-14 22:00:00+00:00,0.265,0.26500000000000007,0.27952498,0.951893,0.028221758,0.019885298,GOOD,GOOD,
2024-11-14 23:00:00+00:00,0.24,0.24,0.28319898,0.9484467,0.028284745,0.023268577,GOOD,GOOD,
2024-11-15 00:00:00+00:00,0.25,0.25,0.27763364,0.9583373,0.021590589,0.020072108,GOOD,GOOD,
2024-11-15 01:00:00+00:00,0.29000000000000004,0.2900000000000001,0.278106,0.95186585,0.031274773,0.016859382,GOOD,GOOD,
2024-11-15 02:00:00+00:00,0.225,0.225,0.3035278,0.85956216,0.08894114,0.05149669,GOOD,GOOD,
2024-11-15 03:00:00+00:00,0.24,0.24,0.28087398,0.96109116,0.02153883,0.017370025,GOOD,GOOD,
2024-11-15 04:00:00+00:00,0.305,0.3050000000000001,0.2693188,0.9089147,0.06507788,0.026007408,GOOD,GOOD,
2024-11-15 05:00:00+00:00,0.28500000000000003,0.2850000000000001,0.30686274,0.96846664,0.017717648,0.013815708,GOOD,GOOD,
2024-11-15 06:00:00+00:00,0.29500000000000004,0.2950000000000001,0.32058898,0.96562886,0.0148650585,0.01950608,GOOD,GOOD,
2024-11-15 07:00:00+00:00,0.255,0.255,0.32540214,0.95219725,0.027515082,0.020287639,GOOD,GOOD,
2024-11-15 08:00:00+00:00,0.265,0.26500000000000007,0.3025173,0.9727673,0.014037798,0.013194919,GOOD,GOOD,
2024-11-15 09:00:00+00:00,0.25,0.25,0.29355294,0.9695363,0.016606571,0.01385715,GOOD,GOOD,
2024-11-15 10:00:00+00:00,0.29000000000000004,0.2900000000000001,0.2848538,0.95960313,0.025742928,0.014653928,GOOD,GOOD,
2024-11-15 11:00:00+00:00,0.33,0.3300000000000001,0.3044951,0.918017,0.052220233,0.02976277,GOOD,GOOD,
2024-11-15 12:00:00+00:00,0.3,0.30000000000000004,0.34250772,0.96757406,0.018811261,0.0136146685,GOOD,GOOD,
2024-11-15 13:00:00+00:00,0.35,0.35000000000000003,0.34261328,0.92596847,0.045501713,0.028529825,GOOD,GOOD,
2024-11-15 14:00:00+00:00,0.27,0.2700000000000001,0.36429137,0.89207363,0.07065358,0.037272826,GOOD,GOOD,
2024-11-15 15:00:00+00:00,0.29000000000000004,0.2900000000000001,0.33046114,0.9755397,0.014136803,0.010323516,GOOD,GOOD,
2024-11-15 16:00:00+00:00,0.28500000000000003,0.2850000000000001,0.31687078,0.92831093,0.018318884,0.05337017,GOOD,GOOD,
2024-11-15 17:00:00+00:00,0.3,0.30000000000000004,0.31424117,0.9619237,0.017275153,0.020801129,GOOD,GOOD,
2024-11-15 18:00:00+00:00,0.33,0.3300000000000001,0.32379454,0.9590247,0.024705019,0.016270237,GOOD,GOOD,
2024-11-15 19:00:00+00:00,0.325,0.32500000000000007,0.34785083,0.9555847,0.019158915,0.025256358,GOOD,GOOD,
2024-11-15 20:00:00+00:00,0.295,0.29500000000000004,0.35705766,0.97091615,0.016175237,0.012908584,GOOD,GOOD,
2024-11-15 21:00:00+00:00,0.255,0.255,0.33922866,0.9481613,0.03308356,0.018755112,GOOD,GOOD,
2024-11-15 22:00:00+00:00,0.29000000000000004,0.2900000000000001,0.3033763,0.9672538,0.02010496,0.01264122,GOOD,GOOD,
2024-11-15 23:00:00+00:00,0.295,0.29500000000000004,0.3065512,0.9476714,0.019419583,0.032909,GOOD,GOOD,
2024-11-16 00:00:00+00:00,0.265,0.26500000000000007,0.31967145,0.9607045,0.021137912,0.018157568,GOOD,GOOD,
2024-11-16 01:00:00+00:00,0.28500000000000003,0.2850000000000001,0.3080784,0.97086185,0.015218755,0.0139193935,GOOD,GOOD,
2024-11-16 02:00:00+00:00,0.235,0.235,0.3097151,0.8922106,0.06610157,0.041687816,GOOD,GOOD,
2024-11-16 03:00:00+00:00,0.235,0.235,0.28451842,0.92698944,0.029133545,0.043877024,GOOD,GOOD,
2024-11-16 04:00:00+00:00,0.265,0.26500000000000007,0.26811945,0.95977974,0.023316545,0.016903717,GOOD,GOOD,
2024-11-16 05:00:00+00:00,0.305,0.3050000000000001,0.28165573,0.94021225,0.03972117,0.020066585,GOOD,GOOD,
2024-11-16 06:00:00+00:00,0.325,0.32500000000000007,0.31721044,0.9493889,0.028082319,0.022528771,GOOD,GOOD,
2024-11-16 07:00:00+00:00,0.305,0.3050000000000001,0.34737206,0.97352535,0.013866105,0.012608526,GOOD,GOOD,
2024-11-16 08:00:00+00:00,0.26,0.26000000000000006,0.34551728,0.94625866,0.032966167,0.020775199,GOOD,GOOD,
2024-11-16 09:00:00+00:00,0.22999999999999998,0.23,0.31161225,0.94467795,0.034235556,0.021086467,GOOD,GOOD,
2024-11-16 10:00:00+00:00,0.25,0.25,0.27466056,0.96627337,0.019459305,0.014267316,GOOD,GOOD,
2024-11-16 11:00:00+00:00,0.3,0.30000000000000004,0.2714087,0.9344603,0.04535138,0.02018832,GOOD,GOOD,
2024-11-16 12:00:00+00:00,0.31,0.31000000000000005,0.3069964,0.9640482,0.020493807,0.01545798,GOOD,GOOD,
2024-11-16 13:00:00+00:00,0.33499999999999996,0.335,0.33475116,0.96175534,0.022297448,0.015947193,GOOD,GOOD,
2024-11-16 14:00:00+00:00,0.36,0.36000000000000004,0.35793513,0.9325087,0.03436364,0.03312763,GOOD,GOOD,
2024-11-16 15:00:00+00:00,0.26,0.26000000000000006,0.38154387,0.78876346,0.13860236,0.07263415,GOOD,GOOD,
2024-11-16 16:00:00+00:00,0.31,0.31000000000000005,0.3309881,0.92183757,0.050218545,0.027943883,GOOD,GOOD,
2024-11-16 17:00:00+00:00,0.315,0.31500000000000006,0.32553688,0.9737244,0.014277746,0.011997804,GOOD,GOOD,
2024-11-16 18:00:00+00:00,0.35,0.35000000000000003,0.33786085,0.9575824,0.026730886,0.015686722,GOOD,GOOD,
2024-11-16 19:00:00+00:00,0.33999999999999997,0.3400000000000001,0.36624777,0.9726335,0.014198989,0.01316754,GOOD,GOOD,
2024-11-16 20:00:00+00:00,0.33499999999999996,0.335,0.37413004,0.84621584,0.025949648,0.12783453,GOOD,GOOD,
2024-11-16 21:00:00+00:00,0.305,0.3050000000000001,0.36951026,0.9683217,0.018431101,0.013247196,GOOD,GOOD,
2024-11-16 22:00:00+00:00,0.325,0.32500000000000007,0.34771988,0.9748163,0.014582302,0.010601388,GOOD,GOOD,
2024-11-16 23:00:00+00:00,0.325,0.32500000000000007,0.34794176,0.91016406,0.022316214,0.0675197,GOOD,GOOD,
2024-11-17 00:00:00+00:00,0.325,0.32500000000000007,0.35306776,0.6877897,0.031919315,0.28029105,GOOD,GOOD,
2024-11-17 01:00:00+00:00,0.31,0.31000000000000005,0.35547024,0.9492532,0.018483123,0.032263648,GOOD,GOOD,
2024-11-17 02:00:00+00:00,0.33999999999999997,0.3400000000000001,0.3467211,0.96079826,0.021904087,0.01729763,GOOD,GOOD,
2024-11-17 03:00:00+00:00,0.265,0.26500000000000007,0.3590736,0.77769136,0.15096712,0.07134151,GOOD,GOOD,
2024-11-17 04:00:00+00:00,0.28,0.28000000000000014,0.32384115,0.9446514,0.02951831,0.025830239,GOOD,GOOD,
2024-11-17 05:00:00+00:00,0.305,0.3050000000000001,0.30825454,0.9586266,0.022014268,0.019359097,GOOD,GOOD,
2024-11-17 06:00:00+00:00,0.33999999999999997,0.3400000000000001,0.3223001,0.95170444,0.0311209,0.017174644,GOOD,GOOD,
2024-11-17 07:00:00+00:00,0.375,0.3750000000000001,0.3546799,0.9251479,0.04506254,0.029789582,GOOD,GOOD,
2024-11-17 08:00:00+00:00,0.355,0.35500000000000004,0.39174345,0.9682219,0.017216822,0.014561307,GOOD,GOOD,
2024-11-17 09:00:00+00:00,0.305,0.3050000000000001,0.39435527,0.9453656,0.0341266,0.020507783,GOOD,GOOD,
2024-11-17 10:00:00+00:00,0.345,0.34500000000000003,0.35818037,0.9528792,0.029022435,0.018098379,GOOD,GOOD,
2024-11-17 11:00:00+00:00,0.355,0.35500000000000004,0.36116558,0.96867466,0.017258588,0.014066753,GOOD,GOOD,
2024-11-17 12:00:00+00:00,0.38,0.38000000000000006,0.37751165,0.9564863,0.025975514,0.01753818,GOOD,GOOD,
2024-11-17 13:00:00+00:00,0.38,0.38000000000000006,0.40073532,0.9399205,0.02194481,0.03813469,GOOD,GOOD,
2024-11-17 14:00:00+00:00,0.355,0.35500000000000004,0.41065994,0.97452515,0.0131208515,0.012354019,GOOD,GOOD,
2024-11-17 15:00:00+00:00,0.355,0.35500000000000004,0.39632204,0.9647345,0.013362146,0.021903338,GOOD,GOOD,
2024-11-17 16:00:00+00:00,0.315,0.31500000000000006,0.38633373,0.95328045,0.029262964,0.01745661,GOOD,GOOD,
2024-11-17 17:00:00+00:00,0.35,0.35000000000000003,0.3598137,0.9506575,0.03043364,0.018908886,GOOD,GOOD,
2024-11-17 18:00:00+00:00,0.37,0.37000000000000005,0.36702278,0.9610188,0.022495467,0.01648576,GOOD,GOOD,
2024-11-17 19:00:00+00:00,0.395,0.3950000000000001,0.38936028,0.93955666,0.033946335,0.026497008,GOOD,GOOD,
2024-11-17 20:00:00+00:00,0.39,0.3900000000000001,0.41546717,0.96441215,0.01754647,0.018041389,GOOD,GOOD,
2024-11-17 21:00:00+00:00,0.37,0.37000000000000005,0.42272508,0.9744055,0.012721841,0.012872639,GOOD,GOOD,
2024-11-17 22:00:00+00:00,0.36,0.36000000000000004,0.40943933,0.9213027,0.021513384,0.057183933,GOOD,GOOD,
2024-11-17 23:00:00+00:00,0.35000000000000003,0.3500000000000001,0.3947555,0.7949264,0.030183954,0.17488961,GOOD,GOOD,
2024-11-18 00:00:00+00:00,0.34,0.34000000000000014,0.38329315,0.8039569,0.030423863,0.1656192,GOOD,GOOD,
2024-11-18 01:00:00+00:00,0.315,0.31500000000000006,0.37346876,0.9601888,0.02087476,0.018936444,GOOD,GOOD,
2024-11-18 02:00:00+00:00,0.3,0.30000000000000004,0.35481304,0.9314068,0.027715806,0.040877413,GOOD,GOOD,
2024-11-18 03:00:00+00:00,0.34,0.34000000000000014,0.33663315,0.9468763,0.033941988,0.019181704,GOOD,GOOD,
2024-11-18 04:00:00+00:00,0.32,0.32000000000000006,0.35367486,0.9599966,0.022811402,0.017191987,GOOD,GOOD,
2024-11-18 05:00:00+00:00,0.27,0.2700000000000001,0.3557123,0.8951986,0.06609689,0.038704507,GOOD,GOOD,
2024-11-18 06:00:00+00:00,0.315,0.31500000000000006,0.3226611,0.89755404,0.06312956,0.039316397,GOOD,GOOD,
2024-11-18 07:00:00+00:00,0.315,0.31500000000000006,0.3293412,0.96420395,0.01844286,0.017353186,GOOD,GOOD,
2024-11-18 08:00:00+00:00,0.3,0.30000000000000004,0.341445,0.9662358,0.015701812,0.01806238,GOOD,GOOD,
2024-11-18 09:00:00+00:00,0.29000000000000004,0.2900000000000001,0.33726093,0.88858914,0.027793225,0.08361765,GOOD,GOOD,
2024-11-18 10:00:00+00:00,0.28,0.28000000000000014,0.32612023,0.7995728,0.03739203,0.16303511,GOOD,GOOD,
2024-11-18 11:00:00+00:00,0.35,0.35000000000000003,0.3147515,0.8753234,0.087384805,0.037291765,GOOD,GOOD,
2024-11-18 12:00:00+00:00,0.3,0.30000000000000004,0.3522109,0.9043888,0.060989127,0.03462207,GOOD,GOOD,
2024-11-18 13:00:00+00:00,0.305,0.3050000000000001,0.34732702,0.96520543,0.018359946,0.016434597,GOOD,GOOD,
2024-11-18 14:00:00+00:00,0.28,0.28000000000000014,0.33816114,0.96547425,0.019054772,0.015470949,GOOD,GOOD,
2024-11-18 15:00:00+00:00,0.32999999999999996,0.33000000000000007,0.31997374,0.93779135,0.040523786,0.021684889,GOOD,GOOD,
2024-11-18 16:00:00+00:00,0.28500000000000003,0.2850000000000001,0.34072796,0.95015824,0.030515874,0.019325918,GOOD,GOOD,
2024-11-18 17:00:00+00:00,0.28500000000000003,0.2850000000000001,0.3305359,0.96821386,0.014395159,0.017391011,GOOD,GOOD,
2024-11-18 18:00:00+00:00,0.28,0.28000000000000014,0.318858,0.8394283,0.028034005,0.13253766,GOOD,GOOD,
2024-11-18 19:00:00+00:00,0.32,0.32000000000000006,0.3117834,0.9581361,0.026663415,0.015200528,GOOD,GOOD,
2024-11-18 20:00:00+00:00,0.29000000000000004,0.2900000000000001,0.33376205,0.96718776,0.019016292,0.013795916,GOOD,GOOD,
2024-11-18 21:00:00+00:00,0.29000000000000004,0.2900000000000001,0.33064345,0.93649375,0.017398024,0.046108223,GOOD,GOOD,
2024-11-18 22:00:00+00:00,0.28500000000000003,0.2850000000000001,0.3232823,0.8245458,0.029142715,0.14631148,GOOD,GOOD,
2024-11-18 23:00:00+00:00,0.28500000000000003,0.2850000000000001,0.31723097,0.75908273,0.029527254,0.21138999,GOOD,GOOD,
2024-11-19 00:00:00+00:00,0.33,0.3300000000000001,0.31519967,0.94210577,0.03714333,0.020750923,GOOD,GOOD,
2024-11-19 01:00:00+00:00,0.32,0.32000000000000006,0.34209138,0.9714885,0.015273363,0.013238153,GOOD,GOOD,
2024-11-19 02:00:00+00:00,0.28500000000000003,0.2850000000000001,0.3527945,0.96658355,0.019226382,0.014190062,GOOD,GOOD,
2024-11-19 03:00:00+00:00,0.255,0.255,0.33187753,0.91991353,0.04080669,0.03927981,GOOD,GOOD,
2024-11-19 04:00:00+00:00,0.28,0.28000000000000014,0.29978102,0.97025514,0.017118113,0.012626723,GOOD,GOOD,
2024-11-19 05:00:00+00:00,0.22,0.22,0.30005112,0.83120733,0.10347984,0.06531282,GOOD,GOOD,
2024-11-19 06:00:00+00:00,0.265,0.26500000000000007,0.27217674,0.9299243,0.042922243,0.027153451,GOOD,GOOD,
2024-11-19 07:00:00+00:00,0.29000000000000004,0.2900000000000001,0.27998576,0.9574373,0.025542224,0.017020486,GOOD,GOOD,
2024-11-19 08:00:00+00:00,0.30500000000000005,0.30500000000000016,0.30665252,0.925743,0.031155333,0.043101706,GOOD,GOOD,
2024-11-19 09:00:00+00:00,0.315,0.31500000000000006,0.32933956,0.8840729,0.038816437,0.077110685,GOOD,GOOD,
2024-11-19 10:00:00+00:00,0.32,0.32000000000000006,0.34300494,0.85393107,0.035711277,0.110357635,GOOD,GOOD,
2024-11-19 11:00:00+00:00,0.32999999999999996,0.33000000000000007,0.34970373,0.8935584,0.03277274,0.07366885,GOOD,GOOD,
2024-11-19 12:00:00+00:00,0.38,0.38000000000000006,0.35722104,0.88401765,0.07002445,0.045957897,GOOD,GOOD,
2024-11-19 13:00:00+00:00,0.375,0.3750000000000001,0.39095506,0.9363227,0.036067598,0.0276097,GOOD,GOOD,
2024-11-19 14:00:00+00:00,0.33,0.3300000000000001,0.4063318,0.9529659,0.02799969,0.019034406,GOOD,GOOD,
2024-11-19 15:00:00+00:00,0.32980535279805356,0.3298053527980537,0.38039052,0.9586531,0.015268491,0.026078388,GOOD,GOOD,
2024-11-19 16:00:00+00:00,0.32961070559610706,0.3296107055961071,0.3624637,0.72265357,0.032212704,0.24513373,GOOD,GOOD,
2024-11-19 17:00:00+00:00,0.3294160583941606,0.32941605839416066,0.3579746,0.7155353,0.035876416,0.24858834,GOOD,GOOD,
2024-12-06 14:00:00+00:00,0.2505839416058394,0.2505839416058394,0.35856953,0.7506623,0.1730935,0.07624419,GOOD,GOOD,
2024-12-06 15:00:00+00:00,0.25038929440389296,0.25038929440389296,0.31252354,0.9287044,0.035367016,0.035928626,GOOD,GOOD,
2024-12-06 16:00:00+00:00,0.2501946472019465,0.2501946472019465,0.28418466,0.682164,0.03824338,0.2795926,GOOD,GOOD,
2024-12-06 17:00:00+00:00,0.25,0.25,0.2775105,0.67708063,0.040697195,0.2822222,GOOD,GOOD,
2024-12-06 18:00:00+00:00,0.26,0.26000000000000006,0.27878743,0.9371329,0.024077436,0.03878969,GOOD,GOOD,
2024-12-06 19:00:00+00:00,0.28,0.28000000000000014,0.28626093,0.95922774,0.020725362,0.020046873,GOOD,GOOD,
2024-12-06 20:00:00+00:00,0.31,0.31000000000000005,0.30226818,0.9636502,0.022268442,0.01408136,GOOD,GOOD,
2024-12-06 21:00:00+00:00,0.33,0.3300000000000001,0.32834193,0.96537995,0.019533524,0.015086503,GOOD,GOOD,
2024-12-06 22:00:00+00:00,0.35,0.35000000000000003,0.35276997,0.91763765,0.030109726,0.05225265,GOOD,GOOD,
2024-12-06 23:00:00+00:00,0.355,0.35500000000000004,0.3739269,0.96935225,0.015935857,0.014711909,GOOD,GOOD,
2024-12-07 00:00:00+00:00,0.31,0.31000000000000005,0.38464004,0.9443905,0.03312848,0.022481065,GOOD,GOOD,
2024-12-07 01:00:00+00:00,0.29500000000000004,0.2950000000000001,0.35957903,0.9610045,0.020779641,0.018215887,GOOD,GOOD,
2024-12-07 02:00:00+00:00,0.235,0.235,0.333814,0.7849935,0.144892,0.07011444,GOOD,GOOD,
2024-12-07 03:00:00+00:00,0.27,0.2700000000000001,0.28891116,0.80061495,0.12871191,0.070673145,GOOD,GOOD,
2024-12-07 04:00:00+00:00,0.22999999999999998,0.23,0.2870905,0.8225341,0.113370754,0.06409519,GOOD,GOOD,
2024-12-07 05:00:00+00:00,0.245,0.24500000000000002,0.27261707,0.9334161,0.039125662,0.027458187,GOOD,GOOD,
2024-12-07 06:00:00+00:00,0.30000000000000004,0.3000000000000001,0.2712997,0.92223185,0.054491736,0.02327639,GOOD,GOOD,
2024-12-07 07:00:00+00:00,0.30000000000000004,0.3000000000000001,0.30647734,0.96802294,0.01668372,0.015293352,GOOD,GOOD,
2024-12-07 08:00:00+00:00,0.29,0.29000000000000004,0.32833678,0.8979743,0.022909643,0.07911607,GOOD,GOOD,
2024-12-07 09:00:00+00:00,0.265,0.26500000000000007,0.32718152,0.9598582,0.019424643,0.020717189,GOOD,GOOD,
2024-12-07 10:00:00+00:00,0.29000000000000004,0.2900000000000001,0.3075661,0.9690761,0.017595867,0.013328015,GOOD,GOOD,
2024-12-07 11:00:00+00:00,0.29,0.29000000000000004,0.31127244,0.9599669,0.014662944,0.025370132,GOOD,GOOD,
2024-12-07 12:00:00+00:00,0.305,0.3050000000000001,0.31831726,0.971251,0.014621533,0.014127482,GOOD,GOOD,
2024-12-07 13:00:00+00:00,0.33,0.3300000000000001,0.33007774,0.9663773,0.018611291,0.015011363,GOOD,GOOD,
2024-12-07 14:00:00+00:00,0.315,0.31500000000000006,0.35066923,0.9621998,0.018970568,0.018829616,GOOD,GOOD,
2024-12-07 15:00:00+00:00,0.32,0.32000000000000006,0.35147887,0.95914596,0.017536776,0.02331725,GOOD,GOOD,
2024-12-07 16:00:00+00:00,0.3,0.30000000000000004,0.35043085,0.9520195,0.02454334,0.023437155,GOOD,GOOD,
2024-12-07 17:00:00+00:00,0.28500000000000003,0.2850000000000001,0.33820978,0.84948015,0.046575226,0.10394461,GOOD,GOOD,
2024-12-07 18:00:00+00:00,0.32,0.32000000000000006,0.32214734,0.9481003,0.029271545,0.022628102,GOOD,GOOD,
2024-12-07 19:00:00+00:00,0.33,0.3300000000000001,0.33608866,0.9594818,0.019072324,0.021445919,GOOD,GOOD,
2024-12-07 20:00:00+00:00,0.405,0.4050000000000001,0.35407627,0.8403027,0.10741645,0.052280825,GOOD,GOOD,
2024-12-07 21:00:00+00:00,0.375,3.7500000000000004,0.40685043,0.42182755,0.13186076,0.44631168,BAD,GOOD,B_mult
2024-12-07 22:00:00+00:00,0.32999999999999996,0.33000000000000007,3.2301764,0.04182595,0.21383893,0.7443351,GOOD,BAD,
2024-12-07 23:00:00+00:00,0.32,0.32000000000000006,1.1012508,0.0005915165,0.38641584,0.61299264,GOOD,SUSPECT,
2024-12-08 00:00:00+00:00,0.315,0.31500000000000006,0.41376248,0.24627805,0.25327265,0.5004493,GOOD,SUSPECT,
2024-12-08 01:00:00+00:00,0.315,0.31500000000000006,0.27237684,0.24221253,0.28126612,0.47652134,GOOD,SUSPECT,
2024-12-08 02:00:00+00:00,0.33,0.3300000000000001,0.3166256,0.7640195,0.12719229,0.108788244,GOOD,GOOD,
2024-12-08 03:00:00+00:00,0.35,0.35000000000000003,0.36547562,0.8929258,0.06062955,0.04644463,GOOD,GOOD,
2024-12-08 04:00:00+00:00,0.32999999999999996,0.33000000000000007,0.3889695,0.9539623,0.02961487,0.016422814,GOOD,GOOD,
2024-12-08 05:00:00+00:00,0.29500000000000004,0.2950000000000001,0.37837437,0.9520562,0.035354484,0.012589267,GOOD,GOOD,
2024-12-08 06:00:00+00:00,0.245,0.24500000000000002,0.34584102,0.8725563,0.09526845,0.03217522,GOOD,GOOD,
2024-12-08 07:00:00+00:00,0.265,0.26500000000000007,0.29941043,0.93937683,0.04040442,0.020218732,GOOD,GOOD,
2024-12-08 08:00:00+00:00,0.275,0.2750000000000001,0.28945836,0.94323736,0.03275166,0.024010992,GOOD,GOOD,
2024-12-08 09:00:00+00:00,0.30000000000000004,0.3000000000000001,0.2995011,0.9579801,0.011013284,0.031006634,GOOD,GOOD,
2024-12-08 10:00:00+00:00,0.29000000000000004,0.2900000000000001,0.32154936,0.96783966,0.015025151,0.017135173,GOOD,GOOD,
2024-12-08 11:00:00+00:00,0.3,0.30000000000000004,0.32646623,0.9689586,0.01579447,0.015246898,GOOD,GOOD,
2024-12-08 12:00:00+00:00,0.29000000000000004,0.2900000000000001,0.33027062,0.96885514,0.016769975,0.014374897,GOOD,GOOD,
2024-12-08 13:00:00+00:00,0.29500000000000004,0.2950000000000001,0.32602254,0.95016044,0.019009124,0.03083041,GOOD,GOOD,
2024-12-08 14:00:00+00:00,0.31999999999999995,0.32,0.32545063,0.9699073,0.01829744,0.011795294,GOOD,GOOD,
2024-12-08 15:00:00+00:00,0.29000000000000004,0.2900000000000001,0.34099185,0.95185506,0.026513044,0.021631908,GOOD,GOOD,
2024-12-08 16:00:00+00:00,0.305,0.3050000000000001,0.33231458,0.9679249,0.01663742,0.015437674,GOOD,GOOD,
2024-12-08 17:00:00+00:00,0.27,0.2700000000000001,0.33208346,0.9280913,0.040699504,0.031209204,GOOD,GOOD,
2024-12-08 18:00:00+00:00,0.265,0.26500000000000007,0.31350273,0.94492805,0.025697172,0.029374748,GOOD,GOOD,
2024-12-08 19:00:00+00:00,0.275,0.2750000000000001,0.2988614,0.9463933,0.023420995,0.030185698,GOOD,GOOD,
2024-12-08 20:00:00+00:00,0.305,0.3050000000000001,0.30011186,0.96356416,0.023186654,0.013249159,GOOD,GOOD,
2024-12-08 21:00:00+00:00,0.31,0.31000000000000005,0.32167447,0.97397894,0.014598828,0.01142222,GOOD,GOOD,
2024-12-08 22:00:00+00:00,0.295,0.29500000000000004,0.33717638,0.97419864,0.012850803,0.012950557,GOOD,GOOD,
2024-12-08 23:00:00+00:00,0.35,0.35000000000000003,0.33251548,0.88948274,0.070516884,0.04000038,GOOD,GOOD,
2024-12-09 00:00:00+00:00,0.33,0.3300000000000001,0.3597193,0.955046,0.026135795,0.018818233,GOOD,GOOD,
2024-12-09 01:00:00+00:00,0.315,0.31500000000000006,0.36568207,0.90563875,0.02503631,0.06932492,GOOD,GOOD,
2024-12-09 02:00:00+00:00,0.255,0.255,0.3537453,0.8864583,0.0753769,0.03816482,GOOD,GOOD,
2024-12-09 03:00:00+00:00,0.26,0.26000000000000006,0.3103865,0.963026,0.020004973,0.016969021,GOOD,GOOD,
2024-12-09 04:00:00+00:00,0.23,0.23000000000000004,0.28990695,0.9444504,0.032968357,0.022581259,GOOD,GOOD,
2024-12-09 05:00:00+00:00,0.25,0.25,0.2697196,0.9497122,0.028665258,0.021622509,GOOD,GOOD,
2024-12-09 06:00:00+00:00,0.2,0.2,0.27242848,0.8638018,0.08499787,0.051200334,GOOD,GOOD,
2024-12-09 07:00:00+00:00,0.195,0.195,0.24945557,0.9256013,0.037406374,0.03699233,GOOD,GOOD,
2024-12-09 08:00:00+00:00,0.2,0.2,0.23070568,0.8795772,0.03791366,0.0825091,GOOD,GOOD,
2024-12-09 09:00:00+00:00,0.22,0.22,0.22748706,0.95047307,0.026871037,0.0226559,GOOD,GOOD,
2024-12-09 10:00:00+00:00,0.26,0.26000000000000006,0.24105023,0.93659294,0.041737672,0.021669421,GOOD,GOOD,
2024-12-09 11:00:00+00:00,0.28,0.28000000000000014,0.27339163,0.955064,0.024915101,0.020020897,GOOD,GOOD,
2024-12-09 12:00:00+00:00,0.27,0.2700000000000001,0.30222967,0.96352834,0.01568296,0.02078869,GOOD,GOOD,
2024-12-09 13:00:00+00:00,0.22499999999999998,0.22499999999999998,0.30666938,0.94276094,0.034294862,0.022944164,GOOD,GOOD,
2024-12-09 14:00:00+00:00,0.225,0.225,0.2769704,0.95569175,0.017262219,0.027046027,GOOD,GOOD,
2024-12-09 15:00:00+00:00,0.22,0.22,0.25824946,0.8079261,0.03341181,0.1586621,GOOD,GOOD,
2024-12-09 16:00:00+00:00,0.21000000000000002,0.21000000000000002,0.25097573,0.8593377,0.03235859,0.108303726,GOOD,GOOD,
2024-12-09 17:00:00+00:00,0.185,0.185,0.2442402,0.95232916,0.025652993,0.02201784,GOOD,GOOD,
2024-12-09 18:00:00+00:00,0.18,0.18,0.22670281,0.931331,0.025286907,0.04338213,GOOD,GOOD,
2024-12-09 19:00:00+00:00,0.19,0.19,0.2139949,0.9541892,0.022491243,0.023319546,GOOD,GOOD,
2024-12-09 20:00:00+00:00,0.28,0.28000000000000014,0.21575798,0.7686019,0.16956738,0.061830703,GOOD,GOOD,
2024-12-09 21:00:00+00:00,0.3,0.30000000000000004,0.2720689,0.9171297,0.05348385,0.029386448,GOOD,GOOD,
2024-12-09 22:00:00+00:00,0.31,0.31000000000000005,0.31917974,0.9133868,0.029024363,0.057588823,GOOD,GOOD,
2024-12-09 23:00:00+00:00,0.30000000000000004,0.3000000000000001,0.34024146,0.95235646,0.016972993,0.03067056,GOOD,GOOD,
2024-12-10 00:00:00+00:00,0.31,0.31000000000000005,0.33747143,0.96785766,0.014641128,0.017501213,GOOD,GOOD,
2024-12-10 01:00:00+00:00,0.30000000000000004,0.3000000000000001,0.3381833,0.97349966,0.013334184,0.013166141,GOOD,GOOD,
2024-12-10 02:00:00+00:00,0.26,0.26000000000000006,0.33389786,0.94963115,0.030217838,0.020151027,GOOD,GOOD,
2024-12-10 03:00:00+00:00,0.265,0.26500000000000007,0.30725157,0.96986604,0.014630361,0.015503579,GOOD,GOOD,
2024-12-10 04:00:00+00:00,0.225,0.225,0.29488063,0.93427485,0.03899028,0.026734883,GOOD,GOOD,
2024-12-10 05:00:00+00:00,0.2,0.2,0.27001837,0.9360418,0.03639992,0.027558286,GOOD,GOOD,
2024-12-10 06:00:00+00:00,0.195,0.195,0.24215557,0.9301462,0.027731087,0.042122666,GOOD,GOOD,
2024-12-10 07:00:00+00:00,0.195,0.195,0.22734927,0.75979257,0.043030147,0.19717726,GOOD,GOOD,
2024-12-10 08:00:00+00:00,0.185,0.185,0.22409613,0.91569823,0.031482477,0.052819286,GOOD,GOOD,
2024-12-10 09:00:00+00:00,0.21666666666666667,0.21666666666666667,0.21916191,0.9458886,0.030347863,0.023763558,GOOD,GOOD,
2024-12-10 10:00:00+00:00,0.24833333333333335,0.24833333333333335,0.2345948,0.91790426,0.045065425,0.0370303,GOOD,GOOD,
2024-12-10 11:00:00+00:00,0.28,0.28000000000000014,0.26428768,0.91895807,0.04541903,0.03562291,GOOD,GOOD,
2024-12-10 12:00:00+00:00,0.27,0.2700000000000001,0.29781613,0.9670952,0.017633958,0.015270857,GOOD,GOOD,
2024-12-10 13:00:00+00:00,0.26,0.26000000000000006,0.30598006,0.80177385,0.030044349,0.16818179,GOOD,GOOD,
2024-12-10 14:00:00+00:00,0.215,0.215,0.2978404,0.94037867,0.03630152,0.023319798,GOOD,GOOD,
2024-12-10 15:00:00+00:00,0.21,0.21,0.26552552,0.96609485,0.017205441,0.016699715,GOOD,GOOD,
2024-12-10 16:00:00+00:00,0.23,0.23000000000000004,0.24457976,0.97110045,0.016573185,0.012326363,GOOD,GOOD,
2024-12-10 17:00:00+00:00,0.185,0.185,0.25062782,0.91670793,0.05152928,0.03176277,GOOD,GOOD,
2024-12-10 18:00:00+00:00,0.175,0.175,0.23262769,0.9452821,0.027681453,0.027036473,GOOD,GOOD,
2024-12-10 19:00:00+00:00,0.215,0.215,0.21310598,0.94157857,0.037126366,0.021295087,GOOD,GOOD,
2024-12-10 20:00:00+00:00,0.235,0.235,0.22826841,0.9611431,0.024160331,0.014696588,GOOD,GOOD,
2024-12-10 21:00:00+00:00,0.28500000000000003,0.2850000000000001,0.25420812,0.913172,0.060408164,0.026419837,GOOD,GOOD,
2024-12-10 22:00:00+00:00,0.315,0.31500000000000006,0.29566076,0.94235426,0.036958773,0.02068697,GOOD,GOOD,
2024-12-10 23:00:00+00:00,0.33999999999999997,0.3400000000000001,0.333612,0.94509697,0.030568317,0.024334723,GOOD,GOOD,
2024-12-11 00:00:00+00:00,0.37,0.37000000000000005,0.36261564,0.9499952,0.029422296,0.020582508,GOOD,GOOD,
2024-12-11 01:00:00+00:00,0.37,0.37000000000000005,0.39053884,0.95398855,0.023605168,0.022406254,GOOD,GOOD,
2024-12-11 02:00:00+00:00,0.375,0.3750000000000001,0.4013859,0.8663565,0.036280017,0.09736348,GOOD,GOOD,
2024-12-11 03:00:00+00:00,0.325,0.32500000000000007,0.40516788,0.93407077,0.04249917,0.023430074,GOOD,GOOD,
2024-12-11 04:00:00+00:00,0.28,0.28000000000000014,0.3751974,0.9319326,0.044304192,0.023763204,GOOD,GOOD,
2024-12-11 05:00:00+00:00,0.255,0.255,0.33007157,0.9561193,0.026444796,0.0174359,GOOD,GOOD,
2024-12-11 06:00:00+00:00,0.225,0.225,0.2950838,0.938839,0.036302183,0.024858817,GOOD,GOOD,
2024-12-11 07:00:00+00:00,0.22999999999999998,0.23,0.26577613,0.9664552,0.018033115,0.015511695,GOOD,GOOD,
2024-12-11 08:00:00+00:00,0.235,0.235,0.25744587,0.78014326,0.039791685,0.18006507,GOOD,GOOD,
2024-12-11 09:00:00+00:00,0.21,0.21,0.26128513,0.9420823,0.030971916,0.026945785,GOOD,GOOD,
2024-12-11 10:00:00+00:00,0.21000000000000002,0.21000000000000002,0.2504011,0.9427171,0.021996392,0.035286546,GOOD,GOOD,
2024-12-11 11:00:00+00:00,0.235,0.235,0.24231789,0.9581342,0.022780543,0.019085275,GOOD,GOOD,
2024-12-11 12:00:00+00:00,0.255,0.255,0.25463003,0.936138,0.028699953,0.03516208,GOOD,GOOD,
2024-12-11 13:00:00+00:00,0.255,0.255,0.27600184,0.9390527,0.020132393,0.040814877,GOOD,GOOD,
2024-12-11 14:00:00+00:00,0.24,0.24,0.28620073,0.95713663,0.016236495,0.026626892,GOOD,GOOD,
2024-12-11 15:00:00+00:00,0.21000000000000002,0.21000000000000002,0.27890348,0.96108204,0.021004688,0.017913278,GOOD,GOOD,
2024-12-11 16:00:00+00:00,0.22,0.22,0.25504252,0.9696363,0.015913332,0.014450324,GOOD,GOOD,
2024-12-11 17:00:00+00:00,0.2,0.2,0.24786033,0.9630526,0.020025663,0.01692179,GOOD,GOOD,
2024-12-11 18:00:00+00:00,0.21000000000000002,0.21000000000000002,0.23744993,0.96533334,0.018831452,0.015835201,GOOD,GOOD,
2024-12-11 19:00:00+00:00,0.27,0.2700000000000001,0.23753361,0.8839992,0.08039417,0.035606615,GOOD,GOOD,
2024-12-11 20:00:00+00:00,0.325,0.32500000000000007,0.27503505,0.89675057,0.07649274,0.026756719,GOOD,GOOD,
2024-12-11 21:00:00+00:00,0.33,0.3300000000000001,0.33127865,0.9549118,0.025751492,0.019336654,GOOD,GOOD,
2024-12-11 22:00:00+00:00,0.31,0.31000000000000005,0.35961705,0.97079,0.015482576,0.013727415,GOOD,GOOD,
2024-12-11 23:00:00+00:00,0.33999999999999997,0.3400000000000001,0.35227013,0.9621628,0.022391355,0.015445859,GOOD,GOOD,
2024-12-12 00:00:00+00:00,0.325,0.32500000000000007,0.360921,0.9730971,0.014441793,0.012461116,GOOD,GOOD,
2024-12-12 01:00:00+00:00,0.305,0.3050000000000001,0.35957327,0.917716,0.02883311,0.053450834,GOOD,GOOD,
2024-12-12 02:00:00+00:00,0.31,0.31000000000000005,0.34448233,0.96848226,0.013468949,0.018048802,GOOD,GOOD,
2024-12-12 03:00:00+00:00,0.305,0.3050000000000001,0.33892003,0.9007809,0.024464082,0.074754976,GOOD,GOOD,
2024-12-12 04:00:00+00:00,0.315,0.31500000000000006,0.33601585,0.9581623,0.018761978,0.023075715,GOOD,GOOD,
2024-12-12 05:00:00+00:00,0.255,0.255,0.3410837,0.8727102,0.079451814,0.047837935,GOOD,GOOD,
2024-12-12 06:00:00+00:00,0.215,0.215,0.30901772,0.844094,0.0978679,0.058038138,GOOD,GOOD,
2024-12-12 07:00:00+00:00,0.21,0.21,0.26484534,0.92603344,0.036802854,0.037163686,GOOD,GOOD,
2024-12-12 08:00:00+00:00,0.22,0.22,0.24223402,0.9411322,0.025123226,0.033744603,GOOD,GOOD,
2024-12-12 09:00:00+00:00,0.21,0.21,0.24364632,0.9417968,0.025541462,0.03266179,GOOD,GOOD,
2024-12-12 10:00:00+00:00,0.20500000000000002,0.20500000000000002,0.24311237,0.7606817,0.042372063,0.19694625,GOOD,GOOD,
2024-12-12 11:00:00+00:00,0.24,0.24,0.23882143,0.95494246,0.028191322,0.016866202,GOOD,GOOD,
2024-12-12 12:00:00+00:00,0.26,0.26000000000000006,0.25661993,0.96407706,0.020980606,0.014942331,GOOD,GOOD,
2024-12-12 13:00:00+00:00,0.24,0.24,0.28088862,0.9703372,0.016309084,0.0133536775,GOOD,GOOD,
2024-12-12 14:00:00+00:00,0.255,0.255,0.27985227,0.9744235,0.013996831,0.011579622,GOOD,GOOD,
2024-12-12 15:00:00+00:00,0.24,0.24,0.28254578,0.97313297,0.01366242,0.013204618,GOOD,GOOD,
2024-12-12 16:00:00+00:00,0.245,0.24500000000000002,0.2764929,0.9373504,0.018254587,0.044395007,GOOD,GOOD,
2024-12-12 17:00:00+00:00,0.22,0.22,0.27488285,0.96402097,0.019296156,0.016682899,GOOD,GOOD,
2024-12-12 18:00:00+00:00,0.22,0.22,0.26083365,0.93673116,0.019913545,0.043355297,GOOD,GOOD,
2024-12-12 19:00:00+00:00,0.235,0.235,0.25211117,0.96347606,0.01859292,0.017930996,GOOD,GOOD,
2024-12-12 20:00:00+00:00,0.255,0.255,0.25873345,0.9408777,0.026557859,0.032564458,GOOD,GOOD,
2024-12-12 21:00:00+00:00,0.275,0.2750000000000001,0.27636388,0.9196231,0.031061852,0.049315058,GOOD,GOOD,
2024-12-12 22:00:00+00:00,0.24,0.24,0.29730663,0.92844164,0.0395702,0.031988125,GOOD,GOOD,
2024-12-12 23:00:00+00:00,0.225,0.225,0.28557134,0.93389094,0.03207906,0.034029994,GOOD,GOOD,
2024-12-13 00:00:00+00:00,0.295,0.29500000000000004,0.26492387,0.8291285,0.11180748,0.05906405,GOOD,GOOD,
2024-12-13 01:00:00+00:00,0.28,0.28000000000000014,0.29666492,0.9400859,0.03568763,0.024226453,GOOD,GOOD,
2024-12-13 02:00:00+00:00,0.26,0.26000000000000006,0.31246394,0.9366666,0.021522906,0.041810486,GOOD,GOOD,
2024-12-13 03:00:00+00:00,0.265,0.26500000000000007,0.3018867,0.97028065,0.014299233,0.015420112,GOOD,GOOD,
2024-12-13 04:00:00+00:00,0.235,0.235,0.29547548,0.9637914,0.020304544,0.015904067,GOOD,GOOD,
2024-12-13 05:00:00+00:00,0.20500000000000002,0.20500000000000002,0.27693933,0.8969879,0.05044098,0.052571114,GOOD,GOOD,
2024-12-13 06:00:00+00:00,0.185,0.185,0.24916855,0.94385844,0.03081624,0.025325315,GOOD,GOOD,
2024-12-13 07:00:00+00:00,0.255,0.255,0.22446366,0.82070076,0.1232103,0.056088906,GOOD,GOOD,
2024-12-13 08:00:00+00:00,0.26,0.26000000000000006,0.25557166,0.9485079,0.03090582,0.020586303,GOOD,GOOD,
2024-12-13 09:00:00+00:00,0.25,0.25,0.2839527,0.9510802,0.018894898,0.03002488,GOOD,GOOD,
2024-12-13 10:00:00+00:00,0.24,0.24,0.28720385,0.79774487,0.031107545,0.17114761,GOOD,GOOD,
2024-12-13 11:00:00+00:00,0.245,0.24500000000000002,0.2773953,0.934434,0.019661065,0.04590493,GOOD,GOOD,
2024-12-13 12:00:00+00:00,0.255,0.255,0.27430245,0.9070041,0.026366718,0.066629164,GOOD,GOOD,
2024-12-13 13:00:00+00:00,0.28,0.28000000000000014,0.2807909,0.95382625,0.02702331,0.019150423,GOOD,GOOD,
2024-12-13 14:00:00+00:00,0.26,0.26000000000000006,0.3000862,0.9615513,0.020509016,0.017939677,GOOD,GOOD,
2024-12-13 15:00:00+00:00,0.28500000000000003,0.2850000000000001,0.29856136,0.948091,0.03000251,0.021906503,GOOD,GOOD,
2024-12-13 16:00:00+00:00,0.315,0.31500000000000006,0.30784798,0.9412984,0.03520767,0.023493914,GOOD,GOOD,
2024-12-13 17:00:00+00:00,0.355,0.35500000000000004,0.33247206,0.92165166,0.04996799,0.028380362,GOOD,GOOD,
2024-12-13 18:00:00+00:00,0.315,0.31500000000000006,0.36938468,0.89120144,0.068455495,0.04034309,GOOD,GOOD,
2024-12-13 19:00:00+00:00,0.29,0.29000000000000004,0.3617371,0.96090776,0.022059131,0.017033108,GOOD,GOOD,
2024-12-13 20:00:00+00:00,0.31,0.31000000000000005,0.33432943,0.9544735,0.026388882,0.019137634,GOOD,GOOD,
2024-12-13 21:00:00+00:00,0.305,0.3050000000000001,0.3325353,0.97014815,0.015726687,0.01412515,GOOD,GOOD,
2024-12-13 22:00:00+00:00,0.305,0.3050000000000001,0.33470023,0.82568324,0.031919986,0.1423968,GOOD,GOOD,
2024-12-13 23:00:00+00:00,0.325,0.32500000000000007,0.33560985,0.9623207,0.02149689,0.016182426,GOOD,GOOD,
2024-12-14 00:00:00+00:00,0.32,0.32000000000000006,0.3475681,0.96638227,0.017159116,0.01645862,GOOD,GOOD,
2024-12-14 01:00:00+00:00,0.32499999999999996,0.325,0.35163617,0.93674517,0.02165293,0.041601874,GOOD,GOOD,
2024-12-14 02:00:00+00:00,0.35,0.35000000000000003,0.3543078,0.95928913,0.022974052,0.017736789,GOOD,GOOD,
2024-12-14 03:00:00+00:00,0.395,0.3950000000000001,0.37042993,0.9333773,0.04408877,0.022533895,GOOD,GOOD,
2024-12-14 04:00:00+00:00,0.45,0.4500000000000001,0.40708566,0.91385096,0.06009896,0.026050102,GOOD,GOOD,
2024-12-14 05:00:00+00:00,0.48,0.48000000000000004,0.45918325,0.9284834,0.04668566,0.024830913,GOOD,GOOD,
2024-12-14 06:00:00+00:00,0.41000000000000003,0.4100000000000001,0.50006515,0.7957345,0.1350981,0.06916736,GOOD,GOOD,
2024-12-14 07:00:00+00:00,0.365,0.3650000000000001,0.4684869,0.92801374,0.045642752,0.026343519,GOOD,GOOD,
2024-12-14 08:00:00+00:00,0.425,0.4250000000000001,0.41599107,0.79968065,0.1325107,0.06780863,GOOD,GOOD,
2024-12-14 09:00:00+00:00,0.42500000000000004,0.42500000000000016,0.43059662,0.93733454,0.03846779,0.024197688,GOOD,GOOD,
2024-12-14 10:00:00+00:00,0.39,0.3900000000000001,0.44977754,0.95748633,0.02512343,0.01739023,GOOD,GOOD,
2024-12-14 11:00:00+00:00,0.385,0.38500000000000006,0.4344146,0.9692025,0.01547932,0.01531818,GOOD,GOOD,
2024-12-14 12:00:00+00:00,0.35,0.35000000000000003,0.41874832,0.9604819,0.022987276,0.016530823,GOOD,GOOD,
2024-12-14 13:00:00+00:00,0.375,0.3750000000000001,0.3922141,0.9678384,0.01904816,0.013113415,GOOD,GOOD,
2024-12-14 14:00:00+00:00,0.4,0.40000000000000013,0.39504933,0.92952025,0.03321394,0.03726581,GOOD,GOOD,
2024-12-14 15:00:00+00:00,0.485,0.4850000000000001,0.41765597,0.85267365,0.11133106,0.03599529,GOOD,GOOD,
2024-12-14 16:00:00+00:00,0.515,0.515,0.48253283,0.93364316,0.044513907,0.021842951,GOOD,GOOD,
2024-12-14 17:00:00+00:00,0.71,0.7100000000000001,0.5334861,0.4411835,0.41439748,0.14441903,GOOD,GOOD,
2024-12-14 18:00:00+00:00,0.845,1.1657598185672493,0.67645943,0.10541874,0.43170208,0.46287918,BAD,SUSPECT,F_burst_noise
2024-12-14 19:00:00+00:00,0.525,0.02,1.071593,0.0384351,0.021308558,0.94025636,BAD,BAD,F_burst_noise
2024-12-14 20:00:00+00:00,0.5800000000000001,0.8697236852693938,0.460866,0.3759756,0.2535901,0.37043428,BAD,GOOD,F_burst_noise
2024-12-14 21:00:00+00:00,0.6100000000000001,0.6408728157097937,0.63569635,0.53856075,0.25566903,0.20577021,BAD,GOOD,F_burst_noise
2024-12-14 22:00:00+00:00,0.535,0.15623934906836165,0.6981867,0.059198618,0.20586815,0.73493326,BAD,BAD,F_burst_noise
2024-12-14 23:00:00+00:00,0.46499999999999997,0.7777406113043958,0.38517255,0.22447562,0.22573917,0.5497852,BAD,SUSPECT,F_burst_noise
2024-12-15 00:00:00+00:00,0.41000000000000003,0.5470006720793699,0.5940212,0.54216087,0.25445163,0.2033875,BAD,GOOD,F_burst_noise
2024-12-15 01:00:00+00:00,0.385,0.3730586762681331,0.62503994,0.3927381,0.45192248,0.15533939,BAD,SUSPECT,F_burst_noise
2024-12-15 02:00:00+00:00,0.35,0.02,0.4834692,0.046717763,0.36653864,0.5867436,BAD,SUSPECT,F_burst_noise
2024-12-15 03:00:00+00:00,0.375,0.1505246522438244,0.20416023,0.67538905,0.19508103,0.12952995,BAD,GOOD,F_burst_noise
2024-12-15 04:00:00+00:00,0.44999999999999996,1.4338688764680472,0.13438874,0.016605854,0.13193466,0.8514595,BAD,BAD,F_burst_noise
2024-12-15 05:00:00+00:00,0.495,0.29220104903955196,1.0155131,0.118472815,0.050467502,0.8310597,BAD,BAD,F_burst_noise
2024-12-15 06:00:00+00:00,0.56,0.5600000000000002,0.6879984,0.5808431,0.21935548,0.1998014,GOOD,GOOD,
2024-12-15 07:00:00+00:00,0.44999999999999996,0.45000000000000007,0.5557618,0.918306,0.05865439,0.023039604,GOOD,GOOD,
2024-12-15 08:00:00+00:00,0.435,0.4350000000000001,0.48836696,0.9513343,0.023115417,0.025550267,GOOD,GOOD,
2024-12-15 09:00:00+00:00,0.43000000000000005,0.4300000000000001,0.4653838,0.75699204,0.054051995,0.18895596,GOOD,GOOD,
2024-12-15 10:00:00+00:00,0.445,0.44500000000000006,0.46065408,0.9513813,0.018052293,0.030566381,GOOD,GOOD,
2024-12-15 11:00:00+00:00,0.435,0.4350000000000001,0.47010556,0.9186977,0.017320124,0.06398216,GOOD,GOOD,
2024-12-15 12:00:00+00:00,0.34,0.34000000000000014,0.4690558,0.8496915,0.10588103,0.044427443,GOOD,GOOD,
2024-12-15 13:00:00+00:00,0.37,0.37000000000000005,0.40774748,0.9704646,0.017524252,0.012011158,GOOD,GOOD,
2024-12-15 14:00:00+00:00,0.365,0.3650000000000001,0.3910108,0.88774776,0.04258231,0.06966991,GOOD,GOOD,
2024-12-15 15:00:00+00:00,0.33499999999999996,0.335,0.3916495,0.95694846,0.029910883,0.013140637,GOOD,GOOD,
2024-12-15 16:00:00+00:00,0.42500000000000004,0.42500000000000016,0.3760514,0.9437827,0.03943984,0.016777487,GOOD,GOOD,
2024-12-15 17:00:00+00:00,0.45,0.4500000000000001,0.4211047,0.90634817,0.05043857,0.043213256,GOOD,GOOD,
2024-12-15 18:00:00+00:00,0.5,0.5000000000000001,0.4668044,0.9476195,0.036056105,0.016324403,GOOD,GOOD,
2024-12-15 19:00:00+00:00,0.53,0.53,0.5138724,0.94160956,0.035185758,0.023204705,GOOD,GOOD,
2024-12-15 20:00:00+00:00,0.49,0.4900000000000001,0.5504448,0.97553235,0.013033839,0.011433781,GOOD,GOOD,
2024-12-15 21:00:00+00:00,0.46499999999999997,0.465,0.5359054,0.90949064,0.030486537,0.060022816,GOOD,GOOD,
2024-12-15 22:00:00+00:00,0.47,0.47000000000000003,0.5060152,0.8917921,0.020405397,0.08780249,GOOD,GOOD,
2024-12-15 23:00:00+00:00,0.485,0.4850000000000001,0.4966422,0.91379887,0.024661215,0.06153993,GOOD,GOOD,
2024-12-16 00:00:00+00:00,0.395,0.3950000000000001,0.50674313,0.87400043,0.089264944,0.036734626,GOOD,GOOD,
2024-12-16 01:00:00+00:00,0.365,0.3650000000000001,0.45718142,0.90738267,0.054801967,0.037815362,GOOD,GOOD,
2024-12-16 02:00:00+00:00,0.42,0.42000000000000004,0.40895268,0.95393264,0.032502472,0.013564864,GOOD,GOOD,
2024-12-16 03:00:00+00:00,0.36,0.36000000000000004,0.42566854,0.95600194,0.029000834,0.014997214,GOOD,GOOD,
2024-12-16 04:00:00+00:00,0.43999999999999995,0.44000000000000006,0.40796164,0.9338789,0.047302987,0.018818092,GOOD,GOOD,
2024-12-16 05:00:00+00:00,0.515,0.515,0.44194517,0.86764884,0.1030432,0.029307975,GOOD,GOOD,
2024-12-16 06:00:00+00:00,0.525,0.525,0.51330334,0.9518955,0.026576526,0.021527974,GOOD,GOOD,
2024-12-16 07:00:00+00:00,0.53,0.53,0.55164254,0.8120613,0.03038863,0.15755004,GOOD,GOOD,
2024-12-16 08:00:00+00:00,0.455,0.45500000000000007,0.56147337,0.92983145,0.044909615,0.025258914,GOOD,GOOD,
2024-12-16 09:00:00+00:00,0.385,0.38500000000000006,0.5130247,0.9057053,0.06769283,0.02660187,GOOD,GOOD,
2024-12-16 10:00:00+00:00,0.46499999999999997,0.465,0.44256264,0.92034113,0.05527058,0.02438828,GOOD,GOOD,
2024-12-16 11:00:00+00:00,0.515,0.515,0.46290857,0.90879965,0.06761147,0.02358887,GOOD,GOOD,
2024-12-16 12:00:00+00:00,0.455,0.45500000000000007,0.52010137,0.9675989,0.018731922,0.013669193,GOOD,GOOD,
2024-12-16 13:00:00+00:00,0.37,0.37000000000000005,0.50736016,0.8536483,0.10775412,0.03859755,GOOD,GOOD,
2024-12-16 14:00:00+00:00,0.41,0.41000000000000003,0.43647724,0.96331906,0.022250405,0.014430527,GOOD,GOOD,
2024-12-16 15:00:00+00:00,0.36,0.36000000000000004,0.42508078,0.9493953,0.033489373,0.017115356,GOOD,GOOD,
2024-12-16 16:00:00+00:00,0.37,0.37000000000000005,0.4029917,0.9724319,0.01429129,0.013276831,GOOD,GOOD,
2024-12-16 17:00:00+00:00,0.43999999999999995,0.44000000000000006,0.3970534,0.925133,0.055992935,0.01887407,GOOD,GOOD,
2024-12-16 18:00:00+00:00,0.42000000000000004,0.4200000000000001,0.44129282,0.970299,0.0147648975,0.014936123,GOOD,GOOD,
2024-12-16 19:00:00+00:00,0.51,0.51,0.45523578,0.9033012,0.071975105,0.024723705,GOOD,GOOD,
2024-12-16 20:00:00+00:00,0.61,0.6100000000000001,0.50979,0.79474485,0.16365957,0.04159556,GOOD,GOOD,
2024-12-16 21:00:00+00:00,0.505,0.505,0.60316306,0.9105284,0.055664737,0.03380686,GOOD,GOOD,
2024-12-16 22:00:00+00:00,0.45,0.4500000000000001,0.57339716,0.9029465,0.06545675,0.031596795,GOOD,GOOD,
2024-12-16 23:00:00+00:00,0.47,0.47000000000000003,0.5061684,0.9813432,0.009622702,0.009034095,GOOD,GOOD,
2024-12-17 00:00:00+00:00,0.45999999999999996,0.4600000000000001,0.49027464,0.9268694,0.019091256,0.054039374,GOOD,GOOD,
2024-12-17 01:00:00+00:00,0.38,0.38000000000000006,0.4883627,0.88495266,0.08167883,0.033368535,GOOD,GOOD,
2024-12-17 02:00:00+00:00,0.33999999999999997,0.3400000000000001,0.43938294,0.88134086,0.07494281,0.043716356,GOOD,GOOD,
2024-12-17 03:00:00+00:00,0.37,0.37000000000000005,0.38750222,0.9635753,0.02147161,0.014953079,GOOD,GOOD,
2024-12-17 04:00:00+00:00,0.35,0.35000000000000003,0.38592002,0.9666344,0.01807339,0.015292204,GOOD,GOOD,
2024-12-17 05:00:00+00:00,0.425,0.4250000000000001,0.3832584,0.9135933,0.06422916,0.02217755,GOOD,GOOD,
2024-12-17 06:00:00+00:00,0.455,0.45500000000000007,0.42652917,0.9512299,0.03311107,0.015659064,GOOD,GOOD,
2024-12-17 07:00:00+00:00,0.46499999999999997,0.465,0.47114205,0.9075759,0.024416234,0.06800788,GOOD,GOOD,
2024-12-17 08:00:00+00:00,0.49,0.4900000000000001,0.4931189,0.960789,0.017906679,0.02130427,GOOD,GOOD,
2024-12-17 09:00:00+00:00,0.385,0.38500000000000006,0.51273155,0.8421833,0.10542601,0.05239069,GOOD,GOOD,
2024-12-17 10:00:00+00:00,0.43,0.43000000000000005,0.45451677,0.9697202,0.018471414,0.011808383,GOOD,GOOD,
2024-12-17 11:00:00+00:00,0.41000000000000003,0.4100000000000001,0.44640294,0.97612786,0.012032919,0.011839224,GOOD,GOOD,
2024-12-17 12:00:00+00:00,0.5,0.5000000000000001,0.44229546,0.8952369,0.07786313,0.02689998,GOOD,GOOD,
2024-12-17 13:00:00+00:00,0.42000000000000004,0.4200000000000001,0.4966448,0.94535416,0.033731826,0.020913988,GOOD,GOOD,
2024-12-17 14:00:00+00:00,0.37,0.37000000000000005,0.47730848,0.92923653,0.046444394,0.024319075,GOOD,GOOD,
2024-12-17 15:00:00+00:00,0.37,0.37000000000000005,0.42426914,0.9209302,0.022772448,0.05629733,GOOD,GOOD,
2024-12-17 16:00:00+00:00,0.32499999999999996,0.325,0.3994401,0.945188,0.036174517,0.018637476,GOOD,GOOD,
2024-12-17 17:00:00+00:00,0.41000000000000003,0.4100000000000001,0.36894158,0.8969666,0.075460926,0.027572518,GOOD,GOOD,
2024-12-17 18:00:00+00:00,0.42000000000000004,0.4200000000000001,0.40680876,0.9636788,0.021188388,0.015132835,GOOD,GOOD,
2024-12-17 19:00:00+00:00,0.485,0.4850000000000001,0.44166452,0.92881227,0.05273828,0.018449469,GOOD,GOOD,
2024-12-17 20:00:00+00:00,0.535,0.535,0.49301842,0.9284181,0.051383972,0.020197926,GOOD,GOOD,
2024-12-17 21:00:00+00:00,0.605,0.605,0.5471415,0.9026641,0.07453928,0.022796609,GOOD,GOOD,
2024-12-17 22:00:00+00:00,0.44999999999999996,0.45000000000000007,0.6121019,0.7202166,0.17585105,0.10393239,GOOD,GOOD,
2024-12-17 23:00:00+00:00,0.435,0.4350000000000001,0.5364666,0.88191617,0.062415518,0.055668313,GOOD,GOOD,
2024-12-18 00:00:00+00:00,0.42500000000000004,0.42500000000000016,0.4761388,0.8166315,0.029094132,0.15427437,GOOD,GOOD,
2024-12-18 01:00:00+00:00,0.44499999999999995,0.445,0.45313242,0.97300977,0.014450595,0.012539658,GOOD,GOOD,
2024-12-18 02:00:00+00:00,0.33499999999999996,0.335,0.4636415,0.7289274,0.19131754,0.07975505,GOOD,GOOD,
2024-12-18 03:00:00+00:00,0.355,0.35500000000000004,0.40531766,0.96170765,0.020141466,0.018150907,GOOD,GOOD,
2024-12-18 04:00:00+00:00,0.345,0.34500000000000003,0.381143,0.94996434,0.020475883,0.029559769,GOOD,GOOD,
2024-12-18 05:00:00+00:00,0.375,0.3750000000000001,0.3739811,0.96482,0.022184681,0.012995275,GOOD,GOOD,
2024-12-18 06:00:00+00:00,0.43,0.43000000000000005,0.39191473,0.9363298,0.04725532,0.016414925,GOOD,GOOD,
2024-12-18 07:00:00+00:00,0.44499999999999995,0.445,0.43739885,0.95760024,0.021591382,0.02080838,GOOD,GOOD,
2024-12-18 08:00:00+00:00,0.45499999999999996,0.455,0.46894354,0.8669069,0.025615228,0.10747789,GOOD,GOOD,
2024-12-18 09:00:00+00:00,0.41000000000000003,0.4100000000000001,0.48358026,0.96570903,0.017923947,0.016366996,GOOD,GOOD,
2024-12-18 10:00:00+00:00,0.345,0.34500000000000003,0.45819578,0.8977107,0.06909328,0.033196054,GOOD,GOOD,
2024-12-18 11:00:00+00:00,0.395,0.3950000000000001,0.40194732,0.9583717,0.026329916,0.01529837,GOOD,GOOD,
2024-12-18 12:00:00+00:00,0.37,0.37000000000000005,0.40585437,0.9716357,0.014860462,0.013503856,GOOD,GOOD,
2024-12-18 13:00:00+00:00,0.41000000000000003,0.4100000000000001,0.4047038,0.9661586,0.021322962,0.012518413,GOOD,GOOD,
2024-12-18 14:00:00+00:00,0.33999999999999997,0.3400000000000001,0.4261412,0.91909367,0.05054746,0.030358875,GOOD,GOOD,
2024-12-18 15:00:00+00:00,0.325,0.32500000000000007,0.39603522,0.9621036,0.020186517,0.017709881,GOOD,GOOD,
2024-12-18 16:00:00+00:00,0.29500000000000004,0.2950000000000001,0.36469954,0.95701694,0.026791483,0.016191587,GOOD,GOOD,
2024-12-18 17:00:00+00:00,0.315,0.31500000000000006,0.3355263,0.96535295,0.01995846,0.014688602,GOOD,GOOD,
2024-12-18 18:00:00+00:00,0.335,0.3350000000000001,0.33627144,0.9198136,0.032214038,0.047972396,GOOD,GOOD,
2024-12-18 19:00:00+00:00,0.375,0.3750000000000001,0.35474756,0.9583706,0.02794219,0.0136871645,GOOD,GOOD,
2024-12-18 20:00:00+00:00,0.385,0.38500000000000006,0.38914588,0.95364565,0.018183332,0.028171048,GOOD,GOOD,
2024-12-18 21:00:00+00:00,0.415,0.4150000000000001,0.4114458,0.97035074,0.01720243,0.012446804,GOOD,GOOD,
2024-12-18 22:00:00+00:00,0.425,0.4250000000000001,0.43563026,0.93921053,0.021548206,0.03924127,GOOD,GOOD,
2024-12-18 23:00:00+00:00,0.355,0.35500000000000004,0.45175412,0.92364824,0.04888569,0.027466072,GOOD,GOOD,
2024-12-19 00:00:00+00:00,0.35,0.35000000000000003,0.41313967,0.96868175,0.015316194,0.016002053,GOOD,GOOD,
2024-12-19 01:00:00+00:00,0.325,0.32500000000000007,0.38506863,0.96827567,0.016618816,0.015105514,GOOD,GOOD,
2024-12-19 02:00:00+00:00,0.30000000000000004,0.3000000000000001,0.36246943,0.9021594,0.038841117,0.058999483,GOOD,GOOD,
2024-12-19 03:00:00+00:00,0.245,0.24500000000000002,0.33938915,0.85893905,0.09362557,0.0474354,GOOD,GOOD,
2024-12-19 04:00:00+00:00,0.28500000000000003,0.2850000000000001,0.29740477,0.92700887,0.044622328,0.028368799,GOOD,GOOD,
2024-12-19 05:00:00+00:00,0.25,0.25,0.29988074,0.92924607,0.04126699,0.02948692,GOOD,GOOD,
2024-12-19 06:00:00+00:00,0.29000000000000004,0.2900000000000001,0.29029554,0.9393749,0.03658272,0.024042336,GOOD,GOOD,
2024-12-19 07:00:00+00:00,0.315,0.31500000000000006,0.3060002,0.9538186,0.026950464,0.01923094,GOOD,GOOD,
2024-12-19 08:00:00+00:00,0.375,0.3750000000000001,0.33318475,0.9191669,0.05907194,0.021761142,GOOD,GOOD,
2024-12-19 09:00:00+00:00,0.325,0.32500000000000007,0.38207072,0.96134275,0.022627177,0.016030043,GOOD,GOOD,
2024-12-19 10:00:00+00:00,0.3,0.30000000000000004,0.37511036,0.9496099,0.023255417,0.027134726,GOOD,GOOD,
2024-12-19 11:00:00+00:00,0.28500000000000003,0.2850000000000001,0.3455154,0.87617004,0.0324475,0.09138244,GOOD,GOOD,
2024-12-19 12:00:00+00:00,0.35,0.35000000000000003,0.321841,0.9161418,0.05693023,0.026927982,GOOD,GOOD,
2024-12-19 13:00:00+00:00,0.345,0.34500000000000003,0.3531362,0.9692535,0.016436482,0.014310054,GOOD,GOOD,
2024-12-19 14:00:00+00:00,0.315,0.31500000000000006,0.37386468,0.9728438,0.0142877605,0.012868418,GOOD,GOOD,
2024-12-19 15:00:00+00:00,0.265,0.26500000000000007,0.35998932,0.9178093,0.052998617,0.02919209,GOOD,GOOD,
2024-12-19 16:00:00+00:00,0.35,0.35000000000000003,0.31803766,0.83482885,0.1134175,0.051753644,GOOD,GOOD,
2024-12-19 17:00:00+00:00,0.3,0.30000000000000004,0.34707558,0.93423796,0.042092726,0.023669306,GOOD,GOOD,
2024-12-19 18:00:00+00:00,0.33,0.3300000000000001,0.34430966,0.9633214,0.021994686,0.01468392,GOOD,GOOD,
2024-12-19 19:00:00+00:00,0.385,0.38500000000000006,0.35249624,0.9339667,0.04668569,0.019347616,GOOD,GOOD,
2024-12-19 20:00:00+00:00,0.4,0.40000000000000013,0.39237148,0.9533821,0.027331935,0.01928599,GOOD,GOOD,
2024-12-19 21:00:00+00:00,0.425,0.4250000000000001,0.42330635,0.9514856,0.027980804,0.020533618,GOOD,GOOD,
2024-12-19 22:00:00+00:00,0.37,0.37000000000000005,0.44787985,0.95187575,0.029559875,0.018564368,GOOD,GOOD,
2024-12-19 23:00:00+00:00,0.335,0.3350000000000001,0.4221817,0.94860226,0.030023994,0.021373749,GOOD,GOOD,
2024-12-20 00:00:00+00:00,0.33499999999999996,0.335,0.38166693,0.94114614,0.016362077,0.04249179,GOOD,GOOD,
2024-12-20 01:00:00+00:00,0.305,0.3050000000000001,0.36427993,0.9706927,0.016664688,0.012642628,GOOD,GOOD,
2024-12-20 02:00:00+00:00,0.28,0.28000000000000014,0.3444406,0.9222662,0.03316871,0.04456509,GOOD,GOOD,
2024-12-20 03:00:00+00:00,0.255,0.255,0.32053715,0.89185464,0.04540815,0.0627372,GOOD,GOOD,
2024-12-20 04:00:00+00:00,0.235,0.235,0.2953858,0.899061,0.041648537,0.059290454,GOOD,GOOD,
2024-12-20 05:00:00+00:00,0.295,0.29500000000000004,0.27328128,0.900798,0.06750381,0.031698186,GOOD,GOOD,
2024-12-20 06:00:00+00:00,0.28500000000000003,0.2850000000000001,0.3001204,0.96344596,0.020815331,0.015738714,GOOD,GOOD,
2024-12-20 07:00:00+00:00,0.275,0.2750000000000001,0.31575686,0.83715445,0.030803028,0.13204253,GOOD,GOOD,
2024-12-20 08:00:00+00:00,0.31,0.31000000000000005,0.31224206,0.96359885,0.021460537,0.014940635,GOOD,GOOD,
2024-12-20 09:00:00+00:00,0.305,0.3050000000000001,0.3279889,0.9724209,0.01282642,0.014752703,GOOD,GOOD,
2024-12-20 10:00:00+00:00,0.3,0.30000000000000004,0.33607778,0.7268144,0.028456168,0.24472941,GOOD,GOOD,
2024-12-20 11:00:00+00:00,0.29000000000000004,0.2900000000000001,0.3341518,0.84035015,0.028870406,0.13077945,GOOD,GOOD,
2024-12-20 12:00:00+00:00,0.29,0.29000000000000004,0.325575,0.7933696,0.026765088,0.17986533,GOOD,GOOD,
2024-12-20 13:00:00+00:00,0.295,0.29500000000000004,0.32101464,0.819064,0.030433882,0.15050207,GOOD,GOOD,
2024-12-20 14:00:00+00:00,0.3,0.30000000000000004,0.32315272,0.7358328,0.035514746,0.22865242,GOOD,GOOD,
2024-12-20 15:00:00+00:00,0.29,0.29000000000000004,0.32822904,0.9402237,0.022113746,0.03766258,GOOD,GOOD,
2024-12-20 16:00:00+00:00,0.28,0.28000000000000014,0.3246713,0.74160075,0.04916545,0.20923376,GOOD,GOOD,
2024-12-20 17:00:00+00:00,0.31,0.31000000000000005,0.3153741,0.9492911,0.027436204,0.023272716,GOOD,GOOD,
2024-12-20 18:00:00+00:00,0.305,0.3050000000000001,0.32851136,0.9533521,0.021039397,0.025608491,GOOD,GOOD,
2024-12-20 19:00:00+00:00,0.315,0.31500000000000006,0.33569527,0.95667595,0.019115161,0.024208866,GOOD,GOOD,
2024-12-20 20:00:00+00:00,0.375,0.3750000000000001,0.3426162,0.8457054,0.09820082,0.05609381,GOOD,GOOD,
2024-12-20 21:00:00+00:00,0.385,0.38500000000000006,0.38181943,0.8920908,0.062088083,0.045821127,GOOD,GOOD,
2024-12-20 22:00:00+00:00,0.375,0.3750000000000001,0.4099814,0.94229245,0.032909244,0.02479832,GOOD,GOOD,
2024-12-20 23:00:00+00:00,0.335,0.3350000000000001,0.41146845,0.9476189,0.032036703,0.0203444,GOOD,GOOD,
2024-12-21 00:00:00+00:00,0.30000000000000004,0.3000000000000001,0.38273063,0.9418945,0.032440607,0.025664894,GOOD,GOOD,
2024-12-21 01:00:00+00:00,0.29,0.29000000000000004,0.34530234,0.9701632,0.015937073,0.013899702,GOOD,GOOD,
2024-12-21 02:00:00+00:00,0.275,0.2750000000000001,0.32355464,0.9364903,0.024259701,0.03925003,GOOD,GOOD,
2024-12-21 03:00:00+00:00,0.265,0.26500000000000007,0.30937138,0.9197484,0.026747584,0.053503968,GOOD,GOOD,
2024-12-21 04:00:00+00:00,0.25,0.25,0.2988298,0.9312601,0.030027112,0.038712785,GOOD,GOOD,
2024-12-21 05:00:00+00:00,0.27,0.2700000000000001,0.28625783,0.9498714,0.028319005,0.021809587,GOOD,GOOD,
2024-12-21 06:00:00+00:00,0.26,0.26000000000000006,0.29232168,0.9505804,0.025716629,0.023702966,GOOD,GOOD,
2024-12-21 07:00:00+00:00,0.24,0.24,0.29303852,0.935827,0.03246594,0.031707022,GOOD,GOOD,
2024-12-21 08:00:00+00:00,0.215,0.215,0.27992544,0.9117694,0.04460829,0.043622322,GOOD,GOOD,
2024-12-21 09:00:00+00:00,0.195,0.195,0.25725746,0.9104406,0.043225195,0.046334203,GOOD,GOOD,
2024-12-21 10:00:00+00:00,0.22,0.22,0.23469675,0.9098448,0.050904926,0.039250236,GOOD,GOOD,
2024-12-21 11:00:00+00:00,0.21500000000000002,0.21500000000000002,0.23998372,0.9366205,0.029029807,0.03434973,GOOD,GOOD,
2024-12-21 12:00:00+00:00,0.21500000000000002,0.21500000000000002,0.24553679,0.82110316,0.035595804,0.14330105,GOOD,GOOD,
2024-12-21 13:00:00+00:00,0.27,0.2700000000000001,0.2469627,0.8899657,0.07354669,0.0364876,GOOD,GOOD,
2024-12-21 14:00:00+00:00,0.28,0.28000000000000014,0.2787903,0.9610712,0.022455482,0.01647335,GOOD,GOOD,
2024-12-21 15:00:00+00:00,0.255,0.255,0.30473116,0.9687984,0.017172584,0.014029015,GOOD,GOOD,
2024-12-21 16:00:00+00:00,0.235,0.235,0.29816294,0.90089524,0.032327775,0.06677695,GOOD,GOOD,
2024-12-21 17:00:00+00:00,0.27,0.2700000000000001,0.27701738,0.9642823,0.021847744,0.013869957,GOOD,GOOD,
2024-12-21 18:00:00+00:00,0.28500000000000003,0.2850000000000001,0.28673494,0.9663045,0.017936515,0.015759012,GOOD,GOOD,
2024-12-21 19:00:00+00:00,0.295,0.29500000000000004,0.30672807,0.9058181,0.026789851,0.06739207,GOOD,GOOD,
2024-12-21 20:00:00+00:00,0.30000000000000004,0.3000000000000001,0.3219491,0.87817055,0.026458772,0.09537066,GOOD,GOOD,
2024-12-21 21:00:00+00:00,0.305,0.3050000000000001,0.32967168,0.7821503,0.03510694,0.18274274,GOOD,GOOD,
2024-12-21 22:00:00+00:00,0.25,0.25,0.33428356,0.8702537,0.0820089,0.04773744,GOOD,GOOD,
2024-12-21 23:00:00+00:00,0.25,0.25,0.30305493,0.93855387,0.031084737,0.030361367,GOOD,GOOD,
2024-12-22 00:00:00+00:00,0.235,0.235,0.28303865,0.9498958,0.0261605,0.023943722,GOOD,GOOD,
2024-12-22 01:00:00+00:00,0.29,0.29000000000000004,0.26949656,0.84195304,0.10570443,0.05234252,GOOD,GOOD,
2024-12-22 02:00:00+00:00,0.275,0.2750000000000001,0.29731807,0.94071925,0.036055796,0.023224948,GOOD,GOOD,
2024-12-22 03:00:00+00:00,0.28,0.28000000000000014,0.30858642,0.9636206,0.016039003,0.020340394,GOOD,GOOD,
2024-12-22 04:00:00+00:00,0.29000000000000004,0.2900000000000001,0.31125176,0.9112061,0.026160082,0.06263377,GOOD,GOOD,
2024-12-22 05:00:00+00:00,0.29,0.29000000000000004,0.3170076,0.86695844,0.026260383,0.10678116,GOOD,GOOD,
2024-12-22 06:00:00+00:00,0.265,0.26500000000000007,0.32028687,0.9671193,0.01793995,0.014940748,GOOD,GOOD,
2024-12-22 07:00:00+00:00,0.265,0.26500000000000007,0.3062114,0.96827817,0.013392129,0.018329723,GOOD,GOOD,
2024-12-22 08:00:00+00:00,0.29000000000000004,0.2900000000000001,0.2969538,0.96565026,0.01952956,0.014820202,GOOD,GOOD,
2024-12-22 09:00:00+00:00,0.31,0.31000000000000005,0.30953544,0.9417274,0.028052852,0.030219741,GOOD,GOOD,
2024-12-22 10:00:00+00:00,0.28,0.28000000000000014,0.33108115,0.9699776,0.017193696,0.012828666,GOOD,GOOD,
2024-12-22 11:00:00+00:00,0.265,0.26500000000000007,0.32302895,0.95572406,0.018164095,0.026111826,GOOD,GOOD,
2024-12-22 12:00:00+00:00,0.29000000000000004,0.2900000000000001,0.30446574,0.96671146,0.020064704,0.01322386,GOOD,GOOD,
2024-12-22 13:00:00+00:00,0.32,0.32000000000000006,0.31040296,0.94183344,0.034531895,0.023634667,GOOD,GOOD,
2024-12-22 14:00:00+00:00,0.33,0.3300000000000001,0.33626437,0.95309037,0.025920458,0.02098915,GOOD,GOOD,
2024-12-22 15:00:00+00:00,0.37,0.37000000000000005,0.3560746,0.9195268,0.049334127,0.031139078,GOOD,GOOD,
2024-12-22 16:00:00+00:00,0.415,0.4150000000000001,0.38628995,0.889755,0.07054739,0.039697595,GOOD,GOOD,
2024-12-22 17:00:00+00:00,0.43,0.43000000000000005,0.42806134,0.8938761,0.06129884,0.04482511,GOOD,GOOD,
2024-12-22 18:00:00+00:00,0.4,0.40000000000000013,0.4552887,0.92794096,0.04339816,0.02866086,GOOD,GOOD,
2024-12-22 19:00:00+00:00,0.375,0.3750000000000001,0.4436428,0.93622106,0.0320236,0.031755354,GOOD,GOOD,
2024-12-22 20:00:00+00:00,0.38,0.38000000000000006,0.4167967,0.9684383,0.016815223,0.014746472,GOOD,GOOD,
2024-12-22 21:00:00+00:00,0.39,0.3900000000000001,0.4076313,0.9101193,0.03329755,0.05658314,GOOD,GOOD,
2024-12-22 22:00:00+00:00,0.385,0.38500000000000006,0.4140583,0.94624823,0.02254355,0.03120822,GOOD,GOOD,
2024-12-22 23:00:00+00:00,0.38,0.38000000000000006,0.41600055,0.81989264,0.03711183,0.14299549,GOOD,GOOD,
2024-12-23 00:00:00+00:00,0.33,0.3300000000000001,0.41233373,0.91194427,0.053467464,0.03458826,GOOD,GOOD,
2024-12-23 01:00:00+00:00,0.32999999999999996,0.33000000000000007,0.3795568,0.95645046,0.02076962,0.02277994,GOOD,GOOD,
2024-12-23 02:00:00+00:00,0.28500000000000003,0.2850000000000001,0.36123896,0.90305614,0.0592069,0.03773697,GOOD,GOOD,
2024-12-23 03:00:00+00:00,0.305,0.3050000000000001,0.33085483,0.94887406,0.02770056,0.023425369,GOOD,GOOD,
2024-12-23 04:00:00+00:00,0.295,0.29500000000000004,0.32776624,0.95612705,0.01976138,0.024111558,GOOD,GOOD,
2024-12-23 05:00:00+00:00,0.29000000000000004,0.2900000000000001,0.32664877,0.7820768,0.03482872,0.18309452,GOOD,GOOD,
2024-12-23 06:00:00+00:00,0.3,0.30000000000000004,0.32287246,0.9405761,0.02193238,0.03749157,GOOD,GOOD,
2024-12-23 07:00:00+00:00,0.305,0.3050000000000001,0.32673147,0.81698287,0.034070205,0.14894694,GOOD,GOOD,
2024-12-23 08:00:00+00:00,0.305,0.3050000000000001,0.3330015,0.6614611,0.043217804,0.29532108,GOOD,GOOD,
2024-12-23 09:00:00+00:00,0.33,0.3300000000000001,0.3358328,0.94842935,0.024111263,0.027459387,GOOD,GOOD,
2024-12-23 10:00:00+00:00,0.345,0.34500000000000003,0.35118747,0.94205356,0.023195272,0.034751154,GOOD,GOOD,
2024-12-23 11:00:00+00:00,0.33,0.3300000000000001,0.369071,0.93919134,0.025033234,0.035775434,GOOD,GOOD,
2024-12-23 12:00:00+00:00,0.32,0.32000000000000006,0.36716905,0.7271222,0.05683772,0.21604012,GOOD,GOOD,
2024-12-23 13:00:00+00:00,0.295,0.29500000000000004,0.35627294,0.8871862,0.051072795,0.06174096,GOOD,GOOD,
2024-12-23 14:00:00+00:00,0.315,0.31500000000000006,0.33570504,0.93496746,0.029827992,0.035204556,GOOD,GOOD,
2024-12-23 15:00:00+00:00,0.305,0.3050000000000001,0.33766782,0.9202797,0.031029483,0.048690833,GOOD,GOOD,
2024-12-23 16:00:00+00:00,0.315,0.31500000000000006,0.33738196,0.91991293,0.028627219,0.05145985,GOOD,GOOD,
2024-12-23 17:00:00+00:00,0.28500000000000003,0.2850000000000001,0.3420731,0.8962967,0.044637278,0.059066027,GOOD,GOOD,
2024-12-23 18:00:00+00:00,0.265,0.26500000000000007,0.32711476,0.8390099,0.061756395,0.099233754,GOOD,GOOD,
2024-12-23 19:00:00+00:00,0.31,0.31000000000000005,0.30506787,0.92996955,0.044870257,0.025160173,GOOD,GOOD,
2024-12-23 20:00:00+00:00,0.34,0.34000000000000014,0.3219121,0.9525735,0.03089123,0.016535314,GOOD,GOOD,
2024-12-23 21:00:00+00:00,0.34,0.34000000000000014,0.35525,0.9654502,0.017275766,0.017273987,GOOD,GOOD,
2024-12-23 22:00:00+00:00,0.355,0.35500000000000004,0.37073007,0.959778,0.019957269,0.020264728,GOOD,GOOD,
2024-12-23 23:00:00+00:00,0.365,0.3650000000000001,0.38174132,0.90795666,0.029831978,0.06221138,GOOD,GOOD,
2024-12-24 00:00:00+00:00,0.365,0.3650000000000001,0.3917513,0.87860775,0.029258043,0.09213421,GOOD,GOOD,
2024-12-24 01:00:00+00:00,0.345,0.34500000000000003,0.39557046,0.9671231,0.01730841,0.015568476,GOOD,GOOD,
2024-12-24 02:00:00+00:00,0.34,0.34000000000000014,0.38367283,0.9488871,0.017469855,0.033643037,GOOD,GOOD,
2024-12-24 03:00:00+00:00,0.29500000000000004,0.2950000000000001,0.3730368,0.9208766,0.04802467,0.031098688,GOOD,GOOD,
2024-12-24 04:00:00+00:00,0.255,0.255,0.3425098,0.89551485,0.06442692,0.04005825,GOOD,GOOD,
2024-12-24 05:00:00+00:00,0.265,0.26500000000000007,0.30265352,0.9497528,0.026956532,0.023290692,GOOD,GOOD,
2024-12-24 06:00:00+00:00,0.305,0.3050000000000001,0.29095486,0.94736487,0.03498043,0.0176547,GOOD,GOOD,
2024-12-24 07:00:00+00:00,0.29000000000000004,0.2900000000000001,0.31609988,0.9632325,0.02091213,0.015855324,GOOD,GOOD,
2024-12-24 08:00:00+00:00,0.245,0.24500000000000002,0.32436922,0.9315501,0.04147804,0.026971875,GOOD,GOOD,
2024-12-24 09:00:00+00:00,0.245,0.24500000000000002,0.29647547,0.9584269,0.020924583,0.02064851,GOOD,GOOD,
2024-12-24 10:00:00+00:00,0.25,0.25,0.27808797,0.8738553,0.030289885,0.095854804,GOOD,GOOD,
2024-12-24 11:00:00+00:00,0.27,0.2700000000000001,0.2766233,0.9674852,0.018344333,0.014170454,GOOD,GOOD,
2024-12-24 12:00:00+00:00,0.28,0.28000000000000014,0.291186,0.93666774,0.02225176,0.041080512,GOOD,GOOD,
2024-12-24 13:00:00+00:00,0.26,0.26000000000000006,0.30602756,0.9600656,0.01918367,0.020750724,GOOD,GOOD,
2024-12-24 14:00:00+00:00,0.235,0.235,0.29979697,0.9143537,0.0370867,0.048559565,GOOD,GOOD,
2024-12-24 15:00:00+00:00,0.245,0.24500000000000002,0.278121,0.95938015,0.019683644,0.020936202,GOOD,GOOD,
2024-12-24 16:00:00+00:00,0.25,0.25,0.27239606,0.8436965,0.035652373,0.12065113,GOOD,GOOD,
2024-12-24 17:00:00+00:00,0.26,0.26000000000000006,0.27689058,0.8937797,0.03126468,0.07495562,GOOD,GOOD,
2024-12-24 18:00:00+00:00,0.28500000000000003,0.2850000000000001,0.2862998,0.9566386,0.022815922,0.02054548,GOOD,GOOD,
2024-12-24 19:00:00+00:00,0.275,0.2750000000000001,0.30564812,0.9447038,0.02447703,0.030819135,GOOD,GOOD,
2024-12-24 20:00:00+00:00,0.28500000000000003,0.2850000000000001,0.30953854,0.9503431,0.021108327,0.028548582,GOOD,GOOD,
2024-12-24 21:00:00+00:00,0.3,0.30000000000000004,0.3134161,0.92896414,0.025988778,0.045047075,GOOD,GOOD,
2024-12-24 22:00:00+00:00,0.255,0.255,0.32438532,0.8638759,0.07857542,0.057548657,GOOD,GOOD,
2024-12-24 23:00:00+00:00,0.25,0.25,0.30359286,0.8853575,0.048915558,0.06572696,GOOD,GOOD,
2024-12-25 00:00:00+00:00,0.27,0.2700000000000001,0.28534463,0.94621843,0.02323037,0.030551206,GOOD,GOOD,
2024-12-25 01:00:00+00:00,0.255,0.255,0.29112515,0.9355368,0.02721635,0.03724686,GOOD,GOOD,
2024-12-25 02:00:00+00:00,0.22999999999999998,0.23,0.28971982,0.8966423,0.045821834,0.057535816,GOOD,GOOD,
2024-12-25 03:00:00+00:00,0.21000000000000002,0.21000000000000002,0.2722025,0.8489007,0.06084865,0.09025064,GOOD,GOOD,
2024-12-25 04:00:00+00:00,0.20500000000000002,0.33241185340546386,0.25014737,0.5707568,0.28032467,0.14891857,SUSPECT,GOOD,A_spike
2024-12-25 05:00:00+00:00,0.215,0.215,0.31262374,0.55324984,0.24746706,0.19928312,GOOD,GOOD,
2024-12-25 06:00:00+00:00,0.235,0.235,0.28726834,0.9231731,0.04601471,0.030812146,GOOD,GOOD,
2024-12-25 07:00:00+00:00,0.26,0.26000000000000006,0.26725915,0.9588805,0.020721668,0.020397874,GOOD,GOOD,
2024-12-25 08:00:00+00:00,0.26,0.26000000000000006,0.277568,0.97050834,0.014618143,0.014873497,GOOD,GOOD,
2024-12-25 09:00:00+00:00,0.265,0.26500000000000007,0.28826842,0.8744683,0.026221491,0.09931015,GOOD,GOOD,
2024-12-25 10:00:00+00:00,0.265,0.26500000000000007,0.29471076,0.8267385,0.026199814,0.14706169,GOOD,GOOD,
2024-12-25 11:00:00+00:00,0.295,0.29500000000000004,0.2964215,0.9473789,0.031153053,0.021468062,GOOD,GOOD,
2024-12-25 12:00:00+00:00,0.29,0.29000000000000004,0.31401086,0.9613821,0.019833418,0.018784517,GOOD,GOOD,
2024-12-25 13:00:00+00:00,0.27,0.2700000000000001,0.32168958,0.9514206,0.023161814,0.025417592,GOOD,GOOD,
2024-12-25 14:00:00+00:00,0.27,0.2700000000000001,0.31030098,0.93545973,0.021802872,0.042737395,GOOD,GOOD,
2024-12-25 15:00:00+00:00,0.295,0.29500000000000004,0.30198103,0.9576937,0.02366634,0.018639954,GOOD,GOOD,
2024-12-25 16:00:00+00:00,0.27,0.2700000000000001,0.3146394,0.94004357,0.030076103,0.029880328,GOOD,GOOD,
2024-12-25 17:00:00+00:00,0.22999999999999998,0.23,0.30926102,0.87231153,0.073245265,0.0544432,GOOD,GOOD,
2024-12-25 18:00:00+00:00,0.265,0.26500000000000007,0.2791344,0.9326397,0.036684457,0.030675821,GOOD,GOOD,
2024-12-25 19:00:00+00:00,0.295,0.29500000000000004,0.28256366,0.9396808,0.036108144,0.024211034,GOOD,GOOD,
2024-12-25 20:00:00+00:00,0.29500000000000004,0.2950000000000001,0.30977538,0.9658534,0.017828401,0.016318232,GOOD,GOOD,
2024-12-25 21:00:00+00:00,0.305,0.3050000000000001,0.32485953,0.9386814,0.022829227,0.038489323,GOOD,GOOD,
2024-12-25 22:00:00+00:00,0.31,0.31000000000000005,0.33357543,0.8806496,0.028857268,0.09049309,GOOD,GOOD,
2024-12-25 23:00:00+00:00,0.32,0.32000000000000006,0.3391102,0.9131521,0.026434092,0.060413793,GOOD,GOOD,
2024-12-26 00:00:00+00:00,0.35,0.35000000000000003,0.34685764,0.95351046,0.02768764,0.018801888,GOOD,GOOD,
2024-12-26 01:00:00+00:00,0.345,0.34500000000000003,0.3686135,0.9639003,0.019830797,0.016268902,GOOD,GOOD,
2024-12-26 02:00:00+00:00,0.345,0.34500000000000003,0.37694597,0.8422866,0.032159977,0.12555346,GOOD,GOOD,
2024-12-26 03:00:00+00:00,0.28500000000000003,0.2850000000000001,0.3770326,0.91969055,0.050872818,0.029436655,GOOD,GOOD,
2024-12-26 04:00:00+00:00,0.28,0.28000000000000014,0.33972958,0.96748745,0.016500128,0.016012425,GOOD,GOOD,
2024-12-26 05:00:00+00:00,0.31999999999999995,0.32,0.31460977,0.9410378,0.03696219,0.022000033,GOOD,GOOD,
2024-12-26 06:00:00+00:00,0.32499999999999996,0.325,0.33185402,0.96610975,0.01943321,0.014457041,GOOD,GOOD,
2024-12-26 07:00:00+00:00,0.3,0.30000000000000004,0.35032275,0.97444457,0.014165912,0.011389509,GOOD,GOOD,
2024-12-26 08:00:00+00:00,0.32,0.32000000000000006,0.34162444,0.97027844,0.016636966,0.013084619,GOOD,GOOD,
2024-12-26 09:00:00+00:00,0.31,0.31000000000000005,0.3445059,0.97581214,0.012371632,0.011816205,GOOD,GOOD,
2024-12-26 10:00:00+00:00,0.325,0.32500000000000007,0.34288415,0.97256315,0.015142119,0.012294749,GOOD,GOOD,
2024-12-26 11:00:00+00:00,0.325,0.32500000000000007,0.34999743,0.8931901,0.024031356,0.082778566,GOOD,GOOD,
2024-12-26 12:00:00+00:00,0.315,0.31500000000000006,0.35479596,0.91728413,0.021772286,0.06094357,GOOD,GOOD,
2024-12-26 13:00:00+00:00,0.28,0.28000000000000014,0.34996882,0.9341393,0.03592986,0.029930808,GOOD,GOOD,
2024-12-26 14:00:00+00:00,0.32,0.32000000000000006,0.3252905,0.945642,0.032517746,0.021840256,GOOD,GOOD,
2024-12-26 15:00:00+00:00,0.315,0.31500000000000006,0.33540803,0.96221197,0.018445382,0.019342681,GOOD,GOOD,
2024-12-26 16:00:00+00:00,0.275,0.2750000000000001,0.34433404,0.9035521,0.05594211,0.040505756,GOOD,GOOD,
2024-12-26 17:00:00+00:00,0.28,0.28000000000000014,0.3227494,0.94448423,0.02530747,0.030208286,GOOD,GOOD,
2024-12-26 18:00:00+00:00,0.255,0.255,0.31076387,0.9249107,0.03780505,0.03728421,GOOD,GOOD,
2024-12-26 19:00:00+00:00,0.255,0.255,0.29407462,0.92821276,0.029840495,0.041946758,GOOD,GOOD,
2024-12-26 20:00:00+00:00,0.275,0.2750000000000001,0.2859788,0.9506529,0.023059025,0.026288055,GOOD,GOOD,
2024-12-26 21:00:00+00:00,0.275,0.2750000000000001,0.2964283,0.91957825,0.025391798,0.05502997,GOOD,GOOD,
2024-12-26 22:00:00+00:00,0.29500000000000004,0.2950000000000001,0.30442393,0.94918096,0.022480989,0.028338073,GOOD,GOOD,
2024-12-26 23:00:00+00:00,0.3,0.30000000000000004,0.3184316,0.90419567,0.026601514,0.0692028,GOOD,GOOD,
2024-12-27 00:00:00+00:00,0.315,0.31500000000000006,0.3284461,0.9356713,0.023634413,0.040694285,GOOD,GOOD,
2024-12-27 01:00:00+00:00,0.3,0.30000000000000004,0.34041548,0.9292501,0.028995588,0.04175432,GOOD,GOOD,
2024-12-27 02:00:00+00:00,0.315,0.31500000000000006,0.3367532,0.94540536,0.022351988,0.03224265,GOOD,GOOD,
2024-12-27 03:00:00+00:00,0.265,0.26500000000000007,0.34095052,0.8586579,0.07894635,0.062395748,GOOD,GOOD,
2024-12-27 04:00:00+00:00,0.28500000000000003,0.2850000000000001,0.3149434,0.9301689,0.030864496,0.038966585,GOOD,GOOD,
2024-12-27 05:00:00+00:00,0.275,0.2750000000000001,0.30977666,0.9075356,0.033974074,0.05849032,GOOD,GOOD,
2024-12-27 06:00:00+00:00,0.25,0.25,0.3070212,0.878861,0.049208708,0.071930304,GOOD,GOOD,
2024-12-27 07:00:00+00:00,0.28500000000000003,0.2850000000000001,0.2910162,0.9232967,0.034770228,0.041933097,GOOD,GOOD,
2024-12-27 08:00:00+00:00,0.28500000000000003,0.2850000000000001,0.30221725,0.87427664,0.039911557,0.08581184,GOOD,GOOD,
2024-12-27 09:00:00+00:00,0.305,0.3050000000000001,0.31302923,0.9321004,0.025484538,0.042415023,GOOD,GOOD,
2024-12-27 10:00:00+00:00,0.315,0.31500000000000006,0.3283729,0.8985901,0.03150038,0.06990954,GOOD,GOOD,
2024-12-27 11:00:00+00:00,0.32,0.32000000000000006,0.34151974,0.8019362,0.044052586,0.15401119,GOOD,GOOD,
2024-12-27 12:00:00+00:00,0.325,0.32500000000000007,0.3491787,0.6966841,0.05272406,0.25059184,GOOD,GOOD,
2024-12-27 13:00:00+00:00,0.32,0.32000000000000006,0.35416883,0.80803746,0.048402086,0.14356045,GOOD,GOOD,
2024-12-27 14:00:00+00:00,0.315,0.31500000000000006,0.35275334,0.5571933,0.063725024,0.3790817,GOOD,GOOD,
2024-12-27 15:00:00+00:00,0.28500000000000003,0.2850000000000001,0.34794575,0.7835267,0.08502579,0.13144748,GOOD,GOOD,
2024-12-27 16:00:00+00:00,0.305,0.3050000000000001,0.32760042,0.8946224,0.03796378,0.06741384,GOOD,GOOD,
2024-12-27 17:00:00+00:00,0.255,0.255,0.32823184,0.7740359,0.11158783,0.1143763,GOOD,GOOD,
2024-12-27 18:00:00+00:00,0.265,0.26500000000000007,0.30365288,0.78948236,0.067711666,0.142806,GOOD,GOOD,
2024-12-27 19:00:00+00:00,0.29500000000000004,0.2950000000000001,0.2936721,0.96747184,0.02056263,0.011965531,GOOD,GOOD,
2024-12-27 20:00:00+00:00,0.36,0.36000000000000004,0.3112116,0.8811402,0.08546213,0.033397693,GOOD,GOOD,
2024-12-27 21:00:00+00:00,0.355,0.35500000000000004,0.36286384,0.9439879,0.03233623,0.023675887,GOOD,GOOD,
2024-12-27 22:00:00+00:00,0.35,0.35000000000000003,0.38661322,0.80482596,0.037827272,0.15734677,GOOD,GOOD,
2024-12-27 23:00:00+00:00,0.315,0.31500000000000006,0.38606647,0.9602003,0.022524647,0.017275073,GOOD,GOOD,
2024-12-28 00:00:00+00:00,0.315,0.31500000000000006,0.36066967,0.96779287,0.012663289,0.019543853,GOOD,GOOD,
2024-12-28 01:00:00+00:00,0.305,0.3050000000000001,0.3463718,0.9076954,0.02302322,0.06928137,GOOD,GOOD,
2024-12-28 02:00:00+00:00,0.28,0.28000000000000014,0.33766776,0.96337426,0.019311294,0.017314428,GOOD,GOOD,
2024-12-28 03:00:00+00:00,0.265,0.26500000000000007,0.32012722,0.9283784,0.02797484,0.04364677,GOOD,GOOD,
2024-12-28 04:00:00+00:00,0.295,0.29500000000000004,0.30217895,0.9566092,0.025104066,0.018286733,GOOD,GOOD,
2024-12-28 05:00:00+00:00,0.29000000000000004,0.2900000000000001,0.31277904,0.9643505,0.01790148,0.017748011,GOOD,GOOD,
2024-12-28 06:00:00+00:00,0.275,0.2750000000000001,0.3201762,0.9385464,0.02642632,0.035027266,GOOD,GOOD,
2024-12-28 07:00:00+00:00,0.305,0.3050000000000001,0.31271276,0.9528454,0.026244983,0.020909645,GOOD,GOOD,
2024-12-28 08:00:00+00:00,0.29500000000000004,0.2950000000000001,0.32451126,0.951975,0.02202902,0.025995988,GOOD,GOOD,
2024-12-28 09:00:00+00:00,0.405,0.02,0.3278695,0.18106318,0.26135987,0.55757695,BAD,SUSPECT,F_burst_noise
2024-12-28 10:00:00+00:00,0.43,0.4534960110424187,0.17014772,0.37234628,0.26459205,0.36306167,BAD,GOOD,F_burst_noise
2024-12-28 11:00:00+00:00,0.445,0.13351748476691316,0.3189925,0.5076828,0.22760652,0.2647107,BAD,GOOD,F_burst_noise
2024-12-28 12:00:00+00:00,0.395,0.02,0.2661119,0.1393103,0.40786025,0.45282945,BAD,SUSPECT,F_burst_noise
2024-12-28 13:00:00+00:00,0.36,0.07357140681368675,0.12895271,0.6365007,0.21358205,0.14991724,BAD,GOOD,F_burst_noise
2024-12-28 14:00:00+00:00,0.34,0.02,0.085433245,0.5991541,0.22388041,0.17696546,BAD,GOOD,F_burst_noise
2024-12-28 15:00:00+00:00,0.32,0.02,0.06171577,0.7922683,0.11061591,0.09711581,BAD,GOOD,F_burst_noise
2024-12-28 16:00:00+00:00,0.355,0.4291780476950169,0.052027266,0.19009793,0.32008114,0.48982093,BAD,SUSPECT,F_burst_noise
2024-12-28 17:00:00+00:00,0.345,0.6959917901187939,0.28591895,0.09309685,0.5341926,0.37271053,BAD,SUSPECT,F_burst_noise
2024-12-28 18:00:00+00:00,0.255,0.35748508226640785,0.6190055,0.4239645,0.199243,0.37679252,BAD,GOOD,F_burst_noise
2024-12-28 19:00:00+00:00,0.28500000000000003,0.7712452657343509,0.5260332,0.2772594,0.40687156,0.31586903,BAD,SUSPECT,F_burst_noise
2024-12-28 20:00:00+00:00,0.345,0.5741592491576286,0.6834479,0.6272013,0.20877318,0.16402549,BAD,GOOD,F_burst_noise
2024-12-28 21:00:00+00:00,0.36,0.02,0.658419,0.027899027,0.16280028,0.8093007,BAD,BAD,F_burst_noise
2024-12-28 22:00:00+00:00,0.37,0.6393148555271906,0.2825464,0.17788273,0.2432418,0.5788755,BAD,SUSPECT,F_burst_noise
2024-12-28 23:00:00+00:00,0.355,0.3706702204167173,0.44624212,0.5293095,0.23198597,0.23870455,BAD,GOOD,F_burst_noise
2024-12-29 00:00:00+00:00,0.355,0.7619348850400552,0.45920795,0.16570663,0.54080105,0.2934923,BAD,SUSPECT,F_burst_noise
2024-12-29 01:00:00+00:00,0.355,0.48846971714927784,0.67407614,0.49109942,0.296557,0.21234357,BAD,GOOD,F_burst_noise
2024-12-29 02:00:00+00:00,0.275,0.06208312304901917,0.6059374,0.04442966,0.41222355,0.5433468,BAD,SUSPECT,F_burst_noise
2024-12-29 03:00:00+00:00,0.305,0.02,0.28018928,0.011829376,0.7547116,0.23345901,BAD,SUSPECT,F_burst_noise
2024-12-29 04:00:00+00:00,0.255,0.2045946738357725,0.0867783,0.59093076,0.3062042,0.10286505,BAD,GOOD,F_burst_noise
2024-12-29 05:00:00+00:00,0.25,0.5298433499644201,0.13422109,0.15595305,0.5022984,0.3417485,BAD,SUSPECT,F_burst_noise
2024-12-29 06:00:00+00:00,0.235,0.2677342421327409,0.40699908,0.5833814,0.24270988,0.17390868,BAD,GOOD,F_burst_noise
2024-12-29 07:00:00+00:00,0.2,0.4148521915649282,0.39551428,0.88252705,0.08600237,0.03147056,BAD,GOOD,F_burst_noise
2024-12-29 08:00:00+00:00,0.245,0.4340566555711614,0.41515243,0.9122033,0.03804298,0.049753692,BAD,GOOD,F_burst_noise
2024-12-29 09:00:00+00:00,0.29000000000000004,0.2900000000000001,0.44969204,0.7654758,0.17343432,0.061089877,GOOD,GOOD,
2024-12-29 10:00:00+00:00,0.30500000000000005,0.30500000000000016,0.3773498,0.85293454,0.047777273,0.09928817,GOOD,GOOD,
2024-12-29 11:00:00+00:00,0.32,0.32000000000000006,0.3373167,0.9148464,0.021381704,0.06377185,GOOD,GOOD,
2024-12-29 12:00:00+00:00,0.33,0.3300000000000001,0.33954683,0.85203934,0.024658285,0.12330236,GOOD,GOOD,
2024-12-29 13:00:00+00:00,0.34,0.34000000000000014,0.35420558,0.84666866,0.023722542,0.12960881,GOOD,GOOD,
2024-12-29 14:00:00+00:00,0.30000000000000004,0.3000000000000001,0.36720023,0.95110863,0.026956927,0.021934442,GOOD,GOOD,
2024-12-29 15:00:00+00:00,0.325,0.32500000000000007,0.347408,0.95883876,0.025182638,0.01597858,GOOD,GOOD,
2024-12-29 16:00:00+00:00,0.28500000000000003,0.2850000000000001,0.34777653,0.9398351,0.039430708,0.02073421,GOOD,GOOD,
2024-12-29 17:00:00+00:00,0.31,0.31000000000000005,0.3290704,0.9590463,0.018824603,0.02212907,GOOD,GOOD,
2024-12-29 18:00:00+00:00,0.33,0.3300000000000001,0.3319197,0.9088483,0.03167863,0.059473116,GOOD,GOOD,
2024-12-29 19:00:00+00:00,0.29000000000000004,0.2900000000000001,0.3501275,0.9341149,0.03245846,0.033426672,GOOD,GOOD,
2024-12-29 20:00:00+00:00,0.345,0.34500000000000003,0.3359624,0.96083874,0.024457993,0.014703247,GOOD,GOOD,
2024-12-29 21:00:00+00:00,0.35,0.35000000000000003,0.3561485,0.8891399,0.028238554,0.08262152,GOOD,GOOD,
2024-12-29 22:00:00+00:00,0.335,0.3350000000000001,0.37531736,0.9142592,0.020695154,0.065045655,GOOD,GOOD,
2024-12-29 23:00:00+00:00,0.335,0.3350000000000001,0.37252197,0.73460805,0.02720491,0.23818703,GOOD,GOOD,
2024-12-30 00:00:00+00:00,0.315,0.31500000000000006,0.36702222,0.9315144,0.022271035,0.046214584,GOOD,GOOD,
2024-12-30 01:00:00+00:00,0.385,0.38500000000000006,0.35290235,0.9258628,0.050839566,0.02329765,GOOD,GOOD,
2024-12-30 02:00:00+00:00,0.33,0.3300000000000001,0.38805142,0.9665061,0.020466406,0.013027453,GOOD,GOOD,
2024-12-30 03:00:00+00:00,0.31,0.31000000000000005,0.37862515,0.94940054,0.021728963,0.028870497,GOOD,GOOD,
2024-12-30 04:00:00+00:00,0.305,0.3050000000000001,0.35259086,0.83947235,0.028639633,0.13188803,GOOD,GOOD,
2024-12-30 05:00:00+00:00,0.275,0.2750000000000001,0.33717063,0.96154016,0.022679908,0.01577993,GOOD,GOOD,
2024-12-30 06:00:00+00:00,0.265,0.26500000000000007,0.31582662,0.9148098,0.030911239,0.05427896,GOOD,GOOD,
2024-12-30 07:00:00+00:00,0.245,0.24500000000000002,0.29979253,0.92919964,0.033752307,0.037048064,GOOD,GOOD,
2024-12-30 08:00:00+00:00,0.22999999999999998,0.23,0.28282234,0.87971234,0.04431204,0.0759756,GOOD,GOOD,
2024-12-30 09:00:00+00:00,0.24,0.24,0.2667508,0.95510375,0.0228137,0.022082571,GOOD,GOOD,
2024-12-30 10:00:00+00:00,0.255,0.255,0.26616398,0.936581,0.026616396,0.036802594,GOOD,GOOD,
2024-12-30 11:00:00+00:00,0.27,0.2700000000000001,0.27808392,0.9017897,0.03067613,0.06753416,GOOD,GOOD,
2024-12-30 12:00:00+00:00,0.265,0.26500000000000007,0.29409325,0.9468125,0.021924734,0.03126273,GOOD,GOOD,
2024-12-30 13:00:00+00:00,0.305,0.3050000000000001,0.2982133,0.9545462,0.029268585,0.016185211,GOOD,GOOD,
2024-12-30 14:00:00+00:00,0.29500000000000004,0.2950000000000001,0.32096308,0.9729401,0.014763227,0.012296713,GOOD,GOOD,
2024-12-30 15:00:00+00:00,0.305,0.02,0.3285733,0.18324846,0.26065192,0.5560996,BAD,BAD,G_missing_sentinel
2024-12-30 16:00:00+00:00,0.31,0.31000000000000005,0.1709676,0.4840573,0.26106486,0.2548778,GOOD,GOOD,
2024-12-30 17:00:00+00:00,0.305,0.3050000000000001,0.2329235,0.45348477,0.3699905,0.17652471,GOOD,GOOD,
2024-12-30 18:00:00+00:00,0.305,0.3050000000000001,0.3132772,0.78320277,0.03234583,0.18445142,GOOD,GOOD,
2024-12-30 19:00:00+00:00,0.29000000000000004,0.2900000000000001,0.34164128,0.95119584,0.017630272,0.031173889,GOOD,GOOD,
2024-12-30 20:00:00+00:00,0.31,0.31000000000000005,0.33250457,0.9722402,0.01482163,0.012938133,GOOD,GOOD,
2024-12-30 21:00:00+00:00,0.3,0.30000000000000004,0.3345754,0.9751695,0.013871159,0.010959361,GOOD,GOOD,
2024-12-30 22:00:00+00:00,0.275,0.2750000000000001,0.33290014,0.96418625,0.01984128,0.015972495,GOOD,GOOD,
2024-12-30 23:00:00+00:00,0.265,0.26500000000000007,0.31623733,0.9470695,0.020123594,0.032806896,GOOD,GOOD,
2024-12-31 00:00:00+00:00,0.22999999999999998,0.23,0.3005802,0.9279721,0.040913153,0.031114751,GOOD,GOOD,
2024-12-31 01:00:00+00:00,0.22,0.22,0.2743005,0.9510597,0.02328503,0.02565529,GOOD,GOOD,
2024-12-31 02:00:00+00:00,0.26,0.26000000000000006,0.25534403,0.9471295,0.033002123,0.019868404,GOOD,GOOD,
2024-12-31 03:00:00+00:00,0.22499999999999998,0.22499999999999998,0.2727107,0.9341917,0.041111317,0.024697,GOOD,GOOD,
2024-12-31 04:00:00+00:00,0.24,0.24,0.26714262,0.9654732,0.020033186,0.014493666,GOOD,GOOD,
2024-12-31 05:00:00+00:00,0.235,0.235,0.26743138,0.9527033,0.018203715,0.029093,GOOD,GOOD,
2024-12-31 06:00:00+00:00,0.215,0.215,0.2667199,0.9674081,0.017013388,0.015578486,GOOD,GOOD,
2024-12-31 07:00:00+00:00,0.19,0.19,0.25441855,0.9336311,0.032468483,0.033900417,GOOD,GOOD,
2024-12-31 08:00:00+00:00,0.14500000000000002,0.145,0.23242034,0.87663233,0.07636969,0.046997976,GOOD,GOOD,
2024-12-31 09:00:00+00:00,0.20500000000000002,0.20500000000000002,0.1957775,0.84413755,0.098746076,0.057116345,GOOD,GOOD,
2024-12-31 10:00:00+00:00,0.20500000000000002,0.20500000000000002,0.21137358,0.9558886,0.024779998,0.019331384,GOOD,GOOD,
2024-12-31 11:00:00+00:00,0.255,0.255,0.23053831,0.92913127,0.047687627,0.02318113,GOOD,GOOD,
2024-12-31 12:00:00+00:00,0.255,0.255,0.26665244,0.96308684,0.017221391,0.01969175,GOOD,GOOD,
2024-12-31 13:00:00+00:00,0.245,0.24500000000000002,0.2853556,0.89488375,0.024043428,0.08107284,GOOD,GOOD,
2024-12-31 14:00:00+00:00,0.275,0.2750000000000001,0.28274015,0.9698874,0.017989311,0.012123314,GOOD,GOOD,
2024-12-31 15:00:00+00:00,0.22,0.22,0.29530337,0.9289287,0.04483817,0.02623318,GOOD,GOOD,
2024-12-31 16:00:00+00:00,0.24,0.24,0.2720681,0.9710547,0.015996883,0.012948451,GOOD,GOOD,
2024-12-31 17:00:00+00:00,0.275,0.2750000000000001,0.2659831,0.9593275,0.025371227,0.015301277,GOOD,GOOD,
2024-12-31 18:00:00+00:00,0.25,0.25,0.28889233,0.9706465,0.016839191,0.012514319,GOOD,GOOD,
2024-12-31 19:00:00+00:00,0.25,0.25,0.28921857,0.9119175,0.020180466,0.067902036,GOOD,GOOD,
2024-12-31 20:00:00+00:00,0.16999999999999998,0.16999999999999998,0.2835291,0.75460625,0.16773494,0.07765879,GOOD,GOOD,
2024-12-31 21:00:00+00:00,0.21000000000000002,0.21000000000000002,0.23423614,0.9372436,0.038596258,0.024160175,GOOD,GOOD,
2024-12-31 22:00:00+00:00,0.21,0.21,0.22732161,0.94914037,0.021256618,0.029603034,GOOD,GOOD,
2024-12-31 23:00:00+00:00,0.255,0.255,0.23527627,0.9345066,0.043425877,0.022067538,GOOD,GOOD,
2025-01-01 00:00:00+00:00,0.255,0.255,0.26673153,0.94115555,0.022177821,0.036666635,GOOD,GOOD,
2025-01-01 01:00:00+00:00,0.27,0.2700000000000001,0.2845551,0.9426246,0.024219492,0.033155873,GOOD,GOOD,
2025-01-01 02:00:00+00:00,0.31000000000000005,0.3100000000000001,0.29695317,0.9383798,0.03828548,0.023334706,GOOD,GOOD,
2025-01-01 03:00:00+00:00,0.30000000000000004,0.3000000000000001,0.3251222,0.9665952,0.018472236,0.0149326,GOOD,GOOD,
2025-01-01 04:00:00+00:00,0.29500000000000004,0.2950000000000001,0.33404344,0.8243228,0.031426277,0.14425087,GOOD,GOOD,
2025-01-01 05:00:00+00:00,0.3,0.30000000000000004,0.33007938,0.88483906,0.02556336,0.089597605,GOOD,GOOD,
2025-01-01 06:00:00+00:00,0.28,0.28000000000000014,0.32935932,0.96866786,0.01536395,0.015968181,GOOD,GOOD,
2025-01-01 07:00:00+00:00,0.29,0.29000000000000004,0.3181863,0.9660207,0.01525096,0.018728336,GOOD,GOOD,
2025-01-01 08:00:00+00:00,0.245,0.24500000000000002,0.31731123,0.93999505,0.03743455,0.022570409,GOOD,GOOD,
2025-01-01 09:00:00+00:00,0.22499999999999998,0.22499999999999998,0.2928051,0.94123954,0.031446956,0.027313523,GOOD,GOOD,
2025-01-01 10:00:00+00:00,0.25,0.25,0.26584074,0.9656164,0.020462167,0.013921456,GOOD,GOOD,
2025-01-01 11:00:00+00:00,0.25,0.25,0.2694537,0.92314726,0.023174258,0.05367848,GOOD,GOOD,
2025-01-01 12:00:00+00:00,0.27,0.2700000000000001,0.27769327,0.9640552,0.01972657,0.016218238,GOOD,GOOD,
2025-01-01 13:00:00+00:00,0.275,0.2750000000000001,0.2928811,0.9120712,0.026188398,0.061740346,GOOD,GOOD,
2025-01-01 14:00:00+00:00,0.295,0.29500000000000004,0.3034496,0.9619929,0.01898773,0.019019347,GOOD,GOOD,
2025-01-01 15:00:00+00:00,0.32999999999999996,0.33000000000000007,0.31843787,0.9448053,0.034415174,0.020779496,GOOD,GOOD,
2025-01-01 16:00:00+00:00,0.27,0.2700000000000001,0.34658897,0.9442111,0.034726378,0.021062527,GOOD,GOOD,
2025-01-01 17:00:00+00:00,0.29000000000000004,0.2900000000000001,0.32459193,0.97102016,0.016388118,0.012591742,GOOD,GOOD,
2025-01-01 18:00:00+00:00,0.275,0.2750000000000001,0.31686854,0.9775102,0.011704236,0.010785539,GOOD,GOOD,
2025-01-01 19:00:00+00:00,0.3,0.30000000000000004,0.30932438,0.9673525,0.018928818,0.013718695,GOOD,GOOD,
2025-01-01 20:00:00+00:00,0.305,0.3050000000000001,0.32070184,0.9440477,0.021068031,0.034884255,GOOD,GOOD,
2025-01-01 21:00:00+00:00,0.26,0.26000000000000006,0.33224624,0.9367449,0.037371166,0.025883889,GOOD,GOOD,
2025-01-01 22:00:00+00:00,0.22999999999999998,0.23,0.3095599,0.92358637,0.04470192,0.031711742,GOOD,GOOD,
2025-01-01 23:00:00+00:00,0.23,0.23000000000000004,0.27567187,0.94259113,0.02288677,0.034522124,GOOD,GOOD,
2025-01-02 00:00:00+00:00,0.265,0.26500000000000007,0.26036432,0.958745,0.026324084,0.014930938,GOOD,GOOD,
2025-01-02 01:00:00+00:00,0.26,0.26000000000000006,0.2788637,0.971069,0.016061565,0.012869477,GOOD,GOOD,
2025-01-02 02:00:00+00:00,0.25,0.25,0.29035562,0.8895511,0.025793483,0.084655434,GOOD,GOOD,
2025-01-02 03:00:00+00:00,0.275,0.2750000000000001,0.28657213,0.9711503,0.0163569,0.012492818,GOOD,GOOD,
2025-01-02 04:00:00+00:00,0.24,0.24,0.29671457,0.9545136,0.026637562,0.018848853,GOOD,GOOD,
2025-01-02 05:00:00+00:00,0.245,0.24500000000000002,0.28378174,0.9687912,0.01545276,0.015756061,GOOD,GOOD,
2025-01-02 06:00:00+00:00,0.245,0.24500000000000002,0.27604404,0.76524305,0.03263196,0.202125,GOOD,GOOD,
2025-01-02 07:00:00+00:00,0.25,0.25,0.2747276,0.84608257,0.02913742,0.12478,GOOD,GOOD,
2025-01-02 08:00:00+00:00,0.235,0.235,0.27833304,0.9589778,0.019667186,0.021354977,GOOD,GOOD,
2025-01-02 09:00:00+00:00,0.215,0.215,0.27189058,0.9077215,0.038752895,0.0535256,GOOD,GOOD,
2025-01-02 10:00:00+00:00,0.21000000000000002,0.21000000000000002,0.25524947,0.90595734,0.03258843,0.0614542,GOOD,GOOD,
2025-01-02 11:00:00+00:00,0.26,0.26000000000000006,0.24352749,0.92845535,0.04772387,0.023820799,GOOD,GOOD,
2025-01-02 12:00:00+00:00,0.29000000000000004,0.2900000000000001,0.2691778,0.937225,0.041145895,0.02162914,GOOD,GOOD,
2025-01-02 13:00:00+00:00,0.315,0.31500000000000006,0.30569035,0.92866665,0.0396131,0.03172027,GOOD,GOOD,
2025-01-02 14:00:00+00:00,0.3,0.30000000000000004,0.33656013,0.9684638,0.017112378,0.014423854,GOOD,GOOD,
2025-01-02 15:00:00+00:00,0.3,0.30000000000000004,0.3383563,0.8765659,0.024307678,0.09912646,GOOD,GOOD,
2025-01-02 16:00:00+00:00,0.30333333333333334,0.3033333333333334,0.3331741,0.8151317,0.031895105,0.15297319,GOOD,GOOD,
2025-01-02 17:00:00+00:00,0.30666666666666664,0.3066666666666667,0.3325033,0.77875614,0.03381548,0.18742837,GOOD,GOOD,
2025-01-02 18:00:00+00:00,0.31,0.31000000000000005,0.3353532,0.78007984,0.0341169,0.18580325,GOOD,GOOD,
2025-01-02 19:00:00+00:00,0.325,0.32500000000000007,0.3390487,0.964858,0.018210284,0.016931705,GOOD,GOOD,
2025-01-02 20:00:00+00:00,0.33,0.3300000000000001,0.3495552,0.94005924,0.022428801,0.037511937,GOOD,GOOD,
2025-01-02 21:00:00+00:00,0.325,0.32500000000000007,0.3580811,0.94634175,0.020325027,0.03333324,GOOD,GOOD,
2025-01-02 22:00:00+00:00,0.28,0.28000000000000014,0.35779843,0.90151876,0.059788313,0.03869293,GOOD,GOOD,
2025-01-02 23:00:00+00:00,0.265,0.26500000000000007,0.32904327,0.9315879,0.03516437,0.033247776,GOOD,GOOD,
2025-01-03 00:00:00+00:00,0.28,0.28000000000000014,0.30311984,0.9577094,0.021986041,0.02030459,GOOD,GOOD,
2025-01-03 01:00:00+00:00,0.2775,0.2775000000000001,0.30287498,0.94526,0.021053458,0.033686545,GOOD,GOOD,
2025-01-03 02:00:00+00:00,0.275,0.2750000000000001,0.30668142,0.61142486,0.041840367,0.34673476,GOOD,GOOD,
2025-01-03 03:00:00+00:00,0.2725,0.2725000000000001,0.3068351,0.5835333,0.04315537,0.37331134,GOOD,GOOD,
2025-01-03 04:00:00+00:00,0.27,0.2700000000000001,0.30455148,0.56706923,0.045641907,0.38728887,GOOD,GOOD,
2025-01-03 05:00:00+00:00,0.245,0.24500000000000002,0.301778,0.9073845,0.04576749,0.046848025,GOOD,GOOD,
2025-01-03 06:00:00+00:00,0.305,0.3050000000000001,0.28596178,0.80664283,0.13194154,0.06141562,GOOD,GOOD,
2025-01-03 07:00:00+00:00,0.325,0.32500000000000007,0.31218117,0.937667,0.03930745,0.023025546,GOOD,GOOD,
2025-01-03 08:00:00+00:00,0.305,0.3050000000000001,0.3443285,0.96717954,0.018291092,0.014529354,GOOD,GOOD,
2025-01-03 09:00:00+00:00,0.30000000000000004,0.3000000000000001,0.34503448,0.9601341,0.0139733665,0.025892556,GOOD,GOOD,
2025-01-03 10:00:00+00:00,0.3,0.30000000000000004,0.33563286,0.8282438,0.022944123,0.1488121,GOOD,GOOD,
2025-01-03 11:00:00+00:00,0.305,0.3050000000000001,0.33070147,0.8923075,0.023636548,0.08405596,GOOD,GOOD,
2025-01-03 12:00:00+00:00,0.345,0.34500000000000003,0.3329219,0.92610687,0.046273872,0.027619267,GOOD,GOOD,
2025-01-03 13:00:00+00:00,0.315,0.31500000000000006,0.3592036,0.94747424,0.031628083,0.02089768,GOOD,GOOD,
2025-01-03 14:00:00+00:00,0.32,0.32000000000000006,0.35624376,0.97239065,0.014221146,0.013388173,GOOD,GOOD,
2025-01-03 15:00:00+00:00,0.275,0.2750000000000001,0.35134104,0.93555045,0.040158637,0.02429089,GOOD,GOOD,
2025-01-03 16:00:00+00:00,0.325,0.32500000000000007,0.3229785,0.8907143,0.0709933,0.038292445,GOOD,GOOD,
2025-01-03 17:00:00+00:00,0.265,0.26500000000000007,0.33661076,0.8828842,0.0749901,0.042125717,GOOD,GOOD,
2025-01-03 18:00:00+00:00,0.32,0.32000000000000006,0.31578955,0.90787476,0.059116088,0.033009153,GOOD,GOOD,
2025-01-03 19:00:00+00:00,0.315,0.31500000000000006,0.3316845,0.97177714,0.01496926,0.013253604,GOOD,GOOD,
2025-01-03 20:00:00+00:00,0.35,0.35000000000000003,0.34385973,0.9543868,0.028164843,0.017448392,GOOD,GOOD,
2025-01-03 21:00:00+00:00,0.345,0.34500000000000003,0.36791053,0.96678853,0.016332192,0.016879288,GOOD,GOOD,
2025-01-03 22:00:00+00:00,0.28500000000000003,0.2850000000000001,0.37694305,0.93218654,0.04325293,0.024560533,GOOD,GOOD,
2025-01-03 23:00:00+00:00,0.245,0.24500000000000002,0.34107658,0.92292476,0.050454527,0.026620738,GOOD,GOOD,
2025-01-04 00:00:00+00:00,0.23,0.23000000000000004,0.29462513,0.9516158,0.025076814,0.023307366,GOOD,GOOD,
2025-01-04 01:00:00+00:00,0.225,0.225,0.26601276,0.876027,0.034097545,0.08987548,GOOD,GOOD,
2025-01-04 02:00:00+00:00,0.22,0.22,0.25536826,0.794842,0.04028208,0.1648759,GOOD,GOOD,
2025-01-04 03:00:00+00:00,0.22999999999999998,0.23,0.2513709,0.935551,0.027642561,0.036806457,GOOD,GOOD,
2025-01-04 04:00:00+00:00,0.23,0.23000000000000004,0.25638184,0.8457408,0.0346605,0.11959869,GOOD,GOOD,
2025-01-04 05:00:00+00:00,0.22499999999999998,0.22499999999999998,0.2602564,0.830394,0.03944178,0.13016418,GOOD,GOOD,
2025-01-04 06:00:00+00:00,0.22499999999999998,0.22499999999999998,0.25844067,0.75630045,0.04086234,0.20283721,GOOD,GOOD,
2025-01-04 07:00:00+00:00,0.245,0.24500000000000002,0.2565174,0.9586227,0.021199621,0.020177653,GOOD,GOOD,
2025-01-04 08:00:00+00:00,0.24,0.24,0.26758125,0.95019406,0.021185864,0.02862008,GOOD,GOOD,
2025-01-04 09:00:00+00:00,0.255,0.255,0.27212617,0.95254946,0.020873776,0.026576782,GOOD,GOOD,
2025-01-04 10:00:00+00:00,0.235,0.235,0.2809367,0.9348798,0.030236132,0.034884073,GOOD,GOOD,
2025-01-04 11:00:00+00:00,0.19,0.19,0.273973,0.8397015,0.09407029,0.06622822,GOOD,GOOD,
2025-01-04 12:00:00+00:00,0.195,0.195,0.24143007,0.9137025,0.037972003,0.048325494,GOOD,GOOD,
2025-01-04 13:00:00+00:00,0.22999999999999998,0.23,0.22561228,0.95674527,0.02718261,0.016072134,GOOD,GOOD,
2025-01-04 14:00:00+00:00,0.24,0.24,0.24370193,0.95835114,0.020464128,0.021184733,GOOD,GOOD,
2025-01-04 15:00:00+00:00,0.245,0.24500000000000002,0.26412868,0.85391426,0.029294917,0.11679081,GOOD,GOOD,
2025-01-04 16:00:00+00:00,0.28500000000000003,0.2850000000000001,0.27485406,0.92954624,0.043698926,0.02675484,GOOD,GOOD,
2025-01-04 17:00:00+00:00,0.30500000000000005,0.30500000000000016,0.30066842,0.9379613,0.03664013,0.025398582,GOOD,GOOD,
2025-01-04 18:00:00+00:00,0.3,0.30000000000000004,0.326718,0.9477236,0.026511336,0.025765007,GOOD,GOOD,
2025-01-04 19:00:00+00:00,0.28500000000000003,0.2850000000000001,0.33373427,0.94896525,0.021673048,0.029361675,GOOD,GOOD,
2025-01-04 20:00:00+00:00,0.35,0.35000000000000003,0.32358864,0.80021465,0.11982196,0.07996341,GOOD,GOOD,
2025-01-04 21:00:00+00:00,0.355,0.35500000000000004,0.3555147,0.88655066,0.062944375,0.050504986,GOOD,GOOD,
2025-01-04 22:00:00+00:00,0.34,0.34000000000000014,0.38052285,0.9327275,0.038954098,0.02831839,GOOD,GOOD,
2025-01-04 23:00:00+00:00,0.24,0.24,0.3784123,0.7467563,0.17113642,0.08210729,GOOD,GOOD,
2025-01-05 00:00:00+00:00,0.2,0.2,0.3126917,0.78925824,0.14180173,0.068940066,GOOD,GOOD,
2025-01-05 01:00:00+00:00,0.2,0.2,0.25096992,0.95939225,0.022952545,0.017655179,GOOD,GOOD,
2025-01-05 02:00:00+00:00,0.215,0.215,0.2278537,0.9653586,0.020317938,0.014323416,GOOD,GOOD,
2025-01-05 03:00:00+00:00,0.2,0.2,0.23509715,0.9551445,0.024686417,0.020169046,GOOD,GOOD,
2025-01-05 04:00:00+00:00,0.165,0.165,0.23498878,0.9127722,0.048185293,0.03904256,GOOD,GOOD,
2025-01-05 05:00:00+00:00,0.19,0.19,0.2122786,0.9401932,0.034114324,0.025692489,GOOD,GOOD,
2025-01-05 06:00:00+00:00,0.20500000000000002,0.20500000000000002,0.21217324,0.943442,0.02618288,0.03037514,GOOD,GOOD,
2025-01-05 07:00:00+00:00,0.19,0.19,0.22675185,0.9437364,0.027443968,0.028819676,GOOD,GOOD,
2025-01-05 08:00:00+00:00,0.22,0.22,0.22686912,0.9425215,0.031147348,0.026331142,GOOD,GOOD,
2025-01-05 09:00:00+00:00,0.235,0.235,0.24053092,0.9481424,0.022287853,0.02956973,GOOD,GOOD,
2025-01-05 10:00:00+00:00,0.19,0.27204771936896005,0.25860745,0.94880825,0.0322803,0.018911429,SUSPECT,GOOD,D_drift
2025-01-05 11:00:00+00:00,0.20500000000000002,0.36909543873792017,0.28839922,0.7442518,0.18975435,0.065993875,SUSPECT,GOOD,D_drift
2025-01-05 12:00:00+00:00,0.17,0.41614315810688013,0.3613522,0.8520639,0.107045926,0.040890153,SUSPECT,GOOD,D_drift
2025-01-05 13:00:00+00:00,0.20500000000000002,0.53319087747584,0.42811394,0.7340876,0.19819812,0.067714326,SUSPECT,GOOD,D_drift
2025-01-05 14:00:00+00:00,0.22,0.6302385968448001,0.52484316,0.7020731,0.21789351,0.08003339,SUSPECT,GOOD,D_drift
2025-01-05 15:00:00+00:00,0.21000000000000002,0.70228631621376,0.6293254,0.8076714,0.14613123,0.04619733,SUSPECT,GOOD,D_drift
2025-01-05 16:00:00+00:00,0.22,0.7943340355827201,0.71351945,0.8369489,0.12947237,0.03357874,SUSPECT,GOOD,D_drift
2025-01-05 17:00:00+00:00,0.235,0.8913817549516801,0.7998878,0.78275895,0.17631027,0.040930767,SUSPECT,GOOD,D_drift
2025-01-05 18:00:00+00:00,0.29500000000000004,1.0334294743206403,0.89496267,0.67253554,0.262278,0.0651865,SUSPECT,GOOD,D_drift
2025-01-05 19:00:00+00:00,0.325,1.1454771936896002,1.026522,0.5557641,0.3771718,0.067064114,BAD,GOOD,D_drift
2025-01-05 20:00:00+00:00,0.37,1.2725249130585603,1.1487882,0.47918558,0.47015417,0.050660256,BAD,GOOD,D_drift
2025-01-05 21:00:00+00:00,0.37,1.3545726324275205,1.2730352,0.4440717,0.49759007,0.058338217,BAD,SUSPECT,D_drift
2025-01-05 22:00:00+00:00,0.33499999999999996,0.335,1.3622342,0.026145041,0.0345297,0.9393253,GOOD,BAD,
2025-01-05 23:00:00+00:00,0.28500000000000003,0.2850000000000001,0.6601737,0.031692564,0.53220713,0.43610033,GOOD,SUSPECT,
2025-01-06 00:00:00+00:00,0.225,0.225,0.34814546,0.86890525,0.10182856,0.029266207,GOOD,GOOD,
2025-01-06 01:00:00+00:00,0.20500000000000002,0.20500000000000002,0.24578726,0.9708683,0.020489976,0.008641719,GOOD,GOOD,
2025-01-06 02:00:00+00:00,0.225,0.225,0.22701783,0.9603858,0.028129088,0.01148514,GOOD,GOOD,
2025-01-06 03:00:00+00:00,0.255,0.255,0.24189894,0.94900596,0.03653325,0.0144607825,GOOD,GOOD,
2025-01-06 04:00:00+00:00,0.235,0.235,0.26997164,0.97202957,0.017882096,0.010088354,GOOD,GOOD,
2025-01-06 05:00:00+00:00,0.19,0.19,0.2722817,0.9586985,0.025901658,0.015399804,GOOD,GOOD,
2025-01-06 06:00:00+00:00,0.21500000000000002,0.21500000000000002,0.24192695,0.97247005,0.018090019,0.009439958,GOOD,GOOD,
2025-01-06 07:00:00+00:00,0.245,0.24500000000000002,0.23754197,0.9696722,0.018793952,0.01153384,GOOD,GOOD,
2025-01-06 08:00:00+00:00,0.24,0.24,0.26049703,0.974321,0.012806722,0.012872268,GOOD,GOOD,
2025-01-06 09:00:00+00:00,0.235,0.235,0.27276027,0.8654982,0.017598636,0.11690319,GOOD,GOOD,
2025-01-06 10:00:00+00:00,0.28,0.28000000000000014,0.2716996,0.9693741,0.020844912,0.009780971,GOOD,GOOD,
2025-01-06 11:00:00+00:00,0.28500000000000003,0.2850000000000001,0.29503897,0.97799224,0.013991515,0.008016248,GOOD,GOOD,
2025-01-06 12:00:00+00:00,0.27,0.2700000000000001,0.31320867,0.97511244,0.013610854,0.011276704,GOOD,GOOD,
2025-01-06 13:00:00+00:00,0.20500000000000002,0.20500000000000002,0.3094968,0.9108056,0.05867427,0.030520124,GOOD,GOOD,
2025-01-06 14:00:00+00:00,0.22999999999999998,0.23,0.2652189,0.96902156,0.01977602,0.011202394,GOOD,GOOD,
2025-01-06 15:00:00+00:00,0.22499999999999998,0.22499999999999998,0.2532543,0.972186,0.013938694,0.013875301,GOOD,GOOD,
2025-01-06 16:00:00+00:00,0.215,0.215,0.2534703,0.9217151,0.024598755,0.053686157,GOOD,GOOD,
2025-01-06 17:00:00+00:00,0.225,0.225,0.24919662,0.96967643,0.014816384,0.015507181,GOOD,GOOD,
2025-01-06 18:00:00+00:00,0.225,0.225,0.25174925,0.879502,0.027245373,0.093252644,GOOD,GOOD,
2025-01-06 19:00:00+00:00,0.29000000000000004,0.2900000000000001,0.25443035,0.9245955,0.051629998,0.023774536,GOOD,GOOD,
2025-01-06 20:00:00+00:00,0.345,0.34500000000000003,0.29356268,0.9137774,0.058910973,0.027311638,GOOD,GOOD,
2025-01-06 21:00:00+00:00,0.305,0.3050000000000001,0.35069352,0.9484688,0.032507446,0.019023733,GOOD,GOOD,
2025-01-06 22:00:00+00:00,0.325,0.32500000000000007,0.35193515,0.9549818,0.026455041,0.01856317,GOOD,GOOD,
2025-01-06 23:00:00+00:00,0.36,0.36000000000000004,0.35239065,0.9257393,0.04389635,0.030364376,GOOD,GOOD,
2025-01-07 00:00:00+00:00,0.32499999999999996,0.325,0.3753153,0.94813097,0.031413466,0.020455549,GOOD,GOOD,
2025-01-07 01:00:00+00:00,0.22999999999999998,0.23,0.36772504,0.8248248,0.1222805,0.052894704,GOOD,GOOD,
2025-01-07 02:00:00+00:00,0.235,0.235,0.3015767,0.9632375,0.020696074,0.016066397,GOOD,GOOD,
2025-01-07 03:00:00+00:00,0.2,0.2,0.26671606,0.9565838,0.028581405,0.01483482,GOOD,GOOD,
2025-01-07 04:00:00+00:00,0.18,0.18,0.24026941,0.9592081,0.024827838,0.015964083,GOOD,GOOD,
2025-01-07 05:00:00+00:00,0.175,0.175,0.21856862,0.92603284,0.02727782,0.046689346,GOOD,GOOD,
2025-01-07 06:00:00+00:00,0.185,0.185,0.20732138,0.9472919,0.024548914,0.028159197,GOOD,GOOD,
2025-01-07 07:00:00+00:00,0.19,0.19,0.2104692,0.86269355,0.036104735,0.1012017,GOOD,GOOD,
2025-01-07 08:00:00+00:00,0.20500000000000002,0.20500000000000002,0.21765147,0.9451599,0.024274778,0.030565336,GOOD,GOOD,
2025-01-07 09:00:00+00:00,0.18,0.18,0.22982378,0.9364859,0.033543985,0.02997012,GOOD,GOOD,
2025-01-07 10:00:00+00:00,0.22,0.22,0.22166364,0.9420058,0.033690322,0.02430385,GOOD,GOOD,
2025-01-07 11:00:00+00:00,0.21000000000000002,0.21000000000000002,0.23656635,0.9491448,0.023315841,0.027539367,GOOD,GOOD,
2025-01-07 12:00:00+00:00,0.265,0.26500000000000007,0.24301869,0.9156377,0.055223763,0.02913855,GOOD,GOOD,
2025-01-07 13:00:00+00:00,0.245,,0.27513495,0.7921281,0.1192617,0.08861021,BAD,BAD,G_missing_sentinel
2025-01-07 14:00:00+00:00,0.22499999999999998,0.22499999999999998,,0.8873028,0.07604902,0.036648143,GOOD,GOOD,
2025-01-07 15:00:00+00:00,0.215,0.215,,0.8873028,0.07604902,0.036648143,GOOD,GOOD,
2025-01-07 16:00:00+00:00,0.20500000000000002,0.20500000000000002,,0.8873028,0.07604902,0.036648143,GOOD,GOOD,
2025-01-07 17:00:00+00:00,0.175,0.175,,0.8873028,0.07604902,0.036648143,GOOD,GOOD,
2025-01-07 18:00:00+00:00,0.175,0.175,,0.8873028,0.07604902,0.036648143,GOOD,GOOD,
2025-01-07 19:00:00+00:00,0.19,0.19,,0.8873028,0.07604902,0.036648143,GOOD,GOOD,
2025-01-07 20:00:00+00:00,0.26,0.26000000000000006,,0.8873028,0.07604902,0.036648143,GOOD,GOOD,
2025-01-07 21:00:00+00:00,0.315,0.31500000000000006,,0.8873028,0.07604902,0.036648143,GOOD,GOOD,
2025-01-07 22:00:00+00:00,0.275,0.2750000000000001,,0.8873028,0.07604902,0.036648143,GOOD,GOOD,
2025-01-07 23:00:00+00:00,0.33999999999999997,0.3400000000000001,,0.8873028,0.07604902,0.036648143,GOOD,GOOD,
2025-01-08 00:00:00+00:00,0.33,0.3300000000000001,,0.8873028,0.07604902,0.036648143,GOOD,GOOD,
2025-01-08 01:00:00+00:00,0.325,0.32500000000000007,,0.8873028,0.07604902,0.036648143,GOOD,GOOD,
2025-01-08 02:00:00+00:00,0.295,0.29500000000000004,,0.8873028,0.07604902,0.036648143,GOOD,GOOD,
2025-01-08 03:00:00+00:00,0.275,0.2750000000000001,,0.8873028,0.07604902,0.036648143,GOOD,GOOD,
2025-01-08 04:00:00+00:00,0.225,0.225,,0.8873028,0.07604902,0.036648143,GOOD,GOOD,
2025-01-08 05:00:00+00:00,0.21500000000000002,0.21500000000000002,,0.8873028,0.07604902,0.036648143,GOOD,GOOD,
2025-01-08 06:00:00+00:00,0.19,0.19,,0.8873028,0.07604902,0.036648143,GOOD,GOOD,
2025-01-08 07:00:00+00:00,0.185,0.185,,0.8873028,0.07604902,0.036648143,GOOD,GOOD,
2025-01-08 08:00:00+00:00,0.18,0.18,,0.8873028,0.07604902,0.036648143,GOOD,GOOD,
2025-01-08 09:00:00+00:00,0.22999999999999998,0.23,,0.8873028,0.07604902,0.036648143,GOOD,GOOD,
2025-01-08 10:00:00+00:00,0.28500000000000003,0.2850000000000001,,0.8873028,0.07604902,0.036648143,GOOD,GOOD,
2025-01-08 11:00:00+00:00,0.26,0.26000000000000006,,0.8873028,0.07604902,0.036648143,GOOD,GOOD,
2025-01-08 12:00:00+00:00,0.26,0.26000000000000006,,0.8873028,0.07604902,0.036648143,GOOD,GOOD,
2025-01-08 13:00:00+00:00,0.25,0.25,,0.8873028,0.07604902,0.036648143,GOOD,GOOD,
2025-01-08 14:00:00+00:00,0.22,0.22,,0.8873028,0.07604902,0.036648143,GOOD,GOOD,
2025-01-08 15:00:00+00:00,0.175,0.175,,0.8873028,0.07604902,0.036648143,GOOD,GOOD,
2025-01-08 16:00:00+00:00,0.185,0.185,,0.8873028,0.07604902,0.036648143,GOOD,GOOD,
2025-01-08 17:00:00+00:00,0.16,0.16,,0.8873028,0.07604902,0.036648143,GOOD,GOOD,
2025-01-08 18:00:00+00:00,0.155,0.155,,0.8873028,0.07604902,0.036648143,GOOD,GOOD,
2025-01-08 19:00:00+00:00,0.20500000000000002,0.20500000000000002,,0.8873028,0.07604902,0.036648143,GOOD,GOOD,
2025-01-08 20:00:00+00:00,0.23,0.23000000000000004,,0.8873028,0.07604902,0.036648143,GOOD,GOOD,
2025-01-08 21:00:00+00:00,0.22999999999999998,0.23,,0.8873028,0.07604902,0.036648143,GOOD,GOOD,
2025-01-08 22:00:00+00:00,0.22999999999999998,0.23,,0.8873028,0.07604902,0.036648143,GOOD,GOOD,
2025-01-08 23:00:00+00:00,0.26,0.26000000000000006,,0.8873028,0.07604902,0.036648143,GOOD,GOOD,
2025-01-09 00:00:00+00:00,0.29500000000000004,0.2950000000000001,,0.8873028,0.07604902,0.036648143,GOOD,GOOD,
2025-01-09 01:00:00+00:00,0.325,0.32500000000000007,,0.8873028,0.07604902,0.036648143,GOOD,GOOD,
2025-01-09 02:00:00+00:00,0.305,0.3050000000000001,,0.8873028,0.07604902,0.036648143,GOOD,GOOD,
2025-01-09 03:00:00+00:00,0.23500000000000001,0.23500000000000001,,0.8873028,0.07604902,0.036648143,GOOD,GOOD,
2025-01-09 04:00:00+00:00,0.255,0.255,,0.8873028,0.07604902,0.036648143,GOOD,GOOD,
2025-01-09 05:00:00+00:00,0.215,0.215,,0.8873028,0.07604902,0.036648143,GOOD,GOOD,
2025-01-09 06:00:00+00:00,0.165,0.165,,0.8873028,0.07604902,0.036648143,GOOD,GOOD,
2025-01-09 07:00:00+00:00,0.16499999999999998,0.16499999999999998,,0.8873028,0.07604902,0.036648143,GOOD,GOOD,
2025-01-09 08:00:00+00:00,0.155,0.155,,0.8873028,0.07604902,0.036648143,GOOD,GOOD,
2025-01-09 09:00:00+00:00,0.16,0.16,,0.8873028,0.07604902,0.036648143,GOOD,GOOD,
2025-01-09 10:00:00+00:00,0.225,0.225,,0.8873028,0.07604902,0.036648143,GOOD,GOOD,
2025-01-09 11:00:00+00:00,0.22,0.22,,0.8873028,0.07604902,0.036648143,GOOD,GOOD,
2025-01-09 12:00:00+00:00,0.20500000000000002,0.20500000000000002,,0.8873028,0.07604902,0.036648143,GOOD,GOOD,
2025-01-09 13:00:00+00:00,0.21000000000000002,0.21000000000000002,,0.8873028,0.07604902,0.036648143,GOOD,GOOD,
2025-01-09 14:00:00+00:00,0.21,0.21,,0.8873028,0.07604902,0.036648143,GOOD,GOOD,
2025-01-09 15:00:00+00:00,0.22,0.22,,0.8873028,0.07604902,0.036648143,GOOD,GOOD,
2025-01-09 16:00:00+00:00,0.19,0.19,,0.8873028,0.07604902,0.036648143,GOOD,GOOD,
2025-01-09 17:00:00+00:00,0.185,0.185,,0.8873028,0.07604902,0.036648143,GOOD,GOOD,
2025-01-09 18:00:00+00:00,0.2,0.2,,0.8873028,0.07604902,0.036648143,GOOD,GOOD,
2025-01-09 19:00:00+00:00,0.225,0.225,,0.8873028,0.07604902,0.036648143,GOOD,GOOD,
2025-01-09 20:00:00+00:00,0.235,0.235,,0.8873028,0.07604902,0.036648143,GOOD,GOOD,
2025-01-09 21:00:00+00:00,0.23,0.23000000000000004,,0.8873028,0.07604902,0.036648143,GOOD,GOOD,
2025-01-09 22:00:00+00:00,0.24,0.24,,0.8873028,0.07604902,0.036648143,GOOD,GOOD,
2025-01-09 23:00:00+00:00,0.29000000000000004,0.2900000000000001,,0.8873028,0.07604902,0.036648143,GOOD,GOOD,
2025-01-10 00:00:00+00:00,0.29000000000000004,0.2900000000000001,,0.8873028,0.07604902,0.036648143,GOOD,GOOD,
2025-01-10 01:00:00+00:00,0.26,0.26000000000000006,,0.8873028,0.07604902,0.036648143,GOOD,GOOD,
2025-01-10 02:00:00+00:00,0.265,0.26500000000000007,,0.8873028,0.07604902,0.036648143,GOOD,GOOD,
2025-01-10 03:00:00+00:00,0.30500000000000005,0.30500000000000016,,0.8873028,0.07604902,0.036648143,GOOD,GOOD,
2025-01-10 04:00:00+00:00,0.37,0.37000000000000005,,0.8873028,0.07604902,0.036648143,GOOD,GOOD,
2025-01-10 05:00:00+00:00,0.27,0.2700000000000001,,0.8873028,0.07604902,0.036648143,GOOD,GOOD,
2025-01-10 06:00:00+00:00,0.19,0.19,,0.8873028,0.07604902,0.036648143,GOOD,GOOD,
2025-01-10 07:00:00+00:00,0.14,0.14000000000000004,,0.8873028,0.07604902,0.036648143,GOOD,GOOD,
2025-01-10 08:00:00+00:00,0.135,0.135,,0.8873028,0.07604902,0.036648143,GOOD,GOOD,
2025-01-10 09:00:00+00:00,0.14500000000000002,0.145,,0.8873028,0.07604902,0.036648143,GOOD,GOOD,
2025-01-10 10:00:00+00:00,0.155,0.155,,0.8873028,0.07604902,0.036648143,GOOD,GOOD,
2025-01-10 11:00:00+00:00,0.18,0.18,,0.8873028,0.07604902,0.036648143,GOOD,GOOD,
2025-01-10 12:00:00+00:00,0.21000000000000002,0.21000000000000002,,0.8873028,0.07604902,0.036648143,GOOD,GOOD,
2025-01-10 13:00:00+00:00,0.22,0.22,,0.8873028,0.07604902,0.036648143,GOOD,GOOD,
2025-01-10 14:00:00+00:00,0.22999999999999998,0.23,,0.8873028,0.07604902,0.036648143,GOOD,GOOD,
2025-01-10 15:00:00+00:00,0.25,0.25,,0.8873028,0.07604902,0.036648143,GOOD,GOOD,
2025-01-10 16:00:00+00:00,0.23,0.23000000000000004,,0.8873028,0.07604902,0.036648143,GOOD,GOOD,
2025-01-10 17:00:00+00:00,0.2,0.2,,0.8873028,0.07604902,0.036648143,GOOD,GOOD,
2025-01-10 18:00:00+00:00,0.24,0.24,,0.8873028,0.07604902,0.036648143,GOOD,GOOD,
2025-01-10 19:00:00+00:00,0.33999999999999997,0.3400000000000001,,0.8873028,0.07604902,0.036648143,GOOD,GOOD,
2025-01-10 20:00:00+00:00,0.3,0.30000000000000004,,0.8873028,0.07604902,0.036648143,GOOD,GOOD,
2025-01-10 21:00:00+00:00,0.405,0.4050000000000001,,0.8873028,0.07604902,0.036648143,GOOD,GOOD,
2025-01-10 22:00:00+00:00,0.405,0.4050000000000001,,0.8873028,0.07604902,0.036648143,GOOD,GOOD,
2025-01-10 23:00:00+00:00,0.505,0.505,,0.8873028,0.07604902,0.036648143,GOOD,GOOD,
2025-01-11 00:00:00+00:00,0.445,0.44500000000000006,,0.8873028,0.07604902,0.036648143,GOOD,GOOD,
2025-01-11 01:00:00+00:00,0.265,0.26500000000000007,,0.8873028,0.07604902,0.036648143,GOOD,GOOD,
2025-01-11 02:00:00+00:00,0.21,0.21,,0.8873028,0.07604902,0.036648143,GOOD,GOOD,
2025-01-11 03:00:00+00:00,0.175,0.175,,0.8873028,0.07604902,0.036648143,GOOD,GOOD,
2025-01-11 04:00:00+00:00,0.18,0.18,,0.8873028,0.07604902,0.036648143,GOOD,GOOD,
2025-01-11 05:00:00+00:00,0.175,0.175,,0.8873028,0.07604902,0.036648143,GOOD,GOOD,
2025-01-11 06:00:00+00:00,0.2,0.2,,0.8873028,0.07604902,0.036648143,GOOD,GOOD,
2025-01-11 07:00:00+00:00,0.28500000000000003,0.2850000000000001,,0.8873028,0.07604902,0.036648143,GOOD,GOOD,
2025-01-11 08:00:00+00:00,0.32,0.32000000000000006,,0.8873028,0.07604902,0.036648143,GOOD,GOOD,
2025-01-11 09:00:00+00:00,0.24,0.24,,0.8873028,0.07604902,0.036648143,GOOD,GOOD,
2025-01-11 10:00:00+00:00,0.265,0.26500000000000007,,0.8873028,0.07604902,0.036648143,GOOD,GOOD,
2025-01-11 11:00:00+00:00,0.35,0.35000000000000003,,0.8873028,0.07604902,0.036648143,GOOD,GOOD,
2025-01-11 12:00:00+00:00,0.29,0.29000000000000004,,0.8873028,0.07604902,0.036648143,GOOD,GOOD,
2025-01-11 13:00:00+00:00,0.26,0.26000000000000006,,0.8873028,0.07604902,0.036648143,GOOD,GOOD,
2025-01-11 14:00:00+00:00,0.3,0.30000000000000004,,0.8873028,0.07604902,0.036648143,GOOD,GOOD,
2025-01-11 15:00:00+00:00,0.33499999999999996,0.335,,0.8873028,0.07604902,0.036648143,GOOD,GOOD,
2025-01-11 16:00:00+00:00,0.38,0.38000000000000006,,0.8873028,0.07604902,0.036648143,GOOD,GOOD,
2025-01-11 17:00:00+00:00,0.36,0.36000000000000004,,0.8873028,0.07604902,0.036648143,GOOD,GOOD,
2025-01-11 18:00:00+00:00,0.495,0.4950000000000001,,0.8873028,0.07604902,0.036648143,GOOD,GOOD,
2025-01-11 19:00:00+00:00,0.4,0.40000000000000013,,0.8873028,0.07604902,0.036648143,GOOD,GOOD,
2025-01-11 20:00:00+00:00,0.22999999999999998,0.23,,0.8873028,0.07604902,0.036648143,GOOD,GOOD,
2025-01-11 21:00:00+00:00,0.18,0.18,,0.8873028,0.07604902,0.036648143,GOOD,GOOD,
2025-01-11 22:00:00+00:00,0.38,0.38000000000000006,,0.8873028,0.07604902,0.036648143,GOOD,GOOD,
2025-01-11 23:00:00+00:00,0.55,0.55,,0.8873028,0.07604902,0.036648143,GOOD,GOOD,
2025-01-12 00:00:00+00:00,0.43000000000000005,0.4300000000000001,,0.8873028,0.07604902,0.036648143,GOOD,GOOD,
2025-01-12 01:00:00+00:00,0.37,0.37000000000000005,,0.8873028,0.07604902,0.036648143,GOOD,GOOD,
2025-01-12 02:00:00+00:00,0.34,0.34000000000000014,,0.8873028,0.07604902,0.036648143,GOOD,GOOD,
2025-01-12 03:00:00+00:00,0.35,0.35000000000000003,,0.8873028,0.07604902,0.036648143,GOOD,GOOD,
2025-01-12 04:00:00+00:00,0.435,0.4350000000000001,,0.8873028,0.07604902,0.036648143,GOOD,GOOD,
2025-01-12 05:00:00+00:00,0.5349999999999999,0.5349999999999999,,0.8873028,0.07604902,0.036648143,GOOD,GOOD,
2025-01-12 06:00:00+00:00,0.5549999999999999,0.5549999999999999,,0.8873028,0.07604902,0.036648143,GOOD,GOOD,
2025-01-12 07:00:00+00:00,0.51,0.51,,0.8873028,0.07604902,0.036648143,GOOD,GOOD,
2025-01-12 08:00:00+00:00,0.405,0.23712350496667076,,0.8873028,0.07604902,0.036648143,SUSPECT,GOOD,F_burst_noise
2025-01-12 09:00:00+00:00,0.385,0.41669895656423495,,0.8873028,0.07604902,0.036648143,SUSPECT,GOOD,F_burst_noise
2025-01-12 10:00:00+00:00,0.37,0.4019005735191364,,0.8873028,0.07604902,0.036648143,SUSPECT,GOOD,F_burst_noise
2025-01-12 11:00:00+00:00,0.445,0.5243471569140623,,0.8873028,0.07604902,0.036648143,SUSPECT,GOOD,F_burst_noise
2025-01-12 12:00:00+00:00,0.47,0.47545158851676417,,0.8873028,0.07604902,0.036648143,SUSPECT,GOOD,F_burst_noise
2025-01-12 13:00:00+00:00,0.435,0.5240434895123645,,0.8873028,0.07604902,0.036648143,SUSPECT,GOOD,F_burst_noise
2025-01-12 14:00:00+00:00,0.395,0.42592456724985855,,0.8873028,0.07604902,0.036648143,SUSPECT,GOOD,F_burst_noise
2025-01-12 15:00:00+00:00,0.43999999999999995,0.6337031676137737,,0.8873028,0.07604902,0.036648143,SUSPECT,GOOD,F_burst_noise
2025-01-12 16:00:00+00:00,0.42000000000000004,0.6599642483443968,,0.8873028,0.07604902,0.036648143,SUSPECT,GOOD,F_burst_noise
2025-01-12 17:00:00+00:00,0.42000000000000004,0.5318355386576306,,0.8873028,0.07604902,0.036648143,SUSPECT,GOOD,F_burst_noise
2025-01-12 18:00:00+00:00,0.7749999999999999,0.7220696658682224,,0.8873028,0.07604902,0.036648143,SUSPECT,GOOD,F_burst_noise
2025-01-12 19:00:00+00:00,0.6950000000000001,0.6230016350327703,,0.8873028,0.07604902,0.036648143,SUSPECT,GOOD,F_burst_noise
2025-01-12 20:00:00+00:00,0.565,0.5650000000000001,,0.8873028,0.07604902,0.036648143,GOOD,GOOD,
2025-01-12 21:00:00+00:00,0.475,0.4750000000000001,,0.8873028,0.07604902,0.036648143,GOOD,GOOD,
2025-01-12 22:00:00+00:00,0.43,0.43000000000000005,,0.8873028,0.07604902,0.036648143,GOOD,GOOD,
2025-01-12 23:00:00+00:00,0.49,0.4900000000000001,,0.8873028,0.07604902,0.036648143,GOOD,GOOD,
2025-01-13 00:00:00+00:00,0.445,0.44500000000000006,,0.8873028,0.07604902,0.036648143,GOOD,GOOD,
2025-01-13 01:00:00+00:00,0.425,0.4250000000000001,,0.8873028,0.07604902,0.036648143,GOOD,GOOD,
2025-01-13 02:00:00+00:00,0.445,0.44500000000000006,,0.8873028,0.07604902,0.036648143,GOOD,GOOD,
2025-01-13 03:00:00+00:00,0.625,0.625,,0.8873028,0.07604902,0.036648143,GOOD,GOOD,
2025-01-13 04:00:00+00:00,0.7,0.7,,0.8873028,0.07604902,0.036648143,GOOD,GOOD,
2025-01-13 05:00:00+00:00,0.725,0.725,,0.8873028,0.07604902,0.036648143,GOOD,GOOD,
2025-01-13 06:00:00+00:00,0.575,0.575,,0.8873028,0.07604902,0.036648143,GOOD,GOOD,
2025-01-13 07:00:00+00:00,0.49,0.4900000000000001,,0.8873028,0.07604902,0.036648143,GOOD,GOOD,
2025-01-13 08:00:00+00:00,0.445,0.44500000000000006,,0.8873028,0.07604902,0.036648143,GOOD,GOOD,
2025-01-13 09:00:00+00:00,0.33,0.3300000000000001,,0.8873028,0.07604902,0.036648143,GOOD,GOOD,
2025-01-13 10:00:00+00:00,0.22,0.22,,0.8873028,0.07604902,0.036648143,GOOD,GOOD,
2025-01-13 11:00:00+00:00,0.27,0.2700000000000001,,0.8873028,0.07604902,0.036648143,GOOD,GOOD,
2025-01-13 12:00:00+00:00,0.315,0.31500000000000006,,0.8873028,0.07604902,0.036648143,GOOD,GOOD,
2025-01-13 13:00:00+00:00,0.25,0.25,,0.8873028,0.07604902,0.036648143,GOOD,GOOD,
2025-01-13 14:00:00+00:00,0.175,0.175,,0.8873028,0.07604902,0.036648143,GOOD,GOOD,
2025-01-13 15:00:00+00:00,0.155,0.155,,0.8873028,0.07604902,0.036648143,GOOD,GOOD,
2025-01-13 16:00:00+00:00,0.18,0.18,,0.8873028,0.07604902,0.036648143,GOOD,GOOD,
2025-01-13 17:00:00+00:00,0.16999999999999998,0.16999999999999998,,0.8873028,0.07604902,0.036648143,GOOD,GOOD,
2025-01-13 18:00:00+00:00,0.19,0.19,,0.8873028,0.07604902,0.036648143,GOOD,GOOD,
2025-01-13 19:00:00+00:00,0.19,0.19,,0.8873028,0.07604902,0.036648143,GOOD,GOOD,
2025-01-13 20:00:00+00:00,0.155,0.155,,0.8873028,0.07604902,0.036648143,GOOD,GOOD,
2025-01-13 21:00:00+00:00,0.14500000000000002,0.145,,0.8873028,0.07604902,0.036648143,GOOD,GOOD,
2025-01-13 22:00:00+00:00,0.14500000000000002,0.145,,0.8873028,0.07604902,0.036648143,GOOD,GOOD,
2025-01-13 23:00:00+00:00,0.16999999999999998,0.16999999999999998,,0.8873028,0.07604902,0.036648143,GOOD,GOOD,
2025-01-14 00:00:00+00:00,0.21000000000000002,0.21000000000000002,,0.8873028,0.07604902,0.036648143,GOOD,GOOD,
2025-01-14 01:00:00+00:00,0.195,0.195,,0.8873028,0.07604902,0.036648143,GOOD,GOOD,
2025-01-14 02:00:00+00:00,0.16,0.16,,0.8873028,0.07604902,0.036648143,GOOD,GOOD,
2025-01-14 03:00:00+00:00,0.16,0.16,,0.8873028,0.07604902,0.036648143,GOOD,GOOD,
2025-01-14 04:00:00+00:00,0.155,0.155,,0.8873028,0.07604902,0.036648143,GOOD,GOOD,
2025-01-14 05:00:00+00:00,0.16,0.16,,0.8873028,0.07604902,0.036648143,GOOD,GOOD,
2025-01-14 06:00:00+00:00,0.16999999999999998,0.16999999999999998,,0.8873028,0.07604902,0.036648143,GOOD,GOOD,
2025-01-14 07:00:00+00:00,0.165,0.165,,0.8873028,0.07604902,0.036648143,GOOD,GOOD,
2025-01-14 08:00:00+00:00,0.19,0.19,,0.8873028,0.07604902,0.036648143,GOOD,GOOD,
2025-01-14 09:00:00+00:00,0.19,0.19,,0.8873028,0.07604902,0.036648143,GOOD,GOOD,
2025-01-14 10:00:00+00:00,0.2,0.2,,0.8873028,0.07604902,0.036648143,GOOD,GOOD,
2025-01-14 11:00:00+00:00,0.22,0.22,,0.8873028,0.07604902,0.036648143,GOOD,GOOD,
2025-01-14 12:00:00+00:00,0.24,0.24,,0.8873028,0.07604902,0.036648143,GOOD,GOOD,
2025-01-14 13:00:00+00:00,0.23,0.23000000000000004,,0.8873028,0.07604902,0.036648143,GOOD,GOOD,
2025-01-14 14:00:00+00:00,0.235,0.235,0.2652489,0.94257367,0.02720277,0.03022359,GOOD,GOOD,
2025-01-14 15:00:00+00:00,0.21,0.21,0.26565012,0.96650594,0.021061113,0.012432919,GOOD,GOOD,
2025-01-14 16:00:00+00:00,0.235,0.235,0.2512197,0.96354353,0.023469187,0.012987276,GOOD,GOOD,
2025-01-14 17:00:00+00:00,0.25,0.25,0.2565896,0.959825,0.02267169,0.017503314,GOOD,GOOD,
2025-01-14 18:00:00+00:00,0.24,0.24,0.27245742,0.97177655,0.016844377,0.011379073,GOOD,GOOD,
2025-01-14 19:00:00+00:00,0.26,0.26000000000000006,0.2747561,0.9659041,0.021315407,0.012780473,GOOD,GOOD,
2025-01-14 20:00:00+00:00,0.28500000000000003,0.2850000000000001,0.28415346,0.95775837,0.02582194,0.016419703,GOOD,GOOD,
2025-01-14 21:00:00+00:00,0.22999999999999998,0.23,0.30478933,0.92179686,0.050753646,0.027449474,GOOD,GOOD,
2025-01-14 22:00:00+00:00,0.275,0.2750000000000001,0.28293753,0.90265566,0.062348414,0.03499594,GOOD,GOOD,
2025-01-14 23:00:00+00:00,0.28500000000000003,0.2850000000000001,0.29104242,0.96408325,0.021876497,0.014040232,GOOD,GOOD,
2025-01-15 00:00:00+00:00,0.315,0.31500000000000006,0.30811402,0.9443051,0.034835774,0.020859115,GOOD,GOOD,
2025-01-15 01:00:00+00:00,0.3,0.30000000000000004,0.3338971,0.96948683,0.017647332,0.012865865,GOOD,GOOD,
2025-01-15 02:00:00+00:00,0.345,0.34500000000000003,0.33679307,0.9304135,0.04452034,0.025066167,GOOD,GOOD,
2025-01-15 03:00:00+00:00,0.365,0.3650000000000001,0.35995516,0.955744,0.027678655,0.016577331,GOOD,GOOD,
2025-01-15 04:00:00+00:00,0.375,0.3750000000000001,0.38617036,0.92850816,0.030289177,0.041202683,GOOD,GOOD,
2025-01-15 05:00:00+00:00,0.32999999999999996,0.33000000000000007,0.40247586,0.95078903,0.030611832,0.018599145,GOOD,GOOD,
2025-01-15 06:00:00+00:00,0.345,0.34500000000000003,0.37927294,0.96812874,0.018233875,0.013637373,GOOD,GOOD,
2025-01-15 07:00:00+00:00,0.365,0.3650000000000001,0.37171754,0.95144194,0.025399977,0.0231581,GOOD,GOOD,
2025-01-15 08:00:00+00:00,0.345,0.34500000000000003,0.38511202,0.970083,0.01659073,0.013326287,GOOD,GOOD,
2025-01-15 09:00:00+00:00,0.29,0.29000000000000004,0.38193762,0.9105511,0.058720265,0.030728681,GOOD,GOOD,
2025-01-15 10:00:00+00:00,0.235,0.235,0.34374744,0.86646676,0.09402805,0.039505195,GOOD,GOOD,
2025-01-15 11:00:00+00:00,0.185,0.185,0.2896287,0.84757626,0.10911292,0.043310855,GOOD,GOOD,
2025-01-15 12:00:00+00:00,0.245,0.24500000000000002,0.23631774,0.8730708,0.084508725,0.0424205,GOOD,GOOD,
2025-01-15 13:00:00+00:00,0.215,0.215,0.24921556,0.9403275,0.03614704,0.023525435,GOOD,GOOD,
2025-01-15 14:00:00+00:00,0.20500000000000002,0.20500000000000002,0.2518915,0.9509408,0.020733094,0.028326133,GOOD,GOOD,
2025-01-15 15:00:00+00:00,0.215,0.215,0.24277966,0.9564158,0.01977349,0.023810707,GOOD,GOOD,
2025-01-15 16:00:00+00:00,0.21,0.21,0.24256405,0.9119927,0.024853762,0.06315352,GOOD,GOOD,
2025-01-15 17:00:00+00:00,0.21,0.21,0.24201784,0.7550033,0.035457842,0.20953888,GOOD,GOOD,
2025-01-15 18:00:00+00:00,0.265,0.26500000000000007,0.24146669,0.9233789,0.052268382,0.024352731,GOOD,GOOD,
2025-01-15 19:00:00+00:00,0.28500000000000003,0.2850000000000001,0.27337205,0.9620605,0.023813572,0.014125911,GOOD,GOOD,
2025-01-15 20:00:00+00:00,0.32,0.32000000000000006,0.30567572,0.9585711,0.02659542,0.014833528,GOOD,GOOD,
2025-01-15 21:00:00+00:00,0.31,0.31000000000000005,0.338669,0.9749138,0.012931195,0.012155012,GOOD,GOOD,
2025-01-15 22:00:00+00:00,0.24,0.24,0.34594494,0.89328784,0.071895495,0.034816664,GOOD,GOOD,
2025-01-15 23:00:00+00:00,0.275,0.2750000000000001,0.30187368,0.95957655,0.025700938,0.014722496,GOOD,GOOD,
2025-01-16 00:00:00+00:00,0.29500000000000004,0.2950000000000001,0.29468796,0.956046,0.022386972,0.021567041,GOOD,GOOD,
2025-01-16 01:00:00+00:00,0.31,0.31000000000000005,0.31294763,0.9149828,0.02926074,0.05575645,GOOD,GOOD,
2025-01-16 02:00:00+00:00,0.3,0.30000000000000004,0.33350042,0.96973187,0.013817011,0.016451115,GOOD,GOOD,
2025-01-16 03:00:00+00:00,0.28,0.28000000000000014,0.3353563,0.94732773,0.020238928,0.032433316,GOOD,GOOD,
2025-01-16 04:00:00+00:00,0.27,0.2700000000000001,0.3201865,0.88940513,0.029311182,0.08128367,GOOD,GOOD,
2025-01-16 05:00:00+00:00,0.275,0.2750000000000001,0.3051733,0.94339794,0.018993625,0.037608426,GOOD,GOOD,
2025-01-16 06:00:00+00:00,0.29000000000000004,0.2900000000000001,0.3025919,0.96402776,0.017653394,0.01831882,GOOD,GOOD,
2025-01-16 07:00:00+00:00,0.3,0.30000000000000004,0.31309426,0.9160478,0.025600024,0.05835218,GOOD,GOOD,
2025-01-16 08:00:00+00:00,0.33,0.3300000000000001,0.32572007,0.96157676,0.023358192,0.015065038,GOOD,GOOD,
2025-01-16 09:00:00+00:00,0.35,0.35000000000000003,0.34884626,0.96038115,0.022725744,0.016893135,GOOD,GOOD,
2025-01-16 10:00:00+00:00,0.30000000000000004,0.3000000000000001,0.37229672,0.94348663,0.034870297,0.021643063,GOOD,GOOD,
2025-01-16 11:00:00+00:00,0.28,0.28000000000000014,0.35114515,0.96532327,0.01923043,0.015446278,GOOD,GOOD,
2025-01-16 12:00:00+00:00,0.30000000000000004,0.3000000000000001,0.32185832,0.9716633,0.016401194,0.011935531,GOOD,GOOD,
2025-01-16 13:00:00+00:00,0.3,0.30000000000000004,0.32157227,0.9590447,0.016219707,0.024735598,GOOD,GOOD,
2025-01-16 14:00:00+00:00,0.32,0.32000000000000006,0.32778257,0.9646218,0.020200565,0.015177644,GOOD,GOOD,
2025-01-16 15:00:00+00:00,0.30500000000000005,0.30500000000000016,0.3427196,0.96841776,0.015819963,0.015762284,GOOD,GOOD,
2025-01-16 16:00:00+00:00,0.345,0.34500000000000003,0.34129536,0.9278089,0.044427287,0.02776385,GOOD,GOOD,
2025-01-16 17:00:00+00:00,0.33499999999999996,0.335,0.36111417,0.96675175,0.018662538,0.014585726,GOOD,GOOD,
2025-01-16 18:00:00+00:00,0.355,0.35500000000000004,0.36779594,0.9637424,0.021338815,0.014918817,GOOD,GOOD,
2025-01-16 19:00:00+00:00,0.36,0.36000000000000004,0.3792223,0.936558,0.025089368,0.03835263,GOOD,GOOD,
2025-01-16 20:00:00+00:00,0.385,0.38500000000000006,0.3880793,0.95081997,0.02900404,0.020175967,GOOD,GOOD,
2025-01-16 21:00:00+00:00,0.365,0.3650000000000001,0.40613845,0.9629608,0.019949682,0.01708956,GOOD,GOOD,
2025-01-16 22:00:00+00:00,0.31,0.31000000000000005,0.402749,0.9136894,0.05350383,0.032806817,GOOD,GOOD,
2025-01-16 23:00:00+00:00,0.32,0.32000000000000006,0.36367488,0.9657247,0.017923888,0.016351415,GOOD,GOOD,
2025-01-17 00:00:00+00:00,0.315,0.31500000000000006,0.347811,0.9307506,0.020776488,0.048472896,GOOD,GOOD,
2025-01-17 01:00:00+00:00,0.29,0.29000000000000004,0.34417894,0.953936,0.024782691,0.021281347,GOOD,GOOD,
2025-01-17 02:00:00+00:00,0.25,0.25,0.32965758,0.89163196,0.06306003,0.045308027,GOOD,GOOD,
2025-01-17 03:00:00+00:00,0.24,0.24,0.29763094,0.9239083,0.03554185,0.040549863,GOOD,GOOD,
2025-01-17 04:00:00+00:00,0.265,0.26500000000000007,0.27541384,0.95165116,0.025855891,0.022492953,GOOD,GOOD,
2025-01-17 05:00:00+00:00,0.265,0.26500000000000007,0.28352514,0.9476561,0.020761175,0.031582754,GOOD,GOOD,
2025-01-17 06:00:00+00:00,0.28500000000000003,0.2850000000000001,0.29316983,0.9545621,0.02174687,0.023691002,GOOD,GOOD,
2025-01-17 07:00:00+00:00,0.3,0.30000000000000004,0.3083259,0.90778756,0.028885711,0.06332671,GOOD,GOOD,
2025-01-17 08:00:00+00:00,0.29000000000000004,0.2900000000000001,0.32459155,0.9400699,0.022693103,0.037237003,GOOD,GOOD,
2025-01-17 09:00:00+00:00,0.275,0.2750000000000001,0.3252859,0.8282999,0.047742106,0.123958044,GOOD,GOOD,
2025-01-17 10:00:00+00:00,0.22999999999999998,0.23,0.3133887,0.8583174,0.08091409,0.060768563,GOOD,GOOD,
2025-01-17 11:00:00+00:00,0.255,0.255,0.2799907,0.93279,0.033058517,0.03415151,GOOD,GOOD,
2025-01-17 12:00:00+00:00,0.275,0.2750000000000001,0.2767057,0.9287783,0.02876946,0.04245225,GOOD,GOOD,
2025-01-17 13:00:00+00:00,0.315,0.31500000000000006,0.29428804,0.95080686,0.033167094,0.016026024,GOOD,GOOD,
2025-01-17 14:00:00+00:00,0.29,0.29000000000000004,0.3287984,0.96707237,0.018904094,0.014023542,GOOD,GOOD,
2025-01-17 15:00:00+00:00,0.29500000000000004,0.2950000000000001,0.33063734,0.9679055,0.013664144,0.01843036,GOOD,GOOD,
2025-01-17 16:00:00+00:00,0.35,0.35000000000000003,0.32694986,0.92489874,0.05020609,0.024895167,GOOD,GOOD,
2025-01-17 17:00:00+00:00,0.26,0.26000000000000006,0.35834303,0.8253624,0.11144024,0.06319736,GOOD,GOOD,
2025-01-17 18:00:00+00:00,0.3,0.30000000000000004,0.324363,0.93821687,0.03962053,0.022162613,GOOD,GOOD,
2025-01-17 19:00:00+00:00,0.31,0.31000000000000005,0.3200297,0.97226226,0.014917892,0.012819816,GOOD,GOOD,
2025-01-17 20:00:00+00:00,0.37,0.37000000000000005,0.33237296,0.9075296,0.06348849,0.02898195,GOOD,GOOD,
2025-01-17 21:00:00+00:00,0.39,0.3900000000000001,0.37617123,0.9379462,0.037868883,0.024184948,GOOD,GOOD,
2025-01-17 22:00:00+00:00,0.28500000000000003,0.2850000000000001,0.41163802,0.7923031,0.13719484,0.07050204,GOOD,GOOD,
2025-01-17 23:00:00+00:00,0.28,0.28000000000000014,0.35901254,0.9405727,0.031991225,0.027436081,GOOD,GOOD,
2025-01-18 00:00:00+00:00,0.33,0.3300000000000001,0.3182605,0.9353865,0.041257434,0.023356108,GOOD,GOOD,
2025-01-18 01:00:00+00:00,0.315,0.31500000000000006,0.33647737,0.9712535,0.01633696,0.0124095185,GOOD,GOOD,
2025-01-18 02:00:00+00:00,0.295,0.29500000000000004,0.34681672,0.92525655,0.022585649,0.0521578,GOOD,GOOD,
2025-01-18 03:00:00+00:00,0.28500000000000003,0.2850000000000001,0.3355611,0.8914217,0.023131099,0.08544726,GOOD,GOOD,
2025-01-18 04:00:00+00:00,0.315,0.31500000000000006,0.32091054,0.96451294,0.021071432,0.01441565,GOOD,GOOD,
2025-01-18 05:00:00+00:00,0.29000000000000004,0.2900000000000001,0.33282053,0.9714024,0.016082242,0.012515332,GOOD,GOOD,
2025-01-18 06:00:00+00:00,0.27,0.2700000000000001,0.32838914,0.89033395,0.037730973,0.07193509,GOOD,GOOD,
2025-01-18 07:00:00+00:00,0.315,0.31500000000000006,0.31059307,0.94904333,0.032198533,0.018758157,GOOD,GOOD,
2025-01-18 08:00:00+00:00,0.29500000000000004,0.2950000000000001,0.3278475,0.976584,0.012751406,0.01066457,GOOD,GOOD,
2025-01-18 09:00:00+00:00,0.32,0.32000000000000006,0.330694,0.97071826,0.016526818,0.012754916,GOOD,GOOD,
2025-01-18 10:00:00+00:00,0.28500000000000003,0.2850000000000001,0.3426964,0.96875495,0.017367307,0.013877726,GOOD,GOOD,
2025-01-18 11:00:00+00:00,0.27,0.2700000000000001,0.32894227,0.9253323,0.026951611,0.04771611,GOOD,GOOD,
2025-01-18 12:00:00+00:00,0.27,0.2700000000000001,0.30894265,0.8192843,0.029425088,0.15129057,GOOD,GOOD,
2025-01-18 13:00:00+00:00,0.33,0.3300000000000001,0.30029657,0.91759443,0.056928206,0.025477352,GOOD,GOOD,
2025-01-18 14:00:00+00:00,0.32,0.32000000000000006,0.33510926,0.969031,0.017037885,0.013931109,GOOD,GOOD,
2025-01-18 15:00:00+00:00,0.29,0.29000000000000004,0.3519507,0.96893376,0.016290005,0.01477624,GOOD,GOOD,
2025-01-18 16:00:00+00:00,0.32,0.32000000000000006,0.3355655,0.9692499,0.017846059,0.012904019,GOOD,GOOD,
2025-01-18 17:00:00+00:00,0.265,0.26500000000000007,0.34062696,0.9298416,0.044435076,0.025723346,GOOD,GOOD,
2025-01-18 18:00:00+00:00,0.245,0.24500000000000002,0.3153299,0.94643176,0.030474458,0.023093805,GOOD,GOOD,
2025-01-18 19:00:00+00:00,0.29500000000000004,0.2950000000000001,0.2864706,0.9527888,0.030763851,0.016447395,GOOD,GOOD,
2025-01-18 20:00:00+00:00,0.33,0.3300000000000001,0.30427328,0.93100774,0.044773236,0.024219044,GOOD,GOOD,
2025-01-18 21:00:00+00:00,0.37,0.37000000000000005,0.3426219,0.92237055,0.049042538,0.028586887,GOOD,GOOD,
2025-01-18 22:00:00+00:00,0.365,0.3650000000000001,0.3850526,0.94698256,0.024219422,0.028797993,GOOD,GOOD,
2025-01-18 23:00:00+00:00,0.315,0.31500000000000006,0.3987484,0.9515161,0.029740425,0.0187435,GOOD,GOOD,
2025-01-19 00:00:00+00:00,0.345,0.34500000000000003,0.36785626,0.9670789,0.019430231,0.013490823,GOOD,GOOD,
2025-01-19 01:00:00+00:00,0.33,0.3300000000000001,0.36574206,0.976507,0.012515715,0.010977251,GOOD,GOOD,
2025-01-19 02:00:00+00:00,0.33999999999999997,0.3400000000000001,0.36293185,0.9523179,0.01838754,0.02929457,GOOD,GOOD,
2025-01-19 03:00:00+00:00,0.31,0.31000000000000005,0.36689794,0.9649658,0.018573299,0.01646088,GOOD,GOOD,
2025-01-19 04:00:00+00:00,0.32,0.32000000000000006,0.35176116,0.96607643,0.013978207,0.019945381,GOOD,GOOD,
2025-01-19 05:00:00+00:00,0.32,0.32000000000000006,0.34765837,0.754341,0.03303454,0.21262448,GOOD,GOOD,
2025-01-19 06:00:00+00:00,0.265,0.26500000000000007,0.348822,0.8712418,0.08328114,0.04547703,GOOD,GOOD,
2025-01-19 07:00:00+00:00,0.255,0.255,0.31731862,0.919617,0.04019617,0.040186834,GOOD,GOOD,
2025-01-19 08:00:00+00:00,0.29000000000000004,0.2900000000000001,0.2919043,0.9557984,0.025713867,0.018487753,GOOD,GOOD,
2025-01-19 09:00:00+00:00,0.3,0.30000000000000004,0.30441195,0.9466621,0.021958483,0.031379387,GOOD,GOOD,
2025-01-19 10:00:00+00:00,0.275,0.2750000000000001,0.3234278,0.93824464,0.029207675,0.0325477,GOOD,GOOD,
2025-01-19 11:00:00+00:00,0.265,0.26500000000000007,0.31645665,0.8505448,0.04313268,0.106322534,GOOD,GOOD,
2025-01-19 12:00:00+00:00,0.26,0.26000000000000006,0.30212379,0.73152876,0.04794164,0.2205296,GOOD,GOOD,
2025-01-19 13:00:00+00:00,0.29000000000000004,0.2900000000000001,0.29261875,0.94863486,0.02570614,0.025658978,GOOD,GOOD,
2025-01-19 14:00:00+00:00,0.31,0.31000000000000005,0.3077383,0.9353519,0.028019793,0.036628313,GOOD,GOOD,
2025-01-19 15:00:00+00:00,0.315,0.31500000000000006,0.33095938,0.9041923,0.023426041,0.07238165,GOOD,GOOD,
2025-01-19 16:00:00+00:00,0.295,0.29500000000000004,0.3442034,0.9713625,0.013836631,0.014800881,GOOD,GOOD,
2025-01-19 17:00:00+00:00,0.29000000000000004,0.2900000000000001,0.33516446,0.8859087,0.022133345,0.09195796,GOOD,GOOD,
2025-01-19 18:00:00+00:00,0.28,0.28000000000000014,0.32424405,0.8608135,0.030448109,0.10873839,GOOD,GOOD,
2025-01-19 19:00:00+00:00,0.28,0.28000000000000014,0.31416628,0.83323544,0.029222833,0.13754173,GOOD,GOOD,
2025-01-19 20:00:00+00:00,0.36,0.36000000000000004,0.31030375,0.8521062,0.10448514,0.043408617,GOOD,GOOD,
2025-01-19 21:00:00+00:00,0.31,0.31000000000000005,0.35799706,0.94539785,0.03390196,0.020700188,GOOD,GOOD,
2025-01-19 22:00:00+00:00,0.295,0.29500000000000004,0.35735875,0.97093666,0.014465503,0.014597811,GOOD,GOOD,
2025-01-19 23:00:00+00:00,0.22499999999999998,0.22499999999999998,0.33665347,0.7927054,0.1406614,0.06663315,GOOD,GOOD,
2025-01-20 00:00:00+00:00,0.22999999999999998,0.23,0.28445733,0.9561546,0.024458509,0.01938691,GOOD,GOOD,
2025-01-20 01:00:00+00:00,0.23,0.23000000000000004,0.26004812,0.7890688,0.041484896,0.16944626,GOOD,GOOD,
2025-01-20 02:00:00+00:00,0.225,0.225,0.2568245,0.85842353,0.03352955,0.108046934,GOOD,GOOD,
2025-01-20 03:00:00+00:00,0.22,0.22,0.256317,0.78248215,0.03935887,0.178159,GOOD,GOOD,
2025-01-20 04:00:00+00:00,0.21,0.21,0.25312114,0.8877564,0.032741837,0.07950177,GOOD,GOOD,
2025-01-20 05:00:00+00:00,0.215,0.215,0.24534547,0.94185454,0.02415927,0.03398621,GOOD,GOOD,
2025-01-20 06:00:00+00:00,0.22,0.22,0.2440991,0.7838335,0.041501302,0.17466518,GOOD,GOOD,
2025-01-20 07:00:00+00:00,0.2,0.2,0.2481215,0.93012285,0.03623767,0.0336395,GOOD,GOOD,
2025-01-20 08:00:00+00:00,0.22499999999999998,0.22499999999999998,0.23921381,0.94350547,0.029893948,0.026600573,GOOD,GOOD,
2025-01-20 09:00:00+00:00,0.24,0.24,0.24692817,0.9524162,0.0212256,0.026358226,GOOD,GOOD,
2025-01-20 10:00:00+00:00,0.25,0.25,0.2630674,0.8875917,0.030220846,0.08218745,GOOD,GOOD,
2025-01-20 11:00:00+00:00,0.27,0.2700000000000001,0.2769105,0.9498533,0.023072504,0.027074207,GOOD,GOOD,
2025-01-20 12:00:00+00:00,0.22999999999999998,0.23,0.29359606,0.86439073,0.07697119,0.058638044,GOOD,GOOD,
2025-01-20 13:00:00+00:00,0.195,0.195,0.27757257,0.8117542,0.1009006,0.08734519,GOOD,GOOD,
2025-01-20 14:00:00+00:00,0.2,0.2,0.24355939,0.90460026,0.042139933,0.05325982,GOOD,GOOD,
2025-01-20 15:00:00+00:00,0.185,0.185,0.2293326,0.9190033,0.03618885,0.044807844,GOOD,GOOD,
2025-01-20 16:00:00+00:00,0.20500000000000002,0.20500000000000002,0.21962579,0.93099797,0.031291623,0.037710425,GOOD,GOOD,
2025-01-20 17:00:00+00:00,0.20500000000000002,0.20500000000000002,0.22734055,0.90957373,0.032455344,0.057970915,GOOD,GOOD,
2025-01-20 18:00:00+00:00,0.245,0.24500000000000002,0.23436415,0.9317093,0.043727927,0.024562808,GOOD,GOOD,
2025-01-20 19:00:00+00:00,0.21,0.21,0.25981694,0.9425689,0.035220593,0.022210512,GOOD,GOOD,
2025-01-20 20:00:00+00:00,0.25,0.25,0.2541717,0.9253122,0.04552659,0.029161211,GOOD,GOOD,
2025-01-20 21:00:00+00:00,0.305,0.3050000000000001,0.26768842,0.8948812,0.07063106,0.034487735,GOOD,GOOD,
2025-01-20 22:00:00+00:00,0.26,0.26000000000000006,0.31118235,0.9162943,0.052393157,0.03131256,GOOD,GOOD,
2025-01-20 23:00:00+00:00,0.225,0.225,0.30794802,0.9524992,0.026823604,0.020677194,GOOD,GOOD,
2025-01-21 00:00:00+00:00,0.185,0.185,0.2752517,0.9322037,0.042490903,0.025305388,GOOD,GOOD,
2025-01-21 01:00:00+00:00,0.195,0.195,0.23386501,0.9612955,0.021992277,0.016712233,GOOD,GOOD,
2025-01-21 02:00:00+00:00,0.195,0.195,0.22122993,0.9042555,0.02679375,0.06895073,GOOD,GOOD,
2025-01-21 03:00:00+00:00,0.20500000000000002,0.20500000000000002,0.22254081,0.9497654,0.021925678,0.028308922,GOOD,GOOD,
2025-01-21 04:00:00+00:00,0.21,0.21,0.23099317,0.8773726,0.028270183,0.09435722,GOOD,GOOD,
2025-01-21 05:00:00+00:00,0.185,0.185,0.23858036,0.94067574,0.03188025,0.027444001,GOOD,GOOD,
2025-01-21 06:00:00+00:00,0.22,0.22,0.22693282,0.9350817,0.04006138,0.02485687,GOOD,GOOD,
2025-01-21 07:00:00+00:00,0.245,0.24500000000000002,0.23798771,0.948955,0.03116021,0.019884802,GOOD,GOOD,
2025-01-21 08:00:00+00:00,0.21,0.21,0.26302904,0.9556452,0.026575252,0.017779524,GOOD,GOOD,
2025-01-21 09:00:00+00:00,0.20500000000000002,0.20500000000000002,0.25535473,0.96981156,0.014609927,0.015578521,GOOD,GOOD,
2025-01-21 10:00:00+00:00,0.20500000000000002,0.20500000000000002,0.24165817,0.76162654,0.02878256,0.2095909,GOOD,GOOD,
2025-01-21 11:00:00+00:00,0.175,0.175,0.2356887,0.9525716,0.027373474,0.020054974,GOOD,GOOD,
2025-01-21 12:00:00+00:00,0.2,0.2,0.21781197,0.9639518,0.021380764,0.014667414,GOOD,GOOD,
2025-01-21 13:00:00+00:00,0.18,0.18,0.22166765,0.95146185,0.026775194,0.021762969,GOOD,GOOD,
2025-01-21 14:00:00+00:00,0.13,0.13,0.21709728,0.8281502,0.109155774,0.06269401,GOOD,GOOD,
2025-01-21 15:00:00+00:00,0.13,0.13,0.18405755,0.9215886,0.040578112,0.03783329,GOOD,GOOD,
2025-01-21 16:00:00+00:00,0.13,0.13,0.16372594,0.70984066,0.05100161,0.2391577,GOOD,GOOD,
2025-01-21 17:00:00+00:00,0.16999999999999998,0.16999999999999998,0.15880905,0.9220493,0.049846448,0.028104298,GOOD,GOOD,
2025-01-21 18:00:00+00:00,0.16,0.16,0.1824508,0.9567194,0.024839336,0.018441258,GOOD,GOOD,
2025-01-21 19:00:00+00:00,0.2,0.2,0.19312185,0.9460216,0.034342643,0.019635724,GOOD,GOOD,
2025-01-21 20:00:00+00:00,0.21,0.21,0.21655431,0.961758,0.01975138,0.018490614,GOOD,GOOD,
2025-01-21 21:00:00+00:00,0.225,0.225,0.23576379,0.91980827,0.029421926,0.050769813,GOOD,GOOD,
2025-01-21 22:00:00+00:00,0.22999999999999998,0.23,0.25111997,0.8980024,0.028157696,0.073839895,GOOD,GOOD,
2025-01-21 23:00:00+00:00,0.24,0.24,0.25973046,0.90417826,0.029977258,0.06584446,GOOD,GOOD,
2025-01-22 00:00:00+00:00,0.225,0.225,0.2677606,0.9683752,0.01621537,0.015409431,GOOD,GOOD,
2025-01-22 01:00:00+00:00,0.175,0.175,0.2623648,0.90188384,0.061842866,0.03627328,GOOD,GOOD,
2025-01-22 02:00:00+00:00,0.155,0.155,0.22825922,0.92600083,0.042153858,0.03184528,GOOD,GOOD,
2025-01-22 03:00:00+00:00,0.14500000000000002,0.145,0.19663341,0.88433987,0.04359634,0.072063774,GOOD,GOOD,
2025-01-22 04:00:00+00:00,0.14500000000000002,0.145,0.17889383,0.82237065,0.043085445,0.13454393,GOOD,GOOD,
2025-01-22 05:00:00+00:00,0.14500000000000002,0.145,0.17428693,0.64196825,0.048656672,0.30937508,GOOD,GOOD,
2025-01-22 06:00:00+00:00,0.18,0.18,0.17483413,0.95200205,0.030886274,0.017111674,GOOD,GOOD,
2025-01-22 07:00:00+00:00,0.19,0.19,0.19573468,0.956981,0.021842495,0.021176528,GOOD,GOOD,
2025-01-22 08:00:00+00:00,0.165,0.165,0.21504033,0.9673639,0.018460484,0.014175649,GOOD,GOOD,
2025-01-22 09:00:00+00:00,0.16,0.16,0.20783958,0.9208182,0.022851417,0.056330368,GOOD,GOOD,
2025-01-22 10:00:00+00:00,0.16499999999999998,0.16499999999999998,0.19604279,0.8722398,0.027620815,0.10013937,GOOD,GOOD,
2025-01-22 11:00:00+00:00,0.195,0.195,0.19376476,0.96187705,0.02319299,0.014929981,GOOD,GOOD,
2025-01-22 12:00:00+00:00,0.23,0.23000000000000004,0.21232742,0.92426336,0.045744553,0.029992092,GOOD,GOOD,
2025-01-22 13:00:00+00:00,0.16999999999999998,0.16999999999999998,0.2449575,0.9266708,0.046191163,0.027138071,GOOD,GOOD,
2025-01-22 14:00:00+00:00,0.16999999999999998,0.16999999999999998,0.22631675,0.96641356,0.016737835,0.016848596,GOOD,GOOD,
2025-01-22 15:00:00+00:00,0.135,0.135,0.20660657,0.9476006,0.03285112,0.01954826,GOOD,GOOD,
2025-01-22 16:00:00+00:00,0.16,0.16,0.17981733,0.9608635,0.024098022,0.015038481,GOOD,GOOD,
2025-01-22 17:00:00+00:00,0.16,0.16,0.18080766,0.9365678,0.023654843,0.039777376,GOOD,GOOD,
2025-01-22 18:00:00+00:00,0.11499999999999999,0.11500000000000002,0.18790706,0.9050163,0.057840697,0.03714297,GOOD,GOOD,
2025-01-22 19:00:00+00:00,0.14500000000000002,0.145,0.16588345,0.94561845,0.032610707,0.02177084,GOOD,GOOD,
2025-01-22 20:00:00+00:00,0.195,0.195,0.1663154,0.9125364,0.059828695,0.027634943,GOOD,GOOD,
2025-01-22 21:00:00+00:00,0.195,0.195,0.20138893,0.96197176,0.021726731,0.016301513,GOOD,GOOD,
2025-01-22 22:00:00+00:00,0.22,0.22,0.22364941,0.95863974,0.025009636,0.016350642,GOOD,GOOD,
2025-01-22 23:00:00+00:00,0.24,0.24,0.2433328,0.93509495,0.032343887,0.032561168,GOOD,GOOD,
2025-01-23 00:00:00+00:00,0.22,0.22,0.2631687,0.9628374,0.019963678,0.017198931,GOOD,GOOD,
2025-01-23 01:00:00+00:00,0.21000000000000002,0.21000000000000002,0.25981146,0.8875504,0.03210489,0.08034469,GOOD,GOOD,
2025-01-23 02:00:00+00:00,0.19,0.19,0.24750403,0.9449622,0.02566243,0.029375348,GOOD,GOOD,
2025-01-23 03:00:00+00:00,0.16,0.16,0.2295897,0.93845034,0.03514908,0.026400564,GOOD,GOOD,
2025-01-23 04:00:00+00:00,0.125,0.125,0.20388244,0.909632,0.055411626,0.034956373,GOOD,GOOD,
2025-01-23 05:00:00+00:00,0.12,0.12,0.17153467,0.94173986,0.028816774,0.029443394,GOOD,GOOD,
2025-01-23 06:00:00+00:00,0.1,0.10000000000000002,0.15346362,0.93021023,0.038643166,0.031146608,GOOD,GOOD,
2025-01-23 07:00:00+00:00,0.1,0.10000000000000002,0.13792473,0.90315884,0.03378072,0.06306044,GOOD,GOOD,
2025-01-23 08:00:00+00:00,0.1,0.10000000000000002,0.13115868,0.63610774,0.049078275,0.31481397,GOOD,GOOD,
2025-01-23 09:00:00+00:00,0.11,0.11,0.1302085,0.93167657,0.028422283,0.039901126,GOOD,GOOD,
2025-01-23 10:00:00+00:00,0.14333333333333334,0.14333333333333334,0.13646187,0.9477619,0.033211146,0.019026991,GOOD,GOOD,
2025-01-23 11:00:00+00:00,0.17666666666666667,0.17666666666666667,0.15951426,0.90479046,0.05354003,0.041669525,GOOD,GOOD,
2025-01-23 12:00:00+00:00,0.21,0.21,0.19233416,0.9094608,0.05186817,0.038671043,GOOD,GOOD,
2025-01-23 13:00:00+00:00,0.20500000000000002,0.20500000000000002,0.22731486,0.9645119,0.019261623,0.016226478,GOOD,GOOD,
2025-01-23 14:00:00+00:00,0.185,0.185,0.23932633,0.96484655,0.017197158,0.017956287,GOOD,GOOD,
2025-01-23 15:00:00+00:00,0.18,0.18,0.2275393,0.9210411,0.022597708,0.056361243,GOOD,GOOD,
2025-01-23 16:00:00+00:00,0.18,0.18,0.21515417,0.7889633,0.03220292,0.17883374,GOOD,GOOD,
2025-01-23 17:00:00+00:00,0.155,0.155,0.21051605,0.95872366,0.023788694,0.017487627,GOOD,GOOD,
2025-01-23 18:00:00+00:00,0.15500000000000003,0.15500000000000003,0.19594464,0.962801,0.018648634,0.01855036,GOOD,GOOD,
2025-01-23 19:00:00+00:00,0.155,0.155,0.18714261,0.66355836,0.040586833,0.29585484,GOOD,GOOD,
2025-01-23 20:00:00+00:00,0.185,0.185,0.18499482,0.95458436,0.028536972,0.01687865,GOOD,GOOD,
2025-01-23 21:00:00+00:00,0.175,0.175,0.20250304,0.9649012,0.020625118,0.0144736795,GOOD,GOOD,
2025-01-23 22:00:00+00:00,0.17,0.17,0.20854609,0.8715498,0.028623937,0.09982626,GOOD,GOOD,
2025-01-23 23:00:00+00:00,0.18,0.18,0.2049496,0.9728945,0.015186241,0.011919244,GOOD,GOOD,
2025-01-24 00:00:00+00:00,0.19,0.19,0.20740867,0.85516554,0.03381797,0.111016504,GOOD,GOOD,
2025-01-24 01:00:00+00:00,0.195,0.195,0.21594918,0.9044272,0.027510785,0.06806207,GOOD,GOOD,
2025-01-24 02:00:00+00:00,0.19,0.19,0.22363994,0.94732463,0.019524049,0.0331513,GOOD,GOOD,
2025-01-24 03:00:00+00:00,0.165,0.165,0.22362041,0.95010984,0.026895123,0.022995062,GOOD,GOOD,
2025-01-24 04:00:00+00:00,0.11499999999999999,0.11500000000000002,0.20758632,0.820652,0.118264616,0.061083384,GOOD,GOOD,
2025-01-24 05:00:00+00:00,0.11,0.11,0.16914506,0.9129227,0.048470788,0.03860651,GOOD,GOOD,
2025-01-24 06:00:00+00:00,0.11499999999999999,0.11500000000000002,0.14516318,0.93069565,0.030689545,0.038614817,GOOD,GOOD,
2025-01-24 07:00:00+00:00,0.10500000000000001,0.10500000000000002,0.14159094,0.9322485,0.034052737,0.033698805,GOOD,GOOD,
2025-01-24 08:00:00+00:00,0.135,0.135,0.13869824,0.9266159,0.04341807,0.029966015,GOOD,GOOD,
2025-01-24 09:00:00+00:00,0.14,0.14000000000000004,0.15364876,0.94412595,0.02741283,0.028461238,GOOD,GOOD,
2025-01-24 10:00:00+00:00,0.14,0.14000000000000004,0.16728418,0.79715276,0.04030803,0.16253918,GOOD,GOOD,
2025-01-24 11:00:00+00:00,0.16,0.16,0.17221747,0.9432104,0.027946053,0.028843531,GOOD,GOOD,
2025-01-24 12:00:00+00:00,0.28,0.28000000000000014,0.18375523,0.53364354,0.3199083,0.14644815,GOOD,GOOD,
2025-01-24 13:00:00+00:00,0.22499999999999998,0.22499999999999998,0.26027992,0.73156786,0.16643499,0.10199719,GOOD,GOOD,
2025-01-24 14:00:00+00:00,0.245,0.24500000000000002,0.27455258,0.9239288,0.044562772,0.031508423,GOOD,GOOD,
2025-01-24 15:00:00+00:00,0.235,0.235,0.27601868,0.9623487,0.020224975,0.017426303,GOOD,GOOD,
2025-01-24 16:00:00+00:00,0.255,0.255,0.2700537,0.95768803,0.0249478,0.017364148,GOOD,GOOD,
2025-01-24 17:00:00+00:00,0.21000000000000002,0.21000000000000002,0.27804765,0.9341375,0.042764395,0.023098089,GOOD,GOOD,
2025-01-24 18:00:00+00:00,0.2,0.2,0.25821087,0.9599343,0.020925837,0.019139862,GOOD,GOOD,
2025-01-24 19:00:00+00:00,0.225,0.225,0.23768796,0.9613986,0.023486098,0.015115282,GOOD,GOOD,
2025-01-24 20:00:00+00:00,0.225,0.225,0.24428234,0.9497261,0.020881651,0.02939227,GOOD,GOOD,
2025-01-24 21:00:00+00:00,0.215,0.215,0.25304654,0.9205794,0.027287552,0.052133072,GOOD,GOOD,
2025-01-24 22:00:00+00:00,0.16999999999999998,0.16999999999999998,0.2504404,0.879477,0.072766855,0.047756154,GOOD,GOOD,
2025-01-24 23:00:00+00:00,0.18,0.18,0.22090192,0.94383585,0.029015686,0.02714849,GOOD,GOOD,
2025-01-25 00:00:00+00:00,0.22499999999999998,0.22499999999999998,0.20861895,0.9341561,0.0428421,0.023001757,GOOD,GOOD,
2025-01-25 01:00:00+00:00,0.215,0.215,0.23418173,0.968303,0.017994653,0.0137023255,GOOD,GOOD,
2025-01-25 02:00:00+00:00,0.275,0.2750000000000001,0.24717005,0.89102584,0.073027045,0.03594713,GOOD,GOOD,
2025-01-25 03:00:00+00:00,0.245,0.24500000000000002,0.28363442,0.96024305,0.023555333,0.016201615,GOOD,GOOD,
2025-01-25 04:00:00+00:00,0.195,0.195,0.28664425,0.941208,0.037210803,0.02158116,GOOD,GOOD,
2025-01-25 05:00:00+00:00,0.185,0.185,0.2507772,0.96502864,0.01890277,0.016068578,GOOD,GOOD,
2025-01-25 06:00:00+00:00,0.19,0.19,0.2228179,0.91476816,0.02442404,0.060807817,GOOD,GOOD,
2025-01-25 07:00:00+00:00,0.16,0.16,0.21684402,0.95544535,0.026561385,0.017993258,GOOD,GOOD,
2025-01-25 08:00:00+00:00,0.175,0.175,0.2017797,0.9628672,0.020929469,0.016203353,GOOD,GOOD,
2025-01-25 09:00:00+00:00,0.195,0.195,0.20107807,0.9365706,0.02886047,0.03456892,GOOD,GOOD,
2025-01-25 10:00:00+00:00,0.175,0.175,0.21584427,0.9539586,0.024685984,0.021355426,GOOD,GOOD,
2025-01-25 11:00:00+00:00,0.19,0.19,0.2136347,0.96169007,0.02126275,0.017047178,GOOD,GOOD,
2025-01-25 12:00:00+00:00,0.25,0.25,0.21692318,0.89943826,0.06984234,0.030719422,GOOD,GOOD,
2025-01-25 13:00:00+00:00,0.25,0.25,0.2550263,0.9622015,0.02104619,0.016752364,GOOD,GOOD,
2025-01-25 14:00:00+00:00,0.245,0.24500000000000002,0.27861968,0.8281232,0.03042959,0.14144717,GOOD,GOOD,
2025-01-25 15:00:00+00:00,0.255,0.255,0.28095528,0.9403145,0.02114919,0.038536344,GOOD,GOOD,
2025-01-25 16:00:00+00:00,0.295,0.29500000000000004,0.2836658,0.94371593,0.034934383,0.021349715,GOOD,GOOD,
2025-01-25 17:00:00+00:00,0.29000000000000004,0.2900000000000001,0.30921072,0.9661304,0.01880213,0.015067473,GOOD,GOOD,
2025-01-25 18:00:00+00:00,0.26,0.26000000000000006,0.32145253,0.968759,0.017961727,0.013279275,GOOD,GOOD,
2025-01-25 19:00:00+00:00,0.27,0.2700000000000001,0.30497283,0.973505,0.014441409,0.012053589,GOOD,GOOD,
2025-01-25 20:00:00+00:00,0.28,0.28000000000000014,0.29853964,0.874515,0.031976614,0.0935084,GOOD,GOOD,
2025-01-25 21:00:00+00:00,0.265,0.26500000000000007,0.30480832,0.96846616,0.015776241,0.015757617,GOOD,GOOD,
2025-01-25 22:00:00+00:00,0.255,0.255,0.30083206,0.8355603,0.034653235,0.12978648,GOOD,GOOD,
2025-01-25 23:00:00+00:00,0.245,0.24500000000000002,0.29074612,0.7687886,0.039268818,0.19194259,GOOD,GOOD,
2025-01-26 00:00:00+00:00,0.305,0.3050000000000001,0.2797766,0.90599626,0.063398175,0.03060554,GOOD,GOOD,
2025-01-26 01:00:00+00:00,0.325,0.32500000000000007,0.31075037,0.94781536,0.032647487,0.019537166,GOOD,GOOD,
2025-01-26 02:00:00+00:00,0.35,0.35000000000000003,0.3444486,0.93941015,0.032930028,0.02765984,GOOD,GOOD,
2025-01-26 03:00:00+00:00,0.365,0.3650000000000001,0.3722212,0.9390689,0.027642826,0.033288263,GOOD,GOOD,
2025-01-26 04:00:00+00:00,0.32,0.32000000000000006,0.39095882,0.9565629,0.026403306,0.01703382,GOOD,GOOD,
2025-01-26 05:00:00+00:00,0.29,0.29000000000000004,0.36930063,0.95311266,0.027192969,0.019694366,GOOD,GOOD,
2025-01-26 06:00:00+00:00,0.29500000000000004,0.2950000000000001,0.33506185,0.9753567,0.012501038,0.012142273,GOOD,GOOD,
2025-01-26 07:00:00+00:00,0.265,0.26500000000000007,0.32293773,0.9670092,0.019330379,0.013660417,GOOD,GOOD,
2025-01-26 08:00:00+00:00,0.275,0.2750000000000001,0.30520374,0.97460276,0.013399444,0.011997815,GOOD,GOOD,
2025-01-26 09:00:00+00:00,0.27,0.2700000000000001,0.30206764,0.91960555,0.020882193,0.05951223,GOOD,GOOD,
2025-01-26 10:00:00+00:00,0.3,0.30000000000000004,0.301078,0.9586118,0.02482377,0.016564421,GOOD,GOOD,
2025-01-26 11:00:00+00:00,0.29000000000000004,0.2900000000000001,0.31845966,0.9631131,0.019162826,0.017724033,GOOD,GOOD,
2025-01-26 12:00:00+00:00,0.31,0.31000000000000005,0.3234014,0.96395504,0.019400474,0.016644455,GOOD,GOOD,
2025-01-26 13:00:00+00:00,0.31999999999999995,0.32,0.33414954,0.92751026,0.024939558,0.047550168,GOOD,GOOD,
2025-01-26 14:00:00+00:00,0.39,0.3900000000000001,0.3460979,0.88156354,0.08099747,0.037439,GOOD,GOOD,
2025-01-26 15:00:00+00:00,0.39,0.3900000000000001,0.39345583,0.9391073,0.0346675,0.026225181,GOOD,GOOD,
2025-01-26 16:00:00+00:00,0.39,0.31125284753665833,0.41918188,0.89544904,0.069167234,0.035383757,SUSPECT,GOOD,F_burst_noise
2025-01-26 17:00:00+00:00,0.33,0.607823683308982,0.3757378,0.2875433,0.41172385,0.30073288,SUSPECT,SUSPECT,F_burst_noise
2025-01-26 18:00:00+00:00,0.335,0.5214246408094395,0.53152186,0.59586334,0.2353288,0.1688079,SUSPECT,GOOD,F_burst_noise
2025-01-26 19:00:00+00:00,0.3,0.5542241232224293,0.57419026,0.87442935,0.07543895,0.05013171,SUSPECT,GOOD,F_burst_noise
2025-01-26 20:00:00+00:00,0.345,0.399803236418241,0.583995,0.52825487,0.29099476,0.18075038,SUSPECT,GOOD,F_burst_noise
2025-01-26 21:00:00+00:00,0.33,0.31135333473698823,0.48610818,0.5500288,0.33081475,0.119156405,SUSPECT,GOOD,F_burst_noise
2025-01-26 22:00:00+00:00,0.295,0.35234567290341245,0.3788185,0.9598822,0.026599323,0.013518463,SUSPECT,GOOD,F_burst_noise
2025-01-26 23:00:00+00:00,0.29,0.3684299713818445,0.36220837,0.95651203,0.024922995,0.018564956,SUSPECT,GOOD,F_burst_noise
2025-01-27 00:00:00+00:00,0.295,0.2149496435692903,0.38367847,0.43745542,0.3264196,0.236125,SUSPECT,GOOD,F_burst_noise
2025-01-27 01:00:00+00:00,0.29000000000000004,0.10082271381729459,0.3058793,0.2277689,0.5204419,0.2517892,SUSPECT,SUSPECT,F_burst_noise
2025-01-27 02:00:00+00:00,0.275,0.447681025994682,0.18900967,0.2625724,0.35217386,0.38525373,SUSPECT,SUSPECT,F_burst_noise
2025-01-27 03:00:00+00:00,0.28,0.670781439823727,0.33569306,0.0900808,0.58075464,0.32916456,SUSPECT,SUSPECT,F_burst_noise
2025-01-27 04:00:00+00:00,0.25,0.25,0.6025219,0.24809313,0.17619613,0.5757107,GOOD,GOOD,
2025-01-27 05:00:00+00:00,0.215,0.215,0.4455438,0.07475299,0.579519,0.34572804,GOOD,SUSPECT,
2025-01-27 06:00:00+00:00,0.195,0.195,0.29008445,0.75137675,0.106375776,0.14224748,GOOD,GOOD,
2025-01-27 07:00:00+00:00,0.195,0.195,0.22431569,0.86256045,0.037611667,0.099827886,GOOD,GOOD,
2025-01-27 08:00:00+00:00,0.2,0.2,0.21597381,0.8633795,0.0349759,0.10164462,GOOD,GOOD,
2025-01-27 09:00:00+00:00,0.22,0.22,0.2253188,0.94901794,0.025881216,0.025100835,GOOD,GOOD,
2025-01-27 10:00:00+00:00,0.25,0.25,0.24276194,0.9522384,0.029505827,0.01825578,GOOD,GOOD,
2025-01-27 11:00:00+00:00,0.25,0.25,0.2686944,0.8868051,0.026278578,0.08691633,GOOD,GOOD,
2025-01-27 12:00:00+00:00,0.26,0.26000000000000006,0.28104112,0.89911467,0.028779043,0.07210628,GOOD,GOOD,
2025-01-27 13:00:00+00:00,0.245,0.24500000000000002,0.28874305,0.9462043,0.02376815,0.030027572,GOOD,GOOD,
2025-01-27 14:00:00+00:00,0.225,0.225,0.28256845,0.8844972,0.035516407,0.079986386,GOOD,GOOD,
2025-01-27 15:00:00+00:00,0.22,0.22,0.26551488,0.8036207,0.022307755,0.17407155,GOOD,GOOD,
2025-01-27 16:00:00+00:00,0.225,0.225,0.25362098,0.84030914,0.024865123,0.13482577,GOOD,GOOD,
2025-01-27 17:00:00+00:00,0.24,0.24,0.25300545,0.93179625,0.023849493,0.04435425,GOOD,GOOD,
2025-01-27 18:00:00+00:00,0.225,0.225,0.26375517,0.9610594,0.019013086,0.019927522,GOOD,GOOD,
2025-01-27 19:00:00+00:00,0.18,0.18,0.26153275,0.87960684,0.074025206,0.046367943,GOOD,GOOD,
2025-01-27 20:00:00+00:00,0.22,0.22,0.2313594,0.9436075,0.03339378,0.022998713,GOOD,GOOD,
2025-01-27 21:00:00+00:00,0.23,0.23000000000000004,0.2360052,0.9575257,0.02154515,0.020929176,GOOD,GOOD,
2025-01-27 22:00:00+00:00,0.265,0.26500000000000007,0.25250039,0.94672084,0.033903163,0.019376,GOOD,GOOD,
2025-01-27 23:00:00+00:00,0.265,0.26500000000000007,0.28133094,0.950323,0.020769576,0.028907442,GOOD,GOOD,
2025-01-28 00:00:00+00:00,0.22,0.22,0.29553443,0.95428497,0.026930336,0.01878472,GOOD,GOOD,
2025-01-28 01:00:00+00:00,0.27,0.2700000000000001,0.27138022,0.9248973,0.04619857,0.028904127,GOOD,GOOD,
2025-01-28 02:00:00+00:00,0.27,0.2700000000000001,0.28297004,0.9625402,0.018715054,0.01874476,GOOD,GOOD,
2025-01-28 03:00:00+00:00,0.235,0.235,0.29676488,0.96270144,0.021418042,0.015880488,GOOD,GOOD,
2025-01-28 04:00:00+00:00,0.24,0.24,0.2810915,0.96667755,0.014722554,0.01859991,GOOD,GOOD,
2025-01-28 05:00:00+00:00,0.225,0.225,0.271231,0.9519011,0.019750211,0.028348695,GOOD,GOOD,
2025-01-28 06:00:00+00:00,0.2,0.2,0.26057997,0.9415032,0.031771485,0.026725309,GOOD,GOOD,
2025-01-28 07:00:00+00:00,0.18,0.18,0.24130128,0.8910757,0.05146477,0.057459567,GOOD,GOOD,
2025-01-28 08:00:00+00:00,0.155,0.155,0.21987963,0.90445375,0.0522821,0.043264147,GOOD,GOOD,
2025-01-28 09:00:00+00:00,0.21500000000000002,0.21500000000000002,0.19637214,0.86086416,0.09278721,0.046348605,GOOD,GOOD,
2025-01-28 10:00:00+00:00,0.235,0.235,0.22027975,0.9460379,0.0343639,0.019598234,GOOD,GOOD,
2025-01-28 11:00:00+00:00,0.235,0.235,0.25304434,0.9358435,0.02215211,0.04200437,GOOD,GOOD,
2025-01-28 12:00:00+00:00,0.21500000000000002,0.21500000000000002,0.2670221,0.96920747,0.016566474,0.014226085,GOOD,GOOD,
2025-01-28 13:00:00+00:00,0.225,0.225,0.25676936,0.9744639,0.013515665,0.012020455,GOOD,GOOD,
2025-01-28 14:00:00+00:00,0.20500000000000002,0.20500000000000002,0.25367206,0.9645727,0.019151948,0.016275309,GOOD,GOOD,
2025-01-28 15:00:00+00:00,0.175,0.175,0.24316433,0.92908365,0.041286778,0.029629562,GOOD,GOOD,
2025-01-28 16:00:00+00:00,0.21500000000000002,0.21500000000000002,0.21962248,0.9305386,0.043347873,0.026113547,GOOD,GOOD,
2025-01-28 17:00:00+00:00,0.215,0.215,0.23002522,0.96267056,0.01915943,0.018170035,GOOD,GOOD,
2025-01-28 18:00:00+00:00,0.22,0.22,0.24248555,0.86542463,0.028526293,0.10604909,GOOD,GOOD,
2025-01-28 19:00:00+00:00,0.21,0.21,0.24984436,0.9492253,0.020594528,0.030180136,GOOD,GOOD,
2025-01-28 20:00:00+00:00,0.22,0.22,0.24591315,0.95796347,0.020259464,0.021777058,GOOD,GOOD,
2025-01-28 21:00:00+00:00,0.215,0.215,0.24773829,0.91853124,0.026667388,0.05480136,GOOD,GOOD,
2025-01-28 22:00:00+00:00,0.26,0.26000000000000006,0.24725251,0.9108042,0.055455897,0.033739883,GOOD,GOOD,
2025-01-28 23:00:00+00:00,0.26,0.26000000000000006,0.27263182,0.95882756,0.022664275,0.018508144,GOOD,GOOD,
2025-01-29 00:00:00+00:00,0.21000000000000002,0.21000000000000002,0.2889272,0.9428616,0.035098873,0.022039527,GOOD,GOOD,
2025-01-29 01:00:00+00:00,0.21000000000000002,0.21000000000000002,0.2634813,0.96805465,0.015829442,0.016115924,GOOD,GOOD,
2025-01-29 02:00:00+00:00,0.235,0.235,0.24428943,0.9627244,0.022210991,0.015064629,GOOD,GOOD,
2025-01-29 03:00:00+00:00,0.22,0.22,0.25348577,0.9715004,0.015553988,0.012945633,GOOD,GOOD,
2025-01-29 04:00:00+00:00,0.23,0.23000000000000004,0.25463706,0.96624535,0.017302956,0.016451716,GOOD,GOOD,
2025-01-29 05:00:00+00:00,0.22,0.22,0.25821036,0.950036,0.018812846,0.031151187,GOOD,GOOD,
2025-01-29 06:00:00+00:00,0.21500000000000002,0.21500000000000002,0.25468764,0.77022135,0.035012204,0.19476646,GOOD,GOOD,
2025-01-29 07:00:00+00:00,0.18,0.18,0.2486798,0.8961242,0.06060072,0.043275118,GOOD,GOOD,
2025-01-29 08:00:00+00:00,0.21000000000000002,0.21000000000000002,0.22569236,0.9468445,0.030638043,0.022517417,GOOD,GOOD,
2025-01-29 09:00:00+00:00,0.22,0.22,0.22960092,0.95803964,0.020988103,0.020972239,GOOD,GOOD,
2025-01-29 10:00:00+00:00,0.22999999999999998,0.23,0.24368422,0.85109985,0.035567433,0.11333273,GOOD,GOOD,
2025-01-29 11:00:00+00:00,0.245,0.24500000000000002,0.2567474,0.94077533,0.02527351,0.033951174,GOOD,GOOD,
2025-01-29 12:00:00+00:00,0.29000000000000004,0.2900000000000001,0.27039886,0.7594767,0.13457051,0.10595278,GOOD,GOOD,
2025-01-29 13:00:00+00:00,0.27,0.2700000000000001,0.3027817,0.9255559,0.0432412,0.031202909,GOOD,GOOD,
2025-01-29 14:00:00+00:00,0.275,0.2750000000000001,0.30815396,0.9324623,0.034670074,0.03286765,GOOD,GOOD,
2025-01-29 15:00:00+00:00,0.22,0.22,0.3069013,0.9267619,0.046495654,0.02674243,GOOD,GOOD,
2025-01-29 16:00:00+00:00,0.29500000000000004,0.2950000000000001,0.27352083,0.67810744,0.19015208,0.1317405,GOOD,GOOD,
2025-01-29 17:00:00+00:00,0.28,0.28000000000000014,0.29723415,0.8930194,0.060584646,0.046395995,GOOD,GOOD,
2025-01-29 18:00:00+00:00,0.29500000000000004,0.2950000000000001,0.31138334,0.90037775,0.05597248,0.04364979,GOOD,GOOD,
2025-01-29 19:00:00+00:00,0.27,0.2700000000000001,0.3220916,0.9578332,0.024059676,0.018107174,GOOD,GOOD,
2025-01-29 20:00:00+00:00,0.245,0.24500000000000002,0.3111129,0.8817629,0.041810233,0.07642684,GOOD,GOOD,
2025-01-29 21:00:00+00:00,0.26,0.26000000000000006,0.2874959,0.97270125,0.015530874,0.011767859,GOOD,GOOD,
2025-01-29 22:00:00+00:00,0.265,0.26500000000000007,0.28463086,0.8923532,0.027925503,0.07972133,GOOD,GOOD,
2025-01-29 23:00:00+00:00,0.28,0.28000000000000014,0.29125842,0.9502902,0.022499928,0.027209857,GOOD,GOOD,
2025-01-30 00:00:00+00:00,0.27,0.2700000000000001,0.30422783,0.9646257,0.016211988,0.019162307,GOOD,GOOD,
2025-01-30 01:00:00+00:00,0.255,0.255,0.30465323,0.86560863,0.03485308,0.09953829,GOOD,GOOD,
2025-01-30 02:00:00+00:00,0.29500000000000004,0.2950000000000001,0.293136,0.9463348,0.032872807,0.020792412,GOOD,GOOD,
2025-01-30 03:00:00+00:00,0.275,0.2750000000000001,0.30995655,0.9716261,0.016396543,0.011977356,GOOD,GOOD,
2025-01-30 04:00:00+00:00,0.265,0.26500000000000007,0.3113747,0.90894115,0.021672178,0.0693867,GOOD,GOOD,
2025-01-30 05:00:00+00:00,0.28500000000000003,0.2850000000000001,0.30189446,0.97296536,0.015360233,0.011674434,GOOD,GOOD,
2025-01-30 06:00:00+00:00,0.29000000000000004,0.2900000000000001,0.3080533,0.93533206,0.021113554,0.04355441,GOOD,GOOD,
2025-01-30 07:00:00+00:00,0.27,0.2700000000000001,0.3171899,0.9690758,0.015519198,0.015405008,GOOD,GOOD,
2025-01-30 08:00:00+00:00,0.22,0.22,0.30915052,0.8784212,0.0784018,0.04317702,GOOD,GOOD,
2025-01-30 09:00:00+00:00,0.24,0.24,0.272882,0.95500845,0.025279587,0.01971196,GOOD,GOOD,
2025-01-30 10:00:00+00:00,0.28,0.28000000000000014,0.2641208,0.95199764,0.031710204,0.016292147,GOOD,GOOD,
2025-01-30 11:00:00+00:00,0.3,0.30000000000000004,0.2908572,0.95106286,0.029938478,0.018998686,GOOD,GOOD,
2025-01-30 12:00:00+00:00,0.33,0.3300000000000001,0.32055965,0.9345543,0.039534304,0.02591143,GOOD,GOOD,
2025-01-30 13:00:00+00:00,0.30000000000000004,0.3000000000000001,0.35000002,0.9595363,0.0235835,0.016880183,GOOD,GOOD,
2025-01-30 14:00:00+00:00,0.31,0.31000000000000005,0.3435368,0.97001714,0.01595085,0.014032027,GOOD,GOOD,
2025-01-30 15:00:00+00:00,0.305,0.3050000000000001,0.33954275,0.9266188,0.0208627,0.052518494,GOOD,GOOD,
2025-01-30 16:00:00+00:00,0.28,0.28000000000000014,0.3365348,0.969192,0.016651072,0.014156889,GOOD,GOOD,
2025-01-30 17:00:00+00:00,0.27,0.2700000000000001,0.32056448,0.9531788,0.018217783,0.028603408,GOOD,GOOD,
2025-01-30 18:00:00+00:00,0.27,0.2700000000000001,0.30548537,0.8597286,0.024067258,0.116204135,GOOD,GOOD,
2025-01-30 19:00:00+00:00,0.28,0.28000000000000014,0.29990935,0.9491283,0.018961756,0.031909913,GOOD,GOOD,
2025-01-30 20:00:00+00:00,0.245,0.24500000000000002,0.30551514,0.92933065,0.041875444,0.028793916,GOOD,GOOD,
2025-01-30 21:00:00+00:00,0.275,0.2750000000000001,0.28924155,0.9494192,0.029534945,0.02104583,GOOD,GOOD,
2025-01-30 22:00:00+00:00,0.24,0.24,0.29524225,0.9181117,0.048352346,0.033535954,GOOD,GOOD,
2025-01-30 23:00:00+00:00,0.26,0.26000000000000006,0.28260404,0.9522745,0.025117422,0.022608055,GOOD,GOOD,
2025-01-31 00:00:00+00:00,0.3,0.30000000000000004,0.28446907,0.9465406,0.03450013,0.018959308,GOOD,GOOD,
2025-01-31 01:00:00+00:00,0.295,0.29500000000000004,0.31268534,0.9706097,0.015638214,0.013752082,GOOD,GOOD,
2025-01-31 02:00:00+00:00,0.28500000000000003,0.2850000000000001,0.32637894,0.8736445,0.024161033,0.102194466,GOOD,GOOD,
2025-01-31 03:00:00+00:00,0.315,0.31500000000000006,0.32202896,0.95840436,0.024529533,0.017066086,GOOD,GOOD,
2025-01-31 04:00:00+00:00,0.265,0.26500000000000007,0.33484802,0.94191134,0.036056016,0.022032637,GOOD,GOOD,
2025-01-31 05:00:00+00:00,0.305,0.33476238196014124,0.31436858,0.84496576,0.09946453,0.055569734,SUSPECT,GOOD,D_drift
2025-01-31 06:00:00+00:00,0.28,0.33952476392028236,0.3402315,0.9529183,0.027162513,0.0199192,SUSPECT,GOOD,D_drift
2025-01-31 07:00:00+00:00,0.26,0.3492871458804234,0.36423737,0.8925548,0.03546654,0.07197864,SUSPECT,GOOD,D_drift
2025-01-31 08:00:00+00:00,0.24,0.3590495278405645,0.37774813,0.8701941,0.038908903,0.090896994,SUSPECT,GOOD,D_drift
2025-01-31 09:00:00+00:00,0.19,0.33881190980070564,0.38683927,0.9680097,0.016987469,0.015002816,SUSPECT,GOOD,D_drift
2025-01-31 10:00:00+00:00,0.185,0.36357429176084677,0.37745643,0.96249616,0.022115162,0.015388662,SUSPECT,GOOD,D_drift
2025-01-31 11:00:00+00:00,0.215,0.4233366737209879,0.38522062,0.92078435,0.055068534,0.024147116,SUSPECT,GOOD,D_drift
2025-01-31 12:00:00+00:00,0.3,0.538099055681129,0.42897323,0.7495018,0.18619722,0.064300954,SUSPECT,GOOD,D_drift
2025-01-31 13:00:00+00:00,0.3,0.5678614376412702,0.5250049,0.8478528,0.10407487,0.04807227,SUSPECT,GOOD,D_drift
2025-01-31 14:00:00+00:00,0.3,0.5976238196014113,0.5881546,0.8960034,0.06424931,0.039747253,SUSPECT,GOOD,D_drift
2025-01-31 15:00:00+00:00,0.32,0.6473862015615522,0.6219904,0.911604,0.057817034,0.03057898,SUSPECT,GOOD,D_drift
2025-01-31 16:00:00+00:00,0.275,0.6321485835216935,0.66192365,0.9256357,0.045016948,0.02934735,SUSPECT,GOOD,D_drift
2025-01-31 17:00:00+00:00,0.28,0.28000000000000014,0.66647565,0.1331532,0.25390363,0.6129432,GOOD,SUSPECT,
2025-01-31 18:00:00+00:00,0.29500000000000004,0.2950000000000001,0.44023877,0.33990014,0.44218433,0.21791553,GOOD,SUSPECT,
2025-01-31 19:00:00+00:00,0.345,0.34500000000000003,0.3288195,0.9540316,0.031476382,0.014492003,GOOD,GOOD,
2025-01-31 20:00:00+00:00,0.325,0.32500000000000007,0.33951592,0.97525173,0.01567943,0.00906884,GOOD,GOOD,
2025-01-31 21:00:00+00:00,0.36,0.36000000000000004,0.35409144,0.95837367,0.027538126,0.014088234,GOOD,GOOD,
2025-01-31 22:00:00+00:00,0.28500000000000003,0.2850000000000001,0.37816882,0.907744,0.061587907,0.03066809,GOOD,GOOD,
2025-01-31 23:00:00+00:00,0.28500000000000003,0.2850000000000001,0.3445748,0.9641706,0.017399121,0.0184303,GOOD,GOOD,
2025-02-01 00:00:00+00:00,0.33999999999999997,0.3400000000000001,0.3194117,0.942273,0.039847415,0.017879568,GOOD,GOOD,
2025-02-01 01:00:00+00:00,0.31,0.31000000000000005,0.34559497,0.97364765,0.015071209,0.011281148,GOOD,GOOD,
2025-02-01 02:00:00+00:00,0.28,0.28000000000000014,0.34888914,0.92754596,0.028356414,0.044097614,GOOD,GOOD,
2025-02-01 03:00:00+00:00,0.28500000000000003,0.2850000000000001,0.32619706,0.9426352,0.0153039945,0.04206083,GOOD,GOOD,
2025-02-01 04:00:00+00:00,0.27,0.2700000000000001,0.31539735,0.94037026,0.017184626,0.042445123,GOOD,GOOD,
2025-02-01 05:00:00+00:00,0.27,0.2700000000000001,0.3054398,0.804544,0.02925395,0.16620208,GOOD,GOOD,
2025-02-01 06:00:00+00:00,0.245,0.24500000000000002,0.30118096,0.9570221,0.023664203,0.019313712,GOOD,GOOD,
2025-02-01 07:00:00+00:00,0.27,0.2700000000000001,0.2858867,0.96004546,0.022750087,0.01720445,GOOD,GOOD,
2025-02-01 08:00:00+00:00,0.26,0.26000000000000006,0.2916843,0.9613365,0.018096123,0.020567369,GOOD,GOOD,
2025-02-01 09:00:00+00:00,0.22999999999999998,0.23,0.29299966,0.931217,0.035469893,0.033313084,GOOD,GOOD,
2025-02-01 10:00:00+00:00,0.21500000000000002,0.21500000000000002,0.27427065,0.87948614,0.04567252,0.07484136,GOOD,GOOD,
2025-02-01 11:00:00+00:00,0.245,0.24500000000000002,0.253645,0.95285535,0.026114352,0.0210303,GOOD,GOOD,
2025-02-01 12:00:00+00:00,0.275,0.2750000000000001,0.2626921,0.9126422,0.04376258,0.04359525,GOOD,GOOD,
2025-02-01 13:00:00+00:00,0.29500000000000004,0.2950000000000001,0.29068324,0.9271464,0.030318748,0.04253487,GOOD,GOOD,
2025-02-01 14:00:00+00:00,0.3,0.30000000000000004,0.3171668,0.9045644,0.022984568,0.07245107,GOOD,GOOD,
2025-02-01 15:00:00+00:00,0.32,0.32000000000000006,0.32989284,0.96179545,0.01916631,0.019038249,GOOD,GOOD,
2025-02-01 16:00:00+00:00,0.30500000000000005,0.30500000000000016,0.3441094,0.9756629,0.012495905,0.0118412,GOOD,GOOD,
2025-02-01 17:00:00+00:00,0.25,0.25,0.34150028,0.90883887,0.059350483,0.03181062,GOOD,GOOD,
2025-02-01 18:00:00+00:00,0.29,0.29000000000000004,0.30430368,0.95639604,0.027058871,0.016545083,GOOD,GOOD,
2025-02-01 19:00:00+00:00,0.345,0.34500000000000003,0.30617565,0.9178211,0.05817009,0.024008779,GOOD,GOOD,
2025-02-01 20:00:00+00:00,0.405,0.4050000000000001,0.3492502,0.885395,0.08062692,0.033978067,GOOD,GOOD,
2025-02-01 21:00:00+00:00,0.4,0.40000000000000013,0.4105862,0.9310103,0.040249087,0.028740602,GOOD,GOOD,
2025-02-01 22:00:00+00:00,0.32999999999999996,0.33000000000000007,0.4335277,0.8882887,0.07463663,0.037074678,GOOD,GOOD,
2025-02-01 23:00:00+00:00,0.31,0.31000000000000005,0.3912898,0.9490934,0.029568858,0.021337725,GOOD,GOOD,
2025-02-02 00:00:00+00:00,0.32,0.32000000000000006,0.3513321,0.9766856,0.01265463,0.010659811,GOOD,GOOD,
2025-02-02 01:00:00+00:00,0.335,0.3350000000000001,0.34368923,0.93091154,0.026731461,0.042357028,GOOD,GOOD,
2025-02-02 02:00:00+00:00,0.325,0.32500000000000007,0.35625955,0.97193736,0.013954713,0.014107906,GOOD,GOOD,
2025-02-02 03:00:00+00:00,0.28,0.6483494167957348,0.35841858,0.25649226,0.4146425,0.3288652,SUSPECT,SUSPECT,C_level_shift
2025-02-02 04:00:00+00:00,0.3,0.6683494167957346,0.560666,0.31585354,0.46590057,0.21824592,SUSPECT,SUSPECT,C_level_shift
2025-02-02 05:00:00+00:00,0.28,0.6483494167957348,0.6882696,0.87146807,0.07898827,0.04954368,SUSPECT,GOOD,C_level_shift
2025-02-02 06:00:00+00:00,0.275,0.6433494167957345,0.6970618,0.88380265,0.052797552,0.06339978,SUSPECT,GOOD,C_level_shift
2025-02-02 07:00:00+00:00,0.31,0.6783494167957347,0.6785771,0.92470306,0.04626964,0.029027296,SUSPECT,GOOD,C_level_shift
2025-02-02 08:00:00+00:00,0.3,0.6683494167957346,0.693874,0.9492524,0.029813481,0.020934068,SUSPECT,GOOD,C_level_shift
2025-02-02 09:00:00+00:00,0.27,0.6383494167957346,0.69799364,0.9478853,0.03142929,0.020685438,SUSPECT,GOOD,C_level_shift
2025-02-02 10:00:00+00:00,0.26,0.6283494167957347,0.67667675,0.9402694,0.026529,0.033201594,SUSPECT,GOOD,C_level_shift
2025-02-02 11:00:00+00:00,0.26,0.6283494167957347,0.6589635,0.8395159,0.043348953,0.11713514,SUSPECT,GOOD,C_level_shift
2025-02-02 12:00:00+00:00,0.28,0.6483494167957348,0.6538635,0.9613525,0.023596544,0.015050941,SUSPECT,GOOD,C_level_shift
2025-02-02 13:00:00+00:00,0.32,0.6883494167957346,0.6672774,0.9553142,0.031953502,0.0127323065,SUSPECT,GOOD,C_level_shift
2025-02-02 14:00:00+00:00,0.325,0.6933494167957346,0.7011515,0.9644967,0.019754814,0.015748525,SUSPECT,GOOD,C_level_shift
2025-02-02 15:00:00+00:00,0.345,0.34500000000000003,0.71838385,0.1767124,0.24308528,0.58020234,GOOD,SUSPECT,
2025-02-02 16:00:00+00:00,0.335,0.3350000000000001,0.49834353,0.1945138,0.52253443,0.2829518,GOOD,SUSPECT,
2025-02-02 17:00:00+00:00,0.355,0.35500000000000004,0.37697107,0.9772005,0.014401037,0.008398441,GOOD,GOOD,
2025-02-02 18:00:00+00:00,0.35,0.35000000000000003,0.36298823,0.96051556,0.019254409,0.02023004,GOOD,GOOD,
2025-02-02 19:00:00+00:00,0.395,0.3950000000000001,0.3738226,0.9508715,0.0340244,0.015104078,GOOD,GOOD,
2025-02-02 20:00:00+00:00,0.46499999999999997,0.465,0.40745336,0.9147234,0.06545782,0.019818759,GOOD,GOOD,
2025-02-02 21:00:00+00:00,0.39,0.3900000000000001,0.46772337,0.9144024,0.051064808,0.03453276,GOOD,GOOD,
2025-02-02 22:00:00+00:00,0.345,0.34500000000000003,0.44870707,0.9297047,0.043395743,0.026899522,GOOD,GOOD,
2025-02-02 23:00:00+00:00,0.29000000000000004,0.2900000000000001,0.39854273,0.9146976,0.056999832,0.02830257,GOOD,GOOD,
2025-02-03 00:00:00+00:00,0.32,0.32000000000000006,0.34237126,0.95928377,0.025132928,0.015583277,GOOD,GOOD,
2025-02-03 01:00:00+00:00,0.355,0.35500000000000004,0.33749795,0.93640214,0.039234035,0.024363818,GOOD,GOOD,
2025-02-03 02:00:00+00:00,0.365,0.3650000000000001,0.3674145,0.9516387,0.02068663,0.02767466,GOOD,GOOD,
2025-02-03 03:00:00+00:00,0.29500000000000004,0.2950000000000001,0.39092404,0.89039654,0.0684502,0.041153282,GOOD,GOOD,
2025-02-03 04:00:00+00:00,0.27,0.2700000000000001,0.35546896,0.9399549,0.03375506,0.02629004,GOOD,GOOD,
2025-02-03 05:00:00+00:00,0.325,0.32500000000000007,0.31493035,0.9257545,0.048107676,0.026137838,GOOD,GOOD,
2025-02-03 06:00:00+00:00,0.265,0.26500000000000007,0.3317452,0.9172832,0.052286223,0.030430624,GOOD,GOOD,
2025-02-03 07:00:00+00:00,0.29500000000000004,0.2950000000000001,0.31500533,0.95714265,0.024745237,0.018112127,GOOD,GOOD,
2025-02-03 08:00:00+00:00,0.3,0.30000000000000004,0.31722137,0.9409546,0.018284023,0.040761348,GOOD,GOOD,
2025-02-03 09:00:00+00:00,0.325,0.32500000000000007,0.32608536,0.9665488,0.017884195,0.015567025,GOOD,GOOD,
2025-02-03 10:00:00+00:00,0.35,0.35000000000000003,0.3454025,0.91147345,0.034345627,0.054180905,GOOD,GOOD,
2025-02-03 11:00:00+00:00,0.27,0.2700000000000001,0.37018564,0.8649746,0.09014598,0.044879407,GOOD,GOOD,
2025-02-03 12:00:00+00:00,0.29500000000000004,0.2950000000000001,0.3328005,0.9664982,0.019295303,0.014206522,GOOD,GOOD,
2025-02-03 13:00:00+00:00,0.305,0.3050000000000001,0.31991345,0.9285152,0.021841673,0.049643118,GOOD,GOOD,
2025-02-03 14:00:00+00:00,0.305,0.3050000000000001,0.32758477,0.8025285,0.028208716,0.16926277,GOOD,GOOD,
2025-02-03 15:00:00+00:00,0.31,0.31000000000000005,0.3342541,0.83058846,0.02723747,0.14217404,GOOD,GOOD,
2025-02-03 16:00:00+00:00,0.315,0.31500000000000006,0.33907685,0.77427363,0.03103079,0.19469556,GOOD,GOOD,
2025-02-03 17:00:00+00:00,0.375,0.3750000000000001,0.3436332,0.9158562,0.058655217,0.025488576,GOOD,GOOD,
2025-02-03 18:00:00+00:00,0.32,0.32000000000000006,0.38175592,0.9437057,0.035166346,0.02112797,GOOD,GOOD,
2025-02-03 19:00:00+00:00,0.315,0.31500000000000006,0.3702472,0.9727899,0.012726608,0.014483529,GOOD,GOOD,
2025-02-03 20:00:00+00:00,0.33,0.3300000000000001,0.35177702,0.96603626,0.015354307,0.018609418,GOOD,GOOD,
2025-02-03 21:00:00+00:00,0.36,0.36000000000000004,0.35346282,0.96119523,0.023578944,0.015225818,GOOD,GOOD,
2025-02-03 22:00:00+00:00,0.325,0.32500000000000007,0.37664673,0.9711936,0.016605765,0.012200645,GOOD,GOOD,
2025-02-03 23:00:00+00:00,0.30500000000000005,0.30500000000000016,0.36834684,0.9462544,0.021492807,0.032252837,GOOD,GOOD,
2025-02-04 00:00:00+00:00,0.255,0.255,0.34611976,0.89449155,0.06964077,0.03586767,GOOD,GOOD,
2025-02-04 01:00:00+00:00,0.265,0.26500000000000007,0.3057219,0.9638556,0.02014339,0.016000979,GOOD,GOOD,
2025-02-04 02:00:00+00:00,0.29000000000000004,0.2900000000000001,0.29188594,0.9656972,0.020252911,0.014049887,GOOD,GOOD,
2025-02-04 03:00:00+00:00,0.32,0.32000000000000006,0.3071792,0.93953085,0.034893557,0.02557562,GOOD,GOOD,
2025-02-04 04:00:00+00:00,0.29500000000000004,0.2950000000000001,0.33672872,0.97122693,0.016050253,0.012722831,GOOD,GOOD,
2025-02-04 05:00:00+00:00,0.30500000000000005,0.30500000000000016,0.33573115,0.9743867,0.012334211,0.013279077,GOOD,GOOD,
2025-02-04 06:00:00+00:00,0.34,0.34000000000000014,0.33452457,0.95558023,0.027335934,0.017083842,GOOD,GOOD,
2025-02-04 07:00:00+00:00,0.3,0.30000000000000004,0.35597318,0.96217865,0.022649689,0.015171676,GOOD,GOOD,
2025-02-04 08:00:00+00:00,0.28,0.28000000000000014,0.345194,0.9660492,0.018185843,0.015764963,GOOD,GOOD,
2025-02-04 09:00:00+00:00,0.31,0.31000000000000005,0.3217495,0.9661294,0.019460456,0.01441014,GOOD,GOOD,
2025-02-04 10:00:00+00:00,0.325,0.32500000000000007,0.32847843,0.96329427,0.018509503,0.018196203,GOOD,GOOD,
2025-02-04 11:00:00+00:00,0.31,0.31000000000000005,0.34687456,0.9739077,0.012854921,0.013237363,GOOD,GOOD,
2025-02-04 12:00:00+00:00,0.26,0.26000000000000006,0.3466736,0.8810159,0.07462501,0.044359103,GOOD,GOOD,
2025-02-04 13:00:00+00:00,0.27,0.2700000000000001,0.31268856,0.9517473,0.025627123,0.022625605,GOOD,GOOD,
2025-02-04 14:00:00+00:00,0.31,0.31000000000000005,0.29841375,0.9601359,0.02576243,0.014101676,GOOD,GOOD,
2025-02-04 15:00:00+00:00,0.275,0.2750000000000001,0.32150215,0.953577,0.027155312,0.01926772,GOOD,GOOD,
2025-02-04 16:00:00+00:00,0.275,0.2750000000000001,0.31733707,0.9478119,0.019320887,0.032867223,GOOD,GOOD,
2025-02-04 17:00:00+00:00,0.30000000000000004,0.3000000000000001,0.30878314,0.9720872,0.016071146,0.0118416725,GOOD,GOOD,
2025-02-04 18:00:00+00:00,0.32,0.32000000000000006,0.3200717,0.9374109,0.026295563,0.036293544,GOOD,GOOD,
2025-02-04 19:00:00+00:00,0.29500000000000004,0.2950000000000001,0.34095225,0.96756303,0.017069649,0.015367339,GOOD,GOOD,
2025-02-04 20:00:00+00:00,0.27,0.2700000000000001,0.3357404,0.8793447,0.04339112,0.0772642,GOOD,GOOD,
2025-02-04 21:00:00+00:00,0.29000000000000004,0.2900000000000001,0.31313875,0.9686799,0.016819252,0.014500858,GOOD,GOOD,
2025-02-04 22:00:00+00:00,0.305,0.3050000000000001,0.31300843,0.9157072,0.027669324,0.056623496,GOOD,GOOD,
2025-02-04 23:00:00+00:00,0.25,0.25,0.32716617,0.8626267,0.08823379,0.049139548,GOOD,GOOD,
2025-02-05 00:00:00+00:00,0.275,0.2750000000000001,0.3025715,0.9506546,0.026587492,0.022757856,GOOD,GOOD,
2025-02-05 01:00:00+00:00,0.275,0.2750000000000001,0.2987661,0.93632954,0.021769723,0.041900747,GOOD,GOOD,
2025-02-05 02:00:00+00:00,0.30000000000000004,0.3000000000000001,0.30281246,0.95903337,0.021795943,0.019170659,GOOD,GOOD,
2025-02-05 03:00:00+00:00,0.3,0.30000000000000004,0.3203223,0.9093726,0.025171248,0.06545613,GOOD,GOOD,
2025-02-05 04:00:00+00:00,0.29000000000000004,0.2900000000000001,0.33001667,0.85597473,0.03488988,0.109135374,GOOD,GOOD,
2025-02-05 05:00:00+00:00,0.275,0.2750000000000001,0.32588267,0.8416354,0.046935752,0.11142886,GOOD,GOOD,
2025-02-05 06:00:00+00:00,0.28500000000000003,0.2850000000000001,0.3126825,0.9449888,0.021944322,0.03306689,GOOD,GOOD,
2025-02-05 07:00:00+00:00,0.29,0.29000000000000004,0.31179363,0.757035,0.039858323,0.20310663,GOOD,GOOD,
2025-02-05 08:00:00+00:00,0.27,0.2700000000000001,0.31728488,0.9289421,0.03115478,0.03990313,GOOD,GOOD,
2025-02-05 09:00:00+00:00,0.315,0.31500000000000006,0.30860648,0.9388167,0.03828321,0.022900034,GOOD,GOOD,
2025-02-05 10:00:00+00:00,0.295,0.29500000000000004,0.32866192,0.9724171,0.01517779,0.012405075,GOOD,GOOD,
2025-02-05 11:00:00+00:00,0.29000000000000004,0.2900000000000001,0.33128753,0.91102,0.019678723,0.069301285,GOOD,GOOD,
2025-02-05 12:00:00+00:00,0.26,0.26000000000000006,0.32482374,0.9624988,0.021919278,0.015581951,GOOD,GOOD,
2025-02-05 13:00:00+00:00,0.29,0.29000000000000004,0.30310893,0.96658283,0.019983238,0.01343395,GOOD,GOOD,
2025-02-05 14:00:00+00:00,0.28500000000000003,0.2850000000000001,0.30910107,0.9725971,0.013434045,0.013968846,GOOD,GOOD,
2025-02-05 15:00:00+00:00,0.30500000000000005,0.30500000000000016,0.31492603,0.9687687,0.017333755,0.013897513,GOOD,GOOD,
2025-02-05 16:00:00+00:00,0.31,0.31000000000000005,0.3282865,0.9301938,0.02236036,0.047445852,GOOD,GOOD,
2025-02-05 17:00:00+00:00,0.29,0.29000000000000004,0.33824238,0.96119845,0.018587828,0.02021373,GOOD,GOOD,
2025-02-05 18:00:00+00:00,0.315,0.31500000000000006,0.32933173,0.9572189,0.023969345,0.018811759,GOOD,GOOD,
2025-02-05 19:00:00+00:00,0.355,0.35500000000000004,0.33687156,0.9214134,0.04840846,0.03017814,GOOD,GOOD,
2025-02-05 20:00:00+00:00,0.35,0.35000000000000003,0.36803818,0.95097667,0.02816205,0.02086126,GOOD,GOOD,
2025-02-05 21:00:00+00:00,0.33999999999999997,0.3400000000000001,0.3816726,0.90342176,0.028229006,0.06834925,GOOD,GOOD,
2025-02-05 22:00:00+00:00,0.33499999999999996,0.335,0.37663767,0.873358,0.029060697,0.09758129,GOOD,GOOD,
2025-02-05 23:00:00+00:00,0.32999999999999996,0.33000000000000007,0.36836597,0.78889513,0.035063412,0.17604142,GOOD,GOOD,
2025-02-06 00:00:00+00:00,0.315,0.31500000000000006,0.3619558,0.9553682,0.019016096,0.025615701,GOOD,GOOD,
2025-02-06 01:00:00+00:00,0.3,0.30000000000000004,0.35086793,0.8209444,0.037063506,0.14199208,GOOD,GOOD,
2025-02-06 02:00:00+00:00,0.3,0.30000000000000004,0.3364826,0.9216093,0.019389011,0.059001684,GOOD,GOOD,
2025-02-06 03:00:00+00:00,0.28,0.28000000000000014,0.33017978,0.95850146,0.021421475,0.020077046,GOOD,GOOD,
2025-02-06 04:00:00+00:00,0.3,0.30000000000000004,0.31753305,0.9614277,0.020740826,0.01783151,GOOD,GOOD,
2025-02-06 05:00:00+00:00,0.28500000000000003,0.2850000000000001,0.32275572,0.95350593,0.023021163,0.023472885,GOOD,GOOD,
2025-02-06 06:00:00+00:00,0.27,0.2700000000000001,0.31991526,0.81369096,0.048797566,0.13751146,GOOD,GOOD,
2025-02-06 07:00:00+00:00,0.325,0.32500000000000007,0.30768958,0.90097106,0.064693816,0.034335114,GOOD,GOOD,
2025-02-06 08:00:00+00:00,0.335,0.3350000000000001,0.33376157,0.9551756,0.02565629,0.01916814,GOOD,GOOD,
2025-02-06 09:00:00+00:00,0.3,0.30000000000000004,0.3587173,0.9705329,0.016409565,0.013057548,GOOD,GOOD,
2025-02-06 10:00:00+00:00,0.32,0.32000000000000006,0.34616315,0.9686472,0.017487356,0.01386547,GOOD,GOOD,
2025-02-06 11:00:00+00:00,0.31,0.31000000000000005,0.34550273,0.97714144,0.011604173,0.0112544,GOOD,GOOD,
2025-02-06 12:00:00+00:00,0.275,0.2750000000000001,0.3428011,0.95596665,0.025948215,0.01808516,GOOD,GOOD,
2025-02-06 13:00:00+00:00,0.275,0.2750000000000001,0.3201101,0.9624119,0.016890058,0.020698035,GOOD,GOOD,
2025-02-06 14:00:00+00:00,0.305,0.3050000000000001,0.30689088,0.9658807,0.020180393,0.013938937,GOOD,GOOD,
2025-02-06 15:00:00+00:00,0.31,0.31000000000000005,0.32189733,0.9648588,0.016140891,0.019000353,GOOD,GOOD,
2025-02-06 16:00:00+00:00,0.28500000000000003,0.2850000000000001,0.3366074,0.9530799,0.024198093,0.022722004,GOOD,GOOD,
2025-02-06 17:00:00+00:00,0.27,0.2700000000000001,0.3266265,0.9126214,0.033207536,0.0541711,GOOD,GOOD,
2025-02-06 18:00:00+00:00,0.265,0.26500000000000007,0.30861956,0.8500818,0.0380201,0.11189812,GOOD,GOOD,
2025-02-06 19:00:00+00:00,0.31,0.31000000000000005,0.29743707,0.9461578,0.034966595,0.018875567,GOOD,GOOD,
2025-02-06 20:00:00+00:00,0.305,0.3050000000000001,0.32128173,0.97345,0.014036651,0.012513317,GOOD,GOOD,
2025-02-06 21:00:00+00:00,0.315,0.31500000000000006,0.3352008,0.9507262,0.018133335,0.031140462,GOOD,GOOD,
2025-02-06 22:00:00+00:00,0.32,0.32000000000000006,0.3435673,0.86644614,0.025327692,0.1082262,GOOD,GOOD,
2025-02-06 23:00:00+00:00,0.32,0.32000000000000006,0.34905335,0.7852774,0.028344626,0.18637793,GOOD,GOOD,
2025-02-07 00:00:00+00:00,0.305,0.3050000000000001,0.35079995,0.95535105,0.017766166,0.026882753,GOOD,GOOD,
2025-02-07 01:00:00+00:00,0.29000000000000004,0.2900000000000001,0.34181675,0.817821,0.039555803,0.14262316,GOOD,GOOD,
2025-02-07 02:00:00+00:00,0.28,0.28000000000000014,0.32719198,0.85182464,0.034285344,0.11389003,GOOD,GOOD,
2025-02-07 03:00:00+00:00,0.28500000000000003,0.2850000000000001,0.31452125,0.93371457,0.02055182,0.045733605,GOOD,GOOD,
2025-02-07 04:00:00+00:00,0.29500000000000004,0.2950000000000001,0.31292447,0.884227,0.029898511,0.085874505,GOOD,GOOD,
2025-02-07 05:00:00+00:00,0.26,0.26000000000000006,0.3204826,0.9207932,0.044935293,0.034271512,GOOD,GOOD,
2025-02-07 06:00:00+00:00,0.27,0.2700000000000001,0.304387,0.9515135,0.023672804,0.024813682,GOOD,GOOD,
2025-02-07 07:00:00+00:00,0.26,0.29883150528491037,0.29850563,0.97007674,0.018559653,0.011363582,BAD,GOOD,F_burst_noise
2025-02-07 08:00:00+00:00,0.26,0.9157854063438184,0.31611443,0.23445767,0.22085956,0.54468274,BAD,GOOD,F_burst_noise
2025-02-07 09:00:00+00:00,0.275,0.1009462722358766,0.7307021,0.2677493,0.1331361,0.5991146,BAD,GOOD,F_burst_noise
2025-02-07 10:00:00+00:00,0.315,0.31500000000000006,0.42625704,0.53856075,0.25566903,0.20577021,GOOD,GOOD,
2025-02-07 11:00:00+00:00,0.31,0.31000000000000005,0.31153077,0.9374359,0.041725762,0.020838313,GOOD,GOOD,
2025-02-07 12:00:00+00:00,0.305,0.3050000000000001,0.31222567,0.83117557,0.039126202,0.12969823,GOOD,GOOD,
2025-02-07 13:00:00+00:00,0.325,0.32500000000000007,0.32961887,0.97045076,0.018896084,0.01065315,GOOD,GOOD,
2025-02-07 14:00:00+00:00,0.37,0.37000000000000005,0.34868458,0.92597777,0.046578586,0.027443657,GOOD,GOOD,
2025-02-07 15:00:00+00:00,0.335,0.3350000000000001,0.3832544,0.95102406,0.029804366,0.019171575,GOOD,GOOD,
2025-02-07 16:00:00+00:00,0.345,0.34500000000000003,0.37860525,0.9709489,0.016338263,0.012712863,GOOD,GOOD,
2025-02-07 17:00:00+00:00,0.325,0.32500000000000007,0.3745016,0.97387415,0.015342565,0.010783298,GOOD,GOOD,
2025-02-07 18:00:00+00:00,0.32,0.32000000000000006,0.36211026,0.9609137,0.015667232,0.023419077,GOOD,GOOD,
2025-02-07 19:00:00+00:00,0.35,0.35000000000000003,0.3526018,0.95645595,0.026874973,0.016669093,GOOD,GOOD,
2025-02-07 20:00:00+00:00,0.36,0.36000000000000004,0.36778724,0.9591651,0.018662212,0.022172665,GOOD,GOOD,
2025-02-07 21:00:00+00:00,0.35,0.35000000000000003,0.38484633,0.9681854,0.015034732,0.016779829,GOOD,GOOD,
2025-02-07 22:00:00+00:00,0.33999999999999997,0.3400000000000001,0.38507468,0.77969897,0.038618583,0.18168242,GOOD,GOOD,
2025-02-07 23:00:00+00:00,0.33999999999999997,0.3400000000000001,0.37566012,0.84010434,0.030197142,0.12969851,GOOD,GOOD,
2025-02-08 00:00:00+00:00,0.33499999999999996,0.335,0.3704984,0.8058096,0.036399588,0.15779081,GOOD,GOOD,
2025-02-08 01:00:00+00:00,0.37,0.37000000000000005,0.36657852,0.95468324,0.028169492,0.017147256,GOOD,GOOD,
2025-02-08 02:00:00+00:00,0.365,0.3650000000000001,0.3863891,0.97116566,0.015066442,0.013767871,GOOD,GOOD,
2025-02-08 03:00:00+00:00,0.33999999999999997,0.3400000000000001,0.3958343,0.974498,0.013204091,0.012297959,GOOD,GOOD,
2025-02-08 04:00:00+00:00,0.28,0.28000000000000014,0.3815391,0.89040047,0.07264095,0.036958586,GOOD,GOOD,
2025-02-08 05:00:00+00:00,0.27,0.2700000000000001,0.33560908,0.95623624,0.023370089,0.020393658,GOOD,GOOD,
2025-02-08 06:00:00+00:00,0.295,0.29500000000000004,0.3056732,0.9628925,0.022261085,0.014846437,GOOD,GOOD,
2025-02-08 07:00:00+00:00,0.29000000000000004,0.2900000000000001,0.31251773,0.9627411,0.018109797,0.019149104,GOOD,GOOD,
2025-02-08 08:00:00+00:00,0.28,0.28000000000000014,0.31964275,0.8744251,0.03130572,0.094269186,GOOD,GOOD,
2025-02-08 09:00:00+00:00,0.3,0.30000000000000004,0.3155185,0.9634078,0.01937577,0.017216422,GOOD,GOOD,
2025-02-08 10:00:00+00:00,0.275,0.2750000000000001,0.32336992,0.943982,0.02938262,0.026635379,GOOD,GOOD,
2025-02-08 11:00:00+00:00,0.30000000000000004,0.3000000000000001,0.3146009,0.95519644,0.02403997,0.020763563,GOOD,GOOD,
2025-02-08 12:00:00+00:00,0.32999999999999996,0.33000000000000007,0.32206604,0.950664,0.027862303,0.02147371,GOOD,GOOD,
2025-02-08 13:00:00+00:00,0.31,0.31000000000000005,0.3470306,0.9719211,0.015156609,0.012922323,GOOD,GOOD,
2025-02-08 14:00:00+00:00,0.35,0.35000000000000003,0.34814107,0.9592852,0.025077183,0.015637625,GOOD,GOOD,
2025-02-08 15:00:00+00:00,0.37,0.37000000000000005,0.3672063,0.96235937,0.02135423,0.016286403,GOOD,GOOD,
2025-02-08 16:00:00+00:00,0.33499999999999996,0.335,0.39129633,0.97311324,0.015164092,0.01172268,GOOD,GOOD,
2025-02-08 17:00:00+00:00,0.35,0.35000000000000003,0.3798323,0.9756114,0.013387857,0.011000745,GOOD,GOOD,
2025-02-08 18:00:00+00:00,0.3,0.30000000000000004,0.3771482,0.94183314,0.036317743,0.021849137,GOOD,GOOD,
2025-02-08 19:00:00+00:00,0.32,0.32000000000000006,0.34870172,0.9735786,0.014815905,0.0116054965,GOOD,GOOD,
2025-02-08 20:00:00+00:00,0.345,0.34500000000000003,0.3439406,0.9488405,0.024942195,0.026217321,GOOD,GOOD,
2025-02-08 21:00:00+00:00,0.365,0.3650000000000001,0.36267588,0.9295943,0.029762171,0.04064358,GOOD,GOOD,
2025-02-08 22:00:00+00:00,0.34,0.34000000000000014,0.38634443,0.97712994,0.012724075,0.010145962,GOOD,GOOD,
2025-02-08 23:00:00+00:00,0.35,0.35000000000000003,0.38067445,0.97424626,0.012208684,0.013545069,GOOD,GOOD,
2025-02-09 00:00:00+00:00,0.365,3.6500000000000004,0.37848955,0.061697483,0.018910436,0.9193921,BAD,BAD,B_mult
2025-02-09 01:00:00+00:00,0.35,0.35000000000000003,3.1052597,0.024054885,0.18562694,0.7903182,GOOD,BAD,
2025-02-09 02:00:00+00:00,0.38,0.38000000000000006,1.0988405,0.00249511,0.41727203,0.58023286,GOOD,SUSPECT,
2025-02-09 03:00:00+00:00,0.4,0.40000000000000013,0.4547801,0.8459297,0.08890683,0.06516347,GOOD,GOOD,
2025-02-09 04:00:00+00:00,0.39,0.3900000000000001,0.34875634,0.51281714,0.2559336,0.23124926,GOOD,GOOD,
2025-02-09 05:00:00+00:00,0.35,0.35000000000000003,0.39907274,0.93865335,0.03892735,0.022419283,GOOD,GOOD,
2025-02-09 06:00:00+00:00,0.34,0.34000000000000014,0.40974933,0.79658526,0.08206134,0.12135338,GOOD,GOOD,
2025-02-09 07:00:00+00:00,0.365,0.3650000000000001,0.39273307,0.94995993,0.03402831,0.016011765,GOOD,GOOD,
2025-02-09 08:00:00+00:00,0.35,0.35000000000000003,0.39386788,0.97044337,0.018931285,0.01062533,GOOD,GOOD,
2025-02-09 09:00:00+00:00,0.42000000000000004,0.4200000000000001,0.38816008,0.8426238,0.10971309,0.047663134,GOOD,GOOD,
2025-02-09 10:00:00+00:00,0.37,0.37000000000000005,0.42581,0.94098306,0.039924495,0.019092457,GOOD,GOOD,
2025-02-09 11:00:00+00:00,0.37,0.37000000000000005,0.41870928,0.95417356,0.021144751,0.024681658,GOOD,GOOD,
2025-02-09 12:00:00+00:00,0.385,0.38500000000000006,0.40589067,0.89768124,0.018207848,0.08411093,GOOD,GOOD,
2025-02-09 13:00:00+00:00,0.305,0.3050000000000001,0.41019204,0.8859176,0.071071796,0.043010592,GOOD,GOOD,
2025-02-09 14:00:00+00:00,0.355,0.35500000000000004,0.3671407,0.9472832,0.034455627,0.018261185,GOOD,GOOD,
2025-02-09 15:00:00+00:00,0.33999999999999997,0.3400000000000001,0.3702386,0.9676925,0.016659403,0.015648121,GOOD,GOOD,
2025-02-09 16:00:00+00:00,0.365,0.3650000000000001,0.37296066,0.9623566,0.021214543,0.016428847,GOOD,GOOD,
2025-02-09 17:00:00+00:00,0.38,0.38000000000000006,0.38757738,0.93060565,0.027973967,0.04142039,GOOD,GOOD,
2025-02-09 18:00:00+00:00,0.315,0.31500000000000006,0.40464628,0.83529264,0.10546195,0.059245408,GOOD,GOOD,
2025-02-09 19:00:00+00:00,0.355,0.35500000000000004,0.37178558,0.9424975,0.03334624,0.024156276,GOOD,GOOD,
2025-02-09 20:00:00+00:00,0.405,0.4050000000000001,0.37290347,0.92815375,0.05106512,0.020781104,GOOD,GOOD,
2025-02-09 21:00:00+00:00,0.385,0.38500000000000006,0.41209608,0.96938056,0.016743796,0.013875674,GOOD,GOOD,
2025-02-09 22:00:00+00:00,0.33999999999999997,0.3400000000000001,0.42152095,0.95184815,0.028131988,0.020019867,GOOD,GOOD,
2025-02-09 23:00:00+00:00,0.315,0.31500000000000006,0.39069042,0.9472424,0.027945887,0.024811734,GOOD,GOOD,
2025-02-10 00:00:00+00:00,0.33999999999999997,0.3400000000000001,0.3565843,0.9787567,0.0134849,0.007758377,GOOD,GOOD,
2025-02-10 01:00:00+00:00,0.3,0.30000000000000004,0.3585462,0.94806457,0.031918664,0.020016795,GOOD,GOOD,
2025-02-10 02:00:00+00:00,0.29000000000000004,0.2900000000000001,0.34278116,0.94165814,0.024921864,0.033419967,GOOD,GOOD,
2025-02-10 03:00:00+00:00,0.34,0.34000000000000014,0.32593682,0.94140154,0.03878708,0.019811405,GOOD,GOOD,
2025-02-10 04:00:00+00:00,0.37,0.37000000000000005,0.3493801,0.9487845,0.03305718,0.018158356,GOOD,GOOD,
2025-02-10 05:00:00+00:00,0.345,0.34500000000000003,0.3854283,0.97398394,0.013899461,0.012116569,GOOD,GOOD,
2025-02-10 06:00:00+00:00,0.325,0.32500000000000007,0.38572094,0.90239966,0.030095372,0.06750496,GOOD,GOOD,
2025-02-10 07:00:00+00:00,0.31,0.31000000000000005,0.3662665,0.874474,0.035446577,0.09007942,GOOD,GOOD,
2025-02-10 08:00:00+00:00,0.315,0.31500000000000006,0.34670514,0.9169143,0.021126414,0.06195928,GOOD,GOOD,
2025-02-10 09:00:00+00:00,0.345,0.34500000000000003,0.34250268,0.97121954,0.017441064,0.011339397,GOOD,GOOD,
2025-02-10 10:00:00+00:00,0.37,0.37000000000000005,0.36208278,0.9334995,0.031820636,0.034679856,GOOD,GOOD,
2025-02-10 11:00:00+00:00,0.355,0.431346095667732,0.3894732,0.91319084,0.062328268,0.024480876,SUSPECT,GOOD,D_drift
2025-02-10 12:00:00+00:00,0.385,0.5376921913354639,0.4388136,0.7734248,0.16785453,0.058720678,SUSPECT,GOOD,D_drift
2025-02-10 13:00:00+00:00,0.39,0.6190382870031959,0.52905655,0.73282444,0.18958263,0.077592894,SUSPECT,GOOD,D_drift
2025-02-10 14:00:00+00:00,0.31,0.6153843826709277,0.6220838,0.859233,0.084731445,0.056035522,SUSPECT,GOOD,D_drift
2025-02-10 15:00:00+00:00,0.33499999999999996,0.7167304783386595,0.6506171,0.85751283,0.09590021,0.046586923,SUSPECT,GOOD,D_drift
2025-02-10 16:00:00+00:00,0.36,0.8180765740063914,0.7169045,0.7969511,0.14418647,0.05886242,SUSPECT,GOOD,D_drift
2025-02-10 17:00:00+00:00,0.345,0.8794226696741235,0.8156844,0.8262625,0.116642945,0.057094567,SUSPECT,GOOD,D_drift
2025-02-10 18:00:00+00:00,0.35,0.9607687653418554,0.89278585,0.8590255,0.09607687,0.04489763,SUSPECT,GOOD,D_drift
2025-02-10 19:00:00+00:00,0.34,1.0271148610095875,0.9690017,0.84153885,0.11690586,0.041555308,SUSPECT,GOOD,D_drift
2025-02-10 20:00:00+00:00,0.365,1.1284609566773194,1.0375984,0.819103,0.14367993,0.037217062,SUSPECT,GOOD,D_drift
2025-02-10 21:00:00+00:00,0.385,1.2248070523450514,1.1296233,0.6913203,0.25310192,0.05557782,BAD,GOOD,D_drift
2025-02-10 22:00:00+00:00,0.42,1.336153148012783,1.2274415,0.5630373,0.37704054,0.059922237,BAD,GOOD,D_drift
2025-02-10 23:00:00+00:00,0.42,0.42000000000000004,1.3357826,0.05336809,0.05506097,0.8915709,GOOD,BAD,
2025-02-11 00:00:00+00:00,0.445,0.44500000000000006,0.7085275,0.2124446,0.43024784,0.35730755,GOOD,SUSPECT,
2025-02-11 01:00:00+00:00,0.445,0.44500000000000006,0.47239745,0.9721504,0.017038915,0.010810719,GOOD,GOOD,
2025-02-11 02:00:00+00:00,0.38,0.38000000000000006,0.44060206,0.95822585,0.030134842,0.011639298,GOOD,GOOD,
2025-02-11 03:00:00+00:00,0.37,0.37000000000000005,0.420646,0.972929,0.015770193,0.011300808,GOOD,GOOD,
2025-02-11 04:00:00+00:00,0.37,0.37000000000000005,0.403947,0.89261025,0.032734185,0.074655585,GOOD,GOOD,
2025-02-11 05:00:00+00:00,0.345,0.34500000000000003,0.39740437,0.9721404,0.016356723,0.011502929,GOOD,GOOD,
2025-02-11 06:00:00+00:00,0.305,0.3050000000000001,0.38201836,0.94937336,0.032334674,0.018291986,GOOD,GOOD,
2025-02-11 07:00:00+00:00,0.325,0.32500000000000007,0.35064238,0.96787554,0.019177647,0.0129468385,GOOD,GOOD,
2025-02-11 08:00:00+00:00,0.29000000000000004,0.2900000000000001,0.3474347,0.9605043,0.022433434,0.0170623,GOOD,GOOD,
2025-02-11 09:00:00+00:00,0.31,0.31000000000000005,0.33216605,0.97338724,0.01444689,0.012165844,GOOD,GOOD,
2025-02-11 10:00:00+00:00,0.365,0.3650000000000001,0.33474383,0.9698627,0.019756373,0.010380927,GOOD,GOOD,
2025-02-11 11:00:00+00:00,0.375,0.3750000000000001,0.37306622,0.97282493,0.016623486,0.010551565,GOOD,GOOD,
2025-02-11 12:00:00+00:00,0.42500000000000004,0.42500000000000016,0.40125513,0.95693314,0.031598844,0.011468015,GOOD,GOOD,
2025-02-11 13:00:00+00:00,0.385,0.38500000000000006,0.43967587,0.97261554,0.016090311,0.011294169,GOOD,GOOD,
2025-02-11 14:00:00+00:00,0.325,0.32500000000000007,0.4317251,0.93874735,0.039637692,0.021614939,GOOD,GOOD,
2025-02-11 15:00:00+00:00,0.325,0.32500000000000007,0.38274172,0.97139454,0.014720092,0.013885392,GOOD,GOOD,
2025-02-11 16:00:00+00:00,0.33499999999999996,0.335,0.35670757,0.944599,0.019157285,0.036243714,GOOD,GOOD,
2025-02-11 17:00:00+00:00,0.32999999999999996,0.33000000000000007,0.3579402,0.93974376,0.018680431,0.04157581,GOOD,GOOD,
2025-02-11 18:00:00+00:00,0.325,0.32500000000000007,0.36017743,0.8290825,0.029266153,0.14165133,GOOD,GOOD,
2025-02-11 19:00:00+00:00,0.3,0.30000000000000004,0.3573328,0.9626181,0.020368492,0.017013388,GOOD,GOOD,
2025-02-11 20:00:00+00:00,0.32999999999999996,0.33000000000000007,0.3400905,0.9685467,0.01768466,0.013768675,GOOD,GOOD,
2025-02-11 21:00:00+00:00,0.33499999999999996,0.335,0.3483645,0.9498648,0.018889168,0.031246008,GOOD,GOOD,
2025-02-11 22:00:00+00:00,0.36,0.36000000000000004,0.3604162,0.9725031,0.01446026,0.013036641,GOOD,GOOD,
2025-02-11 23:00:00+00:00,0.39,0.3900000000000001,0.38040546,0.95504373,0.025692942,0.019263344,GOOD,GOOD,
2025-02-12 00:00:00+00:00,0.405,0.4050000000000001,0.40814704,0.9528431,0.022321468,0.024835384,GOOD,GOOD,
2025-02-12 01:00:00+00:00,0.44499999999999995,0.445,0.42947644,0.9489485,0.032438003,0.018613465,GOOD,GOOD,
2025-02-12 02:00:00+00:00,0.45,0.4500000000000001,0.46101916,0.9526302,0.025908588,0.021461168,GOOD,GOOD,
2025-02-12 03:00:00+00:00,0.395,0.3950000000000001,0.4781411,0.9382253,0.039137438,0.022637239,GOOD,GOOD,
2025-02-12 04:00:00+00:00,0.37,0.37000000000000005,0.44724554,0.9582198,0.023837492,0.017942708,GOOD,GOOD,
2025-02-12 05:00:00+00:00,0.375,0.3750000000000001,0.41167873,0.97159106,0.012554855,0.01585409,GOOD,GOOD,
2025-02-12 06:00:00+00:00,0.345,0.34500000000000003,0.40136284,0.9684278,0.018179728,0.013392498,GOOD,GOOD,
2025-02-12 07:00:00+00:00,0.35,0.35000000000000003,0.38418385,0.9698699,0.013748198,0.016381886,GOOD,GOOD,
2025-02-12 08:00:00+00:00,0.3,0.30000000000000004,0.378483,0.9005703,0.060680922,0.038748816,GOOD,GOOD,
2025-02-12 09:00:00+00:00,0.315,0.31500000000000006,0.34865668,0.95829177,0.021946292,0.01976195,GOOD,GOOD,
2025-02-12 10:00:00+00:00,0.33499999999999996,0.335,0.34062204,0.9378571,0.027211422,0.03493149,GOOD,GOOD,
2025-02-12 11:00:00+00:00,0.36,0.36000000000000004,0.35461336,0.94176155,0.029033687,0.029204767,GOOD,GOOD,
2025-02-12 12:00:00+00:00,0.38,0.38000000000000006,0.3792773,0.9366138,0.027716171,0.03567,GOOD,GOOD,
2025-02-12 13:00:00+00:00,0.395,0.3950000000000001,0.4027404,0.92465234,0.027344903,0.048002746,GOOD,GOOD,
2025-02-12 14:00:00+00:00,0.33499999999999996,0.335,0.42051598,0.9356645,0.038929015,0.025406512,GOOD,GOOD,
2025-02-12 15:00:00+00:00,0.275,0.2750000000000001,0.38968304,0.8716329,0.087055504,0.041311637,GOOD,GOOD,
2025-02-12 16:00:00+00:00,0.31,0.31000000000000005,0.3325535,0.94313467,0.034803845,0.022061478,GOOD,GOOD,
2025-02-12 17:00:00+00:00,0.315,0.31500000000000006,0.3265208,0.97078264,0.01512231,0.014095053,GOOD,GOOD,
2025-02-12 18:00:00+00:00,0.325,0.32500000000000007,0.3384306,0.9028594,0.025738047,0.07140257,GOOD,GOOD,
2025-02-12 19:00:00+00:00,0.32999999999999996,0.33000000000000007,0.3513742,0.8609046,0.02467948,0.11441597,GOOD,GOOD,
2025-02-12 20:00:00+00:00,0.32,0.32000000000000006,0.3591515,0.94236434,0.019043777,0.038591914,GOOD,GOOD,
2025-02-12 21:00:00+00:00,0.315,0.31500000000000006,0.35509145,0.8047256,0.03394121,0.16133322,GOOD,GOOD,
2025-02-12 22:00:00+00:00,0.35,0.35000000000000003,0.3482146,0.96165687,0.022926522,0.015416597,GOOD,GOOD,
2025-02-12 23:00:00+00:00,0.345,0.34500000000000003,0.36634472,0.97615266,0.012380397,0.011466973,GOOD,GOOD,
2025-02-13 00:00:00+00:00,0.355,0.35500000000000004,0.3757164,0.9449939,0.017580675,0.03742543,GOOD,GOOD,
2025-02-13 01:00:00+00:00,0.335,0.3350000000000001,0.38292715,0.97524345,0.0118398825,0.012916646,GOOD,GOOD,
2025-02-13 02:00:00+00:00,0.325,0.32500000000000007,0.3734238,0.894734,0.023090793,0.08217518,GOOD,GOOD,
2025-02-13 03:00:00+00:00,0.29000000000000004,0.2900000000000001,0.3603609,0.94856966,0.030894373,0.02053597,GOOD,GOOD,
2025-02-13 04:00:00+00:00,0.315,0.31500000000000006,0.33401117,0.96270734,0.021271773,0.016020888,GOOD,GOOD,
2025-02-13 05:00:00+00:00,0.34,0.34000000000000014,0.3357677,0.9237198,0.032941923,0.04333826,GOOD,GOOD,
2025-02-13 06:00:00+00:00,0.32,0.32000000000000006,0.35772273,0.9709467,0.016040511,0.013012782,GOOD,GOOD,
2025-02-13 07:00:00+00:00,0.305,0.3050000000000001,0.35770112,0.92150545,0.023656037,0.054838534,GOOD,GOOD,
2025-02-13 08:00:00+00:00,0.265,0.26500000000000007,0.3436161,0.9135363,0.05298469,0.033478975,GOOD,GOOD,
2025-02-13 09:00:00+00:00,0.27,0.2700000000000001,0.31204963,0.94448256,0.031014815,0.024502624,GOOD,GOOD,
2025-02-13 10:00:00+00:00,0.28500000000000003,0.2850000000000001,0.29905117,0.9628862,0.020387076,0.016726682,GOOD,GOOD,
2025-02-13 11:00:00+00:00,0.33,0.3300000000000001,0.30708554,0.93951124,0.04056178,0.01992699,GOOD,GOOD,
2025-02-13 12:00:00+00:00,0.35,0.35000000000000003,0.34115785,0.95546544,0.026763704,0.017770864,GOOD,GOOD,
2025-02-13 13:00:00+00:00,0.345,0.34500000000000003,0.37174565,0.96143794,0.016327465,0.022234602,GOOD,GOOD,
2025-02-13 14:00:00+00:00,0.325,0.32500000000000007,0.37919784,0.9650721,0.014842346,0.020085558,GOOD,GOOD,
2025-02-13 15:00:00+00:00,0.29,0.29000000000000004,0.3654407,0.9529086,0.028635632,0.018455777,GOOD,GOOD,
2025-02-13 16:00:00+00:00,0.28500000000000003,0.2850000000000001,0.33547673,0.9655041,0.01781425,0.016681619,GOOD,GOOD,
2025-02-13 17:00:00+00:00,0.295,0.29500000000000004,0.31784642,0.9634341,0.016480293,0.020085637,GOOD,GOOD,
2025-02-13 18:00:00+00:00,0.31,0.31000000000000005,0.31968525,0.93291724,0.023706222,0.043376513,GOOD,GOOD,
2025-02-13 19:00:00+00:00,0.28500000000000003,0.2850000000000001,0.33307034,0.9567747,0.02250416,0.02072114,GOOD,GOOD,
2025-02-13 20:00:00+00:00,0.28500000000000003,0.2850000000000001,0.3253259,0.9392616,0.019443547,0.041294858,GOOD,GOOD,
2025-02-13 21:00:00+00:00,0.28,0.28000000000000014,0.31745243,0.8121077,0.037424304,0.15046802,GOOD,GOOD,
2025-02-13 22:00:00+00:00,0.31,0.31000000000000005,0.31192377,0.95964926,0.023517499,0.016833255,GOOD,GOOD,
2025-02-13 23:00:00+00:00,0.355,0.35500000000000004,0.3280507,0.9413139,0.040401574,0.018284477,GOOD,GOOD,
2025-02-14 00:00:00+00:00,0.37,0.37000000000000005,0.36619443,0.9550551,0.025752163,0.019192712,GOOD,GOOD,
2025-02-14 01:00:00+00:00,0.38,0.38000000000000006,0.39432424,0.90061283,0.03071208,0.06867508,GOOD,GOOD,
2025-02-14 02:00:00+00:00,0.36,0.36000000000000004,0.40863535,0.97190267,0.014426985,0.013670322,GOOD,GOOD,
2025-02-14 03:00:00+00:00,0.33,0.3300000000000001,0.39942324,0.9626045,0.020612275,0.016783206,GOOD,GOOD,
2025-02-14 04:00:00+00:00,0.31000000000000005,0.3100000000000001,0.37340474,0.93671125,0.02631842,0.03697035,GOOD,GOOD,
2025-02-14 05:00:00+00:00,0.315,0.31500000000000006,0.3484977,0.9769999,0.01108987,0.011910223,GOOD,GOOD,
2025-02-14 06:00:00+00:00,0.33999999999999997,0.3400000000000001,0.34226924,0.9668612,0.019060384,0.014078455,GOOD,GOOD,
2025-02-14 07:00:00+00:00,0.33999999999999997,0.3400000000000001,0.35859725,0.96461654,0.01606153,0.019321918,GOOD,GOOD,
2025-02-14 08:00:00+00:00,0.315,0.31500000000000006,0.369127,0.9586481,0.020988729,0.020363156,GOOD,GOOD,
2025-02-14 09:00:00+00:00,0.28,0.28000000000000014,0.35634914,0.9208543,0.045492172,0.033653572,GOOD,GOOD,
2025-02-14 10:00:00+00:00,0.31,0.31000000000000005,0.3259006,0.94656676,0.030545441,0.02288777,GOOD,GOOD,
2025-02-14 11:00:00+00:00,0.345,0.34500000000000003,0.32858512,0.95174253,0.030502532,0.017754907,GOOD,GOOD,
2025-02-14 12:00:00+00:00,0.325,0.32500000000000007,0.35820973,0.97055113,0.016320288,0.013128556,GOOD,GOOD,
2025-02-14 13:00:00+00:00,0.35,0.35000000000000003,0.36252415,0.96378213,0.020270763,0.0159471,GOOD,GOOD,
2025-02-14 14:00:00+00:00,0.305,0.3050000000000001,0.37334213,0.95485914,0.026485303,0.018655533,GOOD,GOOD,
2025-02-14 15:00:00+00:00,0.31,0.31000000000000005,0.35257125,0.9750321,0.012260297,0.012707615,GOOD,GOOD,
2025-02-14 16:00:00+00:00,0.2925,0.2925000000000001,0.34077194,0.9710513,0.015418142,0.01353056,GOOD,GOOD,
2025-02-14 17:00:00+00:00,0.275,0.2750000000000001,0.32837728,0.856936,0.039423794,0.10364021,GOOD,GOOD,
2025-02-14 18:00:00+00:00,0.28,0.28000000000000014,0.31263813,0.9654175,0.014922258,0.019660208,GOOD,GOOD,
2025-02-14 19:00:00+00:00,0.32,0.32000000000000006,0.30853534,0.9545312,0.029419266,0.016049534,GOOD,GOOD,
2025-02-14 20:00:00+00:00,0.35,0.35000000000000003,0.3332412,0.95214325,0.030666515,0.017190237,GOOD,GOOD,
2025-02-14 21:00:00+00:00,0.32,0.32000000000000006,0.36699316,0.9683288,0.018313194,0.013358025,GOOD,GOOD,
2025-02-14 22:00:00+00:00,0.29,0.29000000000000004,0.36315867,0.9103399,0.038042974,0.051617112,GOOD,GOOD,
2025-02-14 23:00:00+00:00,0.28500000000000003,0.2850000000000001,0.33579993,0.9659613,0.014906278,0.019132419,GOOD,GOOD,
2025-02-15 00:00:00+00:00,0.31,0.31000000000000005,0.3181916,0.97150826,0.016400767,0.012090944,GOOD,GOOD,
2025-02-15 01:00:00+00:00,0.3,0.30000000000000004,0.3286942,0.9736649,0.013275233,0.013059906,GOOD,GOOD,
2025-02-15 02:00:00+00:00,0.265,0.26500000000000007,0.33255395,0.9412007,0.032736983,0.02606236,GOOD,GOOD,
2025-02-15 03:00:00+00:00,0.29,0.29000000000000004,0.31107664,0.95868397,0.02313145,0.018184572,GOOD,GOOD,
2025-02-15 04:00:00+00:00,0.26,0.26000000000000006,0.31208292,0.9415124,0.033194065,0.02529355,GOOD,GOOD,
2025-02-15 05:00:00+00:00,0.24,0.24,0.30026013,0.9319118,0.035621982,0.032466162,GOOD,GOOD,
2025-02-15 06:00:00+00:00,0.255,0.255,0.28032917,0.9558999,0.022627302,0.0214728,GOOD,GOOD,
2025-02-15 07:00:00+00:00,0.28500000000000003,0.2850000000000001,0.27959853,0.96258,0.023316575,0.014103385,GOOD,GOOD,
2025-02-15 08:00:00+00:00,0.255,0.255,0.30141282,0.9552516,0.025654096,0.01909435,GOOD,GOOD,
2025-02-15 09:00:00+00:00,0.22,0.22,0.29685196,0.94176984,0.033881284,0.024348905,GOOD,GOOD,
2025-02-15 10:00:00+00:00,0.22,0.22,0.26822746,0.9476427,0.02240206,0.029955283,GOOD,GOOD,
2025-02-15 11:00:00+00:00,0.265,0.26500000000000007,0.25209367,0.9408078,0.038234703,0.020957451,GOOD,GOOD,
2025-02-15 12:00:00+00:00,0.265,0.26500000000000007,0.27514902,0.96694726,0.017144004,0.015908731,GOOD,GOOD,
2025-02-15 13:00:00+00:00,0.28500000000000003,0.2850000000000001,0.29291716,0.9698132,0.016299346,0.01388743,GOOD,GOOD,
2025-02-15 14:00:00+00:00,0.26,0.26000000000000006,0.30955344,0.9662804,0.01814976,0.015569819,GOOD,GOOD,
2025-02-15 15:00:00+00:00,0.315,0.31500000000000006,0.30144635,0.91984576,0.051440205,0.028714033,GOOD,GOOD,
2025-02-15 16:00:00+00:00,0.32499999999999996,0.325,0.32558203,0.9616971,0.021980163,0.016322723,GOOD,GOOD,
2025-02-15 17:00:00+00:00,0.28500000000000003,0.2850000000000001,0.3489746,0.96694016,0.019431889,0.013627958,GOOD,GOOD,
2025-02-15 18:00:00+00:00,0.32,0.32000000000000006,0.33310604,0.9575404,0.025550481,0.016909096,GOOD,GOOD,
2025-02-15 19:00:00+00:00,0.335,0.3350000000000001,0.33957562,0.9607436,0.020137323,0.019119048,GOOD,GOOD,
2025-02-15 20:00:00+00:00,0.325,0.32500000000000007,0.3569799,0.9616533,0.015872002,0.022474691,GOOD,GOOD,
2025-02-15 21:00:00+00:00,0.29000000000000004,0.2900000000000001,0.35937932,0.9521457,0.027222762,0.020631539,GOOD,GOOD,
2025-02-15 22:00:00+00:00,0.22999999999999998,0.23,0.33594093,0.83845174,0.11148533,0.0500629,GOOD,GOOD,
2025-02-15 23:00:00+00:00,0.24,0.24,0.28639075,0.9543342,0.024435729,0.021230083,GOOD,GOOD,
2025-02-16 00:00:00+00:00,0.27,0.2700000000000001,0.26727802,0.9672224,0.020492852,0.012284782,GOOD,GOOD,
2025-02-16 01:00:00+00:00,0.28,0.28000000000000014,0.28428054,0.9491301,0.022098018,0.028771887,GOOD,GOOD,
2025-02-16 02:00:00+00:00,0.26,0.26000000000000006,0.30408224,0.9745645,0.014042402,0.011393119,GOOD,GOOD,
2025-02-16 03:00:00+00:00,0.25,0.25,0.29978198,0.89413196,0.024977036,0.08089099,GOOD,GOOD,
2025-02-16 04:00:00+00:00,0.28500000000000003,0.2850000000000001,0.2869927,0.9610908,0.023810852,0.015098369,GOOD,GOOD,
2025-02-16 05:00:00+00:00,0.255,0.255,0.3013681,0.9637753,0.020328632,0.015896091,GOOD,GOOD,
2025-02-16 06:00:00+00:00,0.25,0.25,0.29567882,0.9391145,0.019780293,0.04110522,GOOD,GOOD,
2025-02-16 07:00:00+00:00,0.255,0.255,0.2853129,0.8728647,0.025132976,0.102002285,GOOD,GOOD,
2025-02-16 08:00:00+00:00,0.275,0.2750000000000001,0.28364542,0.9642907,0.018414732,0.017294591,GOOD,GOOD,
2025-02-16 09:00:00+00:00,0.235,0.235,0.29676378,0.9233738,0.04400692,0.032619257,GOOD,GOOD,
2025-02-16 10:00:00+00:00,0.21500000000000002,0.21500000000000002,0.2814919,0.91639274,0.042910438,0.04069684,GOOD,GOOD,
2025-02-16 11:00:00+00:00,0.235,0.235,0.2570415,0.9530644,0.024799703,0.022135934,GOOD,GOOD,
2025-02-16 12:00:00+00:00,0.28500000000000003,0.2850000000000001,0.2573975,0.9260349,0.050851766,0.023113297,GOOD,GOOD,
2025-02-16 13:00:00+00:00,0.305,0.3050000000000001,0.29268628,0.95246965,0.029571235,0.017959103,GOOD,GOOD,
2025-02-16 14:00:00+00:00,0.3,0.30000000000000004,0.32589555,0.95687264,0.017938595,0.025188744,GOOD,GOOD,
2025-02-16 15:00:00+00:00,0.335,0.3350000000000001,0.33463714,0.95520306,0.027190492,0.01760643,GOOD,GOOD,
2025-02-16 16:00:00+00:00,0.37,0.37000000000000005,0.3540639,0.932294,0.039432976,0.028273044,GOOD,GOOD,
2025-02-16 17:00:00+00:00,0.32999999999999996,0.33000000000000007,0.38599977,0.9604088,0.023659607,0.015931588,GOOD,GOOD,
2025-02-16 18:00:00+00:00,0.345,0.34500000000000003,0.37633368,0.96972,0.01666191,0.013618083,GOOD,GOOD,
2025-02-16 19:00:00+00:00,0.345,0.34500000000000003,0.37287816,0.90751725,0.024100972,0.06838179,GOOD,GOOD,
2025-02-16 20:00:00+00:00,0.385,0.38500000000000006,0.37389228,0.94162774,0.035531763,0.022840502,GOOD,GOOD,
2025-02-16 21:00:00+00:00,0.35,0.35000000000000003,0.39937213,0.95919174,0.024100313,0.01670794,GOOD,GOOD,
2025-02-16 22:00:00+00:00,0.32,0.32000000000000006,0.39259198,0.94391066,0.028309777,0.02777955,GOOD,GOOD,
2025-02-16 23:00:00+00:00,0.26,0.26000000000000006,0.36473048,0.9121009,0.061168715,0.026730392,GOOD,GOOD,
2025-02-17 00:00:00+00:00,0.315,0.31500000000000006,0.31476423,0.92225456,0.048957154,0.028788261,GOOD,GOOD,
2025-02-17 01:00:00+00:00,0.29,0.29000000000000004,0.32332653,0.9719864,0.016435396,0.011578206,GOOD,GOOD,
2025-02-17 02:00:00+00:00,0.305,0.3050000000000001,0.32483178,0.9748106,0.01417422,0.011015185,GOOD,GOOD,
2025-02-17 03:00:00+00:00,0.32,0.32000000000000006,0.33114997,0.900433,0.027963638,0.07160337,GOOD,GOOD,
2025-02-17 04:00:00+00:00,0.35,0.35000000000000003,0.34393108,0.96532774,0.021503512,0.013168724,GOOD,GOOD,
2025-02-17 05:00:00+00:00,0.31,0.31000000000000005,0.36836508,0.96968704,0.0177389,0.012574079,GOOD,GOOD,
2025-02-17 06:00:00+00:00,0.28500000000000003,0.2850000000000001,0.3561573,0.9536783,0.022764679,0.023557,GOOD,GOOD,
2025-02-17 07:00:00+00:00,0.31,0.31000000000000005,0.32868904,0.97464895,0.014670766,0.010680279,GOOD,GOOD,
2025-02-17 08:00:00+00:00,0.31,0.31000000000000005,0.33050328,0.94329476,0.016840138,0.039865114,GOOD,GOOD,
2025-02-17 09:00:00+00:00,0.28500000000000003,0.2850000000000001,0.33781278,0.9675127,0.016766272,0.01572103,GOOD,GOOD,
2025-02-17 10:00:00+00:00,0.27,0.2700000000000001,0.32608354,0.90787506,0.029403051,0.06272191,GOOD,GOOD,
2025-02-17 11:00:00+00:00,0.26,0.26000000000000006,0.30836216,0.84692025,0.038194943,0.11488484,GOOD,GOOD,
2025-02-17 12:00:00+00:00,0.36,0.36000000000000004,0.29457343,0.7706026,0.16820994,0.061187502,GOOD,GOOD,
2025-02-17 13:00:00+00:00,0.33499999999999996,0.335,0.3496642,0.9528513,0.028153192,0.01899549,GOOD,GOOD,
2025-02-17 14:00:00+00:00,0.295,0.29500000000000004,0.37110752,0.96023816,0.022934334,0.016827486,GOOD,GOOD,
2025-02-17 15:00:00+00:00,0.31,0.31000000000000005,0.34639817,0.9770777,0.01204826,0.010874032,GOOD,GOOD,
2025-02-17 16:00:00+00:00,0.33499999999999996,0.335,0.337154,0.96688634,0.017899184,0.015214502,GOOD,GOOD,
2025-02-17 17:00:00+00:00,0.29,0.29000000000000004,0.35300508,0.95218694,0.02893839,0.01887466,GOOD,GOOD,
2025-02-17 18:00:00+00:00,0.355,0.35500000000000004,0.33706158,0.9040413,0.06353982,0.032418862,GOOD,GOOD,
2025-02-17 19:00:00+00:00,0.36,0.36000000000000004,0.36245474,0.9613364,0.021270543,0.017393092,GOOD,GOOD,
2025-02-17 20:00:00+00:00,0.375,0.3750000000000001,0.385034,0.9376034,0.026442986,0.03595361,GOOD,GOOD,
2025-02-17 21:00:00+00:00,0.355,0.35500000000000004,0.40114653,0.9730423,0.01415114,0.012806573,GOOD,GOOD,
2025-02-17 22:00:00+00:00,0.38,0.38000000000000006,0.39392522,0.9623453,0.02202931,0.015625373,GOOD,GOOD,
2025-02-17 23:00:00+00:00,0.345,0.34500000000000003,0.40190792,0.9612673,0.023149798,0.015582905,GOOD,GOOD,
2025-02-18 00:00:00+00:00,0.36,0.36000000000000004,0.38731837,0.97146416,0.01494317,0.013592655,GOOD,GOOD,
2025-02-18 01:00:00+00:00,0.325,0.32500000000000007,0.3858718,0.9571864,0.023387048,0.019426545,GOOD,GOOD,
2025-02-18 02:00:00+00:00,0.33,0.3300000000000001,0.36734876,0.9616657,0.015287905,0.023046402,GOOD,GOOD,
2025-02-18 03:00:00+00:00,0.32499999999999996,0.325,0.35930258,0.8237844,0.031791583,0.14442399,GOOD,GOOD,
2025-02-18 04:00:00+00:00,0.345,0.34500000000000003,0.3557083,0.96532434,0.018138018,0.016537655,GOOD,GOOD,
2025-02-18 05:00:00+00:00,0.365,0.3650000000000001,0.36696172,0.92674726,0.028681729,0.044571016,GOOD,GOOD,
2025-02-18 06:00:00+00:00,0.345,0.34500000000000003,0.38646415,0.9495656,0.023270372,0.02716405,GOOD,GOOD,
2025-02-18 07:00:00+00:00,0.33,0.3300000000000001,0.3831867,0.78105646,0.050631482,0.16831204,GOOD,GOOD,
2025-02-18 08:00:00+00:00,0.33999999999999997,0.3400000000000001,0.36807832,0.9425728,0.021351367,0.036075875,GOOD,GOOD,
2025-02-18 09:00:00+00:00,0.36,0.36000000000000004,0.36645588,0.9488539,0.023017334,0.028128734,GOOD,GOOD,
2025-02-18 10:00:00+00:00,0.36,0.36000000000000004,0.3810411,0.856521,0.032479696,0.11099929,GOOD,GOOD,
2025-02-18 11:00:00+00:00,0.35,0.35000000000000003,0.38966572,0.82016295,0.039233405,0.14060365,GOOD,GOOD,
2025-02-18 12:00:00+00:00,0.345,0.34500000000000003,0.38527033,0.61211234,0.049239483,0.33864817,GOOD,GOOD,
2025-02-18 13:00:00+00:00,0.36,0.36000000000000004,0.37807488,0.9458454,0.021691069,0.03246353,GOOD,GOOD,
2025-02-18 14:00:00+00:00,0.395,0.3950000000000001,0.38414952,0.9490368,0.03187486,0.019088365,GOOD,GOOD,
2025-02-18 15:00:00+00:00,0.4,0.40000000000000013,0.4106759,0.94952756,0.02886946,0.021603,GOOD,GOOD,
2025-02-18 16:00:00+00:00,0.4,0.40000000000000013,0.42768058,0.8196842,0.043254495,0.13706131,GOOD,GOOD,
2025-02-18 17:00:00+00:00,0.375,0.3750000000000001,0.43167385,0.9683591,0.016655881,0.014985026,GOOD,GOOD,
2025-02-18 18:00:00+00:00,0.39,0.3900000000000001,0.41552722,0.966882,0.017970182,0.015147823,GOOD,GOOD,
2025-02-18 19:00:00+00:00,0.38,0.38000000000000006,0.41496205,0.97474986,0.012755658,0.01249447,GOOD,GOOD,
2025-02-18 20:00:00+00:00,0.4,0.40000000000000013,0.41218516,0.9629321,0.02070951,0.01635839,GOOD,GOOD,
2025-02-18 21:00:00+00:00,0.3725,0.37250000000000005,0.42254657,0.9621946,0.019668072,0.018137295,GOOD,GOOD,
2025-02-18 22:00:00+00:00,0.345,0.34500000000000003,0.41223612,0.8817259,0.044261135,0.07401295,GOOD,GOOD,
2025-02-18 23:00:00+00:00,0.34,0.34000000000000014,0.38717386,0.949621,0.01999084,0.030388137,GOOD,GOOD,
2025-02-19 00:00:00+00:00,0.33499999999999996,0.335,0.37205344,0.72516155,0.041549098,0.23328932,GOOD,GOOD,
2025-02-19 01:00:00+00:00,0.37,0.37000000000000005,0.36550367,0.9584275,0.026399225,0.015173304,GOOD,GOOD,
2025-02-19 02:00:00+00:00,0.375,0.3750000000000001,0.38561258,0.9711255,0.01525603,0.013618474,GOOD,GOOD,
2025-02-19 03:00:00+00:00,0.355,0.35500000000000004,0.40171447,0.976362,0.012002183,0.011635823,GOOD,GOOD,
2025-02-19 04:00:00+00:00,0.355,0.35500000000000004,0.3942098,0.94303113,0.014221185,0.042747673,GOOD,GOOD,
2025-02-19 05:00:00+00:00,0.345,0.21758814659453626,0.3867504,0.36049396,0.33729205,0.302214,SUSPECT,GOOD,A_spike
2025-02-19 06:00:00+00:00,0.325,0.32500000000000007,0.302915,0.65556693,0.21547298,0.1289601,GOOD,GOOD,
2025-02-19 07:00:00+00:00,0.325,0.32500000000000007,0.31688577,0.93583626,0.040004503,0.024159227,GOOD,GOOD,
2025-02-19 08:00:00+00:00,0.3,0.30000000000000004,0.3455597,0.9590549,0.022636596,0.01830854,GOOD,GOOD,
2025-02-19 09:00:00+00:00,0.29500000000000004,0.2950000000000001,0.3420651,0.9438095,0.023853766,0.032336697,GOOD,GOOD,
2025-02-19 10:00:00+00:00,0.31,0.31000000000000005,0.3306244,0.9670778,0.01780867,0.015113552,GOOD,GOOD,
2025-02-19 11:00:00+00:00,0.275,0.2750000000000001,0.33427963,0.9412045,0.034850154,0.023945384,GOOD,GOOD,
2025-02-19 12:00:00+00:00,0.265,0.26500000000000007,0.3183421,0.95548445,0.02277333,0.0217422,GOOD,GOOD,
2025-02-19 13:00:00+00:00,0.28,0.28000000000000014,0.30150416,0.96367246,0.01934096,0.016986584,GOOD,GOOD,
2025-02-19 14:00:00+00:00,0.28500000000000003,0.2850000000000001,0.3039066,0.9122566,0.02449767,0.06324576,GOOD,GOOD,
2025-02-19 15:00:00+00:00,0.29000000000000004,0.2900000000000001,0.31196606,0.7743132,0.03432173,0.19136503,GOOD,GOOD,
2025-02-19 16:00:00+00:00,0.29,0.29000000000000004,0.31878993,0.75260925,0.031797666,0.21559307,GOOD,GOOD,
2025-02-19 17:00:00+00:00,0.295,0.29500000000000004,0.32109776,0.815913,0.03700789,0.14707911,GOOD,GOOD,
2025-02-19 18:00:00+00:00,0.3,0.30000000000000004,0.32408044,0.71548456,0.041222565,0.24329288,GOOD,GOOD,
2025-02-19 19:00:00+00:00,0.3,0.30000000000000004,0.32853702,0.68733454,0.038438924,0.27422655,GOOD,GOOD,
2025-02-19 20:00:00+00:00,0.305,0.3050000000000001,0.33060786,0.77730244,0.0367122,0.18598537,GOOD,GOOD,
2025-02-19 21:00:00+00:00,0.31,0.31000000000000005,0.33386856,0.69449985,0.039456625,0.26604348,GOOD,GOOD,
2025-02-19 22:00:00+00:00,0.32,0.32000000000000006,0.33846897,0.88875335,0.028677005,0.08256965,GOOD,GOOD,
2025-02-19 23:00:00+00:00,0.31,0.31000000000000005,0.34652692,0.9419839,0.023018364,0.034997772,GOOD,GOOD,
2025-02-20 00:00:00+00:00,0.31,0.31000000000000005,0.3443901,0.76714045,0.041908573,0.19095099,GOOD,GOOD,
2025-02-20 01:00:00+00:00,0.3,0.30000000000000004,0.3413188,0.884475,0.0346796,0.08084541,GOOD,GOOD,
2025-02-20 02:00:00+00:00,0.26,0.26000000000000006,0.33421445,0.8905785,0.058554433,0.050867047,GOOD,GOOD,
2025-02-20 03:00:00+00:00,0.31,0.31000000000000005,0.30684972,0.9082254,0.058120273,0.033654287,GOOD,GOOD,
2025-02-20 04:00:00+00:00,0.275,0.2750000000000001,0.32131165,0.9278839,0.043597743,0.02851834,GOOD,GOOD,
2025-02-20 05:00:00+00:00,0.28,0.28000000000000014,0.3157958,0.9666555,0.017687446,0.01565704,GOOD,GOOD,
2025-02-20 06:00:00+00:00,0.305,0.3050000000000001,0.31106114,0.97013354,0.01756178,0.012304687,GOOD,GOOD,
2025-02-20 07:00:00+00:00,0.305,0.3050000000000001,0.32480595,0.9672901,0.01454618,0.018163724,GOOD,GOOD,
2025-02-20 08:00:00+00:00,0.29000000000000004,0.2900000000000001,0.3342451,0.96692836,0.015631165,0.01744049,GOOD,GOOD,
2025-02-20 09:00:00+00:00,0.28,0.28000000000000014,0.32763076,0.8822294,0.028982336,0.0887883,GOOD,GOOD,
2025-02-20 10:00:00+00:00,0.3,0.30000000000000004,0.31585106,0.96474975,0.01944402,0.01580623,GOOD,GOOD,
2025-02-20 11:00:00+00:00,0.26,0.26000000000000006,0.32239175,0.89413977,0.06445692,0.04140332,GOOD,GOOD,
2025-02-20 12:00:00+00:00,0.255,0.255,0.3053374,0.93821394,0.03144204,0.03034404,GOOD,GOOD,
2025-02-20 13:00:00+00:00,0.26,0.26000000000000006,0.2899768,0.9493674,0.02109101,0.02954156,GOOD,GOOD,
2025-02-20 14:00:00+00:00,0.27,0.2700000000000001,0.28770238,0.9518364,0.020539647,0.027623946,GOOD,GOOD,
2025-02-20 15:00:00+00:00,0.28,0.28000000000000014,0.29540744,0.84334725,0.035242353,0.12141039,GOOD,GOOD,
2025-02-20 16:00:00+00:00,0.28,0.28000000000000014,0.30619845,0.9413488,0.02150699,0.03714424,GOOD,GOOD,
2025-02-20 17:00:00+00:00,0.3,0.30000000000000004,0.31092748,0.9515054,0.023342587,0.025151972,GOOD,GOOD,
2025-02-20 18:00:00+00:00,0.345,0.34500000000000003,0.3233516,0.9074444,0.05824503,0.03431054,GOOD,GOOD,
2025-02-20 19:00:00+00:00,0.32,0.32000000000000006,0.35722846,0.951743,0.028882084,0.019374892,GOOD,GOOD,
2025-02-20 20:00:00+00:00,0.33999999999999997,0.3400000000000001,0.35981137,0.96340346,0.020630894,0.015965661,GOOD,GOOD,
2025-02-20 21:00:00+00:00,0.33999999999999997,0.3400000000000001,0.36579913,0.9554708,0.017635815,0.026893385,GOOD,GOOD,
2025-02-20 22:00:00+00:00,0.33,0.3300000000000001,0.3697459,0.9394233,0.018444233,0.04213247,GOOD,GOOD,
2025-02-20 23:00:00+00:00,0.32999999999999996,0.33000000000000007,0.36470726,0.87200236,0.024983993,0.10301366,GOOD,GOOD,
2025-02-21 00:00:00+00:00,0.345,0.34500000000000003,0.3609285,0.96797734,0.017505419,0.01451723,GOOD,GOOD,
2025-02-21 01:00:00+00:00,0.33,0.3300000000000001,0.368974,0.96646243,0.017062727,0.01647482,GOOD,GOOD,
2025-02-21 02:00:00+00:00,0.33,0.3300000000000001,0.36540684,0.9111388,0.022564737,0.06629652,GOOD,GOOD,
2025-02-21 03:00:00+00:00,0.33,0.3300000000000001,0.36128974,0.6491947,0.037160628,0.31364465,GOOD,GOOD,
2025-02-21 04:00:00+00:00,0.3,0.30000000000000004,0.35987452,0.93900275,0.03245231,0.02854491,GOOD,GOOD,
2025-02-21 05:00:00+00:00,0.36,0.36000000000000004,0.34190163,0.8595804,0.09338859,0.04703098,GOOD,GOOD,
2025-02-21 06:00:00+00:00,0.35,0.35000000000000003,0.36740807,0.9566271,0.024548737,0.018824207,GOOD,GOOD,
2025-02-21 07:00:00+00:00,0.35,0.35000000000000003,0.3808926,0.89865327,0.022017559,0.07932918,GOOD,GOOD,
2025-02-21 08:00:00+00:00,0.365,0.3650000000000001,0.3824509,0.9723631,0.014928788,0.012708122,GOOD,GOOD,
2025-02-21 09:00:00+00:00,0.395,0.3950000000000001,0.3901347,0.95897543,0.025023505,0.016001077,GOOD,GOOD,
2025-02-21 10:00:00+00:00,0.38,0.38000000000000006,0.41307873,0.9687858,0.017132943,0.014081257,GOOD,GOOD,
2025-02-21 11:00:00+00:00,0.4,0.40000000000000013,0.41557056,0.9605887,0.022578014,0.016833296,GOOD,GOOD,
2025-02-21 12:00:00+00:00,0.38,0.38000000000000006,0.42435852,0.96955264,0.016493121,0.013954262,GOOD,GOOD,
2025-02-21 13:00:00+00:00,0.36,0.36000000000000004,0.41717583,0.87855244,0.033664502,0.08778309,GOOD,GOOD,
2025-02-21 14:00:00+00:00,0.31,0.31000000000000005,0.39892083,0.9134161,0.05451044,0.03207346,GOOD,GOOD,
2025-02-21 15:00:00+00:00,0.305,0.3050000000000001,0.35992804,0.96065766,0.01976911,0.01957321,GOOD,GOOD,
2025-02-21 16:00:00+00:00,0.31,0.31000000000000005,0.33775225,0.9215697,0.024023676,0.05440664,GOOD,GOOD,
2025-02-21 17:00:00+00:00,0.305,0.3050000000000001,0.33584782,0.916808,0.024078168,0.059113815,GOOD,GOOD,
2025-02-21 18:00:00+00:00,0.34,0.34000000000000014,0.33580768,0.960666,0.024851687,0.0144823035,GOOD,GOOD,
2025-02-21 19:00:00+00:00,0.305,0.3050000000000001,0.35658196,0.9563642,0.02561899,0.018016808,GOOD,GOOD,
2025-02-21 20:00:00+00:00,0.33,0.3300000000000001,0.3480992,0.9684344,0.018099666,0.013465962,GOOD,GOOD,
2025-02-21 21:00:00+00:00,0.33,0.3300000000000001,0.35312736,0.9490826,0.016073266,0.034844093,GOOD,GOOD,
2025-02-21 22:00:00+00:00,0.345,0.34500000000000003,0.35882756,0.95983106,0.017614095,0.022554861,GOOD,GOOD,
2025-02-21 23:00:00+00:00,0.36,0.36000000000000004,0.36991534,0.89654595,0.027685251,0.07576879,GOOD,GOOD,
2025-02-22 00:00:00+00:00,0.38,0.38000000000000006,0.3844832,0.9466441,0.023968596,0.029387299,GOOD,GOOD,
2025-02-22 01:00:00+00:00,0.325,0.32500000000000007,0.40291798,0.91922045,0.048256584,0.032522935,GOOD,GOOD,
2025-02-22 02:00:00+00:00,0.33999999999999997,0.3400000000000001,0.37726825,0.96675885,0.01689936,0.016341792,GOOD,GOOD,
2025-02-22 03:00:00+00:00,0.31,0.31000000000000005,0.3674232,0.94379616,0.031009365,0.025194505,GOOD,GOOD,
2025-02-22 04:00:00+00:00,0.36,0.36000000000000004,0.3498613,0.9408457,0.038778767,0.020375475,GOOD,GOOD,
2025-02-22 05:00:00+00:00,0.33,0.3300000000000001,0.37101042,0.9700833,0.017314892,0.012601793,GOOD,GOOD,
2025-02-22 06:00:00+00:00,0.36,0.36000000000000004,0.36929786,0.96675766,0.019403081,0.013839282,GOOD,GOOD,
2025-02-22 07:00:00+00:00,0.405,0.4050000000000001,0.3809956,0.9447641,0.037231646,0.018004276,GOOD,GOOD,
2025-02-22 08:00:00+00:00,0.48,0.48000000000000004,0.41649923,0.88611454,0.08393471,0.02995076,GOOD,GOOD,
2025-02-22 09:00:00+00:00,0.49,0.4900000000000001,0.48141328,0.9385461,0.037508145,0.02394573,GOOD,GOOD,
2025-02-22 10:00:00+00:00,0.46499999999999997,0.465,0.5169133,0.96683574,0.018515594,0.014648658,GOOD,GOOD,
2025-02-22 11:00:00+00:00,0.445,0.44500000000000006,0.50754976,0.90867734,0.032934953,0.05838773,GOOD,GOOD,
2025-02-22 12:00:00+00:00,0.42,0.42000000000000004,0.484054,0.93161607,0.029594136,0.038789768,GOOD,GOOD,
2025-02-22 13:00:00+00:00,0.45999999999999996,0.4600000000000001,0.45826495,0.94804454,0.031154666,0.02080078,GOOD,GOOD,
2025-02-22 14:00:00+00:00,0.44,0.4400000000000001,0.47351232,0.9678939,0.018097136,0.014008984,GOOD,GOOD,
2025-02-22 15:00:00+00:00,0.41000000000000003,0.4100000000000001,0.47438666,0.96841025,0.016854152,0.014735572,GOOD,GOOD,
2025-02-22 16:00:00+00:00,0.42000000000000004,0.4200000000000001,0.45230192,0.9761168,0.012013113,0.011870131,GOOD,GOOD,
2025-02-22 17:00:00+00:00,0.43,0.43000000000000005,0.4461952,0.86757696,0.03157871,0.100844316,GOOD,GOOD,
2025-02-22 18:00:00+00:00,0.38,0.38000000000000006,0.45370433,0.94946915,0.031186882,0.019343955,GOOD,GOOD,
2025-02-22 19:00:00+00:00,0.35,0.35000000000000003,0.4279367,0.94719964,0.02996563,0.022834731,GOOD,GOOD,
2025-02-22 20:00:00+00:00,0.375,0.3750000000000001,0.3932744,0.9691046,0.016863607,0.014031806,GOOD,GOOD,
2025-02-22 21:00:00+00:00,0.36,0.36000000000000004,0.3941607,0.96939206,0.014268327,0.016339613,GOOD,GOOD,
2025-02-22 22:00:00+00:00,0.33999999999999997,0.3400000000000001,0.3927566,0.8945931,0.032819785,0.07258709,GOOD,GOOD,
2025-02-22 23:00:00+00:00,0.345,0.34500000000000003,0.37873966,0.9299204,0.019922009,0.050157595,GOOD,GOOD,
2025-02-23 00:00:00+00:00,0.295,0.29500000000000004,0.37385234,0.8761323,0.07346486,0.050402813,GOOD,GOOD,
2025-02-23 01:00:00+00:00,0.315,0.31500000000000006,0.34418657,0.951357,0.023595924,0.02504705,GOOD,GOOD,
2025-02-23 02:00:00+00:00,0.38,0.38000000000000006,0.33906025,0.9199711,0.05913303,0.020895889,GOOD,GOOD,
2025-02-23 03:00:00+00:00,0.39,0.3900000000000001,0.38209775,0.9653894,0.020490527,0.014120085,GOOD,GOOD,
2025-02-23 04:00:00+00:00,0.41,0.41000000000000003,0.41439846,0.9452216,0.022305382,0.032472998,GOOD,GOOD,
2025-02-23 05:00:00+00:00,0.37,0.37000000000000005,0.4355158,0.9668048,0.017685868,0.015509347,GOOD,GOOD,
2025-02-23 06:00:00+00:00,0.33999999999999997,0.3400000000000001,0.41701716,0.93857634,0.031400517,0.03002315,GOOD,GOOD,
2025-02-23 07:00:00+00:00,0.32999999999999996,0.33000000000000007,0.38431928,0.92677784,0.025249338,0.047972854,GOOD,GOOD,
2025-02-23 08:00:00+00:00,0.315,0.31500000000000006,0.3637915,0.8917266,0.030378478,0.07789488,GOOD,GOOD,
2025-02-23 09:00:00+00:00,0.35,0.35000000000000003,0.34948418,0.9639113,0.022064496,0.0140241785,GOOD,GOOD,
2025-02-23 10:00:00+00:00,0.34,0.34000000000000014,0.36575872,0.97414476,0.013439811,0.012415414,GOOD,GOOD,
2025-02-23 11:00:00+00:00,0.39,0.3900000000000001,0.3721661,0.9525027,0.031916395,0.015580885,GOOD,GOOD,
2025-02-23 12:00:00+00:00,0.335,0.3350000000000001,0.40217847,0.9521807,0.029006436,0.018812876,GOOD,GOOD,
2025-02-23 13:00:00+00:00,0.37,0.37000000000000005,0.3853466,0.9689282,0.018658029,0.012413768,GOOD,GOOD,
2025-02-23 14:00:00+00:00,0.4,0.40000000000000013,0.39007574,0.9482088,0.029025622,0.022765553,GOOD,GOOD,
2025-02-23 15:00:00+00:00,0.35,0.35000000000000003,0.41596386,0.96642077,0.019944469,0.013634782,GOOD,GOOD,
2025-02-23 16:00:00+00:00,0.38,0.38000000000000006,0.3989578,0.9707513,0.016451508,0.012797218,GOOD,GOOD,
2025-02-23 17:00:00+00:00,0.37,0.37000000000000005,0.40167427,0.9709456,0.0120494375,0.01700496,GOOD,GOOD,
2025-02-23 18:00:00+00:00,0.38,0.38000000000000006,0.4016691,0.9406192,0.019752959,0.03962785,GOOD,GOOD,
2025-02-23 19:00:00+00:00,0.42000000000000004,0.4200000000000001,0.40670747,0.9523751,0.030409856,0.017215017,GOOD,GOOD,
2025-02-23 20:00:00+00:00,0.45,0.4500000000000001,0.4343506,0.9428768,0.0346508,0.022472387,GOOD,GOOD,
2025-02-23 21:00:00+00:00,0.45999999999999996,0.4600000000000001,0.46786523,0.9235467,0.033704508,0.042748835,GOOD,GOOD,
2025-02-23 22:00:00+00:00,0.49,0.4900000000000001,0.48712647,0.9535283,0.028533235,0.017938476,GOOD,GOOD,
2025-02-23 23:00:00+00:00,0.48,0.48000000000000004,0.5102745,0.96375835,0.019406704,0.016834967,GOOD,GOOD,
2025-02-24 00:00:00+00:00,0.46499999999999997,0.465,0.5133897,0.9094267,0.027034888,0.06353843,GOOD,GOOD,
2025-02-24 01:00:00+00:00,0.4,0.40000000000000013,0.5012591,0.9315165,0.046023123,0.02246032,GOOD,GOOD,
2025-02-24 02:00:00+00:00,0.425,0.4250000000000001,0.4539758,0.9704466,0.016697802,0.012855617,GOOD,GOOD,
2025-02-24 03:00:00+00:00,0.405,0.4050000000000001,0.44565278,0.975108,0.013363148,0.011528814,GOOD,GOOD,
2025-02-24 04:00:00+00:00,0.425,0.4250000000000001,0.43831265,0.97049844,0.016074648,0.013426929,GOOD,GOOD,
2025-02-24 05:00:00+00:00,0.345,0.34500000000000003,0.44712538,0.8305924,0.11281722,0.056590397,GOOD,GOOD,
2025-02-24 06:00:00+00:00,0.415,0.4150000000000001,0.40445793,0.90330225,0.06516385,0.031533916,GOOD,GOOD,
2025-02-24 07:00:00+00:00,0.41500000000000004,0.41500000000000015,0.42052692,0.9718955,0.015457256,0.012647218,GOOD,GOOD,
2025-02-24 08:00:00+00:00,0.445,0.44500000000000006,0.43967974,0.96649814,0.020893896,0.012607951,GOOD,GOOD,
2025-02-24 09:00:00+00:00,0.44,0.4400000000000001,0.46468526,0.95867914,0.015465874,0.025855001,GOOD,GOOD,
2025-02-24 10:00:00+00:00,0.5,0.5000000000000001,0.47200802,0.9430238,0.039297327,0.017678896,GOOD,GOOD,
2025-02-24 11:00:00+00:00,0.525,0.525,0.5090299,0.9541369,0.02918965,0.016673435,GOOD,GOOD,
2025-02-24 12:00:00+00:00,0.48,0.48000000000000004,0.54460794,0.96717846,0.018114442,0.014707095,GOOD,GOOD,
2025-02-24 13:00:00+00:00,0.42000000000000004,0.4200000000000001,0.5276008,0.9448384,0.036856633,0.01830498,GOOD,GOOD,
2025-02-24 14:00:00+00:00,0.42500000000000004,0.42500000000000016,0.47450316,0.9791705,0.0104435,0.010385993,GOOD,GOOD,
2025-02-24 15:00:00+00:00,0.41500000000000004,0.41500000000000015,0.45259434,0.92534655,0.020330925,0.054322507,GOOD,GOOD,
2025-02-24 16:00:00+00:00,0.42000000000000004,0.4200000000000001,0.44479552,0.9096761,0.021059003,0.0692649,GOOD,GOOD,
2025-02-24 17:00:00+00:00,0.445,0.44500000000000006,0.44684073,0.96872026,0.017900605,0.013379134,GOOD,GOOD,
2025-02-24 18:00:00+00:00,0.415,0.4150000000000001,0.46459982,0.9622694,0.019131985,0.018598596,GOOD,GOOD,
2025-02-24 19:00:00+00:00,0.41000000000000003,0.4100000000000001,0.4552929,0.9288026,0.02133481,0.0498626,GOOD,GOOD,
2025-02-24 20:00:00+00:00,0.44999999999999996,0.45000000000000007,0.44320604,0.96373284,0.023177769,0.013089389,GOOD,GOOD,
2025-02-24 21:00:00+00:00,0.445,0.44500000000000006,0.46365827,0.97035927,0.014339283,0.015301464,GOOD,GOOD,
2025-02-24 22:00:00+00:00,0.48,0.48000000000000004,0.47459406,0.95840836,0.025658011,0.015933655,GOOD,GOOD,
2025-02-24 23:00:00+00:00,0.5,0.5000000000000001,0.4980467,0.944378,0.029306013,0.026315985,GOOD,GOOD,
2025-02-25 00:00:00+00:00,0.54,0.5400000000000001,0.52192986,0.9340899,0.041474875,0.024435233,GOOD,GOOD,
2025-02-25 01:00:00+00:00,0.405,0.4050000000000001,0.5559423,0.7274388,0.17477286,0.09778837,GOOD,GOOD,
2025-02-25 02:00:00+00:00,0.44,0.4400000000000001,0.48452127,0.9695367,0.018771794,0.011691512,GOOD,GOOD,
2025-02-25 03:00:00+00:00,0.475,0.4750000000000001,0.46117726,0.9455365,0.032798294,0.021665238,GOOD,GOOD,
2025-02-25 04:00:00+00:00,0.47,0.47000000000000003,0.48558566,0.96476626,0.015916169,0.019317545,GOOD,GOOD,
2025-02-25 05:00:00+00:00,0.45999999999999996,0.4600000000000001,0.49935713,0.88325214,0.021038517,0.09570934,GOOD,GOOD,
2025-02-25 06:00:00+00:00,0.395,0.3950000000000001,0.49487218,0.90858227,0.058154777,0.033262976,GOOD,GOOD,
2025-02-25 07:00:00+00:00,0.4,0.40000000000000013,0.4496626,0.97183514,0.014296911,0.013867945,GOOD,GOOD,
2025-02-25 08:00:00+00:00,0.43,0.43000000000000005,0.42868486,0.9738215,0.016550807,0.009627701,GOOD,GOOD,
2025-02-25 09:00:00+00:00,0.49,0.4900000000000001,0.44485736,0.9280522,0.053465698,0.01848212,GOOD,GOOD,
2025-02-25 10:00:00+00:00,0.5,0.5000000000000001,0.49525243,0.95886606,0.0229898,0.01814414,GOOD,GOOD,
2025-02-25 11:00:00+00:00,0.46499999999999997,0.465,0.5257633,0.97327113,0.013661025,0.01306786,GOOD,GOOD,
2025-02-25 12:00:00+00:00,0.56,0.5600000000000002,0.5100448,0.8905927,0.07713419,0.032273084,GOOD,GOOD,
2025-02-25 13:00:00+00:00,0.43,0.43000000000000005,0.5569984,0.7742562,0.1408353,0.08490846,GOOD,GOOD,
2025-02-25 14:00:00+00:00,0.45999999999999996,0.4600000000000001,0.5035771,0.9742585,0.015785962,0.009955537,GOOD,GOOD,
2025-02-25 15:00:00+00:00,0.455,0.45500000000000007,0.48385295,0.96208084,0.013036233,0.024882924,GOOD,GOOD,
2025-02-25 16:00:00+00:00,0.49,0.4900000000000001,0.48172703,0.9677728,0.020637697,0.011589529,GOOD,GOOD,
2025-02-25 17:00:00+00:00,0.53,0.53,0.50551885,0.9411895,0.038540006,0.02027047,GOOD,GOOD,
2025-02-25 18:00:00+00:00,0.485,0.4850000000000001,0.5440444,0.9696143,0.01681931,0.0135663515,GOOD,GOOD,
2025-02-25 19:00:00+00:00,0.505,0.505,0.53108937,0.9727017,0.015067395,0.0122308945,GOOD,GOOD,
2025-02-25 20:00:00+00:00,0.49,0.4900000000000001,0.52955914,0.9741242,0.0124349,0.013440911,GOOD,GOOD,
2025-02-25 21:00:00+00:00,0.58,0.58,0.5226806,0.8920512,0.07874528,0.029203495,GOOD,GOOD,
2025-02-25 22:00:00+00:00,0.625,0.625,0.5768626,0.8979762,0.07034394,0.031679813,BAD,GOOD,E_stuck
2025-02-25 23:00:00+00:00,0.54,0.625,0.6366198,0.92038953,0.03904472,0.04056574,BAD,GOOD,E_stuck
2025-02-26 00:00:00+00:00,0.565,0.625,0.6562914,0.7247167,0.041182075,0.2341012,BAD,GOOD,E_stuck
2025-02-26 01:00:00+00:00,0.49,0.625,0.6558747,0.715047,0.044489298,0.24046373,BAD,GOOD,E_stuck
2025-02-26 02:00:00+00:00,0.49,0.625,0.65316015,0.6848587,0.046902955,0.2682384,BAD,GOOD,E_stuck
2025-02-26 03:00:00+00:00,0.41000000000000003,0.625,0.6522695,0.68767655,0.048114337,0.26420912,BAD,GOOD,E_stuck
2025-02-26 04:00:00+00:00,0.435,0.625,0.6522744,0.668771,0.044060092,0.2871689,BAD,GOOD,E_stuck
2025-02-26 05:00:00+00:00,0.44,0.625,0.65228903,0.6269033,0.042075504,0.33102122,BAD,GOOD,E_stuck
2025-02-26 06:00:00+00:00,0.47,0.625,0.65217084,0.5977402,0.04697355,0.3552863,BAD,GOOD,E_stuck
2025-02-26 07:00:00+00:00,0.48,0.625,0.65203196,0.5711709,0.049732104,0.37909696,BAD,GOOD,E_stuck
2025-02-26 08:00:00+00:00,0.435,0.625,0.6519489,0.53515697,0.05238792,0.41245514,BAD,GOOD,E_stuck
2025-02-26 09:00:00+00:00,0.485,0.625,0.6519321,0.515399,0.049693882,0.4349071,BAD,GOOD,E_stuck
2025-02-26 10:00:00+00:00,0.565,0.625,0.6519637,0.49890995,0.047725398,0.45336464,BAD,GOOD,E_stuck
2025-02-26 11:00:00+00:00,0.61,0.625,0.652023,0.4318781,0.047150735,0.5209712,BAD,GOOD,E_stuck
2025-02-26 12:00:00+00:00,0.6699999999999999,0.625,0.65209335,0.41789663,0.04663987,0.5354635,BAD,GOOD,E_stuck
2025-02-26 13:00:00+00:00,0.5700000000000001,0.625,0.6521626,0.40598083,0.049721353,0.5442978,BAD,GOOD,E_stuck
2025-02-26 14:00:00+00:00,0.46,0.625,0.65222275,0.3991868,0.051091492,0.5497217,BAD,GOOD,E_stuck
2025-02-26 15:00:00+00:00,0.405,0.625,0.6522694,0.39338595,0.0524161,0.55419797,BAD,GOOD,E_stuck
2025-02-26 16:00:00+00:00,0.43999999999999995,0.625,0.65230125,0.38767588,0.053128917,0.5591952,BAD,GOOD,E_stuck
2025-02-26 17:00:00+00:00,0.41500000000000004,0.625,0.6523189,0.38184273,0.05337163,0.56478566,BAD,GOOD,E_stuck
2025-02-26 18:00:00+00:00,0.43,0.625,0.65232456,0.37646663,0.055538166,0.5679952,BAD,GOOD,E_stuck
2025-02-26 19:00:00+00:00,0.44999999999999996,0.625,0.652321,0.3707279,0.05707646,0.57219565,BAD,GOOD,E_stuck
2025-02-26 20:00:00+00:00,0.43,0.625,0.65231097,0.36486024,0.058831047,0.5763087,BAD,GOOD,E_stuck
2025-02-26 21:00:00+00:00,0.455,0.625,0.6522971,0.36267114,0.058392543,0.57893634,BAD,GOOD,E_stuck
2025-02-26 22:00:00+00:00,0.535,0.535,0.6522814,0.53856075,0.25566903,0.20577021,GOOD,GOOD,
2025-02-26 23:00:00+00:00,0.54,0.5400000000000001,0.5936808,0.53856075,0.25566903,0.20577021,GOOD,GOOD,
2025-02-27 00:00:00+00:00,0.53,0.53,0.5671727,0.53856075,0.25566903,0.20577021,GOOD,GOOD,
2025-02-27 01:00:00+00:00,0.5549999999999999,0.5549999999999999,0.55796826,0.53856075,0.25566903,0.20577021,GOOD,GOOD,
2025-02-27 02:00:00+00:00,0.475,0.4750000000000001,0.57320845,0.53856075,0.25566903,0.20577021,GOOD,GOOD,
2025-02-27 03:00:00+00:00,0.435,0.4350000000000001,0.5314549,0.53856075,0.25566903,0.20577021,GOOD,GOOD,
2025-02-27 04:00:00+00:00,0.4,0.40000000000000013,0.48108783,0.53856075,0.25566903,0.20577021,GOOD,GOOD,
2025-02-27 05:00:00+00:00,0.44,0.4400000000000001,0.44052303,0.53856075,0.25566903,0.20577021,GOOD,GOOD,
2025-02-27 06:00:00+00:00,0.48,0.48000000000000004,0.45194343,0.53856075,0.25566903,0.20577021,GOOD,GOOD,
2025-02-27 07:00:00+00:00,0.495,0.4950000000000001,0.4911038,0.53856075,0.25566903,0.20577021,GOOD,GOOD,
2025-02-27 08:00:00+00:00,0.5,0.5000000000000001,0.51905864,0.53856075,0.25566903,0.20577021,GOOD,GOOD,
2025-02-27 09:00:00+00:00,0.505,0.505,0.5295951,0.53856075,0.25566903,0.20577021,GOOD,GOOD,
2025-02-27 10:00:00+00:00,0.565,0.5650000000000001,0.5336916,0.53856075,0.25566903,0.20577021,GOOD,GOOD,
2025-02-27 11:00:00+00:00,0.54,0.5400000000000001,0.5730014,0.53856075,0.25566903,0.20577021,GOOD,GOOD,
2025-02-27 12:00:00+00:00,0.56,0.5600000000000002,0.57717717,0.7573355,0.13846174,0.104202755,GOOD,GOOD,
2025-02-27 13:00:00+00:00,0.53,0.53,0.58457196,0.9597585,0.022915272,0.017326238,GOOD,GOOD,
2025-02-27 14:00:00+00:00,0.445,0.44500000000000006,0.56896305,0.8277766,0.11719956,0.055023834,GOOD,GOOD,
2025-02-27 15:00:00+00:00,0.435,0.4350000000000001,0.50553674,0.9433585,0.031965524,0.024675965,GOOD,GOOD,
2025-02-27 16:00:00+00:00,0.42,0.42000000000000004,0.46838957,0.90556264,0.03158559,0.06285177,GOOD,GOOD,
2025-02-27 17:00:00+00:00,0.41500000000000004,0.41500000000000015,0.45097324,0.88299626,0.030534452,0.08646926,GOOD,GOOD,
2025-02-27 18:00:00+00:00,0.46499999999999997,0.465,0.44440404,0.94736457,0.035958808,0.016676607,GOOD,GOOD,
2025-02-27 19:00:00+00:00,0.475,0.4750000000000001,0.47456455,0.9664831,0.017214356,0.016302539,GOOD,GOOD,
2025-02-27 20:00:00+00:00,0.485,0.4850000000000001,0.4988573,0.8352839,0.027519567,0.13719654,GOOD,GOOD,
2025-02-27 21:00:00+00:00,0.48,0.48000000000000004,0.5120929,0.8904291,0.01962272,0.08994818,GOOD,GOOD,
2025-02-27 22:00:00+00:00,0.51,0.51,0.51192635,0.97260165,0.015309537,0.012088811,GOOD,GOOD,
2025-02-27 23:00:00+00:00,0.5700000000000001,0.5700000000000001,0.52880913,0.94135416,0.042818174,0.015827661,GOOD,GOOD,
2025-02-28 00:00:00+00:00,0.565,0.5650000000000001,0.57704663,0.96780384,0.016844139,0.015352048,GOOD,GOOD,
2025-02-28 01:00:00+00:00,0.575,0.575,0.5960006,0.93355745,0.020160368,0.046282157,GOOD,GOOD,
2025-02-28 02:00:00+00:00,0.53,0.53,0.60315615,0.959734,0.02218703,0.018078944,GOOD,GOOD,
2025-02-28 03:00:00+00:00,0.42,0.42000000000000004,0.57497776,0.7701194,0.16736273,0.06251782,GOOD,GOOD,
2025-02-28 04:00:00+00:00,0.385,0.38500000000000006,0.48992825,0.8531983,0.09566247,0.05113921,GOOD,GOOD,
2025-02-28 05:00:00+00:00,0.42,0.42000000000000004,0.42815888,0.96234864,0.023140283,0.014511098,GOOD,GOOD,
2025-02-28 06:00:00+00:00,0.435,0.4350000000000001,0.43157253,0.9455346,0.025743637,0.028721746,GOOD,GOOD,
2025-02-28 07:00:00+00:00,0.5,0.5000000000000001,0.45415226,0.9306039,0.052702352,0.016693749,GOOD,GOOD,
2025-02-28 08:00:00+00:00,0.49,0.4900000000000001,0.50542754,0.97007346,0.014768109,0.015158439,GOOD,GOOD,
2025-02-28 09:00:00+00:00,0.45499999999999996,0.455,0.5228281,0.9695791,0.016015096,0.014405812,GOOD,GOOD,
2025-02-28 10:00:00+00:00,0.46499999999999997,0.465,0.5001657,0.9719117,0.011862886,0.016225364,GOOD,GOOD,
2025-02-28 11:00:00+00:00,0.5,0.5000000000000001,0.4917648,0.97266895,0.017608995,0.009722057,GOOD,GOOD,
2025-02-28 12:00:00+00:00,0.51,0.51,0.514488,0.9473929,0.019225664,0.033381436,GOOD,GOOD,
2025-02-28 13:00:00+00:00,0.525,0.525,0.5346541,0.9145338,0.023149885,0.06231633,GOOD,GOOD,
2025-02-28 14:00:00+00:00,0.565,0.5650000000000001,0.55024654,0.9604403,0.025830284,0.013729412,GOOD,GOOD,
2025-02-28 15:00:00+00:00,0.49,0.4900000000000001,0.58073604,0.94221944,0.03541144,0.022369126,GOOD,GOOD,
2025-02-28 16:00:00+00:00,0.47,0.47000000000000003,0.5458842,0.9655781,0.018608224,0.015813671,GOOD,GOOD,
2025-02-28 17:00:00+00:00,0.435,0.4350000000000001,0.50921357,0.9634716,0.022608755,0.013919677,GOOD,GOOD,
2025-02-28 18:00:00+00:00,0.445,0.44500000000000006,0.47496954,0.9751672,0.013077447,0.011755347,GOOD,GOOD,
2025-02-28 19:00:00+00:00,0.51,0.51,0.46902007,0.93458277,0.04850357,0.016913638,GOOD,GOOD,
2025-02-28 20:00:00+00:00,0.56,0.5600000000000002,0.51295465,0.933191,0.049465746,0.017343247,GOOD,GOOD,
2025-02-28 21:00:00+00:00,0.55,0.55,0.56973404,0.96631795,0.017217362,0.016464686,GOOD,GOOD,
2025-02-28 22:00:00+00:00,0.545,0.545,0.5843268,0.81526816,0.025222043,0.15950981,GOOD,GOOD,
2025-02-28 23:00:00+00:00,0.56,0.5600000000000002,0.578434,0.9600545,0.016833879,0.023111604,GOOD,GOOD,
2025-03-01 00:00:00+00:00,0.565,0.5650000000000001,0.58346677,0.843359,0.031439662,0.12520136,GOOD,GOOD,
2025-03-01 01:00:00+00:00,0.52,0.52,0.59088844,0.9586468,0.022699276,0.018653963,GOOD,GOOD,
2025-03-01 02:00:00+00:00,0.51,0.51,0.56465703,0.94297814,0.017447125,0.039574753,GOOD,GOOD,
2025-03-01 03:00:00+00:00,0.45,0.4500000000000001,0.5432114,0.9106552,0.056274176,0.03307063,GOOD,GOOD,
2025-03-01 04:00:00+00:00,0.44499999999999995,0.445,0.49914333,0.95261365,0.021968147,0.02541822,GOOD,GOOD,
2025-03-01 05:00:00+00:00,0.45,0.4500000000000001,0.47583672,0.8556121,0.034244683,0.11014322,GOOD,GOOD,
2025-03-01 06:00:00+00:00,0.45,0.4500000000000001,0.4745609,0.72869,0.0414529,0.22985704,GOOD,GOOD,
2025-03-01 07:00:00+00:00,0.475,0.4750000000000001,0.47771764,0.9619759,0.02000616,0.018017987,GOOD,GOOD,
2025-03-01 08:00:00+00:00,0.445,0.44500000000000006,0.49486268,0.9435391,0.026069518,0.030391384,GOOD,GOOD,
2025-03-01 09:00:00+00:00,0.505,0.505,0.4849125,0.94538695,0.037880793,0.016732277,GOOD,GOOD,
2025-03-01 10:00:00+00:00,0.44,0.4400000000000001,0.5137086,0.9394876,0.036916904,0.023595503,GOOD,GOOD,
2025-03-01 11:00:00+00:00,0.52,0.52,0.49121463,0.91423464,0.061102293,0.024663078,GOOD,GOOD,
2025-03-01 12:00:00+00:00,0.565,0.5650000000000001,0.52318174,0.9411745,0.043024827,0.015800664,GOOD,GOOD,
2025-03-01 13:00:00+00:00,0.55,0.55,0.57512033,0.9734312,0.013192996,0.013375785,GOOD,GOOD,
2025-03-01 14:00:00+00:00,0.545,0.545,0.58595634,0.81585306,0.02322382,0.16092314,GOOD,GOOD,
2025-03-01 15:00:00+00:00,0.54,0.5400000000000001,0.5787467,0.7302198,0.028199363,0.24158086,GOOD,GOOD,
2025-03-01 16:00:00+00:00,0.45,0.4500000000000001,0.5706778,0.86439633,0.09422293,0.041380715,GOOD,GOOD,
2025-03-01 17:00:00+00:00,0.445,0.44500000000000006,0.51087725,0.94917715,0.02580874,0.025014095,GOOD,GOOD,
2025-03-01 18:00:00+00:00,0.415,0.4150000000000001,0.47715643,0.9623759,0.02136049,0.016263617,GOOD,GOOD,
2025-03-01 19:00:00+00:00,0.5,0.5000000000000001,0.4517642,0.90373987,0.0721202,0.024139956,GOOD,GOOD,
2025-03-01 20:00:00+00:00,0.49,0.4900000000000001,0.49634877,0.9666556,0.017770775,0.015573625,GOOD,GOOD,
2025-03-01 21:00:00+00:00,0.515,0.515,0.5194717,0.9734739,0.014337644,0.01218844,GOOD,GOOD,
2025-03-01 22:00:00+00:00,0.51,0.51,0.5379997,0.94250304,0.016241603,0.041255374,GOOD,GOOD,
2025-03-01 23:00:00+00:00,0.5449999999999999,0.5449999999999999,0.5411321,0.97170985,0.017355211,0.010934925,GOOD,GOOD,
2025-03-02 00:00:00+00:00,0.605,0.605,0.5621171,0.94008833,0.044049423,0.015862271,GOOD,GOOD,
2025-03-02 01:00:00+00:00,0.57,0.57,0.61222035,0.9706322,0.015820011,0.013547778,GOOD,GOOD,
2025-03-02 02:00:00+00:00,0.515,0.515,0.61127424,0.956166,0.026262414,0.017571583,GOOD,GOOD,
2025-03-02 03:00:00+00:00,0.525,0.525,0.5661613,0.9790662,0.010125728,0.010808064,GOOD,GOOD,
2025-03-02 04:00:00+00:00,0.43,0.43000000000000005,0.55024505,0.83005285,0.117816344,0.052130792,GOOD,GOOD,
2025-03-02 05:00:00+00:00,0.42000000000000004,0.4200000000000001,0.49057057,0.94352984,0.030041605,0.02642852,GOOD,GOOD,
2025-03-02 06:00:00+00:00,0.425,0.4250000000000001,0.45425868,0.8890029,0.029452443,0.08154461,GOOD,GOOD,
2025-03-02 07:00:00+00:00,0.42,0.42000000000000004,0.44885087,0.8551709,0.031577334,0.11325176,GOOD,GOOD,
2025-03-02 08:00:00+00:00,0.425,0.4250000000000001,0.448997,0.84643877,0.032644793,0.12091644,GOOD,GOOD,
2025-03-02 09:00:00+00:00,0.41000000000000003,0.4100000000000001,0.45242104,0.94584507,0.020549418,0.033605535,GOOD,GOOD,
2025-03-02 10:00:00+00:00,0.47,0.47000000000000003,0.44495386,0.9416692,0.041238487,0.017092297,GOOD,GOOD,
2025-03-02 11:00:00+00:00,0.44499999999999995,0.445,0.47736704,0.96946764,0.016467532,0.014064839,GOOD,GOOD,
2025-03-02 12:00:00+00:00,0.515,0.515,0.48183873,0.9377048,0.044673275,0.017621946,GOOD,GOOD,
2025-03-02 13:00:00+00:00,0.53,0.53,0.5214633,0.9686613,0.01800681,0.013331899,GOOD,GOOD,
2025-03-02 14:00:00+00:00,0.51,0.51,0.55278754,0.9763452,0.010631491,0.013023307,GOOD,GOOD,
2025-03-02 15:00:00+00:00,0.52,0.52,0.5487422,0.9564921,0.013958032,0.029549835,GOOD,GOOD,
2025-03-02 16:00:00+00:00,0.49,0.4900000000000001,0.5475438,0.9752403,0.012735077,0.012024658,GOOD,GOOD,
2025-03-02 17:00:00+00:00,0.435,0.4350000000000001,0.52922386,0.9360217,0.042367935,0.021610394,GOOD,GOOD,
2025-03-02 18:00:00+00:00,0.44,0.4400000000000001,0.48494053,0.97288024,0.013400565,0.0137192095,GOOD,GOOD,
2025-03-02 19:00:00+00:00,0.45999999999999996,0.4600000000000001,0.46741298,0.96342653,0.018229557,0.01834389,GOOD,GOOD,
2025-03-02 20:00:00+00:00,0.5,0.5000000000000001,0.47884294,0.9636709,0.025422573,0.010906544,GOOD,GOOD,
2025-03-02 21:00:00+00:00,0.515,0.515,0.51308286,0.96087897,0.019142972,0.019978048,GOOD,GOOD,
2025-03-02 22:00:00+00:00,0.49,0.4900000000000001,0.538586,0.9782404,0.010924432,0.010835227,GOOD,GOOD,
2025-03-02 23:00:00+00:00,0.505,0.505,0.52963096,0.97787416,0.011459087,0.010666739,GOOD,GOOD,
2025-03-03 00:00:00+00:00,0.58,0.58,0.5299832,0.92484903,0.05546986,0.01968108,GOOD,GOOD,
2025-03-03 01:00:00+00:00,0.63,0.63,0.5809316,0.9190903,0.05875567,0.022154052,GOOD,GOOD,
2025-03-03 02:00:00+00:00,0.6,0.6,0.6406281,0.9629659,0.020377362,0.016656721,GOOD,GOOD,
2025-03-03 03:00:00+00:00,0.575,0.575,0.6412461,0.92626745,0.025802122,0.047930453,GOOD,GOOD,
2025-03-03 04:00:00+00:00,0.605,0.605,0.614984,0.966523,0.019306142,0.014170867,GOOD,GOOD,
2025-03-03 05:00:00+00:00,0.485,0.4850000000000001,0.62231183,0.79905766,0.13674232,0.0642,GOOD,GOOD,
2025-03-03 06:00:00+00:00,0.425,0.4250000000000001,0.5534828,0.7940187,0.14746009,0.058521233,GOOD,GOOD,
2025-03-03 07:00:00+00:00,0.435,0.4350000000000001,0.4784308,0.9717674,0.015038636,0.013193932,GOOD,GOOD,
2025-03-03 08:00:00+00:00,0.435,0.4350000000000001,0.45717376,0.8111493,0.03416257,0.15468813,GOOD,GOOD,
2025-03-03 09:00:00+00:00,0.47,0.47000000000000003,0.45928356,0.96501505,0.023078643,0.011906307,GOOD,GOOD,
2025-03-03 10:00:00+00:00,0.46499999999999997,0.465,0.48504782,0.9557984,0.016695442,0.0275062,GOOD,GOOD,
2025-03-03 11:00:00+00:00,0.485,0.4850000000000001,0.4953369,0.97208226,0.014653884,0.013263837,GOOD,GOOD,
2025-03-03 12:00:00+00:00,0.42,0.42000000000000004,0.50828886,0.9186801,0.050864868,0.030455029,GOOD,GOOD,
2025-03-03 13:00:00+00:00,0.53,0.53,0.47335896,0.8380208,0.11733035,0.044648856,GOOD,GOOD,
2025-03-03 14:00:00+00:00,0.5700000000000001,0.5700000000000001,0.5208434,0.8976239,0.07373011,0.02864602,GOOD,GOOD,
2025-03-03 15:00:00+00:00,0.53,0.53,0.5807725,0.9727273,0.014119068,0.013153604,GOOD,GOOD,
2025-03-03 16:00:00+00:00,0.505,0.505,0.5761633,0.9459453,0.018144075,0.03591058,GOOD,GOOD,
2025-03-03 17:00:00+00:00,0.44499999999999995,0.445,0.5469403,0.93544096,0.041818522,0.022740534,GOOD,GOOD,
2025-03-03 18:00:00+00:00,0.46,0.46000000000000013,0.4957289,0.9769042,0.012977976,0.010117825,GOOD,GOOD,
2025-03-03 19:00:00+00:00,0.455,0.45500000000000007,0.48304683,0.9030104,0.0252377,0.07175185,GOOD,GOOD,
2025-03-03 20:00:00+00:00,0.495,0.4950000000000001,0.48273447,0.9667357,0.02232758,0.010936682,GOOD,GOOD,
2025-03-03 21:00:00+00:00,0.52,0.52,0.5091429,0.952708,0.025966335,0.021325633,GOOD,GOOD,
2025-03-03 22:00:00+00:00,0.5,0.5000000000000001,0.53925586,0.9784922,0.010585943,0.010921836,GOOD,GOOD,
2025-03-03 23:00:00+00:00,0.5,0.5000000000000001,0.53725654,0.8536528,0.019757222,0.12659,GOOD,GOOD,
2025-03-04 00:00:00+00:00,0.49,0.4900000000000001,0.53068805,0.8776638,0.024263445,0.09807278,GOOD,GOOD,
2025-03-04 01:00:00+00:00,0.545,0.545,0.5219262,0.95303625,0.03294937,0.014014397,GOOD,GOOD,
2025-03-04 02:00:00+00:00,0.605,0.605,0.5536843,0.92022103,0.058198817,0.021580175,GOOD,GOOD,
2025-03-04 03:00:00+00:00,0.6,0.6,0.611445,0.96298915,0.019597491,0.01741335,GOOD,GOOD,
2025-03-04 04:00:00+00:00,0.595,0.595,0.6316187,0.7685701,0.03294227,0.19848761,GOOD,GOOD,
2025-03-04 05:00:00+00:00,0.505,0.505,0.6280835,0.8978272,0.07006808,0.0321047,GOOD,GOOD,
2025-03-04 06:00:00+00:00,0.505,0.505,0.5654384,0.96073264,0.019810298,0.019457081,GOOD,GOOD,
2025-03-04 07:00:00+00:00,0.46,0.46000000000000013,0.5342006,0.9554875,0.028319895,0.016192645,GOOD,GOOD,
2025-03-04 08:00:00+00:00,0.485,0.4850000000000001,0.5011725,0.9684467,0.017750164,0.013803149,GOOD,GOOD,
2025-03-04 09:00:00+00:00,0.535,0.535,0.5039123,0.95377874,0.033533197,0.012688087,GOOD,GOOD,
2025-03-04 10:00:00+00:00,0.54,0.5400000000000001,0.54322666,0.96152174,0.018328726,0.020149522,GOOD,GOOD,
2025-03-04 11:00:00+00:00,0.485,0.4850000000000001,0.566337,0.9553552,0.025953079,0.01869168,GOOD,GOOD,
2025-03-04 12:00:00+00:00,0.5025,0.5025000000000001,0.5356514,0.97755116,0.011661715,0.010787151,GOOD,GOOD,
2025-03-04 13:00:00+00:00,0.52,0.52,0.5267172,0.90012926,0.029340904,0.07052983,GOOD,GOOD,
2025-03-04 14:00:00+00:00,0.565,0.5650000000000001,0.53982365,0.9541451,0.031466216,0.014388682,GOOD,GOOD,
2025-03-04 15:00:00+00:00,0.55,0.55,0.5771136,0.9702384,0.014928704,0.0148328915,GOOD,GOOD,
2025-03-04 16:00:00+00:00,0.585,0.5850000000000001,0.5843061,0.9591949,0.024664247,0.016140847,GOOD,GOOD,
2025-03-04 17:00:00+00:00,0.53,0.53,0.60369825,0.9645086,0.02029164,0.015199771,GOOD,GOOD,
2025-03-04 18:00:00+00:00,0.5,0.5000000000000001,0.57745224,0.9682299,0.017599575,0.014170546,GOOD,GOOD,
2025-03-04 19:00:00+00:00,0.5449999999999999,0.5449999999999999,0.54116154,0.9664301,0.021999693,0.0115702,GOOD,GOOD,
2025-03-04 20:00:00+00:00,0.495,0.4950000000000001,0.5561507,0.9708272,0.01736714,0.011805647,GOOD,GOOD,
2025-03-04 21:00:00+00:00,0.52,0.52,0.5387906,0.9771756,0.0124097,0.010414716,GOOD,GOOD,
2025-03-04 22:00:00+00:00,0.52,0.52,0.54167604,0.8762823,0.020261759,0.103455946,GOOD,GOOD,
2025-03-04 23:00:00+00:00,0.5800000000000001,0.5800000000000001,0.54691744,0.9471689,0.038542815,0.014288327,GOOD,GOOD,
2025-03-05 00:00:00+00:00,0.525,0.525,0.5874592,0.9714207,0.01645105,0.012128233,GOOD,GOOD,
2025-03-05 01:00:00+00:00,0.605,0.605,0.57225376,0.9314881,0.04835255,0.020159332,GOOD,GOOD,
2025-03-05 02:00:00+00:00,0.635,0.6350000000000001,0.60838306,0.94615793,0.035762656,0.018079394,GOOD,GOOD,
2025-03-05 03:00:00+00:00,0.6,0.6,0.6507545,0.9675446,0.017635057,0.014820353,GOOD,GOOD,
2025-03-05 04:00:00+00:00,0.62,0.62,0.6418473,0.9642689,0.019034594,0.016696492,GOOD,GOOD,
2025-03-05 05:00:00+00:00,0.58,0.58,0.643394,0.96264386,0.02078583,0.016570315,GOOD,GOOD,
2025-03-05 06:00:00+00:00,0.55,0.55,0.6203123,0.94097507,0.027473241,0.03155169,GOOD,GOOD,
2025-03-05 07:00:00+00:00,0.47,0.47000000000000003,0.5888301,0.8811439,0.08601861,0.032837495,GOOD,GOOD,
2025-03-05 08:00:00+00:00,0.49,0.4900000000000001,0.525966,0.9702208,0.015808063,0.013971161,GOOD,GOOD,
2025-03-05 09:00:00+00:00,0.51,0.51,0.5108043,0.9187965,0.030161697,0.051041823,GOOD,GOOD,
2025-03-05 10:00:00+00:00,0.52,0.52,0.52708715,0.8717473,0.032938525,0.095314175,GOOD,GOOD,
2025-03-05 11:00:00+00:00,0.495,0.4950000000000001,0.5439949,0.95661587,0.02015953,0.023224624,GOOD,GOOD,
2025-03-05 12:00:00+00:00,0.49,0.4900000000000001,0.5335059,0.80417335,0.03838378,0.15744285,GOOD,GOOD,
2025-03-05 13:00:00+00:00,0.53,0.53,0.5217154,0.97170407,0.018804567,0.009491367,GOOD,GOOD,
2025-03-05 14:00:00+00:00,0.48,0.48000000000000004,0.5433766,0.9679529,0.018065076,0.01398202,GOOD,GOOD,
2025-03-05 15:00:00+00:00,0.51,0.51,0.5255553,0.97445744,0.013964312,0.011578218,GOOD,GOOD,
2025-03-05 16:00:00+00:00,0.515,0.515,0.5304188,0.91006005,0.019263154,0.07067679,GOOD,GOOD,
2025-03-05 17:00:00+00:00,0.485,0.4850000000000001,0.54034877,0.96980584,0.0147158895,0.015478298,GOOD,GOOD,
2025-03-05 18:00:00+00:00,0.48,0.48000000000000004,0.5252743,0.89073646,0.022837173,0.08642634,GOOD,GOOD,
2025-03-05 19:00:00+00:00,0.46499999999999997,0.465,0.5120789,0.90657896,0.027066482,0.06635455,GOOD,GOOD,
2025-03-05 20:00:00+00:00,0.45,0.4500000000000001,0.49870166,0.8521475,0.03757634,0.110276125,GOOD,GOOD,
2025-03-05 21:00:00+00:00,0.49,0.4900000000000001,0.4843267,0.96721816,0.021173438,0.011608415,GOOD,GOOD,
2025-03-05 22:00:00+00:00,0.495,0.4950000000000001,0.5039618,0.9493088,0.01798341,0.032707803,GOOD,GOOD,
2025-03-05 23:00:00+00:00,0.51,0.51,0.5206437,0.9253465,0.020947611,0.053705897,GOOD,GOOD,
2025-03-06 00:00:00+00:00,0.42500000000000004,0.42500000000000016,0.53483635,0.8196256,0.11977656,0.06059782,GOOD,GOOD,
2025-03-06 01:00:00+00:00,0.47,0.47000000000000003,0.48602363,0.9505021,0.02996878,0.019529134,GOOD,GOOD,
2025-03-06 02:00:00+00:00,0.46499999999999997,0.465,0.4849345,0.97083974,0.014379357,0.014780876,GOOD,GOOD,
2025-03-06 03:00:00+00:00,0.51,0.51,0.49170944,0.9607203,0.026776716,0.012502968,GOOD,GOOD,
2025-03-06 04:00:00+00:00,0.47,0.47000000000000003,0.5230591,0.9706287,0.015962237,0.013409078,GOOD,GOOD,
2025-03-06 05:00:00+00:00,0.5,0.5000000000000001,0.5133616,0.96939933,0.016456127,0.01414457,GOOD,GOOD,
2025-03-06 06:00:00+00:00,0.49,0.4900000000000001,0.5207625,0.973292,0.011651548,0.01505645,GOOD,GOOD,
2025-03-06 07:00:00+00:00,0.45499999999999996,0.455,0.52114177,0.9617081,0.021168586,0.017123308,GOOD,GOOD,
2025-03-06 08:00:00+00:00,0.445,0.44500000000000006,0.49759543,0.9590504,0.01765485,0.023294726,GOOD,GOOD,
2025-03-06 09:00:00+00:00,0.455,0.45500000000000007,0.4785615,0.9619827,0.016257748,0.021759521,GOOD,GOOD,
2025-03-06 10:00:00+00:00,0.47,0.47000000000000003,0.47914138,0.9124068,0.02771336,0.059879825,GOOD,GOOD,
2025-03-06 11:00:00+00:00,0.55,0.55,0.49233812,0.9040271,0.06980844,0.026164463,GOOD,GOOD,
2025-03-06 12:00:00+00:00,0.485,0.4850000000000001,0.5500309,0.9584823,0.024499992,0.017017664,GOOD,GOOD,
2025-03-06 13:00:00+00:00,0.45999999999999996,0.4600000000000001,0.536928,0.96337134,0.019203125,0.017425526,GOOD,GOOD,
2025-03-06 14:00:00+00:00,0.495,0.4950000000000001,0.50284857,0.9721699,0.016310787,0.011519365,GOOD,GOOD,
2025-03-06 15:00:00+00:00,0.56,0.5600000000000002,0.51028264,0.9263465,0.05245579,0.021197734,GOOD,GOOD,
2025-03-06 16:00:00+00:00,0.525,0.525,0.56284606,0.9633102,0.020592125,0.016097717,GOOD,GOOD,
2025-03-06 17:00:00+00:00,0.54,0.5400000000000001,0.56612986,0.9634406,0.01929721,0.017262176,GOOD,GOOD,
2025-03-06 18:00:00+00:00,0.56,0.5600000000000002,0.56712574,0.9347068,0.029866131,0.03542708,GOOD,GOOD,
2025-03-06 19:00:00+00:00,0.55,0.55,0.5809722,0.9603275,0.017794263,0.021878239,GOOD,GOOD,
2025-03-06 20:00:00+00:00,0.56,0.5600000000000002,0.5816477,0.94153774,0.023055887,0.035406396,GOOD,GOOD,
2025-03-06 21:00:00+00:00,0.54,0.5400000000000001,0.58578444,0.9656668,0.01725871,0.01707449,GOOD,GOOD,
2025-03-06 22:00:00+00:00,0.495,0.4950000000000001,0.5751167,0.9499159,0.029830227,0.0202539,GOOD,GOOD,
2025-03-06 23:00:00+00:00,0.5,0.5000000000000001,0.53998744,0.9676415,0.014353842,0.018004678,GOOD,GOOD,
2025-03-07 00:00:00+00:00,0.495,0.4950000000000001,0.5266931,0.8056154,0.032024194,0.16236037,GOOD,GOOD,
2025-03-07 01:00:00+00:00,0.53,0.53,0.523119,0.96883816,0.020064553,0.011097307,GOOD,GOOD,
2025-03-07 02:00:00+00:00,0.525,0.525,0.5454238,0.96757877,0.01426136,0.018159848,GOOD,GOOD,
2025-03-07 03:00:00+00:00,0.6,0.6,0.5546215,0.9267798,0.052779928,0.020440282,GOOD,GOOD,
2025-03-07 04:00:00+00:00,0.575,0.575,0.6035184,0.9616823,0.021086711,0.01723095,GOOD,GOOD,
2025-03-07 05:00:00+00:00,0.56,0.5600000000000002,0.6114138,0.91633373,0.02217374,0.06149251,GOOD,GOOD,
2025-03-07 06:00:00+00:00,0.56,0.5600000000000002,0.59655744,0.8428747,0.023080463,0.13404484,GOOD,GOOD,
2025-03-07 07:00:00+00:00,0.5449999999999999,0.5449999999999999,0.58841705,0.9395161,0.018405983,0.042077918,GOOD,GOOD,
2025-03-07 08:00:00+00:00,0.515,0.515,0.57756877,0.96712404,0.017108832,0.015767137,GOOD,GOOD,
2025-03-07 09:00:00+00:00,0.52,0.52,0.55395794,0.968641,0.01297676,0.018382275,GOOD,GOOD,
2025-03-07 10:00:00+00:00,0.54,0.5400000000000001,0.54659915,0.9640596,0.01809237,0.017848013,GOOD,GOOD,
2025-03-07 11:00:00+00:00,0.5,0.5000000000000001,0.55986387,0.9450456,0.030055229,0.024899159,GOOD,GOOD,
2025-03-07 12:00:00+00:00,0.49,0.4900000000000001,0.5422538,0.9462487,0.023678688,0.030072575,GOOD,GOOD,
2025-03-07 13:00:00+00:00,0.545,0.545,0.52374935,0.9511043,0.03455961,0.014336081,GOOD,GOOD,
2025-03-07 14:00:00+00:00,0.515,0.515,0.55264497,0.96928585,0.017000187,0.013713994,GOOD,GOOD,
2025-03-07 15:00:00+00:00,0.47,0.47000000000000003,0.55234057,0.94480133,0.033229124,0.021969544,GOOD,GOOD,
2025-03-07 16:00:00+00:00,0.58,0.58,0.517535,0.8228767,0.12990807,0.047215268,GOOD,GOOD,
2025-03-07 17:00:00+00:00,0.6,0.6,0.56975555,0.93454957,0.044302028,0.0211484,GOOD,GOOD,
2025-03-07 18:00:00+00:00,0.6,0.6,0.61794734,0.91400564,0.02458357,0.061410815,GOOD,GOOD,
2025-03-07 19:00:00+00:00,0.59,0.5900000000000001,0.63173074,0.9154651,0.021096619,0.0634383,GOOD,GOOD,
2025-03-07 20:00:00+00:00,0.66,0.6600000000000001,0.6239895,0.93517584,0.045260414,0.019563748,GOOD,GOOD,
2025-03-07 21:00:00+00:00,0.68,0.6800000000000002,0.66468424,0.95355827,0.03041405,0.016027708,GOOD,GOOD,
2025-03-07 22:00:00+00:00,0.635,0.6350000000000001,0.70013845,0.96228087,0.02150765,0.01621149,GOOD,GOOD,
2025-03-07 23:00:00+00:00,0.49,0.4900000000000001,0.6796367,0.68137884,0.22813,0.09049113,GOOD,GOOD,
2025-03-08 00:00:00+00:00,0.485,0.4850000000000001,0.5700344,0.9085216,0.049904063,0.041574348,GOOD,GOOD,
2025-03-08 01:00:00+00:00,0.495,0.4950000000000001,0.5155364,0.9287418,0.023427939,0.047830246,GOOD,GOOD,
2025-03-08 02:00:00+00:00,0.54,0.5400000000000001,0.5131477,0.95795614,0.030565567,0.011478301,GOOD,GOOD,
2025-03-08 03:00:00+00:00,0.525,0.525,0.5492613,0.9729566,0.014058512,0.0129848635,GOOD,GOOD,
2025-03-08 04:00:00+00:00,0.515,0.515,0.55821896,0.8760282,0.021627434,0.10234438,GOOD,GOOD,
2025-03-08 05:00:00+00:00,0.505,0.505,0.5492699,0.8056739,0.027318524,0.16700757,GOOD,GOOD,
2025-03-08 06:00:00+00:00,0.535,0.535,0.53721905,0.9729881,0.015675217,0.011336676,GOOD,GOOD,
2025-03-08 07:00:00+00:00,0.595,0.595,0.55206025,0.9420033,0.043032065,0.014964599,GOOD,GOOD,
2025-03-08 08:00:00+00:00,0.54,0.5400000000000001,0.60126513,0.9667656,0.018794378,0.0144400215,GOOD,GOOD,
2025-03-08 09:00:00+00:00,0.49,0.4900000000000001,0.5881522,0.9480935,0.030548684,0.021357814,GOOD,GOOD,
2025-03-08 10:00:00+00:00,0.485,0.4850000000000001,0.5402968,0.96491086,0.0121777775,0.022911372,GOOD,GOOD,
2025-03-08 11:00:00+00:00,0.45499999999999996,0.455,0.51533604,0.96899366,0.017230308,0.013776015,GOOD,GOOD,
2025-03-08 12:00:00+00:00,0.395,0.3950000000000001,0.49225777,0.8910251,0.07517419,0.033800703,GOOD,GOOD,
2025-03-08 13:00:00+00:00,0.42,0.42000000000000004,0.4464379,0.9596368,0.02197532,0.018387882,GOOD,GOOD,
2025-03-08 14:00:00+00:00,0.445,0.44500000000000006,0.44025466,0.9287758,0.033283792,0.03794039,GOOD,GOOD,
2025-03-08 15:00:00+00:00,0.48,0.48000000000000004,0.46146944,0.95429176,0.03021399,0.015494235,GOOD,GOOD,
2025-03-08 16:00:00+00:00,0.46499999999999997,0.465,0.4956382,0.971596,0.014227127,0.01417689,GOOD,GOOD,
2025-03-08 17:00:00+00:00,0.45,0.4500000000000001,0.5005253,0.86566854,0.026799478,0.107532,GOOD,GOOD,
2025-03-08 18:00:00+00:00,0.47,0.47000000000000003,0.48718432,0.9744111,0.013465929,0.012123017,GOOD,GOOD,
2025-03-08 19:00:00+00:00,0.47,0.47000000000000003,0.49219584,0.9014515,0.019160593,0.079387866,GOOD,GOOD,
2025-03-08 20:00:00+00:00,0.46499999999999997,0.465,0.49797696,0.79483896,0.025315717,0.17984532,GOOD,GOOD,
2025-03-08 21:00:00+00:00,0.46499999999999997,0.465,0.4966832,0.7133453,0.028272623,0.2583821,GOOD,GOOD,
2025-03-08 22:00:00+00:00,0.435,0.4350000000000001,0.49484897,0.95415795,0.023610698,0.02223133,GOOD,GOOD,
2025-03-08 23:00:00+00:00,0.41,0.41000000000000003,0.47542277,0.92023027,0.036783364,0.04298638,GOOD,GOOD,
2025-03-09 00:00:00+00:00,0.415,0.4150000000000001,0.4494586,0.9599165,0.018495217,0.021588337,GOOD,GOOD,
2025-03-09 01:00:00+00:00,0.42,0.42000000000000004,0.4419431,0.7590667,0.040030915,0.20090237,GOOD,GOOD,
2025-03-09 02:00:00+00:00,0.45499999999999996,0.455,0.4458577,0.9677083,0.020835089,0.011456596,GOOD,GOOD,
2025-03-09 03:00:00+00:00,0.39,0.3900000000000001,0.47084707,0.91163605,0.05454841,0.03381553,GOOD,GOOD,
2025-03-09 04:00:00+00:00,0.405,0.4050000000000001,0.44356757,0.9666931,0.017738534,0.015568345,GOOD,GOOD,
2025-03-09 05:00:00+00:00,0.38,0.38000000000000006,0.4321417,0.96578276,0.018583566,0.015633687,GOOD,GOOD,
2025-03-09 06:00:00+00:00,0.43,0.43000000000000005,0.41681758,0.94365436,0.037253316,0.019092314,GOOD,GOOD,
2025-03-09 07:00:00+00:00,0.38,0.38000000000000006,0.44065127,0.9406403,0.035796657,0.023563085,GOOD,GOOD,
2025-03-09 08:00:00+00:00,0.39,0.3900000000000001,0.42664406,0.9700866,0.015191932,0.014721482,GOOD,GOOD,
2025-03-09 09:00:00+00:00,0.375,0.3750000000000001,0.4191307,0.9716403,0.013921087,0.014438645,GOOD,GOOD,
2025-03-09 10:00:00+00:00,0.365,0.3650000000000001,0.40931395,0.8791221,0.026513796,0.094364144,GOOD,GOOD,
2025-03-09 11:00:00+00:00,0.4,0.40000000000000013,0.39885077,0.9650742,0.0217801,0.013145748,GOOD,GOOD,
2025-03-09 12:00:00+00:00,0.365,0.3650000000000001,0.41615713,0.9624577,0.021278108,0.016264161,GOOD,GOOD,
2025-03-09 13:00:00+00:00,0.38,0.38000000000000006,0.40690324,0.9724571,0.014578753,0.012964148,GOOD,GOOD,
2025-03-09 14:00:00+00:00,0.41,0.41000000000000003,0.40652624,0.9716566,0.017065404,0.011277988,GOOD,GOOD,
2025-03-09 15:00:00+00:00,0.4,0.40000000000000013,0.42727727,0.976724,0.011838296,0.011437672,GOOD,GOOD,
2025-03-09 16:00:00+00:00,0.4,0.40000000000000013,0.43297088,0.82711434,0.022284184,0.15060145,GOOD,GOOD,
2025-03-09 17:00:00+00:00,0.45,0.4500000000000001,0.4316241,0.9506409,0.03313552,0.016223557,GOOD,GOOD,
2025-03-09 18:00:00+00:00,0.365,0.3650000000000001,0.46116388,0.8845173,0.07387848,0.041604202,GOOD,GOOD,
2025-03-09 19:00:00+00:00,0.39,0.3900000000000001,0.42582288,0.9731491,0.015223568,0.011627308,GOOD,GOOD,
2025-03-09 20:00:00+00:00,0.41000000000000003,0.4100000000000001,0.4145736,0.9377865,0.022779662,0.039433826,GOOD,GOOD,
2025-03-09 21:00:00+00:00,0.395,0.3950000000000001,0.42885968,0.9747637,0.011968606,0.013267695,GOOD,GOOD,
2025-03-09 22:00:00+00:00,0.39,0.3900000000000001,0.4294299,0.8387472,0.025378462,0.13587433,GOOD,GOOD,
2025-03-09 23:00:00+00:00,0.38,0.38000000000000006,0.42321193,0.85298526,0.027595786,0.11941892,GOOD,GOOD,
2025-03-10 00:00:00+00:00,0.32999999999999996,0.33000000000000007,0.41372287,0.88895017,0.069128655,0.041921157,GOOD,GOOD,
2025-03-10 01:00:00+00:00,0.315,0.31500000000000006,0.37928095,0.9306505,0.03746129,0.03188821,GOOD,GOOD,
2025-03-10 02:00:00+00:00,0.345,0.34500000000000003,0.35205984,0.9524056,0.026461402,0.02113305,GOOD,GOOD,
2025-03-10 03:00:00+00:00,0.33,0.3300000000000001,0.36142352,0.94966125,0.025198312,0.025140421,GOOD,GOOD,
2025-03-10 04:00:00+00:00,0.32,0.32000000000000006,0.36340615,0.8646638,0.035041247,0.10029497,GOOD,GOOD,
2025-03-10 05:00:00+00:00,0.31,0.31000000000000005,0.3556412,0.8227317,0.039235532,0.13803278,GOOD,GOOD,
2025-03-10 06:00:00+00:00,0.28500000000000003,0.2850000000000001,0.3448316,0.92538404,0.03602256,0.038593367,GOOD,GOOD,
2025-03-10 07:00:00+00:00,0.32,0.32000000000000006,0.32533866,0.9432178,0.029302444,0.027479751,GOOD,GOOD,
2025-03-10 08:00:00+00:00,0.32,0.32000000000000006,0.3366772,0.9423808,0.021088846,0.036530398,GOOD,GOOD,
2025-03-10 09:00:00+00:00,0.32,0.32000000000000006,0.34797716,0.5703971,0.04226724,0.3873357,GOOD,GOOD,
2025-03-10 10:00:00+00:00,0.31,0.31000000000000005,0.3515398,0.85059655,0.036699284,0.112704135,GOOD,GOOD,
2025-03-10 11:00:00+00:00,0.275,0.2750000000000001,0.34537032,0.8950553,0.05220789,0.05273683,GOOD,GOOD,
2025-03-10 12:00:00+00:00,0.315,0.31500000000000006,0.32031482,0.9308671,0.03502832,0.0341046,GOOD,GOOD,
2025-03-10 13:00:00+00:00,0.28500000000000003,0.2850000000000001,0.33038267,0.92220396,0.036858283,0.04093775,GOOD,GOOD,
2025-03-10 14:00:00+00:00,0.28500000000000003,0.2850000000000001,0.32446745,0.86560035,0.04104503,0.09335464,GOOD,GOOD,
2025-03-10 15:00:00+00:00,0.31,0.31000000000000005,0.3176699,0.9386155,0.025426228,0.035958253,GOOD,GOOD,
2025-03-10 16:00:00+00:00,0.305,0.3050000000000001,0.33009312,0.89913905,0.033161443,0.067699514,GOOD,GOOD,
2025-03-10 17:00:00+00:00,0.28500000000000003,0.2850000000000001,0.33614942,0.8889864,0.041153926,0.06985965,GOOD,GOOD,
2025-03-10 18:00:00+00:00,0.28,0.28000000000000014,0.32473245,0.8185044,0.049340617,0.13215499,GOOD,GOOD,
2025-03-10 19:00:00+00:00,0.27,0.2700000000000001,0.31373873,0.8045603,0.05065805,0.14478162,GOOD,GOOD,
2025-03-10 20:00:00+00:00,0.305,0.3050000000000001,0.3039912,0.95895153,0.025136186,0.015912304,GOOD,GOOD,
2025-03-10 21:00:00+00:00,0.3,0.30000000000000004,0.32105628,0.9731862,0.013912628,0.012901168,GOOD,GOOD,
2025-03-10 22:00:00+00:00,0.31,0.31000000000000005,0.33062217,0.94799143,0.01763091,0.034377668,GOOD,GOOD,
2025-03-10 23:00:00+00:00,0.255,0.255,0.33801624,0.86250085,0.08759492,0.049904216,GOOD,GOOD,
2025-03-11 00:00:00+00:00,0.26,0.26000000000000006,0.30810705,0.9445204,0.03044905,0.025030533,GOOD,GOOD,
2025-03-11 01:00:00+00:00,0.22,0.22,0.2912694,0.8839709,0.06991323,0.046115827,GOOD,GOOD,
2025-03-11 02:00:00+00:00,0.25,0.25,0.26489156,0.9388962,0.03583434,0.025269464,GOOD,GOOD,
2025-03-11 03:00:00+00:00,0.28,0.28000000000000014,0.26900962,0.9238037,0.040692087,0.035504196,GOOD,GOOD,
2025-03-11 04:00:00+00:00,0.26,0.26000000000000006,0.29536217,0.96361536,0.020245036,0.016139628,GOOD,GOOD,
2025-03-11 05:00:00+00:00,0.255,0.255,0.29815412,0.9104858,0.022477923,0.067036256,GOOD,GOOD,
2025-03-11 06:00:00+00:00,0.245,0.24500000000000002,0.29060534,0.87039137,0.029228888,0.10037976,GOOD,GOOD,
2025-03-11 07:00:00+00:00,0.22499999999999998,0.22499999999999998,0.28021362,0.94801295,0.024687044,0.027299978,GOOD,GOOD,
2025-03-11 08:00:00+00:00,0.24,0.24,0.2639981,0.96677095,0.018240072,0.014988954,GOOD,GOOD,
2025-03-11 09:00:00+00:00,0.275,0.2750000000000001,0.26486406,0.9607161,0.02485258,0.014431317,GOOD,GOOD,
2025-03-11 10:00:00+00:00,0.26,0.26000000000000006,0.289726,0.9698348,0.016319174,0.0138460165,GOOD,GOOD,
2025-03-11 11:00:00+00:00,0.215,0.215,0.2957275,0.9314923,0.041828524,0.026679154,GOOD,GOOD,
2025-03-11 12:00:00+00:00,0.22,0.22,0.26701745,0.9622599,0.019589107,0.018150976,GOOD,GOOD,
2025-03-11 13:00:00+00:00,0.2,0.2,0.2512253,0.9586695,0.023879759,0.017450748,GOOD,GOOD,
2025-03-11 14:00:00+00:00,0.22,0.22,0.23697315,0.9602311,0.023221342,0.016547536,GOOD,GOOD,
2025-03-11 15:00:00+00:00,0.245,0.24500000000000002,0.2424587,0.9443659,0.028803147,0.02683091,GOOD,GOOD,
2025-03-11 16:00:00+00:00,0.245,0.24500000000000002,0.2636847,0.94091034,0.020513413,0.038576216,GOOD,GOOD,
2025-03-11 17:00:00+00:00,0.275,0.2750000000000001,0.27530697,0.9636879,0.021952182,0.014359898,GOOD,GOOD,
2025-03-11 18:00:00+00:00,0.265,0.26500000000000007,0.2951307,0.97260916,0.014432599,0.012958259,GOOD,GOOD,
2025-03-11 19:00:00+00:00,0.24,0.24,0.29943308,0.9580566,0.021451019,0.020492371,GOOD,GOOD,
2025-03-11 20:00:00+00:00,0.27,0.2700000000000001,0.28289014,0.96494526,0.020796597,0.01425815,GOOD,GOOD,
2025-03-11 21:00:00+00:00,0.29000000000000004,0.2900000000000001,0.28977883,0.9440844,0.02820291,0.027712703,GOOD,GOOD,
2025-03-11 22:00:00+00:00,0.30000000000000004,0.3000000000000001,0.31016964,0.9165327,0.03176182,0.05170546,GOOD,GOOD,
2025-03-11 23:00:00+00:00,0.265,0.26500000000000007,0.32650602,0.9672928,0.018599186,0.014108046,GOOD,GOOD,
2025-03-12 00:00:00+00:00,0.25,0.25,0.3109525,0.9505681,0.019954119,0.029477809,GOOD,GOOD,
2025-03-12 01:00:00+00:00,0.265,0.26500000000000007,0.28927127,0.97489375,0.014308402,0.010797836,GOOD,GOOD,
2025-03-12 02:00:00+00:00,0.22,0.22,0.288883,0.9213283,0.049993057,0.028678613,GOOD,GOOD,
2025-03-12 03:00:00+00:00,0.24,0.24,0.26711124,0.9622987,0.021408798,0.0162925,GOOD,GOOD,
2025-03-12 04:00:00+00:00,0.245,0.24500000000000002,0.26451305,0.9245087,0.022124391,0.053366896,GOOD,GOOD,
2025-03-12 05:00:00+00:00,0.26,0.26000000000000006,0.2712339,0.9492333,0.021898706,0.02886803,GOOD,GOOD,
2025-03-12 06:00:00+00:00,0.275,0.2750000000000001,0.2842286,0.9009155,0.031086061,0.06799845,GOOD,GOOD,
2025-03-12 07:00:00+00:00,0.25,0.25,0.29950973,0.94706106,0.026643753,0.026295174,GOOD,GOOD,
2025-03-12 08:00:00+00:00,0.27,0.2700000000000001,0.29131702,0.9566397,0.022403266,0.020957004,GOOD,GOOD,
2025-03-12 09:00:00+00:00,0.3,0.30000000000000004,0.2946812,0.9540905,0.027700493,0.018209033,GOOD,GOOD,
2025-03-12 10:00:00+00:00,0.28,0.28000000000000014,0.31711718,0.9692684,0.017004808,0.013726828,GOOD,GOOD,
2025-03-12 11:00:00+00:00,0.26,0.26000000000000006,0.31799084,0.8684004,0.031612836,0.09998677,GOOD,GOOD,
2025-03-12 12:00:00+00:00,0.29000000000000004,0.2900000000000001,0.30136734,0.95893157,0.024555502,0.016512947,GOOD,GOOD,
2025-03-12 13:00:00+00:00,0.3,0.30000000000000004,0.3093182,0.9590477,0.020459022,0.020493321,GOOD,GOOD,
2025-03-12 14:00:00+00:00,0.235,0.235,0.32425556,0.87404627,0.08285346,0.04310028,GOOD,GOOD,
2025-03-12 15:00:00+00:00,0.28,0.28000000000000014,0.29252115,0.9351973,0.041120593,0.023682091,GOOD,GOOD,
2025-03-12 16:00:00+00:00,0.325,0.32500000000000007,0.29603404,0.90289766,0.06306227,0.034040093,GOOD,GOOD,
2025-03-12 17:00:00+00:00,0.37,0.37000000000000005,0.3333098,0.8744101,0.080535285,0.045054637,GOOD,GOOD,
2025-03-12 18:00:00+00:00,0.33999999999999997,0.3400000000000001,0.38162652,0.94267386,0.033364836,0.023961274,GOOD,GOOD,
2025-03-12 19:00:00+00:00,0.265,0.26500000000000007,0.38346484,0.87987924,0.08148513,0.038635608,GOOD,GOOD,
2025-03-12 20:00:00+00:00,0.255,0.255,0.32961696,0.95513755,0.02432089,0.020541552,GOOD,GOOD,
2025-03-12 21:00:00+00:00,0.235,0.235,0.2923281,0.93950176,0.027323036,0.033175178,GOOD,GOOD,
2025-03-12 22:00:00+00:00,0.265,0.26500000000000007,0.27040243,0.96654516,0.02010278,0.013352047,GOOD,GOOD,
2025-03-12 23:00:00+00:00,0.275,0.2750000000000001,0.28171274,0.9414162,0.02314873,0.03543504,GOOD,GOOD,
2025-03-13 00:00:00+00:00,0.255,0.255,0.29899016,0.96534616,0.017159019,0.017494824,GOOD,GOOD,
2025-03-13 01:00:00+00:00,0.27,0.2700000000000001,0.29444453,0.9696851,0.015579599,0.01473533,GOOD,GOOD,
2025-03-13 02:00:00+00:00,0.28,0.28000000000000014,0.2965957,0.8776547,0.033461057,0.088884294,GOOD,GOOD,
2025-03-13 03:00:00+00:00,0.28500000000000003,0.2850000000000001,0.30555394,0.8130378,0.03911929,0.14784288,GOOD,GOOD,
2025-03-13 04:00:00+00:00,0.29,0.29000000000000004,0.31344306,0.73773324,0.040603425,0.22166333,GOOD,GOOD,
2025-03-13 05:00:00+00:00,0.29000000000000004,0.2900000000000001,0.3191969,0.7046275,0.036425963,0.2589465,GOOD,GOOD,
2025-03-13 06:00:00+00:00,0.3,0.30000000000000004,0.32111174,0.93769264,0.021472532,0.040834803,GOOD,GOOD,
2025-03-13 07:00:00+00:00,0.275,0.2750000000000001,0.3270919,0.9289675,0.03439815,0.036634397,GOOD,GOOD,
2025-03-13 08:00:00+00:00,0.265,0.26500000000000007,0.31558365,0.9031728,0.037220426,0.059606783,GOOD,GOOD,
2025-03-13 09:00:00+00:00,0.25,0.25,0.30122745,0.88229555,0.043898884,0.07380554,GOOD,GOOD,
2025-03-13 10:00:00+00:00,0.28,0.28000000000000014,0.28646943,0.9359823,0.032023877,0.03199386,GOOD,GOOD,
2025-03-13 11:00:00+00:00,0.29000000000000004,0.2900000000000001,0.29807466,0.94765127,0.022404984,0.02994376,GOOD,GOOD,
2025-03-13 12:00:00+00:00,0.305,0.3050000000000001,0.31441382,0.9406323,0.023283783,0.036083948,GOOD,GOOD,
2025-03-13 13:00:00+00:00,0.315,0.31500000000000006,0.33011782,0.9319401,0.0236107,0.044449244,GOOD,GOOD,
2025-03-13 14:00:00+00:00,0.30000000000000004,0.3000000000000001,0.34212357,0.9192943,0.032785624,0.047920056,GOOD,GOOD,
2025-03-13 15:00:00+00:00,0.3,0.30000000000000004,0.3371798,0.8856822,0.03944849,0.07486931,GOOD,GOOD,
2025-03-13 16:00:00+00:00,0.315,0.31500000000000006,0.33181474,0.9429855,0.022562668,0.03445183,GOOD,GOOD,
2025-03-13 17:00:00+00:00,0.335,0.3350000000000001,0.3390608,0.9457442,0.02145275,0.032803044,GOOD,GOOD,
2025-03-13 18:00:00+00:00,0.33999999999999997,0.3400000000000001,0.35662553,0.9267241,0.025714938,0.047561016,GOOD,GOOD,
2025-03-13 19:00:00+00:00,0.28,0.28000000000000014,0.3683383,0.7625408,0.13567631,0.1017829,GOOD,GOOD,
2025-03-13 20:00:00+00:00,0.27,0.2700000000000001,0.33544746,0.7025732,0.11909734,0.17832945,GOOD,GOOD,
2025-03-13 21:00:00+00:00,0.25,0.25,0.30752882,0.82707053,0.06798785,0.104941614,GOOD,GOOD,
2025-03-13 22:00:00+00:00,0.28,0.28000000000000014,0.2867423,0.91742396,0.037277643,0.04529837,GOOD,GOOD,
2025-03-13 23:00:00+00:00,0.31999999999999995,0.32,0.2972546,0.93352735,0.044602722,0.02186992,GOOD,GOOD,
2025-03-14 00:00:00+00:00,0.31,0.31000000000000005,0.331901,0.9590693,0.022677062,0.018253611,GOOD,GOOD,
2025-03-14 01:00:00+00:00,0.275,0.2750000000000001,0.3439694,0.9608332,0.021990255,0.017176526,GOOD,GOOD,
2025-03-14 02:00:00+00:00,0.3,0.30000000000000004,0.32249364,0.9557038,0.026766844,0.017529385,GOOD,GOOD,
2025-03-14 03:00:00+00:00,0.245,0.24500000000000002,0.3224586,0.8733795,0.08198595,0.044634517,GOOD,GOOD,
2025-03-14 04:00:00+00:00,0.265,0.26500000000000007,0.2954585,0.9481444,0.03096251,0.020893091,GOOD,GOOD,
2025-03-14 05:00:00+00:00,0.26,0.26000000000000006,0.2899196,0.9668183,0.016459836,0.016721869,GOOD,GOOD,
2025-03-14 06:00:00+00:00,0.27,0.2700000000000001,0.29012772,0.9596232,0.016719135,0.023657652,GOOD,GOOD,
2025-03-14 07:00:00+00:00,0.24,0.24,0.29664582,0.94023603,0.03279476,0.026969237,GOOD,GOOD,
2025-03-14 08:00:00+00:00,0.245,0.24500000000000002,0.28284597,0.95587033,0.020649739,0.023479931,GOOD,GOOD,
2025-03-14 09:00:00+00:00,0.235,0.235,0.2755595,0.9400116,0.025777735,0.034210615,GOOD,GOOD,
2025-03-14 10:00:00+00:00,0.25,0.25,0.26876727,0.95841205,0.021396223,0.020191757,GOOD,GOOD,
2025-03-14 11:00:00+00:00,0.26,0.26000000000000006,0.27462766,0.88233936,0.03144744,0.086213216,GOOD,GOOD,
2025-03-14 12:00:00+00:00,0.26,0.26000000000000006,0.28567734,0.7981894,0.034051087,0.16775952,GOOD,GOOD,
2025-03-14 13:00:00+00:00,0.24,0.24,0.29092583,0.93031085,0.03243842,0.037250727,GOOD,GOOD,
2025-03-14 14:00:00+00:00,0.26,0.26000000000000006,0.27991992,0.94681007,0.02472823,0.028461704,GOOD,GOOD,
2025-03-14 15:00:00+00:00,0.20500000000000002,0.20500000000000002,0.28381836,0.8395817,0.099401474,0.06101683,GOOD,GOOD,
2025-03-14 16:00:00+00:00,0.265,0.26500000000000007,0.2570537,0.90004635,0.06504981,0.03490383,GOOD,GOOD,
2025-03-14 17:00:00+00:00,0.27,0.2700000000000001,0.2738193,0.9691847,0.01709037,0.013724935,GOOD,GOOD,
2025-03-14 18:00:00+00:00,0.28500000000000003,0.2850000000000001,0.29427865,0.93543535,0.02540638,0.03915829,GOOD,GOOD,
2025-03-14 19:00:00+00:00,0.275,0.2750000000000001,0.31084353,0.9556207,0.01718322,0.027196066,GOOD,GOOD,
2025-03-14 20:00:00+00:00,0.305,0.3050000000000001,0.31066945,0.9511957,0.02911953,0.019684725,GOOD,GOOD,
2025-03-14 21:00:00+00:00,0.28500000000000003,0.2850000000000001,0.3250029,0.96807283,0.017316222,0.014610925,GOOD,GOOD,
2025-03-14 22:00:00+00:00,0.28500000000000003,0.2850000000000001,0.32242996,0.8759577,0.02585136,0.09819089,GOOD,GOOD,
2025-03-14 23:00:00+00:00,0.28500000000000003,0.2850000000000001,0.31739038,0.6633123,0.034253962,0.3024337,GOOD,GOOD,
2025-03-15 00:00:00+00:00,0.32,0.32000000000000006,0.31534183,0.9502644,0.030149953,0.019585637,GOOD,GOOD,
2025-03-15 01:00:00+00:00,0.28,0.28000000000000014,0.3360994,0.96504265,0.021028962,0.013928387,GOOD,GOOD,
2025-03-15 02:00:00+00:00,0.3,0.30000000000000004,0.32519555,0.9702291,0.01687399,0.012896911,GOOD,GOOD,
2025-03-15 03:00:00+00:00,0.245,0.24500000000000002,0.32543382,0.9320528,0.04385873,0.024088454,GOOD,GOOD,
2025-03-15 04:00:00+00:00,0.245,0.24500000000000002,0.29626644,0.9655459,0.016039494,0.018414635,GOOD,GOOD,
2025-03-15 05:00:00+00:00,0.25,0.25,0.2779223,0.8357804,0.030372633,0.13384698,GOOD,GOOD,
2025-03-15 06:00:00+00:00,0.265,0.26500000000000007,0.27651516,0.9420983,0.022442965,0.0354587,GOOD,GOOD,
2025-03-15 07:00:00+00:00,0.245,0.24500000000000002,0.288082,0.9635088,0.018788628,0.017702568,GOOD,GOOD,
2025-03-15 08:00:00+00:00,0.235,0.235,0.2833589,0.8772817,0.03219359,0.0905247,GOOD,GOOD,
2025-03-15 09:00:00+00:00,0.245,0.24500000000000002,0.27168626,0.95322204,0.02010055,0.026677435,GOOD,GOOD,
2025-03-15 10:00:00+00:00,0.235,0.235,0.2717601,0.9454686,0.023172935,0.03135846,GOOD,GOOD,
2025-03-15 11:00:00+00:00,0.235,0.235,0.26875407,0.7892374,0.037937492,0.17282516,GOOD,GOOD,
2025-03-15 12:00:00+00:00,0.265,0.26500000000000007,0.2664792,0.95559734,0.023934042,0.02046859,GOOD,GOOD,
2025-03-15 13:00:00+00:00,0.26,0.26000000000000006,0.2834038,0.95101476,0.02096209,0.028023127,GOOD,GOOD,
2025-03-15 14:00:00+00:00,0.29500000000000004,0.2950000000000001,0.2915916,0.9568002,0.0266461,0.016553663,GOOD,GOOD,
2025-03-15 15:00:00+00:00,0.22999999999999998,0.23,0.31313604,0.9061511,0.05992109,0.033927787,GOOD,GOOD,
2025-03-15 16:00:00+00:00,0.26,0.26000000000000006,0.28664672,0.96219146,0.022817396,0.014991167,GOOD,GOOD,
2025-03-15 17:00:00+00:00,0.27,0.2700000000000001,0.28278452,0.9574884,0.018465223,0.024046341,GOOD,GOOD,
2025-03-15 18:00:00+00:00,0.27,0.2700000000000001,0.29345798,0.84207594,0.02608442,0.13183962,GOOD,GOOD,
2025-03-15 19:00:00+00:00,0.275,0.2750000000000001,0.30019277,0.84511966,0.027831508,0.12704882,GOOD,GOOD,
2025-03-15 20:00:00+00:00,0.325,0.32500000000000007,0.3045633,0.9216503,0.050943267,0.027406443,GOOD,GOOD,
2025-03-15 21:00:00+00:00,0.29,0.29000000000000004,0.33576414,0.95845205,0.025022276,0.016525658,GOOD,GOOD,
2025-03-15 22:00:00+00:00,0.27,0.2700000000000001,0.33304653,0.9534194,0.020452708,0.02612792,GOOD,GOOD,
2025-03-15 23:00:00+00:00,0.275,0.2750000000000001,0.31219894,0.9629355,0.014619279,0.022445204,GOOD,GOOD,
2025-03-16 00:00:00+00:00,0.295,0.29500000000000004,0.30396822,0.9698097,0.017012274,0.013178037,GOOD,GOOD,
2025-03-16 01:00:00+00:00,0.29000000000000004,0.2900000000000001,0.31570196,0.9595004,0.016951647,0.023548,GOOD,GOOD,
2025-03-16 02:00:00+00:00,0.28500000000000003,0.2850000000000001,0.3213117,0.7605215,0.031375352,0.2081032,GOOD,GOOD,
2025-03-16 03:00:00+00:00,0.265,0.26500000000000007,0.31868282,0.95706743,0.020181382,0.022751192,GOOD,GOOD,
2025-03-16 04:00:00+00:00,0.24,0.24,0.30424657,0.9192554,0.03839774,0.042346913,GOOD,GOOD,
2025-03-16 05:00:00+00:00,0.25,0.25,0.28148472,0.9613046,0.019736173,0.018959226,GOOD,GOOD,
2025-03-16 06:00:00+00:00,0.26,0.26000000000000006,0.2765984,0.8177371,0.039137702,0.14312522,GOOD,GOOD,
2025-03-16 07:00:00+00:00,0.245,0.24500000000000002,0.284592,0.94986194,0.024099631,0.026038425,GOOD,GOOD,
2025-03-16 08:00:00+00:00,0.22999999999999998,0.23,0.281297,0.7876805,0.05161724,0.16070229,GOOD,GOOD,
2025-03-16 09:00:00+00:00,0.235,0.235,0.26835918,0.94736767,0.022247402,0.030384919,GOOD,GOOD,
2025-03-16 10:00:00+00:00,0.22499999999999998,0.22499999999999998,0.26422185,0.9394851,0.02674834,0.033766612,GOOD,GOOD,
2025-03-16 11:00:00+00:00,0.29000000000000004,0.2900000000000001,0.25893044,0.8576073,0.097063,0.045329712,GOOD,GOOD,
2025-03-16 12:00:00+00:00,0.32,0.32000000000000006,0.29438424,0.9280984,0.047425047,0.024476597,GOOD,GOOD,
2025-03-16 13:00:00+00:00,0.28500000000000003,0.2850000000000001,0.33586034,0.96032685,0.023358515,0.016314657,GOOD,GOOD,
2025-03-16 14:00:00+00:00,0.265,0.26500000000000007,0.33144245,0.95672977,0.019341884,0.023928316,GOOD,GOOD,
2025-03-16 15:00:00+00:00,0.305,0.3050000000000001,0.30807644,0.9416043,0.035382967,0.02301271,GOOD,GOOD,
2025-03-16 16:00:00+00:00,0.30000000000000004,0.3000000000000001,0.31975585,0.9673583,0.01794519,0.01469651,GOOD,GOOD,
2025-03-16 17:00:00+00:00,0.39,0.3900000000000001,0.3294708,0.74399453,0.17054264,0.085462816,GOOD,GOOD,
2025-03-16 18:00:00+00:00,0.375,0.3750000000000001,0.38633043,0.88373065,0.06698032,0.049289044,GOOD,GOOD,
2025-03-16 19:00:00+00:00,0.42,0.42000000000000004,0.4091697,0.8817649,0.07189236,0.046342745,GOOD,GOOD,
2025-03-16 20:00:00+00:00,0.37,0.37000000000000005,0.43735725,0.9236564,0.04834683,0.027996788,GOOD,GOOD,
2025-03-16 21:00:00+00:00,0.32,0.32000000000000006,0.41912693,0.92916644,0.046759587,0.024073947,GOOD,GOOD,
2025-03-16 22:00:00+00:00,0.235,0.235,0.37271753,0.78936404,0.15015125,0.060484715,GOOD,GOOD,
2025-03-16 23:00:00+00:00,0.24,0.24,0.299903,0.9595107,0.022938024,0.017551307,GOOD,GOOD,
2025-03-17 00:00:00+00:00,0.235,0.235,0.2687002,0.9038211,0.025196696,0.070982225,GOOD,GOOD,
2025-03-17 01:00:00+00:00,0.265,0.26500000000000007,0.2623978,0.9603292,0.024988165,0.014682644,GOOD,GOOD,
2025-03-17 02:00:00+00:00,0.255,0.255,0.2814399,0.97184294,0.015203179,0.012953874,GOOD,GOOD,
2025-03-17 03:00:00+00:00,0.275,0.2750000000000001,0.28816438,0.9716469,0.016505955,0.011847129,GOOD,GOOD,
2025-03-17 04:00:00+00:00,0.22999999999999998,0.23,0.2992631,0.9458747,0.03340543,0.020719865,GOOD,GOOD,
2025-03-17 05:00:00+00:00,0.255,0.255,0.27883598,0.9680626,0.018290017,0.013647404,GOOD,GOOD,
2025-03-17 06:00:00+00:00,0.27,0.2700000000000001,0.27823168,0.9324711,0.024322389,0.043206535,GOOD,GOOD,
2025-03-17 07:00:00+00:00,0.25,0.25,0.29220062,0.96705747,0.015313797,0.017628767,GOOD,GOOD,
2025-03-17 08:00:00+00:00,0.23,0.23000000000000004,0.28868964,0.8374083,0.040875223,0.12171644,GOOD,GOOD,
2025-03-17 09:00:00+00:00,0.225,0.225,0.27134645,0.85504484,0.030076839,0.11487829,GOOD,GOOD,
2025-03-17 10:00:00+00:00,0.15,0.15,0.25883728,0.6940127,0.21440604,0.091581255,GOOD,GOOD,
2025-03-17 11:00:00+00:00,0.245,0.24500000000000002,0.21199448,0.7875401,0.1448831,0.067576855,GOOD,GOOD,
2025-03-17 12:00:00+00:00,0.26,0.26000000000000006,0.23897828,0.9414193,0.038227994,0.020352729,GOOD,GOOD,
2025-03-17 13:00:00+00:00,0.26,0.26000000000000006,0.27707162,0.82878566,0.029498467,0.1417159,GOOD,GOOD,
2025-03-17 14:00:00+00:00,0.31,0.31000000000000005,0.2925799,0.9323236,0.04465201,0.023024421,GOOD,GOOD,
2025-03-17 15:00:00+00:00,0.29500000000000004,0.2950000000000001,0.32333818,0.9701901,0.016117409,0.013692493,GOOD,GOOD,
2025-03-17 16:00:00+00:00,0.28,0.28000000000000014,0.33077884,0.8372389,0.033953585,0.12880747,GOOD,GOOD,
2025-03-17 17:00:00+00:00,0.265,0.26500000000000007,0.31941792,0.8105899,0.036648713,0.15276137,GOOD,GOOD,
2025-03-17 18:00:00+00:00,0.265,0.26500000000000007,0.30273867,0.8354547,0.024692325,0.13985297,GOOD,GOOD,
2025-03-17 19:00:00+00:00,0.315,0.31500000000000006,0.29538387,0.9279908,0.04574636,0.026262823,GOOD,GOOD,
2025-03-17 20:00:00+00:00,0.325,0.32500000000000007,0.3242276,0.95147926,0.027972054,0.020548716,GOOD,GOOD,
2025-03-17 21:00:00+00:00,0.3,0.30000000000000004,0.34925172,0.97042847,0.016620157,0.012951375,GOOD,GOOD,
2025-03-17 22:00:00+00:00,0.28500000000000003,0.2850000000000001,0.3421968,0.91496116,0.027812814,0.057226002,GOOD,GOOD,
2025-03-17 23:00:00+00:00,0.275,0.2750000000000001,0.32395703,0.8476712,0.032149844,0.12017896,GOOD,GOOD,
2025-03-18 00:00:00+00:00,0.33,0.3300000000000001,0.30933285,0.9011846,0.06304244,0.035772946,BAD,GOOD,E_stuck
2025-03-18 01:00:00+00:00,0.335,0.3300000000000001,0.3373362,0.95181036,0.027423391,0.020766245,BAD,GOOD,E_stuck
2025-03-18 02:00:00+00:00,0.315,0.3300000000000001,0.35747132,0.7471237,0.04044083,0.21243548,BAD,GOOD,E_stuck
2025-03-18 03:00:00+00:00,0.325,0.32500000000000007,0.3624817,0.84655815,0.028463446,0.124978386,GOOD,GOOD,
2025-03-18 04:00:00+00:00,0.30000000000000004,0.3000000000000001,0.35858998,0.9680902,0.017230866,0.014678931,GOOD,GOOD,
2025-03-18 05:00:00+00:00,0.30000000000000004,0.3000000000000001,0.34070447,0.9474287,0.017286394,0.035284884,GOOD,GOOD,
2025-03-18 06:00:00+00:00,0.335,0.3350000000000001,0.3309998,0.9523449,0.029570874,0.018084243,GOOD,GOOD,
2025-03-18 07:00:00+00:00,0.355,0.35500000000000004,0.3502118,0.9557735,0.025173878,0.019052621,GOOD,GOOD,
2025-03-18 08:00:00+00:00,0.36,0.36000000000000004,0.37574276,0.9443709,0.021158427,0.03447067,GOOD,GOOD,
2025-03-18 09:00:00+00:00,0.405,0.4050000000000001,0.38920546,0.936998,0.040392194,0.022609826,GOOD,GOOD,
2025-03-18 10:00:00+00:00,0.4,0.40000000000000013,0.4193799,0.960319,0.022300933,0.017380107,GOOD,GOOD,
2025-03-18 11:00:00+00:00,0.32,0.32000000000000006,0.43153107,0.88161933,0.07967549,0.038705204,GOOD,GOOD,
2025-03-18 12:00:00+00:00,0.34,0.34000000000000014,0.3833792,0.9704677,0.017282158,0.012250181,GOOD,GOOD,
2025-03-18 13:00:00+00:00,0.325,0.32500000000000007,0.36549717,0.97832763,0.011468804,0.010203562,GOOD,GOOD,
2025-03-18 14:00:00+00:00,0.29,0.29000000000000004,0.35704818,0.9589033,0.024271196,0.016825503,GOOD,GOOD,
2025-03-18 15:00:00+00:00,0.35,0.35000000000000003,0.33385694,0.9134339,0.05749824,0.029067842,GOOD,GOOD,
2025-03-18 16:00:00+00:00,0.325,0.32500000000000007,0.35724884,0.96885747,0.017672278,0.013470276,GOOD,GOOD,
2025-03-18 17:00:00+00:00,0.31,0.31000000000000005,0.36152238,0.92896116,0.021539876,0.049498998,GOOD,GOOD,
2025-03-18 18:00:00+00:00,0.355,0.35500000000000004,0.3489334,0.9471357,0.033668354,0.019195983,GOOD,GOOD,
2025-03-18 19:00:00+00:00,0.33,0.3300000000000001,0.3681616,0.97458196,0.014193647,0.011224415,GOOD,GOOD,
2025-03-18 20:00:00+00:00,0.37,0.37000000000000005,0.36771497,0.9498188,0.030534921,0.01964628,GOOD,GOOD,
2025-03-18 21:00:00+00:00,0.385,0.38500000000000006,0.3868825,0.9601651,0.021578427,0.018256493,GOOD,GOOD,
2025-03-18 22:00:00+00:00,0.42500000000000004,0.42500000000000016,0.40812156,0.94203234,0.036973365,0.020994311,GOOD,GOOD,
2025-03-18 23:00:00+00:00,0.4,0.40000000000000013,0.4408511,0.9643598,0.02002754,0.015612636,GOOD,GOOD,
2025-03-19 00:00:00+00:00,0.41,0.41000000000000003,0.439934,0.9609204,0.019412557,0.019667031,GOOD,GOOD,
2025-03-19 01:00:00+00:00,0.41,0.41000000000000003,0.43891522,0.83806765,0.03495984,0.12697254,GOOD,GOOD,
2025-03-19 02:00:00+00:00,0.42,0.42000000000000004,0.439335,0.9224654,0.028003884,0.049530707,GOOD,GOOD,
2025-03-19 03:00:00+00:00,0.39,0.3900000000000001,0.445936,0.9676031,0.017789291,0.014607591,GOOD,GOOD,
2025-03-19 04:00:00+00:00,0.39,0.3900000000000001,0.43098205,0.93508554,0.017568884,0.04734555,GOOD,GOOD,
2025-03-19 05:00:00+00:00,0.39,0.3900000000000001,0.42097586,0.66778994,0.035743672,0.29646635,GOOD,GOOD,
2025-03-19 06:00:00+00:00,0.445,0.44500000000000006,0.41861778,0.9407792,0.040991936,0.018228874,GOOD,GOOD,
2025-03-19 07:00:00+00:00,0.43,0.43000000000000005,0.45312694,0.9687597,0.017363384,0.013876884,GOOD,GOOD,
2025-03-19 08:00:00+00:00,0.435,0.4350000000000001,0.4637501,0.9287799,0.019736364,0.05148372,GOOD,GOOD,
2025-03-19 09:00:00+00:00,0.485,0.4850000000000001,0.46529162,0.9546615,0.03035066,0.014987876,GOOD,GOOD,
2025-03-19 10:00:00+00:00,0.41500000000000004,0.41500000000000015,0.49614385,0.94725436,0.03320112,0.019544542,GOOD,GOOD,
2025-03-19 11:00:00+00:00,0.375,0.3750000000000001,0.46939707,0.9522449,0.029527698,0.01822741,GOOD,GOOD,
2025-03-19 12:00:00+00:00,0.43,0.43000000000000005,0.42356265,0.9466014,0.034608126,0.01879046,GOOD,GOOD,
2025-03-19 13:00:00+00:00,0.34,0.34000000000000014,0.4377248,0.8752754,0.08114175,0.043582913,GOOD,GOOD,
2025-03-19 14:00:00+00:00,0.34,0.34000000000000014,0.40004715,0.9677587,0.015795818,0.016445482,GOOD,GOOD,
2025-03-19 15:00:00+00:00,0.365,0.3650000000000001,0.374053,0.9728804,0.015731063,0.011388485,GOOD,GOOD,
2025-03-19 16:00:00+00:00,0.365,0.3650000000000001,0.38259232,0.92126054,0.021104602,0.057634875,GOOD,GOOD,
2025-03-19 17:00:00+00:00,0.35,0.35000000000000003,0.3926068,0.9477639,0.019495679,0.032740425,GOOD,GOOD,
2025-03-19 18:00:00+00:00,0.4,0.40000000000000013,0.3867503,0.95403004,0.030664667,0.015305278,GOOD,GOOD,
2025-03-19 19:00:00+00:00,0.35,0.35000000000000003,0.41178048,0.9539175,0.02718773,0.018894767,GOOD,GOOD,
2025-03-19 20:00:00+00:00,0.375,0.3750000000000001,0.3975699,0.9730706,0.015206478,0.011722901,GOOD,GOOD,
2025-03-19 21:00:00+00:00,0.37,0.37000000000000005,0.3987253,0.95451754,0.01482082,0.030661637,GOOD,GOOD,
2025-03-19 22:00:00+00:00,0.35,0.35000000000000003,0.40027267,0.9585222,0.016939932,0.024537856,GOOD,GOOD,
2025-03-19 23:00:00+00:00,0.32,0.32000000000000006,0.38838047,0.949897,0.028074294,0.022028731,GOOD,GOOD,
2025-03-20 00:00:00+00:00,0.32999999999999996,0.33000000000000007,0.36297518,0.9698125,0.014554154,0.015633348,GOOD,GOOD,
2025-03-20 01:00:00+00:00,0.365,0.3650000000000001,0.3566051,0.96478736,0.02241618,0.012796434,GOOD,GOOD,
2025-03-20 02:00:00+00:00,0.31,0.31000000000000005,0.37948716,0.9311917,0.042521223,0.026287112,GOOD,GOOD,
2025-03-20 03:00:00+00:00,0.28500000000000003,0.2850000000000001,0.3606395,0.94939953,0.0288143,0.021786187,GOOD,GOOD,
2025-03-20 04:00:00+00:00,0.31,0.31000000000000005,0.32907605,0.9638754,0.020740049,0.015384542,GOOD,GOOD,
2025-03-20 05:00:00+00:00,0.30000000000000004,0.3000000000000001,0.32984525,0.96728206,0.016855838,0.01586208,GOOD,GOOD,
2025-03-20 06:00:00+00:00,0.3,0.30000000000000004,0.3313202,0.8089725,0.029647429,0.16138011,GOOD,GOOD,
2025-03-20 07:00:00+00:00,0.3,0.30000000000000004,0.3311051,0.69604194,0.034133337,0.26982468,GOOD,GOOD,
2025-03-20 08:00:00+00:00,0.33499999999999996,0.335,0.33065987,0.9634045,0.022672454,0.013923048,GOOD,GOOD,
2025-03-20 09:00:00+00:00,0.325,0.6932481690330365,0.3514682,0.20015413,0.39438248,0.4054634,SUSPECT,SUSPECT,C_level_shift
2025-03-20 10:00:00+00:00,0.32,0.6882481690330364,0.5922977,0.31968313,0.46447837,0.21583848,SUSPECT,SUSPECT,C_level_shift
2025-03-20 11:00:00+00:00,0.31,0.6782481690330364,0.7191586,0.7801263,0.11979491,0.10007879,SUSPECT,GOOD,C_level_shift
2025-03-20 12:00:00+00:00,0.28,0.6482481690330365,0.7260058,0.91980565,0.052123375,0.028070947,SUSPECT,GOOD,C_level_shift
2025-03-20 13:00:00+00:00,0.35,0.7182481690330366,0.69092417,0.83744967,0.10015736,0.062392984,SUSPECT,GOOD,C_level_shift
2025-03-20 14:00:00+00:00,0.33499999999999996,0.7032481690330363,0.7224904,0.89595467,0.06143778,0.042607542,SUSPECT,GOOD,C_level_shift
2025-03-20 15:00:00+00:00,0.31,0.6782481690330364,0.7334322,0.9464703,0.03225548,0.021274216,SUSPECT,GOOD,C_level_shift
2025-03-20 16:00:00+00:00,0.30000000000000004,0.6682481690330365,0.7153004,0.92132413,0.034011662,0.04466419,SUSPECT,GOOD,C_level_shift
2025-03-20 17:00:00+00:00,0.335,0.7032481690330364,0.6982421,0.9418688,0.037378225,0.020752965,SUSPECT,GOOD,C_level_shift
2025-03-20 18:00:00+00:00,0.33,0.6982481690330365,0.716673,0.95404005,0.026503917,0.019456012,SUSPECT,GOOD,C_level_shift
2025-03-20 19:00:00+00:00,0.305,0.6732481690330365,0.72448575,0.9624273,0.024555616,0.01301708,SUSPECT,GOOD,C_level_shift
2025-03-20 20:00:00+00:00,0.37,0.7382481690330366,0.707816,0.9357043,0.046573073,0.017722651,SUSPECT,GOOD,C_level_shift
2025-03-20 21:00:00+00:00,0.33999999999999997,0.7082481690330364,0.7428259,0.97065187,0.016467886,0.012880237,SUSPECT,GOOD,C_level_shift
2025-03-20 22:00:00+00:00,0.35,0.7182481690330366,0.7419536,0.97663087,0.011856196,0.011512955,SUSPECT,GOOD,C_level_shift
2025-03-20 23:00:00+00:00,0.35,0.7182481690330366,0.7423479,0.80627257,0.028085854,0.16564156,SUSPECT,GOOD,C_level_shift
2025-03-21 00:00:00+00:00,0.33,0.6982481690330365,0.74331087,0.96960056,0.014428957,0.015970498,SUSPECT,GOOD,C_level_shift
2025-03-21 01:00:00+00:00,0.4,0.7682481690330366,0.7303439,0.9428911,0.04330334,0.013805546,SUSPECT,GOOD,C_level_shift
2025-03-21 02:00:00+00:00,0.345,0.7132481690330363,0.7719328,0.9669133,0.018787814,0.014298894,SUSPECT,GOOD,C_level_shift
2025-03-21 03:00:00+00:00,0.32,0.6882481690330364,0.75579387,0.9753611,0.013463358,0.011175538,SUSPECT,GOOD,C_level_shift
2025-03-21 04:00:00+00:00,0.28,0.6482481690330365,0.72454256,0.9661048,0.021935372,0.011959802,SUSPECT,GOOD,C_level_shift
2025-03-21 05:00:00+00:00,0.33999999999999997,0.7082481690330364,0.686475,0.9551414,0.0332763,0.011582304,SUSPECT,GOOD,C_level_shift
2025-03-21 06:00:00+00:00,0.32,0.6882481690330364,0.7135619,0.97641695,0.013345043,0.010237983,SUSPECT,GOOD,C_level_shift
2025-03-21 07:00:00+00:00,0.31,0.6782481690330364,0.7191943,0.9010509,0.022475913,0.07647319,SUSPECT,GOOD,C_level_shift
2025-03-21 08:00:00+00:00,0.315,0.6832481690330364,0.7098007,0.8884898,0.023572423,0.08793781,SUSPECT,GOOD,C_level_shift
2025-03-21 09:00:00+00:00,0.33,0.6982481690330365,0.708047,0.92264634,0.024314975,0.053038683,SUSPECT,GOOD,C_level_shift
2025-03-21 10:00:00+00:00,0.32,0.6882481690330364,0.7190516,0.9538853,0.017382845,0.02873183,SUSPECT,GOOD,C_level_shift
2025-03-21 11:00:00+00:00,0.345,0.7132481690330363,0.7177626,0.9656105,0.019426992,0.014962526,SUSPECT,GOOD,C_level_shift
2025-03-21 12:00:00+00:00,0.32,0.6882481690330364,0.7321069,0.9582919,0.020137563,0.02157053,SUSPECT,GOOD,C_level_shift
2025-03-21 13:00:00+00:00,0.355,0.7232481690330365,0.72238433,0.96823496,0.0199305,0.011834526,SUSPECT,GOOD,C_level_shift
2025-03-21 14:00:00+00:00,0.36166666666666664,0.7299148356997032,0.73901075,0.9545303,0.018568683,0.026901029,SUSPECT,GOOD,C_level_shift
2025-03-21 15:00:00+00:00,0.36833333333333335,0.7365815023663698,0.753206,0.7919703,0.0382248,0.16980487,SUSPECT,GOOD,C_level_shift
2025-03-21 16:00:00+00:00,0.375,0.7432481690330365,0.7613704,0.7886326,0.042657368,0.16871004,SUSPECT,GOOD,C_level_shift
2025-03-21 17:00:00+00:00,0.335,0.7032481690330364,0.7674988,0.9626109,0.019913381,0.017475706,SUSPECT,GOOD,C_level_shift
2025-03-21 18:00:00+00:00,0.34,0.7082481690330364,0.7419418,0.96857244,0.014814694,0.016612843,SUSPECT,GOOD,C_level_shift
2025-03-21 19:00:00+00:00,0.345,0.7132481690330363,0.7326466,0.681136,0.0410035,0.27786052,SUSPECT,GOOD,C_level_shift
2025-03-21 20:00:00+00:00,0.335,0.7032481690330364,0.7360094,0.9063768,0.026619557,0.06700367,SUSPECT,GOOD,C_level_shift
2025-03-21 21:00:00+00:00,0.355,0.7232481690330365,0.731988,0.9625749,0.020179786,0.01724529,SUSPECT,GOOD,C_level_shift
2025-03-21 22:00:00+00:00,0.41,0.7782481690330364,0.7428692,0.93972516,0.044776585,0.0154982535,SUSPECT,GOOD,C_level_shift
2025-03-21 23:00:00+00:00,0.355,0.7232481690330365,0.78629106,0.9610472,0.022155972,0.016796833,SUSPECT,GOOD,C_level_shift
2025-03-22 00:00:00+00:00,0.345,0.7132481690330363,0.7665575,0.9727624,0.013511493,0.013726101,SUSPECT,GOOD,C_level_shift
2025-03-22 01:00:00+00:00,0.3675,0.7357481690330365,0.74393016,0.9688245,0.017945966,0.013229551,SUSPECT,GOOD,C_level_shift
2025-03-22 02:00:00+00:00,0.39,0.7582481690330365,0.7526461,0.896922,0.04626714,0.056810845,SUSPECT,GOOD,C_level_shift
2025-03-22 03:00:00+00:00,0.37,0.7382481690330366,0.7756838,0.97173834,0.014687704,0.013573983,SUSPECT,GOOD,C_level_shift
2025-03-22 04:00:00+00:00,0.365,0.7332481690330364,0.7707245,0.90101516,0.02058543,0.078399375,SUSPECT,GOOD,C_level_shift
2025-03-22 05:00:00+00:00,0.35,0.7182481690330366,0.76134974,0.91972464,0.022141356,0.058133993,SUSPECT,GOOD,C_level_shift
2025-03-22 06:00:00+00:00,0.37,0.7382481690330366,0.7479804,0.96713185,0.018942937,0.013925214,SUSPECT,GOOD,C_level_shift
2025-03-22 07:00:00+00:00,0.385,0.7532481690330364,0.7569383,0.9076206,0.03434462,0.058034755,SUSPECT,GOOD,C_level_shift
2025-03-22 08:00:00+00:00,0.405,0.7732481690330365,0.7734113,0.9409347,0.028847737,0.03021756,SUSPECT,GOOD,C_level_shift
2025-03-22 09:00:00+00:00,0.425,0.7932481690330365,0.79298156,0.9035912,0.04259895,0.053809833,SUSPECT,GOOD,C_level_shift
2025-03-22 10:00:00+00:00,0.42,0.7882481690330365,0.8130234,0.9444331,0.024297452,0.03126943,SUSPECT,GOOD,C_level_shift
2025-03-22 11:00:00+00:00,0.405,0.7732481690330365,0.8155364,0.93273795,0.023413794,0.04384825,SUSPECT,GOOD,C_level_shift
2025-03-22 12:00:00+00:00,0.39,0.7582481690330365,0.8033988,0.8332075,0.0345555,0.13223702,SUSPECT,GOOD,C_level_shift
2025-03-22 13:00:00+00:00,0.35,0.7182481690330366,0.78761506,0.9587768,0.024224542,0.016998682,SUSPECT,GOOD,C_level_shift
2025-03-22 14:00:00+00:00,0.33,0.6982481690330365,0.7552508,0.96070105,0.021035952,0.01826301,SUSPECT,GOOD,C_level_shift
2025-03-22 15:00:00+00:00,0.33499999999999996,0.7032481690330363,0.72936434,0.9641082,0.017620182,0.018271605,SUSPECT,GOOD,C_level_shift
2025-03-22 16:00:00+00:00,0.375,0.7432481690330365,0.7257157,0.9635882,0.025861358,0.010550476,SUSPECT,GOOD,C_level_shift
2025-03-22 17:00:00+00:00,0.33499999999999996,0.7032481690330363,0.75495654,0.964707,0.019695953,0.015597053,SUSPECT,GOOD,C_level_shift
2025-03-22 18:00:00+00:00,0.37,0.7382481690330366,0.7415731,0.96777666,0.0193904,0.012832958,SUSPECT,GOOD,C_level_shift
2025-03-22 19:00:00+00:00,0.365,0.7332481690330364,0.7541384,0.973101,0.013358207,0.013540791,SUSPECT,GOOD,C_level_shift
2025-03-22 20:00:00+00:00,0.38,0.7482481690330366,0.7592819,0.96905875,0.016205724,0.014735525,SUSPECT,GOOD,C_level_shift
2025-03-22 21:00:00+00:00,0.35,0.7182481690330366,0.7697479,0.95996815,0.020495975,0.0195359,SUSPECT,GOOD,C_level_shift
2025-03-22 22:00:00+00:00,0.36,0.7282481690330365,0.75349295,0.9656678,0.016994042,0.017338177,SUSPECT,GOOD,C_level_shift
2025-03-22 23:00:00+00:00,0.355,0.7232481690330365,0.75123835,0.899602,0.026470138,0.07392789,SUSPECT,GOOD,C_level_shift
2025-03-23 00:00:00+00:00,0.355,0.7232481690330365,0.7496556,0.6264384,0.043367997,0.33019367,SUSPECT,GOOD,C_level_shift
2025-03-23 01:00:00+00:00,0.35,0.7182481690330366,0.74907756,0.74599856,0.04382552,0.21017592,SUSPECT,GOOD,C_level_shift
2025-03-23 02:00:00+00:00,0.345,0.7132481690330363,0.74558735,0.62941647,0.047906682,0.3226768,SUSPECT,GOOD,C_level_shift
2025-03-23 03:00:00+00:00,0.33999999999999997,0.7082481690330364,0.7406088,0.6311193,0.05047622,0.31840447,SUSPECT,GOOD,C_level_shift
2025-03-23 04:00:00+00:00,0.33499999999999996,0.7032481690330363,0.73545575,0.6289673,0.050962567,0.32007015,SUSPECT,GOOD,C_level_shift
2025-03-23 05:00:00+00:00,0.35,0.7182481690330366,0.73044443,0.9525347,0.022860382,0.024604917,SUSPECT,GOOD,C_level_shift
2025-03-23 06:00:00+00:00,0.345,0.7132481690330363,0.73903054,0.920905,0.032128602,0.046966404,SUSPECT,GOOD,C_level_shift
2025-03-23 07:00:00+00:00,0.33,0.6982481690330365,0.74042547,0.9159259,0.035581205,0.048492875,SUSPECT,GOOD,C_level_shift
2025-03-23 08:00:00+00:00,0.345,0.7132481690330363,0.72942376,0.9438472,0.025238534,0.030914268,SUSPECT,GOOD,C_level_shift
2025-03-23 09:00:00+00:00,0.33999999999999997,0.3400000000000001,0.7343023,0.21737713,0.23757432,0.54504853,GOOD,SUSPECT,
2025-03-23 10:00:00+00:00,0.335,0.3350000000000001,0.499758,0.41851187,0.32022306,0.2612651,GOOD,GOOD,
2025-03-23 11:00:00+00:00,0.33999999999999997,0.18100758818006968,0.37581807,0.5342225,0.25305846,0.21271904,SUSPECT,GOOD,F_burst_noise
2025-03-23 12:00:00+00:00,0.32999999999999996,0.47597479934263154,0.26058125,0.48291016,0.25568348,0.26140636,SUSPECT,GOOD,F_burst_noise
2025-03-23 13:00:00+00:00,0.31,0.32705171706665365,0.38687843,0.53856075,0.25566903,0.20577021,SUSPECT,GOOD,F_burst_noise
2025-03-23 14:00:00+00:00,0.32,0.39275971748663363,0.39809194,0.53856075,0.25566903,0.20577021,SUSPECT,GOOD,F_burst_noise
2025-03-23 15:00:00+00:00,0.365,0.5789822025145822,0.41134197,0.4316213,0.3853587,0.18301998,SUSPECT,GOOD,F_burst_noise
2025-03-23 16:00:00+00:00,0.34,0.5927393096475657,0.5374621,0.6831408,0.21728767,0.0995715,SUSPECT,GOOD,F_burst_noise
2025-03-23 17:00:00+00:00,0.34,0.8031415372305952,0.61524326,0.42467356,0.42135924,0.15396722,SUSPECT,GOOD,F_burst_noise
2025-03-23 18:00:00+00:00,0.32,0.5666558095487214,0.7722355,0.44599664,0.23887636,0.31512702,SUSPECT,GOOD,F_burst_noise
2025-03-23 19:00:00+00:00,0.31,0.11612402576124983,0.67627275,0.049638987,0.188965,0.76139605,SUSPECT,BAD,F_burst_noise
2025-03-23 20:00:00+00:00,0.3125,0.11987315002917626,0.33274913,0.1523872,0.50281703,0.3447958,SUSPECT,SUSPECT,F_burst_noise
2025-03-23 21:00:00+00:00,0.315,0.49328426193685854,0.16350639,0.17734319,0.42253324,0.40012357,SUSPECT,SUSPECT,F_burst_noise
2025-03-23 22:00:00+00:00,0.3,0.10251411422901223,0.3495624,0.26467597,0.21662988,0.51869416,SUSPECT,GOOD,F_burst_noise
2025-03-23 23:00:00+00:00,0.315,0.06438834810239698,0.2675356,0.09032261,0.58465827,0.3250191,SUSPECT,SUSPECT,F_burst_noise
2025-03-24 00:00:00+00:00,0.31,0.21182377277394,0.1469631,0.75414616,0.18272972,0.06312411,SUSPECT,GOOD,F_burst_noise
2025-03-24 01:00:00+00:00,0.295,0.20648085295184657,0.17551976,0.7532515,0.1258369,0.120911635,SUSPECT,GOOD,F_burst_noise
2025-03-24 02:00:00+00:00,0.32499999999999996,0.3747776122220985,0.2218947,0.42883492,0.42986798,0.14129712,SUSPECT,SUSPECT,F_burst_noise
2025-03-24 03:00:00+00:00,0.29,0.31063633224339826,0.3396443,0.9447393,0.032630462,0.02263026,SUSPECT,GOOD,F_burst_noise
2025-03-24 04:00:00+00:00,0.33999999999999997,0.08676664467011626,0.36424857,0.23819792,0.37904608,0.382756,SUSPECT,SUSPECT,F_burst_noise
2025-03-24 05:00:00+00:00,0.35,0.505308729163577,0.22281052,0.17081946,0.43517524,0.39400527,SUSPECT,SUSPECT,F_burst_noise
2025-03-24 06:00:00+00:00,0.35,0.02,0.37874696,0.15741992,0.1977844,0.64479566,SUSPECT,SUSPECT,F_burst_noise
2025-03-24 07:00:00+00:00,0.35,0.4986715051505267,0.22550704,0.1784522,0.45723763,0.36431018,SUSPECT,SUSPECT,F_burst_noise
2025-03-24 08:00:00+00:00,0.32,0.12539239965441953,0.36903048,0.2781418,0.30118614,0.42067206,SUSPECT,SUSPECT,F_burst_noise
2025-03-24 09:00:00+00:00,0.355,0.4461651198977366,0.27836907,0.29342043,0.48811495,0.21846463,SUSPECT,SUSPECT,F_burst_noise
2025-03-24 10:00:00+00:00,0.32,0.07304926584064389,0.37394282,0.1863066,0.3317754,0.481918,SUSPECT,SUSPECT,F_burst_noise
2025-03-24 11:00:00+00:00,0.31,0.31000000000000005,0.23847483,0.5787972,0.31079787,0.110404946,GOOD,GOOD,
2025-03-24 12:00:00+00:00,0.32,0.32000000000000006,0.26566908,0.3002708,0.35008752,0.34964168,GOOD,SUSPECT,
2025-03-24 13:00:00+00:00,0.33,0.3300000000000001,0.3263919,0.8032725,0.04213549,0.15459199,GOOD,GOOD,
2025-03-24 14:00:00+00:00,0.33999999999999997,0.06799999999999999,0.35855025,0.20303816,0.41235173,0.38461012,BAD,SUSPECT,B_mult
2025-03-24 15:00:00+00:00,0.33999999999999997,0.3400000000000001,0.2126349,0.39657885,0.42384014,0.17958102,GOOD,SUSPECT,
2025-03-24 16:00:00+00:00,0.345,0.34500000000000003,0.2714776,0.1381172,0.3854783,0.47640452,GOOD,SUSPECT,
2025-03-24 17:00:00+00:00,0.39,0.3900000000000001,0.3514021,0.88438755,0.07501009,0.040602386,GOOD,GOOD,
2025-03-24 18:00:00+00:00,0.37,0.37000000000000005,0.40800294,0.937917,0.019972011,0.042111013,GOOD,GOOD,
2025-03-24 19:00:00+00:00,0.36,0.36000000000000004,0.4121482,0.8033327,0.022964375,0.17370291,GOOD,GOOD,
2025-03-24 20:00:00+00:00,0.35,0.35000000000000003,0.39788952,0.764749,0.038766198,0.19648483,GOOD,GOOD,
2025-03-24 21:00:00+00:00,0.31,0.31000000000000005,0.38412336,0.94456357,0.02831466,0.027121766,GOOD,GOOD,
2025-03-24 22:00:00+00:00,0.31,0.31000000000000005,0.35524663,0.707031,0.035112277,0.25785673,GOOD,GOOD,
2025-03-24 23:00:00+00:00,0.345,0.34500000000000003,0.3408046,0.966846,0.020966526,0.012187516,GOOD,GOOD,
2025-03-25 00:00:00+00:00,0.345,0.34500000000000003,0.35943043,0.8088224,0.027792465,0.16338511,GOOD,GOOD,
2025-03-25 01:00:00+00:00,0.35,0.35000000000000003,0.3731507,0.8200587,0.026299555,0.15364173,GOOD,GOOD,
2025-03-25 02:00:00+00:00,0.325,0.32500000000000007,0.37956056,0.9469971,0.023380361,0.029622514,GOOD,GOOD,
2025-03-25 03:00:00+00:00,0.42000000000000004,0.4200000000000001,0.36563185,0.88165075,0.0872815,0.031067759,GOOD,GOOD,
2025-03-25 04:00:00+00:00,0.325,0.32500000000000007,0.41423872,0.92825466,0.046827734,0.024917616,GOOD,GOOD,
2025-03-25 05:00:00+00:00,0.32,0.32000000000000006,0.3881805,0.8484381,0.029990355,0.12157156,GOOD,GOOD,
2025-03-25 06:00:00+00:00,0.33999999999999997,0.3400000000000001,0.35870945,0.95687824,0.017564697,0.02555708,GOOD,GOOD,
2025-03-25 07:00:00+00:00,0.34,0.34000000000000014,0.36044574,0.82842445,0.023999354,0.1475762,GOOD,GOOD,
2025-03-25 08:00:00+00:00,0.325,0.32500000000000007,0.36763498,0.9317989,0.020547163,0.04765397,GOOD,GOOD,
2025-03-25 09:00:00+00:00,0.30000000000000004,0.3000000000000001,0.36164623,0.9471004,0.025283772,0.027615815,GOOD,GOOD,
2025-03-25 10:00:00+00:00,0.29500000000000004,0.2950000000000001,0.34147912,0.9054156,0.02818854,0.06639588,GOOD,GOOD,
2025-03-25 11:00:00+00:00,0.29000000000000004,0.2900000000000001,0.32794666,0.76967275,0.043011848,0.18731543,GOOD,GOOD,
2025-03-25 12:00:00+00:00,0.3,0.30000000000000004,0.32133043,0.94983906,0.020277472,0.029883469,GOOD,GOOD,
2025-03-25 13:00:00+00:00,0.29,0.29000000000000004,0.3258738,0.95144546,0.020621868,0.027932642,GOOD,GOOD,
2025-03-25 14:00:00+00:00,0.28,0.28000000000000014,0.32389903,0.79509586,0.044518024,0.16038612,GOOD,GOOD,
2025-03-25 15:00:00+00:00,0.25,0.25,0.31548062,0.91093045,0.044543073,0.044526458,GOOD,GOOD,
2025-03-25 16:00:00+00:00,0.28,0.28000000000000014,0.29326394,0.94331276,0.02990087,0.02678639,GOOD,GOOD,
2025-03-25 17:00:00+00:00,0.28500000000000003,0.2850000000000001,0.29913792,0.9558259,0.019361129,0.024812965,GOOD,GOOD,
2025-03-25 18:00:00+00:00,0.28500000000000003,0.2850000000000001,0.3109641,0.72972363,0.03807452,0.23220184,GOOD,GOOD,
2025-03-25 19:00:00+00:00,0.29500000000000004,0.2950000000000001,0.31613606,0.93231183,0.022702698,0.04498549,GOOD,GOOD,
2025-03-25 20:00:00+00:00,0.28,0.28000000000000014,0.32257512,0.93733,0.026648646,0.036021363,GOOD,GOOD,
2025-03-25 21:00:00+00:00,0.27,0.2700000000000001,0.31672466,0.7996927,0.05051154,0.14979579,GOOD,GOOD,
2025-03-25 22:00:00+00:00,0.245,0.24500000000000002,0.3058182,0.89866465,0.046861265,0.054474104,GOOD,GOOD,
2025-03-25 23:00:00+00:00,0.275,0.2750000000000001,0.28598744,0.9269945,0.03624212,0.0367634,GOOD,GOOD,
2025-03-26 00:00:00+00:00,0.3,0.30000000000000004,0.29374647,0.94967556,0.026898444,0.023425972,GOOD,GOOD,
2025-03-26 01:00:00+00:00,0.305,0.3050000000000001,0.31797385,0.96703625,0.015894227,0.017069545,GOOD,GOOD,
2025-03-26 02:00:00+00:00,0.315,0.31500000000000006,0.33336556,0.92728174,0.02320174,0.049516555,GOOD,GOOD,
2025-03-26 03:00:00+00:00,0.305,0.3050000000000001,0.34311983,0.9746967,0.01277087,0.012532447,GOOD,GOOD,
2025-03-26 04:00:00+00:00,0.29,0.29000000000000004,0.34010246,0.91765857,0.025311124,0.05703033,GOOD,GOOD,
2025-03-26 05:00:00+00:00,0.275,0.2750000000000001,0.32747465,0.8313606,0.03897454,0.12966485,GOOD,GOOD,
2025-03-26 06:00:00+00:00,0.22999999999999998,0.23,0.3118968,0.86404955,0.08690406,0.04904636,GOOD,GOOD,
2025-03-26 07:00:00+00:00,0.22999999999999998,0.23,0.27882743,0.9208175,0.043373432,0.035809066,GOOD,GOOD,
2025-03-26 08:00:00+00:00,0.26,0.26000000000000006,0.2616329,0.9455192,0.031933136,0.022547685,GOOD,GOOD,
2025-03-26 09:00:00+00:00,0.26,0.26000000000000006,0.27599725,0.9592479,0.020551184,0.020200921,GOOD,GOOD,
2025-03-26 10:00:00+00:00,0.25,0.25,0.28831252,0.9418029,0.023990054,0.034207005,GOOD,GOOD,
2025-03-26 11:00:00+00:00,0.215,0.215,0.28601968,0.89137626,0.062315095,0.04630868,GOOD,GOOD,
2025-03-26 12:00:00+00:00,0.235,0.235,0.2616349,0.93578506,0.034811035,0.029403932,GOOD,GOOD,
2025-03-26 13:00:00+00:00,0.20500000000000002,0.20500000000000002,0.25887477,0.9048635,0.054212198,0.040924348,GOOD,GOOD,
2025-03-26 14:00:00+00:00,0.20500000000000002,0.20500000000000002,0.24579377,0.9285098,0.031306803,0.040183447,GOOD,GOOD,
2025-03-26 15:00:00+00:00,0.21,0.21,0.23736206,0.8717672,0.032118224,0.09611455,GOOD,GOOD,
2025-03-26 16:00:00+00:00,0.24,0.24,0.238104,0.95393074,0.028234437,0.017834835,GOOD,GOOD,
2025-03-26 17:00:00+00:00,0.22499999999999998,0.22499999999999998,0.2577381,0.960735,0.021927351,0.017337618,GOOD,GOOD,
2025-03-26 18:00:00+00:00,0.21000000000000002,0.21000000000000002,0.26106343,0.8549246,0.034389872,0.11068553,GOOD,GOOD,
2025-03-26 19:00:00+00:00,0.22,0.22,0.2495066,0.9699708,0.016498595,0.013530583,GOOD,GOOD,
2025-03-26 20:00:00+00:00,0.235,0.235,0.24776508,0.92919827,0.025500445,0.045301262,GOOD,GOOD,
2025-03-26 21:00:00+00:00,0.215,0.215,0.25842685,0.9655846,0.018082777,0.01633265,GOOD,GOOD,
2025-03-26 22:00:00+00:00,0.22499999999999998,0.22499999999999998,0.25360897,0.97047615,0.015066951,0.014456898,GOOD,GOOD,
2025-03-26 23:00:00+00:00,0.22,0.22,0.2535845,0.9264002,0.021446688,0.05215314,GOOD,GOOD,
2025-03-27 00:00:00+00:00,0.235,0.235,0.2522266,0.96776175,0.016724624,0.015513606,GOOD,GOOD,
2025-03-27 01:00:00+00:00,0.24,0.24,0.25991806,0.890462,0.028400093,0.08113795,GOOD,GOOD,
2025-03-27 02:00:00+00:00,0.225,0.225,0.26806855,0.951738,0.022474278,0.025787704,GOOD,GOOD,
2025-03-27 03:00:00+00:00,0.22,0.22,0.26246515,0.8357396,0.037566658,0.12669371,GOOD,GOOD,
2025-03-27 04:00:00+00:00,0.265,0.26500000000000007,0.25421834,0.9139033,0.05290105,0.03319564,GOOD,GOOD,
2025-03-27 05:00:00+00:00,0.22999999999999998,0.23,0.27698556,0.9587664,0.025040044,0.016193563,GOOD,GOOD,
2025-03-27 06:00:00+00:00,0.265,0.26500000000000007,0.27273533,0.9224649,0.045407258,0.032127813,GOOD,GOOD,
2025-03-27 07:00:00+00:00,0.31000000000000005,0.3100000000000001,0.28461987,0.87330055,0.07841359,0.04828584,GOOD,GOOD,
2025-03-27 08:00:00+00:00,0.32,0.32000000000000006,0.3206564,0.89314187,0.0595576,0.047300536,GOOD,GOOD,
2025-03-27 09:00:00+00:00,0.365,0.3650000000000001,0.34585845,0.77078515,0.13054997,0.098664895,GOOD,GOOD,
2025-03-27 10:00:00+00:00,0.35,0.35000000000000003,0.38006368,0.838686,0.09171151,0.06960251,GOOD,GOOD,
2025-03-27 11:00:00+00:00,0.365,0.3650000000000001,0.38645256,0.8357243,0.090112,0.07416373,GOOD,GOOD,
2025-03-27 12:00:00+00:00,0.33499999999999996,0.335,0.39214543,0.9183563,0.049399354,0.032244354,GOOD,GOOD,
2025-03-27 13:00:00+00:00,0.315,0.31500000000000006,0.37672004,0.94584197,0.028013824,0.026144208,GOOD,GOOD,
2025-03-27 14:00:00+00:00,0.33999999999999997,0.3400000000000001,0.35443196,0.944917,0.032623608,0.022459377,GOOD,GOOD,
2025-03-27 15:00:00+00:00,0.365,0.3650000000000001,0.35984647,0.90677553,0.04938449,0.043839987,GOOD,GOOD,
2025-03-27 16:00:00+00:00,0.41000000000000003,0.4100000000000001,0.38298848,0.89645547,0.06641546,0.037129052,GOOD,GOOD,
2025-03-27 17:00:00+00:00,0.395,0.3950000000000001,0.42243767,0.9483663,0.030321265,0.021312453,GOOD,GOOD,
2025-03-27 18:00:00+00:00,0.47,0.47000000000000003,0.4309848,0.8743743,0.08638386,0.039241888,GOOD,GOOD,
2025-03-27 19:00:00+00:00,0.5,0.5000000000000001,0.47443378,0.94494736,0.03668966,0.018362986,GOOD,GOOD,
2025-03-27 20:00:00+00:00,0.43000000000000005,0.4300000000000001,0.5172455,0.9304291,0.044061486,0.025509428,GOOD,GOOD,
2025-03-27 21:00:00+00:00,0.455,0.45500000000000007,0.4875345,0.97212243,0.01583709,0.012040509,GOOD,GOOD,
2025-03-27 22:00:00+00:00,0.46499999999999997,0.465,0.47904825,0.94898766,0.019763697,0.031248622,GOOD,GOOD,
2025-03-27 23:00:00+00:00,0.445,0.44500000000000006,0.48780158,0.9764857,0.012517706,0.010996559,GOOD,GOOD,
2025-03-28 00:00:00+00:00,0.465,0.4650000000000001,0.48118865,0.97270405,0.015093068,0.012202905,GOOD,GOOD,
2025-03-28 01:00:00+00:00,0.38,0.38000000000000006,0.4879779,0.8520483,0.098510675,0.049441062,GOOD,GOOD,
2025-03-28 02:00:00+00:00,0.395,0.3950000000000001,0.44046962,0.9673878,0.017500442,0.015111756,GOOD,GOOD,
2025-03-28 03:00:00+00:00,0.385,0.38500000000000006,0.4214031,0.95061123,0.018902726,0.030486036,GOOD,GOOD,
2025-03-28 04:00:00+00:00,0.405,0.4050000000000001,0.4147254,0.96787053,0.017581534,0.014547918,GOOD,GOOD,
2025-03-28 05:00:00+00:00,0.39,0.3900000000000001,0.42619124,0.96103543,0.018314019,0.020650543,GOOD,GOOD,
2025-03-28 06:00:00+00:00,0.395,0.3950000000000001,0.42460206,0.8987737,0.024426755,0.07679952,GOOD,GOOD,
2025-03-28 07:00:00+00:00,0.45,0.4500000000000001,0.42408016,0.94689226,0.03722551,0.015882203,GOOD,GOOD,
2025-03-28 08:00:00+00:00,0.45999999999999996,0.4600000000000001,0.45855317,0.96539754,0.019687135,0.014915324,GOOD,GOOD,
2025-03-28 09:00:00+00:00,0.45,0.4500000000000001,0.48465955,0.95018846,0.016223352,0.033588164,GOOD,GOOD,
2025-03-28 10:00:00+00:00,0.525,0.525,0.48554453,0.9264797,0.052087843,0.021432446,GOOD,GOOD,
2025-03-28 11:00:00+00:00,0.405,0.4050000000000001,0.5288414,0.8347367,0.10478735,0.060475923,GOOD,GOOD,
2025-03-28 12:00:00+00:00,0.36,0.36000000000000004,0.47734907,0.88616383,0.072740726,0.041095458,GOOD,GOOD,
2025-03-28 13:00:00+00:00,0.39,0.3900000000000001,0.4127407,0.9754735,0.014763494,0.009762987,GOOD,GOOD,
2025-03-28 14:00:00+00:00,0.315,0.31500000000000006,0.40589926,0.8787412,0.08114568,0.040113106,GOOD,GOOD,
2025-03-28 15:00:00+00:00,0.375,0.3750000000000001,0.36937213,0.9301659,0.04586346,0.02397065,GOOD,GOOD,
2025-03-28 16:00:00+00:00,0.4,0.40000000000000013,0.38388947,0.961617,0.02450545,0.013877588,GOOD,GOOD,
2025-03-28 17:00:00+00:00,0.4,0.40000000000000013,0.41595402,0.8684599,0.02346896,0.10807117,GOOD,GOOD,
2025-03-28 18:00:00+00:00,0.37,0.37000000000000005,0.43034527,0.97139406,0.015627185,0.012978759,GOOD,GOOD,
2025-03-28 19:00:00+00:00,0.42,0.42000000000000004,0.41350967,0.9608796,0.025173925,0.013946426,GOOD,GOOD,
2025-03-28 20:00:00+00:00,0.44,0.4400000000000001,0.43219173,0.9538966,0.024470948,0.021632493,GOOD,GOOD,
2025-03-28 21:00:00+00:00,0.32999999999999996,0.33000000000000007,0.45966268,0.7795565,0.1442921,0.076151386,GOOD,GOOD,
2025-03-28 22:00:00+00:00,0.42500000000000004,0.42500000000000016,0.40322226,0.89981925,0.0678932,0.032287546,GOOD,GOOD,
2025-03-28 23:00:00+00:00,0.39,0.3900000000000001,0.42332265,0.97362894,0.014783249,0.011587804,GOOD,GOOD,
2025-03-29 00:00:00+00:00,0.35,0.35000000000000003,0.426688,0.9536749,0.027853282,0.018471781,GOOD,GOOD,
2025-03-29 01:00:00+00:00,0.385,0.38500000000000006,0.3982572,0.9736679,0.015499141,0.010832917,GOOD,GOOD,
2025-03-29 02:00:00+00:00,0.305,0.3050000000000001,0.40278915,0.81737256,0.12254874,0.060078703,GOOD,GOOD,
2025-03-29 03:00:00+00:00,0.315,0.31500000000000006,0.36345935,0.9640296,0.019476065,0.016494317,GOOD,GOOD,
2025-03-29 04:00:00+00:00,0.345,0.34500000000000003,0.3444287,0.9648728,0.021440469,0.013686738,GOOD,GOOD,
2025-03-29 05:00:00+00:00,0.33499999999999996,0.335,0.36018622,0.9437463,0.02016151,0.036092162,GOOD,GOOD,
2025-03-29 06:00:00+00:00,0.31,0.31000000000000005,0.36699656,0.9515359,0.021996576,0.026467565,GOOD,GOOD,
2025-03-29 07:00:00+00:00,0.375,0.3750000000000001,0.351845,0.9421667,0.04057542,0.017257888,GOOD,GOOD,
2025-03-29 08:00:00+00:00,0.335,0.3350000000000001,0.38087174,0.9710626,0.016266234,0.012671159,GOOD,GOOD,
2025-03-29 09:00:00+00:00,0.33,0.3300000000000001,0.37773538,0.8740723,0.025109868,0.100817814,GOOD,GOOD,
2025-03-29 10:00:00+00:00,0.32625000000000004,0.3262500000000001,0.36576554,0.7526598,0.029265085,0.21807513,GOOD,GOOD,
2025-03-29 11:00:00+00:00,0.3225,0.32250000000000006,0.35793734,0.75476074,0.028712587,0.21652664,GOOD,GOOD,
2025-03-29 12:00:00+00:00,0.31875,0.31875000000000003,0.35368887,0.7403949,0.031170981,0.22843413,GOOD,GOOD,
2025-03-29 14:00:00+00:00,0.31125,0.31125000000000014,0.3503653,0.8100763,0.029117953,0.16080576,GOOD,GOOD,
2025-03-29 15:00:00+00:00,0.3075,0.30750000000000005,0.3446194,0.76703954,0.032648414,0.20031206,GOOD,GOOD,
2025-03-29 16:00:00+00:00,0.30374999999999996,0.30375,0.33954316,0.7126386,0.037011247,0.25035015,GOOD,GOOD,
2025-03-29 17:00:00+00:00,0.3,0.30000000000000004,0.33547178,0.70277977,0.03800408,0.25921613,GOOD,GOOD,
2025-03-29 18:00:00+00:00,0.30500000000000005,0.30500000000000016,0.33178928,0.853801,0.03189001,0.11430901,GOOD,GOOD,
2025-03-29 19:00:00+00:00,0.335,0.3350000000000001,0.3333488,0.9692309,0.0190774,0.011691705,GOOD,GOOD,
2025-03-29 20:00:00+00:00,0.38,0.38000000000000006,0.35306042,0.9411862,0.039779887,0.019033926,GOOD,GOOD,
2025-03-29 21:00:00+00:00,0.29000000000000004,0.2900000000000001,0.39186636,0.79675186,0.12881422,0.07443389,GOOD,GOOD,
2025-03-29 22:00:00+00:00,0.34,0.34000000000000014,0.35593286,0.9060291,0.060487,0.03348391,GOOD,GOOD,
2025-03-29 23:00:00+00:00,0.29500000000000004,0.2950000000000001,0.35621145,0.9343205,0.040500794,0.025178682,GOOD,GOOD,
2025-03-30 00:00:00+00:00,0.33499999999999996,0.335,0.3388379,0.94264114,0.036042966,0.021315906,GOOD,GOOD,
2025-03-30 01:00:00+00:00,0.32,0.32000000000000006,0.35123122,0.9709137,0.01551889,0.013567418,GOOD,GOOD,
2025-03-30 02:00:00+00:00,0.34,0.34000000000000014,0.3537971,0.9672143,0.017597945,0.01518776,GOOD,GOOD,
2025-03-30 03:00:00+00:00,0.275,0.2750000000000001,0.36393452,0.828756,0.11390466,0.05733939,GOOD,GOOD,
2025-03-30 04:00:00+00:00,0.295,0.29500000000000004,0.3308623,0.95438015,0.025138928,0.020480888,GOOD,GOOD,
2025-03-30 05:00:00+00:00,0.275,0.2750000000000001,0.32048026,0.94929326,0.027181165,0.02352555,GOOD,GOOD,
2025-03-30 06:00:00+00:00,0.30000000000000004,0.3000000000000001,0.31041726,0.95985633,0.022033837,0.018109832,GOOD,GOOD,
2025-03-30 07:00:00+00:00,0.3,0.30000000000000004,0.3205782,0.9192405,0.02348246,0.057277095,GOOD,GOOD,
2025-03-30 08:00:00+00:00,0.29500000000000004,0.2950000000000001,0.32896644,0.7746416,0.034274094,0.19108433,GOOD,GOOD,
2025-03-30 09:00:00+00:00,0.29500000000000004,0.2950000000000001,0.32836694,0.6658277,0.04068972,0.2934826,GOOD,GOOD,
2025-03-30 10:00:00+00:00,0.29,0.29000000000000004,0.32632217,0.77825344,0.038677055,0.18306954,GOOD,GOOD,
2025-03-30 11:00:00+00:00,0.27,0.2700000000000001,0.32251593,0.92931265,0.03308813,0.03759924,GOOD,GOOD,
2025-03-30 12:00:00+00:00,0.32,0.32000000000000006,0.3088264,0.91336966,0.05497661,0.031653717,GOOD,GOOD,
2025-03-30 13:00:00+00:00,0.28500000000000003,0.2850000000000001,0.33100817,0.95186234,0.028585622,0.019552052,GOOD,GOOD,
2025-03-30 14:00:00+00:00,0.31,0.31000000000000005,0.32691768,0.9676752,0.01826821,0.01405658,GOOD,GOOD,
2025-03-30 15:00:00+00:00,0.265,0.26500000000000007,0.33357295,0.9317126,0.041237257,0.027050123,GOOD,GOOD,
2025-03-30 16:00:00+00:00,0.265,0.26500000000000007,0.3125319,0.9464887,0.020846456,0.03266488,GOOD,GOOD,
2025-03-30 17:00:00+00:00,0.28500000000000003,0.2850000000000001,0.29793218,0.9673757,0.017476039,0.015148238,GOOD,GOOD,
2025-03-30 18:00:00+00:00,0.355,0.35500000000000004,0.3059941,0.8826795,0.083508454,0.033812013,GOOD,GOOD,
2025-03-30 19:00:00+00:00,0.34,0.34000000000000014,0.35590327,0.9613244,0.021663958,0.017011633,GOOD,GOOD,
2025-03-30 20:00:00+00:00,0.31,0.31000000000000005,0.3747695,0.96143496,0.018531222,0.020033788,GOOD,GOOD,
2025-03-30 21:00:00+00:00,0.32999999999999996,0.33000000000000007,0.35639876,0.97225845,0.0152195,0.012522039,GOOD,GOOD,
2025-03-30 22:00:00+00:00,0.31,0.31000000000000005,0.35450637,0.9743519,0.013520742,0.012127362,GOOD,GOOD,
2025-03-30 23:00:00+00:00,0.37,0.37000000000000005,0.34618384,0.909349,0.057796627,0.032854334,GOOD,GOOD,
2025-03-31 00:00:00+00:00,0.36,0.36000000000000004,0.37734348,0.9615195,0.02134888,0.017131628,GOOD,GOOD,
2025-03-31 01:00:00+00:00,0.345,0.34500000000000003,0.39176223,0.9109944,0.024803624,0.06420194,GOOD,GOOD,
2025-03-31 02:00:00+00:00,0.315,0.31500000000000006,0.38366532,0.9575416,0.021915607,0.020542786,GOOD,GOOD,
2025-03-31 03:00:00+00:00,0.31999999999999995,0.32,0.35837644,0.95260704,0.016092934,0.0313,GOOD,GOOD,
2025-03-31 04:00:00+00:00,0.24,0.24,0.34856316,0.76126164,0.16391093,0.07482744,GOOD,GOOD,
2025-03-31 05:00:00+00:00,0.305,0.3050000000000001,0.3008805,0.9211252,0.051738203,0.027136652,GOOD,GOOD,
2025-03-31 06:00:00+00:00,0.32,0.11821760641690768,0.31165034,0.28497583,0.32094097,0.3940832,BAD,SUSPECT,F_burst_noise
2025-03-31 07:00:00+00:00,0.32,0.02,0.22124887,0.1993109,0.4277895,0.3728996,BAD,SUSPECT,F_burst_noise
2025-03-31 08:00:00+00:00,0.30500000000000005,0.4835548459951025,0.1062168,0.18604296,0.2702612,0.5436958,BAD,SUSPECT,F_burst_noise
2025-03-31 09:00:00+00:00,0.305,0.7583354994360773,0.320582,0.08895934,0.50207657,0.4089641,BAD,SUSPECT,F_burst_noise
2025-03-31 10:00:00+00:00,0.26,0.808573707638445,0.67297244,0.24300414,0.55047685,0.20651902,BAD,SUSPECT,F_burst_noise
2025-03-31 11:00:00+00:00,0.315,0.11554158369662336,0.8424548,0.053278208,0.072166845,0.87455493,BAD,BAD,F_burst_noise
2025-03-31 12:00:00+00:00,0.405,0.02,0.41966346,0.006518364,0.5006704,0.49281123,BAD,SUSPECT,F_burst_noise
2025-03-31 13:00:00+00:00,0.4,0.2113085543141583,0.12766309,0.61595845,0.25704014,0.12700143,BAD,GOOD,F_burst_noise
2025-03-31 14:00:00+00:00,0.385,0.02,0.13733126,0.41664374,0.28638652,0.29696974,BAD,GOOD,F_burst_noise
2025-03-31 15:00:00+00:00,0.385,0.19728529211371323,0.10272348,0.5618404,0.3040088,0.13415079,BAD,GOOD,F_burst_noise
2025-03-31 16:00:00+00:00,0.35,0.9969225712997993,0.16439612,0.047452033,0.28460225,0.66794574,BAD,SUSPECT,F_burst_noise
2025-03-31 17:00:00+00:00,0.37,0.10429231277964775,0.7325756,0.12891138,0.061961293,0.80912733,BAD,BAD,F_burst_noise
2025-03-31 18:00:00+00:00,0.335,0.2229805059410792,0.45735306,0.12625521,0.5314221,0.3423227,BAD,SUSPECT,F_burst_noise
2025-03-31 19:00:00+00:00,0.36,0.3408150510664321,0.27151588,0.87752044,0.09326758,0.029211977,BAD,GOOD,F_burst_noise
2025-03-31 20:00:00+00:00,0.345,0.701110004673632,0.29774585,0.13936907,0.5088207,0.35181025,BAD,SUSPECT,F_burst_noise
2025-03-31 21:00:00+00:00,0.355,0.23675345910942608,0.5839971,0.18102962,0.23251723,0.58645314,BAD,SUSPECT,F_burst_noise
2025-03-31 22:00:00+00:00,0.36,0.5438443575605395,0.4383436,0.52824813,0.3694462,0.10230569,BAD,GOOD,F_burst_noise
2025-03-31 23:00:00+00:00,0.365,0.42156353933048984,0.4891445,0.9387041,0.03857196,0.022723975,BAD,GOOD,F_burst_noise
2025-04-01 00:00:00+00:00,0.44999999999999996,0.47309111103331086,0.47822356,0.9695059,0.02036795,0.010126115,BAD,GOOD,F_burst_noise
2025-04-01 01:00:00+00:00,0.44499999999999995,1.1152572216671433,0.49040738,0.06344634,0.542746,0.39380765,BAD,SUSPECT,F_burst_noise
2025-04-01 02:00:00+00:00,0.365,1.0285601639793465,0.9452018,0.76099074,0.20446913,0.034540147,BAD,GOOD,F_burst_noise
2025-04-01 03:00:00+00:00,0.36,0.15561380716318451,1.0925134,0.011287689,0.15718968,0.83152264,BAD,BAD,F_burst_noise
2025-04-01 04:00:00+00:00,0.355,0.06130068525956707,0.50377774,0.0013635755,0.5392392,0.4593972,BAD,SUSPECT,F_burst_noise
2025-04-01 05:00:00+00:00,0.395,0.11096102916883628,0.16369759,0.970578,0.019815704,0.009606277,BAD,GOOD,F_burst_noise
2025-04-01 06:00:00+00:00,0.41,0.41000000000000003,0.09086421,0.2207371,0.5553365,0.2239264,GOOD,SUSPECT,
2025-04-01 07:00:00+00:00,0.36,0.36000000000000004,0.28836372,0.7989814,0.16321956,0.037799004,GOOD,GOOD,
2025-04-01 08:00:00+00:00,0.37,0.37000000000000005,0.394899,0.9269823,0.02273379,0.050283913,GOOD,GOOD,
2025-04-01 09:00:00+00:00,0.375,0.3750000000000001,0.41271287,0.89712346,0.019328982,0.08354759,GOOD,GOOD,
2025-04-01 10:00:00+00:00,0.4,0.40000000000000013,0.40807912,0.9584901,0.020322181,0.021187771,GOOD,GOOD,
2025-04-01 11:00:00+00:00,0.39,0.3900000000000001,0.4200015,0.8617919,0.041166276,0.0970418,GOOD,GOOD,
2025-04-01 12:00:00+00:00,0.375,0.3750000000000001,0.42282122,0.8977453,0.026989277,0.075265415,GOOD,GOOD,
2025-04-01 13:00:00+00:00,0.44,0.4400000000000001,0.41271034,0.96923846,0.020750567,0.0100109875,GOOD,GOOD,
2025-04-01 14:00:00+00:00,0.395,0.3950000000000001,0.4466871,0.9764189,0.011018535,0.012562534,GOOD,GOOD,
2025-04-01 15:00:00+00:00,0.35,0.35000000000000003,0.4405826,0.9550281,0.026052682,0.01891919,GOOD,GOOD,
2025-04-01 16:00:00+00:00,0.38,0.38000000000000006,0.40175813,0.97996634,0.012615833,0.007417811,GOOD,GOOD,
2025-04-01 17:00:00+00:00,0.355,0.35500000000000004,0.39959878,0.9732383,0.016788665,0.009973021,GOOD,GOOD,
2025-04-01 18:00:00+00:00,0.36,0.36000000000000004,0.39147982,0.8857023,0.026443604,0.087854095,GOOD,GOOD,
2025-04-01 19:00:00+00:00,0.35,0.35000000000000003,0.38909906,0.8977524,0.024042288,0.0782053,GOOD,GOOD,
2025-04-01 20:00:00+00:00,0.375,0.3750000000000001,0.38330588,0.96977437,0.015963932,0.014261729,GOOD,GOOD,
2025-04-01 21:00:00+00:00,0.36,0.36000000000000004,0.39535308,0.9545067,0.018226068,0.027267262,GOOD,GOOD,
2025-04-01 22:00:00+00:00,0.365,0.3650000000000001,0.39454752,0.8618075,0.028314508,0.10987798,GOOD,GOOD,
2025-04-01 23:00:00+00:00,0.355,0.35500000000000004,0.3942367,0.8750392,0.030072326,0.09488843,GOOD,GOOD,
2025-04-02 00:00:00+00:00,0.36,0.36000000000000004,0.38851756,0.83482486,0.03261869,0.13255644,GOOD,GOOD,
2025-04-02 01:00:00+00:00,0.42,0.42000000000000004,0.38827768,0.93895626,0.04067558,0.02036815,GOOD,GOOD,
2025-04-02 02:00:00+00:00,0.435,0.4350000000000001,0.42628258,0.9510925,0.028876003,0.020031508,GOOD,GOOD,
2025-04-02 03:00:00+00:00,0.44,0.4400000000000001,0.45767263,0.84744656,0.045572054,0.10698138,GOOD,GOOD,
2025-04-02 04:00:00+00:00,0.475,0.4750000000000001,0.4701926,0.92786103,0.044903275,0.027235681,GOOD,GOOD,
2025-04-02 05:00:00+00:00,0.375,0.3750000000000001,0.49336877,0.8608835,0.08778948,0.051327057,GOOD,GOOD,
2025-04-02 06:00:00+00:00,0.405,0.4050000000000001,0.44210398,0.96480846,0.021584252,0.013607292,GOOD,GOOD,
2025-04-02 07:00:00+00:00,0.435,0.4350000000000001,0.42722142,0.93698174,0.035478204,0.027540082,GOOD,GOOD,
2025-04-02 08:00:00+00:00,0.42,0.42000000000000004,0.44888523,0.9706258,0.016057404,0.013316777,GOOD,GOOD,
2025-04-02 09:00:00+00:00,0.435,0.4350000000000001,0.4538675,0.96788275,0.017766705,0.014350516,GOOD,GOOD,
2025-04-02 10:00:00+00:00,0.43,0.43000000000000005,0.46086892,0.9476541,0.016894873,0.03545102,GOOD,GOOD,
2025-04-02 11:00:00+00:00,0.39,0.3900000000000001,0.46112663,0.9617469,0.022492515,0.015760588,GOOD,GOOD,
2025-04-02 12:00:00+00:00,0.43,0.43000000000000005,0.435178,0.9553392,0.027659783,0.017000996,GOOD,GOOD,
2025-04-02 13:00:00+00:00,0.405,0.4050000000000001,0.44527668,0.9680472,0.016660694,0.0152920885,GOOD,GOOD,
2025-04-02 14:00:00+00:00,0.4,0.40000000000000013,0.4412579,0.9050815,0.022066463,0.07285205,GOOD,GOOD,
2025-04-02 15:00:00+00:00,0.37,0.37000000000000005,0.4330709,0.95195293,0.025027199,0.023019863,GOOD,GOOD,
2025-04-02 16:00:00+00:00,0.35,0.35000000000000003,0.41114607,0.91518575,0.03031671,0.054497562,GOOD,GOOD,
2025-04-02 17:00:00+00:00,0.345,0.34500000000000003,0.38805452,0.8697759,0.032616474,0.09760765,GOOD,GOOD,
2025-04-02 18:00:00+00:00,0.32,0.32000000000000006,0.3761977,0.93776745,0.03202311,0.030209433,GOOD,GOOD,
2025-04-02 19:00:00+00:00,0.35,0.35000000000000003,0.35880423,0.94915336,0.026392473,0.024454173,GOOD,GOOD,
2025-04-02 20:00:00+00:00,0.3475,0.34750000000000003,0.3685741,0.9562164,0.01839512,0.02538851,GOOD,GOOD,
2025-04-02 21:00:00+00:00,0.345,0.34500000000000003,0.37664166,0.6381322,0.03936975,0.32249805,GOOD,GOOD,
2025-04-02 22:00:00+00:00,0.33,0.3300000000000001,0.37718457,0.9315724,0.026400845,0.0420268,GOOD,GOOD,
2025-04-02 23:00:00+00:00,0.32,0.32000000000000006,0.36690232,0.80057055,0.04696078,0.15246867,GOOD,GOOD,
2025-04-03 00:00:00+00:00,0.33499999999999996,0.335,0.3548964,0.94896686,0.021731265,0.029301874,GOOD,GOOD,
2025-04-03 01:00:00+00:00,0.355,0.35500000000000004,0.35913,0.93618655,0.025198117,0.038615346,GOOD,GOOD,
2025-04-03 02:00:00+00:00,0.38,0.38000000000000006,0.37629068,0.9467448,0.02506785,0.028187359,GOOD,GOOD,
2025-04-03 03:00:00+00:00,0.34,0.34000000000000014,0.40041703,0.96030605,0.023043856,0.016650094,GOOD,GOOD,
2025-04-03 04:00:00+00:00,0.32,0.32000000000000006,0.386406,0.96664244,0.017902032,0.015455533,GOOD,GOOD,
2025-04-03 05:00:00+00:00,0.345,0.34500000000000003,0.36111137,0.96959776,0.017877119,0.012525149,GOOD,GOOD,
2025-04-03 06:00:00+00:00,0.31,0.31000000000000005,0.36495233,0.95965004,0.02384152,0.016508462,GOOD,GOOD,
2025-04-03 07:00:00+00:00,0.315,0.31500000000000006,0.35164255,0.97090054,0.014170177,0.014929261,GOOD,GOOD,
2025-04-03 08:00:00+00:00,0.33499999999999996,0.335,0.34503075,0.9705863,0.015629223,0.013784499,GOOD,GOOD,
2025-04-03 09:00:00+00:00,0.385,0.38500000000000006,0.35625702,0.9389875,0.042338464,0.018674014,GOOD,GOOD,
2025-04-03 10:00:00+00:00,0.355,0.35500000000000004,0.39457315,0.967494,0.01886337,0.013642649,GOOD,GOOD,
2025-04-03 11:00:00+00:00,0.3,0.30000000000000004,0.3961583,0.9184877,0.052238967,0.029273305,GOOD,GOOD,
2025-04-03 12:00:00+00:00,0.29000000000000004,0.2900000000000001,0.35554552,0.9597842,0.021640684,0.018575119,GOOD,GOOD,
2025-04-03 13:00:00+00:00,0.32999999999999996,0.33000000000000007,0.3261796,0.95473045,0.028027518,0.017242016,GOOD,GOOD,
2025-04-03 14:00:00+00:00,0.33999999999999997,0.3400000000000001,0.34176886,0.9730764,0.014952185,0.01197144,GOOD,GOOD,
2025-04-03 15:00:00+00:00,0.32,0.32000000000000006,0.36311832,0.97171956,0.014952569,0.013327888,GOOD,GOOD,
2025-04-03 16:00:00+00:00,0.3,0.30000000000000004,0.35931924,0.88794374,0.033741456,0.07831482,GOOD,GOOD,
2025-04-03 17:00:00+00:00,0.335,0.3350000000000001,0.3405537,0.9635947,0.02184506,0.014560238,GOOD,GOOD,
2025-04-03 18:00:00+00:00,0.345,0.34500000000000003,0.35170937,0.9612498,0.018534617,0.020215565,GOOD,GOOD,
2025-04-03 19:00:00+00:00,0.315,0.31500000000000006,0.3688519,0.9597399,0.022047663,0.018212399,GOOD,GOOD,
2025-04-03 20:00:00+00:00,0.355,0.35500000000000004,0.3578684,0.9497924,0.0298244,0.020383224,GOOD,GOOD,
2025-04-03 21:00:00+00:00,0.38,0.38000000000000006,0.37176344,0.9525025,0.028306551,0.019190967,GOOD,GOOD,
2025-04-03 22:00:00+00:00,0.345,0.34500000000000003,0.39838028,0.97229326,0.015446951,0.012259791,GOOD,GOOD,
2025-04-03 23:00:00+00:00,0.325,0.32500000000000007,0.3891989,0.9424616,0.022627493,0.03491088,GOOD,GOOD,
2025-04-04 00:00:00+00:00,0.305,0.3050000000000001,0.36607403,0.87480134,0.03785425,0.08734442,GOOD,GOOD,
2025-04-04 01:00:00+00:00,0.34,0.34000000000000014,0.34317115,0.96594006,0.020866975,0.01319296,GOOD,GOOD,
2025-04-04 02:00:00+00:00,0.365,0.3650000000000001,0.35549435,0.9468619,0.029499872,0.02363819,GOOD,GOOD,
2025-04-04 03:00:00+00:00,0.37,0.37000000000000005,0.382807,0.9315425,0.024208594,0.04424892,GOOD,GOOD,
2025-04-04 04:00:00+00:00,0.33,0.3300000000000001,0.39853236,0.96640825,0.019132612,0.014459143,GOOD,GOOD,
2025-04-04 05:00:00+00:00,0.335,0.3350000000000001,0.37756398,0.9758771,0.010770111,0.013352756,GOOD,GOOD,
2025-04-04 06:00:00+00:00,0.33999999999999997,0.3400000000000001,0.3654163,0.7802048,0.029507529,0.19028766,GOOD,GOOD,
2025-04-04 07:00:00+00:00,0.345,0.34500000000000003,0.36646122,0.78672165,0.03197391,0.18130443,GOOD,GOOD,
2025-04-04 08:00:00+00:00,0.29500000000000004,0.2950000000000001,0.37235665,0.91098624,0.055071842,0.033941917,GOOD,GOOD,
2025-04-04 09:00:00+00:00,0.315,0.31500000000000006,0.3452505,0.9648978,0.018405057,0.016697109,GOOD,GOOD,
2025-04-04 10:00:00+00:00,0.315,0.31500000000000006,0.33960262,0.9216199,0.020810723,0.057569407,GOOD,GOOD,
2025-04-04 11:00:00+00:00,0.3,0.30000000000000004,0.34271517,0.95536566,0.021034354,0.023599995,GOOD,GOOD,
2025-04-04 12:00:00+00:00,0.27,0.2700000000000001,0.33618605,0.9200705,0.04347849,0.036451016,GOOD,GOOD,
2025-04-04 13:00:00+00:00,0.26,0.26000000000000006,0.31354588,0.9328136,0.031953778,0.035232637,GOOD,GOOD,
2025-04-04 14:00:00+00:00,0.265,0.26500000000000007,0.29545543,0.94818205,0.022595566,0.029222384,GOOD,GOOD,
2025-04-04 15:00:00+00:00,0.28,0.28000000000000014,0.29246452,0.9566084,0.020018864,0.023372699,GOOD,GOOD,
2025-04-04 16:00:00+00:00,0.28,0.28000000000000014,0.30320093,0.92963064,0.022511972,0.047857367,GOOD,GOOD,
2025-04-04 17:00:00+00:00,0.28500000000000003,0.2850000000000001,0.31005642,0.86125326,0.030397806,0.108348936,GOOD,GOOD,
2025-04-04 18:00:00+00:00,0.265,0.26500000000000007,0.31455252,0.92867833,0.032662656,0.038658995,GOOD,GOOD,
2025-04-04 19:00:00+00:00,0.265,0.26500000000000007,0.30417943,0.91789645,0.03110227,0.051001288,GOOD,GOOD,
2025-04-04 20:00:00+00:00,0.29000000000000004,0.2900000000000001,0.2969037,0.94258106,0.026444605,0.03097432,GOOD,GOOD,
2025-04-04 21:00:00+00:00,0.325,0.32500000000000007,0.30985036,0.9616133,0.024883742,0.013502951,GOOD,GOOD,
2025-04-04 22:00:00+00:00,0.32999999999999996,0.33000000000000007,0.34025216,0.9696372,0.015923731,0.014439039,GOOD,GOOD,
2025-04-04 23:00:00+00:00,0.275,0.2750000000000001,0.358446,0.9249873,0.046536434,0.028476281,GOOD,GOOD,
2025-04-05 00:00:00+00:00,0.265,0.26500000000000007,0.32963893,0.9616712,0.020123633,0.018205205,GOOD,GOOD,
2025-04-05 01:00:00+00:00,0.255,0.255,0.30292583,0.7958425,0.03848866,0.16566883,GOOD,GOOD,
2025-04-05 02:00:00+00:00,0.245,0.24500000000000002,0.28796908,0.8157682,0.038011707,0.14622012,GOOD,GOOD,
2025-04-05 03:00:00+00:00,0.245,0.24500000000000002,0.27839425,0.88452446,0.026447702,0.08902781,GOOD,GOOD,
2025-04-05 04:00:00+00:00,0.225,0.225,0.27522746,0.95010734,0.025898568,0.023994088,GOOD,GOOD,
2025-04-05 05:00:00+00:00,0.21000000000000002,0.21000000000000002,0.26345396,0.9063044,0.036766805,0.05692877,GOOD,GOOD,
2025-04-05 06:00:00+00:00,0.2,0.2,0.24781011,0.8955413,0.037258822,0.067199856,GOOD,GOOD,
2025-04-05 07:00:00+00:00,0.22999999999999998,0.23,0.23495588,0.94089246,0.03465605,0.024451507,GOOD,GOOD,
2025-04-05 08:00:00+00:00,0.215,0.215,0.24768448,0.9430044,0.029110407,0.027885174,GOOD,GOOD,
2025-04-05 09:00:00+00:00,0.245,0.24500000000000002,0.24995483,0.94590616,0.02924828,0.02484556,GOOD,GOOD,
2025-04-05 10:00:00+00:00,0.25,0.25,0.2652101,0.95559454,0.019512113,0.024893355,GOOD,GOOD,
2025-04-05 11:00:00+00:00,0.25,0.25,0.2777476,0.70442456,0.03941647,0.25615898,GOOD,GOOD,
2025-04-05 12:00:00+00:00,0.24,0.24,0.28188518,0.91866606,0.02993048,0.051403448,GOOD,GOOD,
2025-04-05 13:00:00+00:00,0.23,0.23000000000000004,0.27600116,0.70361835,0.05614861,0.24023305,GOOD,GOOD,
2025-04-05 14:00:00+00:00,0.23,0.23000000000000004,0.26583016,0.8465563,0.03899504,0.11444869,GOOD,GOOD,
2025-04-05 15:00:00+00:00,0.235,0.235,0.26098981,0.82448256,0.03850514,0.13701233,GOOD,GOOD,
2025-04-05 16:00:00+00:00,0.22,0.22,0.26316956,0.9244129,0.032398593,0.0431885,GOOD,GOOD,
2025-04-05 17:00:00+00:00,0.20500000000000002,0.20500000000000002,0.25666147,0.7481378,0.0654419,0.18642032,GOOD,GOOD,
2025-04-05 18:00:00+00:00,0.19,0.19,0.24310894,0.7626137,0.06727484,0.17011146,GOOD,GOOD,
2025-04-05 19:00:00+00:00,0.21500000000000002,0.21500000000000002,0.22751868,0.9167329,0.04093239,0.042334724,GOOD,GOOD,
2025-04-05 20:00:00+00:00,0.22,0.22,0.2351405,0.91725105,0.032864474,0.04988447,GOOD,GOOD,
2025-04-05 21:00:00+00:00,0.24,0.24,0.24653149,0.9329763,0.02768725,0.039336447,GOOD,GOOD,
2025-04-05 22:00:00+00:00,0.29000000000000004,0.2900000000000001,0.26299936,0.88176453,0.0759484,0.042287078,GOOD,GOOD,
2025-04-05 23:00:00+00:00,0.28500000000000003,0.2850000000000001,0.30034393,0.9308273,0.0397295,0.029443175,GOOD,GOOD,
2025-04-06 00:00:00+00:00,0.27,0.2700000000000001,0.31701452,0.965002,0.017811663,0.017186359,GOOD,GOOD,
2025-04-06 01:00:00+00:00,0.255,0.255,0.30972937,0.8350805,0.03671908,0.12820043,GOOD,GOOD,
2025-04-06 02:00:00+00:00,0.2,0.2,0.29352888,0.86373514,0.09047686,0.045788016,GOOD,GOOD,
2025-04-06 03:00:00+00:00,0.18,0.18,0.25368017,0.92550147,0.044774026,0.029724512,GOOD,GOOD,
2025-04-06 04:00:00+00:00,0.215,0.215,0.22082376,0.9371354,0.038928777,0.0239358,GOOD,GOOD,
2025-04-06 05:00:00+00:00,0.22,0.22,0.22932614,0.96308845,0.020114886,0.016796643,GOOD,GOOD,
2025-04-06 06:00:00+00:00,0.21000000000000002,0.21000000000000002,0.24484849,0.9563365,0.020093732,0.023569778,GOOD,GOOD,
2025-04-06 07:00:00+00:00,0.225,0.225,0.24567476,0.96362275,0.019507853,0.01686942,GOOD,GOOD,
2025-04-06 08:00:00+00:00,0.22999999999999998,0.23,0.2512637,0.9054725,0.027632268,0.06689523,GOOD,GOOD,
2025-04-06 09:00:00+00:00,0.26,0.26000000000000006,0.2581011,0.95209056,0.029246952,0.018662501,GOOD,GOOD,
2025-04-06 10:00:00+00:00,0.34,0.34000000000000014,0.27866068,0.7892586,0.14309387,0.067647524,GOOD,GOOD,
2025-04-06 11:00:00+00:00,0.355,0.35500000000000004,0.3378735,0.85566473,0.088440485,0.055894814,GOOD,GOOD,
2025-04-06 12:00:00+00:00,0.31,0.31000000000000005,0.378635,0.914941,0.051582973,0.033476025,GOOD,GOOD,
2025-04-06 13:00:00+00:00,0.28,0.28000000000000014,0.36219662,0.9499401,0.028631873,0.02142805,GOOD,GOOD,
2025-04-06 14:00:00+00:00,0.29500000000000004,0.2950000000000001,0.32678244,0.96828914,0.017777452,0.013933433,GOOD,GOOD,
2025-04-06 15:00:00+00:00,0.275,0.2750000000000001,0.31921646,0.97254175,0.016152285,0.011305994,GOOD,GOOD,
2025-04-06 16:00:00+00:00,0.275,0.2750000000000001,0.31059837,0.93237555,0.020019453,0.04760498,GOOD,GOOD,
2025-04-06 17:00:00+00:00,0.29500000000000004,0.2950000000000001,0.30601314,0.9680062,0.018290555,0.013703244,GOOD,GOOD,
2025-04-06 18:00:00+00:00,0.265,0.26500000000000007,0.3168609,0.95583344,0.024290577,0.019875959,GOOD,GOOD,
2025-04-06 19:00:00+00:00,0.24,0.24,0.30656472,0.8994532,0.04486338,0.05568341,GOOD,GOOD,
2025-04-06 20:00:00+00:00,0.25,0.25,0.28280407,0.9639963,0.018650813,0.017352888,GOOD,GOOD,
2025-04-06 21:00:00+00:00,0.26,0.26000000000000006,0.27672926,0.8164759,0.0409196,0.14260447,GOOD,GOOD,
2025-04-06 22:00:00+00:00,0.31,0.31000000000000005,0.28437197,0.9299618,0.04747447,0.022563739,GOOD,GOOD,
2025-04-06 23:00:00+00:00,0.26,0.26000000000000006,0.31961244,0.9540247,0.0277403,0.018235058,GOOD,GOOD,
2025-04-07 00:00:00+00:00,0.29,0.29000000000000004,0.3096955,0.9638255,0.020947115,0.015227364,GOOD,GOOD,
2025-04-07 01:00:00+00:00,0.32,0.32000000000000006,0.31306386,0.9419693,0.031360257,0.026670473,GOOD,GOOD,
2025-04-07 02:00:00+00:00,0.28,0.28000000000000014,0.3366068,0.9645408,0.021190751,0.014268495,GOOD,GOOD,
2025-04-07 03:00:00+00:00,0.24,0.24,0.32598817,0.9231812,0.04423266,0.032586157,GOOD,GOOD,
2025-04-07 04:00:00+00:00,0.26,0.26000000000000006,0.29045227,0.973219,0.015130968,0.01165006,GOOD,GOOD,
2025-04-07 05:00:00+00:00,0.25,0.25,0.28344524,0.9711833,0.014284048,0.0145326685,GOOD,GOOD,
2025-04-07 06:00:00+00:00,0.27,0.2700000000000001,0.28153864,0.9727183,0.015625708,0.011655987,GOOD,GOOD,
2025-04-07 07:00:00+00:00,0.29,0.29000000000000004,0.29269254,0.92291486,0.030172436,0.046912678,GOOD,GOOD,
2025-04-07 08:00:00+00:00,0.255,0.255,0.31174943,0.94704473,0.0294283,0.023526954,GOOD,GOOD,
2025-04-07 09:00:00+00:00,0.265,0.26500000000000007,0.30002373,0.96643966,0.016634325,0.016926037,GOOD,GOOD,
2025-04-07 10:00:00+00:00,0.3,0.30000000000000004,0.29438287,0.960452,0.024568807,0.014979185,GOOD,GOOD,
2025-04-07 11:00:00+00:00,0.31,0.31000000000000005,0.3150978,0.95344394,0.022458347,0.024097713,GOOD,GOOD,
2025-04-07 12:00:00+00:00,0.305,0.3050000000000001,0.33492172,0.9211174,0.022295175,0.05658738,GOOD,GOOD,
2025-04-07 13:00:00+00:00,0.29,0.29000000000000004,0.33883405,0.9341857,0.01928428,0.04653005,GOOD,GOOD,
2025-04-07 14:00:00+00:00,0.29000000000000004,0.2900000000000001,0.32815197,0.87515676,0.022626761,0.102216475,GOOD,GOOD,
2025-04-07 15:00:00+00:00,0.255,0.255,0.32130212,0.9532552,0.028000131,0.018744713,GOOD,GOOD,
2025-04-07 16:00:00+00:00,0.265,0.26500000000000007,0.2990641,0.9726629,0.014180078,0.013157022,GOOD,GOOD,
2025-04-07 17:00:00+00:00,0.28,0.28000000000000014,0.29255083,0.9264857,0.026153574,0.047360692,GOOD,GOOD,
2025-04-07 18:00:00+00:00,0.27,0.2700000000000001,0.30255702,0.96080554,0.016807418,0.022387028,GOOD,GOOD,
2025-04-07 19:00:00+00:00,0.32,0.32000000000000006,0.30373883,0.91724783,0.05341763,0.029334513,GOOD,GOOD,
2025-04-07 20:00:00+00:00,0.36,0.36000000000000004,0.3315789,0.90603673,0.06061722,0.03334605,GOOD,GOOD,
2025-04-07 21:00:00+00:00,0.37,0.37000000000000005,0.37291288,0.9409944,0.034420338,0.024585277,GOOD,GOOD,
2025-04-07 22:00:00+00:00,0.385,0.38500000000000006,0.39723092,0.910585,0.038686,0.05072899,GOOD,GOOD,
2025-04-07 23:00:00+00:00,0.44,0.4400000000000001,0.41196358,0.8989923,0.064024985,0.036982745,GOOD,GOOD,
2025-04-08 00:00:00+00:00,0.38,0.38000000000000006,0.45024866,0.9153767,0.053823788,0.030799506,GOOD,GOOD,
2025-04-08 01:00:00+00:00,0.39,0.3900000000000001,0.43231988,0.96466035,0.019560503,0.015779132,GOOD,GOOD,
2025-04-08 02:00:00+00:00,0.37,0.37000000000000005,0.4202476,0.9706435,0.016126476,0.013230012,GOOD,GOOD,
2025-04-08 03:00:00+00:00,0.42500000000000004,0.42500000000000016,0.4058752,0.9091651,0.05746042,0.033374503,GOOD,GOOD,
2025-04-08 04:00:00+00:00,0.38,0.38000000000000006,0.43359596,0.9508228,0.030227382,0.018949833,GOOD,GOOD,
2025-04-08 05:00:00+00:00,0.395,0.3950000000000001,0.4246082,0.9683438,0.017605362,0.014050866,GOOD,GOOD,
2025-04-08 06:00:00+00:00,0.425,0.4250000000000001,0.42214954,0.9642859,0.02240451,0.013309598,GOOD,GOOD,
2025-04-08 07:00:00+00:00,0.48,0.48000000000000004,0.44194108,0.934829,0.04714114,0.018029835,GOOD,GOOD,
2025-04-08 08:00:00+00:00,0.505,0.505,0.48808444,0.9529145,0.030170238,0.016915286,GOOD,GOOD,
2025-04-08 09:00:00+00:00,0.5,0.5000000000000001,0.525486,0.95649284,0.018102761,0.025404416,GOOD,GOOD,
2025-04-08 10:00:00+00:00,0.575,0.575,0.53344816,0.92537755,0.0528236,0.021798879,GOOD,GOOD,
2025-04-08 11:00:00+00:00,0.615,0.6150000000000001,0.5794403,0.9415305,0.041041497,0.017427953,GOOD,GOOD,
2025-04-08 12:00:00+00:00,0.67,0.67,0.62929976,0.9326913,0.049772367,0.017536357,GOOD,GOOD,
2025-04-08 13:00:00+00:00,0.6499999999999999,0.6499999999999999,0.6825645,0.9631058,0.020829624,0.016064567,GOOD,GOOD,
2025-04-08 14:00:00+00:00,0.585,0.5850000000000001,0.6868604,0.93201613,0.045857772,0.022126108,GOOD,GOOD,
2025-04-08 15:00:00+00:00,0.67,0.67,0.6371837,0.9174947,0.058007702,0.024497604,GOOD,GOOD,
2025-04-08 16:00:00+00:00,0.61,0.6100000000000001,0.6690588,0.9562339,0.027734611,0.016031474,GOOD,GOOD,
2025-04-08 17:00:00+00:00,0.625,0.625,0.65391505,0.96917844,0.017621847,0.013199713,GOOD,GOOD,
2025-04-08 18:00:00+00:00,0.695,0.695,0.64973027,0.94111514,0.045594845,0.0132899955,GOOD,GOOD,
2025-04-08 19:00:00+00:00,0.7150000000000001,0.7150000000000001,0.69746757,0.9575498,0.028365256,0.014084912,GOOD,GOOD,
2025-04-08 20:00:00+00:00,0.8,0.8000000000000002,0.7347181,0.90923774,0.07420181,0.016560443,GOOD,GOOD,
2025-04-08 21:00:00+00:00,0.935,0.935,0.8022318,0.715308,0.23950692,0.04518508,GOOD,GOOD,
2025-04-08 22:00:00+00:00,0.95,0.9500000000000001,0.92325246,0.84817255,0.10962211,0.042205352,GOOD,GOOD,
2025-04-08 23:00:00+00:00,0.905,0.9050000000000001,0.97489876,0.9553022,0.027934296,0.016763503,GOOD,GOOD,
2025-04-09 00:00:00+00:00,0.75,0.7500000000000001,0.94559956,0.82489383,0.13086112,0.044245053,GOOD,GOOD,
2025-04-09 01:00:00+00:00,0.75,0.7500000000000001,0.81945556,0.9376584,0.034707602,0.027633967,GOOD,GOOD,
2025-04-09 02:00:00+00:00,0.78,0.7800000000000001,0.7716217,0.97084004,0.021094445,0.008065509,GOOD,GOOD,
2025-04-09 03:00:00+00:00,0.735,0.7350000000000001,0.7895577,0.974399,0.015810248,0.009790763,GOOD,GOOD,
2025-04-09 04:00:00+00:00,0.81,0.8100000000000002,0.77252185,0.94377095,0.045135327,0.011093741,GOOD,GOOD,
2025-04-09 05:00:00+00:00,0.78,0.7800000000000001,0.81254107,0.9703021,0.016915651,0.012782237,GOOD,GOOD,
2025-04-09 06:00:00+00:00,0.77,0.77,0.8123349,0.90463495,0.024619965,0.07074509,GOOD,GOOD,
2025-04-09 07:00:00+00:00,0.715,0.715,0.79890144,0.9650273,0.024051845,0.010920856,GOOD,GOOD,
2025-04-09 08:00:00+00:00,0.7949999999999999,0.7949999999999999,0.75613487,0.9421964,0.04583526,0.011968334,GOOD,GOOD,
2025-04-09 09:00:00+00:00,0.84,0.84,0.79386914,0.90154195,0.07661443,0.02184362,GOOD,GOOD,
2025-04-09 10:00:00+00:00,0.8049999999999999,0.805,0.8494352,0.9706684,0.015532091,0.013799525,GOOD,GOOD,
2025-04-09 11:00:00+00:00,0.81,0.8100000000000002,0.84267586,0.9268006,0.017723268,0.05547615,GOOD,GOOD,
2025-04-09 12:00:00+00:00,0.745,0.745,0.83510876,0.95622265,0.028577272,0.015200077,GOOD,GOOD,
2025-04-09 13:00:00+00:00,0.76,0.7600000000000001,0.7887749,0.973027,0.015265849,0.011707139,GOOD,GOOD,
2025-04-09 14:00:00+00:00,0.755,0.7550000000000001,0.779818,0.8175367,0.03411864,0.14834465,GOOD,GOOD,
2025-04-09 15:00:00+00:00,0.73,0.7300000000000001,0.7795624,0.9526651,0.022653729,0.024681207,GOOD,GOOD,
2025-04-09 16:00:00+00:00,0.825,0.8250000000000001,0.7631263,0.9192344,0.06535699,0.015408645,GOOD,GOOD,
2025-04-09 17:00:00+00:00,0.79,0.79,0.82085276,0.97106415,0.01588878,0.013047083,GOOD,GOOD,
2025-04-09 18:00:00+00:00,0.855,0.8550000000000001,0.82490563,0.9448003,0.042846415,0.0123532545,GOOD,GOOD,
2025-04-09 19:00:00+00:00,0.8400000000000001,0.8400000000000001,0.8627213,0.9701657,0.016627558,0.013206734,GOOD,GOOD,
2025-04-09 20:00:00+00:00,0.88,0.8800000000000001,0.86852276,0.9581555,0.030589763,0.011254696,GOOD,GOOD,
2025-04-09 21:00:00+00:00,0.885,0.885,0.8937103,0.90091366,0.031887323,0.067199,GOOD,GOOD,
2025-04-09 22:00:00+00:00,0.815,0.815,0.90737516,0.95235425,0.031464905,0.016180847,GOOD,GOOD,
2025-04-09 23:00:00+00:00,0.85,0.8500000000000001,0.86000496,0.96347594,0.022961361,0.013562666,GOOD,GOOD,
2025-04-10 00:00:00+00:00,0.675,0.675,0.8630747,0.6397522,0.25582367,0.10442413,GOOD,GOOD,
2025-04-10 01:00:00+00:00,0.565,0.5650000000000001,0.7511792,0.5535413,0.3339728,0.11248592,GOOD,GOOD,
2025-04-10 02:00:00+00:00,0.655,0.6550000000000001,0.6284963,0.9102014,0.06240998,0.02738866,GOOD,GOOD,
2025-04-10 03:00:00+00:00,0.62,0.62,0.64559823,0.95482725,0.026975472,0.01819726,GOOD,GOOD,
2025-04-10 04:00:00+00:00,0.685,0.6850000000000002,0.65127176,0.94661397,0.04017628,0.013209745,GOOD,GOOD,
2025-04-10 05:00:00+00:00,0.665,0.6650000000000001,0.6917932,0.9623862,0.019116135,0.018497666,GOOD,GOOD,
2025-04-10 06:00:00+00:00,0.63,0.63,0.697494,0.9624891,0.020681186,0.016829671,GOOD,GOOD,
2025-04-10 07:00:00+00:00,0.595,0.595,0.67016196,0.94069886,0.033644307,0.0256568,GOOD,GOOD,
2025-04-10 08:00:00+00:00,0.655,0.6550000000000001,0.63382137,0.95489585,0.032359157,0.01274502,GOOD,GOOD,
2025-04-10 09:00:00+00:00,0.6625000000000001,0.6625000000000001,0.66044277,0.9448056,0.023243388,0.031951003,GOOD,GOOD,
2025-04-10 10:00:00+00:00,0.67,0.67,0.68514735,0.7845627,0.028101597,0.18733567,GOOD,GOOD,
2025-04-10 11:00:00+00:00,0.69,0.6900000000000001,0.69677895,0.937292,0.021141583,0.041566454,GOOD,GOOD,
2025-04-10 12:00:00+00:00,0.66,0.6600000000000001,0.7117888,0.9689857,0.015153593,0.015860742,GOOD,GOOD,
2025-04-10 13:00:00+00:00,0.45,0.4500000000000001,0.6972203,0.31551206,0.4523328,0.23215514,GOOD,SUSPECT,
2025-04-10 14:00:00+00:00,0.4866666666666667,0.4866666666666668,0.5521856,0.94071716,0.037839364,0.021443475,GOOD,GOOD,
2025-04-10 15:00:00+00:00,0.5233333333333334,0.5233333333333335,0.5042202,0.9351058,0.041027337,0.02386684,GOOD,GOOD,
2025-04-10 16:00:00+00:00,0.56,0.5600000000000002,0.52899724,0.90324104,0.060091324,0.036667623,GOOD,GOOD,
2025-04-10 17:00:00+00:00,0.57,0.57,0.572731,0.9124411,0.02553279,0.062026143,GOOD,GOOD,
2025-04-10 18:00:00+00:00,0.51,0.51,0.59616715,0.9403184,0.03567322,0.024008382,GOOD,GOOD,
2025-04-10 19:00:00+00:00,0.59,0.5900000000000001,0.5616933,0.93528324,0.046631303,0.01808547,GOOD,GOOD,
2025-04-10 20:00:00+00:00,0.5800000000000001,0.5800000000000001,0.5915494,0.97114563,0.015091158,0.013763184,GOOD,GOOD,
2025-04-10 21:00:00+00:00,0.62,0.62,0.60816586,0.9666078,0.022011735,0.0113804415,GOOD,GOOD,
2025-04-10 22:00:00+00:00,0.62,0.62,0.63658595,0.8800093,0.019857649,0.10013304,GOOD,GOOD,
2025-04-10 23:00:00+00:00,0.63,0.63,0.64843535,0.859561,0.022849564,0.117589414,GOOD,GOOD,
2025-04-11 00:00:00+00:00,0.55,0.55,0.6559894,0.92359847,0.05023891,0.02616264,GOOD,GOOD,
2025-04-11 01:00:00+00:00,0.44,0.4400000000000001,0.60572696,0.7230432,0.20803878,0.06891802,GOOD,GOOD,
2025-04-11 02:00:00+00:00,0.445,0.44500000000000006,0.50946474,0.9428187,0.032279987,0.0249013,GOOD,GOOD,
2025-04-11 03:00:00+00:00,0.44,0.4400000000000001,0.47101924,0.8759136,0.0336629,0.09042349,GOOD,GOOD,
2025-04-11 04:00:00+00:00,0.45999999999999996,0.4600000000000001,0.46490857,0.9648539,0.018866384,0.01627973,GOOD,GOOD,
2025-04-11 05:00:00+00:00,0.46,0.46000000000000013,0.47979996,0.8921666,0.024032893,0.08380048,GOOD,GOOD,
2025-04-11 06:00:00+00:00,0.505,0.505,0.48841685,0.9555595,0.02961281,0.014827672,GOOD,GOOD,
2025-04-11 07:00:00+00:00,0.53,0.53,0.5182695,0.95746845,0.024925724,0.017605847,GOOD,GOOD,
2025-04-11 08:00:00+00:00,0.46499999999999997,0.465,0.54928815,0.9445888,0.033311356,0.022099854,GOOD,GOOD,
2025-04-11 09:00:00+00:00,0.48,0.48000000000000004,0.51891893,0.9766027,0.01181301,0.011584344,GOOD,GOOD,
2025-04-11 10:00:00+00:00,0.49,0.4900000000000001,0.5065175,0.8681677,0.024022585,0.10780973,GOOD,GOOD,
2025-04-11 11:00:00+00:00,0.47,0.47000000000000003,0.5130293,0.97364634,0.01197304,0.014380623,GOOD,GOOD,
2025-04-11 12:00:00+00:00,0.43,0.43000000000000005,0.50589585,0.9503055,0.02677149,0.022922978,GOOD,GOOD,
2025-04-11 13:00:00+00:00,0.33999999999999997,0.3400000000000001,0.47531134,0.7248572,0.1961892,0.078953624,GOOD,GOOD,
2025-04-11 14:00:00+00:00,0.355,0.35500000000000004,0.40482512,0.94989413,0.028340895,0.021764971,GOOD,GOOD,
2025-04-11 15:00:00+00:00,0.41000000000000003,0.4100000000000001,0.3797997,0.92564493,0.052129563,0.022225523,GOOD,GOOD,
2025-04-11 16:00:00+00:00,0.45499999999999996,0.455,0.41345644,0.9210356,0.056148883,0.022815533,GOOD,GOOD,
2025-04-11 17:00:00+00:00,0.45999999999999996,0.4600000000000001,0.46495616,0.9586304,0.018094527,0.023275068,GOOD,GOOD,
2025-04-11 18:00:00+00:00,0.515,0.515,0.48922783,0.9516678,0.033429343,0.0149028525,GOOD,GOOD,
2025-04-11 19:00:00+00:00,0.51,0.51,0.5273103,0.9710362,0.01446573,0.014498093,GOOD,GOOD,
2025-04-11 20:00:00+00:00,0.56,0.5600000000000002,0.5411915,0.95265543,0.031733327,0.0156112155,GOOD,GOOD,
2025-04-11 21:00:00+00:00,0.59,0.5900000000000001,0.5736313,0.95399433,0.029403044,0.016602611,GOOD,GOOD,
2025-04-11 22:00:00+00:00,0.6000000000000001,0.6000000000000001,0.60844725,0.948283,0.023733651,0.02798331,GOOD,GOOD,
2025-04-11 23:00:00+00:00,0.6,0.6,0.62687325,0.8452469,0.03155319,0.12319989,GOOD,GOOD,
2025-04-12 00:00:00+00:00,0.52,0.52,0.6301053,0.9105402,0.05897878,0.030480968,GOOD,GOOD,
2025-04-12 01:00:00+00:00,0.4675,0.4675000000000001,0.5768848,0.9255792,0.05148201,0.022938797,GOOD,GOOD,
2025-04-12 02:00:00+00:00,0.41500000000000004,0.41500000000000015,0.51595116,0.9184216,0.058407925,0.023170477,GOOD,GOOD,
2025-04-12 03:00:00+00:00,0.52,0.52,0.46091238,0.81986314,0.13396318,0.046173677,GOOD,GOOD,
2025-04-12 04:00:00+00:00,0.645,0.645,0.50747573,0.59991384,0.31655428,0.083531894,GOOD,GOOD,
2025-04-12 05:00:00+00:00,0.645,0.645,0.62489134,0.89760387,0.06503571,0.037360422,GOOD,GOOD,
2025-04-12 06:00:00+00:00,0.6799999999999999,0.68,0.6754636,0.94827694,0.033119034,0.018604057,GOOD,GOOD,
2025-04-12 07:00:00+00:00,0.685,0.6850000000000002,0.70241916,0.94520265,0.02312723,0.03167014,GOOD,GOOD,
2025-04-12 08:00:00+00:00,0.7,0.7,0.71199316,0.9280712,0.029297708,0.042631075,GOOD,GOOD,
2025-04-12 09:00:00+00:00,0.66,0.6600000000000001,0.72306764,0.96141326,0.022173971,0.01641275,GOOD,GOOD,
2025-04-12 10:00:00+00:00,0.7949999999999999,0.7949999999999999,0.7002875,0.78657734,0.16388562,0.049537007,GOOD,GOOD,
2025-04-12 11:00:00+00:00,0.765,0.765,0.7797424,0.9524555,0.029783383,0.017761119,GOOD,GOOD,
2025-04-12 12:00:00+00:00,0.7675000000000001,0.7675000000000002,0.79973274,0.942498,0.018003937,0.039498042,GOOD,GOOD,
2025-04-12 13:00:00+00:00,0.77,0.77,0.7967264,0.71356475,0.040570747,0.24586453,GOOD,GOOD,
2025-04-12 14:00:00+00:00,0.55,0.55,0.7947504,0.32731968,0.40434158,0.26833874,GOOD,SUSPECT,
2025-04-12 15:00:00+00:00,0.55,0.55,0.6476639,0.7731182,0.13484217,0.09203964,GOOD,GOOD,
2025-04-12 16:00:00+00:00,0.65,0.65,0.5784956,0.88166654,0.09262333,0.025710108,GOOD,GOOD,
2025-04-12 17:00:00+00:00,0.605,0.605,0.63412446,0.9675552,0.019236205,0.013208553,GOOD,GOOD,
2025-04-12 18:00:00+00:00,0.63,0.63,0.6433469,0.97351223,0.014113444,0.01237435,GOOD,GOOD,
2025-04-12 19:00:00+00:00,0.73,0.7300000000000001,0.6526021,0.8932224,0.08715148,0.019626107,GOOD,GOOD,
2025-04-12 20:00:00+00:00,0.7150000000000001,0.7150000000000001,0.7234041,0.9686076,0.017237078,0.014155316,GOOD,GOOD,
2025-04-12 21:00:00+00:00,0.7050000000000001,0.7050000000000002,0.74630016,0.80835706,0.029916119,0.1617268,GOOD,GOOD,
2025-04-12 22:00:00+00:00,0.82,0.82,0.73828954,0.8854526,0.09156913,0.022978207,GOOD,GOOD,
2025-04-12 23:00:00+00:00,0.795,0.795,0.81100625,0.9672079,0.018993974,0.013798143,GOOD,GOOD,
2025-04-13 00:00:00+00:00,0.85,0.8500000000000001,0.82849663,0.9483923,0.038754746,0.012852953,GOOD,GOOD,
2025-04-13 01:00:00+00:00,0.7849999999999999,0.785,0.86287403,0.9590358,0.024482321,0.016481861,GOOD,GOOD,
2025-04-13 02:00:00+00:00,0.6000000000000001,0.6000000000000001,0.8301458,0.6215777,0.28720117,0.091221154,GOOD,GOOD,
2025-04-13 03:00:00+00:00,0.665,0.6650000000000001,0.6863926,0.9665689,0.023732333,0.00969879,GOOD,GOOD,
2025-04-13 04:00:00+00:00,0.635,0.6350000000000001,0.6684191,0.9745041,0.014916043,0.010579834,GOOD,GOOD,
2025-04-13 05:00:00+00:00,0.6799999999999999,0.68,0.6634575,0.9672438,0.024100095,0.0086561,GOOD,GOOD,
2025-04-13 06:00:00+00:00,0.73,0.7300000000000001,0.6917759,0.9366175,0.048542146,0.014840369,GOOD,GOOD,
2025-04-13 07:00:00+00:00,0.75,0.7500000000000001,0.7395286,0.92407525,0.036233094,0.03969169,GOOD,GOOD,
2025-04-13 08:00:00+00:00,0.785,0.7850000000000001,0.77067596,0.9437801,0.037446108,0.018773759,GOOD,GOOD,
2025-04-13 09:00:00+00:00,0.75,0.7500000000000001,0.8015415,0.9726548,0.015245008,0.012100181,GOOD,GOOD,
2025-04-13 10:00:00+00:00,0.7849999999999999,0.785,0.7871596,0.9708151,0.01844405,0.010740803,GOOD,GOOD,
2025-04-13 11:00:00+00:00,0.91,0.91,0.8005333,0.8590152,0.1165628,0.024421956,GOOD,GOOD,
2025-04-13 12:00:00+00:00,1.0,1.0000000000000002,0.897569,0.7476405,0.21114372,0.041215792,GOOD,GOOD,
2025-04-13 13:00:00+00:00,0.995,0.9950000000000002,1.0022858,0.94542587,0.031672157,0.022901986,GOOD,GOOD,
2025-04-13 14:00:00+00:00,0.81,0.8100000000000002,1.0251426,0.7637967,0.17549734,0.06070594,GOOD,GOOD,
2025-04-13 15:00:00+00:00,0.95,0.9500000000000001,0.8875269,0.86230284,0.10996837,0.027728789,GOOD,GOOD,
2025-04-13 16:00:00+00:00,0.925,0.9250000000000002,0.93101096,0.9653561,0.023193043,0.011450824,GOOD,GOOD,
2025-04-13 17:00:00+00:00,0.93,0.9300000000000002,0.949994,0.8547175,0.040520195,0.10476234,GOOD,GOOD,
2025-04-13 18:00:00+00:00,0.8200000000000001,0.8200000000000001,0.9535429,0.9202315,0.06068188,0.019086622,GOOD,GOOD,
2025-04-13 19:00:00+00:00,0.855,0.8550000000000001,0.8740228,0.9659806,0.021523852,0.012495531,GOOD,GOOD,
2025-04-13 20:00:00+00:00,0.9299999999999999,0.93,0.8658645,0.9179714,0.06788381,0.014144805,GOOD,GOOD,
2025-04-13 21:00:00+00:00,0.74,0.74,0.9273152,0.745456,0.18345802,0.071086004,GOOD,GOOD,
2025-04-13 22:00:00+00:00,0.77,0.77,0.8197346,0.97052157,0.017397176,0.012081278,GOOD,GOOD,
2025-04-13 23:00:00+00:00,0.815,0.815,0.78605926,0.94693637,0.03964171,0.013421891,GOOD,GOOD,
2025-04-14 00:00:00+00:00,0.885,0.885,0.81908536,0.89547634,0.08545013,0.019073533,GOOD,GOOD,
2025-04-14 01:00:00+00:00,0.89,0.89,0.8873406,0.90922415,0.034349598,0.05642627,GOOD,GOOD,
2025-04-14 02:00:00+00:00,0.65,0.65,0.91436934,0.38483673,0.4037757,0.21138757,GOOD,SUSPECT,
2025-04-14 03:00:00+00:00,0.585,0.5850000000000001,0.7508608,0.5598787,0.30877408,0.13134724,GOOD,GOOD,
2025-04-14 04:00:00+00:00,0.63,0.63,0.63375694,0.964254,0.024009787,0.011736219,GOOD,GOOD,
2025-04-14 05:00:00+00:00,0.71,0.7100000000000001,0.6329152,0.89086235,0.08610346,0.023034187,GOOD,GOOD,
2025-04-14 06:00:00+00:00,0.69,0.6900000000000001,0.704513,0.9662336,0.018014578,0.015751805,GOOD,GOOD,
2025-04-14 07:00:00+00:00,0.72,0.72,0.72398007,0.9682181,0.018436585,0.013345357,GOOD,GOOD,
2025-04-14 08:00:00+00:00,0.7,0.7,0.74055254,0.96550816,0.014837781,0.019654071,GOOD,GOOD,
2025-04-14 09:00:00+00:00,0.645,0.645,0.73269683,0.94903904,0.03428634,0.016674643,GOOD,GOOD,
2025-04-14 10:00:00+00:00,0.645,0.645,0.6900286,0.84590024,0.035075936,0.119023845,GOOD,GOOD,
2025-04-14 11:00:00+00:00,0.67,0.67,0.6714166,0.96267915,0.020719342,0.016601507,GOOD,GOOD,
2025-04-14 12:00:00+00:00,0.64,0.6400000000000001,0.6863963,0.9574511,0.020608274,0.021940595,GOOD,GOOD,
2025-04-14 13:00:00+00:00,0.635,0.6350000000000001,0.6763232,0.7872527,0.03052849,0.18221878,GOOD,GOOD,
2025-04-14 14:00:00+00:00,0.595,0.595,0.66501397,0.94059914,0.0336596,0.025741262,GOOD,GOOD,
2025-04-14 15:00:00+00:00,0.45,0.4500000000000001,0.63509077,0.5977188,0.30676275,0.09551848,GOOD,GOOD,
2025-04-14 16:00:00+00:00,0.53,0.53,0.5294581,0.9041639,0.06060526,0.035230845,GOOD,GOOD,
2025-04-14 17:00:00+00:00,0.5700000000000001,0.5700000000000001,0.5299157,0.93217707,0.04775027,0.020072656,GOOD,GOOD,
2025-04-14 18:00:00+00:00,0.58,0.58,0.57619363,0.90365297,0.03242247,0.063924566,GOOD,GOOD,
2025-04-14 19:00:00+00:00,0.605,0.605,0.60490847,0.95480657,0.021562546,0.023630917,GOOD,GOOD,
2025-04-14 20:00:00+00:00,0.61,0.6100000000000001,0.6269531,0.8870724,0.021152763,0.091774836,GOOD,GOOD,
2025-04-14 21:00:00+00:00,0.585,0.5850000000000001,0.6369734,0.9706699,0.014316416,0.015013668,GOOD,GOOD,
2025-04-14 22:00:00+00:00,0.54,0.5400000000000001,0.62224025,0.9538421,0.02770154,0.018456383,GOOD,GOOD,
2025-04-14 23:00:00+00:00,0.55,0.55,0.5843401,0.97155106,0.013663664,0.014785288,GOOD,GOOD,
2025-04-15 00:00:00+00:00,0.6,0.6,0.57428384,0.9591897,0.029156253,0.011654034,GOOD,GOOD,
2025-04-15 01:00:00+00:00,0.5449999999999999,0.5449999999999999,0.60850644,0.9626053,0.021611096,0.015783606,GOOD,GOOD,
2025-04-15 02:00:00+00:00,0.46499999999999997,0.465,0.5915688,0.85743105,0.09944764,0.043121286,GOOD,GOOD,
2025-04-15 03:00:00+00:00,0.37,0.37000000000000005,0.5251802,0.70306885,0.21962032,0.07731084,GOOD,GOOD,
2025-04-15 04:00:00+00:00,0.445,0.44500000000000006,0.43513072,0.8469358,0.09699343,0.05607078,GOOD,GOOD,
2025-04-15 05:00:00+00:00,0.505,0.505,0.44386926,0.88422096,0.087283656,0.02849538,GOOD,GOOD,
2025-04-15 06:00:00+00:00,0.475,0.4750000000000001,0.5044762,0.9534672,0.025282426,0.021250365,GOOD,GOOD,
2025-04-15 07:00:00+00:00,0.515,0.515,0.51515585,0.9573175,0.024506098,0.01817646,GOOD,GOOD,
2025-04-15 08:00:00+00:00,0.515,0.515,0.53381854,0.95898324,0.014939065,0.026077705,GOOD,GOOD,
2025-04-15 09:00:00+00:00,0.52,0.52,0.54323924,0.78288734,0.028909884,0.18820281,GOOD,GOOD,
2025-04-15 10:00:00+00:00,0.47,0.47000000000000003,0.54809475,0.9395357,0.035757262,0.024707071,GOOD,GOOD,
2025-04-15 11:00:00+00:00,0.44999999999999996,0.45000000000000007,0.51756495,0.95647156,0.021210235,0.022318225,GOOD,GOOD,
2025-04-15 12:00:00+00:00,0.485,0.4850000000000001,0.487841,0.9638144,0.01977922,0.016406417,GOOD,GOOD,
2025-04-15 13:00:00+00:00,0.425,0.4250000000000001,0.49980265,0.9102616,0.053411808,0.036326624,GOOD,GOOD,
2025-04-15 14:00:00+00:00,0.365,0.3650000000000001,0.47424915,0.84237367,0.109254934,0.0483714,GOOD,GOOD,
2025-04-15 15:00:00+00:00,0.32,0.32000000000000006,0.42001697,0.823943,0.11437875,0.061678216,GOOD,GOOD,
2025-04-15 16:00:00+00:00,0.325,0.32500000000000007,0.36759883,0.94809604,0.024494542,0.027409444,GOOD,GOOD,
2025-04-15 17:00:00+00:00,0.36,0.36000000000000004,0.35098952,0.9416029,0.036458854,0.021938238,GOOD,GOOD,
2025-04-15 18:00:00+00:00,0.34,0.34000000000000014,0.37267235,0.9592541,0.02191722,0.018828718,GOOD,GOOD,
2025-04-15 19:00:00+00:00,0.34,0.34000000000000014,0.375979,0.89796114,0.023035679,0.07900316,GOOD,GOOD,
2025-04-15 20:00:00+00:00,0.35,0.35000000000000003,0.37247917,0.9150015,0.02327728,0.061721213,GOOD,GOOD,
2025-04-15 21:00:00+00:00,0.36,0.36000000000000004,0.37634906,0.8465158,0.029533232,0.12395098,GOOD,GOOD,
2025-04-15 22:00:00+00:00,0.365,0.3650000000000001,0.38570642,0.83398473,0.02658344,0.13943186,GOOD,GOOD,
2025-04-15 23:00:00+00:00,0.365,0.3650000000000001,0.39337164,0.7439927,0.02783168,0.22817561,GOOD,GOOD,
2025-04-16 00:00:00+00:00,0.4,0.40000000000000013,0.39588344,0.9672704,0.019409254,0.013320371,GOOD,GOOD,
2025-04-16 01:00:00+00:00,0.4,0.40000000000000013,0.4173009,0.9610112,0.013883202,0.02510562,GOOD,GOOD,
2025-04-16 02:00:00+00:00,0.32,0.32000000000000006,0.42940676,0.8680702,0.08676309,0.045166712,GOOD,GOOD,
2025-04-16 03:00:00+00:00,0.33999999999999997,0.3400000000000001,0.3828911,0.9701778,0.017171977,0.012650174,GOOD,GOOD,
2025-04-16 04:00:00+00:00,0.29,0.29000000000000004,0.36564797,0.92904675,0.045200363,0.02575288,GOOD,GOOD,
2025-04-16 05:00:00+00:00,0.35,0.35000000000000003,0.33625135,0.91971165,0.05279737,0.027491003,GOOD,GOOD,
2025-04-16 06:00:00+00:00,0.33999999999999997,0.3400000000000001,0.35718095,0.9706497,0.015702296,0.013647981,GOOD,GOOD,
2025-04-16 07:00:00+00:00,0.39,0.3900000000000001,0.37018126,0.9486739,0.03448305,0.016843027,GOOD,GOOD,
2025-04-16 08:00:00+00:00,0.37,0.37000000000000005,0.40258843,0.9737957,0.013768775,0.01243551,GOOD,GOOD,
2025-04-16 09:00:00+00:00,0.43,0.43000000000000005,0.40705904,0.9360563,0.042426515,0.021517178,GOOD,GOOD,
2025-04-16 10:00:00+00:00,0.46499999999999997,0.465,0.43964812,0.941425,0.037718017,0.020856943,GOOD,GOOD,
2025-04-16 11:00:00+00:00,0.47,0.47000000000000003,0.48030394,0.92246604,0.0339548,0.04357916,GOOD,GOOD,
2025-04-16 12:00:00+00:00,0.49,0.4900000000000001,0.4993074,0.9423361,0.031714156,0.02594975,GOOD,GOOD,
2025-04-16 13:00:00+00:00,0.47,0.47000000000000003,0.5145921,0.9638497,0.019600127,0.016550139,GOOD,GOOD,
2025-04-16 14:00:00+00:00,0.42000000000000004,0.4200000000000001,0.50723684,0.93310356,0.041512042,0.025384372,GOOD,GOOD,
2025-04-16 15:00:00+00:00,0.37,0.37000000000000005,0.46917212,0.91905135,0.05226205,0.028686596,GOOD,GOOD,
2025-04-16 16:00:00+00:00,0.42000000000000004,0.4200000000000001,0.41916046,0.93457323,0.04070724,0.024719529,GOOD,GOOD,
2025-04-16 17:00:00+00:00,0.385,0.38500000000000006,0.429237,0.9720683,0.016479759,0.011451912,GOOD,GOOD,
2025-04-16 18:00:00+00:00,0.43,0.43000000000000005,0.42342475,0.9427339,0.036309186,0.020956926,GOOD,GOOD,
2025-04-16 19:00:00+00:00,0.5,0.5000000000000001,0.44431704,0.91130567,0.066347495,0.022346819,GOOD,GOOD,
2025-04-16 20:00:00+00:00,0.5349999999999999,0.5349999999999999,0.50179327,0.9357928,0.04393501,0.02027222,GOOD,GOOD,
2025-04-16 21:00:00+00:00,0.55,0.55,0.55163574,0.9420513,0.03210498,0.025843702,GOOD,GOOD,
2025-04-16 22:00:00+00:00,0.52,0.52,0.57670116,0.9668234,0.01787513,0.015301493,GOOD,GOOD,
2025-04-16 23:00:00+00:00,0.45999999999999996,0.4600000000000001,0.5619173,0.94079304,0.038483128,0.020723853,GOOD,GOOD,
2025-04-17 00:00:00+00:00,0.48,0.48000000000000004,0.51228106,0.9765653,0.012578371,0.010856299,GOOD,GOOD,
2025-04-17 01:00:00+00:00,0.51,0.51,0.50170356,0.9629664,0.021834018,0.015199593,GOOD,GOOD,
2025-04-17 02:00:00+00:00,0.44999999999999996,0.45000000000000007,0.5247315,0.96558094,0.020607287,0.013811793,GOOD,GOOD,
2025-04-17 03:00:00+00:00,0.45499999999999996,0.455,0.5002915,0.97798353,0.009964473,0.012052002,GOOD,GOOD,
2025-04-17 04:00:00+00:00,0.35,0.35000000000000003,0.48509026,0.73868805,0.18291485,0.07839709,GOOD,GOOD,
2025-04-17 05:00:00+00:00,0.405,0.4050000000000001,0.41748163,0.93790466,0.039841764,0.022253567,GOOD,GOOD,
2025-04-17 06:00:00+00:00,0.46,0.46000000000000013,0.4153002,0.90538853,0.0692767,0.025334788,GOOD,GOOD,
2025-04-17 07:00:00+00:00,0.44,0.4400000000000001,0.46266666,0.96958834,0.016168488,0.014243175,GOOD,GOOD,
2025-04-17 08:00:00+00:00,0.45,0.4500000000000001,0.47597173,0.9620292,0.013496357,0.024474448,GOOD,GOOD,
2025-04-17 09:00:00+00:00,0.485,0.4850000000000001,0.47939333,0.96991384,0.018284481,0.011801667,GOOD,GOOD,
2025-04-17 10:00:00+00:00,0.5,0.5000000000000001,0.5016908,0.96157384,0.018130671,0.020295482,GOOD,GOOD,
2025-04-17 11:00:00+00:00,0.41500000000000004,0.41500000000000015,0.5232623,0.8915144,0.07031417,0.038171433,GOOD,GOOD,
2025-04-17 12:00:00+00:00,0.44,0.4400000000000001,0.477137,0.974136,0.01440769,0.0114562875,GOOD,GOOD,
2025-04-17 13:00:00+00:00,0.425,0.4250000000000001,0.4633724,0.97745126,0.010950411,0.011598321,GOOD,GOOD,
2025-04-17 14:00:00+00:00,0.37,0.37000000000000005,0.45647907,0.9177841,0.051498253,0.03071763,GOOD,GOOD,
2025-04-17 15:00:00+00:00,0.355,0.35500000000000004,0.42057326,0.9518495,0.023792239,0.024358219,GOOD,GOOD,
2025-04-17 16:00:00+00:00,0.38,0.38000000000000006,0.39202535,0.9638158,0.020396203,0.015788004,GOOD,GOOD,
2025-04-17 17:00:00+00:00,0.3,0.30000000000000004,0.39823022,0.7737117,0.15424469,0.07204361,GOOD,GOOD,
2025-04-17 18:00:00+00:00,0.30500000000000005,0.30500000000000016,0.35905686,0.93728113,0.02993519,0.03278369,GOOD,GOOD,
2025-04-17 19:00:00+00:00,0.35,0.35000000000000003,0.3366522,0.9387247,0.039799314,0.021475995,GOOD,GOOD,
2025-04-17 20:00:00+00:00,0.36,0.36000000000000004,0.35934007,0.94512427,0.025782442,0.029093312,GOOD,GOOD,
2025-04-17 21:00:00+00:00,0.395,0.3950000000000001,0.38334614,0.9625458,0.023575336,0.013878855,GOOD,GOOD,
2025-04-17 22:00:00+00:00,0.385,0.38500000000000006,0.4130879,0.9714249,0.0127545055,0.015820641,GOOD,GOOD,
2025-04-17 23:00:00+00:00,0.375,0.3750000000000001,0.41956413,0.8184146,0.025783189,0.15580218,GOOD,GOOD,
2025-04-18 00:00:00+00:00,0.355,0.35500000000000004,0.41119704,0.9253081,0.024604201,0.050087698,GOOD,GOOD,
2025-04-18 01:00:00+00:00,0.385,0.38500000000000006,0.39353684,0.97288257,0.015210509,0.011906899,GOOD,GOOD,
2025-04-18 02:00:00+00:00,0.305,0.3050000000000001,0.40355608,0.8356366,0.11172546,0.052637957,GOOD,GOOD,
2025-04-18 03:00:00+00:00,0.30000000000000004,0.3000000000000001,0.36468762,0.9416605,0.028680857,0.029658634,GOOD,GOOD,
2025-04-18 04:00:00+00:00,0.265,0.26500000000000007,0.3360009,0.9236301,0.044375274,0.0319946,GOOD,GOOD,
2025-04-18 05:00:00+00:00,0.24,0.24,0.30712396,0.9191119,0.044937573,0.035950504,GOOD,GOOD,
2025-04-18 06:00:00+00:00,0.28,0.28000000000000014,0.28039593,0.9453881,0.033464536,0.021147395,GOOD,GOOD,
2025-04-18 07:00:00+00:00,0.31,0.31000000000000005,0.2933149,0.9359168,0.039111618,0.024971578,GOOD,GOOD,
2025-04-18 08:00:00+00:00,0.32999999999999996,0.33000000000000007,0.3249462,0.9292488,0.031673856,0.03907731,GOOD,GOOD,
2025-04-18 09:00:00+00:00,0.29000000000000004,0.2900000000000001,0.35245782,0.96133,0.021896293,0.016773727,GOOD,GOOD,
2025-04-18 10:00:00+00:00,0.32,0.32000000000000006,0.33803916,0.9692214,0.01718067,0.01359789,GOOD,GOOD,
2025-04-18 11:00:00+00:00,0.345,0.34500000000000003,0.3417163,0.9347432,0.028578574,0.03667818,GOOD,GOOD,
2025-04-18 12:00:00+00:00,0.3,0.30000000000000004,0.3633209,0.9645438,0.020889532,0.014566655,GOOD,GOOD,
2025-04-18 13:00:00+00:00,0.305,0.3050000000000001,0.34796324,0.97152877,0.012007903,0.016463345,GOOD,GOOD,
2025-04-18 14:00:00+00:00,0.325,0.32500000000000007,0.33678192,0.9602481,0.01742435,0.02232751,GOOD,GOOD,
2025-04-18 15:00:00+00:00,0.27,0.2700000000000001,0.3461949,0.92568666,0.046967003,0.02734635,GOOD,GOOD,
2025-04-18 16:00:00+00:00,0.29,0.29000000000000004,0.321236,0.9710869,0.015947698,0.012965361,GOOD,GOOD,
2025-04-18 17:00:00+00:00,0.25,0.25,0.31533116,0.93688625,0.038307346,0.024806388,GOOD,GOOD,
2025-04-18 18:00:00+00:00,0.22,0.22,0.2943029,0.92060703,0.046169013,0.03322394,GOOD,GOOD,
2025-04-18 19:00:00+00:00,0.27,0.2700000000000001,0.26445615,0.93752366,0.039665785,0.022810537,GOOD,GOOD,
2025-04-18 20:00:00+00:00,0.305,0.3050000000000001,0.27988878,0.932456,0.0435664,0.023977581,GOOD,GOOD,
2025-04-18 21:00:00+00:00,0.3,0.30000000000000004,0.31722233,0.95040804,0.018706037,0.030885914,GOOD,GOOD,
2025-04-18 22:00:00+00:00,0.335,0.3350000000000001,0.33260033,0.96186256,0.023119172,0.015018241,GOOD,GOOD,
2025-04-18 23:00:00+00:00,0.275,0.2750000000000001,0.35445067,0.9448964,0.034065153,0.021038443,GOOD,GOOD,
2025-04-19 00:00:00+00:00,0.29000000000000004,0.2900000000000001,0.32928503,0.9778956,0.011763428,0.010340973,GOOD,GOOD,
2025-04-19 01:00:00+00:00,0.32,0.32000000000000006,0.31826907,0.96646607,0.019456102,0.01407785,GOOD,GOOD,
2025-04-19 02:00:00+00:00,0.315,0.31500000000000006,0.33610243,0.9414762,0.018600887,0.039922904,GOOD,GOOD,
2025-04-19 03:00:00+00:00,0.29000000000000004,0.2900000000000001,0.34585997,0.9668221,0.015832894,0.017345004,GOOD,GOOD,
2025-04-19 04:00:00+00:00,0.255,0.255,0.3322079,0.9542595,0.026572194,0.019168312,GOOD,GOOD,
2025-04-19 05:00:00+00:00,0.275,0.2750000000000001,0.3014303,0.9722621,0.015818283,0.011919652,GOOD,GOOD,
2025-04-19 06:00:00+00:00,0.255,0.255,0.29780272,0.96907157,0.017774552,0.013153888,GOOD,GOOD,
2025-04-19 07:00:00+00:00,0.29,0.29000000000000004,0.29081175,0.9611847,0.023974355,0.014840954,GOOD,GOOD,
2025-04-19 08:00:00+00:00,0.3,0.30000000000000004,0.3070587,0.94359446,0.021692546,0.03471298,GOOD,GOOD,
2025-04-19 09:00:00+00:00,0.31,0.31000000000000005,0.3247225,0.85454285,0.031824768,0.11363238,GOOD,GOOD,
2025-04-19 10:00:00+00:00,0.33,0.3300000000000001,0.33737543,0.9572852,0.020384684,0.022330113,GOOD,GOOD,
2025-04-19 11:00:00+00:00,0.325,0.32500000000000007,0.3533726,0.93551546,0.022012029,0.042472523,GOOD,GOOD,
2025-04-19 12:00:00+00:00,0.3,0.30000000000000004,0.35757038,0.9356576,0.03049857,0.0338438,GOOD,GOOD,
2025-04-19 13:00:00+00:00,0.29000000000000004,0.2900000000000001,0.3417241,0.8570183,0.03937337,0.10360832,GOOD,GOOD,
2025-04-19 14:00:00+00:00,0.295,0.29500000000000004,0.32570127,0.90573996,0.026461279,0.06779874,GOOD,GOOD,
2025-04-19 15:00:00+00:00,0.28500000000000003,0.2850000000000001,0.32277468,0.9241104,0.026301479,0.04958813,GOOD,GOOD,
2025-04-19 16:00:00+00:00,0.255,0.255,0.31837246,0.9067922,0.047354195,0.045853555,GOOD,GOOD,
2025-04-19 17:00:00+00:00,0.255,0.255,0.29815114,0.90937746,0.035197612,0.05542491,GOOD,GOOD,
2025-04-19 18:00:00+00:00,0.24,0.24,0.28662586,0.9248671,0.033254266,0.04187864,GOOD,GOOD,
2025-04-19 19:00:00+00:00,0.275,0.2750000000000001,0.2754478,0.9337468,0.03374651,0.032506704,GOOD,GOOD,
2025-04-19 20:00:00+00:00,0.325,0.32500000000000007,0.29120487,0.9216336,0.055071678,0.023294738,GOOD,GOOD,
2025-04-19 21:00:00+00:00,0.28,0.28000000000000014,0.33332768,0.93387806,0.040754627,0.025367292,GOOD,GOOD,
2025-04-19 22:00:00+00:00,0.3,0.30000000000000004,0.32814035,0.9666654,0.019007824,0.014326785,GOOD,GOOD,
2025-04-19 23:00:00+00:00,0.33499999999999996,0.335,0.3272681,0.9500947,0.030374415,0.019530868,GOOD,GOOD,
2025-04-20 00:00:00+00:00,0.3,0.30000000000000004,0.3502823,0.96708757,0.019559532,0.013352924,GOOD,GOOD,
2025-04-20 01:00:00+00:00,0.28500000000000003,0.2850000000000001,0.34327278,0.97305995,0.013665703,0.013274318,GOOD,GOOD,
2025-04-20 02:00:00+00:00,0.245,0.24500000000000002,0.3246488,0.9351363,0.039583422,0.025280254,GOOD,GOOD,
2025-04-20 03:00:00+00:00,0.255,0.255,0.29202658,0.9631088,0.020129044,0.016762162,GOOD,GOOD,
2025-04-20 04:00:00+00:00,0.24,0.24,0.28195602,0.9646036,0.019478546,0.015917862,GOOD,GOOD,
2025-04-20 05:00:00+00:00,0.235,0.235,0.2742488,0.8960546,0.030605758,0.07333963,GOOD,GOOD,
2025-04-20 06:00:00+00:00,0.28,0.28000000000000014,0.2679282,0.94002724,0.03965254,0.020320222,GOOD,GOOD,
2025-04-20 07:00:00+00:00,0.25,0.25,0.2919668,0.94986963,0.029429344,0.020701038,GOOD,GOOD,
2025-04-20 08:00:00+00:00,0.245,0.24500000000000002,0.29071558,0.958455,0.017083805,0.024461161,GOOD,GOOD,
2025-04-20 09:00:00+00:00,0.23,0.23000000000000004,0.2808844,0.9379065,0.022997376,0.039096136,GOOD,GOOD,
2025-04-20 10:00:00+00:00,0.25,0.25,0.26709056,0.96794003,0.018150466,0.0139095,GOOD,GOOD,
2025-04-20 11:00:00+00:00,0.265,0.26500000000000007,0.27250102,0.91900843,0.027017869,0.053973712,GOOD,GOOD,
2025-04-20 12:00:00+00:00,0.28,0.28000000000000014,0.28790274,0.892658,0.029082755,0.07825927,GOOD,GOOD,
2025-04-20 13:00:00+00:00,0.27,0.2700000000000001,0.30462912,0.96584016,0.014666159,0.019493684,GOOD,GOOD,
2025-04-20 14:00:00+00:00,0.265,0.26500000000000007,0.3054623,0.78168106,0.032193746,0.18612516,GOOD,GOOD,
2025-04-20 15:00:00+00:00,0.24,0.24,0.29941073,0.94340384,0.030106692,0.026489476,GOOD,GOOD,
2025-04-20 16:00:00+00:00,0.24,0.24,0.28127888,0.9366745,0.022835484,0.040490057,GOOD,GOOD,
2025-04-20 17:00:00+00:00,0.28,0.28000000000000014,0.2714557,0.9481727,0.03325955,0.018567773,GOOD,GOOD,
2025-04-20 18:00:00+00:00,0.22,0.22,0.2930915,0.9000633,0.06308177,0.03685497,GOOD,GOOD,
2025-04-20 19:00:00+00:00,0.24,0.24,0.27323326,0.9627146,0.021255076,0.01603029,GOOD,GOOD,
2025-04-20 20:00:00+00:00,0.255,0.255,0.2668066,0.9232431,0.025639517,0.051117398,GOOD,GOOD,
2025-04-20 21:00:00+00:00,0.27,0.2700000000000001,0.2771844,0.8932247,0.03313256,0.07364272,GOOD,GOOD,
2025-04-20 22:00:00+00:00,0.265,0.26500000000000007,0.29352063,0.9515258,0.018299885,0.030174334,GOOD,GOOD,
2025-04-20 23:00:00+00:00,0.28,0.28000000000000014,0.29800138,0.968517,0.016885731,0.014597237,GOOD,GOOD,
2025-04-21 00:00:00+00:00,0.3,0.30000000000000004,0.3059737,0.95090157,0.024458503,0.02463991,GOOD,GOOD,
2025-04-21 01:00:00+00:00,0.27,0.2700000000000001,0.3222423,0.9508413,0.027004637,0.022154056,GOOD,GOOD,
2025-04-21 02:00:00+00:00,0.28,0.28000000000000014,0.31261265,0.9614324,0.018900434,0.019667147,GOOD,GOOD,
2025-04-21 03:00:00+00:00,0.235,0.235,0.30894378,0.89246416,0.064736366,0.042799488,GOOD,GOOD,
2025-04-21 04:00:00+00:00,0.20500000000000002,0.20500000000000002,0.28300458,0.88583326,0.06478715,0.049379606,GOOD,GOOD,
2025-04-21 05:00:00+00:00,0.19,0.19,0.2500437,0.917621,0.040216684,0.04216229,GOOD,GOOD,
2025-04-21 06:00:00+00:00,0.21,0.21,0.22682682,0.947021,0.026981974,0.02599701,GOOD,GOOD,
2025-04-21 07:00:00+00:00,0.23,0.23000000000000004,0.23089914,0.9179333,0.03311791,0.048948813,GOOD,GOOD,
2025-04-21 08:00:00+00:00,0.22,0.22,0.25000966,0.9392245,0.026519412,0.034256093,GOOD,GOOD,
2025-04-21 09:00:00+00:00,0.21,0.21,0.25461802,0.73990756,0.051157665,0.20893477,GOOD,GOOD,
2025-04-21 10:00:00+00:00,0.275,0.2750000000000001,0.24706358,0.8577707,0.0960466,0.046182755,GOOD,GOOD,
2025-04-21 11:00:00+00:00,0.27,0.2700000000000001,0.2797397,0.96252966,0.021586632,0.015883684,GOOD,GOOD,
2025-04-21 12:00:00+00:00,0.265,0.26500000000000007,0.29964197,0.7556832,0.029696442,0.21462041,GOOD,GOOD,
2025-04-21 13:00:00+00:00,0.265,0.26500000000000007,0.30066383,0.77622426,0.026545355,0.19723038,GOOD,GOOD,
2025-04-21 14:00:00+00:00,0.235,0.235,0.2974693,0.961204,0.021260627,0.017535372,GOOD,GOOD,
2025-04-21 15:00:00+00:00,0.2,0.2,0.27821314,0.9371655,0.037764214,0.025070302,GOOD,GOOD,
2025-04-21 16:00:00+00:00,0.22,0.22,0.24664427,0.9594635,0.023187269,0.017349236,GOOD,GOOD,
2025-04-21 17:00:00+00:00,0.19,0.19,0.24284504,0.94152033,0.03426379,0.024215883,GOOD,GOOD,
2025-04-21 18:00:00+00:00,0.22,0.22,0.23040086,0.94816923,0.03138976,0.02044102,GOOD,GOOD,
2025-04-21 19:00:00+00:00,0.345,0.34500000000000003,0.23961242,0.5672792,0.3179371,0.11478365,GOOD,GOOD,
2025-04-21 20:00:00+00:00,0.47000000000000003,0.4700000000000001,0.32265487,0.49885345,0.3646727,0.13647385,GOOD,GOOD,
2025-04-21 21:00:00+00:00,0.585,0.5850000000000001,0.4492946,0.559552,0.32137662,0.119071364,GOOD,GOOD,
2025-04-21 22:00:00+00:00,0.49,0.4900000000000001,0.5778694,0.68273807,0.19129972,0.1259622,GOOD,GOOD,
2025-04-21 23:00:00+00:00,0.49,0.4900000000000001,0.56028455,0.9016067,0.059587006,0.038806334,GOOD,GOOD,
2025-04-22 00:00:00+00:00,0.54,0.5400000000000001,0.52806485,0.9155756,0.05014319,0.03428119,GOOD,GOOD,
2025-04-22 01:00:00+00:00,0.575,0.575,0.54909897,0.89345723,0.06383411,0.042708673,GOOD,GOOD,
2025-04-22 02:00:00+00:00,0.51,0.51,0.58920485,0.9007908,0.06389091,0.035318255,GOOD,GOOD,
2025-04-22 03:00:00+00:00,0.68,0.6800000000000002,0.5628917,0.56871283,0.31255466,0.11873256,GOOD,GOOD,
2025-04-22 04:00:00+00:00,0.65,0.65,0.6531334,0.87421614,0.078024,0.047759853,GOOD,GOOD,
2025-04-22 05:00:00+00:00,0.6799999999999999,0.68,0.6846144,0.94775987,0.033736523,0.01850362,GOOD,GOOD,
2025-04-22 06:00:00+00:00,1.0,1.0000000000000002,0.7027551,0.19702178,0.54119754,0.26178068,GOOD,SUSPECT,
2025-04-22 07:00:00+00:00,0.885,0.885,0.9329412,0.7888025,0.13178459,0.079412915,GOOD,GOOD,
2025-04-22 08:00:00+00:00,0.855,0.8550000000000001,0.94689584,0.92879593,0.043715235,0.027488818,GOOD,GOOD,
2025-04-22 09:00:00+00:00,0.785,0.7850000000000001,0.89638007,0.94879854,0.03672771,0.01447378,GOOD,GOOD,
2025-04-22 10:00:00+00:00,0.725,0.725,0.82726437,0.952941,0.03514951,0.011909488,GOOD,GOOD,
2025-04-22 11:00:00+00:00,0.7,0.7,0.76463,0.96524584,0.023092417,0.011661759,GOOD,GOOD,
2025-04-22 12:00:00+00:00,0.79,0.79,0.7297965,0.92123556,0.06414463,0.014619793,GOOD,GOOD,
2025-04-22 13:00:00+00:00,0.75,0.7500000000000001,0.78416353,0.96988726,0.017388571,0.012724152,GOOD,GOOD,
2025-04-22 14:00:00+00:00,0.7,0.7,0.7859466,0.96758634,0.022408828,0.010004856,GOOD,GOOD,
2025-04-22 15:00:00+00:00,0.6799999999999999,0.68,0.74333894,0.9633379,0.018152848,0.018509246,GOOD,GOOD,
2025-04-22 16:00:00+00:00,0.59,0.5900000000000001,0.71084553,0.91346514,0.06458847,0.021946399,GOOD,GOOD,
2025-04-22 17:00:00+00:00,0.8,0.8000000000000002,0.6435087,0.48448735,0.4123539,0.10315875,GOOD,GOOD,
2025-04-22 18:00:00+00:00,0.71,0.7100000000000001,0.7566087,0.95119864,0.030814206,0.017987143,GOOD,GOOD,
2025-04-22 19:00:00+00:00,0.76,0.7600000000000001,0.7609577,0.9702679,0.018888474,0.010843636,GOOD,GOOD,
2025-04-22 20:00:00+00:00,0.74,0.74,0.77670634,0.97406995,0.012589822,0.013340237,GOOD,GOOD,
2025-04-22 21:00:00+00:00,0.76,0.7600000000000001,0.7712177,0.96526515,0.017114542,0.017620314,GOOD,GOOD,
2025-04-22 22:00:00+00:00,0.77,0.77,0.7801964,0.8154469,0.044962086,0.13959101,GOOD,GOOD,
2025-04-22 23:00:00+00:00,0.65,0.65,0.7923889,0.8563821,0.10689223,0.03672572,GOOD,GOOD,
2025-04-23 00:00:00+00:00,0.635,0.6350000000000001,0.71509403,0.90517426,0.048278425,0.04654735,GOOD,GOOD,
2025-04-23 01:00:00+00:00,0.67,0.67,0.6675316,0.97585124,0.01595941,0.0081893345,GOOD,GOOD,
2025-04-23 02:00:00+00:00,0.645,0.645,0.68083334,0.97629863,0.013176541,0.010524807,GOOD,GOOD,
2025-04-23 03:00:00+00:00,0.64,0.6400000000000001,0.67781043,0.858308,0.025710043,0.11598192,GOOD,GOOD,
2025-04-23 04:00:00+00:00,0.7375,0.7375,0.6696975,0.9114459,0.073406294,0.015147806,GOOD,GOOD,
2025-04-23 05:00:00+00:00,0.835,0.8350000000000001,0.73176026,0.759308,0.20342411,0.03726789,GOOD,GOOD,
2025-04-23 06:00:00+00:00,0.86,0.8600000000000001,0.83048695,0.90761393,0.06546332,0.02692274,GOOD,GOOD,
2025-04-23 07:00:00+00:00,1.2,1.2000000000000002,0.88194054,0.19948119,0.6049504,0.1955684,GOOD,SUSPECT,
2025-04-23 08:00:00+00:00,1.095,1.095,1.141406,0.8670321,0.094826594,0.038141295,GOOD,GOOD,
2025-04-23 09:00:00+00:00,1.165,1.1650000000000003,1.1510644,0.89227444,0.08547891,0.022246655,GOOD,GOOD,
2025-04-23 10:00:00+00:00,1.1,1.1000000000000003,1.1752337,0.9212642,0.058763977,0.019971829,GOOD,GOOD,
2025-04-23 11:00:00+00:00,0.815,0.815,1.1337252,0.31400168,0.48350438,0.20249392,GOOD,SUSPECT,
2025-04-23 12:00:00+00:00,0.76,0.7600000000000001,0.9103793,0.75553006,0.1834708,0.060999155,GOOD,GOOD,
2025-04-23 13:00:00+00:00,0.755,0.7550000000000001,0.7946578,0.89012086,0.035733134,0.074145995,GOOD,GOOD,
2025-04-23 14:00:00+00:00,0.75,0.7500000000000001,0.770629,0.7646406,0.048013326,0.18734604,GOOD,GOOD,
2025-04-23 15:00:00+00:00,0.7949999999999999,0.7949999999999999,0.77121645,0.96629846,0.026538074,0.007163449,GOOD,GOOD,
2025-04-23 16:00:00+00:00,0.715,0.715,0.80391395,0.95373505,0.034011666,0.012253305,GOOD,GOOD,
2025-04-23 17:00:00+00:00,0.8300000000000001,0.8300000000000002,0.76322013,0.8973288,0.08593855,0.01673268,GOOD,GOOD,
2025-04-23 18:00:00+00:00,0.9450000000000001,0.9450000000000002,0.81852853,0.69396055,0.25981218,0.046227288,GOOD,GOOD,
2025-04-23 19:00:00+00:00,1.04,1.0400000000000003,0.93274146,0.7210113,0.2372055,0.041783188,GOOD,GOOD,
2025-04-23 20:00:00+00:00,0.875,0.8750000000000001,1.0417043,0.874218,0.086063795,0.03971822,GOOD,GOOD,
2025-04-23 21:00:00+00:00,0.81,0.8100000000000002,0.9479841,0.88871384,0.075597875,0.035688262,GOOD,GOOD,
2025-04-23 22:00:00+00:00,0.8,0.8000000000000002,0.8535373,0.90692014,0.025326649,0.067753226,GOOD,GOOD,
2025-04-23 23:00:00+00:00,0.605,0.605,0.82170415,0.5357642,0.34531754,0.11891818,GOOD,GOOD,
2025-04-24 00:00:00+00:00,0.595,0.595,0.6896475,0.84141475,0.092772916,0.06581234,GOOD,GOOD,
2025-04-24 01:00:00+00:00,0.635,0.6350000000000001,0.6258685,0.96418476,0.024484482,0.011330774,GOOD,GOOD,
2025-04-24 02:00:00+00:00,0.77,0.77,0.64165354,0.7060971,0.25001827,0.0438846,GOOD,GOOD,
2025-04-24 03:00:00+00:00,0.8049999999999999,0.805,0.7494831,0.81478447,0.14593625,0.039279263,GOOD,GOOD,
2025-04-24 04:00:00+00:00,0.875,0.8750000000000001,0.82126087,0.9028061,0.082204305,0.0149895875,GOOD,GOOD,
2025-04-24 05:00:00+00:00,0.85,0.8500000000000001,0.8844783,0.9690694,0.016643124,0.014287443,GOOD,GOOD,
2025-04-24 06:00:00+00:00,0.915,0.915,0.8842851,0.94335175,0.04428164,0.012366612,GOOD,GOOD,
2025-04-24 07:00:00+00:00,0.855,0.8550000000000001,0.92227674,0.9647256,0.021395931,0.013878432,GOOD,GOOD,
2025-04-24 08:00:00+00:00,0.88,0.8800000000000001,0.89618903,0.97023934,0.017404951,0.01235573,GOOD,GOOD,
2025-04-24 09:00:00+00:00,0.905,0.9050000000000001,0.89796793,0.8706647,0.05876616,0.07056916,GOOD,GOOD,
2025-04-24 10:00:00+00:00,0.73,0.7300000000000001,0.9205175,0.7660598,0.16488892,0.06905126,GOOD,GOOD,
2025-04-24 11:00:00+00:00,0.71,0.7100000000000001,0.80653536,0.90308654,0.05963435,0.037279073,GOOD,GOOD,
2025-04-24 12:00:00+00:00,0.46,0.46000000000000013,0.7413031,0.19200563,0.47998583,0.32800853,GOOD,SUSPECT,
2025-04-24 13:00:00+00:00,0.58,0.58,0.56641567,0.816232,0.121710084,0.062057897,GOOD,GOOD,
2025-04-24 14:00:00+00:00,0.5549999999999999,0.5549999999999999,0.5648987,0.95537704,0.027951507,0.016671468,GOOD,GOOD,
2025-04-24 15:00:00+00:00,0.5900000000000001,0.5900000000000002,0.5792258,0.96113354,0.025528535,0.013337922,GOOD,GOOD,
2025-04-24 16:00:00+00:00,0.66,0.6600000000000001,0.6062111,0.9344299,0.052549712,0.013020387,GOOD,GOOD,
2025-04-24 17:00:00+00:00,0.62,0.62,0.6632713,0.96099186,0.02039727,0.0186109,GOOD,GOOD,
2025-04-24 18:00:00+00:00,0.585,0.5850000000000001,0.6610422,0.939108,0.027853563,0.03303843,GOOD,GOOD,
2025-04-24 19:00:00+00:00,0.615,0.6150000000000001,0.627432,0.9696339,0.016467128,0.013898969,GOOD,GOOD,
2025-04-24 20:00:00+00:00,0.605,0.605,0.63190347,0.91268367,0.02111098,0.06620534,GOOD,GOOD,
2025-04-24 21:00:00+00:00,0.62,0.62,0.63413966,0.9312432,0.021272022,0.047484826,GOOD,GOOD,
2025-04-24 22:00:00+00:00,0.56,0.5600000000000002,0.64377016,0.9375714,0.037292898,0.025135709,GOOD,GOOD,
2025-04-24 23:00:00+00:00,0.525,0.525,0.6089932,0.9342962,0.03627664,0.02942719,GOOD,GOOD,
2025-04-25 00:00:00+00:00,0.44999999999999996,0.45000000000000007,0.5670477,0.83916557,0.12047522,0.040359188,GOOD,GOOD,
2025-04-25 01:00:00+00:00,0.48,0.48000000000000004,0.50443804,0.95734805,0.024038505,0.018613474,GOOD,GOOD,
2025-04-25 02:00:00+00:00,0.48,0.48000000000000004,0.4969305,0.82713073,0.034908466,0.13796079,GOOD,GOOD,
2025-04-25 03:00:00+00:00,0.54,0.5400000000000001,0.5045581,0.9453363,0.040421113,0.014242598,GOOD,GOOD,
2025-04-25 04:00:00+00:00,0.55,0.55,0.54696023,0.95231545,0.020695977,0.026988562,GOOD,GOOD,
2025-04-25 05:00:00+00:00,0.6,0.6,0.5745413,0.9548622,0.03155543,0.013582368,GOOD,GOOD,
2025-04-25 06:00:00+00:00,0.58,0.58,0.61325485,0.97556686,0.0119115915,0.012521561,GOOD,GOOD,
2025-04-25 07:00:00+00:00,0.555,0.555,0.61579764,0.9150336,0.024387222,0.060579184,GOOD,GOOD,
2025-04-25 08:00:00+00:00,0.56,0.5600000000000002,0.5941397,0.9039552,0.01931232,0.07673243,GOOD,GOOD,
2025-04-25 09:00:00+00:00,0.54,0.5400000000000001,0.58658165,0.9599054,0.015936268,0.024158372,GOOD,GOOD,
2025-04-25 10:00:00+00:00,0.66,0.6600000000000001,0.5739738,0.8312661,0.12853584,0.040198058,GOOD,GOOD,
2025-04-25 11:00:00+00:00,0.745,0.745,0.64701104,0.7578929,0.18749982,0.054607265,GOOD,GOOD,
2025-04-25 12:00:00+00:00,0.625,0.625,0.74402,0.85899276,0.0889232,0.05208405,GOOD,GOOD,
2025-04-25 13:00:00+00:00,0.53,0.9550116919830044,0.6956342,0.23653424,0.45368955,0.30977622,SUSPECT,SUSPECT,C_level_shift
2025-04-25 14:00:00+00:00,0.575,1.0000116919830042,0.88579226,0.2983346,0.52250594,0.17915949,SUSPECT,SUSPECT,C_level_shift
2025-04-25 15:00:00+00:00,0.515,0.9400116919830043,1.0142579,0.9162579,0.057841346,0.025900738,SUSPECT,GOOD,C_level_shift
2025-04-25 16:00:00+00:00,0.51,0.9350116919830044,0.9901222,0.9084187,0.049850546,0.041730754,SUSPECT,GOOD,C_level_shift
2025-04-25 17:00:00+00:00,0.555,0.9800116919830043,0.9615738,0.92551506,0.053832047,0.02065288,SUSPECT,GOOD,C_level_shift
2025-04-25 18:00:00+00:00,0.575,1.0000116919830042,0.9879413,0.9071472,0.062004913,0.03084787,SUSPECT,GOOD,C_level_shift
2025-04-25 19:00:00+00:00,0.47,0.8950116919830043,1.0163919,0.9147411,0.06149836,0.023760524,SUSPECT,GOOD,C_level_shift
2025-04-25 20:00:00+00:00,0.49,0.9150116919830044,0.94640255,0.9596093,0.024629366,0.015761286,SUSPECT,GOOD,C_level_shift
2025-04-25 21:00:00+00:00,0.475,0.9000116919830041,0.9301815,0.9530426,0.025972601,0.020984761,SUSPECT,GOOD,C_level_shift
2025-04-25 22:00:00+00:00,0.47,0.8950116919830043,0.9222701,0.7929142,0.05182749,0.15525831,SUSPECT,GOOD,C_level_shift
2025-04-25 23:00:00+00:00,0.42,0.8450116919830043,0.91710836,0.9518263,0.033289462,0.014884278,SUSPECT,GOOD,C_level_shift
2025-04-26 00:00:00+00:00,0.385,0.8100116919830044,0.88040346,0.94985306,0.034137536,0.016009398,SUSPECT,GOOD,C_level_shift
2025-04-26 01:00:00+00:00,0.32,0.7450116919830043,0.84157586,0.943967,0.041351944,0.014681061,SUSPECT,GOOD,C_level_shift
2025-04-26 02:00:00+00:00,0.395,0.8200116919830044,0.78581506,0.9442197,0.04329706,0.012483224,SUSPECT,GOOD,C_level_shift
2025-04-26 03:00:00+00:00,0.4,0.8250116919830042,0.8185002,0.9669553,0.019384364,0.013660326,SUSPECT,GOOD,C_level_shift
2025-04-26 04:00:00+00:00,0.46499999999999997,0.8900116919830042,0.84498847,0.93570447,0.052176103,0.012119404,SUSPECT,GOOD,C_level_shift
2025-04-26 05:00:00+00:00,0.485,0.9100116919830042,0.8965719,0.94896036,0.0345852,0.016454412,SUSPECT,GOOD,C_level_shift
2025-04-26 06:00:00+00:00,0.43999999999999995,0.8650116919830043,0.9290461,0.9686754,0.017004082,0.014320513,SUSPECT,GOOD,C_level_shift
2025-04-26 07:00:00+00:00,0.475,0.9000116919830041,0.90320843,0.9713195,0.018778205,0.009902289,SUSPECT,GOOD,C_level_shift
2025-04-26 08:00:00+00:00,0.43,0.8550116919830042,0.91370815,0.9662304,0.019754583,0.014015024,SUSPECT,GOOD,C_level_shift
2025-04-26 09:00:00+00:00,0.395,0.8200116919830044,0.89028895,0.9567715,0.0257468,0.017481714,SUSPECT,GOOD,C_level_shift
2025-04-26 10:00:00+00:00,0.425,0.8500116919830042,0.8544301,0.9673925,0.020648263,0.011959251,SUSPECT,GOOD,C_level_shift
2025-04-26 11:00:00+00:00,0.33999999999999997,0.7650116919830042,0.8636975,0.9158808,0.06003787,0.024081353,SUSPECT,GOOD,C_level_shift
2025-04-26 12:00:00+00:00,0.28500000000000003,0.7100116919830042,0.8133896,0.8985597,0.07451141,0.026928918,SUSPECT,GOOD,C_level_shift
2025-04-26 13:00:00+00:00,0.255,0.6800116919830042,0.7522864,0.9305248,0.043544516,0.025930656,SUSPECT,GOOD,C_level_shift
2025-04-26 14:00:00+00:00,0.28,0.7050116919830043,0.7121866,0.9610603,0.021644479,0.017295217,SUSPECT,GOOD,C_level_shift
2025-04-26 15:00:00+00:00,0.28500000000000003,0.7100116919830042,0.7194019,0.8995586,0.03188323,0.06855815,SUSPECT,GOOD,C_level_shift
2025-04-26 16:00:00+00:00,0.29000000000000004,0.7150116919830044,0.7320516,0.7502086,0.043786123,0.20600528,SUSPECT,GOOD,C_level_shift
2025-04-26 17:00:00+00:00,0.33,0.7550116919830042,0.73949534,0.95976746,0.027512899,0.012719618,SUSPECT,GOOD,C_level_shift
2025-04-26 18:00:00+00:00,0.34,0.7650116919830043,0.7681719,0.94628227,0.02050873,0.033209022,SUSPECT,GOOD,C_level_shift
2025-04-26 19:00:00+00:00,0.41,0.8350116919830043,0.78741145,0.9373135,0.049738437,0.01294808,SUSPECT,GOOD,C_level_shift
2025-04-26 20:00:00+00:00,0.32499999999999996,0.7500116919830042,0.8403025,0.94494355,0.034477632,0.020578848,SUSPECT,GOOD,C_level_shift
2025-04-26 21:00:00+00:00,0.265,0.6900116919830043,0.8021104,0.93792915,0.042469986,0.01960084,SUSPECT,GOOD,C_level_shift
2025-04-26 22:00:00+00:00,0.33499999999999996,0.7600116919830042,0.7367539,0.9517302,0.035538077,0.01273173,SUSPECT,GOOD,C_level_shift
2025-04-26 23:00:00+00:00,0.33499999999999996,0.7600116919830042,0.76111805,0.9726927,0.014127488,0.01317979,SUSPECT,GOOD,C_level_shift
2025-04-27 00:00:00+00:00,0.235,0.6600116919830041,0.78273267,0.89345104,0.074829146,0.031719826,SUSPECT,GOOD,C_level_shift
2025-04-27 01:00:00+00:00,0.235,0.6600116919830041,0.71975654,0.94635403,0.0256009,0.028045068,SUSPECT,GOOD,C_level_shift
2025-04-27 02:00:00+00:00,0.235,0.6600116919830041,0.68721807,0.6558258,0.037677594,0.30649662,SUSPECT,GOOD,C_level_shift
2025-04-27 03:00:00+00:00,0.26,0.6850116919830043,0.68244416,0.96948993,0.019269489,0.011240591,SUSPECT,GOOD,C_level_shift
2025-04-27 04:00:00+00:00,0.275,0.7000116919830043,0.70160174,0.9175154,0.027229913,0.05525472,SUSPECT,GOOD,C_level_shift
2025-04-27 05:00:00+00:00,0.31,0.7350116919830042,0.7211783,0.9656655,0.023247609,0.011086871,SUSPECT,GOOD,C_level_shift
2025-04-27 06:00:00+00:00,0.31,0.7350116919830042,0.750763,0.9297476,0.017984614,0.052267805,SUSPECT,GOOD,C_level_shift
2025-04-27 07:00:00+00:00,0.32999999999999996,0.7550116919830041,0.7616067,0.9624273,0.018036893,0.019535804,SUSPECT,GOOD,C_level_shift
2025-04-27 08:00:00+00:00,0.30000000000000004,0.7250116919830043,0.7757286,0.9677317,0.016369253,0.015899057,SUSPECT,GOOD,C_level_shift
2025-04-27 09:00:00+00:00,0.3,0.7250116919830043,0.760439,0.89519453,0.023400314,0.08140517,SUSPECT,GOOD,C_level_shift
2025-04-27 10:00:00+00:00,0.305,0.7300116919830042,0.7513986,0.72319233,0.03636422,0.24044341,SUSPECT,GOOD,C_level_shift
2025-04-27 11:00:00+00:00,0.29000000000000004,0.7150116919830044,0.75335884,0.9582432,0.017409123,0.02434767,SUSPECT,GOOD,C_level_shift
2025-04-27 12:00:00+00:00,0.22999999999999998,0.6550116919830042,0.7453217,0.9190397,0.05461099,0.026349291,SUSPECT,GOOD,C_level_shift
2025-04-27 13:00:00+00:00,0.24,0.24,0.70075023,0.09561944,0.1938594,0.71052116,GOOD,BAD,
2025-04-27 14:00:00+00:00,0.215,0.215,0.4223377,0.15744722,0.5027523,0.3398005,GOOD,SUSPECT,
2025-04-27 15:00:00+00:00,0.22999999999999998,0.23,0.26736853,0.79136956,0.11022093,0.09840953,GOOD,GOOD,
2025-04-27 16:00:00+00:00,0.24,0.24,0.23828694,0.6548034,0.17608647,0.16911016,GOOD,GOOD,
2025-04-27 17:00:00+00:00,0.26,0.26000000000000006,0.25563884,0.71806526,0.15469573,0.12723903,GOOD,GOOD,
2025-04-27 18:00:00+00:00,0.29500000000000004,0.2950000000000001,0.28064576,0.83775496,0.09485087,0.0673942,GOOD,GOOD,
2025-04-27 19:00:00+00:00,0.33999999999999997,0.3400000000000001,0.31173694,0.83406806,0.09960979,0.06632212,GOOD,GOOD,
2025-04-27 20:00:00+00:00,0.345,0.34500000000000003,0.3525236,0.88737744,0.06029071,0.052331835,GOOD,GOOD,
2025-04-27 21:00:00+00:00,0.37,0.37000000000000005,0.37401304,0.9320501,0.037780907,0.03016899,GOOD,GOOD,
2025-04-27 22:00:00+00:00,0.335,0.3350000000000001,0.39354068,0.9455106,0.028814925,0.025674446,GOOD,GOOD,
2025-04-27 23:00:00+00:00,0.355,0.35500000000000004,0.38025546,0.95563996,0.022800054,0.021559961,GOOD,GOOD,
2025-04-28 00:00:00+00:00,0.31,0.31000000000000005,0.38062438,0.9337997,0.037507843,0.028692447,GOOD,GOOD,
2025-04-28 01:00:00+00:00,0.25,0.25,0.357217,0.8675854,0.08956401,0.042850573,GOOD,GOOD,
2025-04-28 02:00:00+00:00,0.245,0.24500000000000002,0.30707863,0.9360725,0.033093754,0.0308337,GOOD,GOOD,
2025-04-28 03:00:00+00:00,0.235,0.235,0.27887362,0.8435433,0.041280244,0.11517648,GOOD,GOOD,
2025-04-28 04:00:00+00:00,0.2633333333333333,0.2633333333333333,0.26665714,0.95233476,0.0276143,0.020050924,GOOD,GOOD,
2025-04-28 05:00:00+00:00,0.2916666666666667,0.29166666666666674,0.2808308,0.9057771,0.045700785,0.04852209,GOOD,GOOD,
2025-04-28 06:00:00+00:00,0.32,0.32000000000000006,0.3085939,0.9102225,0.041155193,0.04862235,GOOD,GOOD,
2025-04-28 07:00:00+00:00,0.37,0.37000000000000005,0.33885053,0.93682456,0.043810252,0.019365197,GOOD,GOOD,
2025-04-28 08:00:00+00:00,0.38,0.38000000000000006,0.3813376,0.964551,0.01899687,0.016452143,GOOD,GOOD,
2025-04-28 09:00:00+00:00,0.33999999999999997,0.3400000000000001,0.40660298,0.9656561,0.019756155,0.014587766,GOOD,GOOD,
2025-04-28 10:00:00+00:00,0.35,0.35000000000000003,0.38813975,0.97774065,0.010956565,0.011302792,GOOD,GOOD,
2025-04-28 11:00:00+00:00,0.37,0.37000000000000005,0.3788867,0.95018363,0.019700043,0.030116353,GOOD,GOOD,
2025-04-28 12:00:00+00:00,0.31,0.31000000000000005,0.3905041,0.9356781,0.04029459,0.024027253,GOOD,GOOD,
2025-04-28 13:00:00+00:00,0.28,0.28000000000000014,0.36260742,0.9360354,0.03648184,0.027482782,GOOD,GOOD,
2025-04-28 14:00:00+00:00,0.275,0.2750000000000001,0.32530907,0.9520996,0.019333629,0.028566757,GOOD,GOOD,
2025-04-28 15:00:00+00:00,0.26,0.26000000000000006,0.30651906,0.93975943,0.026437132,0.03380341,GOOD,GOOD,
2025-04-28 16:00:00+00:00,0.255,0.255,0.29416507,0.89915437,0.030603953,0.07024169,GOOD,GOOD,
2025-04-28 17:00:00+00:00,0.28500000000000003,0.2850000000000001,0.2870016,0.9519007,0.027964402,0.020134855,GOOD,GOOD,
2025-04-28 18:00:00+00:00,0.35,0.35000000000000003,0.30268916,0.89457494,0.078025095,0.027399959,GOOD,GOOD,
2025-04-28 19:00:00+00:00,0.39,0.3900000000000001,0.35282505,0.9302431,0.048892867,0.02086408,GOOD,GOOD,
2025-04-28 20:00:00+00:00,0.375,0.3750000000000001,0.4038668,0.9686053,0.016339473,0.015055272,GOOD,GOOD,
2025-04-28 21:00:00+00:00,0.345,0.34500000000000003,0.41354254,0.96548325,0.017590895,0.016925856,GOOD,GOOD,
2025-04-28 22:00:00+00:00,0.35,0.35000000000000003,0.3907472,0.97190636,0.01149435,0.016599277,GOOD,GOOD,
2025-04-28 23:00:00+00:00,0.345,0.34500000000000003,0.3796828,0.8853934,0.021065427,0.09354116,GOOD,GOOD,
2025-04-29 00:00:00+00:00,0.33999999999999997,0.3400000000000001,0.375556,0.7568261,0.029198464,0.21397541,GOOD,GOOD,
2025-04-29 01:00:00+00:00,0.295,0.29500000000000004,0.37195098,0.933017,0.039166298,0.027816659,GOOD,GOOD,
2025-04-29 02:00:00+00:00,0.305,0.3050000000000001,0.34335712,0.9674361,0.015934438,0.016629457,GOOD,GOOD,
2025-04-29 03:00:00+00:00,0.27,0.2700000000000001,0.33282775,0.9356531,0.037474196,0.026872702,GOOD,GOOD,
2025-04-29 04:00:00+00:00,0.28500000000000003,0.2850000000000001,0.31221375,0.96140134,0.021066278,0.017532384,GOOD,GOOD,
2025-04-29 05:00:00+00:00,0.295,0.29500000000000004,0.31011334,0.8878886,0.032645546,0.079465844,GOOD,GOOD,
2025-04-29 06:00:00+00:00,0.345,0.34500000000000003,0.3194224,0.9429117,0.039441116,0.017647196,GOOD,GOOD,
2025-04-29 07:00:00+00:00,0.335,0.3350000000000001,0.3550321,0.9720093,0.014375171,0.013615501,GOOD,GOOD,
2025-04-29 08:00:00+00:00,0.325,0.32500000000000007,0.36835524,0.8203751,0.025407802,0.15421711,GOOD,GOOD,
2025-04-29 09:00:00+00:00,0.31,0.31000000000000005,0.36221933,0.8848099,0.02546347,0.089726605,GOOD,GOOD,
2025-04-29 10:00:00+00:00,0.31,0.31000000000000005,0.3475279,0.86122924,0.021618098,0.117152646,GOOD,GOOD,
2025-04-29 11:00:00+00:00,0.25,0.25,0.34052712,0.8963301,0.066130504,0.03753936,GOOD,GOOD,
2025-04-29 12:00:00+00:00,0.29000000000000004,0.2900000000000001,0.3040019,0.950483,0.029209055,0.02030792,GOOD,GOOD,
2025-04-29 13:00:00+00:00,0.235,0.235,0.30642962,0.891601,0.06857193,0.039827045,GOOD,GOOD,
2025-04-29 14:00:00+00:00,0.225,0.225,0.28413165,0.94113857,0.02871348,0.030147944,GOOD,GOOD,
2025-04-29 15:00:00+00:00,0.21000000000000002,0.21000000000000002,0.26271278,0.8596162,0.048276614,0.09210717,GOOD,GOOD,
2025-04-29 16:00:00+00:00,0.21500000000000002,0.21500000000000002,0.2460851,0.9225372,0.027623935,0.049838852,GOOD,GOOD,
2025-04-29 17:00:00+00:00,0.22,0.22,0.24302602,0.7770006,0.04335474,0.17964464,GOOD,GOOD,
2025-04-29 18:00:00+00:00,0.21000000000000002,0.21000000000000002,0.24750495,0.91884774,0.027621366,0.053530872,GOOD,GOOD,
2025-04-29 19:00:00+00:00,0.25,0.25,0.24482954,0.945288,0.033829413,0.020882612,GOOD,GOOD,
2025-04-29 20:00:00+00:00,0.245,0.24500000000000002,0.26517543,0.96575356,0.016934156,0.017312303,GOOD,GOOD,
2025-04-29 21:00:00+00:00,0.24,0.24,0.27609372,0.76097333,0.033485375,0.20554133,GOOD,GOOD,
2025-04-29 22:00:00+00:00,0.225,0.225,0.2748319,0.9158623,0.0246004,0.05953725,GOOD,GOOD,
2025-04-29 23:00:00+00:00,0.195,0.195,0.2632421,0.9548178,0.025729438,0.019452767,GOOD,GOOD,
2025-04-30 00:00:00+00:00,0.225,0.225,0.23920289,0.95840484,0.024358379,0.017236795,GOOD,GOOD,
2025-04-30 01:00:00+00:00,0.21000000000000002,0.21000000000000002,0.2440637,0.9671757,0.01699942,0.01582489,GOOD,GOOD,
2025-04-30 02:00:00+00:00,0.185,0.185,0.24420434,0.9349405,0.031598322,0.033461176,GOOD,GOOD,
2025-04-30 03:00:00+00:00,0.19,0.19,0.22777961,0.9499238,0.021528076,0.028548136,GOOD,GOOD,
2025-04-30 04:00:00+00:00,0.16499999999999998,0.16499999999999998,0.2202099,0.9308821,0.037780423,0.03133746,GOOD,GOOD,
2025-04-30 05:00:00+00:00,0.195,0.195,0.20522188,0.94230354,0.033513166,0.024183294,GOOD,GOOD,
2025-04-30 06:00:00+00:00,0.185,0.3124118534054638,0.21401815,0.6180368,0.2824872,0.099475995,SUSPECT,GOOD,A_spike
2025-04-30 07:00:00+00:00,0.20500000000000002,0.20500000000000002,0.29233816,0.7133638,0.17685944,0.109776735,GOOD,GOOD,
2025-04-30 08:00:00+00:00,0.20500000000000002,0.20500000000000002,0.27596337,0.94526774,0.0275317,0.027200552,GOOD,GOOD,
2025-04-30 09:00:00+00:00,0.20500000000000002,0.20500000000000002,0.24654682,0.6452272,0.035099603,0.31967324,GOOD,GOOD,
2025-04-30 10:00:00+00:00,0.165,0.165,0.23450968,0.9412016,0.0367451,0.022053264,GOOD,GOOD,
2025-04-30 11:00:00+00:00,0.19,0.19,0.21071061,0.9615783,0.022911372,0.015510315,GOOD,GOOD,
2025-04-30 12:00:00+00:00,0.18,0.18,0.21170664,0.9581492,0.020568106,0.02128267,GOOD,GOOD,
2025-04-30 13:00:00+00:00,0.20500000000000002,0.20500000000000002,0.2124078,0.9633061,0.021202425,0.015491448,GOOD,GOOD,
2025-04-30 14:00:00+00:00,0.16499999999999998,0.16499999999999998,0.22612265,0.9174383,0.04921384,0.033347815,GOOD,GOOD,
2025-04-30 15:00:00+00:00,0.14500000000000002,0.145,0.21191579,0.90962076,0.04828633,0.042092912,GOOD,GOOD,
2025-04-30 16:00:00+00:00,0.195,0.195,0.18781058,0.93069637,0.04474001,0.024563624,GOOD,GOOD,
2025-04-30 17:00:00+00:00,0.15000000000000002,0.15000000000000002,0.20471314,0.90981984,0.055354066,0.034826078,GOOD,GOOD,
2025-04-30 18:00:00+00:00,0.185,0.185,0.19601066,0.95454526,0.027193978,0.018260732,GOOD,GOOD,
2025-04-30 19:00:00+00:00,0.2,0.2,0.2049385,0.94677985,0.023684565,0.029535562,GOOD,GOOD,
2025-04-30 20:00:00+00:00,0.20500000000000002,0.20500000000000002,0.22240837,0.8691814,0.030680466,0.10013816,GOOD,GOOD,
2025-04-30 21:00:00+00:00,0.2,0.2,0.23397759,0.8458601,0.028589824,0.12555008,GOOD,GOOD,
2025-04-30 22:00:00+00:00,0.175,0.175,0.23433103,0.95402384,0.02511293,0.02086324,GOOD,GOOD,
2025-04-30 23:00:00+00:00,0.18,0.18,0.21779548,0.94654405,0.021324357,0.03213159,GOOD,GOOD,
2025-05-01 00:00:00+00:00,0.18,0.18,0.2102572,0.71449697,0.03890078,0.24660225,GOOD,GOOD,
2025-05-01 01:00:00+00:00,0.225,0.225,0.20964357,0.92102766,0.05035014,0.028622227,GOOD,GOOD,
2025-05-01 02:00:00+00:00,0.275,0.2750000000000001,0.23659611,0.8615004,0.09116025,0.047339365,GOOD,GOOD,
2025-05-01 03:00:00+00:00,0.315,0.31500000000000006,0.28329915,0.78201324,0.12967594,0.08831081,GOOD,GOOD,
2025-05-01 04:00:00+00:00,0.275,0.2750000000000001,0.32976004,0.9134894,0.052106347,0.034404248,GOOD,GOOD,
2025-05-01 05:00:00+00:00,0.24,0.24,0.32373118,0.93150836,0.040773727,0.02771791,GOOD,GOOD,
2025-05-01 06:00:00+00:00,0.25,0.25,0.28968108,0.97087914,0.016108826,0.013012026,GOOD,GOOD,
2025-05-01 07:00:00+00:00,0.255,0.255,0.2773391,0.8657317,0.033357564,0.1009107,GOOD,GOOD,
2025-05-01 08:00:00+00:00,0.26,0.26000000000000006,0.28068843,0.82433236,0.036794506,0.13887312,GOOD,GOOD,
2025-05-01 09:00:00+00:00,0.36,0.36000000000000004,0.2876797,0.73756343,0.18006545,0.082371116,GOOD,GOOD,
2025-05-01 10:00:00+00:00,0.31,0.31000000000000005,0.3506461,0.88919234,0.06879298,0.042014692,GOOD,GOOD,
2025-05-01 11:00:00+00:00,0.47,0.47000000000000003,0.35732585,0.5101782,0.3446131,0.14520872,GOOD,GOOD,
2025-05-01 12:00:00+00:00,0.665,0.6650000000000001,0.44483912,0.32482904,0.48195067,0.19322026,GOOD,SUSPECT,
2025-05-01 13:00:00+00:00,0.765,0.765,0.6233944,0.39891076,0.4376518,0.1634374,GOOD,SUSPECT,
2025-05-01 14:00:00+00:00,0.775,0.7750000000000001,0.76810294,0.87688774,0.08266828,0.040443957,GOOD,GOOD,
2025-05-01 15:00:00+00:00,0.76,0.7600000000000001,0.81117094,0.941157,0.037679814,0.021163216,GOOD,GOOD,
2025-05-01 16:00:00+00:00,0.73,0.7300000000000001,0.79802823,0.93163145,0.04467696,0.023691576,GOOD,GOOD,
2025-05-01 17:00:00+00:00,0.745,0.745,0.76654166,0.94822884,0.031302273,0.02046888,GOOD,GOOD,
2025-05-01 18:00:00+00:00,0.775,0.7750000000000001,0.7652968,0.9491925,0.033554178,0.017253324,GOOD,GOOD,
2025-05-01 19:00:00+00:00,0.76,0.7600000000000001,0.79005176,0.95049965,0.030618718,0.018881617,GOOD,GOOD,
2025-05-01 20:00:00+00:00,0.7949999999999999,0.7949999999999999,0.7900284,0.95443857,0.030812653,0.0147487875,GOOD,GOOD,
2025-05-01 21:00:00+00:00,0.865,0.865,0.80985487,0.9194348,0.06667063,0.013894594,GOOD,GOOD,
2025-05-01 22:00:00+00:00,0.865,0.865,0.86785877,0.96443707,0.022636145,0.012926772,GOOD,GOOD,
2025-05-01 23:00:00+00:00,0.9,0.9000000000000001,0.8895429,0.96342945,0.028002169,0.0085683875,GOOD,GOOD,
2025-05-02 00:00:00+00:00,1.0150000000000001,1.0150000000000003,0.9150363,0.83911926,0.13894898,0.021931762,GOOD,GOOD,
2025-05-02 01:00:00+00:00,1.23,1.2300000000000002,1.0067697,0.42240345,0.50338703,0.0742095,GOOD,SUSPECT,
2025-05-02 02:00:00+00:00,1.29,1.2900000000000003,1.2030681,0.44731027,0.4756142,0.077075556,GOOD,SUSPECT,
2025-05-02 03:00:00+00:00,1.185,1.1850000000000003,1.305019,0.9207552,0.056710504,0.022534287,GOOD,GOOD,
2025-05-02 04:00:00+00:00,1.1150000000000002,1.1150000000000004,1.2299887,0.93499243,0.04944075,0.015566804,GOOD,GOOD,
2025-05-02 05:00:00+00:00,1.19,1.1900000000000002,1.1453793,0.9164959,0.068554915,0.014949143,GOOD,GOOD,
2025-05-02 06:00:00+00:00,1.05,1.0500000000000003,1.185144,0.92516327,0.052773364,0.022063361,GOOD,GOOD,
2025-05-02 07:00:00+00:00,1.1400000000000001,1.1400000000000003,1.0997491,0.92661315,0.06120296,0.012183884,GOOD,GOOD,
2025-05-02 08:00:00+00:00,1.125,1.1250000000000002,1.1346399,0.96537936,0.02387838,0.010742273,GOOD,GOOD,
2025-05-02 09:00:00+00:00,1.315,1.3150000000000002,1.1435001,0.70196825,0.26690146,0.031130284,GOOD,GOOD,
2025-05-02 10:00:00+00:00,1.53,1.5300000000000002,1.2896258,0.09585285,0.8515053,0.052641816,GOOD,SUSPECT,
2025-05-02 11:00:00+00:00,1.46,1.4600000000000002,1.5086535,0.8112121,0.14947507,0.0393128,GOOD,GOOD,
2025-05-02 12:00:00+00:00,1.435,1.4350000000000003,1.4884986,0.82722664,0.13084497,0.041928377,GOOD,GOOD,
2025-05-02 13:00:00+00:00,1.41,1.4100000000000001,1.4458554,0.7512118,0.1437243,0.10506386,GOOD,GOOD,
2025-05-02 14:00:00+00:00,1.5,1.5000000000000004,1.4188701,0.5778798,0.3805157,0.04160449,GOOD,GOOD,
2025-05-02 15:00:00+00:00,1.675,1.6750000000000005,1.4915847,0.06784278,0.8915495,0.040607676,GOOD,SUSPECT,
2025-05-02 16:00:00+00:00,1.51,1.5100000000000002,1.6585687,0.64019465,0.2888509,0.070954405,GOOD,GOOD,
2025-05-02 17:00:00+00:00,1.46,1.4600000000000002,1.5411297,0.7620179,0.18548498,0.052497115,GOOD,GOOD,
2025-05-02 18:00:00+00:00,1.17,1.1700000000000002,1.466935,0.42726123,0.46345508,0.10928369,GOOD,SUSPECT,
2025-05-02 19:00:00+00:00,1.045,1.045,1.2291204,0.76895577,0.19571947,0.035324793,GOOD,GOOD,
2025-05-02 20:00:00+00:00,1.13,1.1300000000000001,1.0799627,0.94207937,0.04947901,0.008441608,GOOD,GOOD,
2025-05-02 21:00:00+00:00,1.16,1.1600000000000001,1.1159313,0.73213947,0.21423955,0.053621013,GOOD,GOOD,
2025-05-02 22:00:00+00:00,1.2,1.2000000000000002,1.1652621,0.8140526,0.1477537,0.038193718,GOOD,GOOD,
2025-05-02 23:00:00+00:00,1.2149999999999999,1.215,1.2061105,0.7448525,0.12468084,0.13046668,GOOD,GOOD,
2025-05-03 00:00:00+00:00,1.255,1.2550000000000001,1.2250115,0.821072,0.14963749,0.029290548,GOOD,GOOD,
2025-05-03 01:00:00+00:00,1.37,1.3700000000000003,1.2586703,0.58711106,0.37930012,0.033588815,GOOD,GOOD,
2025-05-03 02:00:00+00:00,1.43,1.4300000000000002,1.3595628,0.29415464,0.63916904,0.066676304,GOOD,SUSPECT,
2025-05-03 03:00:00+00:00,1.565,1.5650000000000002,1.4338192,0.14312953,0.8065789,0.050291568,GOOD,SUSPECT,
2025-05-03 04:00:00+00:00,1.5699999999999998,1.57,1.5560652,0.23882186,0.63500524,0.12617292,GOOD,SUSPECT,
2025-05-03 05:00:00+00:00,1.62,1.6200000000000003,1.5804242,0.13666451,0.80026084,0.063074656,GOOD,SUSPECT,
2025-05-03 06:00:00+00:00,1.53,1.5300000000000002,1.6188974,0.7406992,0.2192501,0.04005073,GOOD,GOOD,
2025-05-03 07:00:00+00:00,1.455,1.4550000000000003,1.5472375,0.84120417,0.13859132,0.020204479,GOOD,GOOD,
2025-05-03 08:00:00+00:00,1.43,1.4300000000000002,1.4690816,0.91197866,0.06822386,0.019797495,GOOD,GOOD,
2025-05-03 09:00:00+00:00,1.37,1.3700000000000003,1.4367005,0.9093718,0.07433362,0.016294565,GOOD,GOOD,
2025-05-03 10:00:00+00:00,1.4100000000000001,1.4100000000000004,1.3853934,0.8865727,0.09931322,0.01411404,GOOD,GOOD,
2025-05-03 11:00:00+00:00,1.435,1.4350000000000003,1.4070224,0.4160865,0.4208197,0.16309382,GOOD,SUSPECT,
2025-05-03 12:00:00+00:00,1.415,1.4150000000000003,1.4355227,0.9193126,0.06090467,0.019782733,GOOD,GOOD,
2025-05-03 13:00:00+00:00,1.635,1.6350000000000002,1.4235848,0.19185281,0.7563729,0.05177428,GOOD,SUSPECT,
2025-05-03 14:00:00+00:00,1.74,1.7400000000000004,1.6027782,0.02849859,0.9239513,0.047550097,GOOD,SUSPECT,
2025-05-03 15:00:00+00:00,1.52,1.5200000000000002,1.7319149,0.4190371,0.50464433,0.076318584,GOOD,SUSPECT,
2025-05-03 16:00:00+00:00,1.475,1.4750000000000003,1.5516769,0.7740145,0.17568575,0.050299816,GOOD,GOOD,
2025-05-03 17:00:00+00:00,1.385,1.3850000000000002,1.4771919,0.88547415,0.095303774,0.019222068,GOOD,GOOD,
2025-05-03 18:00:00+00:00,1.33,1.3300000000000003,1.4011087,0.9317163,0.053848635,0.01443504,GOOD,GOOD,
2025-05-03 19:00:00+00:00,1.295,1.2950000000000002,1.3457212,0.9465663,0.038896695,0.014537044,GOOD,GOOD,
2025-05-03 20:00:00+00:00,1.25,1.2500000000000002,1.308864,0.937991,0.04724925,0.014759737,GOOD,GOOD,
2025-05-03 21:00:00+00:00,1.09,1.0900000000000003,1.2672802,0.8701869,0.105738156,0.024074927,GOOD,GOOD,
2025-05-03 22:00:00+00:00,1.1600000000000001,1.1600000000000004,1.136305,0.9351947,0.05154589,0.013259463,GOOD,GOOD,
2025-05-03 23:00:00+00:00,1.3250000000000002,1.3250000000000004,1.1520478,0.517841,0.4382081,0.04395091,GOOD,GOOD,
2025-05-04 00:00:00+00:00,1.365,1.3650000000000002,1.2992314,0.4416411,0.49141446,0.06694445,GOOD,SUSPECT,
2025-05-04 01:00:00+00:00,1.355,1.3550000000000002,1.3732738,0.9022003,0.04720409,0.05059563,GOOD,GOOD,
2025-05-04 02:00:00+00:00,1.41,1.4100000000000001,1.370437,0.80451614,0.17047627,0.025007587,GOOD,GOOD,
2025-05-04 03:00:00+00:00,1.35,1.3500000000000003,1.4087803,0.9185978,0.059731614,0.02167056,GOOD,GOOD,
2025-05-04 04:00:00+00:00,1.21,1.2100000000000002,1.3714215,0.917209,0.066069834,0.01672115,GOOD,GOOD,
2025-05-04 05:00:00+00:00,1.29,1.2900000000000003,1.249268,0.92365974,0.062896736,0.013443496,GOOD,GOOD,
2025-05-04 06:00:00+00:00,1.075,1.0750000000000002,1.2820266,0.75819564,0.1772781,0.06452623,GOOD,GOOD,
2025-05-04 07:00:00+00:00,0.995,0.9950000000000002,1.1369127,0.8536111,0.110643454,0.035745468,GOOD,GOOD,
2025-05-04 08:00:00+00:00,0.9299999999999999,0.93,1.0296309,0.9361303,0.047882628,0.015987055,GOOD,GOOD,
2025-05-04 09:00:00+00:00,0.955,0.9550000000000001,0.959799,0.9555615,0.029916251,0.01452223,GOOD,GOOD,
2025-05-04 10:00:00+00:00,0.94,0.94,0.96317434,0.94100475,0.031828023,0.027167229,GOOD,GOOD,
2025-05-04 11:00:00+00:00,0.905,0.9050000000000001,0.96151364,0.9449245,0.03449763,0.020577911,GOOD,GOOD,
2025-05-04 12:00:00+00:00,1.03,1.0300000000000002,0.9346246,0.8883502,0.095305264,0.016344566,GOOD,GOOD,
2025-05-04 13:00:00+00:00,1.085,1.0850000000000002,1.0146309,0.75443053,0.20502351,0.04054598,GOOD,GOOD,
2025-05-04 14:00:00+00:00,1.03,1.0300000000000002,1.0907891,0.9474619,0.033552032,0.018986048,GOOD,GOOD,
2025-05-04 15:00:00+00:00,0.975,0.975,1.0670975,0.9476242,0.03530792,0.017067851,GOOD,GOOD,
2025-05-04 16:00:00+00:00,0.935,0.935,1.0100328,0.9465569,0.033385508,0.020057542,GOOD,GOOD,
2025-05-04 17:00:00+00:00,1.005,1.0050000000000001,0.96416944,0.9443061,0.04389446,0.011799477,GOOD,GOOD,
2025-05-04 18:00:00+00:00,1.0550000000000002,1.0550000000000004,1.0050906,0.81468713,0.14706701,0.038245868,GOOD,GOOD,
2025-05-04 19:00:00+00:00,1.01,1.01,1.0631716,0.9568177,0.026390184,0.01679215,GOOD,GOOD,
2025-05-04 20:00:00+00:00,0.965,0.9650000000000001,1.0447763,0.94408447,0.036233913,0.019681627,GOOD,GOOD,
2025-05-04 21:00:00+00:00,1.06,1.0600000000000003,0.99792296,0.9246259,0.06469377,0.010680364,GOOD,GOOD,
2025-05-04 22:00:00+00:00,0.96,0.96,1.0531901,0.9385087,0.04316232,0.018328972,GOOD,GOOD,
2025-05-04 23:00:00+00:00,1.04,1.0400000000000003,1.005767,0.93890095,0.050664335,0.010434724,GOOD,GOOD,
2025-05-05 00:00:00+00:00,1.05,1.0500000000000003,1.0397409,0.8759224,0.060643528,0.063434094,GOOD,GOOD,
2025-05-05 01:00:00+00:00,1.03,1.0300000000000002,1.0658823,0.9325349,0.024925362,0.04253975,GOOD,GOOD,
2025-05-05 02:00:00+00:00,1.1349999999999998,1.135,1.0558199,0.898177,0.08715089,0.0146721145,GOOD,GOOD,
2025-05-05 03:00:00+00:00,1.1349999999999998,1.135,1.1279951,0.8668165,0.06520798,0.06797547,GOOD,GOOD,
2025-05-05 04:00:00+00:00,1.17,1.1700000000000002,1.1542968,0.92537254,0.056456797,0.018170683,GOOD,GOOD,
2025-05-05 05:00:00+00:00,1.16,1.1600000000000001,1.1812711,0.8937296,0.042234804,0.06403555,GOOD,GOOD,
2025-05-05 06:00:00+00:00,1.125,1.1250000000000002,1.179601,0.95223165,0.030786559,0.016981825,GOOD,GOOD,
2025-05-05 07:00:00+00:00,1.03,1.0300000000000002,1.1496906,0.94474566,0.04250593,0.012748399,GOOD,GOOD,
2025-05-05 08:00:00+00:00,1.025,1.0250000000000001,1.069237,0.9473745,0.03013617,0.022489293,GOOD,GOOD,
2025-05-05 09:00:00+00:00,1.11,1.1100000000000003,1.0415878,0.90015894,0.08466131,0.015179765,GOOD,GOOD,
2025-05-05 10:00:00+00:00,1.065,1.0650000000000002,1.1042979,0.95688605,0.026952675,0.016161302,GOOD,GOOD,
2025-05-05 11:00:00+00:00,1.085,1.0850000000000002,1.0949112,0.96232253,0.024929015,0.0127484575,GOOD,GOOD,
2025-05-05 12:00:00+00:00,1.1,1.1000000000000003,1.0987012,0.83442056,0.060391907,0.10518756,GOOD,GOOD,
2025-05-05 13:00:00+00:00,1.0150000000000001,1.0150000000000003,1.112686,0.9443023,0.03979675,0.01590091,GOOD,GOOD,
2025-05-05 14:00:00+00:00,1.08,1.0800000000000003,1.054034,0.9454794,0.043998055,0.010522549,GOOD,GOOD,
2025-05-05 15:00:00+00:00,1.135,1.1350000000000002,1.0804498,0.78435177,0.17723523,0.038413025,GOOD,GOOD,
2025-05-05 16:00:00+00:00,1.395,1.3950000000000002,1.138618,0.39638996,0.52232635,0.08128368,GOOD,SUSPECT,
2025-05-05 17:00:00+00:00,1.15,1.1500000000000001,1.3596578,0.7349705,0.18588722,0.079142265,GOOD,GOOD,
2025-05-05 18:00:00+00:00,1.165,1.1650000000000003,1.2241793,0.9221337,0.045713425,0.032152876,GOOD,GOOD,
2025-05-05 19:00:00+00:00,1.225,1.2250000000000003,1.1757313,0.88047904,0.09991156,0.019609421,GOOD,GOOD,
2025-05-05 20:00:00+00:00,1.125,1.1250000000000002,1.2218384,0.94404876,0.040976256,0.0149750095,GOOD,GOOD,
2025-05-05 21:00:00+00:00,1.15,1.1500000000000001,1.1642233,0.9618194,0.026465848,0.011714731,GOOD,GOOD,
2025-05-05 22:00:00+00:00,0.9450000000000001,0.9450000000000002,1.1599177,0.7205028,0.21139199,0.068105206,GOOD,GOOD,
2025-05-05 23:00:00+00:00,0.895,0.8950000000000001,1.0120732,0.84274435,0.11541569,0.041839987,GOOD,GOOD,
2025-05-06 00:00:00+00:00,0.98,0.9800000000000002,0.9250903,0.931202,0.05537044,0.013427583,GOOD,GOOD,
2025-05-06 01:00:00+00:00,0.9850000000000001,0.9850000000000001,0.9700039,0.798602,0.09191901,0.10947903,GOOD,GOOD,
2025-05-06 02:00:00+00:00,0.9099999999999999,0.9099999999999999,1.0017422,0.9258317,0.053698473,0.020469857,GOOD,GOOD,
2025-05-06 03:00:00+00:00,0.925,0.9250000000000002,0.95273215,0.9585309,0.023352468,0.01811664,GOOD,GOOD,
2025-05-06 04:00:00+00:00,1.025,1.0250000000000001,0.94062084,0.8973285,0.08668748,0.015983991,GOOD,GOOD,
2025-05-06 05:00:00+00:00,1.22,1.2200000000000002,1.0158287,0.51240885,0.43057567,0.057015527,GOOD,GOOD,
2025-05-06 06:00:00+00:00,1.14,1.1400000000000001,1.1943738,0.93239534,0.04573,0.021874655,GOOD,GOOD,
2025-05-06 07:00:00+00:00,1.0150000000000001,1.0150000000000003,1.1839131,0.90430504,0.07414977,0.021545166,GOOD,GOOD,
2025-05-06 08:00:00+00:00,1.09,1.0900000000000003,1.0669495,0.94925994,0.04053257,0.01020747,GOOD,GOOD,
2025-05-06 09:00:00+00:00,0.995,0.9950000000000002,1.0859133,0.95113945,0.03362853,0.015232027,GOOD,GOOD,
2025-05-06 10:00:00+00:00,0.89,0.89,1.036073,0.91755474,0.06433724,0.018108025,GOOD,GOOD,
2025-05-06 11:00:00+00:00,0.81,0.8100000000000002,0.93955326,0.8969963,0.0799373,0.023066355,GOOD,GOOD,
2025-05-06 12:00:00+00:00,0.895,0.8950000000000001,0.85218763,0.93895906,0.049469873,0.011571042,GOOD,GOOD,
2025-05-06 13:00:00+00:00,0.91,0.91,0.887962,0.83197683,0.09387242,0.07415076,GOOD,GOOD,
2025-05-06 14:00:00+00:00,1.0825,1.0825,0.9250469,0.70301604,0.2636139,0.033370018,GOOD,GOOD,
2025-05-06 15:00:00+00:00,1.255,1.2550000000000001,1.0598689,0.30258876,0.639724,0.05768723,BAD,SUSPECT,E_stuck
2025-05-06 16:00:00+00:00,1.22,1.2550000000000001,1.2385496,0.7571815,0.17349783,0.06932062,BAD,GOOD,E_stuck
2025-05-06 17:00:00+00:00,1.31,1.2550000000000001,1.2802923,0.43491256,0.06418741,0.50090003,BAD,GOOD,E_stuck
2025-05-06 18:00:00+00:00,1.15,1.2550000000000001,1.2739338,0.38856697,0.066631384,0.54480165,BAD,GOOD,E_stuck
2025-05-06 19:00:00+00:00,1.1549999999999998,1.2550000000000001,1.2694862,0.34066343,0.0818554,0.57748115,BAD,GOOD,E_stuck
2025-05-06 20:00:00+00:00,1.18,1.2550000000000001,1.2696404,0.36076748,0.07872651,0.560506,BAD,GOOD,E_stuck
2025-05-06 21:00:00+00:00,1.16,1.1600000000000001,1.2698786,0.92085975,0.06306391,0.01607632,GOOD,GOOD,
2025-05-06 22:00:00+00:00,1.16,1.1600000000000001,1.1952842,0.8631762,0.06253947,0.07428427,GOOD,GOOD,
2025-05-06 23:00:00+00:00,1.06,1.0600000000000003,1.1725163,0.9267229,0.060000595,0.013276493,GOOD,GOOD,
2025-05-07 00:00:00+00:00,1.045,1.045,1.0967941,0.91939634,0.053088605,0.027515039,GOOD,GOOD,
2025-05-07 01:00:00+00:00,1.08,1.0800000000000003,1.0626016,0.9585632,0.03371825,0.0077185305,GOOD,GOOD,
2025-05-07 02:00:00+00:00,1.04,1.0400000000000003,1.084757,0.964833,0.023457896,0.011709097,GOOD,GOOD,
2025-05-07 03:00:00+00:00,1.13,1.1300000000000001,1.0662835,0.92089766,0.067730874,0.011371486,GOOD,GOOD,
2025-05-07 04:00:00+00:00,1.17,1.1700000000000002,1.1242758,0.800703,0.16115083,0.038146175,GOOD,GOOD,
2025-05-07 05:00:00+00:00,1.185,1.1850000000000003,1.1773255,0.79188234,0.08753571,0.12058194,GOOD,GOOD,
2025-05-07 06:00:00+00:00,1.1949999999999998,1.195,1.1997668,0.74356234,0.05956292,0.19687471,GOOD,GOOD,
2025-05-07 07:00:00+00:00,1.185,1.1850000000000003,1.209394,0.85011077,0.039923627,0.10996564,GOOD,GOOD,
2025-05-07 08:00:00+00:00,1.21,1.2100000000000002,1.2030377,0.9490048,0.036672376,0.014322779,GOOD,GOOD,
2025-05-07 09:00:00+00:00,1.125,1.1250000000000002,1.2199206,0.9471539,0.03695797,0.0158881,GOOD,GOOD,
2025-05-07 10:00:00+00:00,1.135,1.1350000000000002,1.1605535,0.9668415,0.019786516,0.013371948,GOOD,GOOD,
2025-05-07 11:00:00+00:00,1.27,1.2700000000000002,1.1477375,0.78096884,0.19529952,0.023731649,GOOD,GOOD,
2025-05-07 12:00:00+00:00,1.1099999999999999,1.11,1.2543278,0.9126707,0.06338639,0.023942925,GOOD,GOOD,
2025-05-07 13:00:00+00:00,0.94,0.94,1.1642361,0.73486954,0.2196395,0.04549096,GOOD,GOOD,
2025-05-07 14:00:00+00:00,1.025,1.0250000000000001,1.0000466,0.9365025,0.04972835,0.01376912,GOOD,GOOD,
2025-05-07 15:00:00+00:00,1.14,1.1400000000000001,1.0142719,0.6923331,0.27257127,0.035095632,GOOD,GOOD,
2025-05-07 16:00:00+00:00,0.96,0.96,1.1254888,0.8072827,0.13236193,0.060355403,GOOD,GOOD,
2025-05-07 17:00:00+00:00,0.815,0.815,1.027714,0.63652396,0.27481103,0.08866505,GOOD,GOOD,
2025-05-07 18:00:00+00:00,0.715,0.715,0.8772027,0.7610792,0.17248608,0.0664347,GOOD,GOOD,
2025-05-07 19:00:00+00:00,0.755,0.6625171936586501,0.7621631,0.92455405,0.049778525,0.025667416,BAD,GOOD,F_burst_noise
2025-05-07 20:00:00+00:00,0.7050000000000001,0.6019031118393515,0.6973598,0.9166025,0.053281553,0.030115962,BAD,GOOD,F_burst_noise
2025-05-07 21:00:00+00:00,0.7,1.0946686562363042,0.6435905,0.11936289,0.45423335,0.4264038,BAD,SUSPECT,F_burst_noise
2025-05-07 22:00:00+00:00,0.67,0.7435189650150326,0.96920484,0.45233774,0.22157502,0.32608724,BAD,GOOD,F_burst_noise
2025-05-07 23:00:00+00:00,0.53,0.02,0.871391,0.017121792,0.092458025,0.8904202,BAD,BAD,F_burst_noise
2025-05-08 00:00:00+00:00,0.51,1.397544113242518,0.34496787,0.051469088,0.06884486,0.87968606,BAD,BAD,F_burst_noise
2025-05-08 01:00:00+00:00,0.54,1.1737755404369195,0.9792825,0.4268415,0.41426954,0.15888898,BAD,GOOD,F_burst_noise
2025-05-08 02:00:00+00:00,0.575,0.7661222491192121,1.2492329,0.10950351,0.4013606,0.4891359,BAD,SUSPECT,F_burst_noise
2025-05-08 03:00:00+00:00,0.5549999999999999,0.02,0.92970866,0.01082778,0.10715863,0.8820136,BAD,BAD,F_burst_noise
2025-05-08 04:00:00+00:00,0.44,0.35149094105904266,0.33671916,0.53843176,0.2367197,0.22484854,BAD,GOOD,F_burst_noise
2025-05-08 05:00:00+00:00,0.47,0.39280979629347224,0.25870904,0.3357337,0.4706429,0.19362341,BAD,SUSPECT,F_burst_noise
2025-05-08 06:00:00+00:00,0.51,0.37008272823399885,0.3580245,0.95119697,0.031794887,0.017008133,BAD,GOOD,F_burst_noise
2025-05-08 07:00:00+00:00,0.59,0.574453454483581,0.40707162,0.50094247,0.42827874,0.07077879,BAD,GOOD,F_burst_noise
2025-05-08 08:00:00+00:00,0.575,0.7450045108281576,0.53729993,0.23115492,0.665833,0.10301208,BAD,SUSPECT,F_burst_noise
2025-05-08 09:00:00+00:00,0.575,0.02,0.7154317,0.042648375,0.11604468,0.8413069,BAD,BAD,F_burst_noise
2025-05-08 10:00:00+00:00,0.5,1.5512642205930105,0.33670595,0.008923352,0.30053237,0.69054425,BAD,SUSPECT,F_burst_noise
2025-05-08 11:00:00+00:00,0.44,1.1553373648433898,1.1206305,0.44120258,0.48532274,0.07347468,BAD,SUSPECT,F_burst_noise
2025-05-08 12:00:00+00:00,0.36,0.2544359007984159,1.2858396,0.005746305,0.113018826,0.8812349,BAD,BAD,F_burst_noise
2025-05-08 13:00:00+00:00,0.42,0.6897934633560393,0.60419834,0.33847594,0.42963395,0.2318901,BAD,SUSPECT,F_burst_noise
2025-05-08 14:00:00+00:00,0.48,0.8192144641015071,0.5751579,0.06255007,0.69186735,0.24558254,BAD,SUSPECT,F_burst_noise
2025-05-08 15:00:00+00:00,0.545,0.6123418443050357,0.76614213,0.82500637,0.12825704,0.04673659,BAD,GOOD,F_burst_noise
2025-05-08 16:00:00+00:00,0.545,0.3471655295818959,0.71130854,0.10187018,0.5942907,0.30383912,BAD,SUSPECT,F_burst_noise
2025-05-08 17:00:00+00:00,0.47,0.02,0.48538724,0.037158906,0.5160493,0.44679177,BAD,SUSPECT,F_burst_noise
2025-05-08 18:00:00+00:00,0.445,0.1742014839383555,0.19335575,0.86536264,0.08982796,0.044809356,BAD,GOOD,F_burst_noise
2025-05-08 19:00:00+00:00,0.535,0.535,0.14245231,0.15872967,0.5290964,0.31217393,GOOD,SUSPECT,
2025-05-08 20:00:00+00:00,0.575,0.575,0.39145416,0.046138823,0.6978619,0.2559992,GOOD,SUSPECT,
2025-05-08 21:00:00+00:00,0.73,0.7300000000000001,0.5787486,0.62818277,0.3320368,0.03978045,GOOD,GOOD,
2025-05-08 22:00:00+00:00,0.595,0.595,0.72430474,0.9313701,0.04414922,0.024480682,GOOD,GOOD,
2025-05-08 23:00:00+00:00,0.58,0.58,0.67604303,0.8415265,0.041090958,0.117382504,GOOD,GOOD,
2025-05-09 00:00:00+00:00,0.485,0.4850000000000001,0.62072027,0.91386867,0.062215783,0.02391554,GOOD,GOOD,
2025-05-09 01:00:00+00:00,0.545,0.545,0.5436994,0.9758356,0.015792284,0.008372071,GOOD,GOOD,
2025-05-09 02:00:00+00:00,0.625,0.625,0.55166894,0.9120395,0.06577391,0.022186553,GOOD,GOOD,
2025-05-09 03:00:00+00:00,0.585,0.5850000000000001,0.622037,0.9769466,0.0112905195,0.011762888,GOOD,GOOD,
2025-05-09 04:00:00+00:00,0.685,0.6850000000000002,0.6283684,0.9256647,0.060848296,0.013487003,GOOD,GOOD,
2025-05-09 05:00:00+00:00,0.6699999999999999,0.6699999999999999,0.684209,0.95957565,0.020308055,0.02011628,GOOD,GOOD,
2025-05-09 06:00:00+00:00,0.55,0.55,0.70155007,0.8720536,0.10128174,0.026664607,GOOD,GOOD,
2025-05-09 07:00:00+00:00,0.53,0.53,0.620889,0.8218223,0.07921435,0.098963365,GOOD,GOOD,
2025-05-09 08:00:00+00:00,0.565,0.5650000000000001,0.5660908,0.97464454,0.015036951,0.0103185,GOOD,GOOD,
2025-05-09 09:00:00+00:00,0.5,0.5000000000000001,0.5754267,0.96209306,0.02342722,0.014479699,GOOD,GOOD,
2025-05-09 10:00:00+00:00,0.435,0.4350000000000001,0.54770553,0.89024353,0.07384271,0.035913765,GOOD,GOOD,
2025-05-09 11:00:00+00:00,0.405,0.4050000000000001,0.48936433,0.90328854,0.050781276,0.04593016,GOOD,GOOD,
2025-05-09 12:00:00+00:00,0.455,0.45500000000000007,0.44471243,0.9526892,0.031456474,0.015854334,GOOD,GOOD,
2025-05-09 13:00:00+00:00,0.4,0.40000000000000013,0.46202993,0.9627468,0.023113025,0.014140176,GOOD,GOOD,
2025-05-09 14:00:00+00:00,0.39,0.3900000000000001,0.44611084,0.9242239,0.021421134,0.054354943,GOOD,GOOD,
2025-05-09 15:00:00+00:00,0.47,0.47000000000000003,0.42624214,0.9233394,0.056305002,0.02035555,GOOD,GOOD,
2025-05-09 16:00:00+00:00,0.51,0.51,0.46831298,0.90921855,0.06219288,0.028588546,GOOD,GOOD,
2025-05-09 17:00:00+00:00,0.45499999999999996,0.455,0.52176774,0.96373945,0.01935002,0.016910547,GOOD,GOOD,
2025-05-09 18:00:00+00:00,0.42500000000000004,0.42500000000000016,0.5070263,0.9397272,0.027263043,0.033009786,GOOD,GOOD,
2025-05-09 19:00:00+00:00,0.41000000000000003,0.4100000000000001,0.47026265,0.8742905,0.030094653,0.095614806,GOOD,GOOD,
2025-05-09 20:00:00+00:00,0.49,0.4900000000000001,0.4448629,0.92168003,0.057540774,0.020779185,GOOD,GOOD,
2025-05-09 21:00:00+00:00,0.38,0.38000000000000006,0.48797077,0.861112,0.08693373,0.05195426,GOOD,GOOD,
2025-05-09 22:00:00+00:00,0.425,0.4250000000000001,0.44811064,0.96513695,0.019875616,0.014987466,GOOD,GOOD,
2025-05-09 23:00:00+00:00,0.385,0.38500000000000006,0.44364008,0.9654272,0.019895323,0.01467745,GOOD,GOOD,
2025-05-10 00:00:00+00:00,0.435,0.4350000000000001,0.4259365,0.95891666,0.026787896,0.014295462,GOOD,GOOD,
2025-05-10 01:00:00+00:00,0.36,0.36000000000000004,0.44660237,0.93080825,0.04378941,0.025402358,GOOD,GOOD,
2025-05-10 02:00:00+00:00,0.405,0.4050000000000001,0.4160084,0.9617012,0.023055641,0.015243151,GOOD,GOOD,
2025-05-10 03:00:00+00:00,0.46499999999999997,0.465,0.42099255,0.93468624,0.04922271,0.016091043,GOOD,GOOD,
2025-05-10 04:00:00+00:00,0.485,0.4850000000000001,0.46852753,0.9369278,0.032130186,0.030942049,GOOD,GOOD,
2025-05-10 05:00:00+00:00,0.555,0.555,0.50632775,0.9251315,0.056060266,0.018808255,GOOD,GOOD,
2025-05-10 06:00:00+00:00,0.43,0.43000000000000005,0.56194055,0.83137345,0.11055265,0.05807391,GOOD,GOOD,
2025-05-10 07:00:00+00:00,0.385,0.38500000000000006,0.50560457,0.8689914,0.08661787,0.044390768,GOOD,GOOD,
2025-05-10 08:00:00+00:00,0.47,0.47000000000000003,0.43728775,0.9227546,0.05370272,0.023542717,GOOD,GOOD,
2025-05-10 09:00:00+00:00,0.42500000000000004,0.42500000000000016,0.4644242,0.9743947,0.015545994,0.010059329,GOOD,GOOD,
2025-05-10 10:00:00+00:00,0.39,0.3900000000000001,0.46509036,0.9547289,0.023347443,0.021923674,GOOD,GOOD,
2025-05-10 11:00:00+00:00,0.325,0.32500000000000007,0.4363181,0.8890978,0.07576725,0.03513496,GOOD,GOOD,
2025-05-10 12:00:00+00:00,0.415,0.4150000000000001,0.3809855,0.90768623,0.06737294,0.024940854,GOOD,GOOD,
2025-05-10 13:00:00+00:00,0.4,0.40000000000000013,0.40970564,0.971682,0.016503198,0.011814816,GOOD,GOOD,
2025-05-10 14:00:00+00:00,0.41500000000000004,0.41500000000000015,0.42917764,0.94835114,0.019623762,0.032025073,GOOD,GOOD,
2025-05-10 15:00:00+00:00,0.41500000000000004,0.41500000000000015,0.44175512,0.7976579,0.024103198,0.17823891,GOOD,GOOD,
2025-05-10 16:00:00+00:00,0.42,0.42000000000000004,0.4454549,0.7877416,0.025262548,0.18699583,GOOD,GOOD,
2025-05-10 17:00:00+00:00,0.51,0.51,0.44847286,0.89370537,0.078105375,0.028189257,GOOD,GOOD,
2025-05-10 18:00:00+00:00,0.435,0.4350000000000001,0.5063248,0.9524459,0.029567592,0.017986458,GOOD,GOOD,
2025-05-10 19:00:00+00:00,0.43,0.43000000000000005,0.49071136,0.939522,0.017570347,0.042907625,GOOD,GOOD,
2025-05-10 20:00:00+00:00,0.505,0.505,0.46697292,0.9321906,0.048076406,0.019733021,GOOD,GOOD,
2025-05-10 21:00:00+00:00,0.435,0.4350000000000001,0.5054802,0.9626668,0.022616412,0.0147168,GOOD,GOOD,
2025-05-10 22:00:00+00:00,0.435,0.4350000000000001,0.48732144,0.9412419,0.014844022,0.043914072,GOOD,GOOD,
2025-05-10 23:00:00+00:00,0.41,0.41000000000000003,0.46872482,0.9664038,0.0160361,0.017560113,GOOD,GOOD,
2025-05-11 00:00:00+00:00,0.395,0.3950000000000001,0.44743833,0.8986699,0.028224735,0.07310538,GOOD,GOOD,
2025-05-11 01:00:00+00:00,0.45999999999999996,0.4600000000000001,0.42968804,0.9329569,0.047508642,0.019534497,GOOD,GOOD,
2025-05-11 02:00:00+00:00,0.42,0.42000000000000004,0.46399322,0.97431886,0.014539212,0.0111419,GOOD,GOOD,
2025-05-11 03:00:00+00:00,0.455,0.45500000000000007,0.46185577,0.96871984,0.018325396,0.01295477,GOOD,GOOD,
2025-05-11 04:00:00+00:00,0.51,0.51,0.4746205,0.94313604,0.04010456,0.016759416,GOOD,GOOD,
2025-05-11 05:00:00+00:00,0.565,0.5650000000000001,0.5178694,0.8989755,0.06907272,0.031951804,GOOD,GOOD,
2025-05-11 06:00:00+00:00,0.5549999999999999,0.5549999999999999,0.57439816,0.9391752,0.034196083,0.02662871,GOOD,GOOD,
2025-05-11 07:00:00+00:00,0.415,0.4150000000000001,0.58941483,0.7258942,0.19305937,0.081046395,GOOD,GOOD,
2025-05-11 08:00:00+00:00,0.5,0.5000000000000001,0.4982365,0.906702,0.05555068,0.037747335,GOOD,GOOD,
2025-05-11 09:00:00+00:00,0.455,0.45500000000000007,0.50093037,0.9744548,0.01537563,0.010169569,GOOD,GOOD,
2025-05-11 10:00:00+00:00,0.47,0.47000000000000003,0.49294224,0.9748507,0.013482557,0.011666707,GOOD,GOOD,
2025-05-11 11:00:00+00:00,0.42,0.42000000000000004,0.49539793,0.96138924,0.022976356,0.015634412,GOOD,GOOD,
2025-05-11 12:00:00+00:00,0.45999999999999996,0.4600000000000001,0.46709788,0.9640032,0.021566872,0.014429942,GOOD,GOOD,
2025-05-11 13:00:00+00:00,0.555,0.555,0.47551715,0.8608811,0.10518303,0.033935864,GOOD,GOOD,
2025-05-11 14:00:00+00:00,0.49,0.4900000000000001,0.5467404,0.95470935,0.027200175,0.018090481,GOOD,GOOD,
2025-05-11 15:00:00+00:00,0.47,0.47000000000000003,0.54148823,0.9563159,0.018468026,0.025216099,GOOD,GOOD,
2025-05-11 16:00:00+00:00,0.61,0.6100000000000001,0.5118379,0.75136435,0.1890863,0.05954938,GOOD,GOOD,
2025-05-11 17:00:00+00:00,0.61,0.6100000000000001,0.58837676,0.92460114,0.04730255,0.028096326,GOOD,GOOD,
2025-05-11 18:00:00+00:00,0.63,0.63,0.6352472,0.94322616,0.028520193,0.028253669,GOOD,GOOD,
2025-05-11 19:00:00+00:00,0.52,0.52,0.6566579,0.8600247,0.09690514,0.0430702,GOOD,GOOD,
2025-05-11 20:00:00+00:00,0.47,0.47000000000000003,0.5882386,0.9052327,0.06327988,0.03148741,GOOD,GOOD,
2025-05-11 21:00:00+00:00,0.495,0.4950000000000001,0.5187784,0.97875065,0.012520286,0.008729045,GOOD,GOOD,
2025-05-11 22:00:00+00:00,0.515,0.515,0.51101375,0.9227184,0.030723093,0.04655851,GOOD,GOOD,
2025-05-11 23:00:00+00:00,0.525,0.525,0.53205884,0.8945868,0.028573623,0.0768396,GOOD,GOOD,
2025-05-12 00:00:00+00:00,0.505,0.505,0.549771,0.97034967,0.012324322,0.017326036,GOOD,GOOD,
2025-05-12 01:00:00+00:00,0.59,0.5900000000000001,0.5419219,0.92500865,0.055948567,0.019042796,GOOD,GOOD,
2025-05-12 02:00:00+00:00,0.45499999999999996,0.455,0.58935237,0.7858012,0.14159526,0.07260359,GOOD,GOOD,
2025-05-12 03:00:00+00:00,0.5,0.5000000000000001,0.5299254,0.9730097,0.016776036,0.010214229,GOOD,GOOD,
2025-05-12 04:00:00+00:00,0.495,0.4950000000000001,0.517544,0.9452812,0.01575174,0.038967047,GOOD,GOOD,
2025-05-12 05:00:00+00:00,0.485,0.4850000000000001,0.5205979,0.84259623,0.023071108,0.13433267,GOOD,GOOD,
2025-05-12 06:00:00+00:00,0.6499999999999999,0.6499999999999999,0.51727796,0.63792175,0.26899338,0.093084864,GOOD,GOOD,
2025-05-12 07:00:00+00:00,0.55,0.55,0.62142843,0.9171645,0.05204608,0.030789413,GOOD,GOOD,
2025-05-12 08:00:00+00:00,0.52,0.52,0.6111929,0.9473764,0.027984297,0.024639305,GOOD,GOOD,
2025-05-12 09:00:00+00:00,0.575,0.575,0.566646,0.96028805,0.026148263,0.01356368,GOOD,GOOD,
2025-05-12 10:00:00+00:00,0.5800000000000001,0.5800000000000001,0.58283436,0.9545566,0.020252828,0.025190566,GOOD,GOOD,
2025-05-12 11:00:00+00:00,0.6,0.6,0.6031883,0.9472344,0.024362855,0.028402727,GOOD,GOOD,
2025-05-12 12:00:00+00:00,0.6,0.6,0.622724,0.843219,0.026869051,0.12991196,GOOD,GOOD,
2025-05-12 13:00:00+00:00,0.67,0.67,0.62897485,0.94176567,0.04360428,0.014630042,GOOD,GOOD,
2025-05-12 14:00:00+00:00,0.62,0.62,0.6751597,0.96539825,0.019904716,0.014697051,GOOD,GOOD,
2025-05-12 15:00:00+00:00,0.59,0.5900000000000001,0.6639273,0.95966125,0.021034474,0.019304257,GOOD,GOOD,
2025-05-12 16:00:00+00:00,0.625,0.625,0.6304872,0.97089636,0.017699184,0.011404424,GOOD,GOOD,
2025-05-12 17:00:00+00:00,0.635,0.6350000000000001,0.6395796,0.9237169,0.027680501,0.048602574,GOOD,GOOD,
2025-05-12 18:00:00+00:00,0.71,0.7100000000000001,0.65674275,0.9330193,0.05118814,0.015792545,GOOD,GOOD,
2025-05-12 19:00:00+00:00,0.7250000000000001,0.7250000000000001,0.7132128,0.9574,0.02617347,0.016426496,GOOD,GOOD,
2025-05-12 20:00:00+00:00,0.74,0.74,0.747671,0.8922281,0.03516884,0.072603025,GOOD,GOOD,
2025-05-12 21:00:00+00:00,0.725,0.725,0.7644173,0.9552364,0.01831611,0.026447503,GOOD,GOOD,
2025-05-12 22:00:00+00:00,0.865,0.865,0.7569364,0.8212799,0.1415512,0.037168954,GOOD,GOOD,
2025-05-12 23:00:00+00:00,0.97,0.9700000000000001,0.84861636,0.6844269,0.2611265,0.054446597,GOOD,GOOD,
2025-05-13 00:00:00+00:00,1.01,1.01,0.9664666,0.82754254,0.13639343,0.036064025,GOOD,GOOD,
2025-05-13 01:00:00+00:00,1.01,1.01,1.0292337,0.8634778,0.04907314,0.087449,GOOD,GOOD,
2025-05-13 02:00:00+00:00,0.79,0.79,1.0369506,0.54453343,0.30574754,0.14971903,GOOD,GOOD,
2025-05-13 03:00:00+00:00,0.72,0.72,0.8748017,0.7496637,0.17818008,0.0721562,GOOD,GOOD,
2025-05-13 04:00:00+00:00,0.855,0.8550000000000001,0.7629012,0.8166651,0.14595452,0.037380382,GOOD,GOOD,
2025-05-13 05:00:00+00:00,0.925,0.9250000000000002,0.8302136,0.6929001,0.25464287,0.05245701,GOOD,GOOD,
2025-05-13 06:00:00+00:00,0.925,0.9250000000000002,0.92543495,0.94685864,0.024344882,0.02879647,GOOD,GOOD,
2025-05-13 07:00:00+00:00,0.7949999999999999,0.7949999999999999,0.9524775,0.869665,0.095152624,0.035182368,GOOD,GOOD,
2025-05-13 08:00:00+00:00,0.78,0.7800000000000001,0.8581051,0.9298257,0.03888814,0.031286113,GOOD,GOOD,
2025-05-13 09:00:00+00:00,0.88,0.8800000000000001,0.8063811,0.88902646,0.090146214,0.020827306,GOOD,GOOD,
2025-05-13 10:00:00+00:00,0.925,0.9250000000000002,0.86841685,0.8493235,0.121896386,0.028780084,GOOD,GOOD,
2025-05-13 11:00:00+00:00,1.005,1.0050000000000001,0.93461776,0.86575973,0.1138621,0.020378172,GOOD,GOOD,
2025-05-13 12:00:00+00:00,1.0150000000000001,1.0150000000000003,1.0098621,0.9403463,0.03817448,0.021479238,GOOD,GOOD,
2025-05-13 13:00:00+00:00,0.94,0.94,1.0374143,0.95487154,0.030099526,0.015028946,GOOD,GOOD,
2025-05-13 14:00:00+00:00,0.79,0.79,0.98351866,0.85013527,0.116135195,0.03372955,GOOD,GOOD,
2025-05-13 15:00:00+00:00,0.645,0.645,0.8545997,0.66182494,0.276867,0.061308037,GOOD,GOOD,
2025-05-13 16:00:00+00:00,0.61,0.6100000000000001,0.71181285,0.89898974,0.06718654,0.03382375,GOOD,GOOD,
2025-05-13 17:00:00+00:00,0.62,0.62,0.6425093,0.97361535,0.01522062,0.0111640375,GOOD,GOOD,
2025-05-13 18:00:00+00:00,0.64,0.6400000000000001,0.6368392,0.94747317,0.026388625,0.026138207,GOOD,GOOD,
2025-05-13 19:00:00+00:00,0.63,0.63,0.6568496,0.95876646,0.017873487,0.02336008,GOOD,GOOD,
2025-05-13 20:00:00+00:00,0.595,0.595,0.6597329,0.96741,0.01925685,0.013333094,GOOD,GOOD,
2025-05-13 21:00:00+00:00,0.5700000000000001,0.5700000000000001,0.634503,0.957823,0.020712063,0.021464985,GOOD,GOOD,
2025-05-13 22:00:00+00:00,0.62,0.62,0.60569924,0.9584446,0.028821386,0.012734008,GOOD,GOOD,
2025-05-13 23:00:00+00:00,0.645,0.645,0.6285606,0.9508439,0.029729884,0.019426245,GOOD,GOOD,
2025-05-14 00:00:00+00:00,0.675,0.675,0.66205394,0.92327654,0.038786877,0.037936557,GOOD,GOOD,
2025-05-14 01:00:00+00:00,0.845,0.845,0.69411933,0.68995464,0.25042927,0.05961607,GOOD,GOOD,
2025-05-14 02:00:00+00:00,0.72,0.72,0.8208206,0.92294234,0.047154594,0.02990307,GOOD,GOOD,
2025-05-14 03:00:00+00:00,0.855,0.8550000000000001,0.7874983,0.86620307,0.10507647,0.02872048,GOOD,GOOD,
2025-05-14 04:00:00+00:00,0.95,0.9500000000000001,0.8459627,0.7201853,0.2403704,0.039444286,GOOD,GOOD,
2025-05-14 05:00:00+00:00,1.065,1.0650000000000002,0.94702643,0.7261549,0.23884186,0.03500319,GOOD,GOOD,
2025-05-14 06:00:00+00:00,1.155,1.1550000000000002,1.0641222,0.7567553,0.21370706,0.029537648,GOOD,GOOD,
2025-05-14 07:00:00+00:00,1.275,1.2750000000000001,1.162089,0.63463545,0.3321141,0.03325049,GOOD,GOOD,
2025-05-14 08:00:00+00:00,1.1,1.1000000000000003,1.2744656,0.8662677,0.089532204,0.044200085,GOOD,GOOD,
2025-05-14 09:00:00+00:00,1.26,1.2600000000000002,1.1612692,0.81261456,0.15082207,0.03656337,GOOD,GOOD,
2025-05-14 10:00:00+00:00,1.28,1.2800000000000002,1.2396832,0.71179724,0.23066309,0.057539634,GOOD,GOOD,
2025-05-14 11:00:00+00:00,1.395,1.3950000000000002,1.2913231,0.70059097,0.27065963,0.028749447,GOOD,GOOD,
2025-05-14 12:00:00+00:00,1.505,1.5050000000000001,1.3897367,0.2501124,0.70790786,0.041979726,GOOD,SUSPECT,
2025-05-14 13:00:00+00:00,1.42,1.4200000000000002,1.500281,0.805959,0.15467355,0.039367456,GOOD,GOOD,
2025-05-14 14:00:00+00:00,1.42,1.4200000000000002,1.4451718,0.84993744,0.11060975,0.0394528,GOOD,GOOD,
2025-05-14 15:00:00+00:00,1.1800000000000002,1.1800000000000004,1.4245087,0.64761394,0.2595241,0.09286195,GOOD,GOOD,
2025-05-14 16:00:00+00:00,1.1600000000000001,1.1600000000000004,1.2336522,0.8930776,0.07307101,0.033851366,GOOD,GOOD,
2025-05-14 17:00:00+00:00,0.99,0.9900000000000001,1.1701885,0.8478791,0.12599042,0.026130447,GOOD,GOOD,
2025-05-14 18:00:00+00:00,0.995,0.9950000000000002,1.0408367,0.9391509,0.035891436,0.024957635,GOOD,GOOD,
2025-05-14 19:00:00+00:00,0.96,0.96,1.0065509,0.96393573,0.023686362,0.012377885,GOOD,GOOD,
2025-05-14 20:00:00+00:00,0.875,0.8750000000000001,0.9824031,0.9252201,0.060254015,0.0145259015,GOOD,GOOD,
2025-05-14 21:00:00+00:00,0.95,0.9500000000000001,0.9161,0.95246994,0.039124645,0.008405417,GOOD,GOOD,
2025-05-14 22:00:00+00:00,0.97,0.9700000000000001,0.94589245,0.8445756,0.09473421,0.060690206,GOOD,GOOD,
2025-05-14 23:00:00+00:00,0.925,0.9250000000000002,0.98172593,0.9684643,0.018923681,0.012612023,GOOD,GOOD,
2025-05-15 00:00:00+00:00,1.005,1.0050000000000001,0.959297,0.9439624,0.045809753,0.010227867,GOOD,GOOD,
2025-05-15 01:00:00+00:00,1.1099999999999999,1.11,1.0043133,0.78828174,0.18459484,0.027123395,GOOD,GOOD,
2025-05-15 02:00:00+00:00,1.3050000000000002,1.3050000000000004,1.103889,0.42431146,0.52081394,0.054874577,GOOD,SUSPECT,
2025-05-15 03:00:00+00:00,1.315,1.3150000000000002,1.2854652,0.7118628,0.22757821,0.060559016,GOOD,GOOD,
2025-05-15 04:00:00+00:00,1.4049999999999998,1.405,1.3384371,0.67027926,0.30126598,0.02845477,GOOD,GOOD,
2025-05-15 05:00:00+00:00,1.3900000000000001,1.3900000000000003,1.4070958,0.91934645,0.057113636,0.023539927,GOOD,GOOD,
2025-05-15 06:00:00+00:00,1.22,1.2200000000000002,1.4078951,0.91180223,0.07117798,0.017019788,GOOD,GOOD,
2025-05-15 07:00:00+00:00,1.225,1.2250000000000003,1.2665926,0.93931437,0.040127434,0.020558178,GOOD,GOOD,
2025-05-15 08:00:00+00:00,1.13,1.1300000000000001,1.2332228,0.93582904,0.051462423,0.012708525,GOOD,GOOD,
2025-05-15 09:00:00+00:00,1.165,1.1650000000000003,1.162478,0.96537036,0.02733745,0.0072921882,GOOD,GOOD,
2025-05-15 10:00:00+00:00,1.17,1.1700000000000002,1.1697248,0.70982695,0.07899562,0.21117745,GOOD,GOOD,
2025-05-15 11:00:00+00:00,1.26,1.2600000000000002,1.1816844,0.7562236,0.21999231,0.023784086,GOOD,GOOD,
2025-05-15 12:00:00+00:00,1.35,1.3500000000000003,1.25349,0.49028504,0.4670151,0.042699873,GOOD,GOOD,
2025-05-15 13:00:00+00:00,1.5,1.5000000000000004,1.3449962,0.20943046,0.74801815,0.04255138,GOOD,SUSPECT,
2025-05-15 14:00:00+00:00,1.33,1.3300000000000003,1.4860634,0.88063914,0.096891075,0.0224698,GOOD,GOOD,
2025-05-15 15:00:00+00:00,1.19,1.1900000000000002,1.3731141,0.89407593,0.08883038,0.01709369,GOOD,GOOD,
2025-05-15 16:00:00+00:00,1.175,1.1750000000000003,1.2260426,0.95291704,0.030387342,0.016695594,GOOD,GOOD,
2025-05-15 17:00:00+00:00,1.01,1.01,1.1845394,0.8756435,0.10005229,0.02430424,GOOD,GOOD,
2025-05-15 18:00:00+00:00,0.905,0.9050000000000001,1.0623474,0.8463336,0.12565137,0.028015012,GOOD,GOOD,
2025-05-15 19:00:00+00:00,0.75,0.7500000000000001,0.9492766,0.69057274,0.25643018,0.052997034,GOOD,GOOD,
2025-05-15 20:00:00+00:00,0.74,0.74,0.8122272,0.89828855,0.063053176,0.03865826,GOOD,GOOD,
2025-05-15 21:00:00+00:00,0.76,0.7600000000000001,0.76146203,0.96628416,0.02202635,0.011689501,GOOD,GOOD,
2025-05-15 22:00:00+00:00,0.885,0.885,0.7708614,0.80696344,0.16524068,0.027795896,GOOD,GOOD,
2025-05-15 23:00:00+00:00,0.89,0.89,0.8679614,0.8921579,0.06707883,0.040763266,GOOD,GOOD,
2025-05-16 00:00:00+00:00,0.9450000000000001,0.9450000000000002,0.91224545,0.94463944,0.04439471,0.01096583,GOOD,GOOD,
2025-05-16 01:00:00+00:00,0.89,0.89,0.9556072,0.95828485,0.02504287,0.016672252,GOOD,GOOD,
2025-05-16 02:00:00+00:00,0.86,0.8600000000000001,0.9291759,0.9523191,0.025569415,0.022111513,GOOD,GOOD,
2025-05-16 03:00:00+00:00,0.79,0.79,0.8925198,0.94740134,0.03642883,0.016169794,GOOD,GOOD,
2025-05-16 04:00:00+00:00,0.7050000000000001,0.7050000000000002,0.8332533,0.91954845,0.058118813,0.022332735,GOOD,GOOD,
2025-05-16 05:00:00+00:00,0.775,0.7750000000000001,0.7552415,0.9534363,0.033532143,0.013031525,GOOD,GOOD,
2025-05-16 06:00:00+00:00,0.7050000000000001,0.7050000000000002,0.7762437,0.95782316,0.025976421,0.016200395,GOOD,GOOD,
2025-05-16 07:00:00+00:00,0.76,0.7600000000000001,0.74955827,0.9606008,0.02765991,0.011739271,GOOD,GOOD,
2025-05-16 08:00:00+00:00,0.935,0.935,0.76982576,0.6440103,0.306744,0.049245656,GOOD,GOOD,
2025-05-16 09:00:00+00:00,0.85,0.8500000000000001,0.906437,0.9424268,0.035520256,0.022052933,GOOD,GOOD,
2025-05-16 10:00:00+00:00,0.855,3.92,0.90107876,0.0005965233,0.015021001,0.98438245,BAD,BAD,B_mult
2025-05-16 11:00:00+00:00,0.8300000000000001,0.8300000000000002,3.6553342,0.00035238266,0.027025232,0.9726224,GOOD,BAD,
2025-05-16 12:00:00+00:00,0.8600000000000001,0.8600000000000002,1.2883902,0.0050251484,0.37492555,0.6200493,GOOD,SUSPECT,
2025-05-16 13:00:00+00:00,0.9199999999999999,0.92,0.84718525,0.6086153,0.23459755,0.1567872,GOOD,GOOD,
2025-05-16 14:00:00+00:00,0.865,0.865,0.8753282,0.9741469,0.017420743,0.008432375,GOOD,GOOD,
2025-05-16 15:00:00+00:00,0.8049999999999999,0.805,0.9090409,0.87420934,0.08798959,0.037801053,GOOD,GOOD,
2025-05-16 16:00:00+00:00,0.675,0.675,0.8659525,0.4936521,0.4114862,0.0948617,GOOD,GOOD,
2025-05-16 17:00:00+00:00,0.6699999999999999,0.6699999999999999,0.7496653,0.86657786,0.0705027,0.06291941,GOOD,GOOD,
2025-05-16 18:00:00+00:00,0.61,0.6100000000000001,0.6978292,0.936651,0.048004113,0.015344909,GOOD,GOOD,
2025-05-16 19:00:00+00:00,0.615,0.6150000000000001,0.650922,0.9453463,0.028384177,0.026269505,GOOD,GOOD,
2025-05-16 20:00:00+00:00,0.695,0.695,0.6380279,0.9183645,0.06581608,0.015819369,GOOD,GOOD,
2025-05-16 21:00:00+00:00,0.72,0.72,0.69186133,0.9294238,0.050404523,0.020171653,GOOD,GOOD,
2025-05-16 22:00:00+00:00,0.8300000000000001,0.8300000000000002,0.7374652,0.96144855,0.027996656,0.010554798,GOOD,GOOD,
2025-05-16 23:00:00+00:00,0.915,0.915,0.82531434,0.77042496,0.19136396,0.03821106,GOOD,GOOD,
2025-05-17 00:00:00+00:00,1.1400000000000001,1.1400000000000003,0.9191866,0.4593674,0.45494914,0.085683495,GOOD,GOOD,
2025-05-17 01:00:00+00:00,1.0150000000000001,1.0150000000000003,1.1126759,0.92330277,0.052700475,0.023996774,GOOD,GOOD,
2025-05-17 02:00:00+00:00,1.0150000000000001,1.0150000000000003,1.07827,0.9006462,0.03979837,0.059555396,GOOD,GOOD,
2025-05-17 03:00:00+00:00,0.88,0.8800000000000001,1.0421584,0.9107224,0.06673337,0.022544269,GOOD,GOOD,
2025-05-17 04:00:00+00:00,0.9550000000000001,0.9550000000000002,0.93649435,0.9548943,0.035235338,0.009870331,GOOD,GOOD,
2025-05-17 05:00:00+00:00,0.8400000000000001,0.8400000000000001,0.9547883,0.9486423,0.037004583,0.014353083,GOOD,GOOD,
2025-05-17 06:00:00+00:00,0.905,0.9050000000000001,0.89247876,0.95967245,0.031496957,0.008830569,GOOD,GOOD,
2025-05-17 07:00:00+00:00,1.065,1.0650000000000002,0.9095673,0.6900102,0.26912397,0.040865887,GOOD,GOOD,
2025-05-17 08:00:00+00:00,1.28,1.2800000000000002,1.0415868,0.2694013,0.654814,0.07578468,GOOD,SUSPECT,
2025-05-17 09:00:00+00:00,1.37,1.3700000000000003,1.254221,0.31104863,0.62169707,0.067254275,GOOD,SUSPECT,
2025-05-17 10:00:00+00:00,1.92,1.9200000000000002,1.378156,0.009023488,0.91781354,0.07316295,GOOD,SUSPECT,
2025-05-17 11:00:00+00:00,1.64,1.6400000000000001,1.866359,0.21233153,0.6630008,0.12466762,GOOD,SUSPECT,
2025-05-17 12:00:00+00:00,1.5499999999999998,1.5500000000000003,1.6907911,0.27784044,0.6445239,0.07763564,GOOD,SUSPECT,
2025-05-17 13:00:00+00:00,1.25,1.2500000000000002,1.5577995,0.3389368,0.5330702,0.12799299,GOOD,SUSPECT,
2025-05-17 14:00:00+00:00,1.12,1.1200000000000003,1.3012666,0.86037326,0.115222186,0.024404543,GOOD,GOOD,
2025-05-17 15:00:00+00:00,0.9950000000000001,0.9950000000000002,1.1528388,0.92846704,0.060820814,0.0107121365,GOOD,GOOD,
2025-05-17 16:00:00+00:00,0.795,0.795,1.0352505,0.5851195,0.35894224,0.055938236,GOOD,GOOD,
2025-05-17 17:00:00+00:00,0.77,0.77,0.86609626,0.84881157,0.107999615,0.043188818,GOOD,GOOD,
2025-05-17 18:00:00+00:00,0.76,0.7600000000000001,0.7938105,0.92702913,0.033569474,0.039401393,GOOD,GOOD,
2025-05-17 19:00:00+00:00,0.6799999999999999,0.68,0.77668387,0.93203104,0.053682555,0.014286432,GOOD,GOOD,
2025-05-17 20:00:00+00:00,0.64,0.6400000000000001,0.7245257,0.9269233,0.050706435,0.022370309,GOOD,GOOD,
2025-05-17 21:00:00+00:00,0.91,0.91,0.67587984,0.36495948,0.5345554,0.10048515,GOOD,SUSPECT,
2025-05-17 22:00:00+00:00,0.92,0.9200000000000002,0.8448198,0.5099795,0.36827257,0.12174796,GOOD,GOOD,
2025-05-17 23:00:00+00:00,0.9299999999999999,0.93,0.93960464,0.8663564,0.026069012,0.107574604,GOOD,GOOD,
2025-05-18 00:00:00+00:00,1.03,1.0300000000000002,0.9591235,0.9332211,0.054649398,0.012129516,GOOD,GOOD,
2025-05-18 01:00:00+00:00,1.01,1.01,1.0288143,0.9712235,0.016126731,0.0126498,GOOD,GOOD,
2025-05-18 02:00:00+00:00,0.88,0.8800000000000001,1.040011,0.92935014,0.050375193,0.020274684,GOOD,GOOD,
2025-05-18 03:00:00+00:00,0.845,0.845,0.9413011,0.934525,0.041551415,0.023923565,GOOD,GOOD,
2025-05-18 04:00:00+00:00,0.72,0.72,0.87780654,0.8714497,0.09913041,0.029419882,GOOD,GOOD,
2025-05-18 05:00:00+00:00,0.715,0.715,0.778597,0.9195404,0.0422539,0.03820566,GOOD,GOOD,
2025-05-18 06:00:00+00:00,0.695,0.695,0.7398715,0.9482613,0.024911288,0.026827417,GOOD,GOOD,
2025-05-18 07:00:00+00:00,0.71,0.7100000000000001,0.7225699,0.95840263,0.020312382,0.021284996,GOOD,GOOD,
2025-05-18 08:00:00+00:00,0.775,0.7750000000000001,0.7290397,0.94794726,0.04274119,0.009311523,GOOD,GOOD,
2025-05-18 09:00:00+00:00,0.825,0.8250000000000001,0.7782464,0.88619345,0.087065645,0.026740884,GOOD,GOOD,
2025-05-18 10:00:00+00:00,0.9650000000000001,0.9650000000000002,0.8341996,0.7785061,0.19103397,0.030459924,GOOD,GOOD,
2025-05-18 11:00:00+00:00,0.97,0.9700000000000001,0.95100814,0.8903014,0.07102174,0.038676832,GOOD,GOOD,
2025-05-18 12:00:00+00:00,1.085,1.0850000000000002,0.9953152,0.8792309,0.104293816,0.01647527,GOOD,GOOD,
2025-05-18 13:00:00+00:00,0.94,0.94,1.0819498,0.921181,0.05627044,0.022548541,GOOD,GOOD,
2025-05-18 14:00:00+00:00,0.9199999999999999,0.92,1.0017374,0.9341035,0.0387566,0.027139895,GOOD,GOOD,
2025-05-18 15:00:00+00:00,0.78,0.7800000000000001,0.94789165,0.8662901,0.100816034,0.032893904,GOOD,GOOD,
2025-05-18 16:00:00+00:00,0.79,0.79,0.8392544,0.9652378,0.020356756,0.014405434,GOOD,GOOD,
2025-05-18 17:00:00+00:00,0.775,0.7750000000000001,0.8081505,0.9170897,0.03141118,0.051499143,GOOD,GOOD,
2025-05-18 18:00:00+00:00,0.87,0.8700000000000001,0.79908574,0.9156905,0.07248026,0.011829234,GOOD,GOOD,
2025-05-18 19:00:00+00:00,0.905,0.9050000000000001,0.8644487,0.88270277,0.09264023,0.024657015,GOOD,GOOD,
2025-05-18 20:00:00+00:00,0.9650000000000001,0.9650000000000002,0.9181969,0.9081198,0.07797662,0.013903603,GOOD,GOOD,
2025-05-18 21:00:00+00:00,1.095,1.095,0.9735662,0.77196044,0.19885658,0.029182995,GOOD,GOOD,
2025-05-18 22:00:00+00:00,1.2650000000000001,1.2650000000000003,1.0849448,0.439106,0.5035025,0.057391502,GOOD,SUSPECT,
2025-05-18 23:00:00+00:00,1.115,1.1150000000000002,1.2506176,0.9141573,0.061929837,0.023912886,GOOD,GOOD,
2025-05-19 00:00:00+00:00,1.09,1.0900000000000003,1.1741775,0.918562,0.05168288,0.029755108,GOOD,GOOD,
2025-05-19 01:00:00+00:00,1.1549999999999998,1.155,1.1144266,0.930666,0.05643405,0.012899915,GOOD,GOOD,
2025-05-19 02:00:00+00:00,1.135,1.1350000000000002,1.1537317,0.96013314,0.02578686,0.014080026,GOOD,GOOD,
2025-05-19 03:00:00+00:00,0.865,0.865,1.1577928,0.39056802,0.42776874,0.18166326,GOOD,SUSPECT,
2025-05-19 04:00:00+00:00,0.89,0.89,0.95551336,0.9525621,0.029011833,0.018426092,GOOD,GOOD,
2025-05-19 05:00:00+00:00,0.76,0.7600000000000001,0.8999259,0.8593369,0.112505436,0.028157644,GOOD,GOOD,
2025-05-19 06:00:00+00:00,0.735,0.7350000000000001,0.8121671,0.94486696,0.037578475,0.017554548,GOOD,GOOD,
2025-05-19 07:00:00+00:00,0.795,0.795,0.76406276,0.956205,0.034638353,0.009156635,GOOD,GOOD,
2025-05-19 08:00:00+00:00,0.755,0.7550000000000001,0.7954345,0.96756834,0.018978193,0.013453476,GOOD,GOOD,
2025-05-19 09:00:00+00:00,0.71,0.7100000000000001,0.7887376,0.9655291,0.022125,0.012345888,GOOD,GOOD,
2025-05-19 10:00:00+00:00,0.915,0.915,0.7497447,0.6407445,0.2992071,0.060048416,GOOD,GOOD,
2025-05-19 11:00:00+00:00,0.96,0.96,0.8755089,0.5939524,0.32498062,0.08106692,GOOD,GOOD,
2025-05-19 12:00:00+00:00,0.9199999999999999,0.92,0.9708202,0.9654639,0.018545853,0.015990281,GOOD,GOOD,
2025-05-19 13:00:00+00:00,0.905,0.9050000000000001,0.9609865,0.850317,0.026268857,0.12341416,GOOD,GOOD,
2025-05-19 14:00:00+00:00,0.835,0.8350000000000001,0.9345742,0.96060073,0.026128285,0.013271012,GOOD,GOOD,
2025-05-19 15:00:00+00:00,0.755,0.7550000000000001,0.8772003,0.94290227,0.041806635,0.01529111,GOOD,GOOD,
2025-05-19 16:00:00+00:00,0.725,0.725,0.8021077,0.9521436,0.02983167,0.018024743,GOOD,GOOD,
2025-05-19 17:00:00+00:00,0.725,0.725,0.75713754,0.78374976,0.039940286,0.17630996,GOOD,GOOD,
2025-05-19 18:00:00+00:00,0.74,0.74,0.7473722,0.91815066,0.030639535,0.051209778,GOOD,GOOD,
2025-05-19 19:00:00+00:00,0.665,0.6650000000000001,0.7589299,0.9114244,0.06338996,0.02518567,GOOD,GOOD,
2025-05-19 20:00:00+00:00,0.6599999999999999,0.66,0.71435267,0.89125997,0.04147132,0.06726869,GOOD,GOOD,
2025-05-19 21:00:00+00:00,0.6950000000000001,0.6950000000000001,0.6879508,0.96721363,0.021990594,0.010795799,GOOD,GOOD,
2025-05-19 22:00:00+00:00,0.63,0.63,0.7063906,0.956104,0.02793556,0.015960472,GOOD,GOOD,
2025-05-19 23:00:00+00:00,0.675,0.675,0.676139,0.9670777,0.019673139,0.013249192,GOOD,GOOD,
2025-05-20 00:00:00+00:00,0.635,0.6350000000000001,0.6878001,0.9637902,0.018230196,0.01797963,GOOD,GOOD,
2025-05-20 01:00:00+00:00,0.715,0.715,0.6726814,0.9405327,0.044682268,0.014785054,GOOD,GOOD,
2025-05-20 02:00:00+00:00,0.715,0.715,0.7163528,0.93417835,0.020240529,0.045581102,GOOD,GOOD,
2025-05-20 03:00:00+00:00,0.775,0.7750000000000001,0.74042267,0.948492,0.0394129,0.012095084,GOOD,GOOD,
2025-05-20 04:00:00+00:00,0.77,0.77,0.78498363,0.93942523,0.019006243,0.041568495,GOOD,GOOD,
2025-05-20 05:00:00+00:00,0.81,0.8100000000000002,0.7985802,0.9587009,0.029209906,0.012089195,GOOD,GOOD,
2025-05-20 06:00:00+00:00,0.81,0.8100000000000002,0.8255076,0.8505343,0.02874207,0.12072358,GOOD,GOOD,
2025-05-20 07:00:00+00:00,0.85,0.8500000000000001,0.8357992,0.95823544,0.030554185,0.011210366,GOOD,GOOD,
2025-05-20 08:00:00+00:00,0.825,0.8250000000000001,0.8642783,0.9697257,0.016641827,0.013632448,GOOD,GOOD,
2025-05-20 09:00:00+00:00,0.8,0.8000000000000002,0.8574348,0.89702475,0.031653177,0.071322046,GOOD,GOOD,
2025-05-20 10:00:00+00:00,0.8300000000000001,0.8300000000000002,0.8327699,0.9681441,0.020466007,0.011389862,GOOD,GOOD,
2025-05-20 11:00:00+00:00,0.825,0.8250000000000001,0.8443429,0.90575045,0.02961487,0.06463466,GOOD,GOOD,
2025-05-20 12:00:00+00:00,0.84,0.84,0.84938556,0.93288887,0.029692026,0.037419084,GOOD,GOOD,
2025-05-20 13:00:00+00:00,0.8700000000000001,0.8700000000000002,0.85988903,0.95359755,0.031618252,0.014784204,GOOD,GOOD,
2025-05-20 14:00:00+00:00,0.905,0.9050000000000001,0.88475436,0.92244095,0.054200273,0.02335876,GOOD,GOOD,
2025-05-20 15:00:00+00:00,0.8,0.8000000000000002,0.91857415,0.9307298,0.046652053,0.022618143,GOOD,GOOD,
2025-05-20 16:00:00+00:00,0.915,0.915,0.8548066,0.87779444,0.09486223,0.027343323,GOOD,GOOD,
2025-05-20 17:00:00+00:00,0.895,0.8950000000000001,0.9049299,0.9663314,0.020113824,0.013554731,GOOD,GOOD,
2025-05-20 18:00:00+00:00,0.865,0.865,0.9213653,0.95030713,0.024625376,0.025067504,GOOD,GOOD,
2025-05-20 19:00:00+00:00,0.835,0.8350000000000001,0.8988607,0.91474086,0.033767458,0.05149168,GOOD,GOOD,
2025-05-20 20:00:00+00:00,0.8,0.8000000000000002,0.8666156,0.9500254,0.027543927,0.022430697,GOOD,GOOD,
2025-05-20 21:00:00+00:00,0.7,0.7,0.83225065,0.88077074,0.0881364,0.031092873,GOOD,GOOD,
2025-05-20 22:00:00+00:00,0.655,0.6550000000000001,0.7537975,0.89901286,0.070379026,0.030608082,GOOD,GOOD,
2025-05-20 23:00:00+00:00,0.6,0.6,0.6934571,0.9181944,0.05775408,0.02405152,GOOD,GOOD,
2025-05-21 00:00:00+00:00,0.595,0.595,0.6409436,0.94614124,0.025536206,0.028322559,GOOD,GOOD,
2025-05-21 01:00:00+00:00,0.7,0.7,0.621021,0.8664839,0.10244051,0.031075573,GOOD,GOOD,
2025-05-21 02:00:00+00:00,0.765,0.765,0.6887094,0.8069989,0.15583973,0.037161343,GOOD,GOOD,
2025-05-21 03:00:00+00:00,0.7649999999999999,0.7649999999999999,0.76927245,0.96331704,0.017621182,0.019061774,GOOD,GOOD,
2025-05-21 04:00:00+00:00,0.75,0.7500000000000001,0.79481137,0.92563266,0.02018224,0.054185104,GOOD,GOOD,
2025-05-21 05:00:00+00:00,0.67,0.67,0.78381187,0.9111594,0.06058399,0.028256632,GOOD,GOOD,
2025-05-21 06:00:00+00:00,0.74,0.74,0.7220707,0.9489282,0.03658192,0.014489926,GOOD,GOOD,
2025-05-21 07:00:00+00:00,0.615,0.6150000000000001,0.7431446,0.8125995,0.12150096,0.06589954,GOOD,GOOD,
2025-05-21 08:00:00+00:00,0.545,0.545,0.6794866,0.8494389,0.10190633,0.048654795,GOOD,GOOD,
2025-05-21 09:00:00+00:00,0.5700000000000001,0.5700000000000001,0.59920716,0.9677144,0.017828217,0.014457358,GOOD,GOOD,
2025-05-21 10:00:00+00:00,0.53,0.53,0.5861108,0.96147746,0.021969642,0.016552914,GOOD,GOOD,
2025-05-21 11:00:00+00:00,0.565,0.5650000000000001,0.5673276,0.9600833,0.023990273,0.015926417,GOOD,GOOD,
2025-05-21 12:00:00+00:00,0.605,0.605,0.580835,0.9490118,0.03466694,0.01632126,GOOD,GOOD,
2025-05-21 13:00:00+00:00,0.585,0.5850000000000001,0.61718863,0.9706579,0.014432371,0.014909772,GOOD,GOOD,
2025-05-21 14:00:00+00:00,0.67,0.67,0.6199137,0.9269397,0.055579096,0.017481182,GOOD,GOOD,
2025-05-21 15:00:00+00:00,0.62,0.62,0.67078006,0.96757466,0.017311089,0.015114252,GOOD,GOOD,
2025-05-21 16:00:00+00:00,0.62,0.62,0.66338205,0.9285092,0.0154341245,0.056056686,GOOD,GOOD,
2025-05-21 17:00:00+00:00,0.65,0.65,0.6506855,0.97088915,0.016517952,0.012592874,GOOD,GOOD,
2025-05-21 18:00:00+00:00,0.625,0.625,0.66653955,0.9707928,0.0139399655,0.015267273,GOOD,GOOD,
2025-05-21 19:00:00+00:00,0.585,0.5850000000000001,0.6600502,0.95471495,0.02477836,0.020506704,GOOD,GOOD,
2025-05-21 20:00:00+00:00,0.615,0.6150000000000001,0.6274644,0.96681947,0.018240388,0.014940152,GOOD,GOOD,
2025-05-21 21:00:00+00:00,0.55,0.55,0.6321521,0.92036796,0.05179882,0.027833221,GOOD,GOOD,
2025-05-21 22:00:00+00:00,0.53,0.53,0.5979569,0.93748087,0.033922106,0.028597023,GOOD,GOOD,
2025-05-21 23:00:00+00:00,0.48,0.48000000000000004,0.56620824,0.9110741,0.058394045,0.03053183,GOOD,GOOD,
2025-05-22 00:00:00+00:00,0.495,0.4950000000000001,0.52435416,0.95875746,0.01942632,0.021816228,GOOD,GOOD,
2025-05-22 01:00:00+00:00,0.54,0.5400000000000001,0.516968,0.9562809,0.030677628,0.013041509,GOOD,GOOD,
2025-05-22 02:00:00+00:00,0.53,0.53,0.54938227,0.9644929,0.015640365,0.019866744,GOOD,GOOD,
2025-05-22 03:00:00+00:00,0.48,0.48000000000000004,0.56104,0.94900095,0.02980039,0.021198686,GOOD,GOOD,
2025-05-22 04:00:00+00:00,0.45999999999999996,0.4600000000000001,0.5288373,0.9493512,0.023452925,0.027195858,GOOD,GOOD,
2025-05-22 05:00:00+00:00,0.54,0.5400000000000001,0.497488,0.9251489,0.054436296,0.020414785,GOOD,GOOD,
2025-05-22 06:00:00+00:00,0.495,0.4950000000000001,0.5379075,0.9671962,0.01823153,0.014572228,GOOD,GOOD,
2025-05-22 07:00:00+00:00,0.52,0.52,0.5370579,0.9723936,0.014236712,0.013369702,GOOD,GOOD,
2025-05-22 08:00:00+00:00,0.485,0.4850000000000001,0.5436122,0.9678634,0.0156693,0.016467346,GOOD,GOOD,
2025-05-22 09:00:00+00:00,0.46499999999999997,0.465,0.5258987,0.92749393,0.024160353,0.04834575,GOOD,GOOD,
2025-05-22 10:00:00+00:00,0.475,0.4750000000000001,0.50245696,0.9429715,0.01903495,0.037993535,GOOD,GOOD,
2025-05-22 11:00:00+00:00,0.435,0.4350000000000001,0.49968013,0.95165193,0.026707822,0.02164023,GOOD,GOOD,
2025-05-22 12:00:00+00:00,0.41,0.41000000000000003,0.4775274,0.93428504,0.031621158,0.034093827,GOOD,GOOD,
2025-05-22 13:00:00+00:00,0.42000000000000004,0.4200000000000001,0.44978207,0.9571677,0.017240202,0.025592139,GOOD,GOOD,
2025-05-22 14:00:00+00:00,0.45,0.4500000000000001,0.44487545,0.96766156,0.019633686,0.012704736,GOOD,GOOD,
2025-05-22 15:00:00+00:00,0.47,0.47000000000000003,0.46615785,0.93005544,0.028921854,0.041022714,GOOD,GOOD,
2025-05-22 16:00:00+00:00,0.42,0.42000000000000004,0.49111375,0.95800626,0.024270764,0.017722942,GOOD,GOOD,
2025-05-22 17:00:00+00:00,0.44,0.4400000000000001,0.46910635,0.97273076,0.013769982,0.013499282,GOOD,GOOD,
2025-05-22 18:00:00+00:00,0.42,0.42000000000000004,0.46453273,0.9758732,0.011972194,0.012154662,GOOD,GOOD,
2025-05-22 19:00:00+00:00,0.43000000000000005,0.4300000000000001,0.45486215,0.9527788,0.016481796,0.030739414,GOOD,GOOD,
2025-05-22 20:00:00+00:00,0.405,0.4050000000000001,0.45610976,0.9681798,0.015642786,0.016177403,GOOD,GOOD,
2025-05-22 21:00:00+00:00,0.405,0.4050000000000001,0.4433083,0.87542725,0.022956908,0.101615876,GOOD,GOOD,
2025-05-22 22:00:00+00:00,0.43,0.43000000000000005,0.4355201,0.9675012,0.017291717,0.015207079,GOOD,GOOD,
2025-05-22 23:00:00+00:00,0.435,0.02,0.44932845,0.09047568,0.19404311,0.7154812,BAD,BAD,C_level_shift
2025-05-23 00:00:00+00:00,0.435,0.02,0.21962799,0.08114076,0.5480283,0.370831,BAD,SUSPECT,C_level_shift
2025-05-23 01:00:00+00:00,0.41000000000000003,0.02,0.076578334,0.6498312,0.14535089,0.2048179,BAD,GOOD,C_level_shift
2025-05-23 02:00:00+00:00,0.535,0.02,0.036714956,0.68290734,0.13524853,0.18184413,BAD,GOOD,C_level_shift
2025-05-23 03:00:00+00:00,0.475,0.02,0.04053372,0.67447966,0.13694441,0.18857592,BAD,GOOD,C_level_shift
2025-05-23 04:00:00+00:00,0.35,0.02,0.049091958,0.68590885,0.11588595,0.19820519,BAD,GOOD,C_level_shift
2025-05-23 05:00:00+00:00,0.365,0.02,0.05247992,0.7240343,0.07718889,0.19877683,BAD,GOOD,C_level_shift
2025-05-23 06:00:00+00:00,0.47,0.02,0.052645314,0.74034053,0.06668908,0.1929704,BAD,GOOD,C_level_shift
2025-05-23 07:00:00+00:00,0.435,0.02,0.052213,0.75273174,0.06293217,0.1843361,BAD,GOOD,C_level_shift
2025-05-23 08:00:00+00:00,0.43,0.02,0.052049987,0.7539991,0.056179352,0.18982151,BAD,GOOD,C_level_shift
2025-05-23 09:00:00+00:00,0.53,0.02,0.05207492,0.7410277,0.050927557,0.20804474,BAD,GOOD,C_level_shift
2025-05-23 10:00:00+00:00,0.5549999999999999,0.02,0.05208445,0.7315705,0.046947293,0.2214822,BAD,GOOD,C_level_shift
2025-05-23 11:00:00+00:00,0.53,0.02,0.052002568,0.47769302,0.054614794,0.4676922,BAD,GOOD,C_level_shift
2025-05-23 12:00:00+00:00,0.435,0.02,0.051846005,0.4121225,0.055814918,0.5320626,BAD,GOOD,C_level_shift
2025-05-23 13:00:00+00:00,0.44,0.02,0.05165574,0.40110695,0.05623575,0.5426573,BAD,GOOD,C_level_shift
2025-05-23 14:00:00+00:00,0.375,0.02,0.05146617,0.39500105,0.054810207,0.5501887,BAD,GOOD,C_level_shift
2025-05-23 15:00:00+00:00,0.43,0.02,0.051299382,0.39126348,0.05481243,0.5539241,BAD,GOOD,C_level_shift
2025-05-23 16:00:00+00:00,0.45,0.02,0.051167928,0.38311344,0.055552132,0.56133443,BAD,GOOD,C_level_shift
2025-05-23 17:00:00+00:00,0.45,0.02,0.051077094,0.38157755,0.054975305,0.5634471,BAD,GOOD,C_level_shift
2025-05-23 18:00:00+00:00,0.425,0.02,0.051026534,0.3783002,0.05483602,0.5668638,BAD,GOOD,C_level_shift
2025-05-23 19:00:00+00:00,0.435,0.02,0.05101212,0.37890983,0.054772176,0.566318,BAD,GOOD,C_level_shift
2025-05-23 20:00:00+00:00,0.445,0.02,0.051027115,0.37615275,0.054588776,0.56925845,BAD,GOOD,C_level_shift
2025-05-23 21:00:00+00:00,0.435,0.02,0.05106396,0.37603235,0.054747444,0.5692202,BAD,GOOD,C_level_shift
2025-05-23 22:00:00+00:00,0.395,0.02,0.051115215,0.37916088,0.054535594,0.56630355,BAD,GOOD,C_level_shift
2025-05-23 23:00:00+00:00,0.43,0.02,0.051173855,0.3430493,0.058963437,0.5979873,BAD,GOOD,C_level_shift
2025-05-24 00:00:00+00:00,0.42000000000000004,0.02,0.05123447,0.33197868,0.062343102,0.6056782,BAD,GOOD,C_level_shift
2025-05-24 01:00:00+00:00,0.355,0.02,0.051292814,0.3264922,0.062888086,0.6106197,BAD,GOOD,C_level_shift
2025-05-24 02:00:00+00:00,0.445,0.02,0.05134599,0.32387102,0.06289172,0.61323726,BAD,GOOD,C_level_shift
2025-05-24 03:00:00+00:00,0.55,0.02,0.05139196,0.32075155,0.06379108,0.61545736,BAD,GOOD,C_level_shift
2025-05-24 04:00:00+00:00,0.43,0.02,0.051430255,0.31746805,0.06474931,0.61778265,BAD,GOOD,C_level_shift
2025-05-24 05:00:00+00:00,0.405,0.02,0.051460475,0.31462622,0.06483927,0.6205345,BAD,GOOD,C_level_shift
2025-05-24 06:00:00+00:00,0.4,0.02,0.0514832,0.31165075,0.06581867,0.6225306,BAD,GOOD,C_level_shift
2025-05-24 07:00:00+00:00,0.455,0.02,0.05149912,0.3074305,0.0667555,0.625814,BAD,GOOD,C_level_shift
2025-05-24 08:00:00+00:00,0.39,0.02,0.05150923,0.3041575,0.0680228,0.6278197,BAD,GOOD,C_level_shift
2025-05-24 09:00:00+00:00,0.41500000000000004,0.02,0.05151458,0.3009578,0.06933891,0.6297033,BAD,GOOD,C_level_shift
2025-05-24 10:00:00+00:00,0.41,0.02,0.051516205,0.29684168,0.0704358,0.6327225,BAD,GOOD,C_level_shift
2025-05-24 11:00:00+00:00,0.445,0.02,0.051515043,0.29350638,0.07186241,0.6346312,BAD,GOOD,C_level_shift
2025-05-24 12:00:00+00:00,0.4,0.02,0.05151173,0.29024243,0.07335153,0.63640606,BAD,GOOD,C_level_shift
2025-05-24 13:00:00+00:00,0.405,0.02,0.051507197,0.2862091,0.07456055,0.6392303,BAD,GOOD,C_level_shift
2025-05-24 14:00:00+00:00,0.42,0.02,0.051501967,0.28269804,0.075387396,0.64191455,BAD,GOOD,C_level_shift
2025-05-24 15:00:00+00:00,0.46,0.02,0.051496446,0.2792194,0.07621226,0.6445684,BAD,GOOD,C_level_shift
2025-05-24 16:00:00+00:00,0.55,0.02,0.051490985,0.276693,0.07773646,0.6455706,BAD,GOOD,C_level_shift
2025-05-24 17:00:00+00:00,0.48,0.02,0.051485695,0.26719618,0.08057458,0.65222925,BAD,GOOD,C_level_shift
2025-05-24 18:00:00+00:00,0.485,0.02,0.051480874,0.25779474,0.083690055,0.6585152,BAD,GOOD,C_level_shift
2025-05-24 19:00:00+00:00,0.575,0.02,0.051476516,0.2483306,0.08667465,0.6649948,BAD,GOOD,C_level_shift
2025-05-24 20:00:00+00:00,0.53,0.02,0.05147262,0.23960924,0.089979716,0.67041105,BAD,GOOD,C_level_shift
2025-05-24 21:00:00+00:00,0.545,0.02,0.051469367,0.2301969,0.09287559,0.6769275,BAD,GOOD,C_level_shift
2025-05-24 22:00:00+00:00,0.55,0.02,0.051466692,0.21800214,0.094202794,0.68779504,BAD,GOOD,C_level_shift
2025-05-24 23:00:00+00:00,0.58,0.02,0.051464368,0.21093625,0.1010172,0.6880466,BAD,GOOD,C_level_shift
2025-05-25 00:00:00+00:00,0.605,0.02,0.05146245,0.20130014,0.10514091,0.69355893,BAD,GOOD,C_level_shift
2025-05-25 01:00:00+00:00,0.5349999999999999,0.02,0.05146088,0.18859792,0.10686855,0.7045335,BAD,BAD,C_level_shift
2025-05-25 02:00:00+00:00,0.575,0.02,0.05145972,0.17620426,0.10795783,0.7158379,BAD,BAD,C_level_shift
2025-05-25 03:00:00+00:00,0.635,0.02,0.05145879,0.1645323,0.1089798,0.7264879,BAD,BAD,C_level_shift
2025-05-25 04:00:00+00:00,0.64,0.02,0.05145809,0.15348047,0.11004809,0.7364714,BAD,BAD,C_level_shift
2025-05-25 05:00:00+00:00,0.6799999999999999,0.02,0.05145751,0.1431101,0.11106217,0.74582773,BAD,BAD,C_level_shift
2025-05-25 06:00:00+00:00,0.54,0.02,0.051457047,0.13332939,0.11199583,0.7546748,BAD,BAD,C_level_shift
2025-05-25 07:00:00+00:00,0.5800000000000001,0.02,0.051456813,0.12412763,0.11284643,0.76302594,BAD,BAD,C_level_shift
2025-05-25 08:00:00+00:00,0.5700000000000001,0.02,0.051456522,0.116339445,0.11390263,0.7697579,BAD,BAD,C_level_shift
2025-05-25 09:00:00+00:00,0.64,0.02,0.051456347,0.109360695,0.11466952,0.7759698,BAD,BAD,C_level_shift
2025-05-25 10:00:00+00:00,0.625,0.02,0.05145629,0.10286164,0.11541028,0.7817281,BAD,BAD,C_level_shift
2025-05-25 11:00:00+00:00,0.635,0.02,0.05145629,0.09661752,0.11620864,0.78717387,BAD,BAD,C_level_shift
2025-05-25 12:00:00+00:00,0.665,0.02,0.05145623,0.092975974,0.11669681,0.7903272,BAD,BAD,C_level_shift
2025-05-25 13:00:00+00:00,0.5700000000000001,0.02,0.051456116,0.09279728,0.11678702,0.7904157,BAD,BAD,C_level_shift
2025-05-25 14:00:00+00:00,0.625,0.02,0.051456176,0.09291524,0.11673815,0.7903466,BAD,BAD,C_level_shift
2025-05-25 15:00:00+00:00,0.645,0.02,0.051456176,0.09291494,0.11674046,0.7903446,BAD,BAD,C_level_shift
2025-05-25 16:00:00+00:00,0.66,0.02,0.051456116,0.092796385,0.11679454,0.7904091,BAD,BAD,C_level_shift
2025-05-25 17:00:00+00:00,0.685,0.02,0.051456116,0.092796564,0.11679235,0.79041106,BAD,BAD,C_level_shift
2025-05-25 18:00:00+00:00,0.6000000000000001,0.02,0.051456116,0.09279692,0.11678874,0.79041433,BAD,BAD,C_level_shift
2025-05-25 19:00:00+00:00,0.515,0.02,0.05145623,0.09297514,0.116702974,0.7903219,BAD,BAD,C_level_shift
2025-05-25 20:00:00+00:00,0.56,0.02,0.051456116,0.092797816,0.11677981,0.7904224,BAD,BAD,C_level_shift
2025-05-25 21:00:00+00:00,0.615,0.02,0.051456176,0.09291685,0.11672107,0.79036206,BAD,BAD,C_level_shift
2025-05-25 22:00:00+00:00,0.715,0.02,0.051456176,0.092917204,0.116717026,0.79036576,BAD,BAD,C_level_shift
2025-05-25 23:00:00+00:00,0.725,0.725,0.051456176,0.53856075,0.25566903,0.20577021,GOOD,GOOD,
2025-05-26 00:00:00+00:00,0.8,0.8000000000000002,0.4774114,0.53856075,0.25566903,0.20577021,GOOD,GOOD,
2025-05-26 01:00:00+00:00,0.7649999999999999,0.7649999999999999,0.80339444,0.53856075,0.25566903,0.20577021,GOOD,GOOD,
2025-05-26 02:00:00+00:00,0.745,0.745,0.8395294,0.53856075,0.25566903,0.20577021,GOOD,GOOD,
2025-05-26 03:00:00+00:00,0.745,0.745,0.792867,0.53856075,0.25566903,0.20577021,GOOD,GOOD,
2025-05-26 04:00:00+00:00,0.77,0.77,0.77126545,0.53856075,0.25566903,0.20577021,GOOD,GOOD,
2025-05-26 05:00:00+00:00,0.87,0.8700000000000001,0.78686893,0.53856075,0.25566903,0.20577021,GOOD,GOOD,
2025-05-26 06:00:00+00:00,0.6950000000000001,0.6950000000000001,0.8666908,0.53856075,0.25566903,0.20577021,GOOD,GOOD,
2025-05-26 07:00:00+00:00,0.735,0.7350000000000001,0.77455187,0.53856075,0.25566903,0.20577021,GOOD,GOOD,
2025-05-26 08:00:00+00:00,0.71,0.7100000000000001,0.7495393,0.53856075,0.25566903,0.20577021,GOOD,GOOD,
2025-05-26 09:00:00+00:00,0.7949999999999999,0.7949999999999999,0.7359575,0.53856075,0.25566903,0.20577021,GOOD,GOOD,
2025-05-26 10:00:00+00:00,0.9550000000000001,0.9550000000000002,0.7910706,0.53856075,0.25566903,0.20577021,GOOD,GOOD,
2025-05-26 11:00:00+00:00,0.9299999999999999,0.93,0.93164384,0.65055126,0.19992629,0.14952245,GOOD,GOOD,
2025-05-26 12:00:00+00:00,0.935,0.935,0.9636234,0.97499603,0.013344484,0.0116594685,GOOD,GOOD,
2025-05-26 13:00:00+00:00,0.8200000000000001,0.8200000000000001,0.96018505,0.91412276,0.055881556,0.029995685,GOOD,GOOD,
2025-05-26 14:00:00+00:00,0.74,0.74,0.87452453,0.9253252,0.054595716,0.020079073,GOOD,GOOD,
2025-05-26 15:00:00+00:00,0.78,0.7800000000000001,0.7860571,0.97015494,0.021134507,0.008710568,GOOD,GOOD,
2025-05-26 16:00:00+00:00,0.77,0.77,0.7877216,0.97407526,0.014416237,0.011508525,GOOD,GOOD,
2025-05-26 17:00:00+00:00,0.81,0.8100000000000002,0.7943842,0.96958953,0.022897694,0.0075128,GOOD,GOOD,
2025-05-26 18:00:00+00:00,0.7949999999999999,0.7949999999999999,0.8233916,0.97498316,0.012926912,0.012089924,GOOD,GOOD,
2025-05-26 19:00:00+00:00,0.615,0.6150000000000001,0.8244529,0.59112406,0.29901215,0.10986381,GOOD,GOOD,
2025-05-26 20:00:00+00:00,0.605,0.605,0.69916975,0.8626964,0.085226715,0.05207689,GOOD,GOOD,
2025-05-26 21:00:00+00:00,0.675,0.675,0.6351885,0.93574566,0.04956337,0.014690971,GOOD,GOOD,
2025-05-26 22:00:00+00:00,0.88,0.8800000000000001,0.67112315,0.4122187,0.48123756,0.106543764,GOOD,SUSPECT,
2025-05-26 23:00:00+00:00,0.855,0.8550000000000001,0.8397852,0.9475593,0.03548391,0.016956799,GOOD,GOOD,
2025-05-27 00:00:00+00:00,0.835,0.8350000000000001,0.8920178,0.90066826,0.024474692,0.074857056,GOOD,GOOD,
2025-05-27 01:00:00+00:00,0.725,0.725,0.8732845,0.91026425,0.06464736,0.025088392,GOOD,GOOD,
2025-05-27 02:00:00+00:00,0.675,0.675,0.78389156,0.9328034,0.046582997,0.020613642,GOOD,GOOD,
2025-05-27 03:00:00+00:00,0.71,0.7100000000000001,0.71491945,0.9724235,0.018757952,0.008818562,GOOD,GOOD,
2025-05-27 04:00:00+00:00,0.74,0.74,0.7205885,0.9022254,0.054730676,0.04304395,GOOD,GOOD,
2025-05-27 05:00:00+00:00,0.78,0.7800000000000001,0.7538613,0.93504286,0.04392085,0.02103626,GOOD,GOOD,
2025-05-27 06:00:00+00:00,0.925,0.9250000000000002,0.7944013,0.7791701,0.1869396,0.033890333,GOOD,GOOD,
2025-05-27 07:00:00+00:00,0.74,0.74,0.9091873,0.77165794,0.15283133,0.07551075,GOOD,GOOD,
2025-05-27 08:00:00+00:00,0.565,0.5650000000000001,0.822098,0.3360135,0.5208433,0.14314313,GOOD,SUSPECT,
2025-05-27 09:00:00+00:00,0.6950000000000001,0.6950000000000001,0.6524844,0.8668399,0.10012851,0.03303158,GOOD,GOOD,
2025-05-27 10:00:00+00:00,0.78,0.7800000000000001,0.6729987,0.67617005,0.267882,0.05594795,GOOD,GOOD,
2025-05-27 11:00:00+00:00,0.8049999999999999,0.805,0.76974845,0.87203074,0.08602457,0.041944697,GOOD,GOOD,
2025-05-27 12:00:00+00:00,0.78,0.7800000000000001,0.82601124,0.97175664,0.014250875,0.013992512,GOOD,GOOD,
2025-05-27 13:00:00+00:00,0.645,0.645,0.81753784,0.78572506,0.1575652,0.05670972,GOOD,GOOD,
2025-05-27 14:00:00+00:00,0.635,0.6350000000000001,0.7149039,0.9237357,0.045158766,0.03110555,GOOD,GOOD,
2025-05-27 15:00:00+00:00,0.52,0.52,0.66350716,0.7762798,0.16752097,0.056199223,GOOD,GOOD,
2025-05-27 16:00:00+00:00,0.845,0.845,0.5812752,0.21710539,0.4990179,0.28387675,GOOD,SUSPECT,
2025-05-27 17:00:00+00:00,0.855,0.8550000000000001,0.76417494,0.26828462,0.5629628,0.16875264,GOOD,SUSPECT,
2025-05-27 18:00:00+00:00,0.91,0.91,0.8752938,0.9359725,0.05106254,0.0129649695,GOOD,GOOD,
2025-05-27 19:00:00+00:00,0.8200000000000001,0.8200000000000001,0.929859,0.9404431,0.040813643,0.01874325,GOOD,GOOD,
2025-05-27 20:00:00+00:00,0.71,0.7100000000000001,0.8738866,0.8785773,0.09597163,0.02545106,GOOD,GOOD,
2025-05-27 21:00:00+00:00,0.79,0.79,0.76887524,0.94989383,0.039148327,0.010957866,GOOD,GOOD,
2025-05-27 22:00:00+00:00,0.745,0.745,0.78674954,0.9731605,0.016204854,0.010634666,GOOD,GOOD,
2025-05-27 23:00:00+00:00,0.79,0.79,0.7798512,0.9670041,0.023189938,0.009805964,GOOD,GOOD,
2025-05-28 00:00:00+00:00,0.775,0.7750000000000001,0.8032515,0.9676216,0.012491405,0.019886978,GOOD,GOOD,
2025-05-28 01:00:00+00:00,0.745,0.745,0.8041655,0.95499194,0.020172758,0.024835316,GOOD,GOOD,
2025-05-28 02:00:00+00:00,0.765,0.765,0.7800078,0.96748054,0.017398933,0.015120513,GOOD,GOOD,
2025-05-28 03:00:00+00:00,0.62,0.62,0.7829934,0.74570966,0.19338821,0.06090216,GOOD,GOOD,
2025-05-28 04:00:00+00:00,0.675,0.675,0.69081086,0.9562995,0.0274093,0.016291238,GOOD,GOOD,
2025-05-28 05:00:00+00:00,0.83,0.8300000000000001,0.68340933,0.7178861,0.23605613,0.046057742,GOOD,GOOD,
2025-05-28 06:00:00+00:00,0.92,0.9200000000000002,0.801644,0.59311235,0.3407791,0.066108555,GOOD,GOOD,
2025-05-28 07:00:00+00:00,0.8200000000000001,0.8200000000000001,0.920389,0.93802536,0.04059817,0.02137645,GOOD,GOOD,
2025-05-28 08:00:00+00:00,0.7150000000000001,0.7150000000000001,0.88013756,0.850263,0.11498047,0.03475655,GOOD,GOOD,
2025-05-28 09:00:00+00:00,0.76,0.7600000000000001,0.7752109,0.97266877,0.018036624,0.009294605,GOOD,GOOD,
2025-05-28 10:00:00+00:00,0.865,0.865,0.76745224,0.8567511,0.11797119,0.025277691,GOOD,GOOD,
2025-05-28 11:00:00+00:00,0.8600000000000001,0.8600000000000002,0.85371727,0.9496757,0.027076613,0.023247689,GOOD,GOOD,
2025-05-28 12:00:00+00:00,0.95,0.9500000000000001,0.8878007,0.91027945,0.07490993,0.014810593,GOOD,GOOD,
2025-05-28 13:00:00+00:00,0.8300000000000001,0.8300000000000002,0.95274734,0.9278378,0.049899075,0.022263128,GOOD,GOOD,
2025-05-28 14:00:00+00:00,0.785,0.7850000000000001,0.88899773,0.9473622,0.034998454,0.017639391,GOOD,GOOD,
2025-05-28 15:00:00+00:00,0.65,0.65,0.8232293,0.8125715,0.14667699,0.040751476,GOOD,GOOD,
2025-05-28 16:00:00+00:00,0.665,0.6650000000000001,0.7135919,0.96769965,0.019754957,0.012545425,GOOD,GOOD,
2025-05-28 17:00:00+00:00,0.67,0.67,0.68305856,0.82633793,0.03935112,0.13431095,GOOD,GOOD,
2025-05-28 18:00:00+00:00,0.7050000000000001,0.7050000000000002,0.68885535,0.9609519,0.025408315,0.013639759,GOOD,GOOD,
2025-05-28 19:00:00+00:00,0.6499999999999999,0.6499999999999999,0.718568,0.9626244,0.022139158,0.015236463,GOOD,GOOD,
2025-05-28 20:00:00+00:00,0.6599999999999999,0.66,0.6943048,0.96223885,0.015025959,0.022735165,GOOD,GOOD,
2025-05-28 21:00:00+00:00,0.66,0.6600000000000001,0.684298,0.7188677,0.03573605,0.24539623,GOOD,GOOD,
2025-05-28 22:00:00+00:00,0.7050000000000001,0.7050000000000002,0.68434894,0.9616746,0.028006708,0.010318737,GOOD,GOOD,
2025-05-28 23:00:00+00:00,0.86,0.8600000000000001,0.7161839,0.73003614,0.22306426,0.04689957,GOOD,GOOD,
2025-05-29 00:00:00+00:00,0.8200000000000001,0.8200000000000001,0.83851874,0.96478057,0.020325672,0.0148937525,GOOD,GOOD,
2025-05-29 01:00:00+00:00,0.79,0.79,0.8604229,0.9258063,0.02451306,0.049680687,GOOD,GOOD,
2025-05-29 02:00:00+00:00,0.735,0.7350000000000001,0.8298311,0.95996076,0.025609167,0.014430082,GOOD,GOOD,
2025-05-29 03:00:00+00:00,0.725,0.725,0.7770241,0.8873658,0.03223793,0.08039625,GOOD,GOOD,
2025-05-29 04:00:00+00:00,0.645,0.645,0.7519187,0.93000126,0.050787993,0.01921076,GOOD,GOOD,
2025-05-29 05:00:00+00:00,0.58,0.58,0.694693,0.8953579,0.07804276,0.026599318,GOOD,GOOD,
2025-05-29 06:00:00+00:00,0.56,0.5600000000000002,0.62828976,0.9448707,0.029948616,0.025180696,GOOD,GOOD,
2025-05-29 07:00:00+00:00,0.615,0.6150000000000001,0.59174126,0.9532344,0.032931615,0.013833985,GOOD,GOOD,
2025-05-29 08:00:00+00:00,0.63,0.63,0.6197373,0.9562282,0.025645537,0.018126268,GOOD,GOOD,
2025-05-29 09:00:00+00:00,0.7050000000000001,0.7050000000000002,0.6495468,0.92471707,0.061401714,0.013881218,GOOD,GOOD,
2025-05-29 10:00:00+00:00,0.64,0.6400000000000001,0.7085509,0.9562508,0.024707422,0.019041806,GOOD,GOOD,
2025-05-29 11:00:00+00:00,0.67,0.67,0.6890304,0.97211516,0.014877672,0.013007139,GOOD,GOOD,
2025-05-29 12:00:00+00:00,0.755,0.7550000000000001,0.68988025,0.9202832,0.061275452,0.018441359,GOOD,GOOD,
2025-05-29 13:00:00+00:00,0.81,0.8100000000000002,0.7525205,0.88313675,0.08925298,0.027610289,GOOD,GOOD,
2025-05-29 14:00:00+00:00,0.745,0.745,0.820009,0.94911104,0.030638,0.020250961,GOOD,GOOD,
2025-05-29 15:00:00+00:00,0.7050000000000001,0.7050000000000002,0.7947313,0.9573997,0.024431812,0.018168462,GOOD,GOOD,
2025-05-29 16:00:00+00:00,0.69,0.6900000000000001,0.7462946,0.9387043,0.021079786,0.040215913,GOOD,GOOD,
2025-05-29 17:00:00+00:00,0.61,0.6100000000000001,0.7189807,0.91687906,0.058258433,0.024862492,GOOD,GOOD,
2025-05-29 18:00:00+00:00,0.645,0.645,0.6606484,0.96400213,0.021790434,0.014207454,GOOD,GOOD,
2025-05-29 19:00:00+00:00,0.625,0.625,0.6593812,0.9663654,0.017272843,0.016361736,GOOD,GOOD,
2025-05-29 20:00:00+00:00,0.71,0.7100000000000001,0.65515524,0.91932863,0.063656524,0.01701484,GOOD,GOOD,
2025-05-29 21:00:00+00:00,0.825,0.8250000000000001,0.7088891,0.7543345,0.2044731,0.0411924,GOOD,GOOD,
2025-05-29 22:00:00+00:00,0.76,0.7600000000000001,0.81475556,0.9543086,0.02627724,0.019414099,GOOD,GOOD,
2025-05-29 23:00:00+00:00,0.895,0.8950000000000001,0.80867153,0.86102295,0.11149811,0.027478965,GOOD,GOOD,
2025-05-30 00:00:00+00:00,0.76,0.7600000000000001,0.88423043,0.89853483,0.064717874,0.036747262,GOOD,GOOD,
2025-05-30 01:00:00+00:00,0.8,0.8000000000000002,0.8245369,0.96462214,0.021928417,0.013449417,GOOD,GOOD,
2025-05-30 02:00:00+00:00,0.77,0.77,0.8155154,0.96882576,0.017189026,0.013985222,GOOD,GOOD,
2025-05-30 03:00:00+00:00,0.685,0.6850000000000002,0.8007688,0.9340032,0.04844476,0.017552044,GOOD,GOOD,
2025-05-30 04:00:00+00:00,0.74,0.74,0.73713773,0.96897477,0.021572677,0.009452579,GOOD,GOOD,
2025-05-30 05:00:00+00:00,0.7,0.7,0.747353,0.9755787,0.0140434755,0.010377812,GOOD,GOOD,
2025-05-30 06:00:00+00:00,0.66,0.6600000000000001,0.73498744,0.9607851,0.024044171,0.015170741,GOOD,GOOD,
2025-05-30 07:00:00+00:00,0.69,0.6900000000000001,0.6997651,0.9734564,0.016100623,0.010443019,GOOD,GOOD,
2025-05-30 08:00:00+00:00,0.835,0.8350000000000001,0.70518506,0.7838751,0.17797072,0.038154148,GOOD,GOOD,
2025-05-30 09:00:00+00:00,0.755,0.7550000000000001,0.81317854,0.9535124,0.02741824,0.019069381,GOOD,GOOD,
2025-05-30 10:00:00+00:00,0.77,0.77,0.80581987,0.9715166,0.014034085,0.014449285,GOOD,GOOD,
2025-05-30 11:00:00+00:00,0.74,0.74,0.79549325,0.96927667,0.0147469565,0.015976403,GOOD,GOOD,
2025-05-30 12:00:00+00:00,0.69,0.6900000000000001,0.7730546,0.9597274,0.026087157,0.014185437,GOOD,GOOD,
2025-05-30 13:00:00+00:00,0.705,0.7050000000000001,0.7309449,0.96888065,0.016256442,0.014862926,GOOD,GOOD,
2025-05-30 14:00:00+00:00,0.715,0.715,0.7251644,0.8122524,0.03750343,0.15024415,GOOD,GOOD,
2025-05-30 15:00:00+00:00,0.785,0.7850000000000001,0.73586226,0.941323,0.04688607,0.0117909545,GOOD,GOOD,
2025-05-30 16:00:00+00:00,0.685,0.6850000000000002,0.78900445,0.93229544,0.044993266,0.022711279,GOOD,GOOD,
2025-05-30 17:00:00+00:00,0.6799999999999999,0.68,0.74306434,0.9467371,0.02100128,0.032261584,GOOD,GOOD,
2025-05-30 18:00:00+00:00,0.605,0.605,0.71013784,0.9187467,0.05783238,0.023420893,GOOD,GOOD,
2025-05-30 19:00:00+00:00,0.615,0.6150000000000001,0.65330714,0.96904254,0.016902344,0.014055121,GOOD,GOOD,
2025-05-30 20:00:00+00:00,0.645,0.645,0.63732404,0.95927143,0.025600629,0.015127963,GOOD,GOOD,
2025-05-30 21:00:00+00:00,0.69,0.6900000000000001,0.6587208,0.9467808,0.037827868,0.015391335,GOOD,GOOD,
2025-05-30 22:00:00+00:00,0.8,0.8000000000000002,0.70129824,0.83092964,0.14066087,0.028409464,GOOD,GOOD,
2025-05-30 23:00:00+00:00,0.8,0.8000000000000002,0.7929393,0.9354428,0.035225943,0.029331282,GOOD,GOOD,
2025-05-31 00:00:00+00:00,0.7,0.7,0.82833624,0.9329342,0.04622938,0.020836387,GOOD,GOOD,
2025-05-31 01:00:00+00:00,0.65,0.65,0.7610693,0.931449,0.045957495,0.022593511,GOOD,GOOD,
2025-05-31 02:00:00+00:00,0.77,0.77,0.6931807,0.87125945,0.100354224,0.028386323,GOOD,GOOD,
2025-05-31 03:00:00+00:00,0.665,0.6650000000000001,0.7539629,0.9408441,0.036441024,0.022714864,GOOD,GOOD,
2025-05-31 04:00:00+00:00,0.585,0.5850000000000001,0.7219089,0.88432103,0.083214104,0.032464847,GOOD,GOOD,
2025-05-31 05:00:00+00:00,0.635,0.6350000000000001,0.6428874,0.96092737,0.023873942,0.015198685,GOOD,GOOD,
2025-05-31 06:00:00+00:00,0.605,0.605,0.64317477,0.9671429,0.01779934,0.015057795,GOOD,GOOD,
2025-05-31 07:00:00+00:00,0.61,0.6100000000000001,0.6372508,0.9036359,0.028500615,0.06786344,GOOD,GOOD,
2025-05-31 08:00:00+00:00,0.665,0.6650000000000001,0.63614976,0.9578776,0.031592365,0.010530045,GOOD,GOOD,
2025-05-31 09:00:00+00:00,0.79,0.79,0.6729487,0.77979726,0.181845,0.03835777,GOOD,GOOD,
2025-05-31 10:00:00+00:00,0.655,0.6550000000000001,0.7763249,0.86922926,0.08196132,0.048809417,GOOD,GOOD,
2025-05-31 11:00:00+00:00,0.76,0.7600000000000001,0.7266725,0.91630995,0.06170189,0.021988144,GOOD,GOOD,
2025-05-31 12:00:00+00:00,0.775,0.7750000000000001,0.7578832,0.95082957,0.03226507,0.016905341,GOOD,GOOD,
2025-05-31 13:00:00+00:00,0.645,0.645,0.7929137,0.87497026,0.08672085,0.0383089,GOOD,GOOD,
2025-05-31 14:00:00+00:00,0.665,0.6650000000000001,0.71490735,0.9769112,0.01235141,0.010737397,GOOD,GOOD,
2025-05-31 15:00:00+00:00,0.73,0.7300000000000001,0.6868876,0.950092,0.03867551,0.011232466,GOOD,GOOD,
2025-05-31 16:00:00+00:00,0.575,0.575,0.7308204,0.7590239,0.17059521,0.070380904,GOOD,GOOD,
2025-05-31 17:00:00+00:00,0.54,0.5400000000000001,0.65208274,0.87426287,0.0809645,0.044772632,GOOD,GOOD,
2025-05-31 18:00:00+00:00,0.485,0.4850000000000001,0.58346635,0.92767173,0.051719774,0.020608498,GOOD,GOOD,
2025-05-31 19:00:00+00:00,0.46,0.14988223002565765,0.52805716,0.08996278,0.37582344,0.5342138,BAD,SUSPECT,F_burst_noise
2025-05-31 20:00:00+00:00,0.445,0.32134369421897113,0.3102062,0.6422119,0.20771222,0.1500759,BAD,GOOD,F_burst_noise
2025-05-31 21:00:00+00:00,0.48,0.39521239912560213,0.29185927,0.54391295,0.3355416,0.12054543,BAD,GOOD,F_burst_noise
2025-05-31 22:00:00+00:00,0.55,0.5587909646798824,0.37433055,0.32177156,0.5440351,0.13419336,BAD,SUSPECT,F_burst_noise
2025-05-31 23:00:00+00:00,0.625,0.40973019807554123,0.52512985,0.75921345,0.1428509,0.09793566,BAD,GOOD,F_burst_noise
2025-06-01 00:00:00+00:00,0.575,0.4862696609156789,0.49700245,0.93249536,0.040839877,0.026664797,BAD,GOOD,F_burst_noise
2025-06-01 01:00:00+00:00,0.625,0.625,0.49962035,0.7358631,0.21212724,0.052009676,GOOD,GOOD,
2025-06-01 02:00:00+00:00,0.63,0.63,0.6004972,0.77535063,0.10952232,0.115127064,GOOD,GOOD,
2025-06-01 03:00:00+00:00,0.6699999999999999,0.6699999999999999,0.65691507,0.95732737,0.028216366,0.014456256,GOOD,GOOD,
2025-06-01 04:00:00+00:00,0.745,0.745,0.6922725,0.9237161,0.0601888,0.016095063,GOOD,GOOD,
2025-06-01 05:00:00+00:00,0.73,0.7300000000000001,0.75185615,0.9706449,0.014398469,0.014956659,GOOD,GOOD,
2025-06-01 06:00:00+00:00,0.6699999999999999,0.6699999999999999,0.76414704,0.96107644,0.024866221,0.01405736,GOOD,GOOD,
2025-06-01 07:00:00+00:00,0.59,0.5900000000000001,0.71923935,0.9216104,0.06072628,0.017663326,GOOD,GOOD,
2025-06-01 08:00:00+00:00,0.505,0.505,0.6438715,0.86705333,0.10537079,0.027575891,GOOD,GOOD,
2025-06-01 09:00:00+00:00,0.4,0.40000000000000013,0.56003916,0.75176704,0.19723098,0.05100196,GOOD,GOOD,
2025-06-01 10:00:00+00:00,0.5900000000000001,0.5900000000000002,0.46402413,0.5765382,0.33777425,0.085687585,GOOD,GOOD,
2025-06-01 11:00:00+00:00,0.62,0.62,0.54619825,0.6548603,0.26252282,0.082616866,GOOD,GOOD,
2025-06-01 12:00:00+00:00,0.595,0.595,0.6288631,0.97016615,0.014998431,0.014835445,GOOD,GOOD,
2025-06-01 13:00:00+00:00,0.5700000000000001,0.5700000000000001,0.6363751,0.8984503,0.026781814,0.07476788,GOOD,GOOD,
2025-06-01 14:00:00+00:00,0.51,0.51,0.61001605,0.9426963,0.037614044,0.019689707,GOOD,GOOD,
2025-06-01 15:00:00+00:00,0.5249999999999999,0.5249999999999999,0.5585674,0.9760401,0.012481465,0.011478384,GOOD,GOOD,
2025-06-01 16:00:00+00:00,0.47,0.47000000000000003,0.5467917,0.9487761,0.030280951,0.020942912,GOOD,GOOD,
2025-06-01 17:00:00+00:00,0.475,0.4750000000000001,0.5154209,0.9550952,0.013282697,0.03162215,GOOD,GOOD,
2025-06-01 18:00:00+00:00,0.46499999999999997,0.465,0.50300384,0.8751963,0.022859132,0.10194458,GOOD,GOOD,
2025-06-01 19:00:00+00:00,0.49,0.4900000000000001,0.4959912,0.9659359,0.018912988,0.015151148,GOOD,GOOD,
2025-06-01 20:00:00+00:00,0.56,0.5600000000000002,0.50969625,0.93004405,0.054753218,0.015202742,GOOD,GOOD,
2025-06-01 21:00:00+00:00,0.67,0.67,0.5631218,0.75684303,0.20233974,0.040817227,GOOD,GOOD,
2025-06-01 22:00:00+00:00,0.6,0.6,0.6612471,0.95568234,0.025201775,0.01911587,GOOD,GOOD,
2025-06-01 23:00:00+00:00,0.54,0.5400000000000001,0.65451485,0.94459426,0.035461724,0.019944005,GOOD,GOOD,
2025-06-02 00:00:00+00:00,0.49,0.4900000000000001,0.5949911,0.9395074,0.039081424,0.021411134,GOOD,GOOD,
2025-06-02 01:00:00+00:00,0.45,0.4500000000000001,0.5358703,0.9489045,0.031931028,0.019164473,GOOD,GOOD,
2025-06-02 02:00:00+00:00,0.495,0.4950000000000001,0.49077004,0.9611536,0.024916943,0.013929458,GOOD,GOOD,
2025-06-02 03:00:00+00:00,0.48,0.48000000000000004,0.5050119,0.97156894,0.014437903,0.01399318,GOOD,GOOD,
2025-06-02 04:00:00+00:00,0.41000000000000003,0.4100000000000001,0.5111861,0.90540856,0.06204084,0.03255061,GOOD,GOOD,
2025-06-02 05:00:00+00:00,0.385,0.38500000000000006,0.46676818,0.9498201,0.028151669,0.022028236,GOOD,GOOD,
2025-06-02 06:00:00+00:00,0.41000000000000003,0.4100000000000001,0.42579576,0.96638334,0.018939773,0.014676897,GOOD,GOOD,
2025-06-02 07:00:00+00:00,0.44,0.4400000000000001,0.42731646,0.93961036,0.03489208,0.025497535,GOOD,GOOD,
2025-06-02 08:00:00+00:00,0.45999999999999996,0.4600000000000001,0.454759,0.93078595,0.029844258,0.039369773,GOOD,GOOD,
2025-06-02 09:00:00+00:00,0.53,0.53,0.48160848,0.92274827,0.05794938,0.019302377,GOOD,GOOD,
2025-06-02 10:00:00+00:00,0.625,0.625,0.53518355,0.81023955,0.14792773,0.041832685,GOOD,GOOD,
2025-06-02 11:00:00+00:00,0.605,0.605,0.6214434,0.9537783,0.0261399,0.02008177,GOOD,GOOD,
2025-06-02 12:00:00+00:00,0.61,0.6100000000000001,0.6430369,0.94362974,0.018513616,0.037856642,GOOD,GOOD,
2025-06-02 13:00:00+00:00,0.52,0.52,0.6417535,0.9035466,0.06415681,0.032296628,GOOD,GOOD,
2025-06-02 14:00:00+00:00,0.495,0.4950000000000001,0.5802079,0.94817877,0.028209124,0.023612106,GOOD,GOOD,
2025-06-02 15:00:00+00:00,0.495,0.4950000000000001,0.5334859,0.9204487,0.019218182,0.06033309,GOOD,GOOD,
2025-06-02 16:00:00+00:00,0.45999999999999996,0.4600000000000001,0.5203862,0.96517336,0.019269805,0.015556854,GOOD,GOOD,
2025-06-02 17:00:00+00:00,0.44,0.4400000000000001,0.49914235,0.95972073,0.020026345,0.020252917,GOOD,GOOD,
2025-06-02 18:00:00+00:00,0.485,0.4850000000000001,0.4765452,0.9550112,0.029890293,0.015098527,GOOD,GOOD,
2025-06-02 19:00:00+00:00,0.51,0.51,0.49618012,0.9658137,0.022316229,0.011870058,GOOD,GOOD,
2025-06-02 20:00:00+00:00,0.525,0.525,0.5271727,0.93339485,0.024775844,0.041829307,GOOD,GOOD,
2025-06-02 21:00:00+00:00,0.51,0.51,0.5490821,0.9749502,0.011506919,0.013542857,GOOD,GOOD,
2025-06-02 22:00:00+00:00,0.45499999999999996,0.455,0.5454656,0.94203824,0.034333847,0.023627903,GOOD,GOOD,
2025-06-02 23:00:00+00:00,0.655,0.6550000000000001,0.50520426,0.41784948,0.41372025,0.16843028,GOOD,GOOD,
2025-06-03 00:00:00+00:00,0.63,0.63,0.6136629,0.93186146,0.045128364,0.023010187,GOOD,GOOD,
2025-06-03 01:00:00+00:00,0.47,0.47000000000000003,0.662809,0.6692666,0.21495536,0.11577808,GOOD,GOOD,
2025-06-03 02:00:00+00:00,0.53,0.53,0.56202656,0.95506644,0.028782973,0.016150586,GOOD,GOOD,
2025-06-03 03:00:00+00:00,0.505,0.505,0.54145247,0.97831297,0.011768098,0.009918962,GOOD,GOOD,
2025-06-03 04:00:00+00:00,0.47,1.2344711204327825,0.5349588,0.09424114,0.22379988,0.681959,BAD,SUSPECT,A_spike
2025-06-03 05:00:00+00:00,0.405,0.4050000000000001,1.0480509,0.2301467,0.091914035,0.67793924,GOOD,GOOD,
2025-06-03 06:00:00+00:00,0.42500000000000004,0.42500000000000016,0.69624877,0.048613727,0.5745223,0.37686393,GOOD,SUSPECT,
2025-06-03 07:00:00+00:00,0.42,0.42000000000000004,0.48038512,0.8967726,0.042175896,0.06105151,GOOD,GOOD,
2025-06-03 08:00:00+00:00,0.425,0.4250000000000001,0.42732742,0.90703773,0.035942417,0.057019826,GOOD,GOOD,
2025-06-03 09:00:00+00:00,0.485,0.4850000000000001,0.43934476,0.9402588,0.044140004,0.015601194,GOOD,GOOD,
2025-06-03 10:00:00+00:00,0.46499999999999997,0.465,0.49004987,0.96307296,0.020439303,0.016487729,GOOD,GOOD,
2025-06-03 11:00:00+00:00,0.48,0.48000000000000004,0.5016313,0.971081,0.0123859,0.016533105,GOOD,GOOD,
2025-06-03 12:00:00+00:00,0.475,0.4750000000000001,0.506908,0.91915834,0.017375277,0.063466355,GOOD,GOOD,
2025-06-03 13:00:00+00:00,0.44,0.4400000000000001,0.50553864,0.96796083,0.019400109,0.012639083,GOOD,GOOD,
2025-06-03 14:00:00+00:00,0.46,0.46000000000000013,0.4822843,0.9755921,0.014201352,0.010206555,GOOD,GOOD,
2025-06-03 15:00:00+00:00,0.46,0.46000000000000013,0.48248228,0.8694875,0.027680377,0.10283213,GOOD,GOOD,
2025-06-03 16:00:00+00:00,0.46,0.46000000000000013,0.48758534,0.7269614,0.017795634,0.255243,GOOD,GOOD,
2025-06-03 17:00:00+00:00,0.46,0.46000000000000013,0.48987174,0.6568398,0.02763254,0.31552768,GOOD,GOOD,
2025-06-03 18:00:00+00:00,0.46,0.46000000000000013,0.49003753,0.6205232,0.038544457,0.34093237,GOOD,GOOD,
2025-06-03 19:00:00+00:00,0.46,0.46000000000000013,0.4897194,0.57382816,0.043660067,0.38251176,GOOD,GOOD,
2025-06-03 20:00:00+00:00,0.45499999999999996,0.455,0.4895118,0.75049627,0.040494606,0.20900914,GOOD,GOOD,
2025-06-03 21:00:00+00:00,0.47,0.47000000000000003,0.48628035,0.9568006,0.019373795,0.023825606,GOOD,GOOD,
2025-06-03 22:00:00+00:00,0.475,0.4750000000000001,0.49389344,0.8361833,0.034742508,0.12907419,GOOD,GOOD,
2025-06-03 23:00:00+00:00,0.49,0.4900000000000001,0.50188446,0.9408377,0.022695474,0.036466867,GOOD,GOOD,
2025-06-04 00:00:00+00:00,0.475,2.3750000000000004,0.51405793,0.13897586,0.055961896,0.80506223,BAD,BAD,B_mult
2025-06-04 01:00:00+00:00,0.46499999999999997,0.465,2.0113494,0.042827904,0.14330798,0.8138641,GOOD,BAD,
2025-06-04 02:00:00+00:00,0.46299999999999997,0.463,0.98340595,0.014049113,0.50155544,0.48439538,GOOD,SUSPECT,
2025-06-04 03:00:00+00:00,0.46099999999999997,0.4610000000000001,0.53160363,0.6694319,0.08480839,0.24575968,GOOD,GOOD,
2025-06-04 04:00:00+00:00,0.459,0.4590000000000001,0.43944442,0.69493496,0.08129394,0.2237711,GOOD,GOOD,
2025-06-04 05:00:00+00:00,0.457,0.45700000000000013,0.46592006,0.8811744,0.03917631,0.079649314,GOOD,GOOD,
2025-06-04 06:00:00+00:00,0.455,0.45500000000000007,0.48850623,0.8737511,0.04042175,0.08582716,GOOD,GOOD,
2025-06-04 07:00:00+00:00,0.435,0.4350000000000001,0.4905454,0.97235066,0.016737936,0.010911396,GOOD,GOOD,
2025-06-04 08:00:00+00:00,0.435,0.4350000000000001,0.47413212,0.9710682,0.018009331,0.010922463,GOOD,GOOD,
2025-06-04 09:00:00+00:00,0.45,0.4500000000000001,0.4646949,0.9809081,0.012839139,0.0062527535,GOOD,GOOD,
2025-06-04 10:00:00+00:00,0.46499999999999997,0.465,0.47228768,0.96652275,0.018725513,0.014751742,GOOD,GOOD,
2025-06-04 11:00:00+00:00,0.5,0.5000000000000001,0.48781988,0.94372934,0.036139436,0.02013125,GOOD,GOOD,
2025-06-04 12:00:00+00:00,0.52,0.52,0.51694715,0.9342731,0.033470392,0.032256514,GOOD,GOOD,
2025-06-04 13:00:00+00:00,0.505,0.505,0.5428299,0.9435469,0.031470932,0.02498215,GOOD,GOOD,
2025-06-04 14:00:00+00:00,0.485,0.4850000000000001,0.5417006,0.97129804,0.016364917,0.012337064,GOOD,GOOD,
2025-06-04 15:00:00+00:00,0.455,0.45500000000000007,0.5238239,0.9787229,0.01284927,0.008427856,GOOD,GOOD,
2025-06-04 16:00:00+00:00,0.435,0.4350000000000001,0.49603045,0.9702548,0.017306305,0.012438929,GOOD,GOOD,
2025-06-04 17:00:00+00:00,0.385,0.38500000000000006,0.47184646,0.9214272,0.04636885,0.032203976,GOOD,GOOD,
2025-06-04 18:00:00+00:00,0.44,0.4400000000000001,0.4327365,0.893694,0.072072715,0.034233287,GOOD,GOOD,
2025-06-04 19:00:00+00:00,0.445,0.44500000000000006,0.44880384,0.97329694,0.017345008,0.0093580345,GOOD,GOOD,
2025-06-04 20:00:00+00:00,0.405,0.4050000000000001,0.4688666,0.9658719,0.02100571,0.013122402,GOOD,GOOD,
2025-06-04 21:00:00+00:00,0.42,0.42000000000000004,0.4507786,0.97391236,0.016186997,0.009900646,GOOD,GOOD,
2025-06-04 22:00:00+00:00,0.45499999999999996,0.455,0.44588515,0.9778132,0.015718017,0.006468813,GOOD,GOOD,
2025-06-04 23:00:00+00:00,0.44,0.4400000000000001,0.4693079,0.98083776,0.011615873,0.007546344,GOOD,GOOD,
2025-06-05 00:00:00+00:00,0.33499999999999996,0.335,0.4738421,0.8288497,0.11714018,0.054010153,GOOD,GOOD,
2025-06-05 01:00:00+00:00,0.395,0.3950000000000001,0.4068614,0.8811076,0.073302336,0.045590058,GOOD,GOOD,
2025-06-05 02:00:00+00:00,0.475,0.4750000000000001,0.4046362,0.9312567,0.05144551,0.017297791,GOOD,GOOD,
2025-06-05 03:00:00+00:00,0.435,0.4350000000000001,0.4681229,0.9585483,0.027688542,0.013763171,GOOD,GOOD,
2025-06-05 04:00:00+00:00,0.46499999999999997,0.465,0.47805652,0.9670327,0.02025187,0.012715478,GOOD,GOOD,
2025-06-05 05:00:00+00:00,0.385,0.38500000000000006,0.48857963,0.8564631,0.0909383,0.052598596,GOOD,GOOD,
2025-06-05 06:00:00+00:00,0.39,0.3900000000000001,0.444167,0.974067,0.015417801,0.0105152335,GOOD,GOOD,
2025-06-05 07:00:00+00:00,0.385,0.38500000000000006,0.420353,0.9424779,0.020510402,0.037011698,GOOD,GOOD,
2025-06-05 08:00:00+00:00,0.41500000000000004,0.41500000000000015,0.4134763,0.97736573,0.015005046,0.0076292357,GOOD,GOOD,
2025-06-05 09:00:00+00:00,0.42,0.42000000000000004,0.43210456,0.97027606,0.013391231,0.016332695,GOOD,GOOD,
2025-06-05 10:00:00+00:00,0.42,0.42000000000000004,0.44681403,0.88674974,0.019173503,0.09407677,GOOD,GOOD,
2025-06-05 11:00:00+00:00,0.435,0.4350000000000001,0.45088717,0.9756185,0.0116430605,0.0127384765,GOOD,GOOD,
2025-06-05 12:00:00+00:00,0.405,0.4050000000000001,0.45978218,0.97296333,0.015801461,0.011235215,GOOD,GOOD,
2025-06-05 13:00:00+00:00,0.345,0.34500000000000003,0.4457271,0.9091411,0.061272193,0.029586682,GOOD,GOOD,
2025-06-05 14:00:00+00:00,0.36,0.36000000000000004,0.39933085,0.97307444,0.0152173815,0.0117081655,GOOD,GOOD,
2025-06-05 15:00:00+00:00,0.395,0.3950000000000001,0.38490278,0.97301024,0.017935092,0.009054669,GOOD,GOOD,
2025-06-05 16:00:00+00:00,0.42000000000000004,0.4200000000000001,0.4078182,0.95563865,0.024928965,0.019432405,GOOD,GOOD,
2025-06-05 17:00:00+00:00,0.37,0.37000000000000005,0.43870926,0.96261203,0.022745749,0.014642243,GOOD,GOOD,
2025-06-05 18:00:00+00:00,0.345,0.34500000000000003,0.4201743,0.9606278,0.022753607,0.016618602,GOOD,GOOD,
2025-06-05 19:00:00+00:00,0.33999999999999997,0.3400000000000001,0.3881547,0.9415735,0.020770855,0.03765562,GOOD,GOOD,
2025-06-05 20:00:00+00:00,0.33,0.3300000000000001,0.37134135,0.9204737,0.026198862,0.05332743,GOOD,GOOD,
2025-06-05 21:00:00+00:00,0.33999999999999997,0.3400000000000001,0.36215925,0.96894646,0.014899619,0.016153917,GOOD,GOOD,
2025-06-05 22:00:00+00:00,0.35,0.35000000000000003,0.36570695,0.90068173,0.025151355,0.07416688,GOOD,GOOD,
2025-06-05 23:00:00+00:00,0.32999999999999996,0.33000000000000007,0.37552622,0.9667819,0.016381199,0.016836895,GOOD,GOOD,
2025-06-06 00:00:00+00:00,0.345,0.34500000000000003,0.3682062,0.9698564,0.0146533195,0.015490323,GOOD,GOOD,
2025-06-06 01:00:00+00:00,0.30000000000000004,0.3000000000000001,0.37073347,0.9176652,0.049717464,0.032617345,GOOD,GOOD,
2025-06-06 02:00:00+00:00,0.27,0.2700000000000001,0.34720445,0.91567194,0.048101258,0.03622679,GOOD,GOOD,
2025-06-06 03:00:00+00:00,0.29,0.29000000000000004,0.31453353,0.95902956,0.021187771,0.019782698,GOOD,GOOD,
2025-06-06 04:00:00+00:00,0.31999999999999995,0.32,0.312014,0.96236324,0.022976764,0.014660019,GOOD,GOOD,
2025-06-06 05:00:00+00:00,0.33499999999999996,0.335,0.33552083,0.96208745,0.0188578,0.019054748,GOOD,GOOD,
2025-06-06 06:00:00+00:00,0.32,0.32000000000000006,0.35853636,0.9727561,0.014111348,0.013132561,GOOD,GOOD,
2025-06-06 07:00:00+00:00,0.28500000000000003,0.2850000000000001,0.35770237,0.9518099,0.027690591,0.020499503,GOOD,GOOD,
2025-06-06 08:00:00+00:00,0.33999999999999997,0.3400000000000001,0.33160704,0.92291474,0.050994813,0.026090425,GOOD,GOOD,
2025-06-06 09:00:00+00:00,0.31,0.31000000000000005,0.34957007,0.9554942,0.026530115,0.01797567,GOOD,GOOD,
2025-06-06 10:00:00+00:00,0.32,0.32000000000000006,0.34861955,0.973672,0.013588799,0.012739226,GOOD,GOOD,
2025-06-06 11:00:00+00:00,0.36,0.36000000000000004,0.34901947,0.9588676,0.026149545,0.014982819,GOOD,GOOD,
2025-06-06 12:00:00+00:00,0.385,0.38500000000000006,0.37416175,0.95653915,0.026147813,0.017313048,GOOD,GOOD,
2025-06-06 13:00:00+00:00,0.37,0.37000000000000005,0.40434322,0.97278655,0.0143587,0.012854731,GOOD,GOOD,
2025-06-06 14:00:00+00:00,0.315,0.31500000000000006,0.40705818,0.9324966,0.042556472,0.024946934,GOOD,GOOD,
2025-06-06 15:00:00+00:00,0.385,0.38500000000000006,0.36917722,0.8651971,0.08745052,0.047352377,GOOD,GOOD,
2025-06-06 16:00:00+00:00,0.37,0.37000000000000005,0.389444,0.9640505,0.020338014,0.015611497,BAD,GOOD,E_stuck
2025-06-06 17:00:00+00:00,0.36,0.37000000000000005,0.40105596,0.89817226,0.02224219,0.07958558,BAD,GOOD,E_stuck
2025-06-06 18:00:00+00:00,0.35,0.37000000000000005,0.402155,0.72949827,0.030777318,0.23972438,BAD,GOOD,E_stuck
2025-06-06 19:00:00+00:00,0.355,0.37000000000000005,0.40069982,0.72291636,0.032366853,0.24471675,BAD,GOOD,E_stuck
2025-06-06 20:00:00+00:00,0.335,0.37000000000000005,0.39989895,0.6906624,0.03369706,0.27564052,BAD,GOOD,E_stuck
2025-06-06 21:00:00+00:00,0.385,0.37000000000000005,0.3997947,0.6794654,0.033732653,0.2868019,BAD,GOOD,E_stuck
2025-06-06 22:00:00+00:00,0.375,0.37000000000000005,0.39988518,0.66813385,0.034963533,0.29690266,BAD,GOOD,E_stuck
2025-06-06 23:00:00+00:00,0.41000000000000003,0.37000000000000005,0.3999497,0.6534482,0.03488335,0.3116684,BAD,GOOD,E_stuck
2025-06-07 00:00:00+00:00,0.38,0.37000000000000005,0.39997536,0.63435817,0.034881048,0.3307608,BAD,GOOD,E_stuck
2025-06-07 01:00:00+00:00,0.33999999999999997,0.37000000000000005,0.39999163,0.5905708,0.03422972,0.3751995,BAD,GOOD,E_stuck
2025-06-07 02:00:00+00:00,0.31999999999999995,0.37000000000000005,0.40001184,0.55536044,0.03909881,0.40554076,BAD,GOOD,E_stuck
2025-06-07 03:00:00+00:00,0.29,0.37000000000000005,0.40003496,0.5280994,0.03926847,0.4326321,BAD,GOOD,E_stuck
2025-06-07 04:00:00+00:00,0.28500000000000003,0.37000000000000005,0.4000569,0.5075674,0.040103666,0.4523289,BAD,GOOD,E_stuck
2025-06-07 05:00:00+00:00,0.27,0.37000000000000005,0.40007496,0.49329913,0.040768888,0.46593198,BAD,GOOD,E_stuck
2025-06-07 06:00:00+00:00,0.315,0.37000000000000005,0.40008807,0.47988033,0.041564707,0.47855496,BAD,GOOD,E_stuck
2025-06-07 07:00:00+00:00,0.255,0.37000000000000005,0.40009624,0.4671812,0.04308777,0.489731,BAD,GOOD,E_stuck
2025-06-07 08:00:00+00:00,0.245,0.37000000000000005,0.40009984,0.45930415,0.043475423,0.49722043,BAD,GOOD,E_stuck
2025-06-07 09:00:00+00:00,0.265,0.37000000000000005,0.40009966,0.45029324,0.044594843,0.50511193,BAD,GOOD,E_stuck
2025-06-07 10:00:00+00:00,0.245,0.37000000000000005,0.40009648,0.44173336,0.045667864,0.51259875,BAD,GOOD,E_stuck
2025-06-07 11:00:00+00:00,0.275,0.37000000000000005,0.4000913,0.43373132,0.046122745,0.52014595,BAD,GOOD,E_stuck
2025-06-07 12:00:00+00:00,0.25,0.37000000000000005,0.40008488,0.42560172,0.04670482,0.52769345,BAD,GOOD,E_stuck
2025-06-07 13:00:00+00:00,0.26,0.37000000000000005,0.40007794,0.41726518,0.048108123,0.5346267,BAD,GOOD,E_stuck
2025-06-07 14:00:00+00:00,0.26,0.37000000000000005,0.40007114,0.408773,0.050118256,0.5411087,BAD,GOOD,E_stuck
2025-06-07 15:00:00+00:00,0.25,0.37000000000000005,0.40006477,0.40429193,0.05081168,0.54489636,BAD,GOOD,E_stuck
2025-06-07 16:00:00+00:00,0.28500000000000003,0.2850000000000001,0.40005916,0.53856075,0.25566903,0.20577021,GOOD,GOOD,
2025-06-07 17:00:00+00:00,0.315,0.31500000000000006,0.34888119,0.53856075,0.25566903,0.20577021,GOOD,GOOD,
2025-06-07 18:00:00+00:00,0.27,0.2700000000000001,0.33633322,0.53856075,0.25566903,0.20577021,GOOD,GOOD,
2025-06-07 19:00:00+00:00,0.24,0.24,0.31390095,0.53856075,0.25566903,0.20577021,GOOD,GOOD,
2025-06-07 20:00:00+00:00,0.215,0.215,0.28408518,0.53856075,0.25566903,0.20577021,GOOD,GOOD,
2025-06-07 21:00:00+00:00,0.245,0.24500000000000002,0.25606507,0.53856075,0.25566903,0.20577021,GOOD,GOOD,
2025-06-07 22:00:00+00:00,0.235,0.235,0.26242396,0.53856075,0.25566903,0.20577021,GOOD,GOOD,
2025-06-07 23:00:00+00:00,0.22,0.22,0.2667653,0.53856075,0.25566903,0.20577021,GOOD,GOOD,
2025-06-08 00:00:00+00:00,0.27,0.2700000000000001,0.25829515,0.53856075,0.25566903,0.20577021,GOOD,GOOD,
2025-06-08 01:00:00+00:00,0.275,0.2750000000000001,0.2812963,0.53856075,0.25566903,0.20577021,GOOD,GOOD,
2025-06-08 02:00:00+00:00,0.265,0.26500000000000007,0.30114868,0.53856075,0.25566903,0.20577021,GOOD,GOOD,
2025-06-08 03:00:00+00:00,0.265,0.26500000000000007,0.30161157,0.53856075,0.25566903,0.20577021,GOOD,GOOD,
2025-06-08 04:00:00+00:00,0.335,0.3350000000000001,0.2977737,0.53856075,0.25566903,0.20577021,GOOD,GOOD,
2025-06-08 05:00:00+00:00,0.26,0.26000000000000006,0.3376202,0.53856075,0.25566903,0.20577021,GOOD,GOOD,
2025-06-08 06:00:00+00:00,0.26,0.26000000000000006,0.31820908,0.8956034,0.061164267,0.04323228,GOOD,GOOD,
2025-06-08 07:00:00+00:00,0.28500000000000003,0.2850000000000001,0.29668775,0.96772945,0.01883595,0.013434582,GOOD,GOOD,
2025-06-08 08:00:00+00:00,0.265,0.26500000000000007,0.30397874,0.96528345,0.019831656,0.014884877,GOOD,GOOD,
2025-06-08 09:00:00+00:00,0.27,0.2700000000000001,0.30125666,0.9729544,0.013072007,0.01397363,GOOD,GOOD,
2025-06-08 10:00:00+00:00,0.27,0.2700000000000001,0.3000398,0.7672438,0.029140268,0.20361595,GOOD,GOOD,
2025-06-08 11:00:00+00:00,0.28,0.28000000000000014,0.30015394,0.93280643,0.022736482,0.044457063,GOOD,GOOD,
2025-06-08 12:00:00+00:00,0.33499999999999996,0.335,0.3063375,0.8929837,0.069382995,0.037633337,GOOD,GOOD,
2025-06-08 13:00:00+00:00,0.3,0.30000000000000004,0.34299013,0.9547758,0.026789354,0.018434858,GOOD,GOOD,
2025-06-08 14:00:00+00:00,0.3,0.30000000000000004,0.34287605,0.939725,0.01837799,0.04189704,GOOD,GOOD,
2025-06-08 15:00:00+00:00,0.34,0.34000000000000014,0.33429343,0.93223256,0.040203616,0.027563835,GOOD,GOOD,
2025-06-08 16:00:00+00:00,0.315,0.31500000000000006,0.35424063,0.9635023,0.020376228,0.016121505,GOOD,GOOD,
2025-06-08 17:00:00+00:00,0.295,0.29500000000000004,0.35328105,0.9075569,0.029222677,0.06322041,GOOD,GOOD,
2025-06-08 18:00:00+00:00,0.255,0.255,0.33580965,0.953446,0.028661046,0.017892966,GOOD,GOOD,
2025-06-08 19:00:00+00:00,0.28,0.28000000000000014,0.3023784,0.96751314,0.01882534,0.013661531,GOOD,GOOD,
2025-06-08 20:00:00+00:00,0.27,0.2700000000000001,0.30070326,0.9730451,0.01348277,0.013472107,GOOD,GOOD,
2025-06-08 21:00:00+00:00,0.29000000000000004,0.2900000000000001,0.30132854,0.96633357,0.019249354,0.014417067,GOOD,GOOD,
2025-06-08 22:00:00+00:00,0.31,0.31000000000000005,0.31293064,0.93294483,0.030435104,0.03662006,GOOD,GOOD,
2025-06-08 23:00:00+00:00,0.28,0.28000000000000014,0.3318369,0.9531679,0.024453582,0.022378484,GOOD,GOOD,
2025-06-09 00:00:00+00:00,0.28500000000000003,0.2850000000000001,0.32276174,0.9552593,0.017364055,0.027376648,GOOD,GOOD,
2025-06-09 01:00:00+00:00,0.245,0.24500000000000002,0.31604233,0.9026881,0.056709833,0.040602073,GOOD,GOOD,
2025-06-09 02:00:00+00:00,0.215,0.215,0.29111144,0.8901117,0.060719963,0.049168367,GOOD,GOOD,
2025-06-09 03:00:00+00:00,0.23,0.23000000000000004,0.2595635,0.94889534,0.025061103,0.026043536,GOOD,GOOD,
2025-06-09 04:00:00+00:00,0.21,0.21,0.25431383,0.9350608,0.030763034,0.03417616,GOOD,GOOD,
2025-06-09 05:00:00+00:00,0.245,0.24500000000000002,0.24647929,0.94162375,0.031233639,0.027142586,GOOD,GOOD,
2025-06-09 06:00:00+00:00,0.22000000000000003,0.22000000000000003,0.2621063,0.9247503,0.036549304,0.03870037,GOOD,GOOD,
2025-06-09 07:00:00+00:00,0.195,0.195,0.2593253,0.88385236,0.051532567,0.06461506,GOOD,GOOD,
2025-06-09 08:00:00+00:00,0.27,0.2700000000000001,0.23890047,0.87898946,0.08410482,0.036905754,GOOD,GOOD,
2025-06-09 09:00:00+00:00,0.22,0.22,0.27073765,0.91479725,0.05254844,0.03265431,GOOD,GOOD,
2025-06-09 10:00:00+00:00,0.20500000000000002,0.20500000000000002,0.26689225,0.960363,0.020599397,0.019037606,GOOD,GOOD,
2025-06-09 11:00:00+00:00,0.19,0.19,0.24706648,0.8407061,0.041293062,0.11800086,GOOD,GOOD,
2025-06-09 12:00:00+00:00,0.25,0.25,0.2278437,0.9145637,0.056783374,0.028652918,GOOD,GOOD,
2025-06-09 13:00:00+00:00,0.34,0.34000000000000014,0.25516737,0.79057133,0.16194393,0.04748473,GOOD,GOOD,
2025-06-09 14:00:00+00:00,0.30000000000000004,0.3000000000000001,0.33059052,0.9447857,0.033568628,0.021645645,GOOD,GOOD,
2025-06-09 15:00:00+00:00,0.27,0.2700000000000001,0.34575978,0.9359052,0.028742101,0.03535271,GOOD,GOOD,
2025-06-09 16:00:00+00:00,0.24000000000000002,0.24000000000000002,0.31970337,0.8684863,0.05430863,0.0772051,GOOD,GOOD,
2025-06-09 17:00:00+00:00,0.22,0.22,0.28485107,0.90762806,0.037578322,0.054793604,GOOD,GOOD,
2025-06-09 18:00:00+00:00,0.25,0.25,0.2582639,0.9672762,0.020006368,0.0127174165,GOOD,GOOD,
2025-06-09 19:00:00+00:00,0.255,0.255,0.26675975,0.94497305,0.0207049,0.034322064,GOOD,GOOD,
2025-06-09 20:00:00+00:00,0.26,0.26000000000000006,0.2805995,0.78422254,0.032244183,0.18353325,GOOD,GOOD,
2025-06-09 21:00:00+00:00,0.28500000000000003,0.2850000000000001,0.28920838,0.9640115,0.020332366,0.015656153,GOOD,GOOD,
2025-06-09 22:00:00+00:00,0.24,0.24,0.30621055,0.92079115,0.046839394,0.03236947,GOOD,GOOD,
2025-06-09 23:00:00+00:00,0.25,0.25,0.288564,0.9580034,0.021618534,0.020378044,GOOD,GOOD,
2025-06-10 00:00:00+00:00,0.235,0.235,0.27961475,0.94644034,0.025931664,0.027627978,GOOD,GOOD,
2025-06-10 01:00:00+00:00,0.245,0.24500000000000002,0.27014905,0.9437637,0.022617012,0.033619314,GOOD,GOOD,
2025-06-10 02:00:00+00:00,0.22999999999999998,0.23,0.27171397,0.9374229,0.026645113,0.035931993,GOOD,GOOD,
2025-06-10 03:00:00+00:00,0.23500000000000001,0.23500000000000001,0.26603398,0.91283935,0.02592716,0.061233502,GOOD,GOOD,
2025-06-10 04:00:00+00:00,0.235,0.235,0.2646703,0.62903124,0.046095144,0.32487363,GOOD,GOOD,
2025-06-10 05:00:00+00:00,0.275,0.2750000000000001,0.2652963,0.93827355,0.039232466,0.02249398,GOOD,GOOD,
2025-06-10 06:00:00+00:00,0.28,0.28000000000000014,0.28934762,0.9623193,0.020035466,0.017645234,GOOD,GOOD,
2025-06-10 07:00:00+00:00,0.26,0.26000000000000006,0.3072423,0.9734896,0.014276887,0.012233552,GOOD,GOOD,
2025-06-10 08:00:00+00:00,0.265,0.26500000000000007,0.30057696,0.95624155,0.016357929,0.027400516,GOOD,GOOD,
2025-06-10 09:00:00+00:00,0.21500000000000002,0.21500000000000002,0.2957973,0.9177857,0.052294888,0.029919416,GOOD,GOOD,
2025-06-10 10:00:00+00:00,0.22,0.22,0.26574206,0.9627853,0.019279951,0.017934768,GOOD,GOOD,
2025-06-10 11:00:00+00:00,0.24,0.24,0.25074792,0.96701986,0.018412307,0.014567828,GOOD,GOOD,
2025-06-10 12:00:00+00:00,0.23,0.23000000000000004,0.26021224,0.9660319,0.017093185,0.016874919,GOOD,GOOD,
2025-06-10 13:00:00+00:00,0.235,0.235,0.26317346,0.91544324,0.023894252,0.060662508,GOOD,GOOD,
2025-06-10 14:00:00+00:00,0.235,0.235,0.26507235,0.7292592,0.035295226,0.23544557,GOOD,GOOD,
2025-06-10 15:00:00+00:00,0.20500000000000002,0.20500000000000002,0.2658534,0.92223513,0.043600142,0.034164727,GOOD,GOOD,
2025-06-10 16:00:00+00:00,0.185,0.185,0.24854515,0.91208893,0.04557201,0.042339046,GOOD,GOOD,
2025-06-10 17:00:00+00:00,0.21,0.21,0.22591215,0.94916326,0.026778016,0.024058735,GOOD,GOOD,
2025-06-10 18:00:00+00:00,0.28,0.28000000000000014,0.23018265,0.85952264,0.09911321,0.041364163,GOOD,GOOD,
2025-06-10 19:00:00+00:00,0.29,0.29000000000000004,0.27917722,0.9334117,0.04013146,0.026456814,GOOD,GOOD,
2025-06-10 20:00:00+00:00,0.28,0.28000000000000014,0.31442246,0.9521338,0.020022806,0.027843405,GOOD,GOOD,
2025-06-10 21:00:00+00:00,0.245,0.24500000000000002,0.31819424,0.96205205,0.021824794,0.016123137,GOOD,GOOD,
2025-06-10 22:00:00+00:00,0.26,0.26000000000000006,0.2928532,0.97080857,0.01639971,0.012791748,GOOD,GOOD,
2025-06-10 23:00:00+00:00,0.265,0.26500000000000007,0.28614697,0.9065868,0.025951514,0.06746167,GOOD,GOOD,
2025-06-11 00:00:00+00:00,0.22,0.22,0.29122487,0.93839854,0.037806015,0.023795422,GOOD,GOOD,
2025-06-11 01:00:00+00:00,0.255,0.255,0.26883113,0.9463948,0.032726686,0.020878525,GOOD,GOOD,
2025-06-11 02:00:00+00:00,0.255,0.255,0.2737538,0.9678362,0.015829245,0.016334577,GOOD,GOOD,
2025-06-11 03:00:00+00:00,0.245,0.24500000000000002,0.2825857,0.9011097,0.02697478,0.07191551,GOOD,GOOD,
2025-06-11 04:00:00+00:00,0.26,0.26000000000000006,0.28027442,0.9655088,0.019031389,0.015459795,GOOD,GOOD,
2025-06-11 05:00:00+00:00,0.245,0.24500000000000002,0.28561798,0.9571989,0.02146417,0.021336893,GOOD,GOOD,
2025-06-11 06:00:00+00:00,0.27,0.2700000000000001,0.28102937,0.95701116,0.023207074,0.019781785,GOOD,GOOD,
2025-06-11 07:00:00+00:00,0.26,0.26000000000000006,0.2914774,0.952893,0.021643842,0.025463114,GOOD,GOOD,
2025-06-11 08:00:00+00:00,0.265,0.26500000000000007,0.2934512,0.909603,0.025809275,0.06458773,GOOD,GOOD,
2025-06-11 09:00:00+00:00,0.28,0.28000000000000014,0.29491153,0.95555484,0.02004859,0.024396593,GOOD,GOOD,
2025-06-11 10:00:00+00:00,0.28500000000000003,0.2850000000000001,0.30455115,0.8924555,0.028486632,0.07905787,GOOD,GOOD,
2025-06-11 11:00:00+00:00,0.28500000000000003,0.2850000000000001,0.31320146,0.71808684,0.04260697,0.2393062,GOOD,GOOD,
2025-06-11 12:00:00+00:00,0.27,0.2700000000000001,0.3162242,0.9212471,0.031674705,0.047078192,GOOD,GOOD,
2025-06-11 13:00:00+00:00,0.245,0.24500000000000002,0.3073881,0.8804003,0.05278415,0.06681553,GOOD,GOOD,
2025-06-11 14:00:00+00:00,0.22499999999999998,0.22499999999999998,0.2867576,0.8552282,0.060845166,0.08392668,GOOD,GOOD,
2025-06-11 15:00:00+00:00,0.22499999999999998,0.22499999999999998,0.26449218,0.8897953,0.040983226,0.06922146,GOOD,GOOD,
2025-06-11 16:00:00+00:00,0.215,0.215,0.25527522,0.9065894,0.03509153,0.05831906,GOOD,GOOD,
2025-06-11 17:00:00+00:00,0.245,0.24500000000000002,0.24852265,0.9290427,0.03317813,0.037779175,GOOD,GOOD,
2025-06-11 18:00:00+00:00,0.245,0.24500000000000002,0.26327997,0.9026494,0.034245767,0.06310486,GOOD,GOOD,
2025-06-11 19:00:00+00:00,0.27,0.2700000000000001,0.2741007,0.93674856,0.026745368,0.036506075,GOOD,GOOD,
2025-06-11 20:00:00+00:00,0.255,0.255,0.29169723,0.9015691,0.03734236,0.06108849,GOOD,GOOD,
2025-06-11 21:00:00+00:00,0.245,0.24500000000000002,0.2916998,0.73150945,0.06327765,0.20521294,GOOD,GOOD,
2025-06-11 22:00:00+00:00,0.29500000000000004,0.2950000000000001,0.28184736,0.88430583,0.070101716,0.045592427,GOOD,GOOD,
2025-06-11 23:00:00+00:00,0.29500000000000004,0.2950000000000001,0.3057788,0.9481729,0.02934775,0.022479353,GOOD,GOOD,
2025-06-12 00:00:00+00:00,0.265,0.26500000000000007,0.32313302,0.969957,0.01648791,0.013555106,GOOD,GOOD,
2025-06-12 01:00:00+00:00,0.24,0.24,0.30979103,0.9253212,0.03225302,0.04242576,GOOD,GOOD,
2025-06-12 02:00:00+00:00,0.26,0.26000000000000006,0.28345007,0.9712088,0.016452633,0.012338528,GOOD,GOOD,
2025-06-12 03:00:00+00:00,0.265,0.26500000000000007,0.282531,0.9455384,0.020003438,0.03445813,GOOD,GOOD,
2025-06-12 04:00:00+00:00,0.255,0.255,0.29095742,0.95351005,0.017922843,0.028567119,GOOD,GOOD,
2025-06-12 05:00:00+00:00,0.29500000000000004,0.2950000000000001,0.2896907,0.93301517,0.041499153,0.02548567,GOOD,GOOD,
2025-06-12 06:00:00+00:00,0.33499999999999996,0.335,0.3104455,0.9109382,0.05533945,0.033722375,GOOD,GOOD,
2025-06-12 07:00:00+00:00,0.30000000000000004,0.3000000000000001,0.34789425,0.9297055,0.04307247,0.027222035,GOOD,GOOD,
2025-06-12 08:00:00+00:00,0.28,0.28000000000000014,0.34457904,0.9694019,0.016367372,0.01423072,GOOD,GOOD,
2025-06-12 09:00:00+00:00,0.31,0.31000000000000005,0.3224443,0.9459413,0.032705985,0.021352699,GOOD,GOOD,
2025-06-12 10:00:00+00:00,0.33999999999999997,0.3400000000000001,0.3287284,0.92102003,0.042792883,0.0361871,GOOD,GOOD,
2025-06-12 11:00:00+00:00,0.35,0.35000000000000003,0.35583755,0.94811213,0.029682098,0.022205776,GOOD,GOOD,
2025-06-12 12:00:00+00:00,0.41500000000000004,0.41500000000000015,0.37610018,0.85915744,0.091851525,0.04899103,GOOD,GOOD,
2025-06-12 13:00:00+00:00,0.69,0.6900000000000001,0.42182845,0.25749546,0.44519967,0.2973049,GOOD,SUSPECT,
2025-06-12 14:00:00+00:00,0.95,0.9500000000000001,0.6224692,0.20715934,0.5285857,0.26425505,GOOD,SUSPECT,
2025-06-12 15:00:00+00:00,0.9650000000000001,0.9650000000000002,0.90446395,0.4950503,0.32005182,0.18489788,GOOD,GOOD,
2025-06-12 16:00:00+00:00,0.925,0.9250000000000002,1.0051934,0.8193722,0.11667996,0.06394789,GOOD,GOOD,
2025-06-12 17:00:00+00:00,1.19,1.1900000000000002,0.9732666,0.38227987,0.44047904,0.17724107,GOOD,SUSPECT,
2025-06-12 18:00:00+00:00,1.2650000000000001,1.2650000000000003,1.1500473,0.36797422,0.45952207,0.17250371,GOOD,SUSPECT,
2025-06-12 19:00:00+00:00,1.46,1.4600000000000002,1.276588,0.38746405,0.48458552,0.12795042,GOOD,SUSPECT,
2025-06-12 20:00:00+00:00,1.21,1.2100000000000002,1.4514592,0.5007313,0.28039435,0.21887437,GOOD,GOOD,
2025-06-12 21:00:00+00:00,1.51,1.5100000000000002,1.2786964,0.3343228,0.505617,0.16006018,GOOD,SUSPECT,
2025-06-12 22:00:00+00:00,1.65,1.6500000000000004,1.4637759,0.057356596,0.83682805,0.10581533,GOOD,SUSPECT,
2025-06-12 23:00:00+00:00,1.8599999999999999,1.86,1.6435667,0.022157192,0.9367294,0.041113444,GOOD,SUSPECT,
2025-06-13 00:00:00+00:00,1.83,1.8300000000000003,1.8475221,0.21001565,0.707349,0.08263533,GOOD,SUSPECT,
2025-06-13 01:00:00+00:00,2.04,2.04,1.83139,0.006939471,0.9735204,0.019540157,GOOD,SUSPECT,
2025-06-13 02:00:00+00:00,1.79,1.7900000000000005,2.0131803,0.09950274,0.8183393,0.082157955,GOOD,SUSPECT,
2025-06-13 03:00:00+00:00,1.425,1.4250000000000003,1.7959228,0.080824435,0.8226083,0.096567236,GOOD,SUSPECT,
2025-06-13 04:00:00+00:00,1.19,1.1900000000000002,1.4603776,0.5848447,0.3673928,0.047762513,GOOD,GOOD,
2025-06-13 05:00:00+00:00,1.275,1.2750000000000001,1.2284008,0.94772667,0.045584273,0.0066890637,GOOD,GOOD,
2025-06-13 06:00:00+00:00,1.375,1.3750000000000002,1.2565066,0.5080093,0.44908535,0.042905368,GOOD,GOOD,
2025-06-13 07:00:00+00:00,1.73,1.7300000000000002,1.3607091,0.023008049,0.93217295,0.044818975,GOOD,SUSPECT,
2025-06-13 08:00:00+00:00,1.69,1.6900000000000002,1.6802031,0.27150047,0.67082024,0.057679273,GOOD,SUSPECT,
2025-06-13 09:00:00+00:00,1.63,1.6300000000000001,1.700366,0.45732749,0.48526257,0.057409953,GOOD,SUSPECT,
2025-06-13 10:00:00+00:00,1.88,1.8800000000000001,1.6310393,0.014061332,0.9599073,0.02603139,GOOD,SUSPECT,
2025-06-13 11:00:00+00:00,1.8199999999999998,1.82,1.8436477,0.2003637,0.72734696,0.07228935,GOOD,SUSPECT,
2025-06-13 12:00:00+00:00,1.8,1.8000000000000003,1.8247653,0.09546983,0.7364235,0.16810669,GOOD,SUSPECT,
2025-06-13 13:00:00+00:00,1.76,1.7600000000000002,1.794645,0.19586504,0.7053654,0.09876955,GOOD,SUSPECT,
2025-06-13 14:00:00+00:00,1.77,1.7700000000000002,1.7562609,0.038545787,0.6560121,0.3054421,GOOD,SUSPECT,
2025-06-13 15:00:00+00:00,1.4500000000000002,1.4500000000000004,1.7622023,0.16313553,0.7454439,0.09142058,GOOD,SUSPECT,
2025-06-13 16:00:00+00:00,1.29,1.2900000000000003,1.4911147,0.77027345,0.20244738,0.027279172,GOOD,GOOD,
2025-06-13 17:00:00+00:00,1.275,1.2750000000000001,1.3158929,0.92432964,0.05360297,0.022067383,GOOD,GOOD,
2025-06-13 18:00:00+00:00,1.38,1.3800000000000001,1.2779515,0.7641438,0.21569997,0.02015619,GOOD,GOOD,
2025-06-13 19:00:00+00:00,1.615,1.6150000000000002,1.3637513,0.052643776,0.9091034,0.038252827,GOOD,SUSPECT,
2025-06-13 20:00:00+00:00,1.645,1.6450000000000002,1.5820545,0.05262482,0.87918437,0.0681908,GOOD,SUSPECT,
2025-06-13 21:00:00+00:00,1.69,1.6900000000000002,1.6469798,0.06780881,0.87901425,0.053176943,GOOD,SUSPECT,
2025-06-13 22:00:00+00:00,1.8849999999999998,1.885,1.6819755,0.010343373,0.9670218,0.022634821,GOOD,SUSPECT,
2025-06-13 23:00:00+00:00,1.77,1.7700000000000002,1.8595685,0.18673915,0.7469518,0.066309065,GOOD,SUSPECT,
2025-06-14 00:00:00+00:00,1.86,1.8600000000000003,1.7784578,0.031460524,0.9319163,0.03662315,GOOD,SUSPECT,
2025-06-14 01:00:00+00:00,1.51,1.5100000000000002,1.8425819,0.10810459,0.7603512,0.13154423,GOOD,SUSPECT,
2025-06-14 02:00:00+00:00,1.45,1.4500000000000002,1.549454,0.76551867,0.18755172,0.04692958,GOOD,GOOD,
2025-06-14 03:00:00+00:00,1.3199999999999998,1.32,1.4542829,0.9075332,0.078975044,0.013491701,GOOD,GOOD,
2025-06-14 04:00:00+00:00,1.23,1.2300000000000002,1.3447158,0.9329125,0.05607447,0.011012979,GOOD,GOOD,
2025-06-14 05:00:00+00:00,1.35,1.3500000000000003,1.2539612,0.8518914,0.13440739,0.013701224,GOOD,GOOD,
2025-06-14 06:00:00+00:00,1.27,1.2700000000000002,1.3298681,0.93051463,0.056032702,0.013452669,GOOD,GOOD,
2025-06-14 07:00:00+00:00,1.415,1.4150000000000003,1.2943081,0.7513205,0.23177975,0.016899725,GOOD,GOOD,
2025-06-14 08:00:00+00:00,1.48,1.4800000000000002,1.3925338,0.22929049,0.716636,0.054073516,GOOD,SUSPECT,
2025-06-14 09:00:00+00:00,1.6099999999999999,1.61,1.4754783,0.13585389,0.8250934,0.039052695,GOOD,SUSPECT,
2025-06-14 10:00:00+00:00,1.46,1.4600000000000002,1.5967516,0.79994684,0.17320953,0.02684362,GOOD,GOOD,
2025-06-14 11:00:00+00:00,1.34,1.3400000000000003,1.4902227,0.8727562,0.110455684,0.016788116,GOOD,GOOD,
2025-06-14 12:00:00+00:00,1.3450000000000002,1.3450000000000004,1.3643974,0.9264684,0.04785471,0.02567689,GOOD,GOOD,
2025-06-14 13:00:00+00:00,1.33,1.3300000000000003,1.3478798,0.7886735,0.08659999,0.12472652,GOOD,GOOD,
2025-06-14 14:00:00+00:00,1.235,1.2350000000000003,1.3421049,0.9174761,0.067835085,0.014688779,GOOD,GOOD,
2025-06-14 15:00:00+00:00,1.09,1.0900000000000003,1.2660362,0.8738831,0.10880603,0.01731082,GOOD,GOOD,
2025-06-14 16:00:00+00:00,0.98,0.9800000000000002,1.1340255,0.8595372,0.11840557,0.022057239,GOOD,GOOD,
2025-06-14 17:00:00+00:00,0.935,0.935,1.0187947,0.9232187,0.05902092,0.017760381,GOOD,GOOD,
2025-06-14 18:00:00+00:00,0.925,0.9250000000000002,0.95945597,0.9041667,0.044841982,0.050991297,GOOD,GOOD,
2025-06-14 19:00:00+00:00,1.225,1.2250000000000003,0.9426167,0.28476208,0.61513495,0.10010297,GOOD,SUSPECT,
2025-06-14 20:00:00+00:00,1.435,1.4350000000000003,1.1653568,0.042266726,0.8907011,0.06703213,GOOD,SUSPECT,
2025-06-14 21:00:00+00:00,1.51,1.5100000000000002,1.414651,0.11657894,0.8275343,0.05588676,GOOD,SUSPECT,
2025-06-14 22:00:00+00:00,1.455,1.4550000000000003,1.5207473,0.82888764,0.14143574,0.029676618,GOOD,GOOD,
2025-06-14 23:00:00+00:00,1.3050000000000002,1.3050000000000004,1.4771972,0.8877884,0.095226645,0.01698494,GOOD,GOOD,
2025-06-15 00:00:00+00:00,1.27,1.2700000000000002,1.3399142,0.93554306,0.049057048,0.015399868,GOOD,GOOD,
2025-06-15 01:00:00+00:00,1.28,1.2800000000000002,1.2842449,0.8087441,0.08191599,0.10933997,GOOD,GOOD,
2025-06-15 02:00:00+00:00,1.24,1.2400000000000002,1.288941,0.9438163,0.037925847,0.018257858,GOOD,GOOD,
2025-06-15 03:00:00+00:00,1.1549999999999998,1.155,1.2622824,0.91839737,0.06658263,0.015020024,GOOD,GOOD,
2025-06-15 04:00:00+00:00,1.08,1.0800000000000003,1.1868526,0.91307765,0.071427025,0.0154953385,GOOD,GOOD,
2025-06-15 05:00:00+00:00,0.8600000000000001,0.8600000000000002,1.1091181,0.58668464,0.34054196,0.0727734,GOOD,GOOD,
2025-06-15 06:00:00+00:00,0.925,0.9250000000000002,0.93194425,0.93593335,0.047980838,0.01608584,GOOD,GOOD,
2025-06-15 07:00:00+00:00,0.86,0.8600000000000001,0.92043984,0.9365814,0.045191377,0.01822722,GOOD,GOOD,
2025-06-15 08:00:00+00:00,1.005,1.0050000000000001,0.8920573,0.8371548,0.13831104,0.024534144,GOOD,GOOD,
2025-06-15 09:00:00+00:00,1.085,1.0850000000000002,0.98416966,0.6800657,0.27167967,0.048254643,GOOD,GOOD,
2025-06-15 10:00:00+00:00,0.9450000000000001,0.9450000000000002,1.0839415,0.9011189,0.069443494,0.029437616,GOOD,GOOD,
2025-06-15 11:00:00+00:00,0.915,0.915,1.0055587,0.92275196,0.047767095,0.029480962,GOOD,GOOD,
2025-06-15 12:00:00+00:00,1.02,1.02,0.94409305,0.91383016,0.072077066,0.0140927965,GOOD,GOOD,
2025-06-15 13:00:00+00:00,1.02,1.02,1.0081024,0.86051315,0.066399045,0.073087804,GOOD,GOOD,
2025-06-15 14:00:00+00:00,0.97,0.9700000000000001,1.0412252,0.959824,0.024388803,0.015787194,GOOD,GOOD,
2025-06-15 15:00:00+00:00,1.02,1.02,1.0077264,0.9582018,0.030932097,0.010866064,GOOD,GOOD,
2025-06-15 16:00:00+00:00,0.9,0.9000000000000001,1.0279281,0.9306437,0.05028235,0.019073946,GOOD,GOOD,
2025-06-15 17:00:00+00:00,0.86,0.8600000000000001,0.9528021,0.94140965,0.04153096,0.017059384,GOOD,GOOD,
2025-06-15 18:00:00+00:00,0.8,0.8000000000000002,0.8930058,0.95204794,0.035671644,0.012280431,GOOD,GOOD,
2025-06-15 19:00:00+00:00,0.6799999999999999,0.68,0.8368857,0.8290143,0.1348871,0.036098596,GOOD,GOOD,
2025-06-15 20:00:00+00:00,0.745,0.745,0.7392656,0.94911444,0.03467763,0.016207924,GOOD,GOOD,
2025-06-15 21:00:00+00:00,0.87,0.8700000000000001,0.74654603,0.7452016,0.21391803,0.040880412,GOOD,GOOD,
2025-06-15 22:00:00+00:00,0.815,0.815,0.8514537,0.954891,0.026573988,0.01853496,GOOD,GOOD,
2025-06-15 23:00:00+00:00,0.815,0.815,0.8569328,0.83186907,0.029224895,0.13890605,GOOD,GOOD,
2025-06-16 00:00:00+00:00,0.85,0.8500000000000001,0.8429702,0.96241564,0.025519257,0.01206513,GOOD,GOOD,
2025-06-16 01:00:00+00:00,0.89,0.89,0.8621477,0.87960064,0.07780135,0.04259802,GOOD,GOOD,
2025-06-16 02:00:00+00:00,0.81,0.8100000000000002,0.90147066,0.952691,0.031609748,0.015699232,GOOD,GOOD,
2025-06-16 03:00:00+00:00,0.795,0.795,0.8587238,0.9349348,0.023940591,0.04112459,GOOD,GOOD,
2025-06-16 04:00:00+00:00,0.76,0.7600000000000001,0.82489216,0.9579667,0.023930714,0.018102633,GOOD,GOOD,
2025-06-16 05:00:00+00:00,0.74,0.74,0.79292077,0.9057714,0.033161417,0.06106723,GOOD,GOOD,
2025-06-16 06:00:00+00:00,0.79,0.79,0.7698248,0.9599292,0.03030009,0.009770698,GOOD,GOOD,
2025-06-16 07:00:00+00:00,0.86,0.8600000000000001,0.79815614,0.9012216,0.08324282,0.0155355865,GOOD,GOOD,
2025-06-16 08:00:00+00:00,0.895,0.8950000000000001,0.8629436,0.9010322,0.07328359,0.025684213,GOOD,GOOD,
2025-06-16 09:00:00+00:00,0.9199999999999999,0.92,0.9109289,0.8989918,0.05307216,0.04793604,GOOD,GOOD,
2025-06-16 10:00:00+00:00,0.89,0.89,0.93916917,0.9675974,0.017619975,0.014782619,GOOD,GOOD,
2025-06-16 11:00:00+00:00,0.855,0.8550000000000001,0.92289686,0.93772846,0.030720344,0.03155118,GOOD,GOOD,
2025-06-16 12:00:00+00:00,0.9,0.9000000000000001,0.8882675,0.96027374,0.029463256,0.010262983,GOOD,GOOD,
2025-06-16 13:00:00+00:00,0.935,0.935,0.90882033,0.8989917,0.068288766,0.032719504,GOOD,GOOD,
2025-06-16 14:00:00+00:00,1.0150000000000001,1.0150000000000003,0.9472466,0.8756566,0.10408494,0.020258442,GOOD,GOOD,
2025-06-16 15:00:00+00:00,1.085,1.0850000000000002,1.0175557,0.80350244,0.16353054,0.03296699,GOOD,GOOD,
2025-06-16 16:00:00+00:00,1.12,1.1200000000000003,1.091137,0.86197364,0.10674432,0.031282034,GOOD,GOOD,
2025-06-16 17:00:00+00:00,1.1749999999999998,1.175,1.1348349,0.860824,0.11353032,0.025645688,GOOD,GOOD,
2025-06-16 18:00:00+00:00,1.1,1.1000000000000003,1.1832058,0.9161557,0.05908308,0.024761211,GOOD,GOOD,
2025-06-16 19:00:00+00:00,0.99,0.9900000000000001,1.1368731,0.9262782,0.057715956,0.016005857,GOOD,GOOD,
2025-06-16 20:00:00+00:00,0.81,0.8100000000000002,1.0350584,0.7126802,0.22595067,0.061369106,GOOD,GOOD,
2025-06-16 21:00:00+00:00,0.97,0.9700000000000001,0.87671643,0.7020769,0.2191657,0.07875736,GOOD,GOOD,
2025-06-16 22:00:00+00:00,0.9299999999999999,0.93,0.94061387,0.9578333,0.02675106,0.015415642,GOOD,GOOD,
2025-06-16 23:00:00+00:00,0.845,0.845,0.95794934,0.9421039,0.042695496,0.015200594,GOOD,GOOD,
2025-06-17 00:00:00+00:00,0.855,0.8550000000000001,0.8937252,0.9673204,0.016298505,0.016381117,GOOD,GOOD,
2025-06-17 01:00:00+00:00,0.955,0.9550000000000001,0.8726253,0.8737489,0.10576665,0.020484442,GOOD,GOOD,
2025-06-17 02:00:00+00:00,0.96,0.96,0.9446355,0.92738426,0.04869445,0.02392126,GOOD,GOOD,
2025-06-17 03:00:00+00:00,0.9199999999999999,0.92,0.98052263,0.9663203,0.018828861,0.014850871,GOOD,GOOD,
2025-06-17 04:00:00+00:00,0.795,0.795,0.9555364,0.86517256,0.09829897,0.03652846,GOOD,GOOD,
2025-06-17 05:00:00+00:00,0.925,0.9250000000000002,0.85385305,0.8505683,0.11620859,0.03322309,GOOD,GOOD,
2025-06-17 06:00:00+00:00,0.925,0.9250000000000002,0.9076601,0.93060255,0.044661336,0.024736121,GOOD,GOOD,
2025-06-17 07:00:00+00:00,0.9,0.9000000000000001,0.94502556,0.9675851,0.016581703,0.015833208,GOOD,GOOD,
2025-06-17 08:00:00+00:00,0.875,0.8750000000000001,0.9331879,0.907964,0.0318032,0.06023279,GOOD,GOOD,
2025-06-17 09:00:00+00:00,0.8300000000000001,0.8300000000000002,0.9056765,0.95573556,0.028230963,0.016033446,GOOD,GOOD,
2025-06-17 10:00:00+00:00,0.905,0.9050000000000001,0.86487186,0.9411079,0.046503834,0.012388251,GOOD,GOOD,
2025-06-17 11:00:00+00:00,0.925,0.9250000000000002,0.90479153,0.94226706,0.041705914,0.016026998,GOOD,GOOD,
2025-06-17 12:00:00+00:00,0.81,0.8100000000000002,0.94137216,0.90204394,0.06920706,0.02874903,GOOD,GOOD,
2025-06-17 13:00:00+00:00,0.9,0.9000000000000001,0.8683749,0.9302372,0.053629942,0.016132861,GOOD,GOOD,
2025-06-17 14:00:00+00:00,0.9299999999999999,0.93,0.89687574,0.91860634,0.06071647,0.020677175,GOOD,GOOD,
2025-06-17 15:00:00+00:00,0.84,0.84,0.94135445,0.9400894,0.040255032,0.019655585,GOOD,GOOD,
2025-06-17 16:00:00+00:00,0.85,0.8500000000000001,0.8904801,0.9664852,0.017511353,0.016003426,GOOD,GOOD,
2025-06-17 17:00:00+00:00,0.865,0.865,0.8707454,0.8614229,0.04193627,0.09664086,GOOD,GOOD,
2025-06-17 18:00:00+00:00,0.8300000000000001,0.8300000000000002,0.8808516,0.95926505,0.023425423,0.01730954,GOOD,GOOD,
2025-06-17 19:00:00+00:00,0.77,0.77,0.86297077,0.9300428,0.050025243,0.01993194,GOOD,GOOD,
2025-06-17 20:00:00+00:00,0.685,0.6850000000000002,0.8120771,0.8832423,0.085690364,0.031067321,GOOD,GOOD,
2025-06-17 21:00:00+00:00,0.825,0.8250000000000001,0.7351066,0.82326674,0.14253594,0.034197293,GOOD,GOOD,
2025-06-17 22:00:00+00:00,0.96,0.96,0.8033332,0.5513452,0.37981164,0.06884315,GOOD,GOOD,
2025-06-17 23:00:00+00:00,1.12,1.1200000000000003,0.94263524,0.5082909,0.4224227,0.06928643,GOOD,GOOD,
2025-06-18 00:00:00+00:00,0.915,0.915,1.1078565,0.7394302,0.16451357,0.09605622,GOOD,GOOD,
2025-06-18 01:00:00+00:00,0.87,0.8700000000000001,0.9977846,0.8249339,0.113894776,0.061171304,GOOD,GOOD,
2025-06-18 02:00:00+00:00,0.985,0.9850000000000001,0.906241,0.88695884,0.089563906,0.023477266,GOOD,GOOD,
2025-06-18 03:00:00+00:00,0.9199999999999999,0.92,0.9689674,0.9583788,0.026908398,0.014712833,GOOD,GOOD,
2025-06-18 04:00:00+00:00,0.81,0.8100000000000002,0.95876133,0.90744364,0.07064881,0.021907538,GOOD,GOOD,
2025-06-18 05:00:00+00:00,0.77,0.77,0.8672371,0.91356945,0.056621436,0.029809086,GOOD,GOOD,
2025-06-18 06:00:00+00:00,0.685,0.6850000000000002,0.8037506,0.89735585,0.07600752,0.026636608,GOOD,GOOD,
2025-06-18 07:00:00+00:00,0.705,0.7050000000000001,0.7315824,0.9627808,0.022351537,0.014867709,GOOD,GOOD,
2025-06-18 08:00:00+00:00,0.6950000000000001,0.6950000000000001,0.72079766,0.943087,0.024637626,0.032275386,GOOD,GOOD,
2025-06-18 09:00:00+00:00,0.725,0.725,0.71981454,0.96648765,0.022198068,0.011314259,GOOD,GOOD,
2025-06-18 10:00:00+00:00,0.845,0.845,0.7402535,0.82544774,0.14884678,0.025705496,GOOD,GOOD,
2025-06-18 11:00:00+00:00,1.1,1.1000000000000003,0.8325671,0.32769084,0.54404765,0.12826152,GOOD,SUSPECT,
2025-06-18 12:00:00+00:00,1.13,1.1300000000000001,1.0567313,0.45473444,0.44598317,0.09928239,GOOD,GOOD,
2025-06-18 13:00:00+00:00,1.085,1.0850000000000002,1.1544696,0.9423994,0.039405163,0.018195476,GOOD,GOOD,
2025-06-18 14:00:00+00:00,1.13,1.1300000000000001,1.1246929,0.94190407,0.044811703,0.013284252,GOOD,GOOD,
2025-06-18 15:00:00+00:00,1.1099999999999999,1.11,1.1394026,0.9604965,0.02468517,0.01481835,GOOD,GOOD,
2025-06-18 16:00:00+00:00,0.9199999999999999,0.92,1.1336285,0.81397355,0.13919453,0.046831943,GOOD,GOOD,
2025-06-18 17:00:00+00:00,0.855,0.8550000000000001,0.989204,0.87818843,0.089226015,0.03258553,GOOD,GOOD,
2025-06-18 18:00:00+00:00,0.7350000000000001,0.7350000000000002,0.891902,0.86665606,0.108520776,0.024823189,GOOD,GOOD,
2025-06-18 19:00:00+00:00,0.685,0.6850000000000002,0.7876677,0.92480856,0.057604495,0.017586928,GOOD,GOOD,
2025-06-18 20:00:00+00:00,0.77,0.77,0.72119534,0.9327807,0.054831207,0.012388111,GOOD,GOOD,
2025-06-18 21:00:00+00:00,0.755,0.7550000000000001,0.76231176,0.97210133,0.01725538,0.0106433155,GOOD,GOOD,
2025-06-18 22:00:00+00:00,0.76,0.7600000000000001,0.78037065,0.8691415,0.03003561,0.10082287,GOOD,GOOD,
2025-06-18 23:00:00+00:00,0.94,0.94,0.78423136,0.7368594,0.22365105,0.03948956,GOOD,GOOD,
2025-06-19 00:00:00+00:00,0.76,0.7600000000000001,0.9100076,0.8199158,0.11876469,0.061319552,GOOD,GOOD,
2025-06-19 01:00:00+00:00,0.69,0.6900000000000001,0.8379622,0.8404882,0.10801414,0.05149767,GOOD,GOOD,
2025-06-19 02:00:00+00:00,0.685,0.6850000000000002,0.7418157,0.91053,0.025109354,0.06436069,GOOD,GOOD,
2025-06-19 03:00:00+00:00,0.73,0.7300000000000001,0.7076987,0.9656675,0.02471976,0.009612784,GOOD,GOOD,
2025-06-19 04:00:00+00:00,0.735,0.7350000000000001,0.73729646,0.88845164,0.028065415,0.083482966,GOOD,GOOD,
2025-06-19 05:00:00+00:00,0.615,0.6150000000000001,0.75903684,0.8417748,0.11195575,0.04626947,GOOD,GOOD,
2025-06-19 06:00:00+00:00,0.595,0.595,0.68304205,0.92008865,0.04381816,0.03609316,GOOD,GOOD,
2025-06-19 07:00:00+00:00,0.5700000000000001,0.5700000000000001,0.6305132,0.93934155,0.029818125,0.0308403,GOOD,GOOD,
2025-06-19 08:00:00+00:00,0.535,0.535,0.6016683,0.95907575,0.024957497,0.015966728,GOOD,GOOD,
2025-06-19 09:00:00+00:00,0.56,0.5600000000000002,0.57283944,0.9637084,0.021088509,0.015203113,GOOD,GOOD,
2025-06-19 10:00:00+00:00,0.505,0.505,0.5782621,0.9303644,0.04073702,0.028898636,GOOD,GOOD,
2025-06-19 11:00:00+00:00,0.515,0.515,0.55086434,0.95809186,0.016008073,0.02590006,GOOD,GOOD,
2025-06-19 12:00:00+00:00,0.645,0.645,0.5410799,0.8014538,0.1582525,0.040293694,GOOD,GOOD,
2025-06-19 13:00:00+00:00,0.65,0.65,0.62571937,0.91662115,0.05071132,0.032667525,GOOD,GOOD,
2025-06-19 14:00:00+00:00,0.6799999999999999,0.68,0.6747558,0.9561284,0.025048178,0.018823396,GOOD,GOOD,
2025-06-19 15:00:00+00:00,0.725,0.725,0.7028827,0.94785357,0.035723995,0.016422423,GOOD,GOOD,
2025-06-19 16:00:00+00:00,0.64,0.6400000000000001,0.73965365,0.94657326,0.034452796,0.018973928,GOOD,GOOD,
2025-06-19 17:00:00+00:00,0.605,0.605,0.6958418,0.9578018,0.024332779,0.017865421,GOOD,GOOD,
2025-06-19 18:00:00+00:00,0.565,0.5650000000000001,0.64618033,0.951561,0.029201088,0.019237965,GOOD,GOOD,
2025-06-19 19:00:00+00:00,0.525,0.525,0.6038424,0.9489506,0.031700563,0.019348849,GOOD,GOOD,
2025-06-19 20:00:00+00:00,0.565,0.5650000000000001,0.5648644,0.9678858,0.02035847,0.011755745,GOOD,GOOD,
2025-06-19 21:00:00+00:00,0.55,0.55,0.5771908,0.97264946,0.013855456,0.013495061,GOOD,GOOD,
2025-06-19 22:00:00+00:00,0.71,0.7100000000000001,0.580482,0.6604569,0.27582985,0.063713215,GOOD,GOOD,
2025-06-19 23:00:00+00:00,0.72,0.72,0.6844521,0.86200964,0.09348391,0.044506446,GOOD,GOOD,
2025-06-20 00:00:00+00:00,0.81,0.8100000000000002,0.7432042,0.9016692,0.08016665,0.01816414,GOOD,GOOD,
2025-06-20 01:00:00+00:00,0.785,0.7850000000000001,0.8143014,0.96311235,0.02034767,0.016539961,GOOD,GOOD,
2025-06-20 02:00:00+00:00,0.695,0.695,0.8209069,0.93054694,0.048075687,0.021377387,GOOD,GOOD,
2025-06-20 03:00:00+00:00,0.75,0.7500000000000001,0.7517892,0.9639263,0.024083955,0.011989724,GOOD,GOOD,
2025-06-20 04:00:00+00:00,0.755,0.7550000000000001,0.75809056,0.92769074,0.027880536,0.04442873,GOOD,GOOD,
2025-06-20 05:00:00+00:00,0.655,0.6550000000000001,0.775843,0.9130781,0.06274675,0.02417511,GOOD,GOOD,
2025-06-20 06:00:00+00:00,0.6699999999999999,0.6699999999999999,0.7140509,0.96537906,0.017596595,0.01702436,GOOD,GOOD,
2025-06-20 07:00:00+00:00,0.55,0.55,0.6923425,0.78930944,0.16069634,0.04999423,GOOD,GOOD,
2025-06-20 08:00:00+00:00,0.535,0.535,0.6136339,0.9036992,0.05569817,0.040602602,GOOD,GOOD,
2025-06-20 09:00:00+00:00,0.54,0.5400000000000001,0.56786215,0.8565452,0.038119435,0.10533534,GOOD,GOOD,
2025-06-20 10:00:00+00:00,0.595,0.595,0.5613154,0.951842,0.036253907,0.011904089,GOOD,GOOD,
2025-06-20 11:00:00+00:00,0.47,0.47000000000000003,0.6007819,0.7922063,0.13872439,0.06906934,GOOD,GOOD,
2025-06-20 12:00:00+00:00,0.45499999999999996,0.455,0.5417343,0.92785597,0.03378444,0.03835959,GOOD,GOOD,
2025-06-20 13:00:00+00:00,0.585,0.5850000000000001,0.4936758,0.8110086,0.1468087,0.042182717,GOOD,GOOD,
2025-06-20 14:00:00+00:00,0.645,0.645,0.5626815,0.7397684,0.20452628,0.05570538,GOOD,GOOD,
2025-06-20 15:00:00+00:00,0.625,0.625,0.64850414,0.9731771,0.0123913735,0.014431531,GOOD,GOOD,
2025-06-20 16:00:00+00:00,0.7,0.7,0.6644572,0.94247437,0.043268777,0.014256875,GOOD,GOOD,
2025-06-20 17:00:00+00:00,0.625,0.625,0.7077245,0.95932305,0.023445206,0.017231777,GOOD,GOOD,
2025-06-20 18:00:00+00:00,0.61,0.6100000000000001,0.67738783,0.93239284,0.020619761,0.046987426,GOOD,GOOD,
2025-06-20 19:00:00+00:00,0.595,0.595,0.645593,0.8247684,0.03186441,0.14336714,GOOD,GOOD,
2025-06-20 20:00:00+00:00,0.565,0.5650000000000001,0.62607807,0.9575246,0.020613091,0.021862289,GOOD,GOOD,
2025-06-20 21:00:00+00:00,0.515,0.515,0.60191506,0.9489344,0.033849526,0.017216083,GOOD,GOOD,
2025-06-20 22:00:00+00:00,0.5700000000000001,0.5700000000000001,0.56029797,0.9629884,0.024681574,0.012330068,GOOD,GOOD,
2025-06-20 23:00:00+00:00,0.545,0.545,0.5779419,0.9764205,0.012507572,0.011071903,GOOD,GOOD,
2025-06-21 00:00:00+00:00,0.52,0.52,0.5785311,0.92350274,0.028133562,0.048363708,GOOD,GOOD,
2025-06-21 01:00:00+00:00,0.475,0.4750000000000001,0.55850726,0.95134467,0.031086443,0.017568877,GOOD,GOOD,
2025-06-21 02:00:00+00:00,0.495,0.4950000000000001,0.51968384,0.9709439,0.014821958,0.01423412,GOOD,GOOD,
2025-06-21 03:00:00+00:00,0.55,0.55,0.5154843,0.95039475,0.036387865,0.013217398,GOOD,GOOD,
2025-06-21 04:00:00+00:00,0.54,0.5400000000000001,0.5558736,0.96462274,0.013971632,0.021405613,GOOD,GOOD,
2025-06-21 05:00:00+00:00,0.5449999999999999,0.5449999999999999,0.5712414,0.8389211,0.021456325,0.13962252,GOOD,GOOD,
2025-06-21 06:00:00+00:00,0.48,0.48000000000000004,0.57443875,0.92991406,0.04390638,0.026179584,GOOD,GOOD,
2025-06-21 07:00:00+00:00,0.51,0.51,0.53255075,0.972622,0.014927411,0.012450607,GOOD,GOOD,
2025-06-21 08:00:00+00:00,0.515,0.515,0.5290393,0.8642779,0.028731585,0.1069905,GOOD,GOOD,
2025-06-21 09:00:00+00:00,0.55,0.55,0.53885895,0.97020155,0.019746576,0.010051859,GOOD,GOOD,
2025-06-21 10:00:00+00:00,0.5549999999999999,0.5549999999999999,0.56641126,0.90679324,0.020857764,0.07234898,GOOD,GOOD,
2025-06-21 11:00:00+00:00,0.5549999999999999,0.5549999999999999,0.58214426,0.7170955,0.023758208,0.2591463,GOOD,GOOD,
2025-06-21 12:00:00+00:00,0.48,0.48000000000000004,0.5850837,0.9121386,0.059007905,0.028853498,GOOD,GOOD,
2025-06-21 13:00:00+00:00,0.47,0.47000000000000003,0.53614694,0.9566386,0.021791907,0.021569502,GOOD,GOOD,
2025-06-21 14:00:00+00:00,0.52,0.52,0.503727,0.9588091,0.02843524,0.012755663,GOOD,GOOD,
2025-06-21 15:00:00+00:00,0.51,0.51,0.52760273,0.969968,0.014292581,0.015739389,GOOD,GOOD,
2025-06-21 16:00:00+00:00,0.47,0.47000000000000003,0.53979003,0.9601547,0.02222571,0.017619554,GOOD,GOOD,
2025-06-21 17:00:00+00:00,0.545,0.545,0.5153658,0.9379902,0.044390783,0.017619042,GOOD,GOOD,
2025-06-21 18:00:00+00:00,0.54,0.5400000000000001,0.54786223,0.9718362,0.014697033,0.013466773,GOOD,GOOD,
2025-06-21 19:00:00+00:00,0.475,0.4750000000000001,0.5674684,0.9220388,0.05036056,0.027600618,GOOD,GOOD,
2025-06-21 20:00:00+00:00,0.46749999999999997,0.4675,0.52941555,0.9647263,0.016258843,0.019014858,GOOD,GOOD,
2025-06-21 21:00:00+00:00,0.45999999999999996,0.4600000000000001,0.5012393,0.79449886,0.030897474,0.17460369,GOOD,GOOD,
2025-06-21 22:00:00+00:00,0.41500000000000004,0.41500000000000015,0.48927525,0.9405073,0.03514717,0.024345519,GOOD,GOOD,
2025-06-21 23:00:00+00:00,0.385,0.38500000000000006,0.4596788,0.9330061,0.03566996,0.031323954,GOOD,GOOD,
2025-06-22 00:00:00+00:00,0.4,0.40000000000000013,0.42653993,0.96261436,0.019007606,0.018378034,GOOD,GOOD,
2025-06-22 01:00:00+00:00,0.365,0.3650000000000001,0.42281,0.9397827,0.033016987,0.027200337,GOOD,GOOD,
2025-06-22 02:00:00+00:00,0.33999999999999997,0.3400000000000001,0.405791,0.9213207,0.03870259,0.039976764,GOOD,GOOD,
2025-06-22 03:00:00+00:00,0.37,0.37000000000000005,0.38077682,0.954136,0.023843441,0.02202056,GOOD,GOOD,
2025-06-22 04:00:00+00:00,0.325,0.32500000000000007,0.38792858,0.9124076,0.047753565,0.039838858,GOOD,GOOD,
2025-06-22 05:00:00+00:00,0.345,0.34500000000000003,0.37026647,0.9544838,0.020320006,0.025196172,GOOD,GOOD,
2025-06-22 06:00:00+00:00,0.39,0.3900000000000001,0.36953637,0.9521142,0.032193813,0.01569195,GOOD,GOOD,
2025-06-22 07:00:00+00:00,0.37,0.37000000000000005,0.40079436,0.9707263,0.015033804,0.014239902,GOOD,GOOD,
2025-06-22 08:00:00+00:00,0.355,0.35500000000000004,0.406749,0.8803091,0.02533368,0.09435719,GOOD,GOOD,
2025-06-22 09:00:00+00:00,0.32,0.32000000000000006,0.3939863,0.95609844,0.024061307,0.01984024,GOOD,GOOD,
2025-06-22 10:00:00+00:00,0.29000000000000004,0.2900000000000001,0.3649,0.91664094,0.040291805,0.043067235,GOOD,GOOD,
2025-06-22 11:00:00+00:00,0.325,0.32500000000000007,0.33279246,0.9608004,0.022971755,0.016227862,GOOD,GOOD,
2025-06-22 12:00:00+00:00,0.34,0.34000000000000014,0.34063414,0.94146323,0.024039282,0.03449746,GOOD,GOOD,
2025-06-22 13:00:00+00:00,0.3125,0.31250000000000006,0.36117253,0.9599963,0.019766616,0.020237098,GOOD,GOOD,
2025-06-22 14:00:00+00:00,0.28500000000000003,0.2850000000000001,0.35413402,0.87572,0.048951983,0.07532797,GOOD,GOOD,
2025-06-22 15:00:00+00:00,0.26,0.26000000000000006,0.3289321,0.86636543,0.05524546,0.07838914,GOOD,GOOD,
2025-06-22 16:00:00+00:00,0.33499999999999996,0.335,0.30112246,0.891491,0.07558546,0.03292352,GOOD,GOOD,
2025-06-22 17:00:00+00:00,0.31000000000000005,0.5255726260507805,0.33438227,0.35086203,0.46049193,0.18864603,SUSPECT,SUSPECT,F_burst_noise
2025-06-22 18:00:00+00:00,0.315,0.3511048082991912,0.47926942,0.61063606,0.20596886,0.1833951,SUSPECT,GOOD,F_burst_noise
2025-06-22 19:00:00+00:00,0.33,0.30659034368490873,0.4453599,0.71285164,0.18164878,0.105499595,SUSPECT,GOOD,F_burst_noise
2025-06-22 20:00:00+00:00,0.29500000000000004,0.3769311101748647,0.36889678,0.9303034,0.044583227,0.025113394,SUSPECT,GOOD,F_burst_noise
2025-06-22 21:00:00+00:00,0.305,0.02,0.3776019,0.13411498,0.22755282,0.6383322,SUSPECT,SUSPECT,F_burst_noise
2025-06-22 22:00:00+00:00,0.28,0.22904990855754537,0.19280227,0.54534394,0.25517288,0.19948319,SUSPECT,GOOD,F_burst_noise
2025-06-22 23:00:00+00:00,0.28500000000000003,0.2850000000000001,0.18993816,0.44569767,0.41407314,0.14022918,GOOD,GOOD,
2025-06-23 00:00:00+00:00,0.325,0.32500000000000007,0.26890734,0.7202544,0.19227895,0.08746663,GOOD,GOOD,
2025-06-23 01:00:00+00:00,0.29000000000000004,0.2900000000000001,0.33767083,0.9598311,0.022670293,0.01749857,GOOD,GOOD,
2025-06-23 02:00:00+00:00,0.255,0.255,0.33926654,0.9202421,0.038757738,0.041000213,GOOD,GOOD,
2025-06-23 03:00:00+00:00,0.21000000000000002,0.21000000000000002,0.30564225,0.9010065,0.06816504,0.030828448,GOOD,GOOD,
2025-06-23 04:00:00+00:00,0.29000000000000004,0.2900000000000001,0.26054823,0.8823913,0.078743845,0.038864903,GOOD,GOOD,
2025-06-23 05:00:00+00:00,0.255,0.255,0.28733304,0.9612948,0.021550031,0.017155195,GOOD,GOOD,
2025-06-23 06:00:00+00:00,0.3,0.30000000000000004,0.29383126,0.9568053,0.02655124,0.01664347,GOOD,GOOD,
2025-06-23 07:00:00+00:00,0.31,0.31000000000000005,0.31637067,0.93547654,0.02145955,0.043063924,GOOD,GOOD,
2025-06-23 08:00:00+00:00,0.28,0.28000000000000014,0.33554825,0.9703052,0.014681103,0.015013697,GOOD,GOOD,
2025-06-23 09:00:00+00:00,0.27,0.2700000000000001,0.32404843,0.8639788,0.036949314,0.0990719,GOOD,GOOD,
2025-06-23 10:00:00+00:00,0.29,0.29000000000000004,0.30719978,0.9657003,0.017604796,0.016694883,GOOD,GOOD,
2025-06-23 11:00:00+00:00,0.28500000000000003,0.2850000000000001,0.3119915,0.8902174,0.02416554,0.085617006,GOOD,GOOD,
2025-06-23 12:00:00+00:00,0.3,0.30000000000000004,0.3156839,0.95020723,0.0190836,0.030709151,GOOD,GOOD,
2025-06-23 13:00:00+00:00,0.355,0.35500000000000004,0.32517368,0.9280338,0.049308512,0.022657655,GOOD,GOOD,
2025-06-23 14:00:00+00:00,0.295,0.29500000000000004,0.36333212,0.9589645,0.024904847,0.016130652,GOOD,GOOD,
2025-06-23 15:00:00+00:00,0.315,0.31500000000000006,0.3480337,0.97718406,0.012952262,0.009863689,GOOD,GOOD,
2025-06-23 16:00:00+00:00,0.245,0.24500000000000002,0.34215972,0.8900833,0.07468918,0.035227533,GOOD,GOOD,
2025-06-23 17:00:00+00:00,0.29,0.29000000000000004,0.30179006,0.9669547,0.020454375,0.0125909215,GOOD,GOOD,
2025-06-23 18:00:00+00:00,0.25,0.25,0.30455193,0.95864975,0.024585709,0.016764564,GOOD,GOOD,
2025-06-23 19:00:00+00:00,0.29000000000000004,0.2900000000000001,0.29225007,0.96361375,0.021791132,0.0145951165,GOOD,GOOD,
2025-06-23 20:00:00+00:00,0.27,0.2700000000000001,0.30630013,0.96944964,0.015590497,0.014959869,GOOD,GOOD,
2025-06-23 21:00:00+00:00,0.25,0.25,0.30630043,0.8691345,0.04268116,0.08818437,GOOD,GOOD,
2025-06-23 22:00:00+00:00,0.28,0.28000000000000014,0.29073066,0.96206254,0.022356374,0.0155810965,GOOD,GOOD,
2025-06-23 23:00:00+00:00,0.27,0.2700000000000001,0.2991971,0.9540706,0.020371918,0.025557473,GOOD,GOOD,
2025-06-24 00:00:00+00:00,0.305,0.3050000000000001,0.30242118,0.96314913,0.022840975,0.014009921,GOOD,GOOD,
2025-06-24 01:00:00+00:00,0.34,0.34000000000000014,0.32265338,0.92552674,0.043631297,0.030841965,GOOD,GOOD,
2025-06-24 02:00:00+00:00,0.28,0.28000000000000014,0.3556651,0.95148826,0.029511303,0.019000446,GOOD,GOOD,
2025-06-24 03:00:00+00:00,0.28,0.28000000000000014,0.3349118,0.9607342,0.01401253,0.025253281,GOOD,GOOD,
2025-06-24 04:00:00+00:00,0.215,0.215,0.31520793,0.82640636,0.11447299,0.059120677,GOOD,GOOD,
2025-06-24 05:00:00+00:00,0.265,0.26500000000000007,0.27090374,0.94531316,0.033886977,0.020799879,GOOD,GOOD,
2025-06-24 06:00:00+00:00,0.2,0.2,0.27659896,0.8238224,0.11091462,0.06526298,GOOD,GOOD,
2025-06-24 07:00:00+00:00,0.26,0.26000000000000006,0.25261736,0.9142106,0.054788228,0.03100113,GOOD,GOOD,
2025-06-24 08:00:00+00:00,0.255,0.255,0.26948848,0.9610564,0.019671038,0.019272551,GOOD,GOOD,
2025-06-24 09:00:00+00:00,0.235,0.235,0.28353748,0.9458203,0.024155304,0.030024428,GOOD,GOOD,
2025-06-24 10:00:00+00:00,0.25,0.25,0.27560502,0.9633939,0.0181572,0.018448858,GOOD,GOOD,
2025-06-24 11:00:00+00:00,0.275,0.2750000000000001,0.2764979,0.9531939,0.0233148,0.02349132,GOOD,GOOD,
2025-06-24 12:00:00+00:00,0.315,0.31500000000000006,0.2942462,0.94142115,0.038092054,0.02048682,GOOD,GOOD,
2025-06-24 13:00:00+00:00,0.33499999999999996,0.335,0.32871965,0.9291683,0.034653157,0.03617855,GOOD,GOOD,
2025-06-24 14:00:00+00:00,0.32,0.02,0.35766274,0.13558924,0.26529777,0.599113,BAD,BAD,G_missing_sentinel
2025-06-24 15:00:00+00:00,0.28500000000000003,0.2850000000000001,0.18623853,0.4471799,0.2976611,0.255159,GOOD,GOOD,
2025-06-24 16:00:00+00:00,0.255,0.255,0.22152527,0.86968565,0.08808209,0.042232253,GOOD,GOOD,
2025-06-24 17:00:00+00:00,0.245,0.24500000000000002,0.2730952,0.912991,0.027359465,0.05964957,GOOD,GOOD,
2025-06-24 18:00:00+00:00,0.305,0.3050000000000001,0.28459245,0.9197698,0.054035496,0.026194679,GOOD,GOOD,
2025-06-24 19:00:00+00:00,0.28500000000000003,0.2850000000000001,0.31568837,0.96873444,0.016819296,0.014446233,GOOD,GOOD,
2025-06-24 20:00:00+00:00,0.48,0.48000000000000004,0.321919,0.3942591,0.387356,0.2183849,GOOD,GOOD,
2025-06-24 21:00:00+00:00,0.445,0.44500000000000006,0.4378923,0.8421838,0.09722777,0.060588386,GOOD,GOOD,
2025-06-24 22:00:00+00:00,0.355,0.35500000000000004,0.48405996,0.85165083,0.10059914,0.04775001,GOOD,GOOD,
2025-06-24 23:00:00+00:00,0.345,0.34500000000000003,0.42831817,0.9337123,0.035175286,0.031112395,GOOD,GOOD,
2025-06-25 00:00:00+00:00,0.34,0.34000000000000014,0.38380688,0.8104749,0.029875632,0.1596495,GOOD,GOOD,
2025-06-25 01:00:00+00:00,0.355,0.35500000000000004,0.3681099,0.94600755,0.021576254,0.032416213,GOOD,GOOD,
2025-06-25 02:00:00+00:00,0.375,0.3750000000000001,0.37651125,0.9404712,0.029406166,0.030122632,GOOD,GOOD,
2025-06-25 03:00:00+00:00,0.33,0.3300000000000001,0.39598057,0.9504873,0.029156966,0.020355722,GOOD,GOOD,
2025-06-25 04:00:00+00:00,0.305,0.3050000000000001,0.37763125,0.91269267,0.039796244,0.04751109,GOOD,GOOD,
2025-06-25 05:00:00+00:00,0.29500000000000004,0.2950000000000001,0.3476463,0.818557,0.042438883,0.13900408,GOOD,GOOD,
2025-06-25 06:00:00+00:00,0.28500000000000003,0.2850000000000001,0.32850346,0.76375806,0.045582905,0.19065906,GOOD,GOOD,
2025-06-25 07:00:00+00:00,0.27,0.2700000000000001,0.31750962,0.84901065,0.04484503,0.10614431,GOOD,GOOD,
2025-06-25 08:00:00+00:00,0.26,0.26000000000000006,0.30566275,0.82246614,0.036505453,0.1410284,GOOD,GOOD,
2025-06-25 09:00:00+00:00,0.345,0.34500000000000003,0.29460847,0.83378166,0.11719577,0.049022578,GOOD,GOOD,
2025-06-25 10:00:00+00:00,0.28500000000000003,0.2850000000000001,0.34094104,0.9122451,0.05600194,0.03175298,GOOD,GOOD,
2025-06-25 11:00:00+00:00,0.28,0.28000000000000014,0.33587405,0.9669423,0.014304094,0.018753588,GOOD,GOOD,
2025-06-25 12:00:00+00:00,0.26,0.26000000000000006,0.31847206,0.93343574,0.025046185,0.041518062,GOOD,GOOD,
2025-06-25 13:00:00+00:00,0.28,0.28000000000000014,0.2986625,0.97428,0.01401578,0.01170425,GOOD,GOOD,
2025-06-25 14:00:00+00:00,0.3,0.30000000000000004,0.30226013,0.9178049,0.030839927,0.051355183,GOOD,GOOD,
2025-06-25 15:00:00+00:00,0.275,0.2750000000000001,0.3206894,0.9664375,0.016617177,0.01694529,GOOD,GOOD,
2025-06-25 16:00:00+00:00,0.29000000000000004,0.2900000000000001,0.31566,0.9719239,0.014209091,0.013866997,GOOD,GOOD,
2025-06-25 17:00:00+00:00,0.295,0.29500000000000004,0.31709236,0.8641043,0.027528066,0.10836769,GOOD,GOOD,
2025-06-25 18:00:00+00:00,0.265,0.26500000000000007,0.3227005,0.94315994,0.030677281,0.026162807,GOOD,GOOD,
2025-06-25 19:00:00+00:00,0.33999999999999997,0.3400000000000001,0.30782157,0.88510716,0.07916553,0.035727344,GOOD,GOOD,
2025-06-25 20:00:00+00:00,0.36,0.36000000000000004,0.34206945,0.94819075,0.033075154,0.018734118,GOOD,GOOD,
2025-06-25 21:00:00+00:00,0.48,0.48000000000000004,0.37894937,0.70663536,0.21848717,0.07487745,GOOD,GOOD,
2025-06-25 22:00:00+00:00,0.44,0.4400000000000001,0.46681368,0.90429735,0.056964044,0.0387386,GOOD,GOOD,
2025-06-25 23:00:00+00:00,0.595,0.595,0.48465782,0.6107699,0.28592235,0.103307724,GOOD,GOOD,
2025-06-26 00:00:00+00:00,0.6499999999999999,0.6499999999999999,0.57562405,0.7432548,0.18102874,0.07571648,GOOD,GOOD,
2025-06-26 01:00:00+00:00,0.655,0.6550000000000001,0.6595299,0.86748695,0.08082642,0.051686645,GOOD,GOOD,
2025-06-26 02:00:00+00:00,0.8,0.8000000000000002,0.68746233,0.77226037,0.1582056,0.06953404,GOOD,GOOD,
2025-06-26 03:00:00+00:00,0.715,0.715,0.7863721,0.80008554,0.119248234,0.080666214,GOOD,GOOD,
2025-06-26 04:00:00+00:00,0.695,0.695,0.7697493,0.9278853,0.045995623,0.026119052,GOOD,GOOD,
2025-06-26 05:00:00+00:00,0.55,0.55,0.73250574,0.64836,0.24565096,0.105989,GOOD,GOOD,
2025-06-26 06:00:00+00:00,0.6799999999999999,0.68,0.62311727,0.8028656,0.13661821,0.060516145,GOOD,GOOD,
2025-06-26 07:00:00+00:00,0.7749999999999999,0.775,0.661688,0.69167864,0.24452779,0.06379357,GOOD,GOOD,
2025-06-26 08:00:00+00:00,0.6399999999999999,0.64,0.76454544,0.8297214,0.114003465,0.05627513,GOOD,GOOD,
2025-06-26 09:00:00+00:00,0.8200000000000001,0.8200000000000001,0.71228516,0.744424,0.20499186,0.050584186,GOOD,GOOD,
2025-06-26 10:00:00+00:00,0.835,0.8350000000000001,0.7936078,0.81198204,0.1376837,0.05033426,GOOD,GOOD,
2025-06-26 11:00:00+00:00,0.985,0.9850000000000001,0.8521628,0.79117274,0.1784258,0.030401489,GOOD,GOOD,
2025-06-26 12:00:00+00:00,1.115,1.1150000000000002,0.97175175,0.56880665,0.38240486,0.04878844,GOOD,GOOD,
2025-06-26 13:00:00+00:00,1.09,1.0900000000000003,1.1096458,0.9536478,0.03051081,0.015841374,GOOD,GOOD,
2025-06-26 14:00:00+00:00,1.02,1.02,1.1244196,0.9530808,0.03383474,0.0130844945,GOOD,GOOD,
2025-06-26 15:00:00+00:00,0.905,0.9050000000000001,1.0607512,0.92144513,0.061936338,0.01661856,GOOD,GOOD,
2025-06-26 16:00:00+00:00,0.75,0.7500000000000001,0.9541617,0.81324244,0.15313457,0.033623025,GOOD,GOOD,
2025-06-26 17:00:00+00:00,0.76,0.7600000000000001,0.81379527,0.9644639,0.023764394,0.011771722,GOOD,GOOD,
2025-06-26 18:00:00+00:00,0.8600000000000001,0.8600000000000002,0.7759144,0.8942729,0.09008479,0.01564231,GOOD,GOOD,
2025-06-26 19:00:00+00:00,0.9550000000000001,0.9550000000000002,0.8477687,0.7217168,0.24279884,0.035484344,GOOD,GOOD,
2025-06-26 20:00:00+00:00,0.64,0.6400000000000001,0.9508037,0.26064557,0.44150275,0.29785168,GOOD,SUSPECT,
2025-06-26 21:00:00+00:00,0.735,0.7350000000000001,0.7631504,0.9494539,0.035820756,0.014725338,GOOD,GOOD,
2025-06-26 22:00:00+00:00,0.88,0.8800000000000001,0.7319691,0.6539666,0.2960796,0.04995377,GOOD,GOOD,
2025-06-26 23:00:00+00:00,0.845,0.845,0.8490542,0.9701683,0.019275231,0.010556454,GOOD,GOOD,
2025-06-27 00:00:00+00:00,1.025,1.0250000000000001,0.88016814,0.7993671,0.17156373,0.029069195,GOOD,GOOD,
2025-06-27 01:00:00+00:00,0.905,0.9050000000000001,1.0041993,0.9410495,0.040936753,0.018013747,GOOD,GOOD,
2025-06-27 02:00:00+00:00,0.88,0.8800000000000001,0.9630713,0.93882495,0.031785537,0.029389504,GOOD,GOOD,
2025-06-27 03:00:00+00:00,0.77,0.77,0.9130773,0.93029284,0.051878583,0.017828602,GOOD,GOOD,
2025-06-27 04:00:00+00:00,0.625,0.625,0.823071,0.7251253,0.22066471,0.054210015,GOOD,GOOD,
2025-06-27 05:00:00+00:00,0.595,0.595,0.6944816,0.89926857,0.070094675,0.030636737,GOOD,GOOD,
2025-06-27 06:00:00+00:00,0.5800000000000001,0.5800000000000001,0.6285884,0.9236101,0.029027281,0.047362626,GOOD,GOOD,
2025-06-27 07:00:00+00:00,0.605,0.605,0.60634434,0.965949,0.019271629,0.014779361,GOOD,GOOD,
2025-06-27 08:00:00+00:00,0.5,0.5000000000000001,0.6207597,0.8046013,0.14770195,0.047696743,GOOD,GOOD,
2025-06-27 09:00:00+00:00,0.5,0.5000000000000001,0.5633283,0.85095036,0.052095197,0.09695443,GOOD,GOOD,
2025-06-27 10:00:00+00:00,0.65,0.65,0.5302736,0.73128676,0.22113723,0.047576036,GOOD,GOOD,
2025-06-27 11:00:00+00:00,0.685,0.6850000000000002,0.62089515,0.7705731,0.17428987,0.05513704,GOOD,GOOD,
2025-06-27 12:00:00+00:00,0.72,0.72,0.6977554,0.8860939,0.062163167,0.051742926,GOOD,GOOD,
2025-06-27 13:00:00+00:00,0.645,0.645,0.7415209,0.9473845,0.032564368,0.02005115,GOOD,GOOD,
2025-06-27 14:00:00+00:00,0.7050000000000001,0.7050000000000002,0.7000027,0.9670488,0.022342425,0.010608728,GOOD,GOOD,
2025-06-27 15:00:00+00:00,0.6799999999999999,0.68,0.714402,0.9731571,0.013766166,0.01307673,GOOD,GOOD,
2025-06-27 16:00:00+00:00,0.6200000000000001,0.6200000000000001,0.712553,0.95606,0.02916171,0.014778284,GOOD,GOOD,
2025-06-27 17:00:00+00:00,0.54,0.5400000000000001,0.66858536,0.90112245,0.07271116,0.026166374,GOOD,GOOD,
2025-06-27 18:00:00+00:00,0.51,0.51,0.5955642,0.9401446,0.035903238,0.023952175,GOOD,GOOD,
2025-06-27 19:00:00+00:00,0.535,0.535,0.5471617,0.97006243,0.016671026,0.013266538,GOOD,GOOD,
2025-06-27 20:00:00+00:00,0.635,0.6350000000000001,0.5504432,0.86761457,0.10969198,0.022693446,GOOD,GOOD,
2025-06-27 21:00:00+00:00,0.425,0.4250000000000001,0.6251625,0.39867282,0.36055383,0.24077338,GOOD,GOOD,
2025-06-27 22:00:00+00:00,0.45,0.4500000000000001,0.5274138,0.95754063,0.024128187,0.018331159,GOOD,GOOD,
2025-06-27 23:00:00+00:00,0.625,0.625,0.47764087,0.583859,0.3393399,0.076801054,GOOD,GOOD,
2025-06-28 00:00:00+00:00,0.595,0.595,0.58310956,0.96104956,0.024282431,0.014668014,GOOD,GOOD,
2025-06-28 01:00:00+00:00,0.615,0.6150000000000001,0.6289361,0.9626684,0.0154754,0.021856207,GOOD,GOOD,
2025-06-28 02:00:00+00:00,0.64,0.6400000000000001,0.6435531,0.9451866,0.020159023,0.03465438,GOOD,GOOD,
2025-06-28 03:00:00+00:00,0.61,0.6100000000000001,0.66093385,0.96829706,0.01420647,0.017496474,GOOD,GOOD,
2025-06-28 04:00:00+00:00,0.605,0.605,0.64809805,0.7906843,0.029519983,0.17979571,GOOD,GOOD,
2025-06-28 05:00:00+00:00,0.54,0.5400000000000001,0.6356574,0.9265993,0.05022842,0.02317225,BAD,GOOD,E_stuck
2025-06-28 06:00:00+00:00,0.535,0.5400000000000001,0.5897903,0.9189642,0.02592631,0.05510949,BAD,GOOD,E_stuck
2025-06-28 07:00:00+00:00,0.55,0.5400000000000001,0.5684045,0.6046592,0.038165156,0.35717568,BAD,GOOD,E_stuck
2025-06-28 08:00:00+00:00,0.585,0.5400000000000001,0.56557816,0.6040612,0.035823446,0.36011538,BAD,GOOD,E_stuck
2025-06-28 09:00:00+00:00,0.52,0.5400000000000001,0.5672344,0.5787146,0.046153624,0.3751318,BAD,GOOD,E_stuck
2025-06-28 10:00:00+00:00,0.45,0.5400000000000001,0.5681081,0.56761396,0.04897474,0.38341132,BAD,GOOD,E_stuck
2025-06-28 11:00:00+00:00,0.56,0.5600000000000002,0.5681401,0.9544878,0.021176515,0.024335684,GOOD,GOOD,
2025-06-28 12:00:00+00:00,0.535,0.535,0.5809439,0.94833887,0.023765948,0.027895164,GOOD,GOOD,
2025-06-28 13:00:00+00:00,0.56,0.5600000000000002,0.57163423,0.95627224,0.020317726,0.023410026,GOOD,GOOD,
2025-06-28 14:00:00+00:00,0.565,0.5650000000000001,0.5804555,0.8477304,0.033136226,0.11913339,GOOD,GOOD,
2025-06-28 15:00:00+00:00,0.58,0.58,0.59045684,0.9077457,0.029023796,0.06323051,GOOD,GOOD,
2025-06-28 16:00:00+00:00,0.7,0.7,0.6035578,0.8192332,0.1341539,0.04661291,GOOD,GOOD,
2025-06-28 17:00:00+00:00,0.6499999999999999,0.6499999999999999,0.688148,0.9215448,0.047115523,0.031339716,GOOD,GOOD,
2025-06-28 18:00:00+00:00,0.7,0.7,0.69440013,0.93993276,0.03813363,0.021933585,GOOD,GOOD,
2025-06-28 19:00:00+00:00,0.65,0.65,0.7158888,0.95750153,0.02520951,0.017288933,GOOD,GOOD,
2025-06-28 20:00:00+00:00,0.685,0.6850000000000002,0.69285095,0.9630424,0.022290742,0.014666849,GOOD,GOOD,
2025-06-28 21:00:00+00:00,0.76,0.7600000000000001,0.7017132,0.9221829,0.058852434,0.018964676,GOOD,GOOD,
2025-06-28 22:00:00+00:00,0.74,0.74,0.7613165,0.95998156,0.022307526,0.01771089,GOOD,GOOD,
2025-06-28 23:00:00+00:00,0.735,0.7350000000000001,0.7733729,0.8706006,0.028681614,0.100717805,GOOD,GOOD,
2025-06-29 00:00:00+00:00,0.69,0.6900000000000001,0.7654208,0.9589084,0.025722634,0.015368997,GOOD,GOOD,
2025-06-29 01:00:00+00:00,0.6950000000000001,0.6950000000000001,0.7300156,0.9671679,0.015077116,0.017754992,GOOD,GOOD,
2025-06-29 02:00:00+00:00,0.62,0.62,0.71851903,0.9370396,0.043759007,0.019201402,GOOD,GOOD,
2025-06-29 03:00:00+00:00,0.635,0.6350000000000001,0.66892093,0.9681637,0.016731095,0.015105183,GOOD,GOOD,
2025-06-29 04:00:00+00:00,0.66,0.6600000000000001,0.65637887,0.956897,0.021851145,0.021251818,GOOD,GOOD,
2025-06-29 05:00:00+00:00,0.575,0.575,0.6752569,0.93185383,0.044868406,0.023277778,GOOD,GOOD,
2025-06-29 06:00:00+00:00,0.565,0.5650000000000001,0.6300437,0.9699868,0.014649201,0.01536401,GOOD,GOOD,
2025-06-29 07:00:00+00:00,0.54,0.5400000000000001,0.597549,0.96848226,0.015508214,0.016009508,GOOD,GOOD,
2025-06-29 08:00:00+00:00,0.78,0.7800000000000001,0.5735158,0.30103087,0.48450202,0.21446711,GOOD,SUSPECT,
2025-06-29 09:00:00+00:00,0.685,0.6850000000000002,0.7258964,0.90733135,0.057166625,0.035502005,GOOD,GOOD,
2025-06-29 10:00:00+00:00,0.53,0.53,0.741084,0.68883693,0.2259738,0.08518931,GOOD,GOOD,
2025-06-29 11:00:00+00:00,0.655,0.6550000000000001,0.6190949,0.8958774,0.07625449,0.027868072,GOOD,GOOD,
2025-06-29 12:00:00+00:00,0.62,0.62,0.64048284,0.97377455,0.0152473375,0.010978102,GOOD,GOOD,
2025-06-29 13:00:00+00:00,0.59,0.5900000000000001,0.6510669,0.94628,0.023097215,0.0306228,GOOD,GOOD,
2025-06-29 14:00:00+00:00,0.555,0.555,0.6306743,0.95287144,0.026077041,0.021051547,GOOD,GOOD,
2025-06-29 15:00:00+00:00,0.6,0.6,0.59597635,0.9674487,0.0208168,0.011734487,GOOD,GOOD,
2025-06-29 16:00:00+00:00,0.63,0.63,0.611315,0.9238161,0.044860255,0.031323645,GOOD,GOOD,
2025-06-29 17:00:00+00:00,0.63,0.63,0.6450886,0.8405336,0.024848647,0.13461776,GOOD,GOOD,
2025-06-29 18:00:00+00:00,0.575,0.575,0.65851504,0.9557226,0.027950758,0.016326647,GOOD,GOOD,
2025-06-29 19:00:00+00:00,0.46499999999999997,0.465,0.62311953,0.7674267,0.17434172,0.05823155,GOOD,GOOD,
2025-06-29 20:00:00+00:00,0.46,0.46000000000000013,0.5333277,0.93618,0.032058723,0.031761296,GOOD,GOOD,
2025-06-29 21:00:00+00:00,0.5549999999999999,0.5549999999999999,0.49003544,0.8857883,0.085580245,0.028631449,GOOD,GOOD,
2025-06-29 22:00:00+00:00,0.55,0.55,0.54376566,0.96219563,0.021425111,0.016379232,GOOD,GOOD,
2025-06-29 23:00:00+00:00,0.545,0.545,0.57674867,0.78542775,0.026751345,0.18782093,GOOD,GOOD,
2025-06-30 00:00:00+00:00,0.5349999999999999,0.5349999999999999,0.579039,0.8525491,0.02353591,0.12391505,GOOD,GOOD,
2025-06-30 01:00:00+00:00,0.5700000000000001,0.5700000000000001,0.56844884,0.9744385,0.015518281,0.01004322,GOOD,GOOD,
2025-06-30 02:00:00+00:00,0.59,0.5900000000000001,0.5858011,0.92385393,0.031492926,0.044653155,GOOD,GOOD,
2025-06-30 03:00:00+00:00,0.655,0.02,0.61017954,0.056162298,0.11270915,0.83112854,BAD,BAD,G_missing_sentinel
2025-06-30 04:00:00+00:00,0.635,0.6350000000000001,0.27849966,0.24104059,0.22400256,0.5349569,GOOD,GOOD,
2025-06-30 05:00:00+00:00,0.61,0.6100000000000001,0.44659325,0.09113604,0.67790794,0.230956,GOOD,SUSPECT,
2025-06-30 06:00:00+00:00,0.575,0.575,0.61279225,0.9681727,0.015211582,0.016615666,GOOD,GOOD,
2025-06-30 07:00:00+00:00,0.48,0.48000000000000004,0.63124233,0.81834185,0.12766944,0.053988725,GOOD,GOOD,
2025-06-30 08:00:00+00:00,0.51,0.51,0.5513026,0.96655715,0.01780624,0.015636608,GOOD,GOOD,
2025-06-30 09:00:00+00:00,0.615,0.6150000000000001,0.5286058,0.8392681,0.12367351,0.037058428,GOOD,GOOD,
2025-06-30 10:00:00+00:00,0.62,0.62,0.6009062,0.9459671,0.03483124,0.019201696,GOOD,GOOD,
2025-06-30 11:00:00+00:00,0.585,0.5850000000000001,0.64526474,0.97384375,0.012618664,0.013537596,GOOD,GOOD,
2025-06-30 12:00:00+00:00,0.585,0.5850000000000001,0.63001424,0.8973767,0.01663176,0.08599152,GOOD,GOOD,
2025-06-30 13:00:00+00:00,0.52,0.52,0.61532444,0.93388486,0.042409264,0.023705894,GOOD,GOOD,
2025-06-30 14:00:00+00:00,0.52,0.52,0.5694335,0.9683415,0.013310066,0.018348385,GOOD,GOOD,
2025-06-30 15:00:00+00:00,0.54,0.5400000000000001,0.5482073,0.96138835,0.021820175,0.016791468,GOOD,GOOD,
2025-06-30 16:00:00+00:00,0.525,0.525,0.55831325,0.9656836,0.016176352,0.01814008,GOOD,GOOD,
2025-06-30 17:00:00+00:00,0.545,0.545,0.5572371,0.96719897,0.01593471,0.016866334,GOOD,GOOD,
2025-06-30 18:00:00+00:00,0.5549999999999999,0.5549999999999999,0.56699836,0.8616953,0.030549109,0.10775563,GOOD,GOOD,
2025-06-30 19:00:00+00:00,0.44,0.4400000000000001,0.5790064,0.7198922,0.19972986,0.08037793,GOOD,GOOD,
2025-06-30 20:00:00+00:00,0.41000000000000003,0.4100000000000001,0.51043427,0.7702252,0.13855392,0.091220856,GOOD,GOOD,
2025-06-30 21:00:00+00:00,0.375,0.3750000000000001,0.45316103,0.89734125,0.05615804,0.046500716,GOOD,GOOD,
2025-06-30 22:00:00+00:00,0.42,0.42000000000000004,0.41400304,0.9346614,0.039245818,0.02609279,GOOD,GOOD,
2025-06-30 23:00:00+00:00,0.425,0.4250000000000001,0.42983258,0.9360134,0.026911143,0.037075456,GOOD,GOOD,
2025-07-01 00:00:00+00:00,0.47,0.47000000000000003,0.44930708,0.9565702,0.029084079,0.014345713,GOOD,GOOD,
2025-07-01 01:00:00+00:00,0.435,0.4350000000000001,0.48398387,0.96774936,0.017204644,0.015045971,GOOD,GOOD,
2025-07-01 02:00:00+00:00,0.43,0.43000000000000005,0.4778002,0.92156225,0.01808255,0.060355194,GOOD,GOOD,
2025-07-01 03:00:00+00:00,0.43,0.43000000000000005,0.46441546,0.7371323,0.02575544,0.23711228,GOOD,GOOD,
2025-07-01 04:00:00+00:00,0.425,0.4250000000000001,0.4591267,0.8084927,0.025761819,0.16574545,GOOD,GOOD,
2025-07-01 05:00:00+00:00,0.485,0.4850000000000001,0.4558227,0.9456954,0.038492974,0.015811654,GOOD,GOOD,
2025-07-01 06:00:00+00:00,0.45999999999999996,0.4600000000000001,0.4923349,0.97275645,0.013920591,0.013322972,GOOD,GOOD,
2025-07-01 07:00:00+00:00,0.46499999999999997,0.465,0.49750707,0.93776697,0.0147730615,0.04745999,GOOD,GOOD,
2025-07-01 08:00:00+00:00,0.44999999999999996,0.45000000000000007,0.49564716,0.9434134,0.016772347,0.03981428,GOOD,GOOD,
2025-07-01 09:00:00+00:00,0.405,0.4050000000000001,0.48491603,0.9501525,0.030092118,0.019755362,GOOD,GOOD,
2025-07-01 10:00:00+00:00,0.505,0.505,0.45149407,0.8615043,0.10182209,0.03667361,GOOD,GOOD,
2025-07-01 11:00:00+00:00,0.49,0.4900000000000001,0.49750745,0.9623757,0.020941788,0.016682519,GOOD,GOOD,
2025-07-01 12:00:00+00:00,0.49,0.4900000000000001,0.5205671,0.858054,0.021100268,0.120845765,GOOD,GOOD,
2025-07-01 13:00:00+00:00,0.52,0.52,0.5226314,0.9692102,0.017484179,0.013305635,GOOD,GOOD,
2025-07-01 14:00:00+00:00,0.53,0.53,0.53912634,0.9503208,0.020335225,0.02934398,GOOD,GOOD,
2025-07-01 15:00:00+00:00,0.495,0.4950000000000001,0.55454296,0.964046,0.01935406,0.01659994,BAD,GOOD,E_stuck
2025-07-01 16:00:00+00:00,0.56,0.4950000000000001,0.53713614,0.9460933,0.017382076,0.036524605,BAD,GOOD,E_stuck
2025-07-01 17:00:00+00:00,0.59,0.4950000000000001,0.52514017,0.62613475,0.03439821,0.33946702,BAD,GOOD,E_stuck
2025-07-01 18:00:00+00:00,0.565,0.4950000000000001,0.522488,0.6101991,0.037056703,0.35274422,BAD,GOOD,E_stuck
2025-07-01 19:00:00+00:00,0.595,0.4950000000000001,0.5231098,0.5920039,0.03930569,0.36869043,BAD,GOOD,E_stuck
2025-07-01 20:00:00+00:00,0.565,0.4950000000000001,0.5236928,0.567889,0.041943718,0.39016727,BAD,GOOD,E_stuck
2025-07-01 21:00:00+00:00,0.45999999999999996,0.4950000000000001,0.52379715,0.54380643,0.046422977,0.40977058,BAD,GOOD,E_stuck
2025-07-01 22:00:00+00:00,0.485,0.4950000000000001,0.523749,0.4987352,0.04393419,0.4573306,BAD,GOOD,E_stuck
2025-07-01 23:00:00+00:00,0.505,0.4950000000000001,0.5237374,0.47694427,0.04383395,0.4792218,BAD,GOOD,E_stuck
2025-07-02 00:00:00+00:00,0.47,0.4950000000000001,0.5237761,0.46175492,0.04425574,0.49398935,BAD,GOOD,E_stuck
2025-07-02 01:00:00+00:00,0.485,0.4950000000000001,0.52383137,0.43636346,0.043892097,0.51974446,BAD,GOOD,E_stuck
2025-07-02 02:00:00+00:00,0.45,0.4950000000000001,0.5238807,0.42647326,0.04431441,0.52921236,BAD,GOOD,E_stuck
2025-07-02 03:00:00+00:00,0.415,0.4150000000000001,0.52391696,0.53856075,0.25566903,0.20577021,GOOD,GOOD,
2025-07-02 04:00:00+00:00,0.435,0.4350000000000001,0.4738106,0.55928767,0.24070162,0.20001073,GOOD,GOOD,
2025-07-02 05:00:00+00:00,0.48,0.48000000000000004,0.45862073,0.9179166,0.05173999,0.030343413,GOOD,GOOD,
2025-07-02 06:00:00+00:00,0.525,0.525,0.488781,0.7984669,0.11720995,0.08432314,GOOD,GOOD,
2025-07-02 07:00:00+00:00,0.5,0.5000000000000001,0.53631854,0.95589584,0.024718443,0.0193857,GOOD,GOOD,
2025-07-02 08:00:00+00:00,0.48,0.48000000000000004,0.53949827,0.9330841,0.031769775,0.035146154,GOOD,GOOD,
2025-07-02 09:00:00+00:00,0.405,0.4050000000000001,0.5195246,0.53856075,0.25566903,0.20577021,GOOD,GOOD,
2025-07-02 10:00:00+00:00,0.38,0.38000000000000006,0.4623634,0.53856075,0.25566903,0.20577021,GOOD,GOOD,
2025-07-02 11:00:00+00:00,0.45,0.4500000000000001,0.41958818,0.53856075,0.25566903,0.20577021,GOOD,GOOD,
2025-07-02 12:00:00+00:00,0.42,0.42000000000000004,0.45001367,0.53856075,0.25566903,0.20577021,GOOD,GOOD,
2025-07-02 13:00:00+00:00,0.41,0.41000000000000003,0.4567288,0.53856075,0.25566903,0.20577021,GOOD,GOOD,
2025-07-02 14:00:00+00:00,0.44,0.4400000000000001,0.44659102,0.55643654,0.24200965,0.20155378,GOOD,GOOD,
2025-07-02 15:00:00+00:00,0.42,0.42000000000000004,0.45869872,0.53856075,0.25566903,0.20577021,GOOD,GOOD,
2025-07-02 16:00:00+00:00,0.42,0.42000000000000004,0.45554882,0.9278381,0.04005958,0.032102317,GOOD,GOOD,
2025-07-02 17:00:00+00:00,0.41,0.41000000000000003,0.4509549,0.92924005,0.038478825,0.032281145,GOOD,GOOD,
2025-07-02 18:00:00+00:00,0.435,0.4350000000000001,0.44317648,0.9583866,0.022484208,0.019129207,GOOD,GOOD,
2025-07-02 19:00:00+00:00,0.47,0.47000000000000003,0.455186,0.9684347,0.020822879,0.010742416,GOOD,GOOD,
2025-07-02 20:00:00+00:00,0.46499999999999997,0.465,0.48550734,0.97460467,0.012631454,0.012763858,GOOD,GOOD,
2025-07-02 21:00:00+00:00,0.51,0.51,0.4965297,0.9568459,0.028406935,0.01474718,GOOD,GOOD,
2025-07-02 22:00:00+00:00,0.41000000000000003,0.4100000000000001,0.5249609,0.83302796,0.10850333,0.058468726,GOOD,GOOD,
2025-07-02 23:00:00+00:00,0.41500000000000004,0.41500000000000015,0.47597986,0.9731255,0.014011828,0.0128626395,GOOD,GOOD,
2025-07-03 00:00:00+00:00,0.395,0.3950000000000001,0.44659778,0.9756893,0.012963976,0.011346761,GOOD,GOOD,
2025-07-03 01:00:00+00:00,0.41000000000000003,0.4100000000000001,0.4285926,0.97531223,0.013007505,0.01168024,GOOD,GOOD,
2025-07-03 02:00:00+00:00,0.45,0.4500000000000001,0.4327111,0.9613249,0.025848262,0.0128268935,GOOD,GOOD,
2025-07-03 03:00:00+00:00,0.515,0.515,0.46308497,0.9157038,0.06113343,0.023162814,GOOD,GOOD,
2025-07-03 04:00:00+00:00,0.635,0.6350000000000001,0.5200011,0.73532224,0.19579752,0.06888021,GOOD,GOOD,
2025-07-03 05:00:00+00:00,0.8700000000000001,0.8700000000000002,0.6230972,0.31363165,0.47940844,0.20695992,GOOD,SUSPECT,
2025-07-03 06:00:00+00:00,0.76,0.7600000000000001,0.8276896,0.61183643,0.22629222,0.16187137,GOOD,GOOD,
2025-07-03 07:00:00+00:00,0.765,0.765,0.82794327,0.88534683,0.07105247,0.04360072,GOOD,GOOD,
2025-07-03 08:00:00+00:00,0.705,0.7050000000000001,0.799085,0.90891314,0.06054258,0.030544268,GOOD,GOOD,
2025-07-03 09:00:00+00:00,0.71,0.7100000000000001,0.7479444,0.9270064,0.04262553,0.030368045,GOOD,GOOD,
2025-07-03 10:00:00+00:00,0.66,0.6600000000000001,0.7330109,0.9302568,0.046341676,0.02340153,GOOD,GOOD,
2025-07-03 11:00:00+00:00,0.655,0.6550000000000001,0.70012176,0.9480195,0.024698026,0.027282443,GOOD,GOOD,
2025-07-03 12:00:00+00:00,0.6950000000000001,0.6950000000000001,0.6827287,0.95098263,0.03253361,0.01648378,GOOD,GOOD,
2025-07-03 13:00:00+00:00,0.78,0.7800000000000001,0.706183,0.90058964,0.078674965,0.02073539,GOOD,GOOD,
2025-07-03 14:00:00+00:00,0.745,0.745,0.77775383,0.9419829,0.03463637,0.023380676,GOOD,GOOD,
2025-07-03 15:00:00+00:00,0.615,0.6150000000000001,0.782385,0.80987585,0.13978586,0.05033828,GOOD,GOOD,
2025-07-03 16:00:00+00:00,0.655,0.6550000000000001,0.68591094,0.96462786,0.022153636,0.013218507,GOOD,GOOD,
2025-07-03 17:00:00+00:00,0.69,0.6900000000000001,0.66747296,0.92967033,0.044922385,0.02540729,GOOD,GOOD,
2025-07-03 18:00:00+00:00,0.665,0.6650000000000001,0.69889045,0.97866845,0.011115406,0.010216153,GOOD,GOOD,
2025-07-03 19:00:00+00:00,0.76,0.7600000000000001,0.69930464,0.9185285,0.064637184,0.01683432,GOOD,GOOD,
2025-07-03 20:00:00+00:00,0.765,0.765,0.75788206,0.9595831,0.02132166,0.019095222,GOOD,GOOD,
2025-07-03 21:00:00+00:00,0.715,0.715,0.78929037,0.96932846,0.018012205,0.012659323,GOOD,GOOD,
2025-07-03 22:00:00+00:00,0.7,0.07,0.7596578,0.03535849,0.12834978,0.83629173,BAD,BAD,B_mult
2025-07-03 23:00:00+00:00,0.755,0.7550000000000001,0.34704474,0.17430711,0.19298075,0.6327121,GOOD,SUSPECT,
2025-07-04 00:00:00+00:00,0.7,0.7,0.5439991,0.12581968,0.6507525,0.22342786,GOOD,SUSPECT,
2025-07-04 01:00:00+00:00,0.78,0.7800000000000001,0.7120168,0.87757754,0.10175696,0.020665491,GOOD,GOOD,
2025-07-04 02:00:00+00:00,0.785,0.7850000000000001,0.7993209,0.96433187,0.016244322,0.019423801,GOOD,GOOD,
2025-07-04 03:00:00+00:00,0.78,0.7800000000000001,0.81682134,0.87334824,0.024876544,0.10177524,GOOD,GOOD,
2025-07-04 04:00:00+00:00,0.745,0.745,0.8097582,0.96102357,0.024597112,0.014379293,GOOD,GOOD,
2025-07-04 05:00:00+00:00,0.66,0.6600000000000001,0.78147876,0.91887236,0.058634724,0.022492927,GOOD,GOOD,
2025-07-04 06:00:00+00:00,0.695,0.695,0.7129502,0.96938753,0.018103309,0.012509159,GOOD,GOOD,
2025-07-04 07:00:00+00:00,0.7,0.7,0.7090978,0.87540203,0.028989064,0.09560889,GOOD,GOOD,
2025-07-04 08:00:00+00:00,0.78,0.7800000000000001,0.72150165,0.9336145,0.052285086,0.014100424,GOOD,GOOD,
2025-07-04 09:00:00+00:00,0.835,0.8350000000000001,0.781311,0.89148694,0.08520311,0.023309931,GOOD,GOOD,
2025-07-04 10:00:00+00:00,0.765,0.765,0.8446362,0.95188856,0.034162413,0.013949013,GOOD,GOOD,
2025-07-04 11:00:00+00:00,0.73,0.7300000000000001,0.8139718,0.9608668,0.024725888,0.014407335,GOOD,GOOD,
2025-07-04 12:00:00+00:00,0.69,0.6900000000000001,0.76761407,0.95344055,0.02966413,0.016895304,GOOD,GOOD,
2025-07-04 13:00:00+00:00,0.7050000000000001,0.7050000000000002,0.7254853,0.9719856,0.01541313,0.012601298,GOOD,GOOD,
2025-07-04 14:00:00+00:00,0.755,0.7550000000000001,0.7234077,0.9573684,0.032422476,0.0102091795,GOOD,GOOD,
2025-07-04 15:00:00+00:00,0.835,0.8350000000000001,0.76284933,0.8933332,0.08770753,0.018959297,GOOD,GOOD,
2025-07-04 16:00:00+00:00,0.835,0.8350000000000001,0.8362382,0.9595851,0.0199288,0.020486156,GOOD,GOOD,
2025-07-04 17:00:00+00:00,0.79,0.79,0.8621673,0.95960814,0.0238151,0.01657674,GOOD,GOOD,
2025-07-04 18:00:00+00:00,0.8,0.8000000000000002,0.83088696,0.9650312,0.016779799,0.018188987,GOOD,GOOD,
2025-07-04 19:00:00+00:00,0.835,0.8350000000000001,0.82146865,0.9583946,0.030007735,0.011597661,GOOD,GOOD,
2025-07-04 20:00:00+00:00,0.87,0.8700000000000001,0.84716475,0.89515436,0.06954613,0.035299517,GOOD,GOOD,
2025-07-04 21:00:00+00:00,0.8049999999999999,0.805,0.8841567,0.95589757,0.0265116,0.017590815,GOOD,GOOD,
2025-07-04 22:00:00+00:00,0.765,0.765,0.84984833,0.9692348,0.019043688,0.011721467,GOOD,GOOD,
2025-07-04 23:00:00+00:00,0.7,0.7,0.80238575,0.9431675,0.04098794,0.015844563,GOOD,GOOD,
2025-07-05 00:00:00+00:00,0.625,0.625,0.74296033,0.90877974,0.06891519,0.022305092,GOOD,GOOD,
2025-07-05 01:00:00+00:00,0.56,0.5600000000000002,0.6730833,0.89673775,0.07657951,0.02668275,GOOD,GOOD,
2025-07-05 02:00:00+00:00,0.51,0.51,0.60648763,0.9136869,0.06053255,0.025780577,GOOD,GOOD,
2025-07-05 03:00:00+00:00,0.52,0.52,0.5523355,0.95816183,0.020999946,0.020838222,GOOD,GOOD,
2025-07-05 04:00:00+00:00,0.64,0.6400000000000001,0.5413978,0.75902665,0.18950078,0.051472597,GOOD,GOOD,
2025-07-05 05:00:00+00:00,0.625,0.625,0.62243915,0.951339,0.028117603,0.02054341,GOOD,GOOD,
2025-07-05 06:00:00+00:00,0.635,0.6350000000000001,0.65603316,0.9489082,0.018532753,0.032559007,GOOD,GOOD,
2025-07-05 07:00:00+00:00,0.75,0.7500000000000001,0.66392344,0.84917355,0.11918887,0.031637553,GOOD,GOOD,
2025-07-05 08:00:00+00:00,0.9450000000000001,0.9450000000000002,0.740669,0.4484151,0.4401454,0.1114395,GOOD,GOOD,
2025-07-05 09:00:00+00:00,1.06,1.0600000000000003,0.9146866,0.47435403,0.43990892,0.08573705,GOOD,GOOD,
2025-07-05 10:00:00+00:00,1.275,1.2750000000000001,1.0626632,0.45066458,0.48427865,0.06505676,GOOD,SUSPECT,
2025-07-05 11:00:00+00:00,1.32,1.3200000000000003,1.2597784,0.59883636,0.33857408,0.06258954,GOOD,GOOD,
2025-07-05 12:00:00+00:00,1.44,1.4400000000000002,1.3414813,0.6034106,0.36616108,0.030428289,GOOD,GOOD,
2025-07-05 13:00:00+00:00,1.385,1.3850000000000002,1.4410406,0.8490361,0.11917885,0.031785086,GOOD,GOOD,
2025-07-05 14:00:00+00:00,1.3050000000000002,1.3050000000000004,1.4121398,0.9123195,0.07272816,0.014952353,GOOD,GOOD,
2025-07-05 15:00:00+00:00,1.34,1.3400000000000003,1.3315794,0.9147047,0.07019705,0.015098251,GOOD,GOOD,
2025-07-05 16:00:00+00:00,1.355,1.3550000000000002,1.3416026,0.6338027,0.22615841,0.14003888,GOOD,GOOD,
2025-07-05 17:00:00+00:00,1.37,1.3700000000000003,1.3619937,0.5466765,0.24327166,0.21005183,GOOD,GOOD,
2025-07-05 18:00:00+00:00,1.275,1.2750000000000001,1.3768119,0.9060079,0.07556106,0.018431023,GOOD,GOOD,
2025-07-05 19:00:00+00:00,1.36,1.3600000000000003,1.3014672,0.8472496,0.134647,0.01810336,GOOD,GOOD,
2025-07-05 20:00:00+00:00,1.45,1.4500000000000002,1.3482116,0.3168093,0.62981975,0.053370945,GOOD,SUSPECT,
2025-07-05 21:00:00+00:00,1.54,1.5400000000000003,1.4404864,0.1431725,0.8047913,0.05203622,GOOD,SUSPECT,
2025-07-05 22:00:00+00:00,1.52,1.5200000000000002,1.5335226,0.81313425,0.15233389,0.03453186,GOOD,GOOD,
2025-07-05 23:00:00+00:00,1.5699999999999998,1.57,1.5290169,0.37508053,0.5718702,0.05304929,GOOD,SUSPECT,
2025-07-06 00:00:00+00:00,1.5350000000000001,1.5350000000000004,1.5641664,0.77241373,0.1806244,0.046961892,GOOD,GOOD,
2025-07-06 01:00:00+00:00,1.4049999999999998,1.405,1.5426646,0.84323573,0.13234727,0.024417015,GOOD,GOOD,
2025-07-06 02:00:00+00:00,1.355,1.3550000000000002,1.4293742,0.93428355,0.050276216,0.015440228,GOOD,GOOD,
2025-07-06 03:00:00+00:00,1.205,1.2050000000000003,1.3665361,0.92067325,0.06676705,0.012559706,GOOD,GOOD,
2025-07-06 04:00:00+00:00,1.495,1.4950000000000003,1.2416618,0.33895016,0.58811545,0.07293436,GOOD,SUSPECT,
2025-07-06 05:00:00+00:00,1.625,1.6250000000000004,1.4448211,0.038493335,0.8952417,0.066264965,GOOD,SUSPECT,
2025-07-06 06:00:00+00:00,1.49,1.4900000000000002,1.6165932,0.7361636,0.2173374,0.046498988,GOOD,GOOD,
2025-07-06 07:00:00+00:00,1.46,1.4600000000000002,1.5191485,0.81547636,0.13803017,0.046493478,GOOD,GOOD,
2025-07-06 08:00:00+00:00,1.46,1.4600000000000002,1.4637552,0.37647903,0.18613458,0.4373864,GOOD,GOOD,
2025-07-06 09:00:00+00:00,1.44,1.4400000000000002,1.4606256,0.76043534,0.13700514,0.102559485,GOOD,GOOD,
2025-07-06 10:00:00+00:00,1.55,1.5500000000000005,1.4488761,0.3878932,0.5669633,0.045143496,GOOD,SUSPECT,
2025-07-06 11:00:00+00:00,1.51,1.5100000000000002,1.5377083,0.81399643,0.147935,0.038068578,GOOD,GOOD,
2025-07-06 12:00:00+00:00,1.47,1.4700000000000002,1.5227032,0.77459973,0.17078288,0.05461738,GOOD,GOOD,
2025-07-06 13:00:00+00:00,1.275,1.2750000000000001,1.4796576,0.83311176,0.1408817,0.026006531,GOOD,GOOD,
2025-07-06 14:00:00+00:00,1.135,1.1350000000000002,1.3147441,0.88045186,0.09984117,0.019706966,GOOD,GOOD,
2025-07-06 15:00:00+00:00,1.065,1.0650000000000002,1.1703628,0.93026954,0.05495662,0.014773827,GOOD,GOOD,
2025-07-06 16:00:00+00:00,1.085,1.0850000000000002,1.0893377,0.96044,0.027515706,0.012044305,GOOD,GOOD,
2025-07-06 17:00:00+00:00,1.115,1.1150000000000002,1.09095,0.8666649,0.09303909,0.04029604,GOOD,GOOD,
2025-07-06 18:00:00+00:00,1.13,1.1300000000000001,1.1214826,0.8147726,0.08668917,0.0985382,GOOD,GOOD,
2025-07-06 19:00:00+00:00,1.19,1.1900000000000002,1.1419625,0.8606476,0.11895133,0.020401068,GOOD,GOOD,
2025-07-06 20:00:00+00:00,1.2149999999999999,0.02,1.1910101,0.006642759,0.013848265,0.979509,BAD,BAD,G_missing_sentinel
2025-07-06 21:00:00+00:00,1.2850000000000001,1.2850000000000004,0.45460552,0.063139796,0.12956938,0.8072908,GOOD,BAD,
2025-07-06 22:00:00+00:00,1.335,1.3350000000000002,0.9124586,0.0019154549,0.6174064,0.38067815,GOOD,SUSPECT,
2025-07-06 23:00:00+00:00,1.27,1.2700000000000002,1.3291985,0.9026997,0.08033381,0.016966505,GOOD,GOOD,
2025-07-07 00:00:00+00:00,0.98,0.9800000000000002,1.3293816,0.19033289,0.55874795,0.25091913,GOOD,SUSPECT,
2025-07-07 01:00:00+00:00,0.8200000000000001,0.8200000000000001,1.0688666,0.2898165,0.550027,0.1601565,GOOD,SUSPECT,
2025-07-07 02:00:00+00:00,0.815,0.815,0.8757471,0.9550891,0.031730603,0.013180319,GOOD,GOOD,
2025-07-07 03:00:00+00:00,0.935,0.935,0.82907444,0.8617183,0.115901396,0.022380296,GOOD,GOOD,
2025-07-07 04:00:00+00:00,1.185,1.1850000000000003,0.9192125,0.23668748,0.6892015,0.074111015,GOOD,SUSPECT,
2025-07-07 05:00:00+00:00,1.245,1.4998237068109277,1.1466376,0.03586048,0.91545767,0.04868185,SUSPECT,SUSPECT,A_spike
2025-07-07 06:00:00+00:00,1.17,1.1700000000000002,1.4673947,0.4019984,0.37454486,0.22345674,GOOD,GOOD,
2025-07-07 07:00:00+00:00,1.31,1.3100000000000003,1.2641636,0.8799731,0.09982985,0.020197056,GOOD,GOOD,
2025-07-07 08:00:00+00:00,1.32,1.3200000000000003,1.2908267,0.69085366,0.26721126,0.04193509,GOOD,GOOD,
2025-07-07 09:00:00+00:00,1.255,1.2550000000000001,1.3278184,0.93172324,0.054159284,0.014117482,GOOD,GOOD,
2025-07-07 10:00:00+00:00,1.23,1.2300000000000002,1.2841269,0.911277,0.048224684,0.0404983,GOOD,GOOD,
2025-07-07 11:00:00+00:00,1.2349999999999999,1.235,1.2483366,0.69146174,0.07485851,0.23367976,GOOD,GOOD,
2025-07-07 12:00:00+00:00,1.08,1.0800000000000003,1.2453715,0.90098214,0.07982775,0.019190114,GOOD,GOOD,
2025-07-07 13:00:00+00:00,0.99,0.9900000000000001,1.1286137,0.89130014,0.09077919,0.01792065,GOOD,GOOD,
2025-07-07 14:00:00+00:00,0.885,0.885,1.0254796,0.90866244,0.07790216,0.013435404,GOOD,GOOD,
2025-07-07 15:00:00+00:00,1.02,1.02,0.9262625,0.86082196,0.11977217,0.019405892,GOOD,GOOD,
2025-07-07 16:00:00+00:00,1.0150000000000001,1.0150000000000003,0.99711674,0.90320945,0.06397515,0.03281537,GOOD,GOOD,
2025-07-07 17:00:00+00:00,1.145,1.1450000000000002,1.0330788,0.78791666,0.18901052,0.023072854,GOOD,GOOD,
2025-07-07 18:00:00+00:00,1.2149999999999999,1.215,1.1332264,0.6060024,0.35026053,0.04373707,GOOD,GOOD,
2025-07-07 19:00:00+00:00,1.2149999999999999,1.215,1.2183014,0.7778554,0.053417824,0.16872677,GOOD,GOOD,
2025-07-07 20:00:00+00:00,1.38,1.3800000000000001,1.2347006,0.72338146,0.25142986,0.025188692,GOOD,GOOD,
2025-07-07 21:00:00+00:00,1.23,1.2300000000000002,1.3629215,0.9294038,0.052741256,0.017854983,GOOD,GOOD,
2025-07-07 22:00:00+00:00,1.205,1.2050000000000003,1.2783518,0.9336558,0.043194756,0.023149453,GOOD,GOOD,
2025-07-07 23:00:00+00:00,1.275,1.2750000000000001,1.224296,0.91050965,0.07525676,0.014233583,GOOD,GOOD,
2025-07-08 00:00:00+00:00,1.25,1.2500000000000002,1.2717468,0.9595157,0.026961891,0.013522437,GOOD,GOOD,
2025-07-08 01:00:00+00:00,0.995,0.9950000000000002,1.2706478,0.55002975,0.3409275,0.10904273,GOOD,GOOD,
2025-07-08 02:00:00+00:00,0.97,0.9700000000000001,1.0715925,0.8069148,0.13921066,0.05387451,GOOD,GOOD,
2025-07-08 03:00:00+00:00,0.9199999999999999,0.92,0.98931825,0.9516389,0.03656695,0.0117941825,GOOD,GOOD,
2025-07-08 04:00:00+00:00,0.8200000000000001,0.8200000000000001,0.945087,0.91618526,0.064214885,0.019599844,GOOD,GOOD,
2025-07-08 05:00:00+00:00,1.005,1.0050000000000001,0.8666846,0.757592,0.20643158,0.03597638,GOOD,GOOD,
2025-07-08 06:00:00+00:00,1.17,1.1700000000000002,0.97079706,0.298656,0.63501906,0.066324964,GOOD,SUSPECT,
2025-07-08 07:00:00+00:00,1.29,1.2900000000000003,1.1470329,0.36259907,0.5838624,0.05353852,GOOD,SUSPECT,
2025-07-08 08:00:00+00:00,1.335,1.3350000000000002,1.2885338,0.66205835,0.29765886,0.040282805,GOOD,GOOD,
2025-07-08 09:00:00+00:00,1.17,1.1700000000000002,1.3477561,0.9090929,0.07001921,0.02088788,GOOD,GOOD,
2025-07-08 10:00:00+00:00,1.24,1.2400000000000002,1.2217128,0.92831635,0.05731791,0.01436573,GOOD,GOOD,
2025-07-08 11:00:00+00:00,1.27,1.2700000000000002,1.236335,0.66477424,0.23030013,0.10492563,GOOD,GOOD,
2025-07-08 12:00:00+00:00,1.0699999999999998,1.0699999999999998,1.2776972,0.8569237,0.10714215,0.035934176,GOOD,GOOD,
2025-07-08 13:00:00+00:00,0.9650000000000001,0.9650000000000002,1.1336032,0.8312371,0.13465816,0.034104772,GOOD,GOOD,
2025-07-08 14:00:00+00:00,0.895,0.8950000000000001,1.0071213,0.9335867,0.05209265,0.014320629,GOOD,GOOD,
2025-07-08 15:00:00+00:00,0.94,0.94,0.92718136,0.96500874,0.027137324,0.007853967,GOOD,GOOD,
2025-07-08 16:00:00+00:00,0.725,0.725,0.94279325,0.56744576,0.3294,0.103154264,GOOD,GOOD,
2025-07-08 17:00:00+00:00,0.7649999999999999,0.7649999999999999,0.8082455,0.9569285,0.02709163,0.015979875,GOOD,GOOD,
2025-07-08 18:00:00+00:00,0.9650000000000001,0.9650000000000002,0.7754203,0.6020788,0.33661145,0.061309736,GOOD,GOOD,
2025-07-08 19:00:00+00:00,1.125,1.1250000000000002,0.92116934,0.28053427,0.63738036,0.082085386,GOOD,SUSPECT,
2025-07-08 20:00:00+00:00,0.98,0.9800000000000002,1.1063595,0.9132837,0.06462691,0.022089401,GOOD,GOOD,
2025-07-08 21:00:00+00:00,0.885,0.885,1.046197,0.82690287,0.13230395,0.04079315,GOOD,GOOD,
2025-07-08 22:00:00+00:00,0.76,0.7600000000000001,0.9346736,0.8744477,0.09554284,0.030009467,GOOD,GOOD,
2025-07-08 23:00:00+00:00,0.685,0.6850000000000002,0.81452805,0.9314794,0.047670286,0.020850293,GOOD,GOOD,
2025-07-09 00:00:00+00:00,0.65,0.65,0.7287502,0.9524866,0.029731289,0.017782142,GOOD,GOOD,
2025-07-09 01:00:00+00:00,0.58,0.58,0.6833206,0.91080254,0.064402305,0.02479515,GOOD,GOOD,
2025-07-09 02:00:00+00:00,0.53,0.53,0.627829,0.90532464,0.06530783,0.029367508,GOOD,GOOD,
2025-07-09 03:00:00+00:00,0.475,0.4750000000000001,0.57423276,0.89954996,0.07069157,0.02975845,GOOD,GOOD,
2025-07-09 04:00:00+00:00,0.505,0.505,0.520813,0.95824856,0.025347255,0.016404193,GOOD,GOOD,
2025-07-09 05:00:00+00:00,0.63,0.63,0.5201123,0.76767874,0.1904687,0.04185256,GOOD,GOOD,
2025-07-09 06:00:00+00:00,0.6799999999999999,0.68,0.60991913,0.789315,0.16296533,0.047719654,GOOD,GOOD,
2025-07-09 07:00:00+00:00,0.7250000000000001,0.7250000000000001,0.68985236,0.90866643,0.060293574,0.031040007,GOOD,GOOD,
2025-07-09 08:00:00+00:00,0.675,0.675,0.7428428,0.96069115,0.019934667,0.019374205,GOOD,GOOD,
2025-07-09 09:00:00+00:00,0.6699999999999999,0.6699999999999999,0.7218274,0.87206316,0.020851735,0.1070851,GOOD,GOOD,
2025-07-09 10:00:00+00:00,0.635,0.6350000000000001,0.70104164,0.9632404,0.018724779,0.018034833,GOOD,GOOD,
2025-07-09 11:00:00+00:00,0.705,0.7050000000000001,0.67244333,0.94714224,0.039021187,0.013836561,GOOD,GOOD,
2025-07-09 12:00:00+00:00,0.71,0.7100000000000001,0.708773,0.95405537,0.020100513,0.025844133,GOOD,GOOD,
2025-07-09 13:00:00+00:00,0.6950000000000001,0.6950000000000001,0.73415804,0.92329687,0.01845106,0.058252066,GOOD,GOOD,
2025-07-09 14:00:00+00:00,0.645,0.645,0.7288468,0.959052,0.025184628,0.015763333,GOOD,GOOD,
2025-07-09 15:00:00+00:00,0.565,0.5650000000000001,0.6888266,0.89028746,0.08282514,0.026887394,GOOD,GOOD,
2025-07-09 16:00:00+00:00,0.575,0.575,0.61846745,0.9680242,0.018357413,0.013618404,GOOD,GOOD,
2025-07-09 17:00:00+00:00,0.63,0.63,0.5969221,0.95017844,0.03768628,0.012135261,GOOD,GOOD,
2025-07-09 18:00:00+00:00,0.63,0.63,0.634111,0.9551215,0.01722008,0.027658373,GOOD,GOOD,
2025-07-09 19:00:00+00:00,0.565,0.5650000000000001,0.6557522,0.9390154,0.038437452,0.022547133,GOOD,GOOD,
2025-07-09 20:00:00+00:00,0.655,0.6550000000000001,0.6166829,0.92415756,0.05580844,0.020033987,GOOD,GOOD,
2025-07-09 21:00:00+00:00,0.68,0.6800000000000002,0.65275353,0.9500883,0.034191985,0.015719684,GOOD,GOOD,
2025-07-09 22:00:00+00:00,0.65,0.65,0.69552815,0.9749098,0.012721866,0.012368332,GOOD,GOOD,
2025-07-09 23:00:00+00:00,0.645,0.645,0.6892345,0.8771783,0.019062383,0.103759274,GOOD,GOOD,
2025-07-10 00:00:00+00:00,0.6799999999999999,0.68,0.6759525,0.97028404,0.018707028,0.011008951,GOOD,GOOD,
2025-07-10 01:00:00+00:00,0.6799999999999999,0.68,0.6947505,0.9076168,0.021531148,0.07085205,GOOD,GOOD,
2025-07-10 02:00:00+00:00,0.605,0.605,0.70621544,0.93808055,0.040344603,0.021574834,GOOD,GOOD,
2025-07-10 03:00:00+00:00,0.545,0.545,0.65834546,0.9099568,0.06355718,0.02648601,GOOD,GOOD,
2025-07-10 04:00:00+00:00,0.52,0.52,0.59433067,0.9511316,0.029415568,0.019452823,GOOD,GOOD,
2025-07-10 05:00:00+00:00,0.585,0.5850000000000001,0.55460703,0.93654794,0.04499779,0.01845427,GOOD,GOOD,
2025-07-10 06:00:00+00:00,0.615,0.6150000000000001,0.5868283,0.9573101,0.02956655,0.013123384,GOOD,GOOD,
2025-07-10 07:00:00+00:00,0.605,0.605,0.62980235,0.96602046,0.01503767,0.01894186,GOOD,GOOD,
2025-07-10 08:00:00+00:00,0.685,0.6850000000000002,0.63807577,0.9267317,0.055652715,0.017615592,GOOD,GOOD,
2025-07-10 09:00:00+00:00,0.635,0.6350000000000001,0.6878216,0.9685946,0.017124653,0.014280739,GOOD,GOOD,
2025-07-10 10:00:00+00:00,0.6699999999999999,0.6699999999999999,0.678407,0.9702678,0.017269539,0.012462694,GOOD,GOOD,
2025-07-10 11:00:00+00:00,0.65,0.65,0.68850327,0.97451264,0.012402082,0.013085274,GOOD,GOOD,
2025-07-10 12:00:00+00:00,0.675,0.675,0.6826532,0.9694969,0.016753165,0.013749906,GOOD,GOOD,
2025-07-10 13:00:00+00:00,0.635,0.6350000000000001,0.69465,0.96424705,0.018040713,0.017712217,GOOD,GOOD,
2025-07-10 14:00:00+00:00,0.755,0.7550000000000001,0.6749037,0.84414935,0.11792591,0.03792474,GOOD,GOOD,
2025-07-10 15:00:00+00:00,0.6699999999999999,0.6699999999999999,0.7439277,0.9477245,0.031308208,0.020967279,GOOD,GOOD,
2025-07-10 16:00:00+00:00,0.635,0.6350000000000001,0.7226035,0.9615379,0.022712443,0.015749633,GOOD,GOOD,
2025-07-10 17:00:00+00:00,0.745,0.745,0.677219,0.88292795,0.09000005,0.027071986,GOOD,GOOD,
2025-07-10 18:00:00+00:00,0.63,0.63,0.73394716,0.9069967,0.057448603,0.03555466,GOOD,GOOD,
2025-07-10 19:00:00+00:00,0.67,0.67,0.69124603,0.970302,0.017615272,0.012082748,GOOD,GOOD,
2025-07-10 20:00:00+00:00,0.7,0.7,0.6871525,0.94296896,0.034033105,0.022997906,GOOD,GOOD,
2025-07-10 21:00:00+00:00,0.815,0.815,0.71349895,0.85994315,0.11049132,0.029565543,GOOD,GOOD,
2025-07-10 22:00:00+00:00,0.725,0.725,0.8051999,0.9345491,0.04060346,0.024847453,GOOD,GOOD,
2025-07-10 23:00:00+00:00,0.685,0.6850000000000002,0.7804175,0.94592774,0.03203511,0.022037141,GOOD,GOOD,
2025-07-11 00:00:00+00:00,0.65,0.65,0.7277664,0.9421741,0.03109288,0.026733022,GOOD,GOOD,
2025-07-11 01:00:00+00:00,0.66,0.6600000000000001,0.68534946,0.939915,0.021813286,0.038271736,GOOD,GOOD,
2025-07-11 02:00:00+00:00,0.72,0.72,0.68045604,0.9495133,0.03783539,0.012651283,GOOD,GOOD,
2025-07-11 03:00:00+00:00,0.5549999999999999,0.5549999999999999,0.72500384,0.615866,0.2432529,0.14088109,GOOD,GOOD,
2025-07-11 04:00:00+00:00,0.45999999999999996,0.4600000000000001,0.6370007,0.5214355,0.34259826,0.13596624,GOOD,GOOD,
2025-07-11 05:00:00+00:00,0.63,0.63,0.52611333,0.6542795,0.26983276,0.07588778,GOOD,GOOD,
2025-07-11 06:00:00+00:00,0.86,0.8600000000000001,0.5933684,0.21672404,0.59307843,0.1901975,GOOD,SUSPECT,
2025-07-11 07:00:00+00:00,0.8,0.8000000000000002,0.8065415,0.9279566,0.047206387,0.02483704,GOOD,GOOD,
2025-07-11 08:00:00+00:00,0.925,0.9250000000000002,0.85100704,0.8940271,0.08619613,0.019776747,GOOD,GOOD,
2025-07-11 09:00:00+00:00,0.9299999999999999,0.93,0.92398983,0.92664367,0.047107108,0.026249222,GOOD,GOOD,
2025-07-11 10:00:00+00:00,0.8200000000000001,0.8200000000000001,0.95438457,0.9100553,0.06385095,0.026093746,GOOD,GOOD,
2025-07-11 11:00:00+00:00,0.68,0.6800000000000002,0.87840164,0.836015,0.12824626,0.035738725,GOOD,GOOD,
2025-07-11 12:00:00+00:00,0.655,0.6550000000000001,0.74809486,0.9390267,0.038119722,0.022853564,GOOD,GOOD,
2025-07-11 13:00:00+00:00,0.615,0.6150000000000001,0.68525565,0.9658674,0.022819828,0.011312767,GOOD,GOOD,
2025-07-11 14:00:00+00:00,0.6799999999999999,0.68,0.6488213,0.95572,0.033930678,0.0103493435,GOOD,GOOD,
2025-07-11 15:00:00+00:00,0.665,0.6650000000000001,0.68262285,0.9751855,0.013018898,0.011795578,GOOD,GOOD,
2025-07-11 16:00:00+00:00,0.52,0.52,0.6941342,0.66385376,0.2506167,0.08552958,GOOD,GOOD,
2025-07-11 17:00:00+00:00,0.5449999999999999,0.5449999999999999,0.59846085,0.9667238,0.020117195,0.013159005,GOOD,GOOD,
2025-07-11 18:00:00+00:00,0.725,0.725,0.5650532,0.59471214,0.33306044,0.07222742,GOOD,GOOD,
2025-07-11 19:00:00+00:00,0.57,0.57,0.6844089,0.79611945,0.12850145,0.075379066,GOOD,GOOD,
2025-07-11 20:00:00+00:00,0.485,0.4850000000000001,0.6469397,0.72590876,0.19093215,0.08315913,GOOD,GOOD,
2025-07-11 21:00:00+00:00,0.5700000000000001,0.5700000000000001,0.55200547,0.9407384,0.0405478,0.018713808,GOOD,GOOD,
2025-07-11 22:00:00+00:00,0.64,0.6400000000000001,0.5658784,0.8261317,0.1317812,0.042087074,GOOD,GOOD,
2025-07-11 23:00:00+00:00,0.56,0.5600000000000002,0.6373148,0.9523228,0.028902236,0.018775,GOOD,GOOD,
2025-07-12 00:00:00+00:00,0.585,0.5850000000000001,0.61701393,0.9738181,0.012713013,0.01346888,GOOD,GOOD,
2025-07-12 01:00:00+00:00,0.595,0.595,0.60969406,0.8751897,0.025946582,0.09886369,GOOD,GOOD,
2025-07-12 02:00:00+00:00,0.7,0.7,0.6175815,0.883523,0.09388349,0.022593495,GOOD,GOOD,
2025-07-12 03:00:00+00:00,0.735,0.7350000000000001,0.692456,0.8761257,0.088820666,0.03505362,GOOD,GOOD,
2025-07-12 04:00:00+00:00,0.605,0.605,0.7516833,0.869701,0.09315497,0.037144035,GOOD,GOOD,
2025-07-12 05:00:00+00:00,0.73,0.7300000000000001,0.679025,0.899807,0.07846247,0.021730578,GOOD,GOOD,
2025-07-12 06:00:00+00:00,0.995,0.9950000000000002,0.7190205,0.33455366,0.5275845,0.13786185,GOOD,SUSPECT,
2025-07-12 07:00:00+00:00,0.9299999999999999,0.93,0.93987006,0.93890417,0.043144196,0.017951649,GOOD,GOOD,
2025-07-12 08:00:00+00:00,0.6799999999999999,0.68,0.97964877,0.41308498,0.4022773,0.18463773,GOOD,GOOD,
2025-07-12 09:00:00+00:00,0.835,1.175415582010208,0.78790754,0.11576611,0.5494004,0.3348335,SUSPECT,SUSPECT,C_level_shift
2025-07-12 10:00:00+00:00,0.87,1.2104155820102078,1.0607717,0.07697815,0.74928546,0.17373636,SUSPECT,SUSPECT,C_level_shift
2025-07-12 11:00:00+00:00,0.71,1.050415582010208,1.2274629,0.8804654,0.0904809,0.029053722,SUSPECT,GOOD,C_level_shift
2025-07-12 12:00:00+00:00,0.73,1.070415582010208,1.1201912,0.9433528,0.037895855,0.018751312,SUSPECT,GOOD,C_level_shift
2025-07-12 13:00:00+00:00,0.615,0.9554155820102077,1.0833654,0.9284513,0.05655155,0.014997168,SUSPECT,GOOD,C_level_shift
2025-07-12 14:00:00+00:00,0.645,0.9854155820102077,0.99894553,0.9661221,0.025049128,0.008828762,SUSPECT,GOOD,C_level_shift
2025-07-12 15:00:00+00:00,0.745,1.0854155820102076,0.9948201,0.8657319,0.115596876,0.018671244,SUSPECT,GOOD,C_level_shift
2025-07-12 16:00:00+00:00,0.565,0.9054155820102077,1.0772363,0.8486455,0.12117643,0.03017808,SUSPECT,GOOD,C_level_shift
2025-07-12 17:00:00+00:00,0.53,0.8704155820102079,0.974026,0.9032166,0.069323264,0.027460104,SUSPECT,GOOD,C_level_shift
2025-07-12 18:00:00+00:00,0.71,1.050415582010208,0.90077406,0.7879509,0.18380624,0.028242875,SUSPECT,GOOD,C_level_shift
2025-07-12 19:00:00+00:00,0.945,1.2854155820102078,1.0158511,0.21354651,0.70490533,0.081548184,SUSPECT,SUSPECT,C_level_shift
2025-07-12 20:00:00+00:00,0.71,1.050415582010208,1.2508001,0.765141,0.17069852,0.06416046,SUSPECT,GOOD,C_level_shift
2025-07-12 21:00:00+00:00,0.665,1.005415582010208,1.1320424,0.8275139,0.114679776,0.05780633,SUSPECT,GOOD,C_level_shift
2025-07-12 22:00:00+00:00,0.815,1.1554155820102079,1.0357864,0.8763787,0.1081479,0.01547338,SUSPECT,GOOD,C_level_shift
2025-07-12 23:00:00+00:00,0.78,1.120415582010208,1.1298871,0.9646068,0.024123408,0.011269744,SUSPECT,GOOD,C_level_shift
2025-07-13 00:00:00+00:00,0.75,1.090415582010208,1.1476955,0.9168465,0.037604094,0.04554937,SUSPECT,GOOD,C_level_shift
2025-07-13 01:00:00+00:00,0.76,1.100415582010208,1.1190293,0.868523,0.04005327,0.09142373,SUSPECT,GOOD,C_level_shift
2025-07-13 02:00:00+00:00,0.775,1.1154155820102079,1.1149975,0.8369733,0.05668868,0.106338024,SUSPECT,GOOD,C_level_shift
2025-07-13 03:00:00+00:00,0.7949999999999999,1.1354155820102079,1.128314,0.8083701,0.08205133,0.10957859,SUSPECT,GOOD,C_level_shift
2025-07-13 04:00:00+00:00,0.655,0.9954155820102081,1.1481769,0.9319179,0.05463914,0.013442939,SUSPECT,GOOD,C_level_shift
2025-07-13 05:00:00+00:00,0.675,1.015415582010208,1.0484298,0.97203636,0.01852032,0.009443328,SUSPECT,GOOD,C_level_shift
2025-07-13 06:00:00+00:00,0.63,0.9704155820102077,1.0265628,0.96101433,0.026548736,0.012436924,SUSPECT,GOOD,C_level_shift
2025-07-13 07:00:00+00:00,0.8049999999999999,1.1454155820102079,0.9976733,0.8167514,0.1605921,0.022656502,SUSPECT,GOOD,C_level_shift
2025-07-13 08:00:00+00:00,0.935,1.275415582010208,1.1193246,0.4523368,0.4923214,0.055341803,SUSPECT,SUSPECT,C_level_shift
2025-07-13 09:00:00+00:00,0.7050000000000001,0.7050000000000002,1.2666574,0.100902855,0.30738926,0.5917079,GOOD,SUSPECT,
2025-07-13 10:00:00+00:00,0.87,0.8700000000000001,0.8827523,0.8866854,0.07240595,0.040908683,GOOD,GOOD,
2025-07-13 11:00:00+00:00,0.88,0.8800000000000001,0.8416169,0.7214544,0.17595848,0.102587126,GOOD,GOOD,
2025-07-13 12:00:00+00:00,1.0,1.0000000000000002,0.88284034,0.794855,0.17622289,0.028922146,GOOD,GOOD,
2025-07-13 13:00:00+00:00,1.045,1.045,0.9899193,0.77966106,0.1802907,0.04004827,GOOD,GOOD,
2025-07-13 14:00:00+00:00,0.87,0.8700000000000001,1.0582604,0.7900721,0.15741059,0.052517295,GOOD,GOOD,
2025-07-13 15:00:00+00:00,0.86,0.8600000000000001,0.9424768,0.8816,0.061417334,0.056982636,GOOD,GOOD,
2025-07-13 16:00:00+00:00,0.855,0.8550000000000001,0.8837576,0.7304971,0.04923503,0.22026782,GOOD,GOOD,
2025-07-13 17:00:00+00:00,0.89,0.89,0.8729997,0.94596225,0.040126335,0.013911401,GOOD,GOOD,
2025-07-13 18:00:00+00:00,0.985,0.9850000000000001,0.90109825,0.870254,0.11283492,0.016911097,GOOD,GOOD,
2025-07-13 19:00:00+00:00,1.305,1.3050000000000002,0.98196656,0.23406851,0.6764981,0.08943334,GOOD,SUSPECT,
2025-07-13 20:00:00+00:00,1.48,1.4800000000000002,1.2538737,0.041989982,0.89991057,0.05809949,GOOD,SUSPECT,
2025-07-13 21:00:00+00:00,1.33,1.3300000000000003,1.4774609,0.8648273,0.11144906,0.023723664,GOOD,GOOD,
2025-07-13 22:00:00+00:00,1.175,1.1750000000000003,1.3818032,0.820218,0.15034774,0.02943422,GOOD,GOOD,
2025-07-13 23:00:00+00:00,1.32,1.3200000000000003,1.2180114,0.8493207,0.13062944,0.020049853,GOOD,GOOD,
2025-07-14 00:00:00+00:00,1.25,1.2500000000000002,1.2970245,0.9255387,0.056623988,0.01783731,GOOD,GOOD,
2025-07-14 01:00:00+00:00,1.2850000000000001,1.2850000000000004,1.2792451,0.9432619,0.044675957,0.012062128,GOOD,GOOD,
2025-07-14 02:00:00+00:00,1.2,1.2000000000000002,1.2929585,0.92823255,0.056669645,0.0150977895,GOOD,GOOD,
2025-07-14 03:00:00+00:00,1.11,1.1100000000000003,1.2302144,0.93243665,0.056550656,0.011012692,GOOD,GOOD,
2025-07-14 04:00:00+00:00,0.985,0.9850000000000001,1.141659,0.92011845,0.06925776,0.010623819,GOOD,GOOD,
2025-07-14 05:00:00+00:00,0.9199999999999999,0.92,1.0273625,0.92548895,0.062120665,0.012390377,GOOD,GOOD,
2025-07-14 06:00:00+00:00,0.8500000000000001,0.8500000000000002,0.9502146,0.94005144,0.04939914,0.010549452,GOOD,GOOD,
2025-07-14 07:00:00+00:00,1.08,1.0800000000000003,0.88459903,0.59210587,0.3523004,0.055593774,GOOD,GOOD,
2025-07-14 08:00:00+00:00,1.1949999999999998,1.195,1.0331694,0.30756736,0.6135512,0.07888141,GOOD,SUSPECT,
2025-07-14 09:00:00+00:00,1.1549999999999998,1.155,1.1869177,0.95603836,0.027826164,0.01613547,GOOD,GOOD,
2025-07-14 10:00:00+00:00,0.94,0.94,1.188663,0.73159575,0.20570137,0.06270289,GOOD,GOOD,
2025-07-14 11:00:00+00:00,0.81,0.8100000000000002,1.0139226,0.67258143,0.25762403,0.06979457,GOOD,GOOD,
2025-07-14 12:00:00+00:00,0.91,0.91,0.86309594,0.93452036,0.050963387,0.014516255,GOOD,GOOD,
2025-07-14 13:00:00+00:00,0.91,0.91,0.8955204,0.78632116,0.08487902,0.12879983,GOOD,GOOD,
2025-07-14 14:00:00+00:00,0.9,0.9000000000000001,0.92907584,0.85526115,0.026327334,0.118411504,GOOD,GOOD,
2025-07-14 15:00:00+00:00,0.89,0.89,0.9286911,0.8299962,0.028105946,0.14189786,GOOD,GOOD,
2025-07-14 16:00:00+00:00,0.895,0.8950000000000001,0.91628736,0.7998718,0.035663698,0.16446453,GOOD,GOOD,
2025-07-14 17:00:00+00:00,0.835,0.8350000000000001,0.91510546,0.9509924,0.03539054,0.013617047,GOOD,GOOD,
2025-07-14 18:00:00+00:00,0.76,0.7600000000000001,0.87425363,0.9283547,0.055494215,0.016151097,GOOD,GOOD,
2025-07-14 19:00:00+00:00,0.855,0.8550000000000001,0.8056721,0.9279779,0.057060853,0.014961247,GOOD,GOOD,
2025-07-14 20:00:00+00:00,0.76,0.7600000000000001,0.84784555,0.94483083,0.036406476,0.018762702,GOOD,GOOD,
2025-07-14 21:00:00+00:00,0.705,0.7050000000000001,0.81040746,0.9471412,0.034609407,0.018249413,GOOD,GOOD,
2025-07-14 22:00:00+00:00,0.66,0.6600000000000001,0.7494395,0.9494964,0.03206566,0.018437956,GOOD,GOOD,
2025-07-14 23:00:00+00:00,0.645,0.645,0.69783574,0.92207193,0.029174155,0.048753884,GOOD,GOOD,
2025-07-15 00:00:00+00:00,0.79,0.79,0.6730618,0.77582496,0.18501505,0.03915998,GOOD,GOOD,
2025-07-15 01:00:00+00:00,0.71,0.7100000000000001,0.7668942,0.9387988,0.036731727,0.02446948,GOOD,GOOD,
2025-07-15 02:00:00+00:00,0.67,0.67,0.760135,0.9454457,0.032093726,0.022460537,GOOD,GOOD,
2025-07-15 03:00:00+00:00,0.645,0.645,0.7140072,0.9354687,0.028159726,0.036371615,GOOD,GOOD,
2025-07-15 04:00:00+00:00,0.64,0.6400000000000001,0.6782532,0.8453289,0.030646957,0.12402413,GOOD,GOOD,
2025-07-15 05:00:00+00:00,0.56,0.5600000000000002,0.6657552,0.879257,0.082550935,0.038192015,GOOD,GOOD,
2025-07-15 06:00:00+00:00,0.47,0.47000000000000003,0.6130342,0.77757347,0.16629098,0.056135528,GOOD,GOOD,
2025-07-15 07:00:00+00:00,0.46499999999999997,0.465,0.53094465,0.925273,0.03298039,0.0417466,GOOD,GOOD,
2025-07-15 08:00:00+00:00,0.485,0.4850000000000001,0.49405637,0.9587355,0.019415371,0.02184911,GOOD,GOOD,
2025-07-15 09:00:00+00:00,0.55,0.55,0.5016003,0.92935026,0.05169169,0.018958025,GOOD,GOOD,
2025-07-15 10:00:00+00:00,0.555,0.555,0.55289876,0.9543588,0.024523836,0.02111736,GOOD,GOOD,
2025-07-15 11:00:00+00:00,0.495,0.4950000000000001,0.58144355,0.9374145,0.03620212,0.02638336,GOOD,GOOD,
2025-07-15 12:00:00+00:00,0.53,0.53,0.548036,0.96138084,0.02245931,0.016159829,GOOD,GOOD,
2025-07-15 13:00:00+00:00,0.55,0.55,0.54818934,0.95923907,0.020744164,0.020016756,GOOD,GOOD,
2025-07-15 14:00:00+00:00,0.6599999999999999,0.66,0.5685637,0.7981065,0.15707777,0.04481572,GOOD,GOOD,
2025-07-15 15:00:00+00:00,0.72,0.72,0.65090644,0.8159052,0.14554903,0.03854572,GOOD,GOOD,
2025-07-15 16:00:00+00:00,0.765,3.92,0.72945935,0.0021642447,0.014716356,0.9831194,BAD,BAD,B_mult
2025-07-15 17:00:00+00:00,0.715,0.715,3.5863185,0.00092214346,0.045665495,0.95341235,GOOD,BAD,
2025-07-15 18:00:00+00:00,0.64,0.6400000000000001,1.2561672,0.00079762936,0.3596951,0.63950723,GOOD,SUSPECT,
2025-07-15 19:00:00+00:00,0.61,0.6100000000000001,0.67786527,0.9249859,0.05005845,0.024955649,GOOD,GOOD,
2025-07-15 20:00:00+00:00,0.605,0.605,0.58558387,0.59264547,0.16633005,0.24102448,GOOD,GOOD,
2025-07-15 21:00:00+00:00,0.485,0.4850000000000001,0.6269019,0.8418368,0.12101438,0.03714882,GOOD,GOOD,
2025-07-15 22:00:00+00:00,0.585,0.5850000000000001,0.57249,0.8611681,0.10633831,0.03249359,GOOD,GOOD,
2025-07-15 23:00:00+00:00,0.545,0.545,0.5940253,0.9533115,0.030885212,0.0158033,GOOD,GOOD,
2025-07-16 00:00:00+00:00,0.55,0.55,0.58716446,0.9521915,0.020733943,0.027074615,GOOD,GOOD,
2025-07-16 01:00:00+00:00,0.585,0.5850000000000001,0.58018035,0.9671238,0.023286669,0.00958953,GOOD,GOOD,
2025-07-16 02:00:00+00:00,0.5549999999999999,0.5549999999999999,0.60033643,0.97462875,0.015336445,0.01003478,GOOD,GOOD,
2025-07-16 03:00:00+00:00,0.51,0.51,0.5932037,0.96536326,0.024027398,0.010609331,GOOD,GOOD,
2025-07-16 04:00:00+00:00,0.495,0.4950000000000001,0.557168,0.88977224,0.018301722,0.09192606,GOOD,GOOD,
2025-07-16 05:00:00+00:00,0.53,0.53,0.53072315,0.9717119,0.015802402,0.012485748,GOOD,GOOD,
2025-07-16 06:00:00+00:00,0.46499999999999997,0.465,0.54590267,0.93310857,0.041904133,0.024987325,GOOD,GOOD,
2025-07-16 07:00:00+00:00,0.45,0.4500000000000001,0.51754194,0.94598585,0.02522704,0.028787099,GOOD,GOOD,
2025-07-16 08:00:00+00:00,0.46,0.46000000000000013,0.4890007,0.9432847,0.020173639,0.036541685,GOOD,GOOD,
2025-07-16 09:00:00+00:00,0.68,0.6800000000000002,0.48538336,0.35222203,0.48350325,0.16427472,GOOD,SUSPECT,
2025-07-16 10:00:00+00:00,0.6333333333333334,0.6333333333333334,0.6309175,0.94940144,0.03261001,0.017988527,GOOD,GOOD,
2025-07-16 11:00:00+00:00,0.5866666666666667,0.5866666666666667,0.6768105,0.9518257,0.025133725,0.023040615,GOOD,GOOD,
2025-07-16 12:00:00+00:00,0.54,0.5400000000000001,0.640383,0.931337,0.039178416,0.0294846,GOOD,GOOD,
2025-07-16 13:00:00+00:00,0.625,0.625,0.5862363,0.92437243,0.05553531,0.02009225,GOOD,GOOD,
2025-07-16 14:00:00+00:00,0.575,0.575,0.62153584,0.9733805,0.015878346,0.010741145,GOOD,GOOD,
2025-07-16 15:00:00+00:00,0.61,0.6100000000000001,0.6163922,0.9721995,0.015815374,0.011985099,GOOD,GOOD,
2025-07-16 16:00:00+00:00,0.645,0.645,0.628869,0.92976487,0.046730362,0.023504743,GOOD,GOOD,
2025-07-16 17:00:00+00:00,0.63,0.63,0.65968496,0.9740815,0.012949997,0.012968513,GOOD,GOOD,
2025-07-16 18:00:00+00:00,0.63,0.63,0.66256034,0.78420055,0.028852256,0.18694717,GOOD,GOOD,
2025-07-16 19:00:00+00:00,0.575,0.575,0.65854645,0.9565335,0.026376238,0.017090298,GOOD,GOOD,
2025-07-16 20:00:00+00:00,0.525,0.525,0.6205034,0.94118834,0.04045668,0.01835498,GOOD,GOOD,
2025-07-16 21:00:00+00:00,0.45499999999999996,0.455,0.57008576,0.8915503,0.07759946,0.030850241,GOOD,GOOD,
2025-07-16 22:00:00+00:00,0.46,0.46000000000000013,0.50681734,0.9687928,0.014583731,0.016623477,GOOD,GOOD,
2025-07-16 23:00:00+00:00,0.515,0.515,0.48505542,0.9471045,0.037902184,0.014993323,GOOD,GOOD,
2025-07-17 00:00:00+00:00,0.5800000000000001,0.5800000000000001,0.5195364,0.9097228,0.07128408,0.018993104,GOOD,GOOD,
2025-07-17 01:00:00+00:00,0.615,0.6150000000000001,0.58342177,0.9484267,0.035638347,0.015934942,GOOD,GOOD,
2025-07-17 02:00:00+00:00,0.66,0.6600000000000001,0.63273364,0.9470218,0.037747186,0.015231029,GOOD,GOOD,
2025-07-17 03:00:00+00:00,0.825,0.8250000000000001,0.6760947,0.66199076,0.26217556,0.07583372,GOOD,GOOD,
2025-07-17 04:00:00+00:00,0.9550000000000001,0.09550000000000003,0.802676,0.08545858,0.059782177,0.8547593,BAD,BAD,B_mult
2025-07-17 05:00:00+00:00,0.89,0.89,0.39608982,0.263097,0.18692604,0.54997694,GOOD,GOOD,
2025-07-17 06:00:00+00:00,0.88,0.8800000000000001,0.65780604,0.03440219,0.67981046,0.2857873,GOOD,SUSPECT,
2025-07-17 07:00:00+00:00,0.715,0.715,0.88477594,0.8326086,0.10972075,0.05767069,GOOD,GOOD,
2025-07-17 08:00:00+00:00,0.65,0.65,0.8119548,0.6660251,0.22755702,0.10641788,GOOD,GOOD,
2025-07-17 09:00:00+00:00,0.685,0.6850000000000002,0.7051759,0.97020525,0.017251587,0.012543163,GOOD,GOOD,
2025-07-17 10:00:00+00:00,0.6950000000000001,0.6950000000000001,0.6937749,0.86026937,0.06351802,0.0762126,GOOD,GOOD,
2025-07-17 11:00:00+00:00,0.74,0.74,0.71272784,0.953598,0.03501899,0.0113829635,GOOD,GOOD,
2025-07-17 12:00:00+00:00,0.7949999999999999,0.7949999999999999,0.75256634,0.92501235,0.0595285,0.015459173,GOOD,GOOD,
2025-07-17 13:00:00+00:00,0.78,0.7800000000000001,0.8051742,0.96748286,0.017296622,0.015220507,GOOD,GOOD,
2025-07-17 14:00:00+00:00,0.775,0.7750000000000001,0.811824,0.79999316,0.031351738,0.16865514,GOOD,GOOD,
2025-07-17 15:00:00+00:00,0.7150000000000001,0.7150000000000001,0.8033381,0.9582818,0.025603408,0.016114803,GOOD,GOOD,
2025-07-17 16:00:00+00:00,0.685,0.6850000000000002,0.7582331,0.9703725,0.01976164,0.009865841,GOOD,GOOD,
2025-07-17 17:00:00+00:00,0.68,0.6800000000000002,0.71922636,0.88537765,0.02693687,0.08768549,GOOD,GOOD,
2025-07-17 18:00:00+00:00,0.715,0.715,0.7049924,0.9719494,0.018619657,0.009430974,GOOD,GOOD,
2025-07-17 19:00:00+00:00,0.725,0.725,0.7277421,0.95609695,0.016832719,0.02707032,GOOD,GOOD,
2025-07-17 20:00:00+00:00,0.6950000000000001,0.6950000000000001,0.7470508,0.97420067,0.013642351,0.012157003,GOOD,GOOD,
2025-07-17 21:00:00+00:00,0.59,0.5900000000000001,0.73161346,0.85334295,0.10570566,0.04095139,GOOD,GOOD,
2025-07-17 22:00:00+00:00,0.5349999999999999,0.5349999999999999,0.65200895,0.8768451,0.08535178,0.037803106,GOOD,GOOD,
2025-07-17 23:00:00+00:00,0.675,0.675,0.58100545,0.7166047,0.22359324,0.05980207,GOOD,GOOD,
2025-07-18 00:00:00+00:00,0.575,0.575,0.6502577,0.88217396,0.07299102,0.04483504,GOOD,GOOD,
2025-07-18 01:00:00+00:00,0.565,0.5650000000000001,0.6317362,0.95856315,0.01865232,0.022784531,GOOD,GOOD,
2025-07-18 02:00:00+00:00,0.58,0.58,0.601865,0.9466326,0.020220732,0.033146635,GOOD,GOOD,
2025-07-18 03:00:00+00:00,0.6,0.6,0.60090005,0.9253514,0.027706234,0.04694238,GOOD,GOOD,
2025-07-18 04:00:00+00:00,0.585,0.5850000000000001,0.61892277,0.9633862,0.017903944,0.01870987,GOOD,GOOD,
2025-07-18 05:00:00+00:00,0.595,0.595,0.61806846,0.9432305,0.019305067,0.037464414,GOOD,GOOD,
2025-07-18 06:00:00+00:00,0.595,0.595,0.62075055,0.7285161,0.032916367,0.23856756,GOOD,GOOD,
2025-07-18 07:00:00+00:00,0.545,0.545,0.6226321,0.92916846,0.042537224,0.028294295,GOOD,GOOD,
2025-07-18 08:00:00+00:00,0.53,0.53,0.5906587,0.9428436,0.026990287,0.030166093,GOOD,GOOD,
2025-07-18 09:00:00+00:00,0.48,0.48000000000000004,0.5643117,0.9053694,0.05848851,0.03614209,GOOD,GOOD,
2025-07-18 10:00:00+00:00,0.375,0.3750000000000001,0.5248508,0.6697186,0.24178526,0.08849612,GOOD,GOOD,
2025-07-18 11:00:00+00:00,0.37,0.37000000000000005,0.44316515,0.8344633,0.078348234,0.08718845,GOOD,GOOD,
2025-07-18 12:00:00+00:00,0.44,0.4400000000000001,0.40198547,0.9129554,0.061897755,0.025146825,GOOD,GOOD,
2025-07-18 13:00:00+00:00,0.42,0.42000000000000004,0.43759567,0.9573897,0.022905529,0.019704763,GOOD,GOOD,
2025-07-18 14:00:00+00:00,0.43,0.43000000000000005,0.45291242,0.95480394,0.018314509,0.026881548,GOOD,GOOD,
2025-07-18 15:00:00+00:00,0.44,0.4400000000000001,0.45889467,0.84873974,0.028182535,0.123077735,GOOD,GOOD,
2025-07-18 16:00:00+00:00,0.43,0.43000000000000005,0.46613067,0.9351115,0.017735664,0.047152814,GOOD,GOOD,
2025-07-18 17:00:00+00:00,0.51,0.51,0.46321547,0.9118271,0.06379798,0.024374958,GOOD,GOOD,
2025-07-18 18:00:00+00:00,0.495,0.4950000000000001,0.5105639,0.966294,0.01760371,0.016102288,GOOD,GOOD,
2025-07-18 19:00:00+00:00,0.445,0.44500000000000006,0.52820855,0.9492466,0.028572446,0.022180961,GOOD,GOOD,
2025-07-18 20:00:00+00:00,0.46499999999999997,0.465,0.4963251,0.9744602,0.012865301,0.012674533,GOOD,GOOD,
2025-07-18 21:00:00+00:00,0.45,0.4500000000000001,0.48886427,0.96911865,0.012909663,0.01797167,GOOD,GOOD,
2025-07-18 22:00:00+00:00,0.445,0.44500000000000006,0.48230988,0.8217261,0.030327294,0.1479466,GOOD,GOOD,
2025-07-18 23:00:00+00:00,0.475,0.4750000000000001,0.47633442,0.9686007,0.017834935,0.013564393,GOOD,GOOD,
2025-07-19 00:00:00+00:00,0.43,0.43000000000000005,0.49293962,0.94506514,0.030093787,0.024841066,GOOD,GOOD,
2025-07-19 01:00:00+00:00,0.44999999999999996,0.45000000000000007,0.47497374,0.96284306,0.018668571,0.0184884,GOOD,GOOD,
2025-07-19 02:00:00+00:00,0.41000000000000003,0.4100000000000001,0.47381386,0.9349579,0.035951946,0.029090134,GOOD,GOOD,
2025-07-19 03:00:00+00:00,0.4,0.40000000000000013,0.45246777,0.94233245,0.02383992,0.033827618,GOOD,GOOD,
2025-07-19 04:00:00+00:00,0.395,0.3950000000000001,0.43415457,0.76592135,0.040291987,0.19378668,GOOD,GOOD,
2025-07-19 05:00:00+00:00,0.41500000000000004,0.41500000000000015,0.42522618,0.96109116,0.017979203,0.020929651,GOOD,GOOD,
2025-07-19 06:00:00+00:00,0.405,0.4050000000000001,0.43591884,0.95402586,0.018491063,0.02748308,GOOD,GOOD,
2025-07-19 07:00:00+00:00,0.37,0.37000000000000005,0.43741968,0.92096865,0.040545464,0.038485855,GOOD,GOOD,
2025-07-19 08:00:00+00:00,0.345,0.34500000000000003,0.41428152,0.8930078,0.05008688,0.056905285,GOOD,GOOD,
2025-07-19 09:00:00+00:00,0.4,0.40000000000000013,0.38575903,0.93568027,0.04200606,0.022313664,GOOD,GOOD,
2025-07-19 10:00:00+00:00,0.435,0.4350000000000001,0.4077623,0.9486048,0.03498826,0.016406935,GOOD,GOOD,
2025-07-19 11:00:00+00:00,0.385,0.38500000000000006,0.44826436,0.9528567,0.026712889,0.020430395,GOOD,GOOD,
2025-07-19 12:00:00+00:00,0.385,0.38500000000000006,0.43490037,0.9636291,0.015110942,0.021259962,GOOD,GOOD,
2025-07-19 13:00:00+00:00,0.38,0.38000000000000006,0.41898724,0.84300673,0.026425103,0.13056819,GOOD,GOOD,
2025-07-19 14:00:00+00:00,0.37,0.37000000000000005,0.4107218,0.88558006,0.026597366,0.0878226,GOOD,GOOD,
2025-07-19 15:00:00+00:00,0.355,0.35500000000000004,0.40303165,0.90550554,0.028598398,0.065896064,GOOD,GOOD,
2025-07-19 16:00:00+00:00,0.39,0.3900000000000001,0.39084563,0.95910466,0.023773504,0.017121835,GOOD,GOOD,
2025-07-19 17:00:00+00:00,0.37,0.37000000000000005,0.4065228,0.96655643,0.016331544,0.017112,GOOD,GOOD,
2025-07-19 18:00:00+00:00,0.385,0.38500000000000006,0.40598845,0.96805274,0.015452781,0.016494503,GOOD,GOOD,
2025-07-19 19:00:00+00:00,0.375,0.3750000000000001,0.41096476,0.9522736,0.017916389,0.029810011,GOOD,GOOD,
2025-07-19 20:00:00+00:00,0.39,0.3900000000000001,0.40827546,0.96145916,0.018697793,0.019843036,GOOD,GOOD,
2025-07-19 21:00:00+00:00,0.37,0.37000000000000005,0.41477257,0.9523072,0.022923395,0.024769396,GOOD,GOOD,
2025-07-19 22:00:00+00:00,0.375,0.3750000000000001,0.40704995,0.9434775,0.019338991,0.037183516,GOOD,GOOD,
2025-07-19 23:00:00+00:00,0.375,0.3750000000000001,0.4040971,0.65255463,0.03882617,0.30861917,GOOD,GOOD,
2025-07-20 00:00:00+00:00,0.355,0.35500000000000004,0.40427718,0.94474673,0.024609182,0.030644104,GOOD,GOOD,
2025-07-20 01:00:00+00:00,0.29000000000000004,0.2900000000000001,0.39265516,0.80950904,0.12478541,0.065705515,GOOD,GOOD,
2025-07-20 02:00:00+00:00,0.32,0.32000000000000006,0.34668428,0.9324994,0.034855075,0.03264551,GOOD,GOOD,
2025-07-20 03:00:00+00:00,0.315,0.31500000000000006,0.33979556,0.9431193,0.024274196,0.032606546,GOOD,GOOD,
2025-07-20 04:00:00+00:00,0.305,0.3050000000000001,0.34304705,0.90113705,0.030500092,0.06836288,GOOD,GOOD,
2025-07-20 05:00:00+00:00,0.315,0.31500000000000006,0.3393358,0.94238424,0.022389984,0.03522579,GOOD,GOOD,
2025-07-20 06:00:00+00:00,0.325,0.32500000000000007,0.34210566,0.8600769,0.032676026,0.107247084,GOOD,GOOD,
2025-07-20 07:00:00+00:00,0.3,0.30000000000000004,0.35078096,0.9311801,0.029920494,0.038899396,GOOD,GOOD,
2025-07-20 08:00:00+00:00,0.295,0.29500000000000004,0.3403277,0.88867295,0.039348714,0.071978346,GOOD,GOOD,
2025-07-20 09:00:00+00:00,0.275,0.2750000000000001,0.32910034,0.9005049,0.039431486,0.060063627,GOOD,GOOD,
2025-07-20 10:00:00+00:00,0.32,0.32000000000000006,0.31315616,0.9197733,0.048459508,0.031767234,GOOD,GOOD,
2025-07-20 11:00:00+00:00,0.31,0.31000000000000005,0.33252856,0.96588826,0.018251382,0.01586035,GOOD,GOOD,
2025-07-20 12:00:00+00:00,0.315,0.31500000000000006,0.34192562,0.92469674,0.020541795,0.05476147,GOOD,GOOD,
2025-07-20 13:00:00+00:00,0.325,0.32500000000000007,0.34548235,0.90019035,0.02417119,0.07563848,GOOD,GOOD,
2025-07-20 14:00:00+00:00,0.365,0.3650000000000001,0.3519794,0.95563155,0.02875891,0.015609522,GOOD,GOOD,
2025-07-20 15:00:00+00:00,0.385,0.38500000000000006,0.3795341,0.96123683,0.0231354,0.015627788,GOOD,GOOD,
2025-07-20 16:00:00+00:00,0.35,0.35000000000000003,0.40678984,0.9701813,0.016844373,0.012974367,GOOD,GOOD,
2025-07-20 17:00:00+00:00,0.385,0.38500000000000006,0.3951946,0.9584113,0.024448577,0.017140172,GOOD,GOOD,
2025-07-20 18:00:00+00:00,0.395,0.3950000000000001,0.40434477,0.9635567,0.019025292,0.017417977,GOOD,GOOD,
2025-07-20 19:00:00+00:00,0.405,0.4050000000000001,0.41918686,0.8627107,0.035480406,0.101808876,GOOD,GOOD,
2025-07-20 20:00:00+00:00,0.43,0.43000000000000005,0.4315562,0.9580919,0.024497554,0.017410532,GOOD,GOOD,
2025-07-20 21:00:00+00:00,0.46499999999999997,0.465,0.45106873,0.9446387,0.034988806,0.020372458,GOOD,GOOD,
2025-07-20 22:00:00+00:00,0.49,0.4900000000000001,0.48171675,0.9397576,0.036767136,0.023475276,GOOD,GOOD,
2025-07-20 23:00:00+00:00,0.54,0.5400000000000001,0.51074517,0.9121735,0.05807008,0.029756404,GOOD,GOOD,
2025-07-21 00:00:00+00:00,0.53,0.53,0.55264467,0.9187182,0.047701616,0.033580188,GOOD,GOOD,
2025-07-21 01:00:00+00:00,0.485,0.4850000000000001,0.56337404,0.93412244,0.041795693,0.024081841,GOOD,GOOD,
2025-07-21 02:00:00+00:00,0.47,0.47000000000000003,0.5324956,0.9652912,0.019147376,0.015561427,GOOD,GOOD,
2025-07-21 03:00:00+00:00,0.55,0.55,0.5053287,0.8926793,0.07371639,0.033604316,GOOD,GOOD,
2025-07-21 04:00:00+00:00,0.55,0.55,0.5480429,0.9508794,0.029986707,0.019133886,GOOD,GOOD,
2025-07-21 05:00:00+00:00,0.505,0.505,0.5759193,0.9645048,0.020427164,0.015068054,GOOD,GOOD,
2025-07-21 06:00:00+00:00,0.495,0.4950000000000001,0.55244905,0.97512364,0.0122916335,0.012584708,GOOD,GOOD,
2025-07-21 07:00:00+00:00,0.42500000000000004,0.42500000000000016,0.5291199,0.91841054,0.055252906,0.026336549,GOOD,GOOD,
2025-07-21 08:00:00+00:00,0.44,0.4400000000000001,0.4779352,0.97517335,0.014613955,0.010212702,GOOD,GOOD,
2025-07-21 09:00:00+00:00,0.52,0.52,0.4634823,0.89853543,0.0767596,0.024704961,GOOD,GOOD,
2025-07-21 10:00:00+00:00,0.52,0.52,0.51601404,0.9614562,0.021740617,0.016803186,GOOD,GOOD,
2025-07-21 11:00:00+00:00,0.49,0.4900000000000001,0.54694086,0.97709394,0.011552587,0.0113534685,GOOD,GOOD,
2025-07-21 12:00:00+00:00,0.495,0.4950000000000001,0.53327227,0.97377163,0.010153396,0.016074993,GOOD,GOOD,
2025-07-21 13:00:00+00:00,0.425,0.4250000000000001,0.5240816,0.9164549,0.05440494,0.02914017,GOOD,GOOD,
2025-07-21 14:00:00+00:00,0.495,0.4950000000000001,0.47872752,0.93101376,0.048304517,0.020681705,GOOD,GOOD,
2025-07-21 15:00:00+00:00,0.56,0.5600000000000002,0.49930435,0.9025191,0.07450343,0.022977479,GOOD,GOOD,
2025-07-21 16:00:00+00:00,0.46,0.46000000000000013,0.5616943,0.89378846,0.06541401,0.040797517,GOOD,GOOD,
2025-07-21 17:00:00+00:00,0.46499999999999997,0.465,0.52601904,0.9708425,0.013495013,0.015662532,GOOD,GOOD,
2025-07-21 18:00:00+00:00,0.46499999999999997,0.465,0.4980355,0.7681323,0.024064116,0.20780353,GOOD,GOOD,
2025-07-21 19:00:00+00:00,0.43,0.43000000000000005,0.49124524,0.9652265,0.020672547,0.01410097,GOOD,GOOD,
2025-07-21 20:00:00+00:00,0.435,0.4350000000000001,0.4706904,0.96788174,0.014673129,0.01744514,GOOD,GOOD,
2025-07-21 21:00:00+00:00,0.455,0.45500000000000007,0.4631201,0.9638876,0.017581804,0.018530594,GOOD,GOOD,
2025-07-21 22:00:00+00:00,0.48,0.48000000000000004,0.4754846,0.9423317,0.025638703,0.032029603,GOOD,GOOD,
2025-07-21 23:00:00+00:00,0.54,0.5400000000000001,0.4992341,0.94079876,0.043943908,0.015257352,GOOD,GOOD,
2025-07-22 00:00:00+00:00,0.56,0.5600000000000002,0.54780966,0.9579825,0.025095107,0.016922439,GOOD,GOOD,
2025-07-22 01:00:00+00:00,0.475,0.4750000000000001,0.58237535,0.9177488,0.053004578,0.029246619,GOOD,GOOD,
2025-07-22 02:00:00+00:00,0.51,0.51,0.53691506,0.9720518,0.016407192,0.011540984,GOOD,GOOD,
2025-07-22 03:00:00+00:00,0.44999999999999996,0.45000000000000007,0.52930945,0.9482422,0.032020543,0.019737251,GOOD,GOOD,
2025-07-22 04:00:00+00:00,0.48,0.48000000000000004,0.49711984,0.9743591,0.014563139,0.011077747,GOOD,GOOD,
2025-07-22 05:00:00+00:00,0.445,0.44500000000000006,0.49904805,0.96691865,0.017692741,0.015388638,GOOD,GOOD,
2025-07-22 06:00:00+00:00,0.5,0.5000000000000001,0.48449743,0.9571137,0.029079767,0.013806555,GOOD,GOOD,
2025-07-22 07:00:00+00:00,0.51,0.51,0.5098863,0.95398635,0.021031547,0.02498208,GOOD,GOOD,
2025-07-22 08:00:00+00:00,0.485,0.4850000000000001,0.5332669,0.97592896,0.011700434,0.012370591,GOOD,GOOD,
2025-07-22 09:00:00+00:00,0.48,0.48000000000000004,0.5244568,0.8715917,0.021467483,0.10694081,GOOD,GOOD,
2025-07-22 10:00:00+00:00,0.535,0.535,0.5123802,0.9508966,0.033683345,0.0154200215,GOOD,GOOD,
2025-07-22 11:00:00+00:00,0.6,0.6,0.5431857,0.9128609,0.063417375,0.02372175,GOOD,GOOD,
2025-07-22 12:00:00+00:00,0.61,0.6100000000000001,0.6043898,0.9449948,0.031793203,0.02321198,GOOD,GOOD,
2025-07-22 13:00:00+00:00,0.5549999999999999,0.5549999999999999,0.63649994,0.9498812,0.03003469,0.020084117,GOOD,GOOD,
2025-07-22 14:00:00+00:00,0.48,0.48000000000000004,0.6056357,0.9290293,0.0505823,0.020388415,GOOD,GOOD,
2025-07-22 15:00:00+00:00,0.49,0.4900000000000001,0.5371829,0.9785552,0.011833413,0.009611383,GOOD,GOOD,
2025-07-22 16:00:00+00:00,0.45,0.4500000000000001,0.51400965,0.96762705,0.01978577,0.012587187,GOOD,GOOD,
2025-07-22 17:00:00+00:00,0.44999999999999996,0.45000000000000007,0.48925087,0.9439751,0.017043628,0.03898128,GOOD,GOOD,
2025-07-22 18:00:00+00:00,0.44,0.4400000000000001,0.4788842,0.90154535,0.024224443,0.074230224,GOOD,GOOD,
2025-07-22 19:00:00+00:00,0.445,0.44500000000000006,0.47139224,0.8928171,0.024997108,0.082185805,GOOD,GOOD,
2025-07-22 20:00:00+00:00,0.49,0.4900000000000001,0.47188547,0.9612414,0.027058734,0.011699851,GOOD,GOOD,
2025-07-22 21:00:00+00:00,0.48,0.48000000000000004,0.5017716,0.97387004,0.012720606,0.013409366,GOOD,GOOD,
2025-07-22 22:00:00+00:00,0.5,0.5000000000000001,0.51183546,0.9733079,0.01405755,0.012634546,GOOD,GOOD,
2025-07-22 23:00:00+00:00,0.515,0.515,0.5238581,0.90946466,0.02437618,0.06615916,GOOD,GOOD,
2025-07-23 00:00:00+00:00,0.46,0.46000000000000013,0.538655,0.9487221,0.028868364,0.022409534,GOOD,GOOD,
2025-07-23 01:00:00+00:00,0.4,0.40000000000000013,0.50964874,0.89350057,0.07308587,0.03341358,GOOD,GOOD,
2025-07-23 02:00:00+00:00,0.355,0.35500000000000004,0.45396507,0.88481647,0.07537868,0.039804876,GOOD,GOOD,
2025-07-23 03:00:00+00:00,0.345,0.34500000000000003,0.40173596,0.9472295,0.02610668,0.0266638,GOOD,GOOD,
2025-07-23 04:00:00+00:00,0.325,0.32500000000000007,0.37678367,0.9411011,0.029905008,0.028993927,GOOD,GOOD,
2025-07-23 05:00:00+00:00,0.31,0.31000000000000005,0.36021078,0.90079993,0.03646439,0.06273567,GOOD,GOOD,
2025-07-23 06:00:00+00:00,0.295,0.29500000000000004,0.34558198,0.8702925,0.042682968,0.08702453,GOOD,GOOD,
2025-07-23 07:00:00+00:00,0.365,0.3650000000000001,0.33095315,0.8711406,0.087371595,0.04148783,GOOD,GOOD,
2025-07-23 08:00:00+00:00,0.37,0.37000000000000005,0.36701214,0.94520843,0.03136205,0.02342949,GOOD,GOOD,
2025-07-23 09:00:00+00:00,0.39,0.3900000000000001,0.3950018,0.9613869,0.01948303,0.019130081,GOOD,GOOD,
2025-07-23 10:00:00+00:00,0.355,0.35500000000000004,0.41499382,0.96484834,0.018757904,0.01639377,GOOD,GOOD,
2025-07-23 11:00:00+00:00,0.36,0.36000000000000004,0.40000087,0.9713821,0.011791695,0.016826203,GOOD,GOOD,
2025-07-23 12:00:00+00:00,0.38,0.38000000000000006,0.39059964,0.9607853,0.017149435,0.022065254,GOOD,GOOD,
2025-07-23 13:00:00+00:00,0.405,0.4050000000000001,0.40122223,0.9430429,0.025272748,0.031684402,GOOD,GOOD,
2025-07-23 14:00:00+00:00,0.36,0.36000000000000004,0.42453918,0.9624364,0.022063797,0.015499843,GOOD,GOOD,
2025-07-23 15:00:00+00:00,0.36,0.36000000000000004,0.40772593,0.9736844,0.0115303965,0.014785233,GOOD,GOOD,
2025-07-23 16:00:00+00:00,0.33,0.3300000000000001,0.3930212,0.9675126,0.018439926,0.014047481,GOOD,GOOD,
2025-07-23 17:00:00+00:00,0.37,0.37000000000000005,0.3705652,0.95629275,0.027674848,0.016032426,GOOD,GOOD,
2025-07-23 18:00:00+00:00,0.42,0.42000000000000004,0.38435906,0.9380428,0.0448464,0.0171108,GOOD,GOOD,
2025-07-23 19:00:00+00:00,0.32999999999999996,0.33000000000000007,0.42802247,0.8333664,0.107057735,0.05957588,GOOD,GOOD,
2025-07-23 20:00:00+00:00,0.39,0.3900000000000001,0.39451486,0.9180263,0.052286793,0.029686907,GOOD,GOOD,
2025-07-23 21:00:00+00:00,0.41,0.41000000000000003,0.4021778,0.9638784,0.021653714,0.014467862,GOOD,GOOD,
2025-07-23 22:00:00+00:00,0.33999999999999997,0.3400000000000001,0.42775172,0.92797357,0.046731915,0.025294524,GOOD,GOOD,
2025-07-23 23:00:00+00:00,0.365,0.3650000000000001,0.39713207,0.9734512,0.014983322,0.011565473,GOOD,GOOD,
2025-07-24 00:00:00+00:00,0.32,0.32000000000000006,0.3890894,0.95284355,0.028102878,0.019053569,GOOD,GOOD,
2025-07-24 01:00:00+00:00,0.33999999999999997,0.02,0.36471897,0.124046266,0.2670112,0.60894257,BAD,SUSPECT,F_burst_noise
2025-07-24 02:00:00+00:00,0.36,0.8224258652888456,0.17981048,0.15085423,0.15789804,0.69124776,BAD,SUSPECT,F_burst_noise
2025-07-24 03:00:00+00:00,0.345,0.5286436032342194,0.55661553,0.53856075,0.25566903,0.20577021,BAD,GOOD,F_burst_noise
2025-07-24 04:00:00+00:00,0.325,0.4784619096999325,0.63559717,0.52420205,0.3132741,0.16252388,BAD,GOOD,F_burst_noise
2025-07-24 05:00:00+00:00,0.33,0.8563743476089546,0.5569349,0.20752108,0.462552,0.3299269,BAD,SUSPECT,F_burst_noise
2025-07-24 06:00:00+00:00,0.315,0.02,0.76210237,0.053764522,0.042332113,0.90390337,BAD,BAD,F_burst_noise
2025-07-24 07:00:00+00:00,0.28500000000000003,0.02,0.3555183,0.007829726,0.57042366,0.4217466,BAD,SUSPECT,F_burst_noise
2025-07-24 08:00:00+00:00,0.22499999999999998,0.16782687555594805,0.10243122,0.711591,0.18134971,0.10705925,BAD,GOOD,F_burst_noise
2025-07-24 09:00:00+00:00,0.27,0.02,0.10910039,0.53529346,0.23803864,0.22666791,BAD,GOOD,F_burst_noise
2025-07-24 10:00:00+00:00,0.29,0.13686742837215501,0.08854458,0.68882245,0.2041757,0.10700186,BAD,GOOD,F_burst_noise
2025-07-24 11:00:00+00:00,0.335,0.294873355005077,0.12689674,0.35518366,0.5039317,0.14088467,BAD,SUSPECT,F_burst_noise
2025-07-24 12:00:00+00:00,0.325,0.05880032525514267,0.25082016,0.3142091,0.27531978,0.4104711,BAD,GOOD,F_burst_noise
2025-07-24 13:00:00+00:00,0.33999999999999997,0.3990937693438888,0.18612398,0.2561208,0.43590108,0.30797812,BAD,SUSPECT,F_burst_noise
2025-07-24 14:00:00+00:00,0.4,0.1391028709299258,0.30942577,0.3796997,0.25624466,0.36405563,BAD,GOOD,F_burst_noise
2025-07-24 15:00:00+00:00,0.37,0.4381459352708467,0.25785747,0.29352784,0.42346084,0.28301132,BAD,SUSPECT,F_burst_noise
2025-07-24 16:00:00+00:00,0.33499999999999996,0.6095043772592939,0.36918026,0.12648666,0.624627,0.24888635,BAD,SUSPECT,F_burst_noise
2025-07-24 17:00:00+00:00,0.39,0.4617611778780853,0.5662546,0.9234916,0.046269454,0.030238982,BAD,GOOD,F_burst_noise
2025-07-24 18:00:00+00:00,0.435,0.6092226815141975,0.5521389,0.88485587,0.08808351,0.027060645,BAD,GOOD,F_burst_noise
2025-07-24 19:00:00+00:00,0.39,0.02,0.6017722,0.053041637,0.2433598,0.70359856,BAD,BAD,F_burst_noise
2025-07-24 20:00:00+00:00,0.29500000000000004,0.8414261615028875,0.27845317,0.07489848,0.5085399,0.41656157,BAD,SUSPECT,F_burst_noise
2025-07-24 21:00:00+00:00,0.37,0.46692547986998245,0.58744806,0.5125953,0.2556074,0.2317973,BAD,GOOD,F_burst_noise
2025-07-24 22:00:00+00:00,0.42,0.1941635225211976,0.5925516,0.065328,0.54165745,0.39301458,BAD,SUSPECT,F_burst_noise
2025-07-24 23:00:00+00:00,0.405,0.22974661566146748,0.35924926,0.6870866,0.22120495,0.091708444,BAD,GOOD,F_burst_noise
2025-07-25 00:00:00+00:00,0.385,0.26008248907285947,0.25431877,0.9503595,0.031159095,0.018481381,BAD,GOOD,F_burst_noise
2025-07-25 01:00:00+00:00,0.405,0.4050000000000001,0.25907555,0.51913154,0.37267646,0.10819205,GOOD,GOOD,
2025-07-25 02:00:00+00:00,0.52,0.52,0.3686082,0.36676478,0.52529216,0.10794305,GOOD,SUSPECT,
2025-07-25 03:00:00+00:00,0.445,0.44500000000000006,0.5035326,0.9518143,0.031070028,0.01711566,GOOD,GOOD,
2025-07-25 04:00:00+00:00,0.515,0.515,0.50743604,0.9630165,0.024422655,0.012560808,GOOD,GOOD,
2025-07-25 05:00:00+00:00,0.49,0.4900000000000001,0.5280143,0.96558994,0.014477552,0.019932505,GOOD,GOOD,
2025-07-25 06:00:00+00:00,0.5700000000000001,0.5700000000000001,0.5260403,0.9384318,0.04517044,0.016397774,GOOD,GOOD,
2025-07-25 07:00:00+00:00,0.545,0.545,0.5725098,0.9742873,0.014977922,0.010734805,GOOD,GOOD,
2025-07-25 08:00:00+00:00,0.4,0.40000000000000013,0.5818997,0.7901846,0.14918151,0.060633898,GOOD,GOOD,
2025-07-25 09:00:00+00:00,0.52,0.52,0.48580483,0.9168565,0.060274906,0.022868574,GOOD,GOOD,
2025-07-25 10:00:00+00:00,0.5,0.5000000000000001,0.50834346,0.97550434,0.014190489,0.010305187,GOOD,GOOD,
2025-07-25 11:00:00+00:00,0.51,0.51,0.5278239,0.9027671,0.027699407,0.06953348,GOOD,GOOD,
2025-07-25 12:00:00+00:00,0.515,0.515,0.5378391,0.8266441,0.033154372,0.14020152,GOOD,GOOD,
2025-07-25 13:00:00+00:00,0.55,0.55,0.54278564,0.97180337,0.018439272,0.0097573735,GOOD,GOOD,
2025-07-25 14:00:00+00:00,0.565,0.5650000000000001,0.5662616,0.9210392,0.027435973,0.051524833,GOOD,GOOD,
2025-07-25 15:00:00+00:00,0.5249999999999999,0.5249999999999999,0.58767605,0.9752152,0.0137626985,0.011022081,GOOD,GOOD,
2025-07-25 16:00:00+00:00,0.475,0.4750000000000001,0.56857115,0.948879,0.03181201,0.019308979,GOOD,GOOD,
2025-07-25 17:00:00+00:00,0.44,0.4400000000000001,0.52319574,0.9381218,0.034945562,0.026932638,GOOD,GOOD,
2025-07-25 18:00:00+00:00,0.5,0.5000000000000001,0.4812491,0.9596091,0.028097617,0.012293278,GOOD,GOOD,
2025-07-25 19:00:00+00:00,0.505,0.505,0.50470537,0.9160838,0.025691658,0.0582245,GOOD,GOOD,
2025-07-25 20:00:00+00:00,0.47,0.47000000000000003,0.5285747,0.9764198,0.013035307,0.0105449,GOOD,GOOD,
2025-07-25 21:00:00+00:00,0.435,0.4350000000000001,0.5135223,0.9384161,0.031697556,0.02988635,GOOD,GOOD,
2025-07-25 22:00:00+00:00,0.475,0.4750000000000001,0.4791153,0.9714212,0.017797152,0.010781672,GOOD,GOOD,
2025-07-25 23:00:00+00:00,0.495,0.4950000000000001,0.48877877,0.93872005,0.029516289,0.031763658,GOOD,GOOD,
2025-07-26 00:00:00+00:00,0.51,0.51,0.5137766,0.9067361,0.027959922,0.06530399,GOOD,GOOD,
2025-07-26 01:00:00+00:00,0.495,0.4950000000000001,0.53424615,0.96714556,0.012196369,0.020658074,GOOD,GOOD,
2025-07-26 02:00:00+00:00,0.5,0.5000000000000001,0.53083944,0.9151103,0.016391668,0.06849806,GOOD,GOOD,
2025-07-26 03:00:00+00:00,0.44499999999999995,0.445,0.5285844,0.93460995,0.039037377,0.026352666,GOOD,GOOD,
2025-07-26 04:00:00+00:00,0.42,0.42000000000000004,0.4938652,0.9465779,0.029227048,0.02419507,GOOD,GOOD,
2025-07-26 05:00:00+00:00,0.4,0.40000000000000013,0.4597676,0.9118699,0.03709062,0.051039513,GOOD,GOOD,
2025-07-26 06:00:00+00:00,0.38,0.38000000000000006,0.43549973,0.89244354,0.041652557,0.065903924,GOOD,GOOD,
2025-07-26 07:00:00+00:00,0.4,0.40000000000000013,0.41586563,0.95466554,0.023903312,0.021431161,GOOD,GOOD,
2025-07-26 08:00:00+00:00,0.32,0.32000000000000006,0.42119634,0.75704014,0.15823416,0.08472573,GOOD,GOOD,
2025-07-26 09:00:00+00:00,0.31,0.31000000000000005,0.37939307,0.88601005,0.060600806,0.05338914,GOOD,GOOD,
2025-07-26 10:00:00+00:00,0.36,0.36000000000000004,0.34726432,0.9100474,0.056768976,0.033183616,GOOD,GOOD,
2025-07-26 11:00:00+00:00,0.36,0.36000000000000004,0.36771294,0.9531087,0.025367929,0.021523349,GOOD,GOOD,
2025-07-26 12:00:00+00:00,0.33,0.3300000000000001,0.38643473,0.9567863,0.023137284,0.02007644,GOOD,GOOD,
2025-07-26 13:00:00+00:00,0.385,0.38500000000000006,0.3737709,0.9333241,0.04301824,0.023657646,GOOD,GOOD,
2025-07-26 14:00:00+00:00,0.39,0.3900000000000001,0.39591658,0.9687455,0.016026532,0.015227924,GOOD,GOOD,
2025-07-26 15:00:00+00:00,0.385,0.38500000000000006,0.41561118,0.8609854,0.023010116,0.11600445,GOOD,GOOD,
2025-07-26 16:00:00+00:00,0.38,0.38000000000000006,0.4186528,0.7604815,0.026282344,0.21323621,GOOD,GOOD,
2025-07-26 17:00:00+00:00,0.4,0.40000000000000013,0.41353467,0.97375524,0.013506799,0.012737975,GOOD,GOOD,
2025-07-26 18:00:00+00:00,0.39,0.3900000000000001,0.42267004,0.96646166,0.013210913,0.020327447,GOOD,GOOD,
2025-07-26 19:00:00+00:00,0.43000000000000005,0.4300000000000001,0.42298973,0.964179,0.02307882,0.0127421925,GOOD,GOOD,
2025-07-26 20:00:00+00:00,0.33,0.3300000000000001,0.44568285,0.79641074,0.13178019,0.071809076,GOOD,GOOD,
2025-07-26 21:00:00+00:00,0.29500000000000004,0.2950000000000001,0.39744446,0.894765,0.06652261,0.03871234,GOOD,GOOD,
2025-07-26 22:00:00+00:00,0.345,0.34500000000000003,0.34372172,0.93960756,0.03788224,0.022510204,GOOD,GOOD,
2025-07-26 23:00:00+00:00,0.36,0.36000000000000004,0.35296774,0.9658889,0.02064348,0.013467575,GOOD,GOOD,
2025-07-27 00:00:00+00:00,0.4,0.40000000000000013,0.3788691,0.9548762,0.03087211,0.01425173,GOOD,GOOD,
2025-07-27 01:00:00+00:00,0.405,0.4050000000000001,0.41505063,0.9552099,0.018245349,0.026544755,GOOD,GOOD,
2025-07-27 02:00:00+00:00,0.39,0.3900000000000001,0.43362823,0.95889354,0.013827794,0.027278699,GOOD,GOOD,
2025-07-27 03:00:00+00:00,0.4,0.40000000000000013,0.42770982,0.96120006,0.014454513,0.024345426,GOOD,GOOD,
2025-07-27 04:00:00+00:00,0.38,0.38000000000000006,0.42736936,0.9737387,0.013078538,0.013182814,GOOD,GOOD,
2025-07-27 05:00:00+00:00,0.4,0.40000000000000013,0.41673478,0.9728322,0.014446116,0.012721709,GOOD,GOOD,
2025-07-27 06:00:00+00:00,0.395,0.3950000000000001,0.4228332,0.9438028,0.016860023,0.039337184,GOOD,GOOD,
2025-07-27 07:00:00+00:00,0.505,0.505,0.42561775,0.7793054,0.15410149,0.06659311,GOOD,GOOD,
2025-07-27 08:00:00+00:00,0.5,0.5000000000000001,0.4943829,0.9056387,0.05684222,0.0375191,GOOD,GOOD,
2025-07-27 09:00:00+00:00,0.41000000000000003,0.4100000000000001,0.52944076,0.87334824,0.083992824,0.042658925,GOOD,GOOD,
2025-07-27 10:00:00+00:00,0.48,0.48000000000000004,0.4774148,0.8075845,0.11144113,0.08097438,GOOD,GOOD,
2025-07-27 11:00:00+00:00,0.46,0.46000000000000013,0.48696786,0.9402919,0.035156343,0.024551753,GOOD,GOOD,
2025-07-27 12:00:00+00:00,0.45,0.4500000000000001,0.49141723,0.9093933,0.031689942,0.058916762,GOOD,GOOD,
2025-07-27 13:00:00+00:00,0.41,0.41000000000000003,0.48440164,0.9637837,0.020728452,0.015487864,GOOD,GOOD,
2025-07-27 14:00:00+00:00,0.415,0.4150000000000001,0.45485765,0.9737535,0.011022513,0.015223992,GOOD,GOOD,
2025-07-27 15:00:00+00:00,0.435,0.4350000000000001,0.44293985,0.9694414,0.01716992,0.013388674,GOOD,GOOD,
2025-07-27 16:00:00+00:00,0.415,0.4150000000000001,0.45472652,0.97156245,0.014656052,0.0137815,GOOD,GOOD,
2025-07-27 17:00:00+00:00,0.375,0.3750000000000001,0.4508627,0.9384989,0.03539073,0.02611034,GOOD,GOOD,
2025-07-27 18:00:00+00:00,0.43,0.43000000000000005,0.4212702,0.94463575,0.036322396,0.019041833,GOOD,GOOD,
2025-07-27 19:00:00+00:00,0.48,0.48000000000000004,0.4392996,0.92239237,0.054210316,0.023397295,GOOD,GOOD,
2025-07-27 20:00:00+00:00,0.5449999999999999,0.5449999999999999,0.48748878,0.9081607,0.066449754,0.025389591,GOOD,GOOD,
2025-07-27 21:00:00+00:00,0.46,0.46000000000000013,0.5514157,0.903432,0.060121648,0.036446348,GOOD,GOOD,
2025-07-27 22:00:00+00:00,0.37,0.37000000000000005,0.5221333,0.8449838,0.11261932,0.042396888,GOOD,GOOD,
2025-07-27 23:00:00+00:00,0.43999999999999995,0.44000000000000006,0.4389105,0.8948726,0.070698746,0.034428664,GOOD,GOOD,
2025-07-28 00:00:00+00:00,0.455,0.45500000000000007,0.4429015,0.96253693,0.023826517,0.013636537,GOOD,GOOD,
2025-07-28 01:00:00+00:00,0.435,0.4350000000000001,0.47187123,0.97952837,0.010743109,0.0097285,GOOD,GOOD,
2025-07-28 02:00:00+00:00,0.405,0.4050000000000001,0.47270587,0.9678283,0.015851505,0.016320217,GOOD,GOOD,
2025-07-28 03:00:00+00:00,0.39,0.3900000000000001,0.4483976,0.94711185,0.018307282,0.034580875,GOOD,GOOD,
2025-07-28 04:00:00+00:00,0.405,0.4050000000000001,0.42593223,0.9756245,0.0132878665,0.011087612,GOOD,GOOD,
2025-07-28 05:00:00+00:00,0.365,0.3650000000000001,0.4275715,0.9499467,0.030353708,0.01969959,GOOD,GOOD,
2025-07-28 06:00:00+00:00,0.375,0.3750000000000001,0.4083728,0.9694961,0.015498676,0.015005231,GOOD,GOOD,
2025-07-28 07:00:00+00:00,0.37,0.37000000000000005,0.40243167,0.90342534,0.023781115,0.07279352,GOOD,GOOD,
2025-07-28 08:00:00+00:00,0.43,0.43000000000000005,0.40025467,0.9408277,0.041283492,0.017888797,GOOD,GOOD,
2025-07-28 09:00:00+00:00,0.375,0.3750000000000001,0.4367242,0.9466726,0.03193637,0.021390995,GOOD,GOOD,
2025-07-28 10:00:00+00:00,0.355,0.35500000000000004,0.42428386,0.9631724,0.019459868,0.01736776,GOOD,GOOD,
2025-07-28 11:00:00+00:00,0.46499999999999997,0.465,0.39688775,0.79648876,0.1533806,0.05013061,GOOD,GOOD,
2025-07-28 12:00:00+00:00,0.44,0.4400000000000001,0.4524627,0.9585317,0.024450796,0.017017514,GOOD,GOOD,
2025-07-28 13:00:00+00:00,0.42,0.42000000000000004,0.47476667,0.90800107,0.021916829,0.070082106,GOOD,GOOD,
2025-07-28 14:00:00+00:00,0.45999999999999996,0.4600000000000001,0.4619459,0.9640877,0.021030802,0.014881483,GOOD,GOOD,
2025-07-28 15:00:00+00:00,0.44,0.4400000000000001,0.4762806,0.97472703,0.0127183935,0.012554584,GOOD,GOOD,
2025-07-28 16:00:00+00:00,0.435,0.4350000000000001,0.47507602,0.8481491,0.02528848,0.1265624,GOOD,GOOD,
2025-07-28 17:00:00+00:00,0.395,0.3950000000000001,0.46791285,0.94864124,0.029318584,0.022040177,GOOD,GOOD,
2025-07-28 18:00:00+00:00,0.405,0.4050000000000001,0.43967512,0.97091013,0.014076087,0.015013789,GOOD,GOOD,
2025-07-28 19:00:00+00:00,0.435,0.4350000000000001,0.43131572,0.97410125,0.01604247,0.009856304,GOOD,GOOD,
2025-07-28 20:00:00+00:00,0.44,0.4400000000000001,0.45103237,0.93137467,0.019940598,0.048684716,GOOD,GOOD,
2025-07-28 21:00:00+00:00,0.45999999999999996,0.4600000000000001,0.46648002,0.96074826,0.019058835,0.020192932,GOOD,GOOD,
2025-07-28 22:00:00+00:00,0.42,0.42000000000000004,0.48319143,0.9678846,0.01801694,0.0140984375,GOOD,GOOD,
2025-07-28 23:00:00+00:00,0.4,0.40000000000000013,0.46473783,0.94766396,0.022529798,0.029806236,GOOD,GOOD,
2025-07-29 00:00:00+00:00,0.4,0.40000000000000013,0.4389518,0.8710703,0.023179933,0.105749756,GOOD,GOOD,
2025-07-29 01:00:00+00:00,0.44999999999999996,0.45000000000000007,0.42870715,0.9484457,0.03506325,0.016491054,GOOD,GOOD,
2025-07-29 02:00:00+00:00,0.415,0.4150000000000001,0.45904553,0.9737971,0.014753928,0.011448973,GOOD,GOOD,
2025-07-29 03:00:00+00:00,0.355,0.35500000000000004,0.45612296,0.9111203,0.057667438,0.03121226,GOOD,GOOD,
2025-07-29 04:00:00+00:00,0.365,0.3650000000000001,0.41088635,0.97119987,0.014712474,0.014087669,GOOD,GOOD,
2025-07-29 05:00:00+00:00,0.37,0.37000000000000005,0.39236823,0.8539591,0.03120152,0.1148394,GOOD,GOOD,
2025-07-29 06:00:00+00:00,0.365,0.3650000000000001,0.3945618,0.885556,0.028312532,0.086131506,GOOD,GOOD,
2025-07-29 07:00:00+00:00,0.35,0.35000000000000003,0.39582244,0.93466353,0.02348624,0.041850228,GOOD,GOOD,
2025-07-29 08:00:00+00:00,0.375,0.3750000000000001,0.38646007,0.963183,0.019632775,0.017184224,GOOD,GOOD,
2025-07-29 09:00:00+00:00,0.39,0.3900000000000001,0.39591345,0.9315471,0.024482394,0.043970503,GOOD,GOOD,
2025-07-29 10:00:00+00:00,0.385,0.02,0.41285765,0.1188876,0.20623368,0.6748787,BAD,SUSPECT,C_level_shift
2025-07-29 11:00:00+00:00,0.36,0.02,0.20612969,0.18163687,0.47238714,0.345976,BAD,SUSPECT,C_level_shift
2025-07-29 12:00:00+00:00,0.37,0.02,0.07489603,0.64482856,0.12500808,0.23016334,BAD,GOOD,C_level_shift
2025-07-29 13:00:00+00:00,0.35,0.02,0.038036715,0.7124034,0.10776589,0.1798307,BAD,GOOD,C_level_shift
2025-07-29 14:00:00+00:00,0.365,0.02,0.041478492,0.7280582,0.09085133,0.18109041,BAD,GOOD,C_level_shift
2025-07-29 15:00:00+00:00,0.315,0.02,0.04935144,0.7335344,0.07699105,0.18947455,BAD,GOOD,C_level_shift
2025-07-29 16:00:00+00:00,0.335,0.02,0.052468702,0.73160315,0.08019206,0.18820482,BAD,GOOD,C_level_shift
2025-07-29 17:00:00+00:00,0.33,0.02,0.05260202,0.75157773,0.0603607,0.18806158,BAD,GOOD,C_level_shift
2025-07-29 18:00:00+00:00,0.315,0.02,0.052174527,0.7333331,0.053409643,0.21325728,BAD,GOOD,C_level_shift
2025-07-29 19:00:00+00:00,0.315,0.02,0.05199542,0.71591485,0.04901399,0.23507117,BAD,GOOD,C_level_shift
2025-07-29 20:00:00+00:00,0.33,0.02,0.051996697,0.67256343,0.046992403,0.28044415,BAD,GOOD,C_level_shift
2025-07-29 21:00:00+00:00,0.33999999999999997,0.02,0.051993445,0.63011634,0.045625735,0.32425794,BAD,GOOD,C_level_shift
2025-07-29 22:00:00+00:00,0.32,0.02,0.051914524,0.4636891,0.054716434,0.48159447,BAD,GOOD,C_level_shift
2025-07-29 23:00:00+00:00,0.305,0.02,0.051773306,0.39892817,0.055500533,0.5455713,BAD,GOOD,C_level_shift
2025-07-30 00:00:00+00:00,0.29000000000000004,0.02,0.05160489,0.391791,0.056284003,0.551925,BAD,GOOD,C_level_shift
2025-07-30 01:00:00+00:00,0.315,0.02,0.051438972,0.38804954,0.05619987,0.5557506,BAD,GOOD,C_level_shift
2025-07-30 02:00:00+00:00,0.325,0.02,0.051294442,0.38310486,0.05648421,0.5604109,BAD,GOOD,C_level_shift
2025-07-30 03:00:00+00:00,0.26,0.02,0.0511817,0.37519532,0.05713364,0.56767106,BAD,GOOD,C_level_shift
2025-07-30 04:00:00+00:00,0.28500000000000003,0.02,0.05110493,0.37137365,0.05700946,0.5716169,BAD,GOOD,C_level_shift
2025-07-30 05:00:00+00:00,0.3,0.02,0.051063377,0.3712781,0.056967497,0.5717544,BAD,GOOD,C_level_shift
2025-07-30 06:00:00+00:00,0.29000000000000004,0.02,0.051053498,0.37062395,0.056868874,0.5725072,BAD,GOOD,C_level_shift
2025-07-30 07:00:00+00:00,0.28500000000000003,0.02,0.051069304,0.368716,0.05697738,0.5743066,BAD,GOOD,C_level_shift
2025-07-30 08:00:00+00:00,0.265,0.02,0.051103942,0.36860442,0.05633604,0.57505953,BAD,GOOD,C_level_shift
2025-07-30 09:00:00+00:00,0.255,0.02,0.05115084,0.37121987,0.056104217,0.5726759,BAD,GOOD,C_level_shift
2025-07-30 10:00:00+00:00,0.26,0.26000000000000006,0.051204015,0.53856075,0.25566903,0.20577021,GOOD,GOOD,
2025-07-30 11:00:00+00:00,0.24,0.24,0.18659471,0.53856075,0.25566903,0.20577021,GOOD,GOOD,
2025-07-30 12:00:00+00:00,0.22999999999999998,0.23,0.2678206,0.53856075,0.25566903,0.20577021,GOOD,GOOD,
2025-07-30 13:00:00+00:00,0.2,0.2,0.27695933,0.53856075,0.25566903,0.20577021,GOOD,GOOD,
2025-07-30 14:00:00+00:00,0.22,0.22,0.24951369,0.53856075,0.25566903,0.20577021,GOOD,GOOD,
2025-07-30 15:00:00+00:00,0.235,0.235,0.24405988,0.53856075,0.25566903,0.20577021,GOOD,GOOD,
2025-07-30 16:00:00+00:00,0.22,0.22,0.2565204,0.53856075,0.25566903,0.20577021,GOOD,GOOD,
2025-07-30 17:00:00+00:00,0.21,0.21,0.25603566,0.53856075,0.25566903,0.20577021,GOOD,GOOD,
2025-07-30 18:00:00+00:00,0.21500000000000002,0.21500000000000002,0.2465266,0.53856075,0.25566903,0.20577021,GOOD,GOOD,
2025-07-30 19:00:00+00:00,0.22499999999999998,0.22499999999999998,0.24387808,0.53856075,0.25566903,0.20577021,GOOD,GOOD,
2025-07-30 20:00:00+00:00,0.20500000000000002,0.20500000000000002,0.2503838,0.53856075,0.25566903,0.20577021,GOOD,GOOD,
2025-07-30 21:00:00+00:00,0.20500000000000002,0.20500000000000002,0.24329387,0.53856075,0.25566903,0.20577021,GOOD,GOOD,
2025-07-30 22:00:00+00:00,0.19,0.19,0.23709042,0.9073497,0.051546596,0.041103713,GOOD,GOOD,
2025-07-30 23:00:00+00:00,0.18,0.18,0.22655973,0.9448759,0.024613515,0.030510604,GOOD,GOOD,
2025-07-31 00:00:00+00:00,0.175,0.175,0.21544904,0.93982667,0.024947874,0.03522548,GOOD,GOOD,
2025-07-31 01:00:00+00:00,0.20500000000000002,0.20500000000000002,0.20795988,0.89364254,0.06701885,0.03933863,GOOD,GOOD,
2025-07-31 02:00:00+00:00,0.19,0.19,0.22289689,0.8526105,0.08235356,0.06503591,GOOD,GOOD,
2025-07-31 03:00:00+00:00,0.165,0.165,0.22558944,0.88980794,0.052062783,0.058129247,GOOD,GOOD,
2025-07-31 04:00:00+00:00,0.16,0.16,0.20888965,0.8848627,0.047645107,0.067492165,GOOD,GOOD,
2025-07-31 05:00:00+00:00,0.195,0.195,0.19504212,0.9233813,0.041200355,0.03541834,GOOD,GOOD,
2025-07-31 06:00:00+00:00,0.235,0.235,0.21045038,0.92769396,0.048493546,0.023812518,GOOD,GOOD,
2025-07-31 07:00:00+00:00,0.25,0.25,0.24681892,0.9527049,0.028742202,0.018552916,GOOD,GOOD,
2025-07-31 08:00:00+00:00,0.265,0.26500000000000007,0.27451468,0.90144,0.035411593,0.06314839,GOOD,GOOD,
2025-07-31 09:00:00+00:00,0.26,0.26000000000000006,0.2920862,0.9633041,0.019515252,0.017180642,GOOD,GOOD,
2025-07-31 10:00:00+00:00,0.29500000000000004,0.2950000000000001,0.29437342,0.9325728,0.039864622,0.027562616,GOOD,GOOD,
2025-07-31 11:00:00+00:00,0.275,0.2750000000000001,0.31305248,0.9544487,0.026524927,0.019026356,GOOD,GOOD,
2025-07-31 12:00:00+00:00,0.32999999999999996,0.33000000000000007,0.31265134,0.83328146,0.10295415,0.06376441,GOOD,GOOD,
2025-07-31 13:00:00+00:00,0.435,0.4350000000000001,0.34075245,0.7362782,0.18382041,0.079901375,GOOD,GOOD,
2025-07-31 14:00:00+00:00,0.55,0.55,0.4229754,0.630834,0.26240587,0.10676009,GOOD,GOOD,
2025-07-31 15:00:00+00:00,0.61,0.6100000000000001,0.5379224,0.74391353,0.17282833,0.083258174,GOOD,GOOD,
2025-07-31 16:00:00+00:00,0.64,0.6400000000000001,0.6230944,0.8611009,0.0906833,0.048215773,GOOD,GOOD,
2025-07-31 17:00:00+00:00,0.61,0.6100000000000001,0.66534674,0.90752274,0.057818465,0.034658812,GOOD,GOOD,
2025-07-31 18:00:00+00:00,0.62,0.62,0.6523651,0.9284763,0.042565692,0.028958023,GOOD,GOOD,
2025-07-31 19:00:00+00:00,0.61,0.6100000000000001,0.64635086,0.941951,0.031228188,0.026820838,GOOD,GOOD,
2025-07-31 20:00:00+00:00,0.515,0.515,0.63973016,0.83159935,0.116738535,0.051662143,GOOD,GOOD,
2025-07-31 21:00:00+00:00,0.55,0.55,0.5753231,0.9468302,0.033152003,0.020017777,GOOD,GOOD,
2025-07-31 22:00:00+00:00,0.675,0.675,0.5659866,0.7755754,0.17681925,0.04760538,GOOD,GOOD,
2025-07-31 23:00:00+00:00,0.655,0.6550000000000001,0.6553541,0.9395633,0.038293786,0.022142943,GOOD,GOOD,
2025-08-01 00:00:00+00:00,0.66,0.6600000000000001,0.6877638,0.94784474,0.020727962,0.031427275,GOOD,GOOD,
2025-08-01 01:00:00+00:00,0.69,0.6900000000000001,0.6901866,0.97129387,0.018608958,0.010097184,GOOD,GOOD,
2025-08-01 02:00:00+00:00,0.74,0.74,0.707319,0.9536891,0.036183495,0.010127389,GOOD,GOOD,
2025-08-01 03:00:00+00:00,0.9650000000000001,0.9650000000000002,0.7498733,0.4016999,0.45807937,0.14022073,GOOD,SUSPECT,
2025-08-01 04:00:00+00:00,1.09,1.0900000000000003,0.9261703,0.36627257,0.5338078,0.09991961,GOOD,SUSPECT,
2025-08-01 05:00:00+00:00,1.05,1.0500000000000003,1.0883001,0.9357035,0.042041134,0.022255372,GOOD,GOOD,
2025-08-01 06:00:00+00:00,1.125,1.1250000000000002,1.09259,0.9079861,0.074246414,0.017767493,GOOD,GOOD,
2025-08-01 07:00:00+00:00,1.085,1.0850000000000002,1.131401,0.9463598,0.035752498,0.017887693,GOOD,GOOD,
2025-08-01 08:00:00+00:00,1.0750000000000002,1.0750000000000004,1.1148081,0.9024834,0.046720807,0.050795767,GOOD,GOOD,
2025-08-01 09:00:00+00:00,1.185,1.1850000000000003,1.0973157,0.8836177,0.09974205,0.016640272,GOOD,GOOD,
2025-08-01 10:00:00+00:00,1.02,1.02,1.177188,0.88638455,0.08169411,0.031921327,GOOD,GOOD,
2025-08-01 11:00:00+00:00,1.16,1.1600000000000001,1.0791991,0.8695524,0.10949923,0.020948404,GOOD,GOOD,
2025-08-01 12:00:00+00:00,1.22,1.2200000000000002,1.1428874,0.6865867,0.26766875,0.04574457,GOOD,GOOD,
2025-08-01 13:00:00+00:00,1.355,1.3550000000000002,1.2216729,0.65569025,0.3136054,0.030704355,GOOD,GOOD,
2025-08-01 14:00:00+00:00,1.255,1.2550000000000001,1.345517,0.89780104,0.07596909,0.026229834,GOOD,GOOD,
2025-08-01 15:00:00+00:00,1.345,1.3450000000000002,1.2918704,0.857793,0.12563194,0.016575083,GOOD,GOOD,
2025-08-01 16:00:00+00:00,1.41,1.4100000000000001,1.3377248,0.48374426,0.45911035,0.057145387,GOOD,GOOD,
2025-08-01 17:00:00+00:00,1.4,1.4000000000000001,1.4086156,0.86922985,0.08148638,0.049283773,GOOD,GOOD,
2025-08-01 18:00:00+00:00,1.275,1.2750000000000001,1.414089,0.9281747,0.057579987,0.014245356,GOOD,GOOD,
2025-08-01 19:00:00+00:00,1.3050000000000002,1.3050000000000004,1.3088647,0.9524414,0.03639965,0.011158934,GOOD,GOOD,
2025-08-01 20:00:00+00:00,1.1099999999999999,1.11,1.3056132,0.8634264,0.11369051,0.022883115,GOOD,GOOD,
2025-08-01 21:00:00+00:00,1.06,1.0600000000000003,1.1628948,0.90724117,0.070145726,0.022613093,GOOD,GOOD,
2025-08-01 22:00:00+00:00,1.165,1.1650000000000003,1.0833156,0.892831,0.09523554,0.0119334245,GOOD,GOOD,
2025-08-01 23:00:00+00:00,1.16,1.1600000000000001,1.1497829,0.8392009,0.08622224,0.07457686,GOOD,GOOD,
2025-08-02 00:00:00+00:00,1.275,1.2750000000000001,1.1761458,0.7756222,0.20372939,0.020648409,GOOD,GOOD,
2025-08-02 01:00:00+00:00,1.37,1.3700000000000003,1.2653738,0.42701685,0.5266305,0.046352606,GOOD,SUSPECT,
2025-08-02 02:00:00+00:00,1.32,1.3200000000000003,1.3655434,0.9330526,0.046772767,0.020174647,GOOD,GOOD,
2025-08-02 03:00:00+00:00,1.3399999999999999,1.34,1.3444403,0.9198397,0.05502732,0.025132982,GOOD,GOOD,
2025-08-02 04:00:00+00:00,1.435,1.4350000000000003,1.3467516,0.65896106,0.3108324,0.030206513,GOOD,GOOD,
2025-08-02 05:00:00+00:00,1.475,1.4750000000000003,1.4276192,0.3951519,0.5186779,0.086170174,GOOD,SUSPECT,
2025-08-02 06:00:00+00:00,1.525,1.5250000000000004,1.4806492,0.32469833,0.6071495,0.068152174,GOOD,SUSPECT,
2025-08-02 07:00:00+00:00,1.395,1.3950000000000002,1.5270973,0.85338795,0.12213503,0.024476988,GOOD,GOOD,
2025-08-02 08:00:00+00:00,1.31,1.3100000000000003,1.4246303,0.9286903,0.058325104,0.012984581,GOOD,GOOD,
2025-08-02 09:00:00+00:00,1.245,1.2450000000000003,1.3305568,0.9399621,0.048979014,0.011058885,GOOD,GOOD,
2025-08-02 10:00:00+00:00,1.17,1.1700000000000002,1.2638073,0.9359001,0.052249994,0.011849915,GOOD,GOOD,
2025-08-02 11:00:00+00:00,1.1749999999999998,1.175,1.195172,0.9101852,0.049618915,0.040195834,GOOD,GOOD,
2025-08-02 12:00:00+00:00,1.12,1.1200000000000003,1.1838255,0.9383098,0.045696784,0.015993444,GOOD,GOOD,
2025-08-02 13:00:00+00:00,1.0550000000000002,1.0550000000000004,1.1443776,0.93216944,0.052759256,0.015071288,GOOD,GOOD,
2025-08-02 14:00:00+00:00,1.085,1.0850000000000002,1.0838282,0.96448666,0.026348222,0.009165102,GOOD,GOOD,
2025-08-02 15:00:00+00:00,1.085,1.0850000000000002,1.0898348,0.7874108,0.05230357,0.16028564,GOOD,GOOD,
2025-08-02 16:00:00+00:00,1.1150000000000002,1.1150000000000004,1.0991039,0.9353207,0.046399176,0.018280154,GOOD,GOOD,
2025-08-02 17:00:00+00:00,1.0350000000000001,1.0350000000000004,1.1241738,0.9372559,0.044905018,0.01783904,GOOD,GOOD,
2025-08-02 18:00:00+00:00,1.0350000000000001,1.0350000000000004,1.0723767,0.9279689,0.026166642,0.045864444,GOOD,GOOD,
2025-08-02 19:00:00+00:00,1.1099999999999999,1.11,1.0520813,0.92271286,0.06516599,0.012121164,GOOD,GOOD,
2025-08-02 20:00:00+00:00,1.08,1.0800000000000003,1.1075841,0.96355104,0.022273248,0.014175737,GOOD,GOOD,
2025-08-02 21:00:00+00:00,1.025,1.0250000000000001,1.1069121,0.95370865,0.03196303,0.014328306,GOOD,GOOD,
2025-08-02 22:00:00+00:00,0.89,0.89,1.0590315,0.8642763,0.10690631,0.028817374,GOOD,GOOD,
2025-08-02 23:00:00+00:00,0.925,0.9250000000000002,0.94496024,0.9606932,0.026159601,0.0131472135,GOOD,GOOD,
2025-08-03 00:00:00+00:00,0.895,0.8950000000000001,0.93275434,0.9571452,0.026325453,0.016529333,GOOD,GOOD,
2025-08-03 01:00:00+00:00,0.825,0.8250000000000001,0.92111945,0.9257136,0.05626562,0.01802076,GOOD,GOOD,
2025-08-03 02:00:00+00:00,0.885,0.885,0.8676795,0.95326316,0.034987826,0.01174902,GOOD,GOOD,
2025-08-03 03:00:00+00:00,0.935,0.935,0.88876307,0.8733449,0.09967137,0.026983712,GOOD,GOOD,
2025-08-03 04:00:00+00:00,0.9299999999999999,0.93,0.9408917,0.9554072,0.020157909,0.024434863,GOOD,GOOD,
2025-08-03 05:00:00+00:00,0.96,0.96,0.9549159,0.9605207,0.0269028,0.012576521,GOOD,GOOD,
2025-08-03 06:00:00+00:00,0.9450000000000001,0.9450000000000002,0.97504705,0.9630427,0.019032037,0.017925309,GOOD,GOOD,
2025-08-03 07:00:00+00:00,0.905,0.9050000000000001,0.9708646,0.9587523,0.025281211,0.01596651,GOOD,GOOD,
2025-08-03 08:00:00+00:00,0.84,0.84,0.9382213,0.9407821,0.0428499,0.016367992,GOOD,GOOD,
2025-08-03 09:00:00+00:00,0.88,0.8800000000000001,0.8802647,0.9610386,0.02533794,0.013623475,GOOD,GOOD,
2025-08-03 10:00:00+00:00,0.845,0.845,0.8893355,0.9518091,0.027526071,0.020664828,GOOD,GOOD,
2025-08-03 11:00:00+00:00,0.765,0.765,0.87628436,0.90938336,0.068438046,0.02217861,GOOD,GOOD,
2025-08-03 12:00:00+00:00,0.725,0.725,0.81322825,0.91361916,0.056129787,0.030251047,GOOD,GOOD,
2025-08-03 13:00:00+00:00,0.725,0.725,0.7606068,0.8932754,0.03399444,0.072730176,GOOD,GOOD,
2025-08-03 14:00:00+00:00,0.74,0.74,0.7463878,0.9288643,0.030044861,0.04109084,GOOD,GOOD,
2025-08-03 15:00:00+00:00,0.815,0.815,0.75773686,0.93341476,0.053587902,0.012997363,GOOD,GOOD,
2025-08-03 16:00:00+00:00,0.775,0.7750000000000001,0.81615806,0.958765,0.021982193,0.019252855,GOOD,GOOD,
2025-08-03 17:00:00+00:00,0.755,0.7550000000000001,0.81270134,0.9380258,0.02269223,0.039281994,GOOD,GOOD,
2025-08-03 18:00:00+00:00,0.765,0.765,0.7884063,0.9365519,0.02216334,0.041284703,GOOD,GOOD,
2025-08-03 19:00:00+00:00,0.745,0.745,0.7858998,0.96180725,0.019302147,0.018890634,GOOD,GOOD,
2025-08-03 20:00:00+00:00,0.75,0.7500000000000001,0.77520883,0.87630033,0.031275302,0.09242437,GOOD,GOOD,
2025-08-03 21:00:00+00:00,0.725,0.725,0.77397054,0.9563782,0.02199562,0.021626169,GOOD,GOOD,
2025-08-03 22:00:00+00:00,0.66,0.6600000000000001,0.7580057,0.9127123,0.06158618,0.02570157,GOOD,GOOD,
2025-08-03 23:00:00+00:00,0.655,0.6550000000000001,0.7069933,0.9314397,0.032436077,0.036124203,GOOD,GOOD,
2025-08-04 00:00:00+00:00,0.645,0.645,0.68225884,0.8340328,0.039169457,0.12679774,GOOD,GOOD,
2025-08-04 01:00:00+00:00,0.63,0.63,0.6721131,0.8835099,0.0361818,0.080308296,GOOD,GOOD,
2025-08-04 02:00:00+00:00,0.77,0.07700000000000001,0.6607546,0.05750519,0.11986456,0.8226302,BAD,BAD,B_mult
2025-08-04 03:00:00+00:00,0.8,0.8000000000000002,0.32224667,0.2678854,0.19117978,0.54093486,GOOD,GOOD,
2025-08-04 04:00:00+00:00,0.79,0.79,0.5750507,0.038466573,0.6782581,0.2832753,GOOD,SUSPECT,
2025-08-04 05:00:00+00:00,0.77,0.77,0.793082,0.9628163,0.018001264,0.019182445,GOOD,GOOD,
2025-08-04 06:00:00+00:00,0.825,0.8250000000000001,0.82317823,0.9590269,0.028981362,0.011991757,GOOD,GOOD,
2025-08-04 07:00:00+00:00,0.81,0.8100000000000002,0.84245694,0.97122407,0.015887408,0.012888501,GOOD,GOOD,
2025-08-04 08:00:00+00:00,0.7849999999999999,0.785,0.83943915,0.9351309,0.03163886,0.03323023,GOOD,GOOD,
2025-08-04 09:00:00+00:00,0.79,0.79,0.81878954,0.92670965,0.023441836,0.049848482,GOOD,GOOD,
2025-08-04 10:00:00+00:00,0.75,0.7500000000000001,0.8140647,0.96118224,0.021191254,0.017626526,GOOD,GOOD,
2025-08-04 11:00:00+00:00,0.73,0.7300000000000001,0.7872422,0.9517882,0.021668542,0.026543267,GOOD,GOOD,
2025-08-04 12:00:00+00:00,0.69,0.6900000000000001,0.761757,0.9492456,0.030834729,0.01991968,GOOD,GOOD,
2025-08-04 13:00:00+00:00,0.6699999999999999,0.6699999999999999,0.72690064,0.9531982,0.024877558,0.021924257,GOOD,GOOD,
2025-08-04 14:00:00+00:00,0.605,0.605,0.7008667,0.925396,0.05690933,0.01769463,GOOD,GOOD,
2025-08-04 15:00:00+00:00,0.67,0.67,0.6508346,0.9337757,0.045789834,0.020434448,GOOD,GOOD,
2025-08-04 16:00:00+00:00,0.755,0.7550000000000001,0.67322946,0.8640959,0.11215366,0.023750417,GOOD,GOOD,
2025-08-04 17:00:00+00:00,0.77,0.77,0.75028026,0.9388795,0.039283004,0.02183748,GOOD,GOOD,
2025-08-04 18:00:00+00:00,0.755,0.7550000000000001,0.79246217,0.96995217,0.012360121,0.017687717,GOOD,GOOD,
2025-08-04 19:00:00+00:00,0.7,0.7,0.78873557,0.9553007,0.026525293,0.018173996,GOOD,GOOD,
2025-08-04 20:00:00+00:00,0.69,0.6900000000000001,0.7441358,0.97141105,0.014547095,0.014041852,GOOD,GOOD,
2025-08-04 21:00:00+00:00,0.69,0.6900000000000001,0.7184703,0.7494988,0.031110546,0.21939068,GOOD,GOOD,
2025-08-04 22:00:00+00:00,0.66,0.6600000000000001,0.7139802,0.96462756,0.018470796,0.016901668,GOOD,GOOD,
2025-08-04 23:00:00+00:00,0.645,0.645,0.6954842,0.93229103,0.022972053,0.044736903,GOOD,GOOD,
2025-08-05 00:00:00+00:00,0.54,0.5400000000000001,0.6769019,0.76747215,0.16416743,0.068360426,GOOD,GOOD,
2025-08-05 01:00:00+00:00,0.53,0.53,0.6023807,0.8995719,0.052718613,0.0477095,GOOD,GOOD,
2025-08-05 02:00:00+00:00,0.515,0.515,0.5615269,0.92533517,0.03372788,0.04093695,GOOD,GOOD,
2025-08-05 03:00:00+00:00,0.5549999999999999,0.5549999999999999,0.5441393,0.9452786,0.03584869,0.018872714,GOOD,GOOD,
2025-08-05 04:00:00+00:00,0.62,0.62,0.5670076,0.9323115,0.052064884,0.015623655,GOOD,GOOD,
2025-08-05 05:00:00+00:00,0.565,0.5650000000000001,0.62403136,0.95040447,0.027899785,0.021695778,GOOD,GOOD,
2025-08-05 06:00:00+00:00,0.62,0.62,0.61277455,0.95741934,0.02752243,0.015058242,GOOD,GOOD,
2025-08-05 07:00:00+00:00,0.58,0.58,0.63260067,0.96889096,0.016843557,0.014265481,GOOD,GOOD,
2025-08-05 08:00:00+00:00,0.585,0.5850000000000001,0.6198827,0.9731051,0.011814042,0.015080878,GOOD,GOOD,
2025-08-05 09:00:00+00:00,0.56,0.5600000000000002,0.6129531,0.97151357,0.014067283,0.0144191235,GOOD,GOOD,
2025-08-05 10:00:00+00:00,0.58,0.58,0.5959568,0.97051036,0.014754306,0.014735356,GOOD,GOOD,
2025-08-05 11:00:00+00:00,0.585,0.5850000000000001,0.601262,0.86654544,0.026410589,0.10704399,GOOD,GOOD,
2025-08-05 12:00:00+00:00,0.505,0.505,0.61027014,0.86891216,0.09081885,0.040268976,GOOD,GOOD,
2025-08-05 13:00:00+00:00,0.485,0.4850000000000001,0.56190085,0.9195066,0.042233076,0.03826032,GOOD,GOOD,
2025-08-05 14:00:00+00:00,0.52,0.52,0.5224064,0.9612193,0.022590453,0.016190259,GOOD,GOOD,
2025-08-05 15:00:00+00:00,0.55,0.55,0.53298753,0.9289562,0.039680496,0.031363286,GOOD,GOOD,
2025-08-05 16:00:00+00:00,0.5549999999999999,0.5549999999999999,0.564923,0.9257903,0.02009519,0.05411451,GOOD,GOOD,
2025-08-05 17:00:00+00:00,0.5800000000000001,0.5800000000000001,0.5821161,0.96933854,0.015276262,0.015385217,GOOD,GOOD,
2025-08-05 18:00:00+00:00,0.55,0.55,0.60121566,0.9704729,0.014280907,0.015246225,GOOD,GOOD,
2025-08-05 19:00:00+00:00,0.565,0.5650000000000001,0.58902353,0.9737033,0.012940431,0.01335627,GOOD,GOOD,
2025-08-05 20:00:00+00:00,0.58,0.58,0.5891925,0.8557087,0.034436364,0.109854914,GOOD,GOOD,
2025-08-05 21:00:00+00:00,0.605,0.605,0.6018206,0.95535886,0.023536818,0.02110435,GOOD,GOOD,
2025-08-05 22:00:00+00:00,0.555,0.555,0.62445724,0.96902263,0.0169981,0.01397924,GOOD,GOOD,
2025-08-05 23:00:00+00:00,0.565,0.5650000000000001,0.600944,0.97861874,0.010138693,0.011242556,GOOD,GOOD,
2025-08-06 00:00:00+00:00,0.5,0.5000000000000001,0.59136814,0.9115914,0.05795229,0.030456273,GOOD,GOOD,
2025-08-06 01:00:00+00:00,0.505,0.505,0.54953825,0.9667968,0.01736272,0.015840463,GOOD,GOOD,
2025-08-06 02:00:00+00:00,0.45499999999999996,0.455,0.5321596,0.91308707,0.053843785,0.033069137,GOOD,GOOD,
2025-08-06 03:00:00+00:00,0.44,0.4400000000000001,0.4993026,0.93842256,0.0328701,0.028707331,GOOD,GOOD,
2025-08-06 04:00:00+00:00,0.48,0.48000000000000004,0.47467452,0.93964493,0.036759738,0.023595305,GOOD,GOOD,
2025-08-06 05:00:00+00:00,0.485,0.4850000000000001,0.49238127,0.9310676,0.027583562,0.041348875,GOOD,GOOD,
2025-08-06 06:00:00+00:00,0.495,0.4950000000000001,0.5098389,0.8808154,0.029358014,0.08982659,GOOD,GOOD,
2025-08-06 07:00:00+00:00,0.53,0.53,0.52150464,0.96936417,0.019066507,0.011569357,GOOD,GOOD,
2025-08-06 08:00:00+00:00,0.52,0.52,0.54701596,0.9747404,0.012263612,0.012996,GOOD,GOOD,
2025-08-06 09:00:00+00:00,0.5549999999999999,0.5549999999999999,0.55245954,0.97349894,0.016032668,0.010468419,GOOD,GOOD,
2025-08-06 10:00:00+00:00,0.59,0.5900000000000001,0.57305855,0.9336765,0.039159488,0.027164059,GOOD,GOOD,
2025-08-06 11:00:00+00:00,0.445,0.44500000000000006,0.60621184,0.666373,0.20703079,0.1265962,GOOD,GOOD,
2025-08-06 12:00:00+00:00,0.45999999999999996,0.4600000000000001,0.5266197,0.96976686,0.017142178,0.0130909365,GOOD,GOOD,
2025-08-06 13:00:00+00:00,0.49,0.4900000000000001,0.4881181,0.9746481,0.015740156,0.0096117295,GOOD,GOOD,
2025-08-06 14:00:00+00:00,0.46499999999999997,0.465,0.5023984,0.9745395,0.0139150545,0.011545412,GOOD,GOOD,
2025-08-06 15:00:00+00:00,0.46499999999999997,0.465,0.500717,0.9141654,0.020134795,0.06569984,GOOD,GOOD,
2025-08-06 16:00:00+00:00,0.55,0.55,0.495851,0.90774375,0.07002139,0.02223487,GOOD,GOOD,
2025-08-06 17:00:00+00:00,0.525,0.525,0.54780996,0.9686763,0.01674618,0.01457751,GOOD,GOOD,
2025-08-06 18:00:00+00:00,0.48,0.48000000000000004,0.56089884,0.9628721,0.021764293,0.015363634,GOOD,GOOD,
2025-08-06 19:00:00+00:00,0.54,0.5400000000000001,0.52866066,0.9538559,0.030910159,0.015233949,GOOD,GOOD,
2025-08-06 20:00:00+00:00,0.575,0.575,0.548167,0.95099556,0.033576395,0.015428022,GOOD,GOOD,
2025-08-06 21:00:00+00:00,0.48,0.48000000000000004,0.5881903,0.91488814,0.054288484,0.03082338,GOOD,GOOD,
2025-08-06 22:00:00+00:00,0.505,0.505,0.5436391,0.9782657,0.011055983,0.010678288,GOOD,GOOD,
2025-08-06 23:00:00+00:00,0.42500000000000004,0.42500000000000016,0.52861285,0.8818157,0.07898152,0.03920279,GOOD,GOOD,
2025-08-07 00:00:00+00:00,0.42,0.42000000000000004,0.47985446,0.96462786,0.018085282,0.01728687,GOOD,GOOD,
2025-08-07 01:00:00+00:00,0.41000000000000003,0.4100000000000001,0.45218062,0.8657349,0.032034744,0.10223039,GOOD,GOOD,
2025-08-07 02:00:00+00:00,0.44499999999999995,0.445,0.4402237,0.96412086,0.022714734,0.013164387,GOOD,GOOD,
2025-08-07 03:00:00+00:00,0.525,0.525,0.4598653,0.89009917,0.08575273,0.024148107,GOOD,GOOD,
2025-08-07 04:00:00+00:00,0.625,0.625,0.5234236,0.7707936,0.18131289,0.0478935,GOOD,GOOD,
2025-08-07 05:00:00+00:00,0.46499999999999997,0.465,0.6190858,0.67394155,0.18803324,0.13802522,GOOD,GOOD,
2025-08-07 06:00:00+00:00,0.395,0.3950000000000001,0.5532594,0.6458721,0.24486026,0.109267645,GOOD,GOOD,
2025-08-07 07:00:00+00:00,0.485,0.4850000000000001,0.4585397,0.9219985,0.0551062,0.022895306,GOOD,GOOD,
2025-08-07 08:00:00+00:00,0.48,0.48000000000000004,0.4773129,0.97513586,0.014200696,0.010663432,GOOD,GOOD,
2025-08-07 09:00:00+00:00,0.42,0.42000000000000004,0.50343573,0.9536034,0.0286914,0.01770519,GOOD,GOOD,
2025-08-07 10:00:00+00:00,0.435,0.4350000000000001,0.47398952,0.9758779,0.011404977,0.012717131,GOOD,GOOD,
2025-08-07 11:00:00+00:00,0.41500000000000004,0.41500000000000015,0.46187657,0.97227824,0.012911057,0.014810685,GOOD,GOOD,
2025-08-07 12:00:00+00:00,0.41,0.41000000000000003,0.4494224,0.8446796,0.029852431,0.125468,GOOD,GOOD,
2025-08-07 13:00:00+00:00,0.44,0.4400000000000001,0.4412028,0.9688878,0.018662099,0.012450092,GOOD,GOOD,
2025-08-07 14:00:00+00:00,0.415,0.4150000000000001,0.45751867,0.9679672,0.016278269,0.015754493,GOOD,GOOD,
2025-08-07 15:00:00+00:00,0.43000000000000005,0.4300000000000001,0.45276272,0.9652022,0.015528022,0.019269766,GOOD,GOOD,
2025-08-07 16:00:00+00:00,0.5,0.5000000000000001,0.4556591,0.93258524,0.04945132,0.017963417,GOOD,GOOD,
2025-08-07 17:00:00+00:00,0.47,0.47000000000000003,0.50272495,0.97385174,0.013625858,0.012522429,GOOD,GOOD,
2025-08-07 18:00:00+00:00,0.41000000000000003,0.4100000000000001,0.5092609,0.9362362,0.04161518,0.0221486,GOOD,GOOD,
2025-08-07 19:00:00+00:00,0.39,0.3900000000000001,0.46560818,0.95775986,0.02145901,0.020781156,GOOD,GOOD,
2025-08-07 20:00:00+00:00,0.41000000000000003,0.4100000000000001,0.42880517,0.9759334,0.012534557,0.011532096,GOOD,GOOD,
2025-08-07 21:00:00+00:00,0.435,0.4350000000000001,0.42958802,0.9322953,0.030007772,0.037696928,GOOD,GOOD,
2025-08-07 22:00:00+00:00,0.435,0.4350000000000001,0.4525119,0.894971,0.020223824,0.08480518,GOOD,GOOD,
2025-08-07 23:00:00+00:00,0.43,0.43000000000000005,0.46440554,0.83242786,0.021698736,0.14587337,GOOD,GOOD,
2025-08-08 00:00:00+00:00,0.42000000000000004,0.4200000000000001,0.46299294,0.8641213,0.023377754,0.11250096,GOOD,GOOD,
2025-08-08 01:00:00+00:00,0.435,0.4350000000000001,0.4539931,0.9701154,0.0141218845,0.015762666,GOOD,GOOD,
2025-08-08 02:00:00+00:00,0.39,0.3900000000000001,0.45884806,0.9439725,0.03337995,0.022647532,GOOD,GOOD,
2025-08-08 03:00:00+00:00,0.395,0.3950000000000001,0.43570286,0.96907294,0.014478624,0.016448425,GOOD,GOOD,
2025-08-08 04:00:00+00:00,0.385,0.38500000000000006,0.42437422,0.9235498,0.022689696,0.053760517,GOOD,GOOD,
2025-08-08 05:00:00+00:00,0.45999999999999996,0.4600000000000001,0.41689384,0.91070884,0.06303276,0.026258372,GOOD,GOOD,
2025-08-08 06:00:00+00:00,0.445,0.44500000000000006,0.46094725,0.9651532,0.0188278,0.016018996,GOOD,GOOD,
2025-08-08 07:00:00+00:00,0.39,0.3900000000000001,0.47808003,0.9353432,0.039528724,0.025128061,GOOD,GOOD,
2025-08-08 08:00:00+00:00,0.485,0.4850000000000001,0.44384632,0.87103057,0.087754026,0.041215416,GOOD,GOOD,
2025-08-08 09:00:00+00:00,0.445,0.44500000000000006,0.48108417,0.9623556,0.022207702,0.015436671,GOOD,GOOD,
2025-08-08 10:00:00+00:00,0.49,0.4900000000000001,0.4847901,0.9424558,0.035102338,0.022441823,GOOD,GOOD,
2025-08-08 11:00:00+00:00,0.435,0.4350000000000001,0.5064278,0.9654318,0.02024068,0.014327509,GOOD,GOOD,
2025-08-08 12:00:00+00:00,0.49,0.4900000000000001,0.48382154,0.93717694,0.03936588,0.023457166,GOOD,GOOD,
2025-08-08 13:00:00+00:00,0.525,0.525,0.5014912,0.948083,0.03398045,0.017936574,GOOD,GOOD,
2025-08-08 14:00:00+00:00,0.475,0.4750000000000001,0.5387978,0.9660265,0.01963907,0.014334434,GOOD,GOOD,
2025-08-08 15:00:00+00:00,0.42,0.42000000000000004,0.5229246,0.9449717,0.03663468,0.018393626,GOOD,GOOD,
2025-08-08 16:00:00+00:00,0.43,0.43000000000000005,0.47277862,0.9799031,0.01019962,0.009897303,GOOD,GOOD,
2025-08-08 17:00:00+00:00,0.42,0.42000000000000004,0.4553659,0.9321874,0.019189559,0.04862304,GOOD,GOOD,
2025-08-08 18:00:00+00:00,0.42000000000000004,0.4200000000000001,0.4495646,0.7807151,0.027856115,0.19142878,GOOD,GOOD,
2025-08-08 19:00:00+00:00,0.445,0.44500000000000006,0.4488204,0.9695023,0.01713166,0.013366058,GOOD,GOOD,
2025-08-08 20:00:00+00:00,0.435,0.4350000000000001,0.4647295,0.96515566,0.014217624,0.020626696,GOOD,GOOD,
2025-08-08 21:00:00+00:00,0.49,0.4900000000000001,0.46750087,0.9342897,0.043421466,0.022288807,GOOD,GOOD,
2025-08-08 22:00:00+00:00,0.48,0.48000000000000004,0.50017023,0.9620608,0.02037995,0.017559238,GOOD,GOOD,
2025-08-08 23:00:00+00:00,0.45999999999999996,0.4600000000000001,0.5118643,0.93682295,0.019977303,0.043199733,GOOD,GOOD,
2025-08-09 00:00:00+00:00,0.42,0.42000000000000004,0.49894965,0.9597032,0.02336057,0.016936231,GOOD,GOOD,
2025-08-09 01:00:00+00:00,0.425,0.4250000000000001,0.46528924,0.9649586,0.011916045,0.023125332,GOOD,GOOD,
2025-08-09 02:00:00+00:00,0.4,0.40000000000000013,0.4526343,0.9690901,0.016101815,0.014808107,GOOD,GOOD,
2025-08-09 03:00:00+00:00,0.38,0.38000000000000006,0.4368874,0.9110844,0.03299593,0.055919647,GOOD,GOOD,
2025-08-09 04:00:00+00:00,0.38,0.38000000000000006,0.41754147,0.8830391,0.026994525,0.08996635,GOOD,GOOD,
2025-08-09 05:00:00+00:00,0.38,0.3993834702834233,0.40946895,0.9660637,0.01796556,0.015970772,SUSPECT,GOOD,D_drift
2025-08-09 06:00:00+00:00,0.43,0.46876694056684665,0.42051005,0.9157424,0.062884055,0.021373533,SUSPECT,GOOD,D_drift
2025-08-09 07:00:00+00:00,0.395,0.45315041085026986,0.47134745,0.96804684,0.01688856,0.015064622,SUSPECT,GOOD,D_drift
2025-08-09 08:00:00+00:00,0.425,0.5025338811336931,0.48781064,0.9519239,0.03135487,0.01672123,SUSPECT,GOOD,D_drift
2025-08-09 09:00:00+00:00,0.44,0.5369173514171164,0.51749486,0.94684964,0.034131877,0.019018462,SUSPECT,GOOD,D_drift
2025-08-09 10:00:00+00:00,0.42500000000000004,0.5413008217005396,0.55362153,0.94837564,0.022940984,0.028683392,SUSPECT,GOOD,D_drift
2025-08-09 11:00:00+00:00,0.42375,0.5594342919839629,0.5701383,0.95719254,0.022893103,0.01991435,SUSPECT,GOOD,D_drift
2025-08-09 12:00:00+00:00,0.42250000000000004,0.5775677622673863,0.583972,0.9102291,0.036151055,0.053619836,SUSPECT,GOOD,D_drift
2025-08-09 13:00:00+00:00,0.42125,0.5957012325508095,0.60044956,0.9110286,0.037342187,0.051629204,SUSPECT,GOOD,D_drift
2025-08-09 19:00:00+00:00,0.41375,0.6075847028342328,0.61840004,0.9174179,0.035151236,0.047430903,SUSPECT,GOOD,D_drift
2025-08-09 20:00:00+00:00,0.4125,0.6257181731176559,0.63237417,0.9470816,0.027925747,0.024992622,SUSPECT,GOOD,D_drift
2025-08-09 21:00:00+00:00,0.41125,0.6438516434010791,0.6482035,0.9220642,0.034416214,0.043519616,SUSPECT,GOOD,D_drift
2025-08-09 22:00:00+00:00,0.41,0.6619851136845024,0.66576445,0.9212205,0.033596087,0.045183424,SUSPECT,GOOD,D_drift
2025-08-09 23:00:00+00:00,0.36,0.6313685839679258,0.68379116,0.9419434,0.031469252,0.026587354,SUSPECT,GOOD,D_drift
2025-08-10 00:00:00+00:00,0.32,0.610752054251349,0.6692203,0.93865675,0.032533564,0.028809668,SUSPECT,GOOD,D_drift
2025-08-10 01:00:00+00:00,0.315,0.6251355245347723,0.6455873,0.95732933,0.021294786,0.021375889,SUSPECT,GOOD,D_drift
2025-08-10 02:00:00+00:00,0.38,0.7095189948181956,0.64628917,0.8973058,0.07812739,0.024566798,SUSPECT,GOOD,D_drift
2025-08-10 03:00:00+00:00,0.32999999999999996,0.6789024651016187,0.7071399,0.9454721,0.032242186,0.02228567,SUSPECT,GOOD,D_drift
2025-08-10 04:00:00+00:00,0.33499999999999996,0.703285935385042,0.7154889,0.9641506,0.020671897,0.015177492,SUSPECT,GOOD,D_drift
2025-08-10 05:00:00+00:00,0.355,0.7426694056684654,0.72517216,0.9603011,0.028756032,0.010942881,SUSPECT,GOOD,D_drift
2025-08-10 06:00:00+00:00,0.375,0.7820528759518885,0.7560708,0.91696787,0.057689473,0.025342667,SUSPECT,GOOD,D_drift
2025-08-10 07:00:00+00:00,0.37,0.7964363462353119,0.79616654,0.96354896,0.022184746,0.014266315,SUSPECT,GOOD,D_drift
2025-08-10 08:00:00+00:00,0.375,0.8208198165187351,0.81931186,0.96053076,0.025215136,0.014254125,SUSPECT,GOOD,D_drift
2025-08-10 09:00:00+00:00,0.315,0.7802032868021584,0.84048504,0.960964,0.022700842,0.016335111,SUSPECT,GOOD,D_drift
2025-08-10 10:00:00+00:00,0.32999999999999996,0.8145867570855816,0.8182396,0.9576297,0.028458837,0.013911464,SUSPECT,GOOD,D_drift
2025-08-10 11:00:00+00:00,0.33499999999999996,0.838970227369005,0.82950467,0.9578101,0.028971301,0.013218585,SUSPECT,GOOD,D_drift
2025-08-10 12:00:00+00:00,0.32,0.8433536976524281,0.8551581,0.967367,0.017907511,0.014725502,SUSPECT,GOOD,D_drift
2025-08-10 13:00:00+00:00,0.31,0.8527371679358513,0.86714286,0.9102537,0.031437222,0.058309067,SUSPECT,GOOD,D_drift
2025-08-10 14:00:00+00:00,0.33,0.8921206382192747,0.8748892,0.95309985,0.03437815,0.012521972,SUSPECT,GOOD,D_drift
2025-08-10 15:00:00+00:00,0.3,0.881504108502698,0.9044982,0.96619844,0.019578768,0.014222773,SUSPECT,GOOD,D_drift
2025-08-10 16:00:00+00:00,0.29000000000000004,0.8908875787861213,0.9081135,0.9694286,0.017752338,0.012819038,SUSPECT,GOOD,D_drift
2025-08-10 17:00:00+00:00,0.35,0.9702710490695445,0.9120536,0.9067658,0.07377146,0.019462723,SUSPECT,GOOD,D_drift
2025-08-10 18:00:00+00:00,0.375,1.014654519352968,0.9706997,0.87475646,0.09956662,0.025676887,SUSPECT,GOOD,D_drift
2025-08-10 19:00:00+00:00,0.32,0.9790379896363912,1.0259581,0.95801955,0.024569994,0.017410466,SUSPECT,GOOD,D_drift
2025-08-10 20:00:00+00:00,0.315,0.9934214599198143,1.0124601,0.963797,0.021780547,0.014422462,SUSPECT,GOOD,D_drift
2025-08-10 21:00:00+00:00,0.30000000000000004,0.9978049302032377,1.0112554,0.83516765,0.046280887,0.11855148,SUSPECT,GOOD,D_drift
2025-08-10 22:00:00+00:00,0.29,1.007188400486661,1.0162728,0.8249197,0.055009026,0.12007127,SUSPECT,GOOD,D_drift
2025-08-10 23:00:00+00:00,0.26,0.9965718707700841,1.0251684,0.94168377,0.027615078,0.030701157,SUSPECT,GOOD,D_drift
2025-08-11 00:00:00+00:00,0.28500000000000003,1.0409553410535075,1.0198171,0.94949234,0.039586946,0.010920714,SUSPECT,GOOD,D_drift
2025-08-11 01:00:00+00:00,0.275,1.0503388113369307,1.049372,0.95990795,0.026339436,0.0137526,BAD,GOOD,D_drift
2025-08-11 02:00:00+00:00,0.25,1.0447222816203539,1.067683,0.89187604,0.031904195,0.07621977,BAD,GOOD,D_drift
2025-08-11 03:00:00+00:00,0.31,1.1241057519037774,1.0662079,0.90195274,0.08114464,0.016902622,BAD,GOOD,D_drift
2025-08-11 04:00:00+00:00,0.29000000000000004,1.1234892221872006,1.1232737,0.94462645,0.036028665,0.019344907,BAD,GOOD,D_drift
2025-08-11 05:00:00+00:00,0.30500000000000005,1.157872692470624,1.1427044,0.9401854,0.046060737,0.013753837,BAD,GOOD,D_drift
2025-08-11 06:00:00+00:00,0.355,1.227256162754047,1.1687206,0.8267863,0.14896189,0.024251835,BAD,GOOD,D_drift
2025-08-11 07:00:00+00:00,0.325,1.2166396330374705,1.2289225,0.9487987,0.033729054,0.017472256,BAD,GOOD,D_drift
2025-08-11 08:00:00+00:00,0.315,1.2260231033208937,1.2364526,0.89965993,0.047614094,0.052725974,BAD,GOOD,D_drift
2025-08-11 09:00:00+00:00,0.295,1.225406573604317,1.2397779,0.6404594,0.08052973,0.27901083,BAD,GOOD,D_drift
2025-08-11 10:00:00+00:00,0.28500000000000003,0.2850000000000001,1.2396822,0.025689423,0.03173963,0.9425709,GOOD,BAD,
2025-08-11 11:00:00+00:00,0.29,0.29000000000000004,0.6028804,0.034802854,0.5696571,0.3955401,GOOD,SUSPECT,
2025-08-11 12:00:00+00:00,0.315,0.31500000000000006,0.33748695,0.9399866,0.03767274,0.022340667,GOOD,GOOD,
2025-08-11 13:00:00+00:00,0.30000000000000004,0.3000000000000001,0.30287743,0.9123416,0.05615683,0.031501584,GOOD,GOOD,
2025-08-11 14:00:00+00:00,0.29,0.29000000000000004,0.31954885,0.914598,0.045140907,0.04026109,GOOD,GOOD,
2025-08-11 15:00:00+00:00,0.3,0.30000000000000004,0.3238827,0.8980632,0.05529564,0.046641167,GOOD,GOOD,
2025-08-11 16:00:00+00:00,0.23,0.23000000000000004,0.3270495,0.78421813,0.13552772,0.08025414,GOOD,GOOD,
2025-08-11 17:00:00+00:00,0.275,0.2750000000000001,0.28807485,0.92390084,0.046842076,0.029257081,GOOD,GOOD,
2025-08-11 18:00:00+00:00,0.33,0.3300000000000001,0.289418,0.9292621,0.045178268,0.025559612,GOOD,GOOD,
2025-08-11 19:00:00+00:00,0.395,0.3950000000000001,0.33318427,0.9201139,0.055459365,0.02442672,GOOD,GOOD,
2025-08-11 20:00:00+00:00,0.32,0.32000000000000006,0.3985793,0.91835594,0.04986965,0.031774383,GOOD,GOOD,
2025-08-11 21:00:00+00:00,0.32,0.32000000000000006,0.38205352,0.9577469,0.018815411,0.023437692,GOOD,GOOD,
2025-08-11 22:00:00+00:00,0.35,0.35000000000000003,0.3584154,0.97319824,0.016364697,0.010437073,GOOD,GOOD,
2025-08-11 23:00:00+00:00,0.34,0.34000000000000014,0.36791715,0.97511405,0.014412795,0.010473161,GOOD,GOOD,
2025-08-12 00:00:00+00:00,0.31,0.31000000000000005,0.3724698,0.9646675,0.020803396,0.014529099,GOOD,GOOD,
2025-08-12 01:00:00+00:00,0.29000000000000004,0.2900000000000001,0.35397655,0.9399822,0.027507136,0.032510705,GOOD,GOOD,
2025-08-12 02:00:00+00:00,0.28,0.28000000000000014,0.32994416,0.9237325,0.027258674,0.04900879,GOOD,GOOD,
2025-08-12 03:00:00+00:00,0.28500000000000003,0.2850000000000001,0.31368306,0.94522744,0.020048028,0.0347245,GOOD,GOOD,
2025-08-12 04:00:00+00:00,0.28,0.28000000000000014,0.31170675,0.9233403,0.02371955,0.052940145,GOOD,GOOD,
2025-08-12 05:00:00+00:00,0.315,0.31500000000000006,0.31063405,0.9603462,0.024970125,0.01468364,GOOD,GOOD,
2025-08-12 06:00:00+00:00,0.4,0.40000000000000013,0.33077392,0.85858387,0.10524509,0.03617102,GOOD,GOOD,
2025-08-12 07:00:00+00:00,0.515,0.515,0.39498118,0.71184486,0.21765108,0.07050407,GOOD,GOOD,
2025-08-12 08:00:00+00:00,0.49,0.4900000000000001,0.5008098,0.86017495,0.08397271,0.055852346,GOOD,GOOD,
2025-08-12 09:00:00+00:00,0.56,0.5600000000000002,0.53071797,0.89742786,0.06914735,0.033424772,GOOD,GOOD,
2025-08-12 10:00:00+00:00,0.605,0.605,0.57109845,0.88991535,0.06997691,0.040107712,GOOD,GOOD,
2025-08-12 11:00:00+00:00,0.635,0.6350000000000001,0.61844873,0.86667174,0.081180796,0.05214745,GOOD,GOOD,
2025-08-12 12:00:00+00:00,0.675,0.675,0.6553865,0.8922446,0.06715118,0.04060421,GOOD,GOOD,
2025-08-12 13:00:00+00:00,0.7050000000000001,0.7050000000000002,0.692334,0.8961525,0.06504979,0.038797732,GOOD,GOOD,
2025-08-12 14:00:00+00:00,0.765,0.765,0.7245279,0.9155249,0.05800576,0.026469318,GOOD,GOOD,
2025-08-12 15:00:00+00:00,0.72,0.72,0.7748222,0.9094623,0.05744576,0.03309195,GOOD,GOOD,
2025-08-12 16:00:00+00:00,0.615,0.6150000000000001,0.76180905,0.83629286,0.11686212,0.046845037,GOOD,GOOD,
2025-08-12 17:00:00+00:00,0.45,0.4500000000000001,0.67748183,0.46308875,0.40996417,0.12694706,GOOD,GOOD,
2025-08-12 18:00:00+00:00,0.455,0.45500000000000007,0.53451663,0.91426796,0.05441482,0.03131721,GOOD,GOOD,
2025-08-12 19:00:00+00:00,0.47,0.47000000000000003,0.47893515,0.9556105,0.020046989,0.024342509,GOOD,GOOD,
2025-08-12 20:00:00+00:00,0.44,0.4400000000000001,0.48405963,0.9706619,0.01642222,0.012915915,GOOD,GOOD,
2025-08-12 21:00:00+00:00,0.5,0.5000000000000001,0.47657815,0.9378841,0.043607764,0.018508118,GOOD,GOOD,
2025-08-12 22:00:00+00:00,0.475,0.4750000000000001,0.50760555,0.96808606,0.016597608,0.01531635,GOOD,GOOD,
2025-08-12 23:00:00+00:00,0.53,0.53,0.51083714,0.9524928,0.032711875,0.014795331,GOOD,GOOD,
2025-08-13 00:00:00+00:00,0.55,0.55,0.54105824,0.96932477,0.019101774,0.011573459,GOOD,GOOD,
2025-08-13 01:00:00+00:00,0.56,0.5788864991758812,0.57066643,0.95674306,0.02500709,0.018249875,SUSPECT,GOOD,D_drift
2025-08-13 02:00:00+00:00,0.59,0.627772998351762,0.5993159,0.9490845,0.036701288,0.01421421,SUSPECT,GOOD,D_drift
2025-08-13 03:00:00+00:00,0.5449999999999999,0.601659497527643,0.6412667,0.97444797,0.01257031,0.012981715,SUSPECT,GOOD,D_drift
2025-08-13 04:00:00+00:00,0.47,0.5455459967035242,0.6405117,0.9644383,0.020420086,0.015141578,SUSPECT,GOOD,D_drift
2025-08-13 05:00:00+00:00,0.41500000000000004,0.5094324958794052,0.5962821,0.96523726,0.02039888,0.014363834,SUSPECT,GOOD,D_drift
2025-08-13 06:00:00+00:00,0.445,0.5583189950552863,0.5514227,0.9651881,0.023340711,0.011471207,SUSPECT,GOOD,D_drift
2025-08-13 07:00:00+00:00,0.425,0.5572054942311673,0.567551,0.9719886,0.012982697,0.015028699,SUSPECT,GOOD,D_drift
2025-08-13 08:00:00+00:00,0.44499999999999995,0.5960919934070482,0.58311254,0.9674966,0.021762848,0.0107405605,SUSPECT,GOOD,D_drift
2025-08-13 09:00:00+00:00,0.49,0.6599784925829293,0.61225015,0.9363939,0.050071146,0.013534946,SUSPECT,GOOD,D_drift
2025-08-13 10:00:00+00:00,0.38,0.5688649917588103,0.66660714,0.92701775,0.04510315,0.027879076,SUSPECT,GOOD,D_drift
2025-08-13 11:00:00+00:00,0.44,0.6477514909346914,0.62844974,0.93848497,0.043559402,0.017955614,SUSPECT,GOOD,D_drift
2025-08-13 12:00:00+00:00,0.475,0.7016379901105724,0.6518625,0.9231494,0.05839707,0.018453535,SUSPECT,GOOD,D_drift
2025-08-13 13:00:00+00:00,0.535,0.7805244892864535,0.7078432,0.8739726,0.10156425,0.024463167,SUSPECT,GOOD,D_drift
2025-08-13 14:00:00+00:00,0.55,0.8144109884623346,0.7841777,0.92150104,0.056891154,0.02160778,SUSPECT,GOOD,D_drift
2025-08-13 15:00:00+00:00,0.585,0.8682974876382156,0.83356136,0.91783786,0.06417003,0.017992077,SUSPECT,GOOD,D_drift
2025-08-13 16:00:00+00:00,0.535,0.8371839868140967,0.8815187,0.95587534,0.026647542,0.017477134,SUSPECT,GOOD,D_drift
2025-08-13 17:00:00+00:00,0.47,0.7910704859899775,0.8730574,0.95088416,0.0345453,0.014570554,SUSPECT,GOOD,D_drift
2025-08-13 18:00:00+00:00,0.43,0.7699569851658586,0.8306451,0.95297515,0.026961867,0.020062994,SUSPECT,GOOD,D_drift
2025-08-13 19:00:00+00:00,0.46499999999999997,0.8238434843417396,0.799692,0.95285195,0.035876077,0.011271963,SUSPECT,GOOD,D_drift
2025-08-13 20:00:00+00:00,0.45999999999999996,0.8377299835176206,0.82989156,0.95206165,0.028840683,0.019097663,SUSPECT,GOOD,D_drift
2025-08-13 21:00:00+00:00,0.435,0.8316164826935019,0.8569338,0.9032022,0.027227327,0.06957053,SUSPECT,GOOD,D_drift
2025-08-13 22:00:00+00:00,0.46499999999999997,0.8805029818693828,0.85887474,0.95237184,0.036372986,0.011255177,SUSPECT,GOOD,D_drift
2025-08-13 23:00:00+00:00,0.42,0.8543894810452637,0.89029926,0.96799415,0.018458726,0.0135471225,SUSPECT,GOOD,D_drift
2025-08-14 00:00:00+00:00,0.55,1.003275980221145,0.88498974,0.80102456,0.15814158,0.04083389,SUSPECT,GOOD,D_drift
2025-08-14 01:00:00+00:00,0.5700000000000001,1.042162479397026,0.9856587,0.75282925,0.1979714,0.049199365,SUSPECT,GOOD,D_drift
2025-08-14 02:00:00+00:00,0.58,1.0710489785729072,1.055672,0.9048555,0.065234646,0.02990985,SUSPECT,GOOD,D_drift
2025-08-14 03:00:00+00:00,0.535,1.044935477748788,1.0892694,0.9590004,0.024618248,0.016381355,SUSPECT,GOOD,D_drift
2025-08-14 04:00:00+00:00,0.53,1.0588219769246692,1.0734282,0.9632997,0.023100547,0.013599777,SUSPECT,GOOD,D_drift
2025-08-14 05:00:00+00:00,0.47,1.01770847610055,1.0748785,0.9566095,0.028740706,0.014649822,SUSPECT,GOOD,D_drift
2025-08-14 06:00:00+00:00,0.39,0.956594975276431,1.047006,0.94917804,0.03812061,0.012701352,SUSPECT,GOOD,D_drift
2025-08-14 07:00:00+00:00,0.41500000000000004,1.0004814744523123,0.9919942,0.96101457,0.029945888,0.009039555,SUSPECT,GOOD,D_drift
2025-08-14 08:00:00+00:00,0.405,1.009367973628193,1.0069247,0.94836545,0.028853523,0.022781042,SUSPECT,GOOD,D_drift
2025-08-14 09:00:00+00:00,0.385,1.008254472804074,1.0255504,0.77287364,0.041297775,0.18582858,SUSPECT,GOOD,D_drift
2025-08-14 10:00:00+00:00,0.355,0.9971409719799552,1.0289861,0.895397,0.03073832,0.073864676,SUSPECT,GOOD,D_drift
2025-08-14 11:00:00+00:00,0.33499999999999996,0.9960274711558365,1.0195924,0.74399924,0.048359156,0.20764163,SUSPECT,GOOD,D_drift
2025-08-14 12:00:00+00:00,0.37,1.0499139703317173,1.0150981,0.94110227,0.048295703,0.010602039,SUSPECT,GOOD,D_drift
2025-08-14 13:00:00+00:00,0.435,1.1338004695075985,1.0546473,0.8333913,0.14360794,0.023000736,SUSPECT,GOOD,D_drift
2025-08-14 14:00:00+00:00,0.4,1.1176869686834794,1.1328648,0.95721465,0.026525116,0.016260225,SUSPECT,GOOD,D_drift
2025-08-14 15:00:00+00:00,0.44499999999999995,1.1815734678593606,1.1426212,0.91682506,0.06779781,0.015377112,SUSPECT,GOOD,D_drift
2025-08-14 16:00:00+00:00,0.435,1.1904599670352416,1.185835,0.93547565,0.044132233,0.020392125,SUSPECT,GOOD,D_drift
2025-08-14 17:00:00+00:00,0.395,1.1693464662111226,1.2060566,0.955881,0.027508931,0.016610092,BAD,GOOD,D_drift
2025-08-14 18:00:00+00:00,0.33999999999999997,1.1332329653870035,1.1915586,0.95328283,0.031968467,0.014748709,BAD,GOOD,D_drift
2025-08-14 19:00:00+00:00,0.315,1.1271194645628846,1.1574416,0.90508854,0.039697547,0.055213924,BAD,GOOD,D_drift
2025-08-14 20:00:00+00:00,0.325,1.1560059637387656,1.1435558,0.95414716,0.03572013,0.010132688,BAD,GOOD,D_drift
2025-08-14 21:00:00+00:00,0.375,1.2248924629146467,1.1645331,0.8498194,0.12935016,0.02083041,BAD,GOOD,D_drift
2025-08-14 22:00:00+00:00,0.36,1.2287789620905276,1.2255168,0.9163953,0.056319352,0.027285365,BAD,GOOD,D_drift
2025-08-14 23:00:00+00:00,0.31,1.1976654612664088,1.244561,0.95218897,0.032389756,0.015421286,BAD,GOOD,D_drift
2025-08-15 00:00:00+00:00,0.33999999999999997,1.2465519604422897,1.2195516,0.927839,0.05896494,0.013196064,BAD,GOOD,D_drift
2025-08-15 01:00:00+00:00,0.405,0.4050000000000001,1.2485816,0.0381456,0.046269663,0.91558474,GOOD,BAD,
2025-08-15 02:00:00+00:00,0.4,0.40000000000000013,0.67829984,0.044400454,0.58845836,0.3671412,GOOD,SUSPECT,
2025-08-15 03:00:00+00:00,0.39,0.3900000000000001,0.44175285,0.899551,0.05175344,0.04869559,GOOD,GOOD,
2025-08-15 04:00:00+00:00,0.375,0.3750000000000001,0.3950365,0.8969096,0.06039426,0.042696174,GOOD,GOOD,
2025-08-15 05:00:00+00:00,0.365,0.3650000000000001,0.3979378,0.8924561,0.05516643,0.052377444,GOOD,GOOD,
2025-08-15 06:00:00+00:00,0.365,0.3650000000000001,0.3973025,0.8265535,0.067627445,0.10581905,GOOD,GOOD,
2025-08-15 07:00:00+00:00,0.31,0.31000000000000005,0.39462033,0.8623772,0.07761388,0.06000888,GOOD,GOOD,
2025-08-15 08:00:00+00:00,0.33999999999999997,0.3400000000000001,0.3607046,0.9180716,0.048701823,0.033226535,GOOD,GOOD,
2025-08-15 09:00:00+00:00,0.395,0.3950000000000001,0.3590865,0.91743004,0.050510682,0.032059245,GOOD,GOOD,
2025-08-15 10:00:00+00:00,0.45499999999999996,0.455,0.39974743,0.9223039,0.05179605,0.025900016,GOOD,GOOD,
2025-08-15 11:00:00+00:00,0.415,0.4150000000000001,0.46093863,0.9474276,0.030149542,0.022422872,GOOD,GOOD,
2025-08-15 12:00:00+00:00,0.3,0.30000000000000004,0.46231252,0.76912826,0.14667611,0.08419562,GOOD,GOOD,
2025-08-15 13:00:00+00:00,0.41500000000000004,0.41500000000000015,0.38097578,0.85468,0.10095921,0.044360768,GOOD,GOOD,
2025-08-15 14:00:00+00:00,0.39,0.3900000000000001,0.40442786,0.96796185,0.020332094,0.011706067,GOOD,GOOD,
2025-08-15 15:00:00+00:00,0.425,0.4250000000000001,0.4213664,0.9699208,0.019349266,0.010729925,GOOD,GOOD,
2025-08-15 16:00:00+00:00,0.43,0.43000000000000005,0.44505197,0.9463124,0.017135257,0.036552295,GOOD,GOOD,
2025-08-15 17:00:00+00:00,0.485,0.4850000000000001,0.45832565,0.95474637,0.031223448,0.014030182,GOOD,GOOD,
2025-08-15 18:00:00+00:00,0.565,0.5650000000000001,0.49540836,0.89309734,0.08213045,0.024772221,GOOD,GOOD,
2025-08-15 19:00:00+00:00,0.67,0.67,0.5650169,0.78437126,0.16759881,0.048029937,GOOD,GOOD,
2025-08-15 20:00:00+00:00,0.655,0.6550000000000001,0.6642975,0.9419482,0.036017418,0.022034405,GOOD,GOOD,
2025-08-15 21:00:00+00:00,0.575,0.575,0.69142014,0.8888395,0.079367645,0.031792864,GOOD,GOOD,
2025-08-15 22:00:00+00:00,0.6699999999999999,0.6699999999999999,0.63457006,0.9198918,0.057107694,0.023000555,GOOD,GOOD,
2025-08-15 23:00:00+00:00,0.71,0.7100000000000001,0.66631365,0.90931034,0.06603112,0.02465857,GOOD,GOOD,
2025-08-16 00:00:00+00:00,0.7,0.7,0.71996427,0.95756567,0.02428024,0.018154118,GOOD,GOOD,
2025-08-16 01:00:00+00:00,0.7250000000000001,0.7250000000000001,0.7320482,0.9503454,0.030474113,0.019180465,GOOD,GOOD,
2025-08-16 02:00:00+00:00,0.7,0.7,0.7457103,0.9563354,0.025913673,0.01775091,GOOD,GOOD,
2025-08-16 03:00:00+00:00,0.8049999999999999,0.805,0.7337088,0.893496,0.082111634,0.02439241,GOOD,GOOD,
2025-08-16 04:00:00+00:00,0.8500000000000001,0.8500000000000002,0.7981927,0.86163795,0.10914222,0.029219842,GOOD,GOOD,
2025-08-16 05:00:00+00:00,0.975,0.975,0.8613328,0.8142021,0.15598914,0.029808758,GOOD,GOOD,
2025-08-16 06:00:00+00:00,0.9299999999999999,0.93,0.9680071,0.95445234,0.028890412,0.016657261,GOOD,GOOD,
2025-08-16 07:00:00+00:00,0.895,0.8950000000000001,0.9693475,0.9511179,0.029539317,0.019342825,GOOD,GOOD,
2025-08-16 08:00:00+00:00,0.845,0.845,0.9304075,0.9589353,0.02900868,0.012056012,GOOD,GOOD,
2025-08-16 09:00:00+00:00,0.805,0.8050000000000002,0.88048124,0.9538485,0.031760927,0.01439058,GOOD,GOOD,
2025-08-16 10:00:00+00:00,0.9199999999999999,0.92,0.83774394,0.8800784,0.09850097,0.021420665,GOOD,GOOD,
2025-08-16 11:00:00+00:00,0.98,0.9800000000000002,0.90781915,0.7902954,0.17585705,0.033847503,GOOD,GOOD,
2025-08-16 12:00:00+00:00,1.21,1.2100000000000002,0.9861069,0.48739433,0.4438029,0.06880275,GOOD,GOOD,
2025-08-16 13:00:00+00:00,1.135,1.1350000000000002,1.1795062,0.9193618,0.056384005,0.024254147,GOOD,GOOD,
2025-08-16 14:00:00+00:00,1.005,1.597073721292438,1.1785638,0.10104662,0.6038425,0.29511082,SUSPECT,SUSPECT,C_level_shift
2025-08-16 15:00:00+00:00,0.9650000000000001,1.557073721292438,1.530761,0.5699221,0.36321306,0.06686487,SUSPECT,GOOD,C_level_shift
2025-08-16 16:00:00+00:00,0.815,1.407073721292438,1.588535,0.6952129,0.25913757,0.04564951,SUSPECT,GOOD,C_level_shift
2025-08-16 17:00:00+00:00,0.7350000000000001,1.327073721292438,1.4433354,0.8927019,0.08572091,0.021577163,SUSPECT,GOOD,C_level_shift
2025-08-16 18:00:00+00:00,0.73,1.322073721292438,1.3447686,0.88644516,0.07545866,0.03809619,SUSPECT,GOOD,C_level_shift
2025-08-16 19:00:00+00:00,0.735,1.327073721292438,1.3289491,0.578844,0.16068156,0.26047444,SUSPECT,GOOD,C_level_shift
2025-08-16 20:00:00+00:00,0.81,1.4020737212924381,1.3363101,0.691631,0.27708632,0.03128267,SUSPECT,GOOD,C_level_shift
2025-08-16 21:00:00+00:00,0.755,1.347073721292438,1.3982005,0.9109653,0.068039626,0.02099502,SUSPECT,GOOD,C_level_shift
2025-08-16 22:00:00+00:00,0.7,1.2920737212924378,1.3666313,0.9315863,0.053323742,0.0150899375,SUSPECT,GOOD,C_level_shift
2025-08-16 23:00:00+00:00,0.575,1.1670737212924378,1.3092767,0.9352037,0.053413857,0.011382442,SUSPECT,GOOD,C_level_shift
2025-08-17 00:00:00+00:00,0.625,1.217073721292438,1.2001032,0.94793385,0.042560402,0.009505739,SUSPECT,GOOD,C_level_shift
2025-08-17 01:00:00+00:00,0.68,1.272073721292438,1.2127293,0.66413987,0.28670117,0.049158968,SUSPECT,GOOD,C_level_shift
2025-08-17 02:00:00+00:00,0.76,1.3520737212924379,1.2702839,0.63330436,0.33216682,0.03452885,SUSPECT,GOOD,C_level_shift
2025-08-17 03:00:00+00:00,0.925,1.5170737212924381,1.3490158,0.17419213,0.7775496,0.048258208,SUSPECT,SUSPECT,C_level_shift
2025-08-17 04:00:00+00:00,0.975,1.5670737212924382,1.4999087,0.10403782,0.8186923,0.07726985,SUSPECT,SUSPECT,C_level_shift
2025-08-17 05:00:00+00:00,1.0750000000000002,1.6670737212924382,1.5708063,0.07768583,0.8756763,0.046637945,SUSPECT,SUSPECT,C_level_shift
2025-08-17 06:00:00+00:00,1.0899999999999999,1.6820737212924382,1.6595141,0.10437429,0.80600864,0.08961707,SUSPECT,SUSPECT,C_level_shift
2025-08-17 07:00:00+00:00,1.12,1.7120737212924382,1.6837786,0.052263796,0.8644097,0.08332653,SUSPECT,SUSPECT,C_level_shift
2025-08-17 08:00:00+00:00,1.145,1.737073721292438,1.7088045,0.029611945,0.8403521,0.13003592,SUSPECT,SUSPECT,C_level_shift
2025-08-17 09:00:00+00:00,1.19,1.7820737212924382,1.7329111,0.02290529,0.9176132,0.059481528,SUSPECT,SUSPECT,C_level_shift
2025-08-17 10:00:00+00:00,1.0250000000000001,1.6170737212924382,1.7740897,0.4075755,0.52449214,0.067932405,SUSPECT,SUSPECT,C_level_shift
2025-08-17 11:00:00+00:00,0.9450000000000001,1.537073721292438,1.6324496,0.6834837,0.27965772,0.036858566,SUSPECT,GOOD,C_level_shift
2025-08-17 12:00:00+00:00,0.89,1.482073721292438,1.5417718,0.843877,0.13626333,0.01985966,SUSPECT,GOOD,C_level_shift
2025-08-17 13:00:00+00:00,0.8400000000000001,1.432073721292438,1.4869894,0.88999295,0.09288119,0.017125878,SUSPECT,GOOD,C_level_shift
2025-08-17 14:00:00+00:00,1.105,1.697073721292438,1.4401474,0.09273672,0.8424359,0.06482736,SUSPECT,SUSPECT,C_level_shift
2025-08-17 15:00:00+00:00,1.1,1.6920737212924382,1.6561306,0.09138334,0.7942137,0.11440295,SUSPECT,SUSPECT,C_level_shift
2025-08-17 16:00:00+00:00,1.01,1.6020737212924379,1.6948061,0.44373584,0.49608353,0.060180627,SUSPECT,SUSPECT,C_level_shift
2025-08-17 17:00:00+00:00,0.9450000000000001,1.537073721292438,1.6093053,0.6940301,0.26525444,0.040715445,SUSPECT,GOOD,C_level_shift
2025-08-17 18:00:00+00:00,0.915,1.507073721292438,1.5394778,0.8292195,0.13662577,0.034154724,SUSPECT,GOOD,C_level_shift
2025-08-17 19:00:00+00:00,0.94,1.532073721292438,1.5089145,0.6509168,0.30330265,0.045780536,SUSPECT,GOOD,C_level_shift
2025-08-17 20:00:00+00:00,0.96,1.552073721292438,1.5292453,0.1262685,0.5245284,0.3492031,SUSPECT,SUSPECT,C_level_shift
2025-08-17 21:00:00+00:00,0.96,1.552073721292438,1.5517465,0.19164485,0.29991937,0.5084358,SUSPECT,SUSPECT,C_level_shift
2025-08-17 22:00:00+00:00,0.9299999999999999,1.5220737212924378,1.5540248,0.83200186,0.13306281,0.034935325,SUSPECT,GOOD,C_level_shift
2025-08-17 23:00:00+00:00,0.8899999999999999,1.4820737212924378,1.5275121,0.8662666,0.10689327,0.026840102,SUSPECT,GOOD,C_level_shift
2025-08-18 00:00:00+00:00,0.98,1.572073721292438,1.4891689,0.4141341,0.52832794,0.05753797,SUSPECT,SUSPECT,C_level_shift
2025-08-18 01:00:00+00:00,0.96,1.552073721292438,1.5588176,0.85839367,0.11185914,0.029747218,SUSPECT,GOOD,C_level_shift
2025-08-18 02:00:00+00:00,1.025,1.6170737212924382,1.5585119,0.3033234,0.63905907,0.057617553,SUSPECT,SUSPECT,C_level_shift
2025-08-18 03:00:00+00:00,1.125,1.717073721292438,1.6086789,0.052425504,0.8996562,0.047918364,SUSPECT,SUSPECT,C_level_shift
2025-08-18 04:00:00+00:00,1.005,1.597073721292438,1.7042314,0.5683867,0.35519812,0.07641523,SUSPECT,GOOD,C_level_shift
2025-08-18 05:00:00+00:00,1.04,1.632073721292438,1.612683,0.5261733,0.41181192,0.062014792,SUSPECT,GOOD,C_level_shift
2025-08-18 06:00:00+00:00,1.005,1.597073721292438,1.6227447,0.6879837,0.2617658,0.05025051,SUSPECT,GOOD,C_level_shift
2025-08-18 07:00:00+00:00,0.925,1.5170737212924381,1.6001166,0.7294798,0.23614667,0.034373533,SUSPECT,GOOD,C_level_shift
2025-08-18 08:00:00+00:00,0.825,1.4170737212924378,1.528463,0.85675037,0.124580465,0.01866915,SUSPECT,GOOD,C_level_shift
2025-08-18 09:00:00+00:00,0.85,1.442073721292438,1.4335067,0.904363,0.07909334,0.016543709,SUSPECT,GOOD,C_level_shift
2025-08-18 10:00:00+00:00,0.86,1.452073721292438,1.4380935,0.36859453,0.29753244,0.33387303,SUSPECT,GOOD,C_level_shift
2025-08-18 11:00:00+00:00,0.78,1.3720737212924379,1.4537121,0.8936916,0.08423893,0.022069477,SUSPECT,GOOD,C_level_shift
2025-08-18 12:00:00+00:00,0.755,1.347073721292438,1.3913704,0.93359643,0.04732492,0.019078633,SUSPECT,GOOD,C_level_shift
2025-08-18 13:00:00+00:00,0.875,1.4670737212924383,1.355236,0.60319865,0.363357,0.03344433,SUSPECT,GOOD,C_level_shift
2025-08-18 14:00:00+00:00,0.92,0.9200000000000002,1.4489354,0.14300972,0.22926404,0.62772626,GOOD,SUSPECT,
2025-08-18 15:00:00+00:00,0.88,0.8800000000000001,1.0574019,0.26787275,0.5037411,0.22838615,GOOD,SUSPECT,
2025-08-18 16:00:00+00:00,0.745,0.745,0.90360093,0.7767666,0.15230118,0.07093222,GOOD,GOOD,
2025-08-18 17:00:00+00:00,0.7749999999999999,0.775,0.79271173,0.8769946,0.07446441,0.048541006,GOOD,GOOD,
2025-08-18 18:00:00+00:00,0.87,0.8700000000000001,0.78402954,0.8855157,0.084326014,0.030158283,GOOD,GOOD,
2025-08-18 19:00:00+00:00,0.795,0.795,0.85971403,0.8877976,0.069432095,0.042770304,GOOD,GOOD,
2025-08-18 20:00:00+00:00,0.75,0.7500000000000001,0.8405705,0.9297755,0.0462821,0.023942448,GOOD,GOOD,
2025-08-18 21:00:00+00:00,0.76,0.7600000000000001,0.78986925,0.9417995,0.03116263,0.027037863,GOOD,GOOD,
2025-08-18 22:00:00+00:00,0.725,0.725,0.77839524,0.95175326,0.02943764,0.01880913,GOOD,GOOD,
2025-08-18 23:00:00+00:00,0.685,0.6850000000000002,0.7581676,0.9465494,0.03361644,0.019834157,GOOD,GOOD,
2025-08-19 00:00:00+00:00,0.6799999999999999,0.68,0.72365564,0.8855766,0.033531662,0.08089174,GOOD,GOOD,
2025-08-19 01:00:00+00:00,0.7749999999999999,0.775,0.7074185,0.9357976,0.0493504,0.014852042,GOOD,GOOD,
2025-08-19 02:00:00+00:00,0.835,0.8350000000000001,0.7696047,0.8719238,0.10230593,0.025770238,GOOD,GOOD,
2025-08-19 03:00:00+00:00,0.9850000000000001,0.9850000000000001,0.84265137,0.7154645,0.24282861,0.041706946,GOOD,GOOD,
2025-08-19 04:00:00+00:00,0.8400000000000001,0.8400000000000001,0.9718234,0.8932982,0.073081516,0.033620287,GOOD,GOOD,
2025-08-19 05:00:00+00:00,0.81,0.8100000000000002,0.9097344,0.90359133,0.058600944,0.037807696,GOOD,GOOD,
2025-08-19 06:00:00+00:00,0.865,0.865,0.8463413,0.9579415,0.03173229,0.010326231,GOOD,GOOD,
2025-08-19 07:00:00+00:00,0.77,0.77,0.8685855,0.94242847,0.039156307,0.018415196,GOOD,GOOD,
2025-08-19 08:00:00+00:00,0.745,0.745,0.82048273,0.96055174,0.023014273,0.016433975,GOOD,GOOD,
2025-08-19 09:00:00+00:00,0.745,0.745,0.7784522,0.77841115,0.031860348,0.1897285,GOOD,GOOD,
2025-08-19 10:00:00+00:00,0.74,0.74,0.7669001,0.7117772,0.042506207,0.24571659,GOOD,GOOD,
2025-08-19 11:00:00+00:00,0.6599999999999999,0.66,0.76416624,0.90888923,0.068572775,0.022538003,GOOD,GOOD,
2025-08-19 12:00:00+00:00,0.58,0.58,0.7102212,0.8626007,0.107522905,0.029876413,GOOD,GOOD,
2025-08-19 13:00:00+00:00,0.58,0.58,0.6327754,0.93413776,0.029881107,0.03598112,GOOD,GOOD,
2025-08-19 14:00:00+00:00,0.6699999999999999,0.6699999999999999,0.6039261,0.9032425,0.07430737,0.022450078,GOOD,GOOD,
2025-08-19 15:00:00+00:00,0.7749999999999999,0.775,0.6616582,0.7336055,0.22145243,0.0449421,GOOD,GOOD,
2025-08-19 16:00:00+00:00,0.8049999999999999,0.805,0.7660631,0.88469625,0.08278715,0.032516576,GOOD,GOOD,
2025-08-19 17:00:00+00:00,0.63,0.63,0.82547295,0.64494324,0.23196322,0.12309358,GOOD,GOOD,
2025-08-19 18:00:00+00:00,0.605,0.605,0.71683216,0.84514713,0.09305465,0.061798196,GOOD,GOOD,
2025-08-19 19:00:00+00:00,0.695,0.695,0.6428021,0.91904163,0.061144967,0.019813431,GOOD,GOOD,
2025-08-19 20:00:00+00:00,0.615,0.6150000000000001,0.68573713,0.9489838,0.030970888,0.020045318,GOOD,GOOD,
2025-08-19 21:00:00+00:00,0.585,0.5850000000000001,0.6653537,0.9582629,0.023004757,0.018732348,GOOD,GOOD,
2025-08-19 22:00:00+00:00,0.51,0.51,0.62673545,0.88228047,0.08142274,0.036296792,GOOD,GOOD,
2025-08-19 23:00:00+00:00,0.51,0.51,0.5632565,0.9501352,0.018753462,0.031111345,GOOD,GOOD,
2025-08-20 00:00:00+00:00,0.53,0.53,0.5371034,0.9588922,0.022659844,0.018447945,GOOD,GOOD,
2025-08-20 01:00:00+00:00,0.5549999999999999,0.5549999999999999,0.5474085,0.92806125,0.036388412,0.03555031,GOOD,GOOD,
2025-08-20 02:00:00+00:00,0.66,0.6600000000000001,0.5728658,0.85627925,0.11678037,0.026940363,GOOD,GOOD,
2025-08-20 03:00:00+00:00,0.675,0.675,0.6524688,0.9412075,0.036365043,0.022427408,GOOD,GOOD,
2025-08-20 04:00:00+00:00,0.75,0.7500000000000001,0.69847006,0.92157817,0.061083402,0.017338403,GOOD,GOOD,
2025-08-20 05:00:00+00:00,0.53,0.53,0.75755084,0.44764268,0.30440378,0.2479535,GOOD,GOOD,
2025-08-20 06:00:00+00:00,0.525,0.525,0.6325553,0.80254877,0.103512585,0.093938686,GOOD,GOOD,
2025-08-20 07:00:00+00:00,0.59,0.5900000000000001,0.5597875,0.9500942,0.035790674,0.014115084,GOOD,GOOD,
2025-08-20 08:00:00+00:00,0.5700000000000001,0.5700000000000001,0.5876054,0.9746802,0.013216575,0.012103231,GOOD,GOOD,
2025-08-20 09:00:00+00:00,0.5700000000000001,0.5700000000000001,0.6009393,0.82861507,0.021821171,0.14956379,GOOD,GOOD,
2025-08-20 10:00:00+00:00,0.575,0.575,0.60075945,0.8240819,0.023588566,0.15232953,GOOD,GOOD,
2025-08-20 11:00:00+00:00,0.665,0.6650000000000001,0.6016662,0.90861887,0.07156727,0.019813854,GOOD,GOOD,
2025-08-20 12:00:00+00:00,0.605,0.605,0.6616421,0.9671178,0.018919185,0.013963012,GOOD,GOOD,
2025-08-20 13:00:00+00:00,0.55,0.55,0.6519772,0.9527473,0.031045508,0.016207198,GOOD,GOOD,
2025-08-20 14:00:00+00:00,0.6699999999999999,0.6699999999999999,0.60051394,0.86952734,0.09975617,0.030716496,GOOD,GOOD,
2025-08-20 15:00:00+00:00,0.69,0.6900000000000001,0.6560178,0.914278,0.058296,0.027426027,GOOD,GOOD,
2025-08-20 16:00:00+00:00,0.76,0.7600000000000001,0.7071733,0.9269635,0.056791082,0.01624539,GOOD,GOOD,
2025-08-20 17:00:00+00:00,0.71,0.7100000000000001,0.7685054,0.961289,0.021982735,0.01672825,GOOD,GOOD,
2025-08-20 18:00:00+00:00,0.59,0.5900000000000001,0.7547343,0.8592837,0.10539194,0.035324372,GOOD,GOOD,
2025-08-20 19:00:00+00:00,0.535,0.535,0.6590608,0.8919123,0.076323725,0.031763986,GOOD,GOOD,
2025-08-20 20:00:00+00:00,0.605,0.605,0.58092976,0.9475879,0.038258657,0.014153422,GOOD,GOOD,
2025-08-20 21:00:00+00:00,0.655,0.6550000000000001,0.6033331,0.89064944,0.08200404,0.02734653,GOOD,GOOD,
2025-08-20 22:00:00+00:00,0.605,0.605,0.6609777,0.97114193,0.01627705,0.012581017,GOOD,GOOD,
2025-08-20 23:00:00+00:00,0.5700000000000001,0.5700000000000001,0.65087825,0.96068734,0.020136373,0.01917629,GOOD,GOOD,
2025-08-21 00:00:00+00:00,0.565,0.5650000000000001,0.61282027,0.8720075,0.022906542,0.10508597,GOOD,GOOD,
2025-08-21 01:00:00+00:00,0.485,0.4850000000000001,0.59326005,0.8940845,0.07556799,0.030347504,GOOD,GOOD,
2025-08-21 02:00:00+00:00,0.485,0.4850000000000001,0.53920627,0.9385388,0.022003483,0.03945775,GOOD,GOOD,
2025-08-21 03:00:00+00:00,0.49,0.4900000000000001,0.51385367,0.80884564,0.031218123,0.15993623,GOOD,GOOD,
2025-08-21 04:00:00+00:00,0.53,0.53,0.5136168,0.96567667,0.022319328,0.012004031,GOOD,GOOD,
2025-08-21 05:00:00+00:00,0.58,0.58,0.542945,0.9393689,0.043118928,0.017512158,GOOD,GOOD,
2025-08-21 06:00:00+00:00,0.45,0.4500000000000001,0.5905336,0.7296262,0.1730095,0.09736428,GOOD,GOOD,
2025-08-21 07:00:00+00:00,0.41500000000000004,0.41500000000000015,0.5267426,0.832275,0.106688656,0.061036382,GOOD,GOOD,
2025-08-21 08:00:00+00:00,0.49,0.4900000000000001,0.4625801,0.9257636,0.051176425,0.02305998,GOOD,GOOD,
2025-08-21 09:00:00+00:00,0.445,0.44500000000000006,0.4876517,0.9671031,0.018490985,0.01440586,GOOD,GOOD,
2025-08-21 10:00:00+00:00,0.45999999999999996,0.4600000000000001,0.4856686,0.97265005,0.0132291075,0.014120838,GOOD,GOOD,
2025-08-21 11:00:00+00:00,0.405,0.4050000000000001,0.4871071,0.93987554,0.034406528,0.025717901,GOOD,GOOD,
2025-08-21 12:00:00+00:00,0.42,0.42000000000000004,0.45464647,0.9720675,0.013387542,0.014544953,GOOD,GOOD,
2025-08-21 13:00:00+00:00,0.39,0.3900000000000001,0.44531947,0.9618038,0.021060903,0.017135292,GOOD,GOOD,
2025-08-21 14:00:00+00:00,0.435,0.4350000000000001,0.4285466,0.95757467,0.027127719,0.015297634,GOOD,GOOD,
2025-08-21 15:00:00+00:00,0.495,0.4950000000000001,0.44793484,0.93311673,0.050699834,0.016183423,GOOD,GOOD,
2025-08-21 16:00:00+00:00,0.5,0.5000000000000001,0.5001605,0.9529137,0.017971579,0.029114712,GOOD,GOOD,
2025-08-21 17:00:00+00:00,0.54,0.5400000000000001,0.52786773,0.96656346,0.020994559,0.012441975,GOOD,GOOD,
2025-08-21 18:00:00+00:00,0.635,0.6350000000000001,0.5580208,0.8806332,0.09314312,0.026223684,GOOD,GOOD,
2025-08-21 19:00:00+00:00,0.63,0.63,0.6318006,0.96028316,0.022903657,0.016813165,GOOD,GOOD,
2025-08-21 20:00:00+00:00,0.545,0.545,0.6611686,0.92431784,0.05051034,0.02517184,GOOD,GOOD,
2025-08-21 21:00:00+00:00,0.56,0.5600000000000002,0.6066732,0.9740913,0.013587985,0.012320712,GOOD,GOOD,
2025-08-21 22:00:00+00:00,0.535,0.535,0.5848845,0.9728784,0.014274009,0.012847584,GOOD,GOOD,
2025-08-21 23:00:00+00:00,0.505,0.505,0.56819123,0.9333874,0.029871702,0.03674093,GOOD,GOOD,
2025-08-22 00:00:00+00:00,0.46499999999999997,0.465,0.5433881,0.94982904,0.029930895,0.02024007,GOOD,GOOD,
2025-08-22 01:00:00+00:00,0.475,0.4750000000000001,0.5076282,0.96424633,0.01565476,0.020098912,GOOD,GOOD,
2025-08-22 02:00:00+00:00,0.395,0.3950000000000001,0.49906313,0.8299669,0.12164889,0.04838424,GOOD,GOOD,
2025-08-22 03:00:00+00:00,0.45,0.4500000000000001,0.4513339,0.94660395,0.033303805,0.020092253,GOOD,GOOD,
2025-08-22 04:00:00+00:00,0.46,0.46000000000000013,0.45967525,0.95825475,0.019199058,0.02254621,GOOD,GOOD,
2025-08-22 05:00:00+00:00,0.5,0.5000000000000001,0.4807273,0.960937,0.026604127,0.012458867,GOOD,GOOD,
2025-08-22 06:00:00+00:00,0.56,0.5600000000000002,0.51489496,0.93513113,0.048060697,0.016808147,GOOD,GOOD,
2025-08-22 07:00:00+00:00,0.5,0.5000000000000001,0.5680221,0.9646201,0.019041488,0.016338402,GOOD,GOOD,
2025-08-22 08:00:00+00:00,0.46499999999999997,0.465,0.5515199,0.9565076,0.023161152,0.020331252,GOOD,GOOD,
2025-08-22 09:00:00+00:00,0.47,0.47000000000000003,0.51094323,0.9510776,0.013608429,0.035314012,GOOD,GOOD,
2025-08-22 10:00:00+00:00,0.475,0.4750000000000001,0.49663895,0.74660075,0.028372543,0.22502671,GOOD,GOOD,
2025-08-22 11:00:00+00:00,0.46499999999999997,0.465,0.49994218,0.90282583,0.021111237,0.07606293,GOOD,GOOD,
2025-08-22 12:00:00+00:00,0.45,0.4500000000000001,0.4974686,0.88624907,0.026069338,0.087681584,GOOD,GOOD,
2025-08-22 13:00:00+00:00,0.5700000000000001,0.5700000000000001,0.48557365,0.7779963,0.17024928,0.051754415,GOOD,GOOD,
2025-08-22 14:00:00+00:00,0.565,0.5650000000000001,0.5558716,0.9519776,0.029443067,0.01857931,GOOD,GOOD,
2025-08-22 15:00:00+00:00,0.62,0.62,0.5931709,0.9424351,0.040876426,0.01668849,GOOD,GOOD,
2025-08-22 16:00:00+00:00,0.575,0.575,0.63419616,0.9654597,0.019462487,0.015077802,GOOD,GOOD,
2025-08-22 17:00:00+00:00,0.575,0.575,0.6197817,0.9499194,0.014966149,0.035114452,GOOD,GOOD,
2025-08-22 18:00:00+00:00,0.69,0.6900000000000001,0.6055698,0.84327173,0.11951743,0.03721084,GOOD,GOOD,
2025-08-22 19:00:00+00:00,0.565,0.5650000000000001,0.6779917,0.8657258,0.08446232,0.04981185,GOOD,GOOD,
2025-08-22 20:00:00+00:00,0.595,0.595,0.63357645,0.9680648,0.018284313,0.013650932,GOOD,GOOD,
2025-08-22 21:00:00+00:00,0.54,0.5400000000000001,0.6177744,0.95973593,0.024166616,0.01609745,GOOD,GOOD,
2025-08-22 22:00:00+00:00,0.5349999999999999,0.5349999999999999,0.58329016,0.9650429,0.01416921,0.020787911,GOOD,GOOD,
2025-08-22 23:00:00+00:00,0.535,0.535,0.56458366,0.69720083,0.036346965,0.2664522,GOOD,GOOD,
2025-08-23 00:00:00+00:00,0.44999999999999996,0.45000000000000007,0.5610113,0.84632415,0.108913876,0.044761978,GOOD,GOOD,
2025-08-23 01:00:00+00:00,0.48,0.48000000000000004,0.50821805,0.9627122,0.020324953,0.016962793,GOOD,GOOD,
2025-08-23 02:00:00+00:00,0.405,0.4050000000000001,0.4989498,0.86067337,0.09532332,0.0440033,GOOD,GOOD,
2025-08-23 03:00:00+00:00,0.395,0.3950000000000001,0.4578411,0.92597175,0.031652432,0.04237582,GOOD,GOOD,
2025-08-23 04:00:00+00:00,0.455,0.45500000000000007,0.42962098,0.9383638,0.04335904,0.018277176,GOOD,GOOD,
2025-08-23 05:00:00+00:00,0.44499999999999995,0.445,0.45917633,0.9668288,0.017368255,0.015802938,GOOD,GOOD,
2025-08-23 06:00:00+00:00,0.45999999999999996,0.4600000000000001,0.4750712,0.9443534,0.019000925,0.036645684,GOOD,GOOD,
2025-08-23 07:00:00+00:00,0.42,0.42000000000000004,0.48633826,0.9625215,0.019260973,0.018217508,GOOD,GOOD,
2025-08-23 08:00:00+00:00,0.41,0.41000000000000003,0.4651217,0.9133262,0.020878373,0.0657954,GOOD,GOOD,
2025-08-23 09:00:00+00:00,0.435,0.4350000000000001,0.44514692,0.97111136,0.016069017,0.012819642,GOOD,GOOD,
2025-08-23 10:00:00+00:00,0.48,0.48000000000000004,0.4541601,0.9592374,0.02888818,0.011874427,GOOD,GOOD,
2025-08-23 11:00:00+00:00,0.49,0.4900000000000001,0.4913229,0.9403532,0.02104228,0.03860449,GOOD,GOOD,
2025-08-23 12:00:00+00:00,0.47,0.47000000000000003,0.5159453,0.9630509,0.013208687,0.0237404,GOOD,GOOD,
2025-08-23 13:00:00+00:00,0.47,0.47000000000000003,0.50908947,0.78479016,0.022191897,0.19301797,GOOD,GOOD,
2025-08-23 14:00:00+00:00,0.565,0.5650000000000001,0.50105846,0.8867823,0.086861916,0.02635581,GOOD,GOOD,
2025-08-23 15:00:00+00:00,0.435,0.4350000000000001,0.5593085,0.799466,0.12884514,0.071688816,GOOD,GOOD,
2025-08-23 16:00:00+00:00,0.485,0.4850000000000001,0.50927955,0.9673421,0.019757684,0.012900261,GOOD,GOOD,
2025-08-23 17:00:00+00:00,0.475,0.4750000000000001,0.5019268,0.9724527,0.011681549,0.01586577,GOOD,GOOD,
2025-08-23 18:00:00+00:00,0.555,0.555,0.5029541,0.9215342,0.058258984,0.020206856,GOOD,GOOD,
2025-08-23 19:00:00+00:00,0.595,0.595,0.55502313,0.93060905,0.049191713,0.020199245,GOOD,GOOD,
2025-08-23 20:00:00+00:00,0.5549999999999999,0.5549999999999999,0.6086832,0.96758264,0.018369053,0.014048301,GOOD,GOOD,
2025-08-23 21:00:00+00:00,0.585,0.5850000000000001,0.6000238,0.9638802,0.021147026,0.0149728,GOOD,GOOD,
2025-08-23 22:00:00+00:00,0.63,0.63,0.60582894,0.946464,0.036343038,0.017192934,GOOD,GOOD,
2025-08-23 23:00:00+00:00,0.58,0.58,0.64116204,0.96225214,0.022847421,0.014900437,GOOD,GOOD,
2025-08-24 00:00:00+00:00,0.5249999999999999,0.5249999999999999,0.62491375,0.9462931,0.035973262,0.017733641,GOOD,GOOD,
2025-08-24 01:00:00+00:00,0.475,0.4750000000000001,0.5747402,0.9456175,0.035357147,0.019025372,GOOD,GOOD,
2025-08-24 02:00:00+00:00,0.48,0.48000000000000004,0.5207672,0.96874857,0.01216351,0.01908789,GOOD,GOOD,
2025-08-24 03:00:00+00:00,0.425,0.4250000000000001,0.50450605,0.9424077,0.03750225,0.020090034,GOOD,GOOD,
2025-08-24 04:00:00+00:00,0.48,0.48000000000000004,0.4710348,0.95303375,0.03179306,0.015173178,GOOD,GOOD,
2025-08-24 05:00:00+00:00,0.485,0.4850000000000001,0.48895404,0.9573547,0.017663147,0.02498215,GOOD,GOOD,
2025-08-24 06:00:00+00:00,0.5449999999999999,0.5449999999999999,0.50874406,0.94600874,0.03981866,0.014172608,GOOD,GOOD,
2025-08-24 07:00:00+00:00,0.61,0.6100000000000001,0.55336165,0.9192221,0.06158524,0.019192612,GOOD,GOOD,
2025-08-24 08:00:00+00:00,0.49,0.4900000000000001,0.6161282,0.8593484,0.0897376,0.050914,GOOD,GOOD,
2025-08-24 09:00:00+00:00,0.6,0.6,0.56284285,0.8837436,0.08088687,0.03536955,GOOD,GOOD,
2025-08-24 10:00:00+00:00,0.6,0.6,0.59489644,0.961846,0.022228057,0.01592592,GOOD,GOOD,
2025-08-24 11:00:00+00:00,0.6,0.6,0.62349635,0.6910236,0.030595822,0.2783806,GOOD,GOOD,
2025-08-24 12:00:00+00:00,0.5900000000000001,0.5900000000000002,0.63090116,0.86085504,0.023153566,0.11599139,GOOD,GOOD,
2025-08-24 13:00:00+00:00,0.455,0.45500000000000007,0.6231837,0.71299493,0.20598783,0.0810172,GOOD,GOOD,
2025-08-24 14:00:00+00:00,0.5,0.5000000000000001,0.53183913,0.9677224,0.020069452,0.012208112,GOOD,GOOD,
2025-08-24 15:00:00+00:00,0.45499999999999996,0.455,0.51395714,0.961804,0.023737077,0.014458969,GOOD,GOOD,
2025-08-24 16:00:00+00:00,0.505,0.505,0.4936951,0.95848656,0.028058548,0.013454896,GOOD,GOOD,
2025-08-24 17:00:00+00:00,0.44999999999999996,0.45000000000000007,0.51578283,0.963849,0.02159403,0.0145569835,GOOD,GOOD,
2025-08-24 18:00:00+00:00,0.51,0.51,0.49688134,0.95486087,0.030441541,0.014697572,GOOD,GOOD,
2025-08-24 19:00:00+00:00,0.595,0.595,0.5193089,0.889993,0.08713371,0.022873288,GOOD,GOOD,
2025-08-24 20:00:00+00:00,0.5,0.5000000000000001,0.59091395,0.931592,0.043212507,0.02519549,GOOD,GOOD,
2025-08-24 21:00:00+00:00,0.44,0.4400000000000001,0.56264985,0.91036594,0.061024234,0.028609836,GOOD,GOOD,
2025-08-24 22:00:00+00:00,0.54,0.5400000000000001,0.49668506,0.91504663,0.06182614,0.023127247,GOOD,GOOD,
2025-08-24 23:00:00+00:00,0.47,0.47000000000000003,0.5312297,0.96659493,0.020381976,0.013023114,GOOD,GOOD,
2025-08-25 00:00:00+00:00,0.505,0.505,0.51860064,0.9763928,0.013222493,0.010384706,GOOD,GOOD,
2025-08-25 01:00:00+00:00,0.41,0.41000000000000003,0.5254331,0.8472046,0.10513506,0.04766033,GOOD,GOOD,
2025-08-25 02:00:00+00:00,0.48,0.48000000000000004,0.47278264,0.9499906,0.033808652,0.016200759,GOOD,GOOD,
2025-08-25 03:00:00+00:00,0.505,0.505,0.48573196,0.93725973,0.037809547,0.024930744,GOOD,GOOD,
2025-08-25 04:00:00+00:00,0.435,0.4350000000000001,0.520016,0.9466482,0.034106165,0.019245626,GOOD,GOOD,
2025-08-25 05:00:00+00:00,0.54,0.5400000000000001,0.49075142,0.90597594,0.071411215,0.022612821,GOOD,GOOD,
2025-08-25 06:00:00+00:00,0.5449999999999999,0.5449999999999999,0.5342513,0.936642,0.027550865,0.03580716,GOOD,GOOD,
2025-08-25 07:00:00+00:00,0.675,0.675,0.56817275,0.8019489,0.15445971,0.043591358,GOOD,GOOD,
2025-08-25 08:00:00+00:00,0.54,0.5400000000000001,0.6621916,0.877164,0.0808525,0.04198352,GOOD,GOOD,
2025-08-25 09:00:00+00:00,0.5349999999999999,0.5349999999999999,0.615275,0.89530253,0.035402346,0.06929514,GOOD,GOOD,
2025-08-25 10:00:00+00:00,0.635,0.6350000000000001,0.5717976,0.9052085,0.071805656,0.022985822,GOOD,GOOD,
2025-08-25 11:00:00+00:00,0.515,0.515,0.6249989,0.90777373,0.061917365,0.030308882,GOOD,GOOD,
2025-08-25 12:00:00+00:00,0.55,0.55,0.58163404,0.97508746,0.013940977,0.010971583,GOOD,GOOD,
2025-08-25 13:00:00+00:00,0.52,0.52,0.5709993,0.9761617,0.012785668,0.011052625,GOOD,GOOD,
2025-08-25 14:00:00+00:00,0.475,0.4750000000000001,0.5552744,0.95891976,0.026047904,0.0150323175,GOOD,GOOD,
2025-08-25 15:00:00+00:00,0.51,0.51,0.5196587,0.9730202,0.016277704,0.010702104,GOOD,GOOD,
2025-08-25 16:00:00+00:00,0.41000000000000003,0.4100000000000001,0.5255363,0.7898903,0.15223609,0.05787361,GOOD,GOOD,
2025-08-25 17:00:00+00:00,0.52,0.52,0.47287026,0.89928114,0.07681977,0.023899086,GOOD,GOOD,
2025-08-25 18:00:00+00:00,0.535,0.535,0.5108481,0.91344,0.047699306,0.038860712,GOOD,GOOD,
2025-08-25 19:00:00+00:00,0.605,0.605,0.5527573,0.92568886,0.055623427,0.01868771,GOOD,GOOD,
2025-08-25 20:00:00+00:00,0.65,0.65,0.61171806,0.911647,0.0624044,0.025948571,GOOD,GOOD,
2025-08-25 21:00:00+00:00,0.51,0.51,0.66470504,0.82987845,0.1186143,0.051507264,GOOD,GOOD,
2025-08-25 22:00:00+00:00,0.54,0.5400000000000001,0.5895465,0.9785936,0.011709862,0.009696537,GOOD,GOOD,
2025-08-25 23:00:00+00:00,0.45499999999999996,0.455,0.56214064,0.8990015,0.06911214,0.031886373,GOOD,GOOD,
2025-08-26 00:00:00+00:00,0.44499999999999995,0.445,0.5090671,0.9290087,0.028845513,0.042145766,GOOD,GOOD,
2025-08-26 01:00:00+00:00,0.42500000000000004,0.42500000000000016,0.4783146,0.92951566,0.028439244,0.042045098,GOOD,GOOD,
2025-08-26 02:00:00+00:00,0.41500000000000004,0.41500000000000015,0.45894045,0.8848683,0.03174735,0.083384335,GOOD,GOOD,
2025-08-26 03:00:00+00:00,0.49,0.4900000000000001,0.44700918,0.92658156,0.055044677,0.018373782,GOOD,GOOD,
2025-08-26 04:00:00+00:00,0.41000000000000003,0.4100000000000001,0.4903687,0.90501386,0.061248332,0.0337378,GOOD,GOOD,
2025-08-26 05:00:00+00:00,0.46,0.46000000000000013,0.4667808,0.9567963,0.026718954,0.01648473,GOOD,GOOD,
2025-08-26 06:00:00+00:00,0.52,0.52,0.47526008,0.935442,0.048895963,0.015662039,GOOD,GOOD,
2025-08-26 07:00:00+00:00,0.53,0.53,0.5241492,0.90113485,0.030888485,0.06797669,GOOD,GOOD,
2025-08-26 08:00:00+00:00,0.395,0.3950000000000001,0.555229,0.6985787,0.1990771,0.10234419,GOOD,GOOD,
2025-08-26 09:00:00+00:00,0.36,0.36000000000000004,0.47715545,0.82033235,0.11343263,0.06623503,GOOD,GOOD,
2025-08-26 10:00:00+00:00,0.38,0.38000000000000006,0.40811804,0.97252595,0.01467903,0.012795016,GOOD,GOOD,
2025-08-26 11:00:00+00:00,0.42000000000000004,0.4200000000000001,0.39778548,0.94141847,0.038314078,0.020267442,GOOD,GOOD,
2025-08-26 12:00:00+00:00,0.41500000000000004,0.41500000000000015,0.42972505,0.933033,0.02148269,0.04548433,GOOD,GOOD,
2025-08-26 13:00:00+00:00,0.39,0.3900000000000001,0.44556168,0.9633337,0.015817897,0.020848373,GOOD,GOOD,
2025-08-26 14:00:00+00:00,0.4,0.40000000000000013,0.4317908,0.94638085,0.017212886,0.03640623,GOOD,GOOD,
2025-08-26 15:00:00+00:00,0.405,0.4050000000000001,0.42738852,0.8034507,0.028644472,0.16790485,GOOD,GOOD,
2025-08-26 16:00:00+00:00,0.38,0.38000000000000006,0.43141136,0.96622753,0.017760653,0.016011834,GOOD,GOOD,
2025-08-26 17:00:00+00:00,0.37,0.37000000000000005,0.41904905,0.8754409,0.028684717,0.09587439,GOOD,GOOD,
2025-08-26 18:00:00+00:00,0.365,0.3650000000000001,0.40484536,0.77323157,0.028991383,0.19777703,GOOD,GOOD,
2025-08-26 19:00:00+00:00,0.4,0.40000000000000013,0.3963941,0.9700343,0.017816579,0.012149123,GOOD,GOOD,
2025-08-26 20:00:00+00:00,0.39,0.3900000000000001,0.4157212,0.97384584,0.012308136,0.013845999,GOOD,GOOD,
2025-08-26 21:00:00+00:00,0.32,0.32000000000000006,0.42236423,0.8787984,0.08116725,0.040034316,GOOD,GOOD,
2025-08-26 22:00:00+00:00,0.29000000000000004,0.2900000000000001,0.37913722,0.92144847,0.04825698,0.03029454,GOOD,GOOD,
2025-08-26 23:00:00+00:00,0.43,0.43000000000000005,0.33498314,0.63058704,0.2788654,0.09054758,GOOD,GOOD,
2025-08-27 00:00:00+00:00,0.45,0.4500000000000001,0.40328208,0.8397245,0.11159009,0.04868542,GOOD,GOOD,
2025-08-27 01:00:00+00:00,0.45,0.4500000000000001,0.46580598,0.8792817,0.028199874,0.09251845,GOOD,GOOD,
2025-08-27 02:00:00+00:00,0.485,0.4850000000000001,0.484634,0.9537684,0.02802335,0.018208286,GOOD,GOOD,
2025-08-27 03:00:00+00:00,0.51,0.51,0.50541353,0.9471735,0.029556021,0.02327049,GOOD,GOOD,
2025-08-27 04:00:00+00:00,0.45,0.4500000000000001,0.53036106,0.94907707,0.032258347,0.018664591,GOOD,GOOD,
2025-08-27 05:00:00+00:00,0.485,0.4850000000000001,0.5020361,0.962858,0.021791609,0.01535037,GOOD,GOOD,
2025-08-27 06:00:00+00:00,0.435,0.4350000000000001,0.50405324,0.9603248,0.023817988,0.015857194,GOOD,GOOD,
2025-08-27 07:00:00+00:00,0.625,0.625,0.48002726,0.45067537,0.39834774,0.15097691,GOOD,GOOD,
2025-08-27 08:00:00+00:00,0.65,0.65,0.58752185,0.6807685,0.229428,0.08980352,GOOD,GOOD,
2025-08-27 09:00:00+00:00,0.48,0.48000000000000004,0.6668636,0.60570097,0.24059029,0.15370871,GOOD,GOOD,
2025-08-27 10:00:00+00:00,0.38,0.38000000000000006,0.5742027,0.44497687,0.41447762,0.14054552,GOOD,GOOD,
2025-08-27 11:00:00+00:00,0.475,0.4750000000000001,0.45248747,0.8861003,0.07696047,0.036939252,GOOD,GOOD,
2025-08-27 12:00:00+00:00,0.585,0.5850000000000001,0.46400705,0.65559375,0.26968032,0.07472595,GOOD,GOOD,
2025-08-27 13:00:00+00:00,0.54,0.5400000000000001,0.5648818,0.94379985,0.033216283,0.022983856,GOOD,GOOD,
2025-08-27 14:00:00+00:00,0.53,0.53,0.5848669,0.95376927,0.015253403,0.030977342,GOOD,GOOD,
2025-08-27 15:00:00+00:00,0.64,0.6400000000000001,0.5688508,0.87295747,0.09617002,0.030872494,GOOD,GOOD,
2025-08-27 16:00:00+00:00,0.62,0.62,0.6303687,0.96242017,0.022199243,0.015380569,GOOD,GOOD,
2025-08-27 17:00:00+00:00,0.5,0.5000000000000001,0.6525694,0.85708606,0.10374545,0.03916845,GOOD,GOOD,
2025-08-27 18:00:00+00:00,0.5,0.5000000000000001,0.57402796,0.92607445,0.030133285,0.043792292,GOOD,GOOD,
2025-08-27 19:00:00+00:00,0.39,0.3900000000000001,0.5309807,0.807435,0.1388519,0.053713117,GOOD,GOOD,
2025-08-27 20:00:00+00:00,0.505,0.505,0.45487896,0.8869728,0.08227571,0.0307515,GOOD,GOOD,
2025-08-27 21:00:00+00:00,0.46499999999999997,0.465,0.49157465,0.97393394,0.01503313,0.01103292,GOOD,GOOD,
2025-08-27 22:00:00+00:00,0.415,0.4150000000000001,0.5018158,0.9543996,0.030108357,0.015492038,GOOD,GOOD,
2025-08-27 23:00:00+00:00,0.425,0.4250000000000001,0.46676064,0.9607792,0.014904771,0.02431601,GOOD,GOOD,
2025-08-28 00:00:00+00:00,0.48,0.48000000000000004,0.45211014,0.9540313,0.03326366,0.012705071,GOOD,GOOD,
2025-08-28 01:00:00+00:00,0.445,0.44500000000000006,0.48592323,0.97638124,0.013238863,0.010379895,GOOD,GOOD,
2025-08-28 02:00:00+00:00,0.45499999999999996,0.455,0.48538238,0.94430476,0.016379554,0.039315663,GOOD,GOOD,
2025-08-28 03:00:00+00:00,0.475,0.4750000000000001,0.48386827,0.9351564,0.020069351,0.044774223,GOOD,GOOD,
2025-08-28 04:00:00+00:00,0.525,0.525,0.49654508,0.95631385,0.031044405,0.012641734,GOOD,GOOD,
2025-08-28 05:00:00+00:00,0.435,0.4350000000000001,0.5357016,0.9241193,0.04826483,0.02761589,GOOD,GOOD,
2025-08-28 06:00:00+00:00,0.47,0.47000000000000003,0.49741116,0.97796583,0.012260886,0.009773289,GOOD,GOOD,
2025-08-28 07:00:00+00:00,0.525,0.525,0.4907579,0.9493705,0.03731488,0.013314631,GOOD,GOOD,
2025-08-28 08:00:00+00:00,0.58,0.58,0.530768,0.8946344,0.07557321,0.02979234,GOOD,GOOD,
2025-08-28 09:00:00+00:00,0.435,0.4350000000000001,0.58866453,0.7615958,0.1628775,0.07552673,GOOD,GOOD,
2025-08-28 10:00:00+00:00,0.33499999999999996,0.335,0.51817274,0.53496665,0.34417817,0.12085517,GOOD,GOOD,
2025-08-28 11:00:00+00:00,0.35,0.35000000000000003,0.40904152,0.9718316,0.016949208,0.01121918,GOOD,GOOD,
2025-08-28 12:00:00+00:00,0.415,0.4150000000000001,0.37183282,0.923175,0.05549612,0.021328881,GOOD,GOOD,
2025-08-28 13:00:00+00:00,0.4,0.40000000000000013,0.41189888,0.9690684,0.016983118,0.013948473,GOOD,GOOD,
2025-08-28 14:00:00+00:00,0.445,0.44500000000000006,0.4317468,0.9613262,0.025465265,0.013208564,GOOD,GOOD,
2025-08-28 15:00:00+00:00,0.44999999999999996,0.45000000000000007,0.46099618,0.90347975,0.021824947,0.07469528,GOOD,GOOD,
2025-08-28 16:00:00+00:00,0.46499999999999997,0.465,0.47747746,0.909852,0.022626186,0.06752182,GOOD,GOOD,
2025-08-28 17:00:00+00:00,0.42,0.42000000000000004,0.49040395,0.9587316,0.024223682,0.017044723,GOOD,GOOD,
2025-08-28 18:00:00+00:00,0.385,0.38500000000000006,0.46681955,0.9375289,0.035833992,0.026637083,GOOD,GOOD,
2025-08-28 19:00:00+00:00,0.41000000000000003,0.4100000000000001,0.42985436,0.972784,0.014926783,0.012289225,GOOD,GOOD,
2025-08-28 20:00:00+00:00,0.535,0.535,0.42955694,0.72667956,0.20770627,0.06561414,GOOD,GOOD,
2025-08-28 21:00:00+00:00,0.52,0.52,0.51559365,0.9488533,0.03060071,0.020545984,GOOD,GOOD,
2025-08-28 22:00:00+00:00,0.42000000000000004,0.4200000000000001,0.5530876,0.8535257,0.10073822,0.04573608,GOOD,GOOD,
2025-08-28 23:00:00+00:00,0.42,0.42000000000000004,0.49203837,0.94696563,0.026068335,0.026966011,GOOD,GOOD,
2025-08-29 00:00:00+00:00,0.44999999999999996,0.45000000000000007,0.4532602,0.97576207,0.014749293,0.009488615,GOOD,GOOD,
2025-08-29 01:00:00+00:00,0.42,0.42000000000000004,0.46369267,0.97306883,0.015593866,0.011337323,GOOD,GOOD,
2025-08-29 02:00:00+00:00,0.44,0.4400000000000001,0.45779595,0.9746053,0.013220763,0.012173897,GOOD,GOOD,
2025-08-29 03:00:00+00:00,0.44,0.4400000000000001,0.4636851,0.85438025,0.022853,0.12276672,GOOD,GOOD,
2025-08-29 04:00:00+00:00,0.49,0.4900000000000001,0.4684488,0.95551264,0.03005719,0.014430186,GOOD,GOOD,
2025-08-29 05:00:00+00:00,0.45499999999999996,0.455,0.5011221,0.9747429,0.013858929,0.011398205,GOOD,GOOD,
2025-08-29 06:00:00+00:00,0.425,0.4250000000000001,0.49633184,0.93305343,0.028654296,0.038292278,GOOD,GOOD,
2025-08-29 07:00:00+00:00,0.52,0.52,0.46830833,0.8782818,0.08656399,0.03515422,GOOD,GOOD,
2025-08-29 08:00:00+00:00,0.525,0.525,0.5142822,0.9428747,0.033889785,0.023235481,GOOD,GOOD,
2025-08-29 09:00:00+00:00,0.485,0.4850000000000001,0.5488255,0.9677401,0.017374711,0.014885144,GOOD,GOOD,
2025-08-29 10:00:00+00:00,0.445,0.44500000000000006,0.53169775,0.93621266,0.032757003,0.031030338,GOOD,GOOD,
2025-08-29 11:00:00+00:00,0.41000000000000003,0.4100000000000001,0.49141055,0.9418379,0.03326785,0.02489426,GOOD,GOOD,
2025-08-29 12:00:00+00:00,0.435,0.4350000000000001,0.45187375,0.976427,0.013740171,0.009832808,GOOD,GOOD,
2025-08-29 13:00:00+00:00,0.48,0.48000000000000004,0.453225,0.95373446,0.03265912,0.0136064235,GOOD,GOOD,
2025-08-29 14:00:00+00:00,0.41000000000000003,0.4100000000000001,0.48968616,0.9413829,0.03571795,0.022899171,GOOD,GOOD,
2025-08-29 15:00:00+00:00,0.4,0.40000000000000013,0.46499035,0.9670241,0.015005593,0.0179703,GOOD,GOOD,
2025-08-29 16:00:00+00:00,0.415,0.4150000000000001,0.43739563,0.96337914,0.014866936,0.021753917,GOOD,GOOD,
2025-08-29 17:00:00+00:00,0.395,0.3950000000000001,0.43709362,0.9748254,0.013203805,0.0119708385,GOOD,GOOD,
2025-08-29 18:00:00+00:00,0.42,0.42000000000000004,0.43007794,0.97163993,0.016242644,0.012117429,GOOD,GOOD,
2025-08-29 19:00:00+00:00,0.42478260869565215,0.4247826086956522,0.4408801,0.90839124,0.021497646,0.07011112,GOOD,GOOD,
2025-08-29 20:00:00+00:00,0.4295652173913043,0.42956521739130443,0.45159197,0.7367594,0.029752694,0.23348792,GOOD,GOOD,
2025-08-29 21:00:00+00:00,0.4343478260869565,0.43434782608695655,0.4581348,0.7036506,0.031632286,0.26471716,GOOD,GOOD,
2025-09-01 12:00:00+00:00,0.7356521739130435,0.7356521739130436,0.4627809,0.25815582,0.42036045,0.3214837,GOOD,SUSPECT,
2025-09-01 13:00:00+00:00,0.7404347826086957,0.7404347826086958,0.6604739,0.41956115,0.36985862,0.21058024,GOOD,GOOD,
2025-09-01 14:00:00+00:00,0.7452173913043478,0.7452173913043479,0.7675605,0.6764041,0.15922776,0.16436815,GOOD,GOOD,
2025-09-01 15:00:00+00:00,0.75,0.7500000000000001,0.78369725,0.73279035,0.10663384,0.16057584,GOOD,GOOD,
2025-09-01 16:00:00+00:00,0.71,0.7100000000000001,0.77931285,0.9351248,0.04183191,0.023043262,GOOD,GOOD,
2025-09-01 17:00:00+00:00,0.625,0.625,0.7489404,0.88205796,0.0829722,0.034969818,GOOD,GOOD,
2025-09-01 18:00:00+00:00,0.645,0.645,0.67893934,0.9617348,0.022249874,0.01601538,GOOD,GOOD,
2025-09-01 19:00:00+00:00,0.6950000000000001,0.6950000000000001,0.66388166,0.94178724,0.040592913,0.017619815,GOOD,GOOD,
2025-09-01 20:00:00+00:00,0.75,0.7500000000000001,0.7013848,0.9007088,0.076527044,0.022764167,GOOD,GOOD,
2025-09-01 21:00:00+00:00,0.715,0.715,0.7581253,0.95736057,0.025060568,0.017578892,GOOD,GOOD,
2025-09-01 22:00:00+00:00,0.685,0.6850000000000002,0.7536335,0.94627273,0.0301788,0.023548488,GOOD,GOOD,
2025-09-01 23:00:00+00:00,0.69,0.6900000000000001,0.7223433,0.96351963,0.018604867,0.017875496,GOOD,GOOD,
2025-09-02 00:00:00+00:00,0.61,0.6100000000000001,0.71281767,0.9253466,0.049244758,0.025408637,GOOD,GOOD,
2025-09-02 01:00:00+00:00,0.74,0.74,0.6606408,0.7999583,0.15255398,0.047487743,GOOD,GOOD,
2025-09-02 02:00:00+00:00,0.75,0.7500000000000001,0.723627,0.92128944,0.052554578,0.026155988,GOOD,GOOD,
2025-09-02 03:00:00+00:00,0.725,0.725,0.7700047,0.9742471,0.012797601,0.012955303,GOOD,GOOD,
2025-09-02 04:00:00+00:00,0.725,0.725,0.7626945,0.89545536,0.018399956,0.086144686,GOOD,GOOD,
2025-09-02 05:00:00+00:00,0.77,0.77,0.7525732,0.96066463,0.029266344,0.010069052,GOOD,GOOD,
2025-09-02 06:00:00+00:00,0.71,0.7100000000000001,0.780728,0.9663096,0.02006076,0.013629638,GOOD,GOOD,
2025-09-02 07:00:00+00:00,0.685,0.6850000000000002,0.75430375,0.9728623,0.015435188,0.011702495,GOOD,GOOD,
2025-09-02 08:00:00+00:00,0.73,0.7300000000000001,0.72067535,0.96935886,0.021512425,0.0091286935,GOOD,GOOD,
2025-09-02 09:00:00+00:00,0.72,0.72,0.74003685,0.97810674,0.011676247,0.010216999,GOOD,GOOD,
2025-09-02 10:00:00+00:00,0.715,0.715,0.7475968,0.79632235,0.025789388,0.17788829,GOOD,GOOD,
2025-09-02 11:00:00+00:00,0.705,0.7050000000000001,0.7438565,0.8589431,0.025291407,0.115765475,GOOD,GOOD,
2025-09-02 12:00:00+00:00,0.615,0.6150000000000001,0.73425156,0.861232,0.09734405,0.04142397,GOOD,GOOD,
2025-09-02 13:00:00+00:00,0.7,0.7,0.67054826,0.9318772,0.050332166,0.017790614,GOOD,GOOD,
2025-09-02 14:00:00+00:00,0.73,0.7300000000000001,0.69808215,0.9427399,0.041289464,0.015970634,GOOD,GOOD,
2025-09-02 15:00:00+00:00,0.76,0.7600000000000001,0.74285984,0.90306014,0.05418876,0.0427511,GOOD,GOOD,
2025-09-02 16:00:00+00:00,0.76,0.7600000000000001,0.77865124,0.90735155,0.023515731,0.06913269,GOOD,GOOD,
2025-09-02 17:00:00+00:00,0.76,0.7600000000000001,0.78781486,0.66345096,0.030706348,0.30584267,GOOD,GOOD,
2025-09-02 18:00:00+00:00,0.76,0.7600000000000001,0.7867752,0.61398375,0.0365289,0.34948733,GOOD,GOOD,
