Variavel,start,end,n_points,min_value,max_value,max_abs_z,event_type
Hsig,2019-08-16 06:21:40+00:00,2019-08-16 07:51:40+00:00,4,1.61,1.76,4.655190778368914,possible_physical_event
Hsig,2019-08-16 19:21:40+00:00,2019-08-16 19:21:40+00:00,1,1.65,1.65,4.257654914893588,possible_instrumental_spike
Hsig,2019-08-17 00:21:40+00:00,2019-08-17 00:51:40+00:00,2,1.61,1.62,4.149236043036682,possible_physical_event
Hsig,2019-08-28 15:51:40+00:00,2019-08-28 15:51:40+00:00,1,1.62,1.62,4.149236043036682,possible_instrumental_spike
Hsig,2019-08-28 18:21:40+00:00,2019-08-28 18:21:40+00:00,1,1.7,1.7,4.4383530346551,possible_instrumental_spike
Hsig,2019-08-28 22:51:40+00:00,2019-08-28 22:51:40+00:00,1,1.59,1.59,4.040817171179775,possible_instrumental_spike
Hsig,2019-08-29 06:21:40+00:00,2019-08-29 06:21:40+00:00,1,1.6,1.6,4.0769567951320775,possible_instrumental_spike
Hsig,2019-11-25 22:51:40+00:00,2019-11-25 22:51:40+00:00,1,1.61,1.61,4.113096419084379,possible_instrumental_spike
Hsig,2019-11-26 00:21:40+00:00,2019-11-26 00:21:40+00:00,1,1.59,1.59,4.040817171179775,possible_instrumental_spike
Hsig,2019-11-26 12:21:40+00:00,2019-11-26 12:21:40+00:00,1,1.84,1.84,4.944307769987333,possible_instrumental_spike
Hsig,2020-03-23 23:51:40+00:00,2020-03-24 01:21:40+00:00,3,1.65,1.66,4.293794538845891,possible_physical_event
Hsig,2020-03-24 04:21:40+00:00,2020-03-24 07:51:40+00:00,8,1.61,1.92,5.233424761605751,possible_physical_event
Hsig,2020-03-24 09:21:40+00:00,2020-03-24 09:21:40+00:00,1,1.64,1.64,4.221515290941286,possible_instrumental_spike
Hsig,2020-03-24 11:51:40+00:00,2020-03-24 13:21:40+00:00,4,1.6,1.92,5.233424761605751,possible_physical_event
Hsig,2020-03-24 22:21:40+00:00,2020-03-24 22:21:40+00:00,1,1.59,1.59,4.040817171179775,possible_instrumental_spike
Hsig,2020-03-24 23:51:40+00:00,2020-03-25 02:21:40+00:00,5,1.58,2.09,5.847798368794891,possible_physical_event
Hsig,2020-03-25 05:21:40+00:00,2020-03-25 05:21:40+00:00,1,1.6,1.6,4.0769567951320775,possible_instrumental_spike
Hsig,2020-03-25 07:51:40+00:00,2020-03-25 07:51:40+00:00,1,1.61,1.61,4.113096419084379,possible_instrumental_spike
Hsig,2020-04-19 10:21:40+00:00,2020-04-19 12:51:40+00:00,6,1.61,1.92,5.233424761605751,possible_physical_event
Hsig,2020-04-19 13:51:40+00:00,2020-04-19 14:21:40+00:00,2,1.59,1.68,4.366073786750495,possible_physical_event
Hsig,2020-04-24 07:51:40+00:00,2020-04-24 07:51:40+00:00,1,1.6,1.6,4.0769567951320775,possible_instrumental_spike
Hsig,2020-04-24 19:21:40+00:00,2020-04-24 19:21:40+00:00,1,1.6,1.6,4.0769567951320775,possible_instrumental_spike
Hsig,2020-04-27 10:51:40+00:00,2020-04-27 10:51:40+00:00,1,1.62,1.62,4.149236043036682,possible_instrumental_spike
Hsig,2020-04-27 14:21:40+00:00,2020-04-27 14:21:40+00:00,1,1.64,1.64,4.221515290941286,possible_instrumental_spike
Hsig,2020-05-08 21:21:40+00:00,2020-05-09 10:21:40+00:00,26,1.6,2.24,6.389892728079427,possible_physical_event
Hsig,2020-05-09 11:21:40+00:00,2020-05-09 16:21:40+00:00,10,1.64,2.14,6.028496488556403,possible_physical_event
Hsig,2020-05-09 17:51:40+00:00,2020-05-09 17:51:40+00:00,1,1.69,1.69,4.402213410702798,possible_instrumental_spike
Hsig,2020-05-09 19:21:40+00:00,2020-05-10 03:21:40+00:00,12,1.69,2.41,7.004266335268566,possible_physical_event
Hsig,2020-05-10 08:21:40+00:00,2020-05-10 10:51:40+00:00,6,1.59,1.92,5.233424761605751,possible_physical_event
Hsig,2020-05-10 12:51:40+00:00,2020-05-10 15:51:40+00:00,7,1.58,1.8,4.799749274178124,possible_physical_event
Hsig,2020-05-10 21:51:40+00:00,2020-05-10 22:51:40+00:00,3,1.62,1.77,4.691330402321216,possible_physical_event
Hsig,2020-05-11 00:21:40+00:00,2020-05-11 00:51:40+00:00,2,1.66,1.73,4.546771906512007,possible_physical_event
Hsig,2020-05-19 13:51:40+00:00,2020-05-19 13:51:40+00:00,1,1.66,1.66,4.293794538845891,possible_instrumental_spike
Hsig,2020-05-19 16:21:40+00:00,2020-05-19 20:21:40+00:00,9,1.58,1.8,4.799749274178124,possible_physical_event
Hsig,2020-05-20 04:51:40+00:00,2020-05-20 05:51:40+00:00,3,1.6,1.68,4.366073786750495,possible_physical_event
Hsig,2020-05-29 04:51:40+00:00,2020-05-29 04:51:40+00:00,1,1.58,1.58,4.004677547227472,possible_instrumental_spike
Hsig,2020-06-04 21:51:40+00:00,2020-06-04 22:51:40+00:00,3,1.66,1.99,5.486402129271868,possible_physical_event
Hsig,2020-06-04 23:51:40+00:00,2020-06-05 00:21:40+00:00,2,1.79,1.92,5.233424761605751,possible_physical_event
Hsig,2020-06-18 05:51:40+00:00,2020-06-18 05:51:40+00:00,1,1.67,1.67,4.329934162798193,possible_instrumental_spike
Hsig,2020-08-03 10:51:40+00:00,2020-08-03 10:51:40+00:00,1,1.64,1.64,4.221515290941286,possible_instrumental_spike
Hsig,2020-08-04 07:51:40+00:00,2020-08-04 07:51:40+00:00,1,1.6,1.6,4.0769567951320775,possible_instrumental_spike
Hsig,2020-08-23 16:51:40+00:00,2020-08-23 17:21:40+00:00,2,1.59,1.62,4.149236043036682,possible_physical_event
Hsig,2020-08-24 01:21:40+00:00,2020-08-24 20:51:40+00:00,40,1.58,2.37,6.8597078394593565,possible_physical_event
Hsig,2020-08-24 23:21:40+00:00,2020-08-24 23:51:40+00:00,2,1.59,1.69,4.402213410702798,possible_physical_event
Hsig,2020-08-25 00:51:40+00:00,2020-08-25 05:51:40+00:00,11,1.62,1.82,4.872028522082728,possible_physical_event
Hsig,2020-11-02 12:21:40+00:00,2020-11-02 13:21:40+00:00,3,1.6,1.69,4.402213410702798,possible_physical_event
Hsig,2020-11-02 14:21:40+00:00,2020-11-02 14:21:40+00:00,1,1.68,1.68,4.366073786750495,possible_instrumental_spike
Hsig,2020-11-03 01:21:40+00:00,2020-11-03 01:21:40+00:00,1,1.72,1.72,4.510632282559705,possible_instrumental_spike
Hsig,2020-11-03 07:51:40+00:00,2020-11-03 08:21:40+00:00,2,1.6,1.71,4.474492658607402,possible_physical_event
Hsig,2020-11-03 09:51:40+00:00,2020-11-03 11:21:40+00:00,3,1.61,1.73,4.546771906512007,possible_physical_event
Hsig,2020-11-03 12:51:40+00:00,2020-11-03 15:21:40+00:00,6,1.66,1.92,5.233424761605751,possible_physical_event
Hsig,2020-11-03 16:21:40+00:00,2020-11-03 16:21:40+00:00,1,1.59,1.59,4.040817171179775,possible_instrumental_spike
Hsig,2020-11-03 17:21:40+00:00,2020-11-03 17:21:40+00:00,1,1.59,1.59,4.040817171179775,possible_instrumental_spike
Hsig,2020-11-03 18:51:40+00:00,2020-11-03 18:51:40+00:00,1,1.64,1.64,4.221515290941286,possible_instrumental_spike
Hsig,2020-11-03 20:51:40+00:00,2020-11-04 03:21:40+00:00,12,1.58,1.86,5.016587017891938,possible_physical_event
Hsig,2021-05-01 20:51:40+00:00,2021-05-01 20:51:40+00:00,1,1.67,1.67,4.329934162798193,possible_instrumental_spike
Hsig,2021-05-01 23:51:40+00:00,2021-05-01 23:51:40+00:00,1,1.65,1.65,4.257654914893588,possible_instrumental_spike
Hsig,2021-05-02 02:21:40+00:00,2021-05-02 02:21:40+00:00,1,1.73,1.73,4.546771906512007,possible_instrumental_spike
Hsig,2021-05-10 05:21:40+00:00,2021-05-10 06:51:40+00:00,4,1.62,1.92,5.233424761605751,possible_physical_event
Hsig,2021-05-10 08:21:40+00:00,2021-05-10 11:51:40+00:00,6,1.6,1.87,5.05272664184424,possible_physical_event
Hsig,2021-05-10 18:51:40+00:00,2021-05-10 19:21:40+00:00,2,1.73,1.77,4.691330402321216,possible_physical_event
Hsig,2021-05-10 21:51:40+00:00,2021-05-10 21:51:40+00:00,1,1.7,1.7,4.4383530346551,possible_instrumental_spike
Hsig,2021-05-10 23:21:40+00:00,2021-05-10 23:21:40+00:00,1,1.75,1.75,4.619051154416612,possible_instrumental_spike
Hsig,2021-06-27 15:51:40+00:00,2021-06-27 15:51:40+00:00,1,1.63,1.63,4.185375666988984,possible_instrumental_spike
Hsig,2021-07-02 16:21:40+00:00,2021-07-02 22:21:40+00:00,13,1.68,1.84,4.944307769987333,possible_physical_event
Hsig,2021-07-03 00:51:40+00:00,2021-07-03 01:21:40+00:00,2,1.62,1.63,4.185375666988984,possible_physical_event
Hsig,2021-07-03 03:51:40+00:00,2021-07-03 04:51:40+00:00,3,1.58,1.61,4.113096419084379,possible_physical_event
Hsig,2021-07-03 06:21:40+00:00,2021-07-03 06:51:40+00:00,2,1.6,1.62,4.149236043036682,possible_physical_event
Hsig,2021-07-21 10:51:40+00:00,2021-07-21 10:51:40+00:00,1,1.62,1.62,4.149236043036682,possible_instrumental_spike
Hsig,2021-07-31 00:21:40+00:00,2021-07-31 07:51:40+00:00,16,1.62,2.09,5.847798368794891,possible_physical_event
Hsig,2021-07-31 13:21:40+00:00,2021-07-31 15:21:40+00:00,5,1.59,1.88,5.0888662657965416,possible_physical_event
Hsig,2021-08-01 01:21:40+00:00,2021-08-01 01:21:40+00:00,1,1.6,1.6,4.0769567951320775,possible_instrumental_spike
Hsig,2021-08-01 05:21:40+00:00,2021-08-01 05:51:40+00:00,2,1.61,1.82,4.872028522082728,possible_physical_event
Hsig,2021-08-01 06:51:40+00:00,2021-08-01 06:51:40+00:00,1,1.6,1.6,4.0769567951320775,possible_instrumental_spike
Hsig,2021-08-01 08:21:40+00:00,2021-08-01 08:21:40+00:00,1,1.63,1.63,4.185375666988984,possible_instrumental_spike
Hsig,2021-09-23 20:21:40+00:00,2021-09-23 20:21:40+00:00,1,1.64,1.64,4.221515290941286,possible_instrumental_spike
Hsig,2021-09-24 00:51:40+00:00,2021-09-24 02:51:40+00:00,5,1.66,1.83,4.908168146035031,possible_physical_event
Hsig,2021-09-24 12:51:40+00:00,2021-09-24 12:51:40+00:00,1,1.7,1.7,4.4383530346551,possible_instrumental_spike
Hsig,2021-11-13 18:51:40+00:00,2021-11-13 18:51:40+00:00,1,1.59,1.59,4.040817171179775,possible_instrumental_spike
Hsig,2021-11-13 19:51:40+00:00,2021-11-14 04:51:40+00:00,19,1.67,2.29,6.570590847840937,possible_physical_event
Hsig,2021-11-14 07:51:40+00:00,2021-11-14 08:51:40+00:00,3,1.61,1.66,4.293794538845891,possible_physical_event
Hsig,2021-11-14 10:21:40+00:00,2021-11-14 10:51:40+00:00,2,1.63,1.64,4.221515290941286,possible_physical_event
Hsig,2021-11-14 12:51:40+00:00,2021-11-14 13:51:40+00:00,3,1.62,1.73,4.546771906512007,possible_physical_event
Hsig,2021-11-14 14:51:40+00:00,2021-11-14 15:21:40+00:00,2,1.67,1.77,4.691330402321216,possible_physical_event
Hsig,2022-06-05 03:51:40+00:00,2022-06-05 04:51:40+00:00,3,1.63,1.87,5.05272664184424,possible_physical_event
Hsig,2022-06-05 06:21:40+00:00,2022-06-05 17:51:40+00:00,17,1.6,2.05,5.703239872985681,possible_physical_event
Hsig,2022-06-06 00:51:40+00:00,2022-06-06 02:51:40+00:00,4,1.71,1.8,4.799749274178124,possible_physical_event
Hsig,2022-06-06 07:21:40+00:00,2022-06-06 07:21:40+00:00,1,1.58,1.58,4.004677547227472,possible_instrumental_spike
Hsig,2022-06-14 12:51:40+00:00,2022-06-14 12:51:40+00:00,1,1.64,1.64,4.221515290941286,possible_instrumental_spike
Hsig,2022-06-14 17:21:40+00:00,2022-06-14 19:51:40+00:00,4,1.59,1.92,5.233424761605751,possible_physical_event
Hsig,2022-06-15 07:51:40+00:00,2022-06-15 07:51:40+00:00,1,1.65,1.65,4.257654914893588,possible_instrumental_spike
Hsig,2022-06-27 09:51:40+00:00,2022-06-27 09:51:40+00:00,1,1.62,1.62,4.149236043036682,possible_instrumental_spike
Hsig,2022-06-27 10:51:40+00:00,2022-06-27 10:51:40+00:00,1,1.6,1.6,4.0769567951320775,possible_instrumental_spike
Hsig,2022-06-27 17:51:40+00:00,2022-06-27 19:51:40+00:00,4,1.69,1.74,4.582911530464309,possible_physical_event
Hsig,2022-06-27 20:51:40+00:00,2022-06-28 00:51:40+00:00,8,1.6,1.87,5.05272664184424,possible_physical_event
Hsig,2022-08-14 01:51:40+00:00,2022-08-14 01:51:40+00:00,1,1.6,1.6,4.0769567951320775,possible_instrumental_spike
Hsig,2022-08-30 14:21:40+00:00,2022-08-30 14:51:40+00:00,2,1.78,1.87,5.05272664184424,possible_physical_event
Hsig,2022-08-30 18:51:40+00:00,2022-08-31 04:21:40+00:00,19,1.59,2.38,6.895847463411658,possible_physical_event
Hsig,2022-08-31 06:51:40+00:00,2022-08-31 06:51:40+00:00,1,1.66,1.66,4.293794538845891,possible_instrumental_spike
Hsig,2022-08-31 07:51:40+00:00,2022-08-31 14:51:40+00:00,15,1.59,2.09,5.847798368794891,possible_physical_event
Hsig,2022-08-31 15:51:40+00:00,2022-08-31 15:51:40+00:00,1,1.61,1.61,4.113096419084379,possible_instrumental_spike
Hsig,2022-11-03 20:51:40+00:00,2022-11-04 01:21:40+00:00,9,1.59,1.85,4.980447393939635,possible_physical_event
Hsig,2022-11-04 02:21:40+00:00,2022-11-04 02:51:40+00:00,2,1.58,1.68,4.366073786750495,possible_physical_event
Hsig,2022-11-04 04:21:40+00:00,2022-11-04 12:21:40+00:00,17,1.61,2.1,5.883937992747193,possible_physical_event
Hsig,2022-11-04 13:51:40+00:00,2022-11-04 13:51:40+00:00,1,1.66,1.66,4.293794538845891,possible_instrumental_spike
Hsig,2022-11-04 17:21:40+00:00,2022-11-04 17:21:40+00:00,1,1.58,1.58,4.004677547227472,possible_instrumental_spike
Hsig,2022-11-04 18:21:40+00:00,2022-11-04 18:21:40+00:00,1,1.72,1.72,4.510632282559705,possible_instrumental_spike
Hsig,2022-11-04 19:21:40+00:00,2022-11-04 20:21:40+00:00,3,1.64,1.68,4.366073786750495,possible_physical_event
Hsig,2022-11-04 21:51:40+00:00,2022-11-04 21:51:40+00:00,1,1.58,1.58,4.004677547227472,possible_instrumental_spike
Hsig,2022-11-05 04:21:40+00:00,2022-11-05 04:51:40+00:00,2,1.69,2.0,5.52254175322417,possible_physical_event
Hsig,2022-11-05 05:51:40+00:00,2022-11-05 07:21:40+00:00,4,1.71,1.91,5.197285137653449,possible_physical_event
Hsig,2022-11-05 08:21:40+00:00,2022-11-05 10:51:40+00:00,6,1.62,1.77,4.691330402321216,possible_physical_event
Hsig,2022-11-05 21:21:40+00:00,2022-11-05 22:51:40+00:00,4,1.62,1.71,4.474492658607402,possible_physical_event
Hsig,2023-04-24 15:21:40+00:00,2023-04-24 15:21:40+00:00,1,1.6,1.6,4.0769567951320775,possible_instrumental_spike
Hsig,2023-04-24 17:21:40+00:00,2023-04-24 17:21:40+00:00,1,1.58,1.58,4.004677547227472,possible_instrumental_spike
Hsig,2023-05-20 11:21:40+00:00,2023-05-20 12:51:40+00:00,4,1.66,1.95,5.341843633462658,possible_physical_event
Hsig,2023-06-03 05:21:40+00:00,2023-06-03 06:51:40+00:00,4,1.6,1.74,4.582911530464309,possible_physical_event
Hsig,2023-06-03 09:21:40+00:00,2023-06-03 12:51:40+00:00,8,1.59,2.07,5.775519120890285,possible_physical_event
Hsig,2023-06-03 23:51:40+00:00,2023-06-03 23:51:40+00:00,1,1.58,1.58,4.004677547227472,possible_instrumental_spike
Hsig,2023-06-19 20:21:40+00:00,2023-06-19 20:51:40+00:00,2,1.58,1.64,4.221515290941286,possible_physical_event
Hsig,2023-06-19 21:51:40+00:00,2023-06-19 22:21:40+00:00,2,1.64,1.68,4.366073786750495,possible_physical_event
Hsig,2023-06-20 06:51:40+00:00,2023-06-20 07:21:40+00:00,2,1.74,1.88,5.0888662657965416,possible_physical_event
Hsig,2023-06-20 08:21:40+00:00,2023-06-20 08:51:40+00:00,2,1.79,2.03,5.630960625081076,possible_physical_event
Hsig,2023-06-20 12:51:40+00:00,2023-06-20 14:51:40+00:00,5,1.6,1.72,4.510632282559705,possible_physical_event
Hsig,2023-06-21 00:51:40+00:00,2023-06-21 00:51:40+00:00,1,1.7,1.7,4.4383530346551,possible_instrumental_spike
Hsig,2023-07-04 06:51:40+00:00,2023-07-04 08:51:40+00:00,5,1.69,1.86,5.016587017891938,possible_physical_event
Hsig,2023-07-04 09:51:40+00:00,2023-07-04 10:21:40+00:00,2,1.7,1.7,4.4383530346551,possible_physical_event
Hsig,2023-07-04 11:21:40+00:00,2023-07-04 11:51:40+00:00,2,1.61,1.66,4.293794538845891,possible_physical_event
Hsig,2023-07-04 12:51:40+00:00,2023-07-04 13:21:40+00:00,2,1.63,1.66,4.293794538845891,possible_physical_event
Hsig,2023-07-04 19:21:40+00:00,2023-07-04 20:21:40+00:00,3,1.64,1.74,4.582911530464309,possible_physical_event
Hsig,2023-07-05 20:21:40+00:00,2023-07-05 21:21:40+00:00,3,1.65,1.72,4.510632282559705,possible_physical_event
Hsig,2023-07-07 09:51:40+00:00,2023-07-07 09:51:40+00:00,1,1.58,1.58,4.004677547227472,possible_instrumental_spike
Hsig,2023-11-07 06:51:40+00:00,2023-11-07 06:51:40+00:00,1,1.59,1.59,4.040817171179775,possible_instrumental_spike
Hsig,2023-11-07 08:51:40+00:00,2023-11-07 08:51:40+00:00,1,1.65,1.65,4.257654914893588,possible_instrumental_spike
Hsig,2023-11-07 10:21:40+00:00,2023-11-07 10:51:40+00:00,2,1.59,1.82,4.872028522082728,possible_physical_event
Hsig,2023-11-07 15:51:40+00:00,2023-11-07 16:51:40+00:00,3,1.7,1.72,4.510632282559705,possible_physical_event
Hsig,2023-11-07 18:21:40+00:00,2023-11-07 22:51:40+00:00,10,1.65,1.82,4.872028522082728,possible_physical_event
Hsig,2023-11-07 23:51:40+00:00,2023-11-07 23:51:40+00:00,1,1.58,1.58,4.004677547227472,possible_instrumental_spike
Hsig,2023-11-08 07:21:40+00:00,2023-11-08 07:21:40+00:00,1,1.61,1.61,4.113096419084379,possible_instrumental_spike
Hsig,2023-11-26 10:51:40+00:00,2023-11-26 11:51:40+00:00,3,1.59,1.72,4.510632282559705,possible_physical_event
Hsig,2024-04-20 21:21:40+00:00,2024-04-20 21:51:40+00:00,2,1.58,1.71,4.474492658607402,possible_physical_event
Hsig,2024-04-20 23:51:40+00:00,2024-04-21 01:21:40+00:00,4,1.63,1.85,4.980447393939635,possible_physical_event
Hsig,2024-04-21 02:21:40+00:00,2024-04-21 02:51:40+00:00,2,1.6,1.6,4.0769567951320775,possible_physical_event
Hsig,2024-04-21 07:21:40+00:00,2024-04-21 07:51:40+00:00,2,1.58,1.61,4.113096419084379,possible_physical_event
Hsig,2024-08-14 08:51:40+00:00,2024-08-14 08:51:40+00:00,1,1.61,1.61,4.113096419084379,possible_instrumental_spike
Hsig,2024-08-29 08:21:40+00:00,2024-08-29 08:21:40+00:00,1,1.63,1.63,4.185375666988984,possible_instrumental_spike
Hsig,2024-08-29 09:21:40+00:00,2024-08-29 09:21:40+00:00,1,1.61,1.61,4.113096419084379,possible_instrumental_spike
Hsig,2025-05-02 10:51:40+00:00,2025-05-02 11:21:40+00:00,2,1.61,1.67,4.329934162798193,possible_physical_event
Hsig,2025-05-02 15:21:40+00:00,2025-05-02 15:51:40+00:00,2,1.61,1.74,4.582911530464309,possible_physical_event
Hsig,2025-05-03 03:21:40+00:00,2025-05-03 03:21:40+00:00,1,1.61,1.61,4.113096419084379,possible_instrumental_spike
Hsig,2025-05-03 04:51:40+00:00,2025-05-03 06:21:40+00:00,4,1.6,1.68,4.366073786750495,possible_physical_event
Hsig,2025-05-03 13:21:40+00:00,2025-05-03 13:21:40+00:00,1,1.71,1.71,4.474492658607402,possible_instrumental_spike
Hsig,2025-05-03 14:21:40+00:00,2025-05-03 14:51:40+00:00,2,1.73,1.75,4.619051154416612,possible_physical_event
Hsig,2025-05-17 10:21:40+00:00,2025-05-17 12:21:40+00:00,5,1.63,2.03,5.630960625081076,possible_physical_event
Hsig,2025-06-12 21:51:40+00:00,2025-06-13 02:51:40+00:00,11,1.6,2.15,6.064636112508705,possible_physical_event
Hsig,2025-06-13 07:21:40+00:00,2025-06-13 08:51:40+00:00,4,1.68,1.78,4.727470026273519,possible_physical_event
Hsig,2025-06-13 09:51:40+00:00,2025-06-13 14:51:40+00:00,11,1.72,1.92,5.233424761605751,possible_physical_event
Hsig,2025-06-13 19:51:40+00:00,2025-06-14 00:51:40+00:00,11,1.58,2.03,5.630960625081076,possible_physical_event
Hsig,2025-06-14 09:21:40+00:00,2025-06-14 09:21:40+00:00,1,1.76,1.76,4.655190778368914,possible_instrumental_spike
Hsig,2025-06-14 22:21:40+00:00,2025-06-14 22:21:40+00:00,1,1.61,1.61,4.113096419084379,possible_instrumental_spike
Hsig,2025-07-05 23:21:40+00:00,2025-07-05 23:21:40+00:00,1,1.69,1.69,4.402213410702798,possible_instrumental_spike
Hsig,2025-07-06 05:21:40+00:00,2025-07-06 05:21:40+00:00,1,1.69,1.69,4.402213410702798,possible_instrumental_spike
Tp,2021-04-14 11:21:40+00:00,2021-04-14 11:21:40+00:00,1,28.6,28.6,6.8663823050955655,possible_instrumental_spike
Tp,2022-09-23 05:21:40+00:00,2022-09-23 05:21:40+00:00,1,25.0,25.0,5.661761944955015,possible_instrumental_spike
Tp,2024-02-16 19:51:40+00:00,2024-02-16 19:51:40+00:00,1,28.6,28.6,6.8663823050955655,possible_instrumental_spike
Tp,2024-10-25 09:21:40+00:00,2024-10-25 09:21:40+00:00,1,25.0,25.0,5.661761944955015,possible_instrumental_spike
Tp,2024-11-10 21:51:40+00:00,2024-11-10 21:51:40+00:00,1,25.0,25.0,5.661761944955015,possible_instrumental_spike
Hmax,2019-08-16 06:21:40+00:00,2019-08-16 07:21:40+00:00,3,2.72,2.97,4.817839904875573,possible_physical_event
Hmax,2019-08-16 18:51:40+00:00,2019-08-16 19:21:40+00:00,2,2.68,2.82,4.487292305479245,possible_physical_event
Hmax,2019-08-17 00:21:40+00:00,2019-08-17 00:51:40+00:00,2,2.73,2.74,4.3110002524678706,possible_physical_event
Hmax,2019-08-17 01:51:40+00:00,2019-08-17 01:51:40+00:00,1,2.71,2.71,4.244890732588605,possible_instrumental_spike
Hmax,2019-08-28 14:21:40+00:00,2019-08-28 14:21:40+00:00,1,2.77,2.77,4.3771097723471355,possible_instrumental_spike
Hmax,2019-08-28 15:51:40+00:00,2019-08-28 15:51:40+00:00,1,2.67,2.67,4.156744706082917,possible_instrumental_spike
Hmax,2019-08-28 17:51:40+00:00,2019-08-28 17:51:40+00:00,1,2.75,2.75,4.333036759094292,possible_instrumental_spike
Hmax,2019-08-28 22:51:40+00:00,2019-08-28 22:51:40+00:00,1,2.68,2.68,4.17878121270934,possible_instrumental_spike
Hmax,2019-08-29 06:51:40+00:00,2019-08-29 06:51:40+00:00,1,2.72,2.72,4.266927239215027,possible_instrumental_spike
Hmax,2019-09-24 18:21:40+00:00,2019-09-24 18:21:40+00:00,1,2.74,2.74,4.3110002524678706,possible_instrumental_spike
Hmax,2019-11-26 00:21:40+00:00,2019-11-26 00:51:40+00:00,2,2.62,2.93,4.729693878369885,possible_physical_event
Hmax,2019-11-26 12:21:40+00:00,2019-11-26 12:21:40+00:00,1,2.85,2.85,4.5534018253585105,possible_instrumental_spike
Hmax,2019-11-26 22:51:40+00:00,2019-11-26 22:51:40+00:00,1,2.78,2.78,4.399146278973557,possible_instrumental_spike
Hmax,2020-03-23 23:51:40+00:00,2020-03-24 01:21:40+00:00,3,2.86,3.0,4.883949424754837,possible_physical_event
Hmax,2020-03-24 04:21:40+00:00,2020-03-24 05:51:40+00:00,4,2.71,3.24,5.412825583788961,possible_physical_event
Hmax,2020-03-24 07:51:40+00:00,2020-03-24 07:51:40+00:00,1,2.64,2.64,4.090635186203652,possible_instrumental_spike
Hmax,2020-03-24 11:51:40+00:00,2020-03-24 12:21:40+00:00,2,2.89,2.9,4.66358435849062,possible_physical_event
Hmax,2020-03-24 13:21:40+00:00,2020-03-24 13:21:40+00:00,1,2.87,2.87,4.597474838611354,possible_instrumental_spike
Hmax,2020-03-25 00:21:40+00:00,2020-03-25 01:51:40+00:00,3,2.74,3.16,5.236533530777586,possible_physical_event
Hmax,2020-03-25 07:51:40+00:00,2020-03-25 07:51:40+00:00,1,2.98,2.98,4.839876411501994,possible_instrumental_spike
Hmax,2020-03-25 08:51:40+00:00,2020-03-25 08:51:40+00:00,1,2.66,2.66,4.134708199456496,possible_instrumental_spike
Hmax,2020-03-25 12:51:40+00:00,2020-03-25 13:21:40+00:00,2,2.62,2.74,4.3110002524678706,possible_physical_event
Hmax,2020-03-28 01:21:40+00:00,2020-03-28 01:21:40+00:00,1,2.64,2.64,4.090635186203652,possible_instrumental_spike
Hmax,2020-04-19 10:21:40+00:00,2020-04-19 10:21:40+00:00,1,2.93,2.93,4.729693878369885,possible_instrumental_spike
Hmax,2020-04-19 11:21:40+00:00,2020-04-19 11:21:40+00:00,1,3.28,3.28,5.5009716102946475,possible_instrumental_spike
Hmax,2020-04-19 12:21:40+00:00,2020-04-19 12:21:40+00:00,1,2.64,2.64,4.090635186203652,possible_instrumental_spike
Hmax,2020-04-20 09:21:40+00:00,2020-04-20 09:21:40+00:00,1,2.61,2.61,4.0245256663243865,possible_instrumental_spike
Hmax,2020-04-20 12:21:40+00:00,2020-04-20 12:51:40+00:00,2,2.68,2.7,4.222854225962183,possible_physical_event
Hmax,2020-04-21 00:21:40+00:00,2020-04-21 00:21:40+00:00,1,2.7,2.7,4.222854225962183,possible_instrumental_spike
Hmax,2020-04-24 08:21:40+00:00,2020-04-24 08:21:40+00:00,1,2.71,2.71,4.244890732588605,possible_instrumental_spike
Hmax,2020-04-27 10:51:40+00:00,2020-04-27 10:51:40+00:00,1,2.91,2.91,4.68562086511704,possible_instrumental_spike
Hmax,2020-04-27 14:21:40+00:00,2020-04-27 14:21:40+00:00,1,2.77,2.77,4.3771097723471355,possible_instrumental_spike
Hmax,2020-04-27 22:21:40+00:00,2020-04-27 22:21:40+00:00,1,2.74,2.74,4.3110002524678706,possible_instrumental_spike
Hmax,2020-04-28 02:51:40+00:00,2020-04-28 02:51:40+00:00,1,2.78,2.78,4.399146278973557,possible_instrumental_spike
Hmax,2020-04-28 10:21:40+00:00,2020-04-28 10:51:40+00:00,2,2.62,2.75,4.333036759094292,possible_physical_event
Hmax,2020-04-29 02:51:40+00:00,2020-04-29 02:51:40+00:00,1,2.83,2.83,4.509328812105666,possible_instrumental_spike
Hmax,2020-04-29 03:51:40+00:00,2020-04-29 03:51:40+00:00,1,2.75,2.75,4.333036759094292,possible_instrumental_spike
Hmax,2020-04-29 11:21:40+00:00,2020-04-29 11:21:40+00:00,1,2.88,2.88,4.6195113452377745,possible_instrumental_spike
Hmax,2020-05-08 21:21:40+00:00,2020-05-09 06:21:40+00:00,18,2.69,3.82,6.690942968121426,possible_physical_event
Hmax,2020-05-09 07:21:40+00:00,2020-05-09 07:21:40+00:00,1,2.68,2.68,4.17878121270934,possible_instrumental_spike
Hmax,2020-05-09 08:21:40+00:00,2020-05-09 08:51:40+00:00,2,2.83,2.88,4.6195113452377745,possible_physical_event
Hmax,2020-05-09 10:51:40+00:00,2020-05-09 16:21:40+00:00,11,2.63,3.78,6.602796941615739,possible_physical_event
Hmax,2020-05-09 17:51:40+00:00,2020-05-09 17:51:40+00:00,1,2.64,2.64,4.090635186203652,possible_instrumental_spike
Hmax,2020-05-09 20:21:40+00:00,2020-05-09 20:51:40+00:00,2,3.19,3.72,6.470577901857209,possible_physical_event
Hmax,2020-05-09 22:21:40+00:00,2020-05-10 03:21:40+00:00,8,2.61,3.58,6.162066809087302,possible_physical_event
Hmax,2020-05-10 04:21:40+00:00,2020-05-10 04:21:40+00:00,1,2.81,2.81,4.465255798852823,possible_instrumental_spike
Hmax,2020-05-10 08:51:40+00:00,2020-05-10 09:51:40+00:00,3,2.69,3.18,5.280606544030431,possible_physical_event
Hmax,2020-05-10 10:51:40+00:00,2020-05-10 11:21:40+00:00,2,2.62,2.87,4.597474838611354,possible_physical_event
Hmax,2020-05-10 12:51:40+00:00,2020-05-10 13:21:40+00:00,2,2.88,2.98,4.839876411501994,possible_physical_event
Hmax,2020-05-10 14:21:40+00:00,2020-05-10 14:21:40+00:00,1,2.69,2.69,4.2008177193357605,possible_instrumental_spike
Hmax,2020-05-10 15:21:40+00:00,2020-05-10 15:21:40+00:00,1,2.87,2.87,4.597474838611354,possible_instrumental_spike
Hmax,2020-05-10 20:51:40+00:00,2020-05-11 00:21:40+00:00,7,2.67,3.84,6.735015981374269,possible_physical_event
Hmax,2020-05-19 16:51:40+00:00,2020-05-19 16:51:40+00:00,1,2.61,2.61,4.0245256663243865,possible_instrumental_spike
Hmax,2020-05-19 17:51:40+00:00,2020-05-19 17:51:40+00:00,1,2.91,2.91,4.68562086511704,possible_instrumental_spike
Hmax,2020-05-19 19:51:40+00:00,2020-05-19 19:51:40+00:00,1,2.87,2.87,4.597474838611354,possible_instrumental_spike
Hmax,2020-05-20 05:21:40+00:00,2020-05-20 05:51:40+00:00,2,2.61,2.85,4.5534018253585105,possible_physical_event
Hmax,2020-05-29 03:51:40+00:00,2020-05-29 03:51:40+00:00,1,2.85,2.85,4.5534018253585105,possible_instrumental_spike
Hmax,2020-05-29 04:51:40+00:00,2020-05-29 04:51:40+00:00,1,2.83,2.83,4.509328812105666,possible_instrumental_spike
Hmax,2020-06-04 21:51:40+00:00,2020-06-04 21:51:40+00:00,1,3.42,3.42,5.809482703064552,possible_instrumental_spike
Hmax,2020-06-04 22:51:40+00:00,2020-06-04 22:51:40+00:00,1,3.18,3.18,5.280606544030431,possible_instrumental_spike
Hmax,2020-06-04 23:51:40+00:00,2020-06-05 00:21:40+00:00,2,3.71,4.04,7.175746113902705,possible_physical_event
Hmax,2020-06-06 06:51:40+00:00,2020-06-06 06:51:40+00:00,1,2.69,2.69,4.2008177193357605,possible_instrumental_spike
Hmax,2020-06-18 05:21:40+00:00,2020-06-18 05:21:40+00:00,1,2.64,2.64,4.090635186203652,possible_instrumental_spike
Hmax,2020-08-03 09:21:40+00:00,2020-08-03 09:21:40+00:00,1,2.76,2.76,4.355073265720713,possible_instrumental_spike
Hmax,2020-08-03 10:51:40+00:00,2020-08-03 11:21:40+00:00,2,2.65,2.82,4.487292305479245,possible_physical_event
Hmax,2020-08-03 13:51:40+00:00,2020-08-03 13:51:40+00:00,1,2.72,2.72,4.266927239215027,possible_instrumental_spike
Hmax,2020-08-04 07:51:40+00:00,2020-08-04 07:51:40+00:00,1,3.0,3.0,4.883949424754837,possible_instrumental_spike
Hmax,2020-08-23 16:51:40+00:00,2020-08-23 16:51:40+00:00,1,3.08,3.08,5.060241477766211,possible_instrumental_spike
Hmax,2020-08-23 17:51:40+00:00,2020-08-23 18:21:40+00:00,2,2.67,2.68,4.17878121270934,possible_physical_event
Hmax,2020-08-24 01:21:40+00:00,2020-08-24 07:21:40+00:00,13,2.63,4.19,7.5062937132990335,possible_physical_event
Hmax,2020-08-24 08:21:40+00:00,2020-08-24 11:21:40+00:00,7,2.61,3.39,5.743373183185288,possible_physical_event
Hmax,2020-08-24 12:51:40+00:00,2020-08-24 18:21:40+00:00,12,2.63,3.69,6.404468381977942,possible_physical_event
Hmax,2020-08-24 19:51:40+00:00,2020-08-24 19:51:40+00:00,1,2.63,2.63,4.06859867957723,possible_instrumental_spike
Hmax,2020-08-24 20:51:40+00:00,2020-08-24 20:51:40+00:00,1,2.6,2.6,4.002489159697965,possible_instrumental_spike
Hmax,2020-08-24 23:21:40+00:00,2020-08-24 23:51:40+00:00,2,2.62,3.03,4.950058944634103,possible_physical_event
Hmax,2020-08-25 00:51:40+00:00,2020-08-25 02:21:40+00:00,4,2.68,3.14,5.192460517524744,possible_physical_event
Hmax,2020-08-25 03:21:40+00:00,2020-08-25 03:21:40+00:00,1,2.88,2.88,4.6195113452377745,possible_instrumental_spike
Hmax,2020-08-25 04:21:40+00:00,2020-08-25 04:51:40+00:00,2,2.78,2.8,4.4432192922264,possible_physical_event
Hmax,2020-08-25 05:51:40+00:00,2020-08-25 05:51:40+00:00,1,2.81,2.81,4.465255798852823,possible_instrumental_spike
Hmax,2020-08-25 08:51:40+00:00,2020-08-25 08:51:40+00:00,1,2.64,2.64,4.090635186203652,possible_instrumental_spike
Hmax,2020-08-25 15:51:40+00:00,2020-08-25 15:51:40+00:00,1,2.86,2.86,4.575438331984932,possible_instrumental_spike
Hmax,2020-08-25 18:51:40+00:00,2020-08-25 18:51:40+00:00,1,3.07,3.07,5.03820497113979,possible_instrumental_spike
Hmax,2020-11-02 12:21:40+00:00,2020-11-02 12:51:40+00:00,2,2.66,2.83,4.509328812105666,possible_physical_event
Hmax,2020-11-02 13:51:40+00:00,2020-11-02 13:51:40+00:00,1,2.66,2.66,4.134708199456496,possible_instrumental_spike
Hmax,2020-11-02 23:51:40+00:00,2020-11-02 23:51:40+00:00,1,2.68,2.68,4.17878121270934,possible_instrumental_spike
Hmax,2020-11-03 01:51:40+00:00,2020-11-03 01:51:40+00:00,1,2.83,2.83,4.509328812105666,possible_instrumental_spike
Hmax,2020-11-03 02:51:40+00:00,2020-11-03 02:51:40+00:00,1,2.67,2.67,4.156744706082917,possible_instrumental_spike
Hmax,2020-11-03 07:21:40+00:00,2020-11-03 07:21:40+00:00,1,2.65,2.65,4.112671692830074,possible_instrumental_spike
Hmax,2020-11-03 08:21:40+00:00,2020-11-03 08:21:40+00:00,1,2.87,2.87,4.597474838611354,possible_instrumental_spike
Hmax,2020-11-03 09:51:40+00:00,2020-11-03 14:21:40+00:00,8,2.81,3.28,5.5009716102946475,possible_physical_event
Hmax,2020-11-03 15:21:40+00:00,2020-11-03 15:21:40+00:00,1,3.03,3.03,4.950058944634103,possible_instrumental_spike
Hmax,2020-11-03 17:21:40+00:00,2020-11-03 17:51:40+00:00,2,2.71,2.74,4.3110002524678706,possible_physical_event
Hmax,2020-11-03 19:51:40+00:00,2020-11-03 19:51:40+00:00,1,2.74,2.74,4.3110002524678706,possible_instrumental_spike
Hmax,2020-11-03 22:51:40+00:00,2020-11-03 23:51:40+00:00,3,2.72,2.87,4.597474838611354,possible_physical_event
Hmax,2020-11-04 00:51:40+00:00,2020-11-04 01:51:40+00:00,3,2.82,3.12,5.1483875042718985,possible_physical_event
Hmax,2020-11-04 02:51:40+00:00,2020-11-04 03:21:40+00:00,2,2.69,3.87,6.8011255012535345,possible_physical_event
Hmax,2020-11-04 06:51:40+00:00,2020-11-04 06:51:40+00:00,1,2.67,2.67,4.156744706082917,possible_instrumental_spike
Hmax,2021-04-09 11:51:40+00:00,2021-04-09 11:51:40+00:00,1,2.66,2.66,4.134708199456496,possible_instrumental_spike
Hmax,2021-04-15 12:51:40+00:00,2021-04-15 13:21:40+00:00,2,2.69,2.9,4.66358435849062,possible_physical_event
Hmax,2021-04-30 23:51:40+00:00,2021-04-30 23:51:40+00:00,1,2.64,2.64,4.090635186203652,possible_instrumental_spike
Hmax,2021-05-02 01:51:40+00:00,2021-05-02 02:21:40+00:00,2,2.67,3.35,5.655227156679601,possible_physical_event
Hmax,2021-05-10 03:21:40+00:00,2021-05-10 03:21:40+00:00,1,2.65,2.65,4.112671692830074,possible_instrumental_spike
Hmax,2021-05-10 05:51:40+00:00,2021-05-10 07:51:40+00:00,5,2.72,3.17,5.258570037404008,possible_physical_event
Hmax,2021-05-10 10:21:40+00:00,2021-05-10 10:51:40+00:00,2,2.6,2.77,4.3771097723471355,possible_physical_event
Hmax,2021-05-10 11:51:40+00:00,2021-05-10 12:51:40+00:00,2,2.88,3.3,5.545044623547491,possible_physical_event
Hmax,2021-05-10 18:21:40+00:00,2021-05-10 18:51:40+00:00,2,2.85,2.89,4.641547851864198,possible_physical_event
Hmax,2021-05-10 20:21:40+00:00,2021-05-10 20:21:40+00:00,1,2.6,2.6,4.002489159697965,possible_instrumental_spike
Hmax,2021-05-10 21:51:40+00:00,2021-05-10 21:51:40+00:00,1,2.8,2.8,4.4432192922264,possible_instrumental_spike
Hmax,2021-05-10 23:21:40+00:00,2021-05-10 23:21:40+00:00,1,3.05,3.05,4.994131957886945,possible_instrumental_spike
Hmax,2021-05-11 00:21:40+00:00,2021-05-11 00:21:40+00:00,1,2.85,2.85,4.5534018253585105,possible_instrumental_spike
Hmax,2021-05-11 05:51:40+00:00,2021-05-11 05:51:40+00:00,1,2.81,2.81,4.465255798852823,possible_instrumental_spike
Hmax,2021-05-11 09:51:40+00:00,2021-05-11 09:51:40+00:00,1,2.9,2.9,4.66358435849062,possible_instrumental_spike
Hmax,2021-05-11 19:21:40+00:00,2021-05-11 19:21:40+00:00,1,2.72,2.72,4.266927239215027,possible_instrumental_spike
Hmax,2021-06-14 02:21:40+00:00,2021-06-14 02:51:40+00:00,2,2.63,2.67,4.156744706082917,possible_physical_event
Hmax,2021-06-16 17:21:40+00:00,2021-06-16 17:21:40+00:00,1,2.88,2.88,4.6195113452377745,possible_instrumental_spike
Hmax,2021-06-16 18:21:40+00:00,2021-06-16 18:21:40+00:00,1,2.7,2.7,4.222854225962183,possible_instrumental_spike
Hmax,2021-06-24 10:51:40+00:00,2021-06-24 10:51:40+00:00,1,2.95,2.95,4.773766891622728,possible_instrumental_spike
Hmax,2021-06-27 15:21:40+00:00,2021-06-27 15:51:40+00:00,2,2.63,2.91,4.68562086511704,possible_physical_event
Hmax,2021-06-27 16:51:40+00:00,2021-06-27 16:51:40+00:00,1,2.79,2.79,4.421182785599979,possible_instrumental_spike
Hmax,2021-07-02 13:51:40+00:00,2021-07-02 13:51:40+00:00,1,3.13,3.13,5.17042401089832,possible_instrumental_spike
Hmax,2021-07-02 14:51:40+00:00,2021-07-02 15:51:40+00:00,2,2.73,3.04,4.972095451260524,possible_physical_event
Hmax,2021-07-02 16:51:40+00:00,2021-07-02 22:21:40+00:00,12,2.65,3.54,6.073920782581615,possible_physical_event
Hmax,2021-07-03 01:21:40+00:00,2021-07-03 01:21:40+00:00,1,3.34,3.34,5.633190650053178,possible_instrumental_spike
Hmax,2021-07-03 02:21:40+00:00,2021-07-03 03:21:40+00:00,3,2.89,3.28,5.5009716102946475,possible_physical_event
Hmax,2021-07-03 06:21:40+00:00,2021-07-03 06:51:40+00:00,2,2.6,3.21,5.346716063909694,possible_physical_event
Hmax,2021-07-21 10:51:40+00:00,2021-07-21 10:51:40+00:00,1,2.79,2.79,4.421182785599979,possible_instrumental_spike
Hmax,2021-07-21 23:51:40+00:00,2021-07-21 23:51:40+00:00,1,2.75,2.75,4.333036759094292,possible_instrumental_spike
Hmax,2021-07-23 06:21:40+00:00,2021-07-23 06:21:40+00:00,1,2.66,2.66,4.134708199456496,possible_instrumental_spike
Hmax,2021-07-23 22:51:40+00:00,2021-07-23 22:51:40+00:00,1,2.72,2.72,4.266927239215027,possible_instrumental_spike
Hmax,2021-07-31 00:21:40+00:00,2021-07-31 05:51:40+00:00,12,2.6,3.81,6.668906461495005,possible_physical_event
Hmax,2021-07-31 07:21:40+00:00,2021-07-31 07:51:40+00:00,2,2.62,2.93,4.729693878369885,possible_physical_event
Hmax,2021-07-31 08:51:40+00:00,2021-07-31 08:51:40+00:00,1,2.65,2.65,4.112671692830074,possible_instrumental_spike
Hmax,2021-07-31 10:51:40+00:00,2021-07-31 10:51:40+00:00,1,2.7,2.7,4.222854225962183,possible_instrumental_spike
Hmax,2021-07-31 13:21:40+00:00,2021-07-31 13:51:40+00:00,2,2.71,3.04,4.972095451260524,possible_physical_event
Hmax,2021-07-31 19:21:40+00:00,2021-07-31 19:21:40+00:00,1,2.79,2.79,4.421182785599979,possible_instrumental_spike
Hmax,2021-07-31 23:21:40+00:00,2021-07-31 23:21:40+00:00,1,2.81,2.81,4.465255798852823,possible_instrumental_spike
Hmax,2021-08-01 01:51:40+00:00,2021-08-01 01:51:40+00:00,1,2.6,2.6,4.002489159697965,possible_instrumental_spike
Hmax,2021-08-01 05:21:40+00:00,2021-08-01 05:51:40+00:00,2,2.66,2.75,4.333036759094292,possible_physical_event
Hmax,2021-08-01 06:51:40+00:00,2021-08-01 06:51:40+00:00,1,2.7,2.7,4.222854225962183,possible_instrumental_spike
Hmax,2021-08-01 08:21:40+00:00,2021-08-01 08:21:40+00:00,1,2.6,2.6,4.002489159697965,possible_instrumental_spike
Hmax,2021-08-01 15:51:40+00:00,2021-08-01 15:51:40+00:00,1,3.04,3.04,4.972095451260524,possible_instrumental_spike
Hmax,2021-08-01 17:21:40+00:00,2021-08-01 17:21:40+00:00,1,2.65,2.65,4.112671692830074,possible_instrumental_spike
Hmax,2021-08-01 18:21:40+00:00,2021-08-01 18:21:40+00:00,1,2.79,2.79,4.421182785599979,possible_instrumental_spike
Hmax,2021-08-02 13:51:40+00:00,2021-08-02 13:51:40+00:00,1,2.62,2.62,4.046562172950808,possible_instrumental_spike
Hmax,2021-09-23 08:51:40+00:00,2021-09-23 08:51:40+00:00,1,2.6,2.6,4.002489159697965,possible_instrumental_spike
Hmax,2021-09-23 20:21:40+00:00,2021-09-23 20:21:40+00:00,1,2.97,2.97,4.817839904875573,possible_instrumental_spike
Hmax,2021-09-23 23:21:40+00:00,2021-09-23 23:21:40+00:00,1,2.68,2.68,4.17878121270934,possible_instrumental_spike
Hmax,2021-09-24 01:21:40+00:00,2021-09-24 01:51:40+00:00,2,2.72,3.62,6.250212835592989,possible_physical_event
Hmax,2021-09-24 08:21:40+00:00,2021-09-24 08:21:40+00:00,1,2.72,2.72,4.266927239215027,possible_instrumental_spike
Hmax,2021-09-24 09:21:40+00:00,2021-09-24 09:21:40+00:00,1,2.73,2.73,4.288963745841448,possible_instrumental_spike
Hmax,2021-09-24 12:21:40+00:00,2021-09-24 12:51:40+00:00,2,2.71,3.76,6.558723928362894,possible_physical_event
Hmax,2021-09-24 20:21:40+00:00,2021-09-24 20:21:40+00:00,1,2.66,2.66,4.134708199456496,possible_instrumental_spike
Hmax,2021-09-24 21:21:40+00:00,2021-09-24 21:21:40+00:00,1,2.64,2.64,4.090635186203652,possible_instrumental_spike
Hmax,2021-11-13 18:21:40+00:00,2021-11-13 18:21:40+00:00,1,2.92,2.92,4.707657371743462,possible_instrumental_spike
Hmax,2021-11-13 19:51:40+00:00,2021-11-14 03:51:40+00:00,17,2.72,3.89,6.84519851450638,possible_physical_event
Hmax,2021-11-14 06:51:40+00:00,2021-11-14 08:21:40+00:00,4,2.63,2.81,4.465255798852823,possible_physical_event
Hmax,2021-11-14 09:21:40+00:00,2021-11-14 10:21:40+00:00,3,2.61,2.66,4.134708199456496,possible_physical_event
Hmax,2021-11-14 11:21:40+00:00,2021-11-14 11:21:40+00:00,1,2.65,2.65,4.112671692830074,possible_instrumental_spike
Hmax,2021-11-14 12:51:40+00:00,2021-11-14 13:51:40+00:00,3,2.77,2.93,4.729693878369885,possible_physical_event
Hmax,2021-11-14 14:51:40+00:00,2021-11-14 15:21:40+00:00,2,2.99,3.03,4.950058944634103,possible_physical_event
Hmax,2022-06-05 03:51:40+00:00,2022-06-05 03:51:40+00:00,1,2.78,2.78,4.399146278973557,possible_instrumental_spike
Hmax,2022-06-05 04:51:40+00:00,2022-06-05 04:51:40+00:00,1,2.96,2.96,4.7958033982491495,possible_instrumental_spike
Hmax,2022-06-05 06:21:40+00:00,2022-06-05 08:21:40+00:00,5,2.67,3.26,5.456898597041803,possible_physical_event
Hmax,2022-06-05 09:51:40+00:00,2022-06-05 17:51:40+00:00,11,2.65,4.07,7.241855633781971,possible_physical_event
Hmax,2022-06-05 23:21:40+00:00,2022-06-06 02:21:40+00:00,5,2.92,3.07,5.03820497113979,possible_physical_event
Hmax,2022-06-06 03:21:40+00:00,2022-06-06 03:21:40+00:00,1,3.02,3.02,4.928022438007681,possible_instrumental_spike
Hmax,2022-06-06 06:51:40+00:00,2022-06-06 06:51:40+00:00,1,2.76,2.76,4.355073265720713,possible_instrumental_spike
Hmax,2022-06-06 07:51:40+00:00,2022-06-06 07:51:40+00:00,1,2.68,2.68,4.17878121270934,possible_instrumental_spike
Hmax,2022-06-14 17:21:40+00:00,2022-06-14 19:51:40+00:00,4,2.61,3.84,6.735015981374269,possible_physical_event
Hmax,2022-06-14 21:21:40+00:00,2022-06-14 21:21:40+00:00,1,2.68,2.68,4.17878121270934,possible_instrumental_spike
Hmax,2022-06-15 00:51:40+00:00,2022-06-15 01:21:40+00:00,2,2.62,2.81,4.465255798852823,possible_physical_event
Hmax,2022-06-15 06:21:40+00:00,2022-06-15 06:21:40+00:00,1,2.72,2.72,4.266927239215027,possible_instrumental_spike
Hmax,2022-06-15 07:51:40+00:00,2022-06-15 07:51:40+00:00,1,2.78,2.78,4.399146278973557,possible_instrumental_spike
Hmax,2022-06-15 13:51:40+00:00,2022-06-15 13:51:40+00:00,1,3.05,3.05,4.994131957886945,possible_instrumental_spike
Hmax,2022-06-27 13:21:40+00:00,2022-06-27 13:21:40+00:00,1,2.67,2.67,4.156744706082917,possible_instrumental_spike
Hmax,2022-06-27 18:21:40+00:00,2022-06-27 19:21:40+00:00,2,2.6,2.95,4.773766891622728,possible_physical_event
Hmax,2022-06-27 20:21:40+00:00,2022-06-28 00:21:40+00:00,8,2.63,3.23,5.390789077162539,possible_physical_event
Hmax,2022-06-28 10:21:40+00:00,2022-06-28 10:51:40+00:00,2,2.75,3.08,5.060241477766211,possible_physical_event
Hmax,2022-08-30 14:21:40+00:00,2022-08-30 14:51:40+00:00,2,2.66,3.11,5.126350997645478,possible_physical_event
Hmax,2022-08-30 19:21:40+00:00,2022-08-31 04:51:40+00:00,19,2.63,4.71,8.652192057872966,possible_physical_event
Hmax,2022-08-31 06:51:40+00:00,2022-08-31 06:51:40+00:00,1,2.98,2.98,4.839876411501994,possible_instrumental_spike
Hmax,2022-08-31 07:51:40+00:00,2022-08-31 07:51:40+00:00,1,2.9,2.9,4.66358435849062,possible_instrumental_spike
Hmax,2022-08-31 08:51:40+00:00,2022-08-31 10:21:40+00:00,4,3.15,3.42,5.809482703064552,possible_physical_event
Hmax,2022-08-31 11:21:40+00:00,2022-08-31 11:21:40+00:00,1,3.0,3.0,4.883949424754837,possible_instrumental_spike
Hmax,2022-08-31 12:21:40+00:00,2022-08-31 14:21:40+00:00,5,2.62,3.46,5.89762872957024,possible_physical_event
Hmax,2022-08-31 16:21:40+00:00,2022-08-31 16:21:40+00:00,1,2.95,2.95,4.773766891622728,possible_instrumental_spike
Hmax,2022-08-31 20:51:40+00:00,2022-08-31 20:51:40+00:00,1,2.83,2.83,4.509328812105666,possible_instrumental_spike
Hmax,2022-09-07 07:51:40+00:00,2022-09-07 07:51:40+00:00,1,2.63,2.63,4.06859867957723,possible_instrumental_spike
Hmax,2022-09-07 11:21:40+00:00,2022-09-07 11:21:40+00:00,1,2.66,2.66,4.134708199456496,possible_instrumental_spike
Hmax,2022-09-18 13:51:40+00:00,2022-09-18 13:51:40+00:00,1,2.68,2.68,4.17878121270934,possible_instrumental_spike
Hmax,2022-09-18 14:51:40+00:00,2022-09-18 14:51:40+00:00,1,2.65,2.65,4.112671692830074,possible_instrumental_spike
Hmax,2022-11-03 21:21:40+00:00,2022-11-04 00:51:40+00:00,7,2.66,3.37,5.699300169932444,possible_physical_event
Hmax,2022-11-04 02:51:40+00:00,2022-11-04 02:51:40+00:00,1,2.67,2.67,4.156744706082917,possible_instrumental_spike
Hmax,2022-11-04 04:21:40+00:00,2022-11-04 11:51:40+00:00,16,2.83,3.62,6.250212835592989,possible_physical_event
Hmax,2022-11-04 17:21:40+00:00,2022-11-04 17:21:40+00:00,1,2.78,2.78,4.399146278973557,possible_instrumental_spike
Hmax,2022-11-04 19:21:40+00:00,2022-11-04 19:21:40+00:00,1,2.89,2.89,4.641547851864198,possible_instrumental_spike
Hmax,2022-11-04 20:21:40+00:00,2022-11-04 20:21:40+00:00,1,3.35,3.35,5.655227156679601,possible_instrumental_spike
Hmax,2022-11-04 21:51:40+00:00,2022-11-04 21:51:40+00:00,1,2.71,2.71,4.244890732588605,possible_instrumental_spike
Hmax,2022-11-05 03:51:40+00:00,2022-11-05 04:51:40+00:00,3,2.64,3.03,4.950058944634103,possible_physical_event
Hmax,2022-11-05 05:51:40+00:00,2022-11-05 05:51:40+00:00,1,3.5,3.5,5.985774756075927,possible_instrumental_spike
Hmax,2022-11-05 07:21:40+00:00,2022-11-05 07:51:40+00:00,2,2.63,2.67,4.156744706082917,possible_physical_event
Hmax,2022-11-05 08:51:40+00:00,2022-11-05 10:21:40+00:00,4,2.65,2.8,4.4432192922264,possible_physical_event
Hmax,2022-11-05 11:51:40+00:00,2022-11-05 11:51:40+00:00,1,2.61,2.61,4.0245256663243865,possible_instrumental_spike
Hmax,2022-11-05 20:21:40+00:00,2022-11-05 20:21:40+00:00,1,2.69,2.69,4.2008177193357605,possible_instrumental_spike
Hmax,2022-11-05 21:21:40+00:00,2022-11-05 21:51:40+00:00,2,2.64,2.78,4.399146278973557,possible_physical_event
Hmax,2022-11-05 22:51:40+00:00,2022-11-05 22:51:40+00:00,1,2.9,2.9,4.66358435849062,possible_instrumental_spike
Hmax,2022-11-07 06:21:40+00:00,2022-11-07 06:21:40+00:00,1,2.66,2.66,4.134708199456496,possible_instrumental_spike
Hmax,2023-04-24 15:21:40+00:00,2023-04-24 15:21:40+00:00,1,2.7,2.7,4.222854225962183,possible_instrumental_spike
Hmax,2023-04-24 17:21:40+00:00,2023-04-24 17:21:40+00:00,1,2.65,2.65,4.112671692830074,possible_instrumental_spike
Hmax,2023-05-11 04:21:40+00:00,2023-05-11 04:21:40+00:00,1,2.73,2.73,4.288963745841448,possible_instrumental_spike
Hmax,2023-05-19 11:21:40+00:00,2023-05-19 11:21:40+00:00,1,2.92,2.92,4.707657371743462,possible_instrumental_spike
Hmax,2023-05-20 11:51:40+00:00,2023-05-20 12:21:40+00:00,2,2.95,3.21,5.346716063909694,possible_physical_event
Hmax,2023-05-20 13:21:40+00:00,2023-05-20 13:51:40+00:00,2,2.64,3.01,4.905985931381258,possible_physical_event
Hmax,2023-05-21 01:51:40+00:00,2023-05-21 01:51:40+00:00,1,3.07,3.07,5.03820497113979,possible_instrumental_spike
Hmax,2023-05-21 12:51:40+00:00,2023-05-21 13:21:40+00:00,2,2.87,3.02,4.928022438007681,possible_physical_event
Hmax,2023-06-03 05:21:40+00:00,2023-06-03 06:21:40+00:00,3,2.8,3.04,4.972095451260524,possible_physical_event
Hmax,2023-06-03 07:21:40+00:00,2023-06-03 07:21:40+00:00,1,2.66,2.66,4.134708199456496,possible_instrumental_spike
Hmax,2023-06-03 09:21:40+00:00,2023-06-03 12:21:40+00:00,7,2.68,3.5,5.985774756075927,possible_physical_event
Hmax,2023-06-03 13:21:40+00:00,2023-06-03 13:21:40+00:00,1,2.63,2.63,4.06859867957723,possible_instrumental_spike
Hmax,2023-06-03 18:21:40+00:00,2023-06-03 18:51:40+00:00,2,2.64,3.24,5.412825583788961,possible_physical_event
Hmax,2023-06-03 23:21:40+00:00,2023-06-03 23:51:40+00:00,2,2.68,2.96,4.7958033982491495,possible_physical_event
Hmax,2023-06-04 13:21:40+00:00,2023-06-04 13:21:40+00:00,1,2.67,2.67,4.156744706082917,possible_instrumental_spike
Hmax,2023-06-19 20:51:40+00:00,2023-06-19 20:51:40+00:00,1,2.7,2.7,4.222854225962183,possible_instrumental_spike
Hmax,2023-06-19 22:21:40+00:00,2023-06-19 22:51:40+00:00,2,2.77,2.82,4.487292305479245,possible_physical_event
Hmax,2023-06-19 23:51:40+00:00,2023-06-20 00:51:40+00:00,3,2.62,2.87,4.597474838611354,possible_physical_event
Hmax,2023-06-20 06:51:40+00:00,2023-06-20 07:21:40+00:00,2,2.6,2.63,4.06859867957723,possible_physical_event
Hmax,2023-06-20 08:21:40+00:00,2023-06-20 08:51:40+00:00,2,2.93,3.15,5.214497024151164,possible_physical_event
Hmax,2023-06-20 12:51:40+00:00,2023-06-20 13:21:40+00:00,2,2.94,3.23,5.390789077162539,possible_physical_event
Hmax,2023-06-20 14:21:40+00:00,2023-06-20 14:21:40+00:00,1,2.76,2.76,4.355073265720713,possible_instrumental_spike
Hmax,2023-06-21 00:51:40+00:00,2023-06-21 00:51:40+00:00,1,3.17,3.17,5.258570037404008,possible_instrumental_spike
Hmax,2023-06-21 08:51:40+00:00,2023-06-21 08:51:40+00:00,1,2.72,2.72,4.266927239215027,possible_instrumental_spike
Hmax,2023-07-04 02:21:40+00:00,2023-07-04 02:21:40+00:00,1,2.8,2.8,4.4432192922264,possible_instrumental_spike
Hmax,2023-07-04 05:51:40+00:00,2023-07-04 05:51:40+00:00,1,2.65,2.65,4.112671692830074,possible_instrumental_spike
Hmax,2023-07-04 06:51:40+00:00,2023-07-04 09:21:40+00:00,6,2.63,3.45,5.875592222943818,possible_physical_event
Hmax,2023-07-04 10:21:40+00:00,2023-07-04 10:21:40+00:00,1,3.05,3.05,4.994131957886945,possible_instrumental_spike
Hmax,2023-07-04 11:21:40+00:00,2023-07-04 11:21:40+00:00,1,2.64,2.64,4.090635186203652,possible_instrumental_spike
Hmax,2023-07-04 12:21:40+00:00,2023-07-04 12:21:40+00:00,1,2.83,2.83,4.509328812105666,possible_instrumental_spike
Hmax,2023-07-04 14:21:40+00:00,2023-07-04 14:21:40+00:00,1,2.81,2.81,4.465255798852823,possible_instrumental_spike
Hmax,2023-07-04 15:21:40+00:00,2023-07-04 15:21:40+00:00,1,2.62,2.62,4.046562172950808,possible_instrumental_spike
Hmax,2023-07-04 19:51:40+00:00,2023-07-04 20:21:40+00:00,2,2.77,2.99,4.861912918128415,possible_physical_event
Hmax,2023-07-05 08:51:40+00:00,2023-07-05 08:51:40+00:00,1,2.76,2.76,4.355073265720713,possible_instrumental_spike
Hmax,2023-07-05 13:21:40+00:00,2023-07-05 13:21:40+00:00,1,2.63,2.63,4.06859867957723,possible_instrumental_spike
Hmax,2023-07-05 23:21:40+00:00,2023-07-05 23:21:40+00:00,1,2.65,2.65,4.112671692830074,possible_instrumental_spike
Hmax,2023-07-06 09:51:40+00:00,2023-07-06 09:51:40+00:00,1,2.64,2.64,4.090635186203652,possible_instrumental_spike
Hmax,2023-07-06 20:21:40+00:00,2023-07-06 20:21:40+00:00,1,2.7,2.7,4.222854225962183,possible_instrumental_spike
Hmax,2023-07-06 22:51:40+00:00,2023-07-06 22:51:40+00:00,1,2.62,2.62,4.046562172950808,possible_instrumental_spike
Hmax,2023-11-07 08:21:40+00:00,2023-11-07 08:21:40+00:00,1,2.81,2.81,4.465255798852823,possible_instrumental_spike
Hmax,2023-11-07 10:21:40+00:00,2023-11-07 10:21:40+00:00,1,2.87,2.87,4.597474838611354,possible_instrumental_spike
Hmax,2023-11-07 15:21:40+00:00,2023-11-07 15:21:40+00:00,1,2.62,2.62,4.046562172950808,possible_instrumental_spike
Hmax,2023-11-07 16:21:40+00:00,2023-11-07 16:21:40+00:00,1,2.85,2.85,4.5534018253585105,possible_instrumental_spike
Hmax,2023-11-07 18:51:40+00:00,2023-11-07 22:51:40+00:00,9,2.61,2.93,4.729693878369885,possible_physical_event
Hmax,2023-11-26 09:51:40+00:00,2023-11-26 10:21:40+00:00,2,2.81,2.85,4.5534018253585105,possible_physical_event
Hmax,2023-11-26 11:21:40+00:00,2023-11-26 11:21:40+00:00,1,2.64,2.64,4.090635186203652,possible_instrumental_spike
Hmax,2024-04-20 10:21:40+00:00,2024-04-20 10:21:40+00:00,1,2.71,2.71,4.244890732588605,possible_instrumental_spike
Hmax,2024-04-20 11:21:40+00:00,2024-04-20 11:21:40+00:00,1,2.71,2.71,4.244890732588605,possible_instrumental_spike
Hmax,2024-04-20 21:51:40+00:00,2024-04-20 21:51:40+00:00,1,3.11,3.11,5.126350997645478,possible_instrumental_spike
Hmax,2024-04-20 22:51:40+00:00,2024-04-20 22:51:40+00:00,1,2.78,2.78,4.399146278973557,possible_instrumental_spike
Hmax,2024-04-20 23:51:40+00:00,2024-04-21 01:21:40+00:00,4,2.84,3.67,6.360395368725098,possible_physical_event
Hmax,2024-04-21 02:51:40+00:00,2024-04-21 02:51:40+00:00,1,2.65,2.65,4.112671692830074,possible_instrumental_spike
Hmax,2024-04-21 07:21:40+00:00,2024-04-21 07:51:40+00:00,2,2.67,2.73,4.288963745841448,possible_physical_event
Hmax,2024-04-21 11:21:40+00:00,2024-04-21 11:21:40+00:00,1,2.62,2.62,4.046562172950808,possible_instrumental_spike
Hmax,2024-08-14 08:51:40+00:00,2024-08-14 08:51:40+00:00,1,2.76,2.76,4.355073265720713,possible_instrumental_spike
Hmax,2024-08-29 05:21:40+00:00,2024-08-29 05:21:40+00:00,1,2.64,2.64,4.090635186203652,possible_instrumental_spike
Hmax,2024-08-29 06:51:40+00:00,2024-08-29 06:51:40+00:00,1,2.66,2.66,4.134708199456496,possible_instrumental_spike
Hmax,2024-08-29 08:21:40+00:00,2024-08-29 08:21:40+00:00,1,2.76,2.76,4.355073265720713,possible_instrumental_spike
Hmax,2025-05-02 10:51:40+00:00,2025-05-02 11:21:40+00:00,2,2.66,2.67,4.156744706082917,possible_physical_event
Hmax,2025-05-02 15:51:40+00:00,2025-05-02 15:51:40+00:00,1,3.11,3.11,5.126350997645478,possible_instrumental_spike
Hmax,2025-05-03 03:21:40+00:00,2025-05-03 03:21:40+00:00,1,2.64,2.64,4.090635186203652,possible_instrumental_spike
Hmax,2025-05-03 06:21:40+00:00,2025-05-03 06:21:40+00:00,1,2.61,2.61,4.0245256663243865,possible_instrumental_spike
Hmax,2025-05-03 10:51:40+00:00,2025-05-03 11:21:40+00:00,2,2.61,2.63,4.06859867957723,possible_physical_event
Hmax,2025-05-03 13:21:40+00:00,2025-05-03 13:21:40+00:00,1,2.69,2.69,4.2008177193357605,possible_instrumental_spike
Hmax,2025-05-03 14:21:40+00:00,2025-05-03 14:21:40+00:00,1,2.99,2.99,4.861912918128415,possible_instrumental_spike
Hmax,2025-05-03 15:51:40+00:00,2025-05-03 15:51:40+00:00,1,3.55,3.55,6.095957289208036,possible_instrumental_spike
Hmax,2025-05-03 16:51:40+00:00,2025-05-03 16:51:40+00:00,1,2.63,2.63,4.06859867957723,possible_instrumental_spike
Hmax,2025-05-15 04:21:40+00:00,2025-05-15 04:21:40+00:00,1,2.81,2.81,4.465255798852823,possible_instrumental_spike
Hmax,2025-05-17 10:21:40+00:00,2025-05-17 10:51:40+00:00,2,3.46,3.63,6.2722493422194106,possible_physical_event
Hmax,2025-06-12 19:21:40+00:00,2025-06-12 19:21:40+00:00,1,2.62,2.62,4.046562172950808,possible_instrumental_spike
Hmax,2025-06-12 21:51:40+00:00,2025-06-12 21:51:40+00:00,1,2.62,2.62,4.046562172950808,possible_instrumental_spike
Hmax,2025-06-12 23:21:40+00:00,2025-06-13 02:51:40+00:00,8,2.69,3.47,5.919665236196663,possible_physical_event
Hmax,2025-06-13 06:51:40+00:00,2025-06-13 14:51:40+00:00,17,2.61,3.49,5.963738249449506,possible_physical_event
Hmax,2025-06-13 19:51:40+00:00,2025-06-13 21:21:40+00:00,4,2.6,3.1,5.104314491019056,possible_physical_event
Hmax,2025-06-13 22:21:40+00:00,2025-06-14 00:51:40+00:00,6,2.62,3.53,6.051884275955193,possible_physical_event
Hmax,2025-06-14 09:21:40+00:00,2025-06-14 09:51:40+00:00,2,2.66,2.76,4.355073265720713,possible_physical_event
Hmax,2025-06-14 20:51:40+00:00,2025-06-14 20:51:40+00:00,1,2.93,2.93,4.729693878369885,possible_instrumental_spike
Hmax,2025-06-14 22:21:40+00:00,2025-06-14 22:21:40+00:00,1,2.64,2.64,4.090635186203652,possible_instrumental_spike
Hmax,2025-07-05 12:21:40+00:00,2025-07-05 12:21:40+00:00,1,2.84,2.84,4.531365318732087,possible_instrumental_spike
Hmax,2025-07-05 15:51:40+00:00,2025-07-05 15:51:40+00:00,1,2.64,2.64,4.090635186203652,possible_instrumental_spike
Hmax,2025-07-05 23:21:40+00:00,2025-07-05 23:21:40+00:00,1,2.63,2.63,4.06859867957723,possible_instrumental_spike
Hmax,2025-07-06 00:21:40+00:00,2025-07-06 00:21:40+00:00,1,2.83,2.83,4.509328812105666,possible_instrumental_spike
Hmax,2025-07-06 01:51:40+00:00,2025-07-06 01:51:40+00:00,1,2.6,2.6,4.002489159697965,possible_instrumental_spike
Hmax,2025-07-06 05:21:40+00:00,2025-07-06 05:21:40+00:00,1,2.91,2.91,4.68562086511704,possible_instrumental_spike
Hmax,2025-07-06 10:51:40+00:00,2025-07-06 10:51:40+00:00,1,2.7,2.7,4.222854225962183,possible_instrumental_spike
Hmax,2025-07-06 12:21:40+00:00,2025-07-06 12:21:40+00:00,1,2.71,2.71,4.244890732588605,possible_instrumental_spike
Hmax,2025-07-07 07:21:40+00:00,2025-07-07 07:21:40+00:00,1,2.65,2.65,4.112671692830074,possible_instrumental_spike
Hmax,2025-08-01 13:51:40+00:00,2025-08-01 13:51:40+00:00,1,3.06,3.06,5.016168464513369,possible_instrumental_spike
Hmax,2025-08-02 00:51:40+00:00,2025-08-02 00:51:40+00:00,1,2.63,2.63,4.06859867957723,possible_instrumental_spike
Hmax,2025-08-02 02:51:40+00:00,2025-08-02 02:51:40+00:00,1,2.79,2.79,4.421182785599979,possible_instrumental_spike
Hmax,2025-08-02 03:51:40+00:00,2025-08-02 03:51:40+00:00,1,2.7,2.7,4.222854225962183,possible_instrumental_spike
HM0,2019-08-16 06:51:40+00:00,2019-08-16 07:51:40+00:00,3,1.71,1.85,4.641796718682894,possible_physical_event
HM0,2019-08-16 19:21:40+00:00,2019-08-16 19:21:40+00:00,1,1.75,1.75,4.296400617723434,possible_instrumental_spike
HM0,2019-08-17 00:51:40+00:00,2019-08-17 00:51:40+00:00,1,1.67,1.67,4.020083736955867,possible_instrumental_spike
HM0,2019-08-28 18:21:40+00:00,2019-08-28 18:21:40+00:00,1,1.77,1.77,4.365479837915326,possible_instrumental_spike
HM0,2019-08-29 06:21:40+00:00,2019-08-29 06:21:40+00:00,1,1.73,1.73,4.227321397531543,possible_instrumental_spike
HM0,2019-11-26 12:21:40+00:00,2019-11-26 12:21:40+00:00,1,1.89,1.89,4.779955159066677,possible_instrumental_spike
HM0,2020-03-23 23:51:40+00:00,2020-03-24 01:21:40+00:00,3,1.69,1.71,4.158242177339651,possible_physical_event
HM0,2020-03-24 04:21:40+00:00,2020-03-24 07:51:40+00:00,8,1.69,2.01,5.194430480218028,possible_physical_event
HM0,2020-03-24 09:21:40+00:00,2020-03-24 09:21:40+00:00,1,1.69,1.69,4.089162957147759,possible_instrumental_spike
HM0,2020-03-24 11:51:40+00:00,2020-03-24 13:21:40+00:00,4,1.69,1.96,5.021732429738298,possible_physical_event
HM0,2020-03-24 23:51:40+00:00,2020-03-25 01:51:40+00:00,4,1.75,2.12,5.574366191273433,possible_physical_event
HM0,2020-03-25 04:51:40+00:00,2020-03-25 05:21:40+00:00,2,1.67,1.68,4.054623347051813,possible_physical_event
HM0,2020-03-25 07:51:40+00:00,2020-03-25 07:51:40+00:00,1,1.7,1.7,4.123702567243706,possible_instrumental_spike
HM0,2020-04-19 10:21:40+00:00,2020-04-19 12:51:40+00:00,6,1.67,1.98,5.09081164993019,possible_physical_event
HM0,2020-04-19 13:51:40+00:00,2020-04-19 14:51:40+00:00,3,1.67,1.79,4.434559058107218,possible_physical_event
HM0,2020-04-27 10:51:40+00:00,2020-04-27 10:51:40+00:00,1,1.71,1.71,4.158242177339651,possible_instrumental_spike
HM0,2020-04-27 14:21:40+00:00,2020-04-27 14:21:40+00:00,1,1.71,1.71,4.158242177339651,possible_instrumental_spike
HM0,2020-05-08 21:51:40+00:00,2020-05-09 10:21:40+00:00,25,1.67,2.27,6.092460342712622,possible_physical_event
HM0,2020-05-09 11:21:40+00:00,2020-05-09 16:21:40+00:00,10,1.76,2.22,5.9197622922328925,possible_physical_event
HM0,2020-05-09 17:51:40+00:00,2020-05-09 17:51:40+00:00,1,1.8,1.8,4.469098668203165,possible_instrumental_spike
HM0,2020-05-09 19:21:40+00:00,2020-05-10 03:21:40+00:00,12,1.78,2.51,6.9214109850153225,possible_physical_event
HM0,2020-05-10 08:51:40+00:00,2020-05-10 10:51:40+00:00,5,1.77,1.98,5.09081164993019,possible_physical_event
HM0,2020-05-10 12:51:40+00:00,2020-05-10 14:21:40+00:00,4,1.68,1.86,4.676336328778841,possible_physical_event
HM0,2020-05-10 15:21:40+00:00,2020-05-10 15:51:40+00:00,2,1.67,1.85,4.641796718682894,possible_physical_event
HM0,2020-05-10 21:51:40+00:00,2020-05-10 22:51:40+00:00,3,1.72,1.84,4.607257108586949,possible_physical_event
HM0,2020-05-11 00:21:40+00:00,2020-05-11 00:51:40+00:00,2,1.71,1.74,4.261861007627489,possible_physical_event
HM0,2020-05-19 13:51:40+00:00,2020-05-19 13:51:40+00:00,1,1.69,1.69,4.089162957147759,possible_instrumental_spike
HM0,2020-05-19 16:21:40+00:00,2020-05-19 17:51:40+00:00,4,1.71,1.87,4.710875938874786,possible_physical_event
HM0,2020-05-19 18:51:40+00:00,2020-05-19 19:51:40+00:00,3,1.69,1.78,4.400019448011273,possible_physical_event
HM0,2020-05-20 04:51:40+00:00,2020-05-20 05:21:40+00:00,2,1.75,1.75,4.296400617723434,possible_physical_event
HM0,2020-06-04 21:51:40+00:00,2020-06-04 22:51:40+00:00,3,1.7,2.05,5.332588920601811,possible_physical_event
HM0,2020-06-04 23:51:40+00:00,2020-06-05 00:21:40+00:00,2,1.85,1.96,5.021732429738298,possible_physical_event
HM0,2020-06-18 05:51:40+00:00,2020-06-18 05:51:40+00:00,1,1.73,1.73,4.227321397531543,possible_instrumental_spike
HM0,2020-08-03 10:51:40+00:00,2020-08-03 10:51:40+00:00,1,1.67,1.67,4.020083736955867,possible_instrumental_spike
HM0,2020-08-04 07:51:40+00:00,2020-08-04 07:51:40+00:00,1,1.7,1.7,4.123702567243706,possible_instrumental_spike
HM0,2020-08-23 17:21:40+00:00,2020-08-23 17:21:40+00:00,1,1.69,1.69,4.089162957147759,possible_instrumental_spike
HM0,2020-08-24 01:21:40+00:00,2020-08-24 18:51:40+00:00,36,1.68,2.51,6.9214109850153225,possible_physical_event
HM0,2020-08-24 19:51:40+00:00,2020-08-24 21:21:40+00:00,4,1.68,1.86,4.676336328778841,possible_physical_event
HM0,2020-08-24 23:21:40+00:00,2020-08-24 23:51:40+00:00,2,1.7,1.76,4.330940227819381,possible_physical_event
HM0,2020-08-25 00:51:40+00:00,2020-08-25 05:51:40+00:00,11,1.74,1.89,4.779955159066677,possible_physical_event
HM0,2020-11-02 12:51:40+00:00,2020-11-02 13:21:40+00:00,2,1.68,1.7,4.123702567243706,possible_physical_event
HM0,2020-11-02 14:21:40+00:00,2020-11-02 14:21:40+00:00,1,1.74,1.74,4.261861007627489,possible_instrumental_spike
HM0,2020-11-03 01:21:40+00:00,2020-11-03 01:21:40+00:00,1,1.76,1.76,4.330940227819381,possible_instrumental_spike
HM0,2020-11-03 08:21:40+00:00,2020-11-03 08:21:40+00:00,1,1.82,1.82,4.538177888395057,possible_instrumental_spike
HM0,2020-11-03 09:51:40+00:00,2020-11-03 11:21:40+00:00,3,1.68,1.81,4.5036382782991105,possible_physical_event
HM0,2020-11-03 12:51:40+00:00,2020-11-03 16:21:40+00:00,8,1.7,1.98,5.09081164993019,possible_physical_event
HM0,2020-11-03 17:21:40+00:00,2020-11-03 17:21:40+00:00,1,1.73,1.73,4.227321397531543,possible_instrumental_spike
HM0,2020-11-03 18:51:40+00:00,2020-11-03 18:51:40+00:00,1,1.75,1.75,4.296400617723434,possible_instrumental_spike
HM0,2020-11-03 20:51:40+00:00,2020-11-04 03:21:40+00:00,12,1.71,1.94,4.952653209546407,possible_physical_event
HM0,2021-05-01 20:51:40+00:00,2021-05-01 20:51:40+00:00,1,1.76,1.76,4.330940227819381,possible_instrumental_spike
HM0,2021-05-01 23:51:40+00:00,2021-05-01 23:51:40+00:00,1,1.7,1.7,4.123702567243706,possible_instrumental_spike
HM0,2021-05-02 02:21:40+00:00,2021-05-02 02:21:40+00:00,1,1.8,1.8,4.469098668203165,possible_instrumental_spike
HM0,2021-05-10 05:21:40+00:00,2021-05-10 06:51:40+00:00,4,1.7,1.99,5.125351260026137,possible_physical_event
HM0,2021-05-10 09:21:40+00:00,2021-05-10 09:21:40+00:00,1,1.81,1.81,4.5036382782991105,possible_instrumental_spike
HM0,2021-05-10 10:51:40+00:00,2021-05-10 11:51:40+00:00,3,1.7,1.9,4.814494769162623,possible_physical_event
HM0,2021-05-10 18:51:40+00:00,2021-05-10 19:21:40+00:00,2,1.8,1.83,4.572717498491002,possible_physical_event
HM0,2021-05-10 21:51:40+00:00,2021-05-10 21:51:40+00:00,1,1.74,1.74,4.261861007627489,possible_instrumental_spike
HM0,2021-05-10 23:21:40+00:00,2021-05-10 23:21:40+00:00,1,1.78,1.78,4.400019448011273,possible_instrumental_spike
HM0,2021-06-27 15:51:40+00:00,2021-06-27 15:51:40+00:00,1,1.78,1.78,4.400019448011273,possible_instrumental_spike
HM0,2021-07-02 16:21:40+00:00,2021-07-02 22:21:40+00:00,13,1.73,1.96,5.021732429738298,possible_physical_event
HM0,2021-07-03 00:51:40+00:00,2021-07-03 01:51:40+00:00,3,1.69,1.71,4.158242177339651,possible_physical_event
HM0,2021-07-03 04:51:40+00:00,2021-07-03 04:51:40+00:00,1,1.68,1.68,4.054623347051813,possible_instrumental_spike
HM0,2021-07-31 00:21:40+00:00,2021-07-31 07:51:40+00:00,16,1.68,2.15,5.677985021561271,possible_physical_event
HM0,2021-07-31 13:21:40+00:00,2021-07-31 14:51:40+00:00,4,1.7,1.91,4.84903437925857,possible_physical_event
HM0,2021-08-01 05:21:40+00:00,2021-08-01 05:51:40+00:00,2,1.69,1.88,4.745415548970731,possible_physical_event
HM0,2021-08-01 06:51:40+00:00,2021-08-01 06:51:40+00:00,1,1.68,1.68,4.054623347051813,possible_instrumental_spike
HM0,2021-08-01 08:21:40+00:00,2021-08-01 08:21:40+00:00,1,1.7,1.7,4.123702567243706,possible_instrumental_spike
HM0,2021-09-23 20:21:40+00:00,2021-09-23 20:21:40+00:00,1,1.74,1.74,4.261861007627489,possible_instrumental_spike
HM0,2021-09-24 00:51:40+00:00,2021-09-24 02:51:40+00:00,5,1.71,1.87,4.710875938874786,possible_physical_event
HM0,2021-09-24 09:21:40+00:00,2021-09-24 09:21:40+00:00,1,1.68,1.68,4.054623347051813,possible_instrumental_spike
HM0,2021-09-24 12:51:40+00:00,2021-09-24 12:51:40+00:00,1,1.79,1.79,4.434559058107218,possible_instrumental_spike
HM0,2021-11-13 19:51:40+00:00,2021-11-14 04:51:40+00:00,19,1.77,2.41,6.576014884055865,possible_physical_event
HM0,2021-11-14 07:51:40+00:00,2021-11-14 08:51:40+00:00,3,1.67,1.73,4.227321397531543,possible_physical_event
HM0,2021-11-14 10:21:40+00:00,2021-11-14 10:51:40+00:00,2,1.73,1.73,4.227321397531543,possible_physical_event
HM0,2021-11-14 12:51:40+00:00,2021-11-14 13:51:40+00:00,3,1.75,1.84,4.607257108586949,possible_physical_event
HM0,2021-11-14 14:51:40+00:00,2021-11-14 15:21:40+00:00,2,1.81,1.86,4.676336328778841,possible_physical_event
HM0,2022-06-05 03:51:40+00:00,2022-06-05 04:51:40+00:00,3,1.69,1.91,4.84903437925857,possible_physical_event
HM0,2022-06-05 06:21:40+00:00,2022-06-05 17:51:40+00:00,17,1.7,2.12,5.574366191273433,possible_physical_event
HM0,2022-06-06 00:51:40+00:00,2022-06-06 02:51:40+00:00,4,1.76,1.85,4.641796718682894,possible_physical_event
HM0,2022-06-06 07:21:40+00:00,2022-06-06 07:21:40+00:00,1,1.68,1.68,4.054623347051813,possible_instrumental_spike
HM0,2022-06-14 18:51:40+00:00,2022-06-14 19:51:40+00:00,3,1.68,1.99,5.125351260026137,possible_physical_event
HM0,2022-06-15 07:51:40+00:00,2022-06-15 07:51:40+00:00,1,1.71,1.71,4.158242177339651,possible_instrumental_spike
HM0,2022-06-27 10:51:40+00:00,2022-06-27 10:51:40+00:00,1,1.67,1.67,4.020083736955867,possible_instrumental_spike
HM0,2022-06-27 17:51:40+00:00,2022-06-27 19:51:40+00:00,4,1.74,1.81,4.5036382782991105,possible_physical_event
HM0,2022-06-27 20:51:40+00:00,2022-06-28 00:51:40+00:00,8,1.68,1.93,4.918113599450462,possible_physical_event
HM0,2022-08-30 14:21:40+00:00,2022-08-30 14:51:40+00:00,2,1.82,1.9,4.814494769162623,possible_physical_event
HM0,2022-08-30 19:21:40+00:00,2022-08-31 04:21:40+00:00,18,1.75,2.46,6.748712934535594,possible_physical_event
HM0,2022-08-31 06:51:40+00:00,2022-08-31 14:51:40+00:00,17,1.68,2.16,5.712524631657217,possible_physical_event
HM0,2022-08-31 15:51:40+00:00,2022-08-31 15:51:40+00:00,1,1.68,1.68,4.054623347051813,possible_instrumental_spike
HM0,2022-11-03 20:51:40+00:00,2022-11-04 01:21:40+00:00,9,1.67,1.94,4.952653209546407,possible_physical_event
HM0,2022-11-04 02:21:40+00:00,2022-11-04 02:51:40+00:00,2,1.67,1.78,4.400019448011273,possible_physical_event
HM0,2022-11-04 04:21:40+00:00,2022-11-04 12:21:40+00:00,17,1.7,2.16,5.712524631657217,possible_physical_event
HM0,2022-11-04 13:51:40+00:00,2022-11-04 13:51:40+00:00,1,1.71,1.71,4.158242177339651,possible_instrumental_spike
HM0,2022-11-04 18:21:40+00:00,2022-11-04 18:21:40+00:00,1,1.76,1.76,4.330940227819381,possible_instrumental_spike
HM0,2022-11-04 19:21:40+00:00,2022-11-04 20:21:40+00:00,3,1.68,1.76,4.330940227819381,possible_physical_event
HM0,2022-11-05 04:21:40+00:00,2022-11-05 07:21:40+00:00,7,1.67,2.03,5.263509700409919,possible_physical_event
HM0,2022-11-05 08:21:40+00:00,2022-11-05 10:51:40+00:00,6,1.68,1.84,4.607257108586949,possible_physical_event
HM0,2022-11-05 11:51:40+00:00,2022-11-05 11:51:40+00:00,1,1.67,1.67,4.020083736955867,possible_instrumental_spike
HM0,2022-11-05 21:21:40+00:00,2022-11-05 22:51:40+00:00,4,1.69,1.76,4.330940227819381,possible_physical_event
HM0,2023-04-24 15:21:40+00:00,2023-04-24 15:21:40+00:00,1,1.67,1.67,4.020083736955867,possible_instrumental_spike
HM0,2023-05-20 11:21:40+00:00,2023-05-20 12:51:40+00:00,4,1.71,2.0,5.159890870122082,possible_physical_event
HM0,2023-06-03 05:21:40+00:00,2023-06-03 06:51:40+00:00,4,1.71,1.84,4.607257108586949,possible_physical_event
HM0,2023-06-03 09:21:40+00:00,2023-06-03 12:51:40+00:00,8,1.67,2.1,5.505286971081541,possible_physical_event
HM0,2023-06-19 20:51:40+00:00,2023-06-19 20:51:40+00:00,1,1.69,1.69,4.089162957147759,possible_instrumental_spike
HM0,2023-06-19 21:51:40+00:00,2023-06-19 22:21:40+00:00,2,1.73,1.73,4.227321397531543,possible_physical_event
HM0,2023-06-20 06:51:40+00:00,2023-06-20 08:51:40+00:00,5,1.67,2.09,5.4707473609855946,possible_physical_event
HM0,2023-06-20 12:51:40+00:00,2023-06-20 14:51:40+00:00,5,1.67,1.8,4.469098668203165,possible_physical_event
HM0,2023-06-21 00:51:40+00:00,2023-06-21 00:51:40+00:00,1,1.76,1.76,4.330940227819381,possible_instrumental_spike
HM0,2023-07-04 06:51:40+00:00,2023-07-04 08:51:40+00:00,5,1.77,1.94,4.952653209546407,possible_physical_event
HM0,2023-07-04 09:51:40+00:00,2023-07-04 10:21:40+00:00,2,1.74,1.78,4.400019448011273,possible_physical_event
HM0,2023-07-04 11:51:40+00:00,2023-07-04 11:51:40+00:00,1,1.73,1.73,4.227321397531543,possible_instrumental_spike
HM0,2023-07-04 12:51:40+00:00,2023-07-04 13:21:40+00:00,2,1.72,1.72,4.192781787435598,possible_physical_event
HM0,2023-07-04 19:21:40+00:00,2023-07-04 20:21:40+00:00,3,1.71,1.81,4.5036382782991105,possible_physical_event
HM0,2023-07-05 20:21:40+00:00,2023-07-05 21:21:40+00:00,3,1.72,1.79,4.434559058107218,possible_physical_event
HM0,2023-07-07 09:51:40+00:00,2023-07-07 09:51:40+00:00,1,1.71,1.71,4.158242177339651,possible_instrumental_spike
HM0,2023-11-07 08:51:40+00:00,2023-11-07 08:51:40+00:00,1,1.68,1.68,4.054623347051813,possible_instrumental_spike
HM0,2023-11-07 10:21:40+00:00,2023-11-07 10:21:40+00:00,1,1.88,1.88,4.745415548970731,possible_instrumental_spike
HM0,2023-11-07 15:51:40+00:00,2023-11-07 16:51:40+00:00,3,1.77,1.8,4.469098668203165,possible_physical_event
HM0,2023-11-07 18:21:40+00:00,2023-11-07 23:51:40+00:00,12,1.67,1.89,4.779955159066677,possible_physical_event
HM0,2023-11-26 11:21:40+00:00,2023-11-26 11:51:40+00:00,2,1.68,1.78,4.400019448011273,possible_physical_event
HM0,2024-04-20 21:51:40+00:00,2024-04-20 21:51:40+00:00,1,1.72,1.72,4.192781787435598,possible_instrumental_spike
HM0,2024-04-20 23:51:40+00:00,2024-04-21 01:21:40+00:00,4,1.69,1.95,4.987192819642353,possible_physical_event
HM0,2024-04-21 02:21:40+00:00,2024-04-21 02:51:40+00:00,2,1.68,1.7,4.123702567243706,possible_physical_event
HM0,2024-04-21 07:21:40+00:00,2024-04-21 07:51:40+00:00,2,1.67,1.67,4.020083736955867,possible_physical_event
HM0,2024-08-29 08:21:40+00:00,2024-08-29 08:21:40+00:00,1,1.68,1.68,4.054623347051813,possible_instrumental_spike
HM0,2024-08-29 09:21:40+00:00,2024-08-29 09:21:40+00:00,1,1.67,1.67,4.020083736955867,possible_instrumental_spike
HM0,2025-05-02 10:51:40+00:00,2025-05-02 11:21:40+00:00,2,1.68,1.79,4.434559058107218,possible_physical_event
HM0,2025-05-02 15:21:40+00:00,2025-05-02 15:51:40+00:00,2,1.68,1.8,4.469098668203165,possible_physical_event
HM0,2025-05-03 03:21:40+00:00,2025-05-03 03:21:40+00:00,1,1.69,1.69,4.089162957147759,possible_instrumental_spike
HM0,2025-05-03 04:51:40+00:00,2025-05-03 06:21:40+00:00,4,1.69,1.73,4.227321397531543,possible_physical_event
HM0,2025-05-03 13:21:40+00:00,2025-05-03 13:21:40+00:00,1,1.72,1.72,4.192781787435598,possible_instrumental_spike
HM0,2025-05-03 14:21:40+00:00,2025-05-03 14:51:40+00:00,2,1.77,1.81,4.5036382782991105,possible_physical_event
HM0,2025-05-03 16:51:40+00:00,2025-05-03 16:51:40+00:00,1,1.67,1.67,4.020083736955867,possible_instrumental_spike
HM0,2025-05-17 10:21:40+00:00,2025-05-17 12:21:40+00:00,5,1.68,2.11,5.539826581177486,possible_physical_event
HM0,2025-06-12 22:21:40+00:00,2025-06-13 02:21:40+00:00,9,1.67,2.24,5.988841512424784,possible_physical_event
HM0,2025-06-13 07:21:40+00:00,2025-06-13 08:51:40+00:00,4,1.69,1.87,4.710875938874786,possible_physical_event
HM0,2025-06-13 09:51:40+00:00,2025-06-13 14:51:40+00:00,11,1.78,1.98,5.09081164993019,possible_physical_event
HM0,2025-06-13 19:51:40+00:00,2025-06-13 21:21:40+00:00,4,1.72,1.88,4.745415548970731,possible_physical_event
HM0,2025-06-13 22:21:40+00:00,2025-06-14 00:51:40+00:00,6,1.78,2.04,5.298049310505866,possible_physical_event
HM0,2025-06-14 09:21:40+00:00,2025-06-14 09:21:40+00:00,1,1.83,1.83,4.572717498491002,possible_instrumental_spike
HM0,2025-06-14 22:21:40+00:00,2025-06-14 22:21:40+00:00,1,1.67,1.67,4.020083736955867,possible_instrumental_spike
HM0,2025-07-05 23:21:40+00:00,2025-07-05 23:21:40+00:00,1,1.73,1.73,4.227321397531543,possible_instrumental_spike
HM0,2025-07-06 05:21:40+00:00,2025-07-06 05:21:40+00:00,1,1.75,1.75,4.296400617723434,possible_instrumental_spike
Avg_Sal,2019-08-03 15:51:40+00:00,2019-08-03 15:51:40+00:00,1,3.35,3.35,30.809926746577123,possible_instrumental_spike
Avg_Sal,2019-09-03 15:51:40+00:00,2019-09-03 15:51:40+00:00,1,25.46,25.46,9.924654895238868,possible_instrumental_spike
Avg_Sal,2019-10-01 15:21:40+00:00,2019-10-01 15:21:40+00:00,1,11.21,11.21,23.385311787214,possible_instrumental_spike
Avg_Sal,2019-11-12 14:21:40+00:00,2019-11-12 14:21:40+00:00,1,18.8,18.8,16.21574085317251,possible_instrumental_spike
Avg_Sal,2020-01-15 11:21:40+00:00,2020-01-15 11:21:40+00:00,1,14.79,14.79,20.00361693294937,possible_instrumental_spike
Avg_Sal,2020-03-17 13:21:40+00:00,2020-03-17 13:21:40+00:00,1,17.66,17.66,17.29259340453052,possible_instrumental_spike
Avg_Sal,2020-05-27 15:51:40+00:00,2020-05-27 17:51:40+00:00,5,31.1,31.64,4.5970685885202895,possible_physical_event
Avg_Sal,2020-08-15 16:21:40+00:00,2020-08-15 16:21:40+00:00,1,1.63,1.63,32.43465164862605,possible_instrumental_spike
Avg_Sal,2020-10-25 16:21:40+00:00,2020-10-25 16:21:40+00:00,1,5.47,5.47,28.807358844051702,possible_instrumental_spike
Avg_Sal,2021-04-14 12:51:40+00:00,2021-04-14 12:51:40+00:00,1,1.38,1.38,32.67080352392386,possible_instrumental_spike
Avg_Sal,2021-06-04 11:21:40+00:00,2021-06-04 18:51:40+00:00,16,2.45,19.45,31.660073497649236,possible_physical_event
Avg_Sal,2021-08-11 15:21:40+00:00,2021-08-11 15:21:40+00:00,1,14.81,14.81,19.984724782925543,possible_instrumental_spike
Avg_Sal,2021-11-09 11:21:40+00:00,2021-11-09 11:21:40+00:00,1,27.83,27.83,7.685935117415638,possible_instrumental_spike
Avg_Sal,2021-12-25 05:51:40+00:00,2021-12-25 06:51:40+00:00,3,31.47,31.72,4.247563813079534,possible_physical_event
Avg_Sal,2021-12-25 07:51:40+00:00,2021-12-25 08:21:40+00:00,2,31.51,31.62,4.209779513031882,possible_physical_event
Avg_Sal,2021-12-26 01:51:40+00:00,2021-12-26 02:21:40+00:00,2,31.12,31.35,4.578176438496465,possible_physical_event
Avg_Sal,2021-12-26 06:51:40+00:00,2021-12-26 07:51:40+00:00,3,31.35,31.65,4.36091671322248,possible_physical_event
Avg_Sal,2021-12-27 18:51:40+00:00,2021-12-27 18:51:40+00:00,1,31.68,31.68,4.049196237829373,possible_instrumental_spike
Avg_Sal,2021-12-27 20:21:40+00:00,2021-12-27 21:51:40+00:00,4,31.59,31.72,4.1342109129365845,possible_physical_event
Avg_Sal,2022-05-30 13:51:40+00:00,2022-05-30 13:51:40+00:00,1,22.51,22.51,12.711247023753018,possible_instrumental_spike
Avg_Sal,2022-09-04 13:21:40+00:00,2022-09-04 13:21:40+00:00,1,15.85,15.85,19.002332981686656,possible_instrumental_spike
Avg_Sal,2022-11-15 12:51:40+00:00,2022-11-15 12:51:40+00:00,1,2.98,2.98,31.159431522017886,possible_instrumental_spike
Avg_Sal,2023-01-26 16:21:40+00:00,2023-01-26 17:51:40+00:00,2,14.99,25.99,19.814695432711122,possible_physical_event
Avg_Sal,2023-06-12 10:21:40+00:00,2023-06-12 10:21:40+00:00,1,0.41,0.41,33.58707280007937,possible_instrumental_spike
Avg_Sal,2024-01-05 15:21:40+00:00,2024-01-05 15:21:40+00:00,1,12.73,12.73,21.94950838540332,possible_instrumental_spike
Avg_Sal,2024-02-05 15:21:40+00:00,2024-02-05 15:21:40+00:00,1,16.16,16.16,18.709504656317375,possible_instrumental_spike
Avg_Sal,2024-06-11 12:51:40+00:00,2024-06-11 12:51:40+00:00,1,6.17,6.17,28.146133593217833,possible_instrumental_spike
Avg_Sal,2024-08-13 12:51:40+00:00,2024-08-13 12:51:40+00:00,1,10.89,10.89,23.687586187595194,possible_instrumental_spike
Avg_Sal,2024-09-10 10:21:40+00:00,2024-09-10 10:21:40+00:00,1,1.37,1.37,32.68024959893578,possible_instrumental_spike
Avg_Sal,2024-10-01 10:21:40+00:00,2024-10-01 10:21:40+00:00,1,1.32,1.32,32.72747997399534,possible_instrumental_spike
Avg_Sal,2025-01-20 10:21:40+00:00,2025-01-20 10:21:40+00:00,1,25.42,25.42,9.962439195286517,possible_instrumental_spike
Avg_Sal,2025-06-04 10:21:40+00:00,2025-06-04 10:21:40+00:00,1,2.27,2.27,31.83010284786366,possible_instrumental_spike
Avg_Sal,2025-07-21 10:51:40+00:00,2025-07-21 10:51:40+00:00,1,1.12,1.12,32.91640147423359,possible_instrumental_spike
Avg_Sal,2025-10-08 14:21:40+00:00,2025-10-08 14:21:40+00:00,1,17.66,17.66,17.29259340453052,possible_instrumental_spike
Avg_Sal,2025-10-27 10:21:40+00:00,2025-10-27 11:21:40+00:00,3,0.51,3.62,33.49261204996024,possible_physical_event
Avg_Sal,2025-12-10 10:21:40+00:00,2025-12-10 10:21:40+00:00,1,21.54,21.54,13.62751629990852,possible_instrumental_spike
Avg_Sal,2026-02-02 10:51:40+00:00,2026-02-02 10:51:40+00:00,1,2.11,2.11,31.98124004805426,possible_instrumental_spike
Avg_Sal,2026-03-05 10:21:40+00:00,2026-03-05 10:21:40+00:00,1,11.57,11.57,23.045253086785156,possible_instrumental_spike
Avg_Sal,2026-05-13 10:51:40+00:00,2026-05-13 10:51:40+00:00,1,0.46,0.46,33.5398424250198,possible_instrumental_spike
Avg_Sal,2026-06-01 10:21:40+00:00,2026-06-01 10:21:40+00:00,1,31.15,31.15,4.54983821346073,possible_instrumental_spike
Avg_DO,2020-05-16 20:21:40+00:00,2020-05-16 20:21:40+00:00,1,5.63,5.63,4.003226446242175,possible_instrumental_spike
Avg_DO,2020-06-11 02:21:40+00:00,2020-06-11 09:51:40+00:00,16,0.05,2.24,10.976470781205647,possible_physical_event
Avg_DO,2020-06-12 02:21:40+00:00,2020-06-12 11:21:40+00:00,19,0.33,2.57,10.22480138627995,possible_physical_event
Avg_DO,2020-06-27 14:51:40+00:00,2020-06-27 21:51:40+00:00,15,0.17,2.42,10.654326754808919,possible_physical_event
Avg_DO,2020-06-28 08:51:40+00:00,2020-06-28 09:21:40+00:00,2,2.44,2.63,4.56043558880416,possible_physical_event
Avg_DO,2020-06-28 10:21:40+00:00,2020-06-28 10:51:40+00:00,2,2.25,2.62,5.070496963932311,possible_physical_event
Avg_DO,2020-06-28 16:51:40+00:00,2020-06-28 22:51:40+00:00,13,0.05,2.18,10.976470781205647,possible_physical_event
Avg_DO,2020-07-10 03:21:40+00:00,2020-07-10 04:21:40+00:00,3,2.26,2.59,5.043651628399251,possible_physical_event
Avg_DO,2020-09-23 07:21:40+00:00,2020-09-23 15:51:40+00:00,18,1.44,2.62,7.244969142110222,possible_physical_event
Avg_DO,2020-10-07 20:21:40+00:00,2020-10-07 21:21:40+00:00,3,2.48,2.62,4.453054246671917,possible_physical_event
Avg_DO,2020-10-28 09:21:40+00:00,2020-10-28 17:51:40+00:00,18,0.05,2.54,10.976470781205647,possible_physical_event
Avg_DO,2020-10-28 21:51:40+00:00,2020-10-28 21:51:40+00:00,1,2.59,2.59,4.157755555808251,possible_instrumental_spike
Avg_DO,2020-10-29 22:21:40+00:00,2020-10-29 22:21:40+00:00,1,2.5,2.5,4.399363575605796,possible_instrumental_spike
Avg_DO,2020-10-30 11:21:40+00:00,2020-10-30 11:21:40+00:00,1,1.93,1.93,5.929547700990252,possible_instrumental_spike
Avg_DO,2020-11-22 08:21:40+00:00,2020-11-22 14:51:40+00:00,13,1.73,2.64,6.466454411651464,possible_physical_event
Avg_DO,2020-11-23 10:51:40+00:00,2020-11-23 13:51:40+00:00,7,2.18,2.63,5.258414312663735,possible_physical_event
Avg_DO,2020-11-24 00:21:40+00:00,2020-11-24 01:21:40+00:00,3,2.4,2.6,4.667816930936403,possible_physical_event
Avg_DO,2020-12-24 11:51:40+00:00,2020-12-24 18:51:40+00:00,14,1.87,2.62,6.090619714188614,possible_physical_event
Avg_DO,2020-12-25 13:51:40+00:00,2020-12-25 14:21:40+00:00,2,2.55,2.61,4.2651368979404936,possible_physical_event
Avg_DO,2021-03-02 20:51:40+00:00,2021-03-02 23:51:40+00:00,7,2.39,2.61,4.694662266469463,possible_physical_event
Avg_DO,2021-03-03 05:21:40+00:00,2021-03-03 12:21:40+00:00,15,1.79,2.61,6.3053823984531,possible_physical_event
Avg_DO,2021-03-03 15:21:40+00:00,2021-03-03 15:51:40+00:00,2,2.6,2.64,4.13091022027519,possible_physical_event
Avg_DO,2021-04-03 11:21:40+00:00,2021-04-03 12:51:40+00:00,4,2.58,2.62,4.1846008913413115,possible_physical_event
Avg_DO,2021-04-19 08:51:40+00:00,2021-04-19 08:51:40+00:00,1,2.34,2.34,4.828888944134767,possible_instrumental_spike
Avg_DO,2021-05-19 18:51:40+00:00,2021-05-19 23:51:40+00:00,10,1.86,2.38,6.117465049721675,possible_physical_event
Avg_DO,2021-05-20 03:21:40+00:00,2021-05-20 05:51:40+00:00,6,2.13,2.49,5.392640990329039,possible_physical_event
Avg_DO,2021-05-21 23:51:40+00:00,2021-05-21 23:51:40+00:00,1,2.48,2.48,4.453054246671917,possible_instrumental_spike
Avg_DO,2021-05-26 15:21:40+00:00,2021-05-26 15:51:40+00:00,2,2.24,2.56,5.097342299465372,possible_physical_event
Avg_DO,2021-06-02 08:51:40+00:00,2021-06-02 13:21:40+00:00,10,2.11,2.6,5.446331661395161,possible_physical_event
Avg_DO,2021-06-02 16:21:40+00:00,2021-06-03 03:21:40+00:00,22,1.32,2.6,7.567113168506948,possible_physical_event
Avg_DO,2021-06-03 08:51:40+00:00,2021-06-03 12:51:40+00:00,9,1.71,2.33,6.520145082717585,possible_physical_event
Avg_DO,2021-06-04 21:21:40+00:00,2021-06-05 11:21:40+00:00,28,0.76,2.63,9.070451958358344,possible_physical_event
Avg_DO,2021-06-09 09:51:40+00:00,2021-06-09 13:51:40+00:00,9,2.17,2.57,5.285259648196797,possible_physical_event
Avg_DO,2021-07-16 20:21:40+00:00,2021-07-16 22:51:40+00:00,5,2.12,2.64,5.419486325862099,possible_physical_event
Avg_DO,2021-07-17 08:21:40+00:00,2021-07-17 10:51:40+00:00,6,2.27,2.52,5.016806292866191,possible_physical_event
Avg_DO,2021-07-17 21:51:40+00:00,2021-07-18 11:51:40+00:00,27,1.3,2.62,7.62080383957307,possible_physical_event
Avg_DO,2021-07-18 23:51:40+00:00,2021-07-18 23:51:40+00:00,1,2.6,2.6,4.13091022027519,possible_instrumental_spike
Avg_DO,2021-07-19 00:51:40+00:00,2021-07-19 01:21:40+00:00,2,2.41,2.54,4.640971595403341,possible_physical_event
Avg_DO,2021-07-19 10:21:40+00:00,2021-07-19 13:51:40+00:00,8,2.13,2.6,5.392640990329039,possible_physical_event
Avg_DO,2021-07-20 01:21:40+00:00,2021-07-20 02:51:40+00:00,4,2.39,2.58,4.694662266469463,possible_physical_event
Avg_DO,2021-07-20 10:51:40+00:00,2021-07-20 15:51:40+00:00,11,1.85,2.57,6.144310385254736,possible_physical_event
Avg_DO,2021-07-29 04:51:40+00:00,2021-07-29 08:21:40+00:00,8,2.21,2.61,5.177878306064554,possible_physical_event
Avg_DO,2021-07-29 21:21:40+00:00,2021-07-29 22:21:40+00:00,3,2.48,2.62,4.453054246671917,possible_physical_event
Avg_DO,2021-07-30 01:51:40+00:00,2021-07-30 22:21:40+00:00,42,0.9,2.6,8.694617260895495,possible_physical_event
Avg_DO,2021-08-08 13:21:40+00:00,2021-08-08 16:51:40+00:00,8,1.16,2.59,7.996638537035918,possible_physical_event
Avg_DO,2021-08-09 12:51:40+00:00,2021-08-09 17:21:40+00:00,10,1.03,2.4,8.345627898965706,possible_physical_event
Avg_DO,2021-08-11 08:21:40+00:00,2021-08-11 14:51:40+00:00,14,0.05,2.62,10.976470781205647,possible_physical_event
Avg_DO,2021-08-18 10:51:40+00:00,2021-08-18 11:21:40+00:00,2,2.57,2.6,4.211446226874372,possible_physical_event
Avg_DO,2021-08-25 22:21:40+00:00,2021-08-26 06:51:40+00:00,18,2.02,2.61,5.687939681192706,possible_physical_event
Avg_DO,2021-10-09 02:21:40+00:00,2021-10-09 04:21:40+00:00,5,1.99,2.57,5.768475687791887,possible_physical_event
Avg_DO,2021-10-16 11:51:40+00:00,2021-10-16 13:51:40+00:00,5,2.03,2.61,5.661094345659645,possible_physical_event
Avg_DO,2021-10-17 11:21:40+00:00,2021-10-17 14:21:40+00:00,7,1.97,2.58,5.822166358858009,possible_physical_event
Avg_DO,2021-10-24 16:51:40+00:00,2021-10-24 20:21:40+00:00,7,2.38,2.58,4.721507602002524,possible_physical_event
Avg_DO,2021-12-09 21:21:40+00:00,2021-12-09 23:21:40+00:00,5,2.36,2.54,4.7751982730686455,possible_physical_event
Avg_DO,2021-12-10 02:51:40+00:00,2021-12-10 12:21:40+00:00,20,1.61,2.6,6.78859843804819,possible_physical_event
Avg_DO,2021-12-11 12:21:40+00:00,2021-12-12 00:21:40+00:00,25,1.39,2.62,7.379195819775525,possible_physical_event
Avg_DO,2021-12-12 11:21:40+00:00,2021-12-14 03:51:40+00:00,81,1.01,2.6,8.399318570031829,possible_physical_event
Avg_DO,2021-12-14 13:51:40+00:00,2021-12-14 16:21:40+00:00,6,2.48,2.6,4.453054246671917,possible_physical_event
Avg_DO,2021-12-15 02:21:40+00:00,2021-12-15 02:21:40+00:00,1,2.64,2.64,4.0235288781429475,possible_instrumental_spike
Avg_DO,2021-12-15 14:51:40+00:00,2021-12-15 16:21:40+00:00,4,2.36,2.62,4.7751982730686455,possible_physical_event
Avg_DO,2021-12-19 07:51:40+00:00,2021-12-19 09:21:40+00:00,4,2.54,2.64,4.291982233473553,possible_physical_event
Avg_DO,2021-12-23 05:51:40+00:00,2021-12-23 08:21:40+00:00,6,2.41,2.6,4.640971595403341,possible_physical_event
Avg_DO,2021-12-23 18:51:40+00:00,2021-12-23 18:51:40+00:00,1,2.64,2.64,4.0235288781429475,possible_instrumental_spike
Avg_DO,2021-12-25 19:21:40+00:00,2021-12-25 22:21:40+00:00,7,2.08,2.62,5.526867667994342,possible_physical_event
Avg_DO,2021-12-26 22:51:40+00:00,2021-12-26 22:51:40+00:00,1,2.64,2.64,4.0235288781429475,possible_instrumental_spike
Avg_DO,2021-12-27 19:51:40+00:00,2021-12-27 23:21:40+00:00,8,1.93,2.53,5.929547700990252,possible_physical_event
Avg_DO,2021-12-28 10:51:40+00:00,2021-12-28 11:51:40+00:00,3,2.4,2.56,4.667816930936403,possible_physical_event
Avg_DO,2021-12-29 00:51:40+00:00,2021-12-29 14:21:40+00:00,27,1.21,2.6,7.862411859370615,possible_physical_event
Avg_DO,2021-12-30 00:51:40+00:00,2021-12-30 00:51:40+00:00,1,2.58,2.58,4.1846008913413115,possible_instrumental_spike
Avg_DO,2021-12-31 01:51:40+00:00,2021-12-31 03:21:40+00:00,4,2.45,2.61,4.5335902532710985,possible_physical_event
Avg_DO,2021-12-31 15:51:40+00:00,2021-12-31 16:51:40+00:00,3,2.43,2.58,4.58728092433722,possible_physical_event
Avg_DO,2022-01-09 10:51:40+00:00,2022-01-09 21:51:40+00:00,23,1.38,2.53,7.406041155308586,possible_physical_event
Avg_DO,2022-01-10 10:21:40+00:00,2022-01-10 22:21:40+00:00,22,1.77,2.55,6.359073069519221,possible_physical_event
Avg_DO,2022-01-12 06:21:40+00:00,2022-01-12 07:51:40+00:00,4,2.45,2.64,4.5335902532710985,possible_physical_event
Avg_DO,2022-01-12 08:51:40+00:00,2022-01-13 19:51:40+00:00,64,0.04,2.5,11.003316116738707,possible_physical_event
Avg_DO,2022-01-13 23:21:40+00:00,2022-01-14 00:21:40+00:00,3,1.54,1.74,6.976515786779615,possible_physical_event
Avg_DO,2022-01-14 01:21:40+00:00,2022-01-14 01:51:40+00:00,2,1.57,2.64,6.895979780180433,possible_physical_event
Avg_DO,2022-01-14 03:21:40+00:00,2022-01-14 05:51:40+00:00,6,0.14,1.87,10.7348627614081,possible_physical_event
Avg_DO,2022-01-14 12:21:40+00:00,2022-01-14 15:51:40+00:00,7,0.31,1.29,10.278492057346071,possible_physical_event
Avg_DO,2022-01-14 17:21:40+00:00,2022-01-14 18:21:40+00:00,3,0.51,2.58,9.74158534668486,possible_physical_event
Avg_DO,2022-01-15 00:21:40+00:00,2022-01-15 02:21:40+00:00,5,0.05,0.72,10.976470781205647,possible_physical_event
Avg_DO,2022-01-15 03:21:40+00:00,2022-01-15 19:21:40+00:00,30,0.05,2.46,10.976470781205647,possible_physical_event
Avg_DO,2022-01-16 00:51:40+00:00,2022-01-16 08:21:40+00:00,16,0.05,1.7,10.976470781205647,possible_physical_event
Avg_DO,2022-01-16 13:21:40+00:00,2022-01-16 14:21:40+00:00,3,1.7,2.59,6.546990418250645,possible_physical_event
Avg_DO,2022-01-17 01:21:40+00:00,2022-01-17 20:21:40+00:00,34,0.05,2.57,10.976470781205647,possible_physical_event
Avg_DO,2022-01-18 01:51:40+00:00,2022-01-18 03:21:40+00:00,4,0.28,1.88,10.359028063945251,possible_physical_event
Avg_DO,2022-01-18 08:51:40+00:00,2022-01-18 09:21:40+00:00,2,1.05,1.76,8.291937227899586,possible_physical_event
Avg_DO,2022-01-18 14:21:40+00:00,2022-01-18 15:51:40+00:00,4,0.19,2.56,10.600636083742797,possible_physical_event
Avg_DO,2022-01-18 17:51:40+00:00,2022-01-18 20:51:40+00:00,7,0.05,2.64,10.976470781205647,possible_physical_event
Avg_DO,2022-01-19 02:51:40+00:00,2022-01-19 03:51:40+00:00,3,0.52,2.16,9.714740011151797,possible_physical_event
Avg_DO,2022-01-19 14:51:40+00:00,2022-01-19 15:21:40+00:00,2,1.75,2.03,6.412763740585342,possible_physical_event
Avg_DO,2022-01-19 19:51:40+00:00,2022-01-19 21:51:40+00:00,5,0.11,1.46,10.815398768007283,possible_physical_event
Avg_DO,2022-01-20 02:51:40+00:00,2022-01-20 03:21:40+00:00,2,0.62,2.06,9.446286655821192,possible_physical_event
Avg_DO,2022-01-20 10:21:40+00:00,2022-01-20 10:21:40+00:00,1,2.49,2.49,4.426208911138857,possible_instrumental_spike
Avg_DO,2022-01-20 15:21:40+00:00,2022-01-20 16:21:40+00:00,3,0.25,2.47,10.439564070544435,possible_physical_event
Avg_DO,2022-01-20 19:51:40+00:00,2022-01-20 20:51:40+00:00,3,1.01,2.01,8.399318570031829,possible_physical_event
Avg_DO,2022-01-20 22:21:40+00:00,2022-01-21 05:21:40+00:00,13,0.05,1.9,10.976470781205647,possible_physical_event
Avg_DO,2022-01-21 10:51:40+00:00,2022-01-21 10:51:40+00:00,1,2.1,2.1,5.4731769969282205,possible_instrumental_spike
Avg_DO,2022-01-21 15:51:40+00:00,2022-01-21 16:51:40+00:00,3,1.94,2.58,5.90270236545719,possible_physical_event
Avg_DO,2022-01-21 20:21:40+00:00,2022-01-21 22:51:40+00:00,6,1.35,2.51,7.486577161907767,possible_physical_event
Avg_DO,2022-01-22 04:51:40+00:00,2022-01-22 05:51:40+00:00,2,1.36,1.74,7.459731826374705,possible_physical_event
Avg_DO,2022-01-22 11:21:40+00:00,2022-01-22 12:21:40+00:00,3,2.28,2.37,4.98996095733313,possible_physical_event
Avg_DO,2022-01-22 14:51:40+00:00,2022-01-22 18:21:40+00:00,6,0.06,2.4,10.949625445672586,possible_physical_event
Avg_DO,2022-01-22 23:21:40+00:00,2022-01-22 23:21:40+00:00,1,2.33,2.33,4.855734279667827,possible_instrumental_spike
Avg_DO,2022-01-23 00:21:40+00:00,2022-01-23 06:51:40+00:00,13,0.04,2.55,11.003316116738707,possible_physical_event
Avg_DO,2022-01-23 10:51:40+00:00,2022-01-23 11:51:40+00:00,3,2.14,2.6,5.365795654795978,possible_physical_event
Avg_DO,2022-01-23 18:21:40+00:00,2022-01-23 19:21:40+00:00,3,1.68,2.12,6.600681089316767,possible_physical_event
Avg_DO,2022-01-24 04:51:40+00:00,2022-01-24 07:51:40+00:00,7,0.38,2.27,10.090574708614646,possible_physical_event
Avg_DO,2022-01-24 16:21:40+00:00,2022-01-25 01:21:40+00:00,18,0.06,2.45,10.949625445672586,possible_physical_event
Avg_DO,2022-01-25 08:21:40+00:00,2022-01-25 09:51:40+00:00,4,1.55,2.48,6.949670451246555,possible_physical_event
Avg_DO,2022-01-25 14:51:40+00:00,2022-01-25 23:51:40+00:00,15,0.04,2.52,11.003316116738707,possible_physical_event
Avg_DO,2022-01-26 08:51:40+00:00,2022-01-26 11:51:40+00:00,7,1.82,2.59,6.224846391853917,possible_physical_event
Avg_DO,2022-01-26 21:51:40+00:00,2022-01-27 00:21:40+00:00,6,1.45,2.39,7.21812380657716,possible_physical_event
Avg_DO,2022-01-28 11:51:40+00:00,2022-01-28 13:21:40+00:00,4,2.28,2.63,4.98996095733313,possible_physical_event
Avg_DO,2022-01-29 00:51:40+00:00,2022-01-29 00:51:40+00:00,1,2.62,2.62,4.077219549209069,possible_instrumental_spike
Avg_DO,2022-02-10 03:51:40+00:00,2022-02-10 03:51:40+00:00,1,2.63,2.63,4.050374213676008,possible_instrumental_spike
Avg_DO,2022-02-10 19:51:40+00:00,2022-02-10 19:51:40+00:00,1,2.63,2.63,4.050374213676008,possible_instrumental_spike
Avg_DO,2022-02-11 11:21:40+00:00,2022-02-11 11:21:40+00:00,1,2.63,2.63,4.050374213676008,possible_instrumental_spike
Avg_DO,2022-02-11 13:51:40+00:00,2022-02-11 14:51:40+00:00,3,2.2,2.46,5.204723641597615,possible_physical_event
Avg_DO,2022-02-11 19:51:40+00:00,2022-02-11 19:51:40+00:00,1,2.57,2.57,4.211446226874372,possible_instrumental_spike
Avg_DO,2022-02-20 17:51:40+00:00,2022-02-20 17:51:40+00:00,1,2.47,2.47,4.479899582204977,possible_instrumental_spike
Avg_DO,2022-02-23 15:21:40+00:00,2022-02-23 15:51:40+00:00,2,2.25,2.57,5.070496963932311,possible_physical_event
Avg_DO,2022-02-24 04:51:40+00:00,2022-02-24 05:21:40+00:00,2,2.45,2.57,4.5335902532710985,possible_physical_event
Avg_DO,2022-02-24 18:51:40+00:00,2022-02-24 21:21:40+00:00,5,2.16,2.55,5.312104983729856,possible_physical_event
Avg_DO,2022-02-24 22:51:40+00:00,2022-02-24 22:51:40+00:00,1,2.29,2.29,4.963115621800069,possible_instrumental_spike
Avg_DO,2022-02-25 06:51:40+00:00,2022-02-25 11:51:40+00:00,11,1.67,2.41,6.627526424849827,possible_physical_event
Avg_DO,2022-02-26 07:21:40+00:00,2022-02-26 07:21:40+00:00,1,2.41,2.41,4.640971595403341,possible_instrumental_spike
Avg_DO,2022-02-26 09:21:40+00:00,2022-02-26 10:21:40+00:00,3,2.58,2.62,4.1846008913413115,possible_physical_event
Avg_DO,2022-02-26 12:21:40+00:00,2022-02-26 13:21:40+00:00,3,2.44,2.64,4.56043558880416,possible_physical_event
Avg_DO,2022-02-27 07:51:40+00:00,2022-02-27 07:51:40+00:00,1,2.61,2.61,4.1040648847421295,possible_instrumental_spike
Avg_DO,2022-02-27 12:21:40+00:00,2022-02-27 14:21:40+00:00,5,2.23,2.64,5.1241876349984326,possible_physical_event
Avg_DO,2022-03-04 11:51:40+00:00,2022-03-04 11:51:40+00:00,1,2.56,2.56,4.238291562407432,possible_instrumental_spike
Avg_DO,2022-03-05 10:51:40+00:00,2022-03-05 10:51:40+00:00,1,2.15,2.15,5.338950319262918,possible_instrumental_spike
Avg_DO,2022-03-05 23:51:40+00:00,2022-03-05 23:51:40+00:00,1,2.31,2.31,4.909424950733948,possible_instrumental_spike
Avg_DO,2022-03-07 02:21:40+00:00,2022-03-07 02:21:40+00:00,1,2.56,2.56,4.238291562407432,possible_instrumental_spike
Avg_DO,2022-03-07 04:51:40+00:00,2022-03-07 05:51:40+00:00,3,1.69,2.63,6.573835753783706,possible_physical_event
Avg_DO,2022-03-07 11:21:40+00:00,2022-03-07 11:21:40+00:00,1,2.29,2.29,4.963115621800069,possible_instrumental_spike
Avg_DO,2022-03-08 01:21:40+00:00,2022-03-08 04:21:40+00:00,7,1.93,2.46,5.929547700990252,possible_physical_event
Avg_DO,2022-03-08 14:21:40+00:00,2022-03-08 14:21:40+00:00,1,1.8,1.8,6.27853706292004,possible_instrumental_spike
Avg_DO,2022-03-09 06:21:40+00:00,2022-03-09 10:51:40+00:00,9,1.38,2.6,7.406041155308586,possible_physical_event
Avg_DO,2022-03-09 18:21:40+00:00,2022-03-09 19:21:40+00:00,3,1.78,2.33,6.3322277339861595,possible_physical_event
Avg_DO,2022-03-09 20:51:40+00:00,2022-03-09 20:51:40+00:00,1,2.64,2.64,4.0235288781429475,possible_instrumental_spike
Avg_DO,2022-03-10 06:51:40+00:00,2022-03-10 08:51:40+00:00,5,1.31,2.63,7.5939585040400095,possible_physical_event
Avg_DO,2022-03-10 15:51:40+00:00,2022-03-10 17:51:40+00:00,5,1.79,2.63,6.3053823984531,possible_physical_event
Avg_DO,2022-03-10 18:51:40+00:00,2022-03-10 20:51:40+00:00,5,2.02,2.39,5.687939681192706,possible_physical_event
Avg_DO,2022-03-11 00:51:40+00:00,2022-03-11 01:21:40+00:00,2,2.43,2.51,4.58728092433722,possible_physical_event
Avg_DO,2022-03-11 05:21:40+00:00,2022-03-11 05:21:40+00:00,1,2.55,2.55,4.2651368979404936,possible_instrumental_spike
Avg_DO,2022-03-12 06:21:40+00:00,2022-03-12 14:21:40+00:00,17,1.74,2.62,6.439609076118402,possible_physical_event
Avg_DO,2022-03-13 08:21:40+00:00,2022-03-13 15:51:40+00:00,16,0.78,2.53,9.016761287292221,possible_physical_event
Avg_DO,2022-03-14 08:21:40+00:00,2022-03-14 08:51:40+00:00,2,1.61,2.2,6.78859843804819,possible_physical_event
Avg_DO,2022-03-14 10:21:40+00:00,2022-03-14 10:21:40+00:00,1,2.58,2.58,4.1846008913413115,possible_instrumental_spike
Avg_DO,2022-03-14 12:51:40+00:00,2022-03-14 13:51:40+00:00,3,1.8,2.33,6.27853706292004,possible_physical_event
Avg_DO,2022-03-14 21:51:40+00:00,2022-03-14 21:51:40+00:00,1,2.36,2.36,4.7751982730686455,possible_instrumental_spike
Avg_DO,2022-03-15 09:51:40+00:00,2022-03-15 15:21:40+00:00,11,1.45,2.56,7.21812380657716,possible_physical_event
Avg_DO,2022-03-16 08:51:40+00:00,2022-03-16 08:51:40+00:00,1,1.76,1.76,6.385918405052283,possible_instrumental_spike
Avg_DO,2022-03-17 08:51:40+00:00,2022-03-17 08:51:40+00:00,1,2.45,2.45,4.5335902532710985,possible_instrumental_spike
Avg_DO,2022-03-18 02:21:40+00:00,2022-03-18 02:21:40+00:00,1,2.51,2.51,4.372518240072736,possible_instrumental_spike
Avg_DO,2022-03-20 10:51:40+00:00,2022-03-20 11:21:40+00:00,2,2.06,2.39,5.580558339060463,possible_physical_event
Avg_DO,2022-03-20 14:51:40+00:00,2022-03-20 15:21:40+00:00,2,2.48,2.52,4.453054246671917,possible_physical_event
Avg_DO,2022-03-20 22:51:40+00:00,2022-03-20 22:51:40+00:00,1,2.56,2.56,4.238291562407432,possible_instrumental_spike
Avg_DO,2022-03-21 11:21:40+00:00,2022-03-21 12:21:40+00:00,3,1.56,2.56,6.9228251157134935,possible_physical_event
Avg_DO,2022-03-21 16:51:40+00:00,2022-03-21 17:21:40+00:00,2,1.87,2.56,6.090619714188614,possible_physical_event
Avg_DO,2022-05-03 15:21:40+00:00,2022-05-03 16:51:40+00:00,4,2.35,2.62,4.802043608601705,possible_physical_event
Avg_DO,2022-05-20 19:21:40+00:00,2022-05-20 19:21:40+00:00,1,2.61,2.61,4.1040648847421295,possible_instrumental_spike
Avg_DO,2022-12-11 12:51:40+00:00,2022-12-11 12:51:40+00:00,1,2.5,2.5,4.399363575605796,possible_instrumental_spike
Avg_DO,2025-04-25 05:51:40+00:00,2025-04-25 05:51:40+00:00,1,2.06,2.06,5.580558339060463,possible_instrumental_spike
Avg_W_Tmp2,2024-03-16 15:51:40+00:00,2024-03-16 16:21:40+00:00,2,32.31,32.33,4.048920375988749,possible_physical_event
Avg_W_Tmp2,2024-03-17 15:51:40+00:00,2024-03-17 15:51:40+00:00,1,32.36,32.36,4.073004680189884,possible_instrumental_spike
Avg_W_Tmp2,2024-03-18 14:21:40+00:00,2024-03-18 14:51:40+00:00,2,32.33,32.34,4.056948477389131,possible_physical_event
Avg_W_Tmp2,2024-03-18 19:21:40+00:00,2024-03-18 20:51:40+00:00,4,32.28,32.46,4.153285694193665,possible_physical_event
Avg_W_Tmp2,2024-03-19 20:51:40+00:00,2024-03-19 20:51:40+00:00,1,32.3,32.3,4.024836071787615,possible_instrumental_spike
Avg_Turb,2019-08-20 01:51:40+00:00,2019-08-20 02:21:40+00:00,2,269.72,323.46,18.98333786810223,possible_physical_event
Avg_Turb,2020-03-17 13:21:40+00:00,2020-03-17 13:21:40+00:00,1,88.39,88.39,5.06589328168969,possible_instrumental_spike
Avg_Turb,2020-06-17 18:21:40+00:00,2020-06-17 18:21:40+00:00,1,215.45,215.45,12.588548274456006,possible_instrumental_spike
Avg_Turb,2020-06-29 11:21:40+00:00,2020-06-29 11:21:40+00:00,1,73.18,73.18,4.1653771283764875,possible_instrumental_spike
Avg_Turb,2020-07-08 13:21:40+00:00,2020-07-08 13:21:40+00:00,1,135.7,135.7,7.866907036669812,possible_instrumental_spike
Avg_Turb,2020-10-27 18:21:40+00:00,2020-10-27 18:21:40+00:00,1,112.61,112.61,6.4998512851904,possible_instrumental_spike
Avg_Turb,2020-11-02 15:51:40+00:00,2020-11-02 15:51:40+00:00,1,237.08,237.08,13.869163948102594,possible_instrumental_spike
Avg_Turb,2020-11-03 17:51:40+00:00,2020-11-03 17:51:40+00:00,1,238.31,238.31,13.94198675340011,possible_instrumental_spike
Avg_Turb,2020-11-04 12:51:40+00:00,2020-11-04 12:51:40+00:00,1,84.44,84.44,4.832031427278964,possible_instrumental_spike
Avg_Turb,2020-12-08 11:51:40+00:00,2020-12-08 11:51:40+00:00,1,71.79,71.79,4.083081437837016,possible_instrumental_spike
Avg_Turb,2020-12-12 17:51:40+00:00,2020-12-12 17:51:40+00:00,1,120.62,120.62,6.974087602615698,possible_instrumental_spike
Avg_Turb,2020-12-13 01:21:40+00:00,2020-12-13 01:21:40+00:00,1,87.66,87.66,5.022673242773278,possible_instrumental_spike
Avg_Turb,2020-12-14 03:21:40+00:00,2020-12-14 03:21:40+00:00,1,71.52,71.52,4.067095943991219,possible_instrumental_spike
Avg_Turb,2021-01-01 06:21:40+00:00,2021-01-01 06:21:40+00:00,1,342.74,342.74,20.12482053975763,possible_instrumental_spike
Avg_Turb,2021-01-04 12:21:40+00:00,2021-01-04 12:21:40+00:00,1,148.9,148.9,8.648420069130976,possible_instrumental_spike
Avg_Turb,2021-01-24 10:51:40+00:00,2021-01-24 10:51:40+00:00,1,279.97,279.97,16.40848924827375,possible_instrumental_spike
Avg_Turb,2021-02-10 16:51:40+00:00,2021-02-10 16:51:40+00:00,1,237.22,237.22,13.877452722689302,possible_instrumental_spike
Avg_Turb,2021-03-09 18:51:40+00:00,2021-03-09 18:51:40+00:00,1,258.64,258.64,15.145635234455826,possible_instrumental_spike
Avg_Turb,2021-03-22 16:51:40+00:00,2021-03-22 16:51:40+00:00,1,345.61,345.61,20.294740418785167,possible_instrumental_spike
Avg_Turb,2021-03-23 08:51:40+00:00,2021-03-23 08:51:40+00:00,1,344.96,344.96,20.256256822489732,possible_instrumental_spike
Avg_Turb,2021-03-24 08:51:40+00:00,2021-03-24 08:51:40+00:00,1,96.17,96.17,5.526512326579678,possible_instrumental_spike
Avg_Turb,2021-03-24 16:21:40+00:00,2021-03-24 16:21:40+00:00,1,241.65,241.65,14.13973323282589,possible_instrumental_spike
Avg_Turb,2021-03-24 17:21:40+00:00,2021-03-24 17:21:40+00:00,1,242.88,242.88,14.212556038123408,possible_instrumental_spike
Avg_Turb,2021-03-28 17:21:40+00:00,2021-03-28 17:21:40+00:00,1,283.61,283.61,16.623997387528192,possible_instrumental_spike
Avg_Turb,2021-03-30 11:21:40+00:00,2021-03-30 11:21:40+00:00,1,344.31,344.31,20.217773226194296,possible_instrumental_spike
Avg_Turb,2021-03-31 12:51:40+00:00,2021-03-31 12:51:40+00:00,1,315.62,315.62,18.519166491246512,possible_instrumental_spike
Avg_Turb,2021-03-31 17:21:40+00:00,2021-03-31 17:21:40+00:00,1,259.96,259.96,15.223786537701939,possible_instrumental_spike
Avg_Turb,2021-04-01 13:21:40+00:00,2021-04-01 13:21:40+00:00,1,181.84,181.84,10.598650318318152,possible_instrumental_spike
Avg_Turb,2021-04-03 13:21:40+00:00,2021-04-03 13:21:40+00:00,1,283.53,283.53,16.61926094490721,possible_instrumental_spike
Avg_Turb,2021-04-03 15:21:40+00:00,2021-04-03 15:21:40+00:00,1,279.84,279.84,16.40079252901466,possible_instrumental_spike
Avg_Turb,2021-04-05 07:21:40+00:00,2021-04-05 07:21:40+00:00,1,113.51,113.51,6.553136264676389,possible_instrumental_spike
Avg_Turb,2021-04-06 21:21:40+00:00,2021-04-06 21:21:40+00:00,1,208.0,208.0,12.147467055377547,possible_instrumental_spike
Avg_Turb,2021-04-07 20:21:40+00:00,2021-04-07 20:51:40+00:00,2,265.13,340.43,19.988055759076925,possible_physical_event
Avg_Turb,2021-04-12 10:51:40+00:00,2021-04-12 10:51:40+00:00,1,302.97,302.97,17.770216501804565,possible_instrumental_spike
Avg_Turb,2021-04-12 16:21:40+00:00,2021-04-12 16:21:40+00:00,1,144.1,144.1,8.36423351187237,possible_instrumental_spike
Avg_Turb,2021-04-24 20:21:40+00:00,2021-04-24 20:21:40+00:00,1,243.49,243.49,14.248671413108356,possible_instrumental_spike
Avg_Turb,2021-06-27 18:21:40+00:00,2021-06-27 18:21:40+00:00,1,229.52,229.52,13.421570120420292,possible_instrumental_spike
Avg_Turb,2021-07-13 18:51:40+00:00,2021-07-13 18:51:40+00:00,1,119.54,119.54,6.91014562723251,possible_instrumental_spike
Avg_Turb,2021-07-14 01:21:40+00:00,2021-07-14 01:21:40+00:00,1,120.38,120.38,6.959878274752767,possible_instrumental_spike
Avg_Turb,2021-07-14 03:21:40+00:00,2021-07-14 03:21:40+00:00,1,151.58,151.58,8.807090896933698,possible_instrumental_spike
Avg_Turb,2021-07-14 05:21:40+00:00,2021-07-14 05:21:40+00:00,1,120.81,120.81,6.985336653840517,possible_instrumental_spike
Avg_Turb,2021-07-16 16:51:40+00:00,2021-07-16 16:51:40+00:00,1,175.38,175.38,10.216182576674278,possible_instrumental_spike
Avg_Turb,2021-07-17 03:51:40+00:00,2021-07-17 03:51:40+00:00,1,199.91,199.91,11.668494295331273,possible_instrumental_spike
Avg_Turb,2021-07-17 04:51:40+00:00,2021-07-17 04:51:40+00:00,1,81.54,81.54,4.660335382268557,possible_instrumental_spike
Avg_Turb,2021-07-17 06:21:40+00:00,2021-07-17 06:21:40+00:00,1,198.45,198.45,11.582054217498447,possible_instrumental_spike
Avg_Turb,2021-07-17 07:21:40+00:00,2021-07-17 07:21:40+00:00,1,83.56,83.56,4.77993055844822,possible_instrumental_spike
Avg_Turb,2021-07-17 08:51:40+00:00,2021-07-17 08:51:40+00:00,1,175.08,175.08,10.198420916845617,possible_instrumental_spike
Avg_Turb,2021-07-17 09:51:40+00:00,2021-07-17 09:51:40+00:00,1,73.09,73.09,4.160048630427889,possible_instrumental_spike
Avg_Turb,2021-07-17 11:21:40+00:00,2021-07-17 11:21:40+00:00,1,194.67,194.67,11.358257303657295,possible_instrumental_spike
Avg_Turb,2021-07-17 16:21:40+00:00,2021-07-17 16:21:40+00:00,1,76.67,76.67,4.372004437716597,possible_instrumental_spike
Avg_Turb,2021-07-17 17:51:40+00:00,2021-07-17 17:51:40+00:00,1,184.1,184.1,10.732454822360744,possible_instrumental_spike
Avg_Turb,2021-07-17 18:51:40+00:00,2021-07-17 18:51:40+00:00,1,75.6,75.6,4.308654517661034,possible_instrumental_spike
Avg_Turb,2021-07-17 20:21:40+00:00,2021-07-17 20:21:40+00:00,1,189.2,189.2,11.03440303944801,possible_instrumental_spike
Avg_Turb,2021-07-17 21:21:40+00:00,2021-07-17 21:51:40+00:00,2,77.9,84.78,4.852161308418116,possible_physical_event
Avg_Turb,2021-07-17 23:21:40+00:00,2021-07-17 23:21:40+00:00,1,195.55,195.55,11.410358172488042,possible_instrumental_spike
Avg_Turb,2021-07-18 00:21:40+00:00,2021-07-18 01:21:40+00:00,3,88.6,100.09,5.75859801500754,possible_physical_event
Avg_Turb,2021-07-18 02:51:40+00:00,2021-07-18 03:21:40+00:00,2,165.65,172.22,10.029093093145697,possible_physical_event
Avg_Turb,2021-07-18 04:21:40+00:00,2021-07-18 05:51:40+00:00,4,98.13,99.12,5.701168648228197,possible_physical_event
Avg_Turb,2021-07-18 07:21:40+00:00,2021-07-18 11:51:40+00:00,8,92.77,179.68,10.470766367551779,possible_physical_event
Avg_Turb,2021-07-18 13:21:40+00:00,2021-07-18 14:51:40+00:00,4,161.55,182.42,10.632989527320232,possible_physical_event
Avg_Turb,2021-07-18 15:51:40+00:00,2021-07-18 17:21:40+00:00,4,102.82,116.46,6.727792586324905,possible_physical_event
Avg_Turb,2021-07-18 18:51:40+00:00,2021-07-18 19:21:40+00:00,2,162.61,173.88,10.127374277530965,possible_physical_event
Avg_Turb,2021-07-18 20:21:40+00:00,2021-07-18 21:21:40+00:00,3,91.07,112.52,6.4945227872418005,possible_physical_event
Avg_Turb,2021-07-18 22:51:40+00:00,2021-07-18 23:21:40+00:00,2,182.02,208.43,12.172925434465297,possible_physical_event
Avg_Turb,2021-07-19 00:21:40+00:00,2021-07-19 01:21:40+00:00,3,78.69,92.45,5.30626774470426,possible_physical_event
Avg_Turb,2021-07-19 02:51:40+00:00,2021-07-19 03:51:40+00:00,3,174.65,186.66,10.884020986231999,possible_physical_event
Avg_Turb,2021-07-19 04:51:40+00:00,2021-07-19 04:51:40+00:00,1,87.39,87.39,5.006687748927481,possible_instrumental_spike
Avg_Turb,2021-07-19 06:21:40+00:00,2021-07-19 06:51:40+00:00,2,189.01,199.86,11.665534018693164,possible_physical_event
Avg_Turb,2021-07-19 08:51:40+00:00,2021-07-19 09:51:40+00:00,3,176.81,199.3,11.632378920346326,possible_physical_event
Avg_Turb,2021-07-19 11:51:40+00:00,2021-07-19 12:51:40+00:00,3,182.56,199.59,11.649548524847367,possible_physical_event
Avg_Turb,2021-07-19 14:51:40+00:00,2021-07-19 16:21:40+00:00,4,129.83,209.75,12.251076737711413,possible_physical_event
Avg_Turb,2021-07-19 18:21:40+00:00,2021-07-19 20:51:40+00:00,6,204.37,217.51,12.710511671946156,possible_physical_event
Avg_Turb,2021-07-19 22:21:40+00:00,2021-07-19 22:21:40+00:00,1,76.42,76.42,4.357203054526045,possible_instrumental_spike
Avg_Turb,2021-07-19 23:51:40+00:00,2021-07-20 01:51:40+00:00,5,186.84,209.53,12.238051520503728,possible_physical_event
Avg_Turb,2021-07-20 02:51:40+00:00,2021-07-20 05:21:40+00:00,6,74.51,82.85,4.737894630187051,possible_physical_event
Avg_Turb,2021-07-20 06:21:40+00:00,2021-07-20 06:21:40+00:00,1,71.72,71.72,4.0789370505436615,possible_instrumental_spike
Avg_Turb,2021-07-20 09:21:40+00:00,2021-07-21 00:51:40+00:00,32,177.89,222.25,12.99114589723903,possible_physical_event
Avg_Turb,2021-07-21 01:51:40+00:00,2021-07-21 07:51:40+00:00,13,72.43,130.13,7.537132219184308,possible_physical_event
Avg_Turb,2021-07-21 10:51:40+00:00,2021-07-21 10:51:40+00:00,1,75.68,75.68,4.313390960282011,possible_instrumental_spike
Avg_Turb,2021-07-21 12:21:40+00:00,2021-07-21 12:21:40+00:00,1,71.94,71.94,4.091962267751348,possible_instrumental_spike
Avg_Turb,2021-07-21 14:21:40+00:00,2021-07-21 14:21:40+00:00,1,76.92,76.92,4.386805820907149,possible_instrumental_spike
Avg_Turb,2021-07-21 18:21:40+00:00,2021-07-21 19:51:40+00:00,4,189.38,226.3,13.230928304925978,possible_physical_event
Avg_Turb,2021-07-21 20:51:40+00:00,2021-07-21 21:21:40+00:00,2,72.87,93.93,5.393891933192331,possible_physical_event
Avg_Turb,2021-07-21 23:51:40+00:00,2021-07-22 00:21:40+00:00,2,147.34,169.1,9.844371830927605,possible_physical_event
Avg_Turb,2021-07-22 01:21:40+00:00,2021-07-22 01:21:40+00:00,1,81.86,81.86,4.679281152752464,possible_instrumental_spike
Avg_Turb,2021-07-22 03:21:40+00:00,2021-07-22 03:21:40+00:00,1,206.84,206.84,12.078788637373384,possible_instrumental_spike
Avg_Turb,2021-07-22 04:21:40+00:00,2021-07-22 04:51:40+00:00,2,77.02,91.7,5.261863595132604,possible_physical_event
Avg_Turb,2021-07-22 06:51:40+00:00,2021-07-22 07:21:40+00:00,2,213.72,231.86,13.560111067083861,possible_physical_event
Avg_Turb,2021-07-22 08:21:40+00:00,2021-07-22 08:21:40+00:00,1,83.28,83.28,4.763353009274802,possible_instrumental_spike
Avg_Turb,2021-07-22 09:51:40+00:00,2021-07-22 09:51:40+00:00,1,173.08,173.08,10.080009851321199,possible_instrumental_spike
Avg_Turb,2021-07-22 12:51:40+00:00,2021-07-22 12:51:40+00:00,1,94.59,94.59,5.432967584815389,possible_instrumental_spike
Avg_Turb,2021-07-22 14:51:40+00:00,2021-07-22 15:21:40+00:00,2,189.19,215.8,12.60927021092278,possible_physical_event
Avg_Turb,2021-07-22 16:21:40+00:00,2021-07-22 16:21:40+00:00,1,100.2,100.2,5.765110623611382,possible_instrumental_spike
Avg_Turb,2021-07-22 17:51:40+00:00,2021-07-22 17:51:40+00:00,1,202.9,202.9,11.84551883829028,possible_instrumental_spike
Avg_Turb,2021-07-22 18:51:40+00:00,2021-07-22 18:51:40+00:00,1,88.93,88.93,5.097864269381285,possible_instrumental_spike
Avg_Turb,2021-07-22 20:21:40+00:00,2021-07-22 20:21:40+00:00,1,189.76,189.76,11.067558137794848,possible_instrumental_spike
Avg_Turb,2021-07-22 22:21:40+00:00,2021-07-22 22:21:40+00:00,1,195.63,195.63,11.415094615109018,possible_instrumental_spike
Avg_Turb,2021-07-23 00:51:40+00:00,2021-07-23 00:51:40+00:00,1,176.78,176.78,10.299070322541372,possible_instrumental_spike
Avg_Turb,2021-07-23 01:51:40+00:00,2021-07-23 01:51:40+00:00,1,83.41,83.41,4.771049728533889,possible_instrumental_spike
Avg_Turb,2021-07-23 03:21:40+00:00,2021-07-23 03:21:40+00:00,1,182.18,182.18,10.618780199457303,possible_instrumental_spike
Avg_Turb,2021-07-23 04:21:40+00:00,2021-07-23 04:21:40+00:00,1,77.3,77.3,4.409303923356789,possible_instrumental_spike
Avg_Turb,2021-07-23 06:21:40+00:00,2021-07-23 06:21:40+00:00,1,80.05,80.05,4.572119138452864,possible_instrumental_spike
Avg_Turb,2021-07-23 07:51:40+00:00,2021-07-23 07:51:40+00:00,1,203.95,203.95,11.907684647690598,possible_instrumental_spike
Avg_Turb,2021-07-23 08:51:40+00:00,2021-07-23 08:51:40+00:00,1,78.82,78.82,4.499296333155348,possible_instrumental_spike
Avg_Turb,2021-07-23 11:21:40+00:00,2021-07-23 11:21:40+00:00,1,87.33,87.33,5.003135416961748,possible_instrumental_spike
Avg_Turb,2021-07-28 17:21:40+00:00,2021-07-28 17:21:40+00:00,1,72.82,72.82,4.1440631365820915,possible_instrumental_spike
Avg_Turb,2021-07-28 21:51:40+00:00,2021-07-28 21:51:40+00:00,1,104.52,104.52,6.020878525144126,possible_instrumental_spike
Avg_Turb,2021-07-28 23:51:40+00:00,2021-07-28 23:51:40+00:00,1,71.12,71.12,4.0434137308863365,possible_instrumental_spike
Avg_Turb,2021-07-29 01:51:40+00:00,2021-07-29 01:51:40+00:00,1,251.58,251.58,14.727644173154628,possible_instrumental_spike
Avg_Turb,2021-07-29 05:21:40+00:00,2021-07-29 05:21:40+00:00,1,73.83,73.83,4.203860724671922,possible_instrumental_spike
Avg_Turb,2021-07-29 11:51:40+00:00,2021-07-29 11:51:40+00:00,1,84.01,84.01,4.806573048191214,possible_instrumental_spike
Avg_Turb,2021-07-29 14:51:40+00:00,2021-07-29 14:51:40+00:00,1,73.12,73.12,4.161824796410755,possible_instrumental_spike
Avg_Turb,2021-07-29 17:51:40+00:00,2021-07-29 17:51:40+00:00,1,83.25,83.25,4.761576843291935,possible_instrumental_spike
Avg_Turb,2021-07-29 19:21:40+00:00,2021-07-29 19:51:40+00:00,2,89.61,284.17,16.657152485875027,possible_physical_event
Avg_Turb,2021-07-30 00:21:40+00:00,2021-07-30 00:21:40+00:00,1,253.56,253.56,14.844871128023803,possible_instrumental_spike
Avg_Turb,2021-07-30 01:51:40+00:00,2021-07-30 01:51:40+00:00,1,107.0,107.0,6.167708246394406,possible_instrumental_spike
Avg_Turb,2021-07-30 03:21:40+00:00,2021-07-30 03:21:40+00:00,1,257.81,257.81,15.096494642263192,possible_instrumental_spike
Avg_Turb,2021-07-30 04:51:40+00:00,2021-07-30 04:51:40+00:00,1,72.43,72.43,4.120972978804831,possible_instrumental_spike
Avg_Turb,2021-07-30 06:21:40+00:00,2021-07-30 06:51:40+00:00,2,76.72,252.12,14.759615160846222,possible_physical_event
Avg_Turb,2021-07-30 09:51:40+00:00,2021-07-30 10:21:40+00:00,2,77.5,288.57,16.917656830028747,possible_physical_event
Avg_Turb,2021-07-30 12:51:40+00:00,2021-07-30 13:21:40+00:00,2,91.91,295.85,17.348673108537636,possible_physical_event
Avg_Turb,2021-07-30 14:21:40+00:00,2021-07-30 14:21:40+00:00,1,81.43,81.43,4.653822773664714,possible_instrumental_spike
Avg_Turb,2021-07-30 16:21:40+00:00,2021-07-30 16:51:40+00:00,2,260.75,300.04,17.59674429081129,possible_physical_event
Avg_Turb,2021-07-30 18:21:40+00:00,2021-07-30 18:21:40+00:00,1,76.04,76.04,4.334704952076406,possible_instrumental_spike
Avg_Turb,2021-07-30 19:51:40+00:00,2021-07-30 20:21:40+00:00,2,75.39,346.8,20.365195002772197,possible_physical_event
Avg_Turb,2021-07-30 21:21:40+00:00,2021-07-30 21:21:40+00:00,1,72.25,72.25,4.110315982907633,possible_instrumental_spike
Avg_Turb,2021-07-30 22:51:40+00:00,2021-07-30 23:51:40+00:00,3,122.26,295.67,17.338016112640435,possible_physical_event
Avg_Turb,2021-07-31 00:51:40+00:00,2021-07-31 01:21:40+00:00,2,72.55,81.9,4.681649374062953,possible_physical_event
Avg_Turb,2021-07-31 02:51:40+00:00,2021-07-31 03:51:40+00:00,3,295.73,299.22,17.54819575394628,possible_physical_event
Avg_Turb,2021-07-31 04:51:40+00:00,2021-07-31 06:21:40+00:00,4,73.43,96.03,5.51822355199297,possible_physical_event
Avg_Turb,2021-07-31 07:51:40+00:00,2021-07-31 07:51:40+00:00,1,303.11,303.11,17.77850527639127,possible_instrumental_spike
Avg_Turb,2021-07-31 08:51:40+00:00,2021-07-31 08:51:40+00:00,1,128.94,128.94,7.466677635197279,possible_instrumental_spike
Avg_Turb,2021-07-31 10:51:40+00:00,2021-07-31 12:21:40+00:00,4,303.32,306.3,17.96737092590272,possible_physical_event
Avg_Turb,2021-07-31 17:21:40+00:00,2021-07-31 17:21:40+00:00,1,90.3,90.3,5.17897584926551,possible_instrumental_spike
Avg_Turb,2021-07-31 18:51:40+00:00,2021-07-31 19:21:40+00:00,2,315.57,318.96,18.71691297067229,possible_physical_event
Avg_Turb,2021-07-31 20:21:40+00:00,2021-07-31 20:21:40+00:00,1,93.08,93.08,5.343567230344452,possible_instrumental_spike
Avg_Turb,2021-07-31 21:51:40+00:00,2021-07-31 23:51:40+00:00,5,316.4,323.01,18.956695378359235,possible_physical_event
Avg_Turb,2021-08-01 00:51:40+00:00,2021-08-01 00:51:40+00:00,1,77.87,77.87,4.4430510770312495,possible_instrumental_spike
Avg_Turb,2021-08-01 02:51:40+00:00,2021-08-01 03:51:40+00:00,3,325.18,330.31,19.388895767523366,possible_physical_event
Avg_Turb,2021-08-01 04:51:40+00:00,2021-08-01 04:51:40+00:00,1,105.02,105.02,6.050481291525231,possible_instrumental_spike
Avg_Turb,2021-08-01 06:51:40+00:00,2021-08-01 06:51:40+00:00,1,71.81,71.81,4.084265548492261,possible_instrumental_spike
Avg_Turb,2021-08-01 08:21:40+00:00,2021-08-01 09:21:40+00:00,2,86.95,316.98,18.599686015803115,possible_physical_event
Avg_Turb,2021-08-01 10:51:40+00:00,2021-08-01 10:51:40+00:00,1,291.89,291.89,17.114219198799283,possible_instrumental_spike
Avg_Turb,2021-08-01 11:51:40+00:00,2021-08-01 11:51:40+00:00,1,96.7,96.7,5.557891258943649,possible_instrumental_spike
Avg_Turb,2021-08-01 13:21:40+00:00,2021-08-01 13:21:40+00:00,1,345.61,345.61,20.294740418785167,possible_instrumental_spike
Avg_Turb,2021-08-01 14:21:40+00:00,2021-08-01 14:21:40+00:00,1,100.54,100.54,5.785240504750534,possible_instrumental_spike
Avg_Turb,2021-08-01 15:51:40+00:00,2021-08-01 16:51:40+00:00,2,99.52,346.69,20.358682394168355,possible_physical_event
Avg_Turb,2021-08-01 18:21:40+00:00,2021-08-01 18:51:40+00:00,2,346.77,346.79,20.364602947444578,possible_physical_event
Avg_Turb,2021-08-01 19:51:40+00:00,2021-08-01 20:21:40+00:00,2,76.88,100.16,5.762742402300894,possible_physical_event
Avg_Turb,2021-08-01 21:51:40+00:00,2021-08-01 21:51:40+00:00,1,336.21,336.21,19.7382084108204,possible_instrumental_spike
Avg_Turb,2021-08-01 22:51:40+00:00,2021-08-01 22:51:40+00:00,1,88.01,88.01,5.043395179240051,possible_instrumental_spike
Avg_Turb,2021-08-02 00:21:40+00:00,2021-08-02 00:21:40+00:00,1,336.02,336.02,19.72695935959558,possible_instrumental_spike
Avg_Turb,2021-08-02 01:21:40+00:00,2021-08-02 01:21:40+00:00,1,75.61,75.61,4.3092465729886555,possible_instrumental_spike
Avg_Turb,2021-08-02 03:21:40+00:00,2021-08-02 03:21:40+00:00,1,343.75,343.75,20.184618127847457,possible_instrumental_spike
Avg_Turb,2021-08-02 05:51:40+00:00,2021-08-02 05:51:40+00:00,1,339.8,339.8,19.95075627343673,possible_instrumental_spike
Avg_Turb,2021-08-02 06:51:40+00:00,2021-08-02 06:51:40+00:00,1,110.54,110.54,6.377295832372627,possible_instrumental_spike
Avg_Turb,2021-08-02 08:21:40+00:00,2021-08-02 08:21:40+00:00,1,342.89,342.89,20.133701369671957,possible_instrumental_spike
Avg_Turb,2021-08-02 09:21:40+00:00,2021-08-02 09:21:40+00:00,1,75.28,75.28,4.289708747177127,possible_instrumental_spike
Avg_Turb,2021-08-02 10:51:40+00:00,2021-08-02 10:51:40+00:00,1,346.8,346.8,20.365195002772197,possible_instrumental_spike
Avg_Turb,2021-08-02 13:21:40+00:00,2021-08-02 13:21:40+00:00,1,79.3,79.3,4.527714988881208,possible_instrumental_spike
Avg_Turb,2021-08-02 19:51:40+00:00,2021-08-02 19:51:40+00:00,1,85.96,85.96,4.922023837077521,possible_instrumental_spike
Avg_Turb,2021-08-04 12:51:40+00:00,2021-08-04 12:51:40+00:00,1,86.14,86.14,4.932680832974719,possible_instrumental_spike
Avg_Turb,2021-08-04 16:21:40+00:00,2021-08-04 16:21:40+00:00,1,102.89,102.89,5.924373506741725,possible_instrumental_spike
Avg_Turb,2021-08-04 19:51:40+00:00,2021-08-04 19:51:40+00:00,1,101.12,101.12,5.819579713752616,possible_instrumental_spike
Avg_Turb,2021-08-04 21:51:40+00:00,2021-08-04 21:51:40+00:00,1,96.89,96.89,5.5691403101684696,possible_instrumental_spike
Avg_Turb,2021-08-05 01:21:40+00:00,2021-08-05 01:21:40+00:00,1,113.45,113.45,6.5495839327106555,possible_instrumental_spike
Avg_Turb,2021-08-05 04:51:40+00:00,2021-08-05 04:51:40+00:00,1,104.09,104.09,5.995420146056377,possible_instrumental_spike
Avg_Turb,2021-08-05 07:21:40+00:00,2021-08-05 07:21:40+00:00,1,123.08,123.08,7.119733213210731,possible_instrumental_spike
Avg_Turb,2021-08-05 09:21:40+00:00,2021-08-05 09:21:40+00:00,1,118.08,118.08,6.823705549399684,possible_instrumental_spike
Avg_Turb,2021-08-05 10:51:40+00:00,2021-08-05 10:51:40+00:00,1,346.8,346.8,20.365195002772197,possible_instrumental_spike
Avg_Turb,2021-08-05 11:51:40+00:00,2021-08-05 11:51:40+00:00,1,128.77,128.77,7.456612694627704,possible_instrumental_spike
Avg_Turb,2021-08-05 13:21:40+00:00,2021-08-05 13:21:40+00:00,1,346.8,346.8,20.365195002772197,possible_instrumental_spike
Avg_Turb,2021-08-05 16:21:40+00:00,2021-08-05 16:51:40+00:00,2,107.96,141.25,8.195497743500075,possible_physical_event
Avg_Turb,2021-08-05 18:21:40+00:00,2021-08-05 18:21:40+00:00,1,346.8,346.8,20.365195002772197,possible_instrumental_spike
Avg_Turb,2021-08-05 19:21:40+00:00,2021-08-05 19:21:40+00:00,1,148.37,148.37,8.617041136767005,possible_instrumental_spike
Avg_Turb,2021-08-05 21:21:40+00:00,2021-08-05 21:21:40+00:00,1,158.65,158.65,9.225674013562518,possible_instrumental_spike
Avg_Turb,2021-08-05 23:21:40+00:00,2021-08-05 23:21:40+00:00,1,142.93,142.93,8.294963038540587,possible_instrumental_spike
Avg_Turb,2021-08-06 05:21:40+00:00,2021-08-06 05:21:40+00:00,1,134.35,134.35,7.786979567440831,possible_instrumental_spike
Avg_Turb,2021-08-06 07:21:40+00:00,2021-08-06 07:21:40+00:00,1,135.71,135.71,7.867499091997436,possible_instrumental_spike
Avg_Turb,2021-08-06 09:21:40+00:00,2021-08-06 09:21:40+00:00,1,117.7,117.7,6.801207446950046,possible_instrumental_spike
Avg_Turb,2021-08-06 11:21:40+00:00,2021-08-06 11:21:40+00:00,1,112.47,112.47,6.491562510603691,possible_instrumental_spike
Avg_Turb,2021-08-06 13:21:40+00:00,2021-08-06 13:21:40+00:00,1,121.46,121.46,7.023820250135952,possible_instrumental_spike
Avg_Turb,2021-08-06 15:21:40+00:00,2021-08-06 15:21:40+00:00,1,122.11,122.11,7.062303846431388,possible_instrumental_spike
Avg_Turb,2021-08-06 17:21:40+00:00,2021-08-06 17:21:40+00:00,1,121.98,121.98,7.054607127172301,possible_instrumental_spike
Avg_Turb,2021-08-06 19:21:40+00:00,2021-08-06 19:21:40+00:00,1,122.3,122.3,7.073552897656207,possible_instrumental_spike
Avg_Turb,2021-08-06 21:21:40+00:00,2021-08-06 21:21:40+00:00,1,116.54,116.54,6.732529028945883,possible_instrumental_spike
Avg_Turb,2021-08-06 23:21:40+00:00,2021-08-06 23:21:40+00:00,1,117.89,117.89,6.812456498174865,possible_instrumental_spike
Avg_Turb,2021-08-07 01:21:40+00:00,2021-08-07 01:21:40+00:00,1,109.97,109.97,6.343548678698168,possible_instrumental_spike
Avg_Turb,2021-08-07 14:51:40+00:00,2021-08-07 14:51:40+00:00,1,319.15,319.15,18.72816202189711,possible_instrumental_spike
Avg_Turb,2021-08-07 23:21:40+00:00,2021-08-07 23:21:40+00:00,1,111.12,111.12,6.4116350413747085,possible_instrumental_spike
Avg_Turb,2021-08-09 09:51:40+00:00,2021-08-09 09:51:40+00:00,1,113.74,113.74,6.566753537211696,possible_instrumental_spike
Avg_Turb,2021-08-09 16:21:40+00:00,2021-08-09 16:21:40+00:00,1,129.69,129.69,7.511081784768935,possible_instrumental_spike
Avg_Turb,2021-08-09 22:51:40+00:00,2021-08-09 22:51:40+00:00,1,129.24,129.24,7.4844392950259415,possible_instrumental_spike
Avg_Turb,2021-08-10 02:21:40+00:00,2021-08-10 02:21:40+00:00,1,135.97,135.97,7.88289253051561,possible_instrumental_spike
Avg_Turb,2021-08-10 07:21:40+00:00,2021-08-10 07:21:40+00:00,1,136.48,136.48,7.913087352224336,possible_instrumental_spike
Avg_Turb,2021-08-10 15:21:40+00:00,2021-08-10 15:21:40+00:00,1,152.53,152.53,8.863336153057796,possible_instrumental_spike
Avg_Turb,2021-08-10 21:51:40+00:00,2021-08-10 21:51:40+00:00,1,154.39,154.39,8.973458443995504,possible_instrumental_spike
Avg_Turb,2021-08-10 23:51:40+00:00,2021-08-10 23:51:40+00:00,1,156.88,156.88,9.120880220573406,possible_instrumental_spike
Avg_Turb,2021-08-11 01:51:40+00:00,2021-08-11 01:51:40+00:00,1,148.97,148.97,8.652564456424331,possible_instrumental_spike
Avg_Turb,2021-08-11 06:51:40+00:00,2021-08-11 06:51:40+00:00,1,140.28,140.28,8.138068376720732,possible_instrumental_spike
Avg_Turb,2021-08-11 10:21:40+00:00,2021-08-11 10:21:40+00:00,1,150.64,150.64,8.75143769613722,possible_instrumental_spike
Avg_Turb,2021-08-11 12:21:40+00:00,2021-08-11 12:21:40+00:00,1,162.55,162.55,9.456575591335135,possible_instrumental_spike
Avg_Turb,2021-08-11 14:21:40+00:00,2021-08-11 14:21:40+00:00,1,166.06,166.06,9.664387011330488,possible_instrumental_spike
Avg_Turb,2021-08-12 04:21:40+00:00,2021-08-12 04:21:40+00:00,1,92.07,92.07,5.2837696422546205,possible_instrumental_spike
Avg_Turb,2021-08-12 10:51:40+00:00,2021-08-12 10:51:40+00:00,1,126.85,126.85,7.3429380717242605,possible_instrumental_spike
Avg_Turb,2021-08-12 16:21:40+00:00,2021-08-12 16:21:40+00:00,1,84.62,84.62,4.842688423176162,possible_instrumental_spike
Avg_Turb,2021-08-12 20:21:40+00:00,2021-08-12 20:51:40+00:00,2,70.63,93.61,5.374946162708423,possible_physical_event
Avg_Turb,2021-08-12 23:21:40+00:00,2021-08-12 23:21:40+00:00,1,110.49,110.49,6.374335555734516,possible_instrumental_spike
Avg_Turb,2021-08-13 04:51:40+00:00,2021-08-13 04:51:40+00:00,1,138.17,138.17,8.01314470259247,possible_instrumental_spike
Avg_Turb,2021-08-13 09:21:40+00:00,2021-08-13 11:21:40+00:00,5,80.23,152.24,8.846166548556756,possible_physical_event
Avg_Turb,2021-08-13 17:21:40+00:00,2021-08-13 17:51:40+00:00,2,96.3,106.37,6.130408760754214,possible_physical_event
Avg_Turb,2021-08-13 21:51:40+00:00,2021-08-13 21:51:40+00:00,1,70.88,70.88,4.029204403023406,possible_instrumental_spike
Avg_Turb,2021-08-13 22:51:40+00:00,2021-08-13 23:51:40+00:00,3,80.97,147.75,8.580333706454436,possible_physical_event
Avg_Turb,2021-08-14 05:51:40+00:00,2021-08-14 05:51:40+00:00,1,124.95,124.95,7.230447559476063,possible_instrumental_spike
Avg_Turb,2021-08-14 06:51:40+00:00,2021-08-14 06:51:40+00:00,1,112.05,112.05,6.466696186843563,possible_instrumental_spike
Avg_Turb,2021-08-14 07:51:40+00:00,2021-08-14 08:21:40+00:00,2,71.12,122.88,7.10789210665829,possible_physical_event
Avg_Turb,2021-08-14 11:21:40+00:00,2021-08-14 12:21:40+00:00,3,94.61,183.88,10.719429605153058,possible_physical_event
Avg_Turb,2021-08-14 17:51:40+00:00,2021-08-14 18:21:40+00:00,2,119.46,161.25,9.379608398744262,possible_physical_event
Avg_Turb,2021-08-14 19:21:40+00:00,2021-08-14 19:21:40+00:00,1,138.59,138.59,8.0380110263526,possible_instrumental_spike
Avg_Turb,2021-08-14 20:21:40+00:00,2021-08-14 20:51:40+00:00,2,139.79,190.76,11.126763670557057,possible_physical_event
Avg_Turb,2021-08-14 21:51:40+00:00,2021-08-14 22:21:40+00:00,2,80.76,110.32,6.364270615164941,possible_physical_event
Avg_Turb,2021-08-15 01:21:40+00:00,2021-08-15 01:21:40+00:00,1,122.41,122.41,7.080065506260052,possible_instrumental_spike
Avg_Turb,2021-08-15 05:21:40+00:00,2021-08-15 05:21:40+00:00,1,152.46,152.46,8.859191765764441,possible_instrumental_spike
Avg_Turb,2021-08-15 06:21:40+00:00,2021-08-15 06:21:40+00:00,1,78.47,78.47,4.4785743966885745,possible_instrumental_spike
Avg_Turb,2021-08-15 07:51:40+00:00,2021-08-15 08:21:40+00:00,2,82.93,113.42,6.547807766727789,possible_physical_event
Avg_Turb,2021-08-15 09:21:40+00:00,2021-08-15 10:21:40+00:00,3,77.98,138.52,8.033866639059244,possible_physical_event
Avg_Turb,2021-08-15 14:51:40+00:00,2021-08-15 14:51:40+00:00,1,88.61,88.61,5.078918498897377,possible_instrumental_spike
Avg_Turb,2021-08-15 18:51:40+00:00,2021-08-15 18:51:40+00:00,1,70.61,70.61,4.013218909177609,possible_instrumental_spike
Avg_Turb,2021-08-15 19:51:40+00:00,2021-08-15 21:21:40+00:00,3,87.72,132.83,7.6969871576422735,possible_physical_event
Avg_Turb,2021-08-15 23:21:40+00:00,2021-08-15 23:21:40+00:00,1,87.14,87.14,4.991886365736929,possible_instrumental_spike
Avg_Turb,2021-08-16 09:51:40+00:00,2021-08-16 09:51:40+00:00,1,150.99,150.99,8.772159632603994,possible_instrumental_spike
Avg_Turb,2021-08-16 10:51:40+00:00,2021-08-16 10:51:40+00:00,1,101.99,101.99,5.871088527255736,possible_instrumental_spike
Avg_Turb,2021-08-16 18:51:40+00:00,2021-08-16 18:51:40+00:00,1,87.14,87.14,4.991886365736929,possible_instrumental_spike
Avg_Turb,2021-08-16 19:51:40+00:00,2021-08-16 20:51:40+00:00,3,71.52,147.22,8.548954774090465,possible_physical_event
Avg_Turb,2021-08-16 21:51:40+00:00,2021-08-16 22:21:40+00:00,2,72.57,76.03,4.334112896748784,possible_physical_event
Avg_Turb,2021-08-16 23:21:40+00:00,2021-08-16 23:51:40+00:00,2,93.69,138.24,8.017289089885825,possible_physical_event
Avg_Turb,2021-08-17 11:51:40+00:00,2021-08-17 11:51:40+00:00,1,92.17,92.17,5.2896901955308415,possible_instrumental_spike
Avg_Turb,2021-08-17 13:51:40+00:00,2021-08-17 14:21:40+00:00,2,98.33,101.0,5.812475049821151,possible_physical_event
Avg_Turb,2021-08-17 17:51:40+00:00,2021-08-17 17:51:40+00:00,1,98.42,98.42,5.65972477529465,possible_instrumental_spike
Avg_Turb,2021-08-17 18:51:40+00:00,2021-08-17 18:51:40+00:00,1,113.73,113.73,6.566161481884074,possible_instrumental_spike
Avg_Turb,2021-08-17 23:51:40+00:00,2021-08-18 00:21:40+00:00,2,74.97,103.93,5.985947260814424,possible_physical_event
Avg_Turb,2021-08-18 01:51:40+00:00,2021-08-18 01:51:40+00:00,1,78.79,78.79,4.497520167172481,possible_instrumental_spike
Avg_Turb,2021-08-18 11:21:40+00:00,2021-08-18 11:21:40+00:00,1,123.03,123.03,7.116772936572621,possible_instrumental_spike
Avg_Turb,2021-08-18 14:21:40+00:00,2021-08-18 14:21:40+00:00,1,130.9,130.9,7.5827204794112095,possible_instrumental_spike
Avg_Turb,2021-08-18 23:21:40+00:00,2021-08-19 00:51:40+00:00,4,77.73,102.81,5.919637064120749,possible_physical_event
Avg_Turb,2021-08-19 03:51:40+00:00,2021-08-19 03:51:40+00:00,1,74.56,74.56,4.247080763588336,possible_instrumental_spike
Avg_Turb,2021-08-19 12:21:40+00:00,2021-08-19 12:51:40+00:00,2,81.8,126.56,7.32576846722322,possible_physical_event
Avg_Turb,2021-08-19 13:51:40+00:00,2021-08-19 13:51:40+00:00,1,75.03,75.03,4.274907363986575,possible_instrumental_spike
Avg_Turb,2021-08-19 15:21:40+00:00,2021-08-19 16:51:40+00:00,4,73.91,170.54,9.929627798105185,possible_physical_event
Avg_Turb,2021-08-19 18:21:40+00:00,2021-08-19 18:21:40+00:00,1,99.41,99.41,5.718338252729238,possible_instrumental_spike
Avg_Turb,2021-08-20 00:21:40+00:00,2021-08-20 00:21:40+00:00,1,151.03,151.03,8.774527853914483,possible_instrumental_spike
Avg_Turb,2021-08-20 01:21:40+00:00,2021-08-20 01:21:40+00:00,1,150.34,150.34,8.733676036308559,possible_instrumental_spike
Avg_Turb,2021-08-20 02:21:40+00:00,2021-08-20 02:21:40+00:00,1,253.16,253.16,14.821188914918919,possible_instrumental_spike
Avg_Turb,2021-08-20 03:21:40+00:00,2021-08-20 03:51:40+00:00,2,106.21,209.58,12.241011797141837,possible_physical_event
Avg_Turb,2021-08-20 04:51:40+00:00,2021-08-20 05:21:40+00:00,2,77.82,95.01,5.457833908575516,possible_physical_event
Avg_Turb,2021-08-20 06:21:40+00:00,2021-08-20 06:21:40+00:00,1,100.95,100.95,5.809514773183039,possible_instrumental_spike
Avg_Turb,2021-08-20 12:21:40+00:00,2021-08-20 12:21:40+00:00,1,72.52,72.52,4.1263014767534285,possible_instrumental_spike
Avg_Turb,2021-08-20 17:21:40+00:00,2021-08-20 18:21:40+00:00,3,74.05,126.38,7.315111471326023,possible_physical_event
Avg_Turb,2021-08-21 04:21:40+00:00,2021-08-21 04:21:40+00:00,1,98.01,98.01,5.635450506862144,possible_instrumental_spike
Avg_Turb,2021-08-21 14:21:40+00:00,2021-08-21 15:51:40+00:00,4,74.85,209.12,12.213777252071221,possible_physical_event
Avg_Turb,2021-08-21 17:21:40+00:00,2021-08-21 18:21:40+00:00,3,125.69,146.57,8.510471177795027,possible_physical_event
Avg_Turb,2021-08-21 19:51:40+00:00,2021-08-21 19:51:40+00:00,1,73.79,73.79,4.201492503361434,possible_instrumental_spike
Avg_Turb,2021-08-22 01:51:40+00:00,2021-08-22 02:51:40+00:00,3,77.83,100.1,5.759190070335162,possible_physical_event
Avg_Turb,2021-08-22 05:21:40+00:00,2021-08-22 06:21:40+00:00,3,73.75,132.69,7.688698383055563,possible_physical_event
Avg_Turb,2021-08-22 07:21:40+00:00,2021-08-22 07:51:40+00:00,2,136.05,138.46,8.030314307093512,possible_physical_event
Avg_Turb,2021-08-22 13:51:40+00:00,2021-08-22 15:21:40+00:00,4,74.22,221.11,12.923651589890111,possible_physical_event
Avg_Turb,2021-08-22 16:51:40+00:00,2021-08-22 16:51:40+00:00,1,75.82,75.82,4.321679734868719,possible_instrumental_spike
Avg_Turb,2021-08-22 18:51:40+00:00,2021-08-22 20:21:40+00:00,4,88.85,181.2,10.560758777350337,possible_physical_event
Avg_Turb,2021-08-23 01:51:40+00:00,2021-08-23 01:51:40+00:00,1,73.93,73.93,4.209781277948145,possible_instrumental_spike
Avg_Turb,2021-08-23 03:21:40+00:00,2021-08-23 04:21:40+00:00,3,81.89,148.34,8.615264970784139,possible_physical_event
Avg_Turb,2021-08-23 08:21:40+00:00,2021-08-23 08:51:40+00:00,2,77.47,146.74,8.520536118364605,possible_physical_event
Avg_Turb,2021-08-23 13:51:40+00:00,2021-08-23 14:21:40+00:00,2,111.02,181.81,10.596874152335285,possible_physical_event
Avg_Turb,2021-08-23 19:21:40+00:00,2021-08-23 19:21:40+00:00,1,78.37,78.37,4.472653843412354,possible_instrumental_spike
Avg_Turb,2021-08-23 20:21:40+00:00,2021-08-23 20:21:40+00:00,1,139.46,139.46,8.08951983985572,possible_instrumental_spike
Avg_Turb,2021-08-24 14:51:40+00:00,2021-08-24 14:51:40+00:00,1,89.08,89.08,5.1067450992956145,possible_instrumental_spike
Avg_Turb,2021-08-24 15:51:40+00:00,2021-08-24 16:51:40+00:00,3,81.47,233.42,13.652471698192906,possible_physical_event
Avg_Turb,2021-08-24 20:21:40+00:00,2021-08-24 21:21:40+00:00,3,78.17,143.83,8.348248018026576,possible_physical_event
Avg_Turb,2021-08-25 04:21:40+00:00,2021-08-25 04:21:40+00:00,1,134.44,134.44,7.792308065389429,possible_instrumental_spike
Avg_Turb,2021-08-25 08:21:40+00:00,2021-08-25 08:21:40+00:00,1,142.41,142.41,8.264176161504238,possible_instrumental_spike
Avg_Turb,2021-08-25 10:21:40+00:00,2021-08-25 10:21:40+00:00,1,92.2,92.2,5.291466361513708,possible_instrumental_spike
Avg_Turb,2021-08-25 15:51:40+00:00,2021-08-25 15:51:40+00:00,1,238.93,238.93,13.978694183712681,possible_instrumental_spike
Avg_Turb,2021-08-26 15:21:40+00:00,2021-08-26 16:21:40+00:00,3,93.54,136.66,7.923744348121534,possible_physical_event
Avg_Turb,2021-08-26 17:21:40+00:00,2021-08-26 17:21:40+00:00,1,165.17,165.17,9.611694087172122,possible_instrumental_spike
Avg_Turb,2021-08-26 20:51:40+00:00,2021-08-26 20:51:40+00:00,1,141.22,141.22,8.19372157751721,possible_instrumental_spike
Avg_Turb,2021-08-26 21:51:40+00:00,2021-08-26 21:51:40+00:00,1,146.93,146.93,8.531785169589424,possible_instrumental_spike
Avg_Turb,2021-08-27 05:51:40+00:00,2021-08-27 06:21:40+00:00,2,86.97,110.66,6.384400496304092,possible_physical_event
Avg_Turb,2021-08-27 15:51:40+00:00,2021-08-27 15:51:40+00:00,1,77.77,77.77,4.437130523755027,possible_instrumental_spike
Avg_Turb,2021-08-27 17:51:40+00:00,2021-08-27 20:51:40+00:00,6,97.75,197.11,11.502718803597087,possible_physical_event
Avg_Turb,2021-08-28 01:21:40+00:00,2021-08-28 01:21:40+00:00,1,86.9,86.9,4.977677037874,possible_instrumental_spike
Avg_Turb,2021-08-28 07:21:40+00:00,2021-08-28 07:21:40+00:00,1,165.08,165.08,9.606365589223524,possible_instrumental_spike
Avg_Turb,2021-08-28 16:51:40+00:00,2021-08-28 16:51:40+00:00,1,229.23,229.23,13.40440051591925,possible_instrumental_spike
Avg_Turb,2021-08-28 17:51:40+00:00,2021-08-28 18:21:40+00:00,2,95.89,186.92,10.899414424750173,possible_physical_event
Avg_Turb,2021-08-28 19:51:40+00:00,2021-08-28 19:51:40+00:00,1,138.63,138.63,8.040379247663086,possible_instrumental_spike
Avg_Turb,2021-08-28 20:51:40+00:00,2021-08-28 20:51:40+00:00,1,108.1,108.1,6.232834332432836,possible_instrumental_spike
Avg_Turb,2021-08-28 22:21:40+00:00,2021-08-28 22:21:40+00:00,1,164.67,164.67,9.582091320791017,possible_instrumental_spike
Avg_Turb,2021-08-29 04:51:40+00:00,2021-08-29 04:51:40+00:00,1,99.37,99.37,5.71597003141875,possible_instrumental_spike
Avg_Turb,2021-08-29 06:21:40+00:00,2021-08-29 09:51:40+00:00,8,73.32,202.31,11.810587573960575,possible_physical_event
Avg_Turb,2021-08-29 11:21:40+00:00,2021-08-29 11:51:40+00:00,2,109.61,146.95,8.532969280244668,possible_physical_event
Avg_Turb,2021-08-29 13:21:40+00:00,2021-08-29 13:21:40+00:00,1,128.48,128.48,7.4394430901266615,possible_instrumental_spike
Avg_Turb,2021-08-29 16:51:40+00:00,2021-08-29 16:51:40+00:00,1,88.46,88.46,5.070037668983044,possible_instrumental_spike
Avg_Turb,2021-08-29 18:21:40+00:00,2021-08-29 21:21:40+00:00,7,81.91,240.89,14.09473702792661,possible_physical_event
Avg_Turb,2021-08-29 22:21:40+00:00,2021-08-29 22:21:40+00:00,1,71.34,71.34,4.056438948094023,possible_instrumental_spike
Avg_Turb,2021-08-30 00:21:40+00:00,2021-08-30 00:21:40+00:00,1,157.46,157.46,9.155219429575489,possible_instrumental_spike
Avg_Turb,2021-08-30 05:21:40+00:00,2021-08-30 05:51:40+00:00,2,84.01,169.19,9.849700328876203,possible_physical_event
Avg_Turb,2021-08-30 06:51:40+00:00,2021-08-30 08:21:40+00:00,4,76.31,265.2,15.534023529375917,possible_physical_event
Avg_Turb,2021-08-30 09:51:40+00:00,2021-08-30 12:51:40+00:00,7,116.58,252.35,14.77323243338153,possible_physical_event
Avg_Turb,2021-08-30 13:51:40+00:00,2021-08-30 14:21:40+00:00,2,120.6,130.34,7.5495653810643715,possible_physical_event
Avg_Turb,2021-08-30 15:51:40+00:00,2021-08-30 16:51:40+00:00,3,154.27,203.65,11.889922987861937,possible_physical_event
Avg_Turb,2021-08-30 17:51:40+00:00,2021-08-30 19:21:40+00:00,4,113.22,182.33,10.627661029371634,possible_physical_event
Avg_Turb,2021-08-30 20:21:40+00:00,2021-08-30 22:21:40+00:00,5,85.76,158.33,9.206728243078611,possible_physical_event
Avg_Turb,2021-08-31 00:51:40+00:00,2021-08-31 00:51:40+00:00,1,191.53,191.53,11.17235193078396,possible_instrumental_spike
Avg_Turb,2021-08-31 01:51:40+00:00,2021-08-31 01:51:40+00:00,1,76.24,76.24,4.346546058628847,possible_instrumental_spike
Avg_Turb,2021-08-31 07:21:40+00:00,2021-08-31 08:51:40+00:00,4,80.98,235.81,13.793972921494587,possible_physical_event
Avg_Turb,2021-08-31 09:51:40+00:00,2021-08-31 10:51:40+00:00,3,135.16,224.22,13.107780796780581,possible_physical_event
Avg_Turb,2021-08-31 12:21:40+00:00,2021-08-31 13:21:40+00:00,3,94.15,196.39,11.460090820008295,possible_physical_event
Avg_Turb,2021-08-31 15:21:40+00:00,2021-08-31 15:21:40+00:00,1,169.09,169.09,9.843779775599982,possible_instrumental_spike
Avg_Turb,2021-08-31 18:51:40+00:00,2021-08-31 18:51:40+00:00,1,208.57,208.57,12.181214209052005,possible_instrumental_spike
Avg_Turb,2021-09-02 13:51:40+00:00,2021-09-02 13:51:40+00:00,1,145.53,145.53,8.44889742372233,possible_instrumental_spike
Avg_Turb,2021-09-02 18:21:40+00:00,2021-09-02 18:21:40+00:00,1,303.65,303.65,17.810476264082865,possible_instrumental_spike
Avg_Turb,2021-09-02 20:51:40+00:00,2021-09-02 20:51:40+00:00,1,321.31,321.31,18.85604597266348,possible_instrumental_spike
Avg_Turb,2021-09-02 23:21:40+00:00,2021-09-02 23:21:40+00:00,1,78.23,78.23,4.464365068825644,possible_instrumental_spike
Avg_Turb,2021-09-03 12:21:40+00:00,2021-09-03 12:21:40+00:00,1,92.95,92.95,5.335870511085365,possible_instrumental_spike
Avg_Turb,2021-09-03 17:51:40+00:00,2021-09-03 17:51:40+00:00,1,126.4,126.4,7.316295581981267,possible_instrumental_spike
Avg_Turb,2021-09-03 21:21:40+00:00,2021-09-03 21:21:40+00:00,1,82.76,82.76,4.7325661322384525,possible_instrumental_spike
Avg_Turb,2021-09-04 09:21:40+00:00,2021-09-04 09:21:40+00:00,1,170.86,170.86,9.948573568589094,possible_instrumental_spike
Avg_Turb,2021-09-04 13:21:40+00:00,2021-09-04 13:21:40+00:00,1,72.74,72.74,4.139326693961114,possible_instrumental_spike
Avg_Turb,2021-09-04 18:51:40+00:00,2021-09-04 18:51:40+00:00,1,82.72,82.72,4.730197910927965,possible_instrumental_spike
Avg_Turb,2021-09-04 20:51:40+00:00,2021-09-04 20:51:40+00:00,1,92.47,92.47,5.307451855359505,possible_instrumental_spike
Avg_Turb,2021-09-04 21:51:40+00:00,2021-09-04 22:21:40+00:00,2,122.39,198.09,11.560740225704052,possible_physical_event
Avg_Turb,2021-09-05 02:21:40+00:00,2021-09-05 02:21:40+00:00,1,75.57,75.57,4.306878351678168,possible_instrumental_spike
Avg_Turb,2021-09-05 04:21:40+00:00,2021-09-05 04:21:40+00:00,1,92.8,92.8,5.326989681171033,possible_instrumental_spike
Avg_Turb,2021-09-05 05:51:40+00:00,2021-09-05 05:51:40+00:00,1,132.97,132.97,7.705275932228982,possible_instrumental_spike
Avg_Turb,2021-09-05 08:51:40+00:00,2021-09-05 08:51:40+00:00,1,259.74,259.74,15.210761320494255,possible_instrumental_spike
Avg_Turb,2021-09-05 19:21:40+00:00,2021-09-05 19:21:40+00:00,1,75.08,75.08,4.2778676406246845,possible_instrumental_spike
Avg_Turb,2021-09-06 14:21:40+00:00,2021-09-06 14:21:40+00:00,1,114.68,114.68,6.622406738008174,possible_instrumental_spike
Avg_Turb,2021-09-07 00:51:40+00:00,2021-09-07 00:51:40+00:00,1,97.61,97.61,5.61176829375726,possible_instrumental_spike
Avg_Turb,2021-09-07 03:51:40+00:00,2021-09-07 03:51:40+00:00,1,208.17,208.17,12.15753199594712,possible_instrumental_spike
Avg_Turb,2021-09-07 06:21:40+00:00,2021-09-07 06:21:40+00:00,1,152.08,152.08,8.836693663314803,possible_instrumental_spike
Avg_Turb,2021-09-07 14:51:40+00:00,2021-09-07 14:51:40+00:00,1,208.26,208.26,12.162860493895721,possible_instrumental_spike
Avg_Turb,2021-09-07 15:51:40+00:00,2021-09-07 15:51:40+00:00,1,94.16,94.16,5.407509205727639,possible_instrumental_spike
Avg_Turb,2021-09-07 17:21:40+00:00,2021-09-07 17:21:40+00:00,1,181.39,181.39,10.572007828575156,possible_instrumental_spike
Avg_Turb,2021-09-07 19:21:40+00:00,2021-09-07 19:21:40+00:00,1,116.86,116.86,6.751474799429789,possible_instrumental_spike
Avg_Turb,2021-09-08 12:51:40+00:00,2021-09-08 13:51:40+00:00,3,170.91,229.4,13.414465456488825,possible_physical_event
Avg_Turb,2021-09-08 14:51:40+00:00,2021-09-08 14:51:40+00:00,1,120.22,120.22,6.950405389510813,possible_instrumental_spike
Avg_Turb,2021-09-08 18:21:40+00:00,2021-09-08 18:21:40+00:00,1,253.74,253.74,14.855528123921001,possible_instrumental_spike
Avg_Turb,2021-09-09 02:51:40+00:00,2021-09-09 02:51:40+00:00,1,86.1,86.1,4.930312611664231,possible_instrumental_spike
Avg_Turb,2021-09-09 14:51:40+00:00,2021-09-09 14:51:40+00:00,1,108.4,108.4,6.250595992261499,possible_instrumental_spike
Avg_Turb,2021-09-09 19:21:40+00:00,2021-09-09 19:21:40+00:00,1,161.13,161.13,9.372503734812796,possible_instrumental_spike
Avg_Turb,2021-09-09 21:21:40+00:00,2021-09-09 21:21:40+00:00,1,208.13,208.13,12.155163774636634,possible_instrumental_spike
Avg_Turb,2021-09-10 03:21:40+00:00,2021-09-10 04:21:40+00:00,3,83.11,242.9,14.213740148778651,possible_physical_event
Avg_Turb,2021-09-10 09:21:40+00:00,2021-09-10 09:21:40+00:00,1,141.11,141.11,8.187208968913367,possible_instrumental_spike
Avg_Turb,2021-09-10 16:21:40+00:00,2021-09-10 16:51:40+00:00,2,109.41,180.08,10.494448580656663,possible_physical_event
Avg_Turb,2021-09-11 05:21:40+00:00,2021-09-11 05:21:40+00:00,1,119.31,119.31,6.896528354697203,possible_instrumental_spike
Avg_Turb,2021-09-11 07:51:40+00:00,2021-09-11 07:51:40+00:00,1,162.34,162.34,9.44414242945507,possible_instrumental_spike
Avg_Turb,2021-09-11 08:51:40+00:00,2021-09-11 08:51:40+00:00,1,88.56,88.56,5.075958222259267,possible_instrumental_spike
Avg_Turb,2021-09-11 10:21:40+00:00,2021-09-11 10:21:40+00:00,1,150.39,150.39,8.736636312946667,possible_instrumental_spike
Avg_Turb,2021-09-11 16:21:40+00:00,2021-09-11 16:21:40+00:00,1,275.59,275.59,16.14916901477527,possible_instrumental_spike
Avg_Turb,2021-09-11 17:21:40+00:00,2021-09-11 18:21:40+00:00,3,87.24,161.31,9.383160730709994,possible_physical_event
Avg_Turb,2021-09-11 20:51:40+00:00,2021-09-11 21:21:40+00:00,2,180.66,231.66,13.54826996053142,possible_physical_event
Avg_Turb,2021-09-12 05:21:40+00:00,2021-09-12 05:21:40+00:00,1,136.62,136.62,7.9213761268110465,possible_instrumental_spike
Avg_Turb,2021-09-12 08:21:40+00:00,2021-09-12 08:21:40+00:00,1,171.99,171.99,10.01547582061039,possible_instrumental_spike
Avg_Turb,2021-09-12 16:51:40+00:00,2021-09-12 17:21:40+00:00,2,124.24,208.07,12.1516114426709,possible_physical_event
Avg_Turb,2021-09-12 19:21:40+00:00,2021-09-12 19:51:40+00:00,2,106.31,207.86,12.139178280790839,possible_physical_event
Avg_Turb,2021-09-12 21:21:40+00:00,2021-09-12 21:21:40+00:00,1,126.67,126.67,7.332281075827063,possible_instrumental_spike
Avg_Turb,2021-09-12 22:21:40+00:00,2021-09-12 22:21:40+00:00,1,92.83,92.83,5.3287658471539,possible_instrumental_spike
Avg_Turb,2021-09-13 08:51:40+00:00,2021-09-13 09:21:40+00:00,2,126.44,252.42,14.777376820674883,possible_physical_event
Avg_Turb,2021-09-13 11:21:40+00:00,2021-09-13 11:21:40+00:00,1,200.66,200.66,11.71289844490293,possible_instrumental_spike
Avg_Turb,2021-09-13 17:51:40+00:00,2021-09-13 19:51:40+00:00,5,77.41,177.06,10.315647871714791,possible_physical_event
Avg_Turb,2021-09-13 23:21:40+00:00,2021-09-13 23:21:40+00:00,1,170.89,170.89,9.950349734571958,possible_instrumental_spike
Avg_Turb,2021-09-14 04:21:40+00:00,2021-09-14 04:21:40+00:00,1,150.72,150.72,8.756174138758198,possible_instrumental_spike
Avg_Turb,2021-09-14 14:51:40+00:00,2021-09-14 14:51:40+00:00,1,152.57,152.57,8.865704374368285,possible_instrumental_spike
Avg_Turb,2021-09-15 10:51:40+00:00,2021-09-15 10:51:40+00:00,1,79.03,79.03,4.511729495035412,possible_instrumental_spike
Avg_Turb,2021-09-15 14:51:40+00:00,2021-09-15 14:51:40+00:00,1,76.8,76.8,4.379701156975684,possible_instrumental_spike
Avg_Turb,2021-09-15 20:21:40+00:00,2021-09-15 20:21:40+00:00,1,104.68,104.68,6.030351410386081,possible_instrumental_spike
Avg_Turb,2021-09-16 02:21:40+00:00,2021-09-16 02:21:40+00:00,1,92.12,92.12,5.286729918892732,possible_instrumental_spike
Avg_Turb,2021-09-16 14:51:40+00:00,2021-09-16 15:21:40+00:00,2,75.13,156.21,9.081212513622727,possible_physical_event
Avg_Turb,2021-09-17 03:51:40+00:00,2021-09-17 03:51:40+00:00,1,74.65,74.65,4.252409261536935,possible_instrumental_spike
Avg_Turb,2021-09-17 12:21:40+00:00,2021-09-17 14:51:40+00:00,6,77.23,194.69,11.35944141431254,possible_physical_event
Avg_Turb,2021-09-17 18:21:40+00:00,2021-09-17 18:21:40+00:00,1,73.44,73.44,4.180770566894662,possible_instrumental_spike
Avg_Turb,2021-09-18 01:51:40+00:00,2021-09-18 01:51:40+00:00,1,100.63,100.63,5.790569002699133,possible_instrumental_spike
Avg_Turb,2021-11-01 08:21:40+00:00,2021-11-01 08:21:40+00:00,1,99.16,99.16,5.703536869538685,possible_instrumental_spike
Avg_Turb,2021-12-14 12:51:40+00:00,2021-12-14 13:21:40+00:00,2,89.47,176.15,10.26177083690118,possible_physical_event
Avg_Turb,2021-12-14 14:21:40+00:00,2021-12-14 14:21:40+00:00,1,120.89,120.89,6.990073096461493,possible_instrumental_spike
Avg_Turb,2021-12-14 18:21:40+00:00,2021-12-14 18:21:40+00:00,1,136.01,136.01,7.885260751826098,possible_instrumental_spike
Avg_Turb,2021-12-17 12:51:40+00:00,2021-12-17 12:51:40+00:00,1,240.5,240.5,14.07164687014935,possible_instrumental_spike
Avg_Turb,2021-12-19 19:21:40+00:00,2021-12-19 19:21:40+00:00,1,198.81,198.81,11.603368209292842,possible_instrumental_spike
Avg_Turb,2021-12-23 08:51:40+00:00,2021-12-23 08:51:40+00:00,1,140.42,140.42,8.146357151307441,possible_instrumental_spike
Avg_Turb,2022-01-01 16:51:40+00:00,2022-01-01 16:51:40+00:00,1,106.0,106.0,6.1085027136321965,possible_instrumental_spike
Avg_Turb,2022-01-02 14:51:40+00:00,2022-01-02 14:51:40+00:00,1,77.52,77.52,4.422329140564475,possible_instrumental_spike
Avg_Turb,2022-01-02 19:21:40+00:00,2022-01-02 19:21:40+00:00,1,82.46,82.46,4.714804472409789,possible_instrumental_spike
Avg_Turb,2022-01-05 19:51:40+00:00,2022-01-05 19:51:40+00:00,1,85.72,85.72,4.907814509214592,possible_instrumental_spike
Avg_Turb,2022-01-06 10:51:40+00:00,2022-01-06 10:51:40+00:00,1,119.74,119.74,6.921986733784951,possible_instrumental_spike
Avg_Turb,2022-01-08 18:21:40+00:00,2022-01-08 18:21:40+00:00,1,78.53,78.53,4.482126728654308,possible_instrumental_spike
Avg_Turb,2022-01-09 09:21:40+00:00,2022-01-09 09:21:40+00:00,1,75.94,75.94,4.328784398800185,possible_instrumental_spike
Avg_Turb,2022-01-10 11:51:40+00:00,2022-01-10 11:51:40+00:00,1,91.31,91.31,5.238773437355342,possible_instrumental_spike
Avg_Turb,2022-01-20 09:21:40+00:00,2022-01-20 10:21:40+00:00,3,231.25,341.44,20.047853347166754,possible_physical_event
Avg_Turb,2022-01-21 13:51:40+00:00,2022-01-21 13:51:40+00:00,1,306.73,306.73,17.992829304990472,possible_instrumental_spike
Avg_Turb,2022-02-12 13:21:40+00:00,2022-02-12 13:21:40+00:00,1,99.19,99.19,5.705313035521551,possible_instrumental_spike
Avg_Turb,2022-02-12 14:51:40+00:00,2022-02-12 15:21:40+00:00,2,287.89,309.07,18.13137025165404,possible_physical_event
Avg_Turb,2022-02-14 08:51:40+00:00,2022-02-14 08:51:40+00:00,1,72.99,72.99,4.154128077151666,possible_instrumental_spike
Avg_Turb,2022-03-16 10:51:40+00:00,2022-03-16 10:51:40+00:00,1,70.93,70.93,4.032164679661517,possible_instrumental_spike
Avg_Turb,2022-03-17 09:51:40+00:00,2022-03-17 09:51:40+00:00,1,161.23,161.23,9.378424288089017,possible_instrumental_spike
Avg_Turb,2022-03-17 15:21:40+00:00,2022-03-17 15:21:40+00:00,1,91.66,91.66,5.259495373822115,possible_instrumental_spike
Avg_Turb,2022-03-17 17:21:40+00:00,2022-03-17 17:21:40+00:00,1,115.85,115.85,6.691677211339958,possible_instrumental_spike
Avg_Turb,2022-03-17 18:21:40+00:00,2022-03-17 18:51:40+00:00,2,192.7,337.05,19.787941058340657,possible_physical_event
Avg_Turb,2022-03-18 10:21:40+00:00,2022-03-18 10:21:40+00:00,1,295.89,295.89,17.35104132984812,possible_instrumental_spike
Avg_Turb,2022-03-18 20:51:40+00:00,2022-03-18 20:51:40+00:00,1,119.27,119.27,6.8941601333867135,possible_instrumental_spike
Avg_Turb,2022-03-19 09:51:40+00:00,2022-03-19 09:51:40+00:00,1,204.93,204.93,11.965706069797564,possible_instrumental_spike
Avg_Turb,2022-03-19 11:21:40+00:00,2022-03-19 11:21:40+00:00,1,259.41,259.41,15.191223494682728,possible_instrumental_spike
Avg_Turb,2022-03-19 12:51:40+00:00,2022-03-19 12:51:40+00:00,1,290.62,290.62,17.03902817219128,possible_instrumental_spike
Avg_Turb,2022-03-19 13:51:40+00:00,2022-03-19 14:21:40+00:00,2,153.94,205.85,12.020175159938796,possible_physical_event
Avg_Turb,2022-03-19 19:21:40+00:00,2022-03-19 19:21:40+00:00,1,330.85,330.85,19.42086675521496,possible_instrumental_spike
Avg_Turb,2022-03-19 20:21:40+00:00,2022-03-19 20:51:40+00:00,2,73.17,175.26,10.209077912742814,possible_physical_event
Avg_Turb,2022-03-20 19:21:40+00:00,2022-03-20 19:21:40+00:00,1,111.79,111.79,6.451302748325388,possible_instrumental_spike
Avg_Turb,2022-03-21 10:21:40+00:00,2022-03-21 10:21:40+00:00,1,83.44,83.44,4.772825894516755,possible_instrumental_spike
Avg_Turb,2022-11-30 04:51:40+00:00,2022-11-30 04:51:40+00:00,1,73.51,73.51,4.184914954188016,possible_instrumental_spike
Avg_Turb,2023-05-08 03:51:40+00:00,2023-05-08 03:51:40+00:00,1,101.4,101.4,5.836157262926035,possible_instrumental_spike
Avg_Turb,2023-06-09 10:51:40+00:00,2023-06-09 10:51:40+00:00,1,100.45,100.45,5.7799120068019345,possible_instrumental_spike
Avg_Turb,2023-10-18 23:21:40+00:00,2023-10-18 23:21:40+00:00,1,111.76,111.76,6.449526582342522,possible_instrumental_spike
Avg_Turb,2023-10-26 14:21:40+00:00,2023-10-26 14:21:40+00:00,1,88.47,88.47,5.070629724310668,possible_instrumental_spike
Avg_Turb,2023-10-29 20:21:40+00:00,2023-10-29 20:21:40+00:00,1,74.08,74.08,4.218662107862475,possible_instrumental_spike
Avg_Turb,2023-10-30 08:21:40+00:00,2023-10-30 08:21:40+00:00,1,102.02,102.02,5.872864693238603,possible_instrumental_spike
Avg_Turb,2023-10-30 14:21:40+00:00,2023-10-30 14:21:40+00:00,1,73.75,73.75,4.1991242820509465,possible_instrumental_spike
Avg_Turb,2023-10-30 20:21:40+00:00,2023-10-30 20:21:40+00:00,1,94.78,94.78,5.444216636040209,possible_instrumental_spike
Avg_Turb,2023-10-30 21:51:40+00:00,2023-10-30 21:51:40+00:00,1,77.99,77.99,4.450155740962713,possible_instrumental_spike
Avg_Turb,2023-10-31 20:21:40+00:00,2023-10-31 20:21:40+00:00,1,88.95,88.95,5.099048380036527,possible_instrumental_spike
Avg_Turb,2023-11-01 08:21:40+00:00,2023-11-01 08:21:40+00:00,1,75.86,75.86,4.324047956179207,possible_instrumental_spike
Avg_Turb,2023-11-02 21:51:40+00:00,2023-11-02 21:51:40+00:00,1,98.08,98.08,5.639594894155498,possible_instrumental_spike
Avg_Turb,2023-11-03 00:51:40+00:00,2023-11-03 00:51:40+00:00,1,71.29,71.29,4.0534786714559115,possible_instrumental_spike
Avg_Turb,2023-11-03 03:51:40+00:00,2023-11-03 03:51:40+00:00,1,79.1,79.1,4.5158738823287665,possible_instrumental_spike
Avg_Turb,2023-11-04 06:21:40+00:00,2023-11-04 06:21:40+00:00,1,130.8,130.8,7.5767999261349885,possible_instrumental_spike
Avg_Turb,2023-11-19 03:21:40+00:00,2023-11-19 03:21:40+00:00,1,100.2,100.2,5.765110623611382,possible_instrumental_spike
Avg_Turb,2023-12-13 16:51:40+00:00,2023-12-13 16:51:40+00:00,1,162.26,162.26,9.439405986834092,possible_instrumental_spike
Avg_Turb,2023-12-16 18:21:40+00:00,2023-12-16 18:21:40+00:00,1,230.43,230.43,13.475447155233901,possible_instrumental_spike
Avg_Turb,2023-12-19 14:21:40+00:00,2023-12-19 14:21:40+00:00,1,79.06,79.06,4.513505661018279,possible_instrumental_spike
Avg_Turb,2023-12-19 16:21:40+00:00,2023-12-19 16:51:40+00:00,2,90.23,342.97,20.13843781229294,possible_physical_event
Avg_Turb,2023-12-21 11:21:40+00:00,2023-12-21 12:51:40+00:00,4,132.21,344.12,20.206524174969477,possible_physical_event
Avg_Turb,2024-02-01 06:21:40+00:00,2024-02-01 06:21:40+00:00,1,104.85,104.85,6.040416350955656,possible_instrumental_spike
Avg_Turb,2024-03-10 19:21:40+00:00,2024-03-10 19:21:40+00:00,1,110.63,110.63,6.382624330321226,possible_instrumental_spike
Avg_Turb,2024-03-13 11:21:40+00:00,2024-03-13 11:21:40+00:00,1,112.53,112.53,6.495114842569424,possible_instrumental_spike
Avg_Turb,2024-03-13 16:51:40+00:00,2024-03-13 16:51:40+00:00,1,310.55,310.55,18.21899444014211,possible_instrumental_spike
Avg_Turb,2024-03-14 09:21:40+00:00,2024-03-14 09:21:40+00:00,1,334.39,334.39,19.63045434119318,possible_instrumental_spike
Avg_Turb,2024-03-14 10:21:40+00:00,2024-03-14 10:21:40+00:00,1,163.49,163.49,9.51222879213161,possible_instrumental_spike
Avg_Turb,2024-03-14 16:21:40+00:00,2024-03-14 16:21:40+00:00,1,170.16,170.16,9.907129695655547,possible_instrumental_spike
Avg_Turb,2024-03-15 20:21:40+00:00,2024-03-15 20:21:40+00:00,1,250.57,250.57,14.667846585064796,possible_instrumental_spike
Avg_Turb,2024-03-16 08:21:40+00:00,2024-03-16 09:51:40+00:00,4,189.39,281.55,16.50203399003804,possible_physical_event
Avg_Turb,2024-03-16 21:21:40+00:00,2024-03-16 21:21:40+00:00,1,78.37,78.37,4.472653843412354,possible_instrumental_spike
Avg_Turb,2024-03-23 17:21:40+00:00,2024-03-23 18:51:40+00:00,4,206.68,276.91,16.22732031802139,possible_physical_event
Avg_Turb,2024-03-24 10:51:40+00:00,2024-03-24 10:51:40+00:00,1,75.11,75.11,4.279643806607551,possible_instrumental_spike
Avg_Turb,2024-03-26 19:51:40+00:00,2024-03-26 19:51:40+00:00,1,211.87,211.87,12.376592467167297,possible_instrumental_spike
Avg_Turb,2024-03-27 15:21:40+00:00,2024-03-27 16:21:40+00:00,3,142.82,343.34,20.16034385941495,possible_physical_event
Avg_Turb,2024-03-27 17:51:40+00:00,2024-03-27 17:51:40+00:00,1,205.62,205.62,12.006557887403488,possible_instrumental_spike
Avg_Turb,2024-03-28 15:21:40+00:00,2024-03-28 15:21:40+00:00,1,71.52,71.52,4.067095943991219,possible_instrumental_spike
Avg_Turb,2024-03-31 10:51:40+00:00,2024-03-31 10:51:40+00:00,1,240.11,240.11,14.048556712372088,possible_instrumental_spike
Avg_Turb,2024-03-31 13:21:40+00:00,2024-03-31 15:21:40+00:00,5,163.51,327.47,19.22075205447869,possible_physical_event
Avg_Turb,2024-03-31 16:21:40+00:00,2024-03-31 20:51:40+00:00,10,234.63,342.03,20.082784611496457,possible_physical_event
Avg_Turb,2024-04-01 17:51:40+00:00,2024-04-01 17:51:40+00:00,1,188.01,188.01,10.963948455460981,possible_instrumental_spike
Avg_Turb,2024-04-03 09:21:40+00:00,2024-04-03 10:51:40+00:00,4,184.93,328.25,19.266932370033214,possible_physical_event
Avg_Turb,2024-04-03 12:21:40+00:00,2024-04-03 12:21:40+00:00,1,319.9,319.9,18.772566171468764,possible_instrumental_spike
Avg_Turb,2024-04-03 14:51:40+00:00,2024-04-03 14:51:40+00:00,1,249.2,249.2,14.58673500518057,possible_instrumental_spike
Avg_Turb,2024-04-03 17:51:40+00:00,2024-04-03 20:51:40+00:00,7,278.22,341.85,20.07212761559926,possible_physical_event
Avg_Turb,2024-04-05 08:21:40+00:00,2024-04-05 08:21:40+00:00,1,83.89,83.89,4.7994683842597485,possible_instrumental_spike
Avg_Turb,2024-04-06 10:21:40+00:00,2024-04-06 11:21:40+00:00,3,218.0,323.48,18.984521978757478,possible_physical_event
Avg_Turb,2024-06-29 06:21:40+00:00,2024-06-29 06:21:40+00:00,1,101.1,101.1,5.818395603097371,possible_instrumental_spike
Avg_Turb,2024-08-14 09:51:40+00:00,2024-08-14 09:51:40+00:00,1,306.78,306.78,17.99578958162858,possible_instrumental_spike
Avg_Turb,2024-08-14 18:51:40+00:00,2024-08-14 19:21:40+00:00,2,81.12,167.37,9.741946259248982,possible_physical_event
Avg_Turb,2024-08-16 15:21:40+00:00,2024-08-16 15:21:40+00:00,1,71.41,71.41,4.060583335387377,possible_instrumental_spike
Avg_Turb,2024-08-21 16:21:40+00:00,2024-08-21 16:21:40+00:00,1,100.19,100.19,5.76451856828376,possible_instrumental_spike
Avg_Turb,2024-08-22 12:21:40+00:00,2024-08-22 12:51:40+00:00,2,262.16,274.91,16.10890925249697,possible_physical_event
Avg_Turb,2024-08-22 17:51:40+00:00,2024-08-22 17:51:40+00:00,1,150.65,150.65,8.752029751464843,possible_instrumental_spike
Avg_Turb,2024-08-23 09:21:40+00:00,2024-08-23 09:21:40+00:00,1,147.67,147.67,8.575597263833458,possible_instrumental_spike
Avg_Turb,2024-08-23 11:21:40+00:00,2024-08-23 14:51:40+00:00,8,73.02,299.07,17.539314924031945,possible_physical_event
Avg_Turb,2024-08-23 19:51:40+00:00,2024-08-23 20:21:40+00:00,2,100.83,112.22,6.4767611274131385,possible_physical_event
Avg_Turb,2024-08-24 12:51:40+00:00,2024-08-24 14:51:40+00:00,5,98.26,299.87,17.586679350241713,possible_physical_event
Avg_Turb,2024-08-24 18:21:40+00:00,2024-08-24 18:51:40+00:00,2,104.83,111.03,6.40630654342611,possible_physical_event
Avg_Turb,2024-08-25 09:21:40+00:00,2024-08-25 11:51:40+00:00,6,72.47,227.65,13.310855774154959,possible_physical_event
Avg_Turb,2024-08-25 12:51:40+00:00,2024-08-25 18:21:40+00:00,12,89.93,224.38,13.117253682022534,possible_physical_event
Avg_Turb,2024-08-25 19:51:40+00:00,2024-08-25 19:51:40+00:00,1,157.13,157.13,9.135681603763958,possible_instrumental_spike
Avg_Turb,2024-08-26 09:21:40+00:00,2024-08-26 09:21:40+00:00,1,259.84,259.84,15.216681873770474,possible_instrumental_spike
Avg_Turb,2024-08-26 10:21:40+00:00,2024-08-26 10:51:40+00:00,2,125.14,198.8,11.602776153965221,possible_physical_event
Avg_Turb,2024-08-26 12:21:40+00:00,2024-08-26 12:21:40+00:00,1,75.61,75.61,4.3092465729886555,possible_instrumental_spike
Avg_Turb,2024-08-26 13:21:40+00:00,2024-08-26 13:21:40+00:00,1,112.99,112.99,6.5223493876400385,possible_instrumental_spike
Avg_Turb,2024-08-26 15:51:40+00:00,2024-08-26 15:51:40+00:00,1,232.07,232.07,13.572544228963924,possible_instrumental_spike
Avg_Turb,2024-08-26 19:21:40+00:00,2024-08-26 19:51:40+00:00,2,128.14,272.94,15.992274352955418,possible_physical_event
Avg_Turb,2024-08-27 09:21:40+00:00,2024-08-27 09:21:40+00:00,1,292.55,292.55,17.15329485042234,possible_instrumental_spike
Avg_Turb,2024-08-27 10:51:40+00:00,2024-08-27 13:51:40+00:00,7,108.1,270.26,15.833603525152697,possible_physical_event
Avg_Turb,2024-08-27 15:51:40+00:00,2024-08-27 15:51:40+00:00,1,127.78,127.78,7.3979992171931155,possible_instrumental_spike
Avg_Turb,2024-08-27 16:51:40+00:00,2024-08-27 16:51:40+00:00,1,128.93,128.93,7.466085579869657,possible_instrumental_spike
Avg_Turb,2024-08-27 18:51:40+00:00,2024-08-27 18:51:40+00:00,1,171.41,171.41,9.981136611608308,possible_instrumental_spike
Avg_Turb,2024-08-28 11:51:40+00:00,2024-08-28 12:21:40+00:00,2,96.09,122.05,7.058751514465655,possible_physical_event
Avg_Turb,2024-08-28 13:21:40+00:00,2024-08-28 16:21:40+00:00,7,138.25,260.99,15.284768236447016,possible_physical_event
Avg_Turb,2024-08-28 17:51:40+00:00,2024-08-28 17:51:40+00:00,1,257.32,257.32,15.06748393120971,possible_instrumental_spike
Avg_Turb,2024-08-29 12:21:40+00:00,2024-08-29 12:21:40+00:00,1,167.18,167.18,9.730697208024162,possible_instrumental_spike
Avg_Turb,2024-08-29 14:21:40+00:00,2024-08-29 14:51:40+00:00,2,136.9,185.71,10.827775730107902,possible_physical_event
Avg_Turb,2024-08-30 12:51:40+00:00,2024-08-30 12:51:40+00:00,1,123.71,123.71,7.157032698850923,possible_instrumental_spike
Avg_Turb,2024-08-30 14:51:40+00:00,2024-08-30 14:51:40+00:00,1,82.05,82.05,4.690530203977283,possible_instrumental_spike
Avg_Turb,2024-08-30 16:21:40+00:00,2024-08-30 16:21:40+00:00,1,129.31,129.31,7.488583682319296,possible_instrumental_spike
Avg_Turb,2024-08-30 18:51:40+00:00,2024-08-30 18:51:40+00:00,1,146.2,146.2,8.48856513067301,possible_instrumental_spike
Avg_Turb,2024-08-30 20:51:40+00:00,2024-08-30 20:51:40+00:00,1,118.24,118.24,6.8331784346416375,possible_instrumental_spike
Avg_Turb,2024-08-31 09:51:40+00:00,2024-08-31 09:51:40+00:00,1,232.68,232.68,13.608659603948873,possible_instrumental_spike
Avg_Turb,2024-08-31 12:51:40+00:00,2024-08-31 12:51:40+00:00,1,126.3,126.3,7.310375028705045,possible_instrumental_spike
Avg_Turb,2024-08-31 13:51:40+00:00,2024-08-31 15:21:40+00:00,4,139.71,234.28,13.703388456368407,possible_physical_event
Avg_Turb,2024-08-31 16:51:40+00:00,2024-08-31 16:51:40+00:00,1,136.16,136.16,7.8941415817404295,possible_instrumental_spike
Avg_Turb,2024-08-31 18:21:40+00:00,2024-08-31 19:51:40+00:00,4,91.55,304.82,17.87974673741465,possible_physical_event
Avg_Turb,2024-09-01 13:51:40+00:00,2024-09-01 13:51:40+00:00,1,179.66,179.66,10.469582256896535,possible_instrumental_spike
Avg_Turb,2024-09-02 15:21:40+00:00,2024-09-02 15:21:40+00:00,1,192.91,192.91,11.254055565995808,possible_instrumental_spike
Avg_Turb,2024-09-02 19:21:40+00:00,2024-09-02 19:21:40+00:00,1,190.85,190.85,11.132092168505656,possible_instrumental_spike
Avg_Turb,2024-09-03 08:21:40+00:00,2024-09-03 08:21:40+00:00,1,333.25,333.25,19.56296003384426,possible_instrumental_spike
Avg_Turb,2024-09-03 10:21:40+00:00,2024-09-03 10:51:40+00:00,2,215.93,230.16,13.459461661388104,possible_physical_event
Avg_Turb,2024-09-03 11:51:40+00:00,2024-09-03 11:51:40+00:00,1,192.5,192.5,11.229781297563303,possible_instrumental_spike
Avg_Turb,2024-09-09 12:51:40+00:00,2024-09-09 12:51:40+00:00,1,164.91,164.91,9.596300648653948,possible_instrumental_spike
Avg_Turb,2024-09-09 15:21:40+00:00,2024-09-09 16:51:40+00:00,4,75.5,297.76,17.46175567611345,possible_physical_event
Avg_Turb,2024-09-09 18:51:40+00:00,2024-09-09 18:51:40+00:00,1,77.19,77.19,4.402791314752947,possible_instrumental_spike
Avg_Turb,2024-09-10 16:51:40+00:00,2024-09-10 16:51:40+00:00,1,128.52,128.52,7.441811311437151,possible_instrumental_spike
Avg_Turb,2024-09-12 11:21:40+00:00,2024-09-12 11:21:40+00:00,1,151.13,151.13,8.780448407190702,possible_instrumental_spike
Avg_Turb,2024-09-12 12:51:40+00:00,2024-09-12 13:21:40+00:00,2,106.22,120.9,6.990665151789116,possible_physical_event
Avg_Turb,2024-09-12 14:51:40+00:00,2024-09-12 14:51:40+00:00,1,89.29,89.29,5.119178261175679,possible_instrumental_spike
Avg_Turb,2024-09-12 20:51:40+00:00,2024-09-12 20:51:40+00:00,1,146.13,146.13,8.484420743379657,possible_instrumental_spike
Avg_Turb,2024-09-13 19:21:40+00:00,2024-09-13 19:21:40+00:00,1,106.02,106.02,6.10968682428744,possible_instrumental_spike
Avg_Turb,2024-09-14 10:51:40+00:00,2024-09-14 10:51:40+00:00,1,89.84,89.84,5.1517413041948945,possible_instrumental_spike
Avg_Turb,2024-09-14 20:21:40+00:00,2024-09-14 20:21:40+00:00,1,121.16,121.16,7.00605859030729,possible_instrumental_spike
Avg_Turb,2024-09-16 08:51:40+00:00,2024-09-16 10:21:40+00:00,4,183.2,252.57,14.786257650589215,possible_physical_event
Avg_Turb,2024-09-16 18:21:40+00:00,2024-09-16 18:51:40+00:00,2,93.5,119.87,6.92968345304404,possible_physical_event
Avg_Turb,2024-09-17 08:51:40+00:00,2024-09-17 08:51:40+00:00,1,93.43,93.43,5.3642891668112265,possible_instrumental_spike
Avg_Turb,2024-09-17 10:21:40+00:00,2024-09-17 11:21:40+00:00,3,85.12,175.93,10.248745619693494,possible_physical_event
Avg_Turb,2024-10-10 18:21:40+00:00,2024-10-10 18:21:40+00:00,1,307.79,307.79,18.055587169718414,possible_instrumental_spike
Avg_Turb,2024-11-03 02:51:40+00:00,2024-11-03 02:51:40+00:00,1,71.97,71.97,4.093738433734214,possible_instrumental_spike
Avg_Turb,2024-11-03 04:21:40+00:00,2024-11-03 04:21:40+00:00,1,97.0,97.0,5.575652918772313,possible_instrumental_spike
Avg_Turb,2024-11-05 02:51:40+00:00,2024-11-05 02:51:40+00:00,1,118.27,118.27,6.8349546006245046,possible_instrumental_spike
Avg_Turb,2024-11-05 05:51:40+00:00,2024-11-05 05:51:40+00:00,1,87.85,87.85,5.033922293998097,possible_instrumental_spike
Avg_Turb,2024-11-07 06:21:40+00:00,2024-11-07 06:21:40+00:00,1,95.44,95.44,5.483292287663266,possible_instrumental_spike
Avg_Turb,2024-11-10 14:21:40+00:00,2024-11-10 14:21:40+00:00,1,90.16,90.16,5.170687074678801,possible_instrumental_spike
Avg_Turb,2024-11-13 19:21:40+00:00,2024-11-13 19:21:40+00:00,1,156.55,156.55,9.101342394761879,possible_instrumental_spike
Avg_Turb,2024-11-13 20:21:40+00:00,2024-11-13 20:21:40+00:00,1,119.78,119.78,6.924354955095441,possible_instrumental_spike
Avg_Turb,2024-11-14 08:51:40+00:00,2024-11-14 08:51:40+00:00,1,85.63,85.63,4.902486011265993,possible_instrumental_spike
Avg_Turb,2024-11-14 16:21:40+00:00,2024-11-14 16:21:40+00:00,1,156.94,156.94,9.124432552539139,possible_instrumental_spike
Avg_Turb,2025-04-30 16:51:40+00:00,2025-04-30 16:51:40+00:00,1,89.35,89.35,5.122730593141411,possible_instrumental_spike
Avg_Turb,2025-06-19 10:21:40+00:00,2025-06-19 10:21:40+00:00,1,98.42,98.42,5.65972477529465,possible_instrumental_spike
Avg_Turb,2025-07-18 07:21:40+00:00,2025-07-18 07:21:40+00:00,1,111.62,111.62,6.4412378077558134,possible_instrumental_spike
Avg_Turb,2025-08-04 08:51:40+00:00,2025-08-04 08:51:40+00:00,1,97.71,97.71,5.617688847033481,possible_instrumental_spike
Avg_Turb,2026-02-06 20:21:40+00:00,2026-02-06 20:21:40+00:00,1,90.29,90.29,5.178383793937888,possible_instrumental_spike
Avg_Turb,2026-02-07 15:51:40+00:00,2026-02-07 15:51:40+00:00,1,71.51,71.51,4.066503888663597,possible_instrumental_spike
Avg_Turb,2026-02-07 17:51:40+00:00,2026-02-07 18:21:40+00:00,2,88.97,103.27,5.946871609191365,possible_physical_event
Avg_Turb,2026-02-07 20:21:40+00:00,2026-02-07 20:21:40+00:00,1,97.63,97.63,5.612952404412505,possible_instrumental_spike
Avg_Turb,2026-02-07 21:21:40+00:00,2026-02-07 21:21:40+00:00,1,120.27,120.27,6.9533656661489225,possible_instrumental_spike
Avg_Turb,2026-02-08 17:21:40+00:00,2026-02-08 17:21:40+00:00,1,104.63,104.63,6.02739113374797,possible_instrumental_spike
Avg_Turb,2026-02-08 18:21:40+00:00,2026-02-08 18:21:40+00:00,1,71.93,71.93,4.091370212423726,possible_instrumental_spike
Avg_Turb,2026-02-08 19:51:40+00:00,2026-02-08 19:51:40+00:00,1,98.86,98.86,5.685775209710021,possible_instrumental_spike
Avg_Turb,2026-02-08 20:51:40+00:00,2026-02-08 20:51:40+00:00,1,124.69,124.69,7.2150541209578885,possible_instrumental_spike
Avg_Turb,2026-02-09 08:51:40+00:00,2026-02-09 08:51:40+00:00,1,89.36,89.36,5.123322648469033,possible_instrumental_spike
Avg_Turb,2026-02-10 14:51:40+00:00,2026-02-10 14:51:40+00:00,1,85.53,85.53,4.896565457989772,possible_instrumental_spike
Avg_Turb,2026-02-10 16:21:40+00:00,2026-02-10 16:21:40+00:00,1,75.36,75.36,4.294445189798103,possible_instrumental_spike
Avg_Turb,2026-02-12 17:51:40+00:00,2026-02-12 17:51:40+00:00,1,79.5,79.5,4.5395560954336505,possible_instrumental_spike
Avg_Turb,2026-02-15 18:21:40+00:00,2026-02-15 18:21:40+00:00,1,71.67,71.67,4.075976773905551,possible_instrumental_spike
Avg_Turb,2026-02-28 12:51:40+00:00,2026-02-28 12:51:40+00:00,1,75.88,75.88,4.325232066834452,possible_instrumental_spike
Avg_Turb,2026-04-09 10:21:40+00:00,2026-04-09 10:21:40+00:00,1,74.92,74.92,4.268394755382731,possible_instrumental_spike
Avg_Turb,2026-04-10 11:51:40+00:00,2026-04-10 11:51:40+00:00,1,165.05,165.05,9.604589423240657,possible_instrumental_spike
Avg_Turb,2026-04-10 12:51:40+00:00,2026-04-10 12:51:40+00:00,1,80.48,80.48,4.597577517540615,possible_instrumental_spike
Avg_Turb,2026-04-10 15:21:40+00:00,2026-04-10 15:21:40+00:00,1,110.35,110.35,6.366046781147807,possible_instrumental_spike
Avg_Turb,2026-04-10 16:21:40+00:00,2026-04-10 16:21:40+00:00,1,94.39,94.39,5.421126478262946,possible_instrumental_spike
Avg_Turb,2026-04-10 17:21:40+00:00,2026-04-10 17:21:40+00:00,1,89.48,89.48,5.130427312400498,possible_instrumental_spike
Avg_Turb,2026-04-10 18:21:40+00:00,2026-04-10 18:21:40+00:00,1,99.47,99.47,5.72189058469497,possible_instrumental_spike
Avg_Turb,2026-04-10 19:51:40+00:00,2026-04-10 19:51:40+00:00,1,125.71,125.71,7.275443764375341,possible_instrumental_spike
Avg_Turb,2026-04-11 09:51:40+00:00,2026-04-11 09:51:40+00:00,1,77.87,77.87,4.4430510770312495,possible_instrumental_spike
Avg_Turb,2026-04-13 10:51:40+00:00,2026-04-13 10:51:40+00:00,1,94.09,94.09,5.403364818434285,possible_instrumental_spike
Avg_Turb,2026-04-23 20:51:40+00:00,2026-04-23 20:51:40+00:00,1,71.82,71.82,4.0848576038198825,possible_instrumental_spike
Avg_Turb,2026-04-24 17:21:40+00:00,2026-04-24 17:21:40+00:00,1,101.1,101.1,5.818395603097371,possible_instrumental_spike
Avg_Turb,2026-04-25 15:21:40+00:00,2026-04-25 15:21:40+00:00,1,84.02,84.02,4.807165103518836,possible_instrumental_spike
Avg_Turb,2026-04-26 09:21:40+00:00,2026-04-26 09:21:40+00:00,1,103.29,103.29,5.948055719846609,possible_instrumental_spike
Avg_Turb,2026-04-26 10:51:40+00:00,2026-04-26 12:21:40+00:00,4,71.26,153.97,8.948592120235377,possible_physical_event
Avg_Turb,2026-04-27 09:21:40+00:00,2026-04-27 09:21:40+00:00,1,103.15,103.15,5.939766945259901,possible_instrumental_spike
Avg_Turb,2026-04-27 15:51:40+00:00,2026-04-27 15:51:40+00:00,1,99.43,99.43,5.719522363384482,possible_instrumental_spike
Avg_Turb,2026-04-27 16:51:40+00:00,2026-04-27 17:21:40+00:00,2,73.02,116.1,6.706478594530511,possible_physical_event
Avg_Turb,2026-04-28 11:21:40+00:00,2026-04-28 11:21:40+00:00,1,107.36,107.36,6.189022238188801,possible_instrumental_spike
Avg_Turb,2026-04-28 12:21:40+00:00,2026-04-28 12:21:40+00:00,1,94.37,94.37,5.419942367607703,possible_instrumental_spike
Avg_Turb,2026-04-29 14:21:40+00:00,2026-04-29 14:21:40+00:00,1,77.55,77.55,4.424105306547341,possible_instrumental_spike
Avg_Turb,2026-05-03 14:51:40+00:00,2026-05-03 14:51:40+00:00,1,77.58,77.58,4.425881472530207,possible_instrumental_spike
Avg_Turb,2026-05-04 09:21:40+00:00,2026-05-04 09:21:40+00:00,1,116.82,116.82,6.749106578119301,possible_instrumental_spike
Avg_Turb,2026-05-04 13:51:40+00:00,2026-05-04 13:51:40+00:00,1,93.76,93.76,5.383826992622755,possible_instrumental_spike
Avg_Turb,2026-05-06 09:51:40+00:00,2026-05-06 10:51:40+00:00,3,71.1,97.31,5.594006633928598,possible_physical_event
Avg_Turb,2026-05-06 15:21:40+00:00,2026-05-06 15:21:40+00:00,1,77.27,77.27,4.407527757373923,possible_instrumental_spike
Avg_Turb,2026-05-06 17:51:40+00:00,2026-05-06 17:51:40+00:00,1,83.35,83.35,4.767497396568156,possible_instrumental_spike
Avg_Turb,2026-05-07 15:51:40+00:00,2026-05-07 15:51:40+00:00,1,77.56,77.56,4.424697361874965,possible_instrumental_spike
Avg_Turb,2026-05-08 09:51:40+00:00,2026-05-08 09:51:40+00:00,1,105.86,105.86,6.100213939045487,possible_instrumental_spike
Avg_Turb,2026-05-08 11:51:40+00:00,2026-05-08 11:51:40+00:00,1,103.28,103.28,5.947463664518987,possible_instrumental_spike
Avg_Turb,2026-05-09 12:51:40+00:00,2026-05-09 12:51:40+00:00,1,77.25,77.25,4.406343646718679,possible_instrumental_spike
Avg_Turb,2026-05-10 11:51:40+00:00,2026-05-10 11:51:40+00:00,1,137.53,137.53,7.975253161624656,possible_instrumental_spike
Avg_Turb,2026-05-10 20:51:40+00:00,2026-05-10 20:51:40+00:00,1,99.72,99.72,5.736691967885522,possible_instrumental_spike
Avg_Turb,2026-05-11 15:51:40+00:00,2026-05-11 17:21:40+00:00,3,73.8,166.97,9.718264046144098,possible_physical_event
Avg_Turb,2026-05-11 18:21:40+00:00,2026-05-11 18:21:40+00:00,1,82.57,82.57,4.721317081013632,possible_instrumental_spike
Avg_Turb,2026-05-12 10:21:40+00:00,2026-05-12 10:21:40+00:00,1,131.58,131.58,7.622980241689512,possible_instrumental_spike
Avg_Turb,2026-05-12 12:21:40+00:00,2026-05-12 12:51:40+00:00,2,93.79,126.31,7.310967084032669,possible_physical_event
Avg_Turb,2026-05-12 13:51:40+00:00,2026-05-12 13:51:40+00:00,1,122.66,122.66,7.0948668894506035,possible_instrumental_spike
Avg_Turb,2026-05-14 12:21:40+00:00,2026-05-14 12:21:40+00:00,1,98.27,98.27,5.650843945380318,possible_instrumental_spike
Avg_Turb,2026-05-16 16:21:40+00:00,2026-05-16 16:21:40+00:00,1,93.75,93.75,5.383234937295133,possible_instrumental_spike
Avg_Turb,2026-05-16 18:21:40+00:00,2026-05-16 18:21:40+00:00,1,83.06,83.06,4.750327792067115,possible_instrumental_spike
Avg_Turb,2026-05-18 09:21:40+00:00,2026-05-18 09:21:40+00:00,1,72.91,72.91,4.149391634530691,possible_instrumental_spike
Avg_Turb,2026-05-30 14:51:40+00:00,2026-05-30 14:51:40+00:00,1,78.11,78.11,4.457260404894178,possible_instrumental_spike
Avg_Turb,2026-06-24 17:51:40+00:00,2026-06-24 18:21:40+00:00,2,71.12,102.79,5.918452953465505,possible_physical_event
Avg_Turb,2026-06-24 19:51:40+00:00,2026-06-24 19:51:40+00:00,1,104.21,104.21,6.002524809987841,possible_instrumental_spike
Avg_Turb,2026-07-07 04:51:40+00:00,2026-07-07 04:51:40+00:00,1,87.38,87.38,5.0060956935998595,possible_instrumental_spike
Avg_Turb,2026-07-15 13:51:40+00:00,2026-07-15 13:51:40+00:00,1,96.88,96.88,5.568548254840848,possible_instrumental_spike
Avg_Turb,2026-07-21 15:51:40+00:00,2026-07-21 15:51:40+00:00,1,93.95,93.95,5.395076043847574,possible_instrumental_spike
Avg_Turb,2026-07-22 11:21:40+00:00,2026-07-22 11:21:40+00:00,1,71.2,71.2,4.048150173507312,possible_instrumental_spike
Avg_Turb,2026-07-23 08:21:40+00:00,2026-07-23 08:21:40+00:00,1,71.89,71.89,4.0890019911132365,possible_instrumental_spike
Avg_Turb,2026-07-23 09:51:40+00:00,2026-07-23 09:51:40+00:00,1,119.66,119.66,6.917250291163976,possible_instrumental_spike
Avg_Turb,2026-07-23 14:51:40+00:00,2026-07-23 14:51:40+00:00,1,112.48,112.48,6.492154565931313,possible_instrumental_spike
Avg_Turb,2026-07-23 23:51:40+00:00,2026-07-23 23:51:40+00:00,1,79.17,79.17,4.5200182696221205,possible_instrumental_spike
Avg_Turb,2026-07-24 09:51:40+00:00,2026-07-24 09:51:40+00:00,1,73.73,73.73,4.197940171395702,possible_instrumental_spike
Avg_Chl,2020-05-03 06:21:40+00:00,2020-05-03 06:21:40+00:00,1,4.86,4.86,8.42518945958898,possible_instrumental_spike
Avg_Chl,2020-05-14 17:51:40+00:00,2020-05-14 17:51:40+00:00,1,3.77,3.77,6.2739614119524685,possible_instrumental_spike
Avg_Chl,2020-05-16 19:51:40+00:00,2020-05-16 19:51:40+00:00,1,8.79,8.79,16.181452053360978,possible_instrumental_spike
Avg_Chl,2020-05-16 21:21:40+00:00,2020-05-16 21:21:40+00:00,1,3.08,3.08,4.912174849687156,possible_instrumental_spike
Avg_Chl,2020-05-17 07:51:40+00:00,2020-05-17 07:51:40+00:00,1,2.92,2.92,4.596398255538676,possible_instrumental_spike
Avg_Chl,2020-05-18 18:21:40+00:00,2020-05-18 18:51:40+00:00,2,3.13,4.18,7.083138934457944,possible_physical_event
Avg_Chl,2020-05-19 11:51:40+00:00,2020-05-19 11:51:40+00:00,1,2.76,2.76,4.280621661390198,possible_instrumental_spike
Avg_Chl,2020-05-22 16:21:40+00:00,2020-05-22 16:21:40+00:00,1,2.62,2.62,4.004317141510279,possible_instrumental_spike
Avg_Chl,2020-05-27 13:51:40+00:00,2020-05-27 13:51:40+00:00,1,11.0,11.0,20.54311626003684,possible_instrumental_spike
Avg_Chl,2020-05-27 18:51:40+00:00,2020-05-27 18:51:40+00:00,1,3.4,3.4,5.543728037984112,possible_instrumental_spike
Avg_Chl,2020-05-28 16:51:40+00:00,2020-05-28 16:51:40+00:00,1,2.89,2.89,4.537190144135837,possible_instrumental_spike
Avg_Chl,2020-05-30 18:21:40+00:00,2020-05-30 19:21:40+00:00,3,4.31,7.43,13.497351003098913,possible_physical_event
Avg_Chl,2020-06-01 16:51:40+00:00,2020-06-01 18:21:40+00:00,3,3.16,8.5,15.609106976466864,possible_physical_event
Avg_Chl,2020-07-08 17:51:40+00:00,2020-07-08 17:51:40+00:00,1,3.45,3.45,5.642408223655512,possible_instrumental_spike
Avg_Chl,2020-07-20 02:21:40+00:00,2020-07-20 02:21:40+00:00,1,2.63,2.63,4.024053178644559,possible_instrumental_spike
Avg_Chl,2020-07-20 03:21:40+00:00,2020-07-20 03:21:40+00:00,1,6.02,6.02,10.714569767165447,possible_instrumental_spike
Avg_Chl,2020-07-20 09:21:40+00:00,2020-07-20 10:21:40+00:00,3,2.69,3.81,6.352905560489589,possible_physical_event
Avg_Chl,2020-07-20 11:21:40+00:00,2020-07-20 11:21:40+00:00,1,5.48,5.48,9.648823761914333,possible_instrumental_spike
Avg_Chl,2020-07-20 15:51:40+00:00,2020-07-20 16:21:40+00:00,2,2.75,5.59,9.86592017039141,possible_physical_event
Avg_Chl,2020-07-20 21:21:40+00:00,2020-07-20 21:21:40+00:00,1,5.5,5.5,9.688295836182892,possible_instrumental_spike
Avg_Chl,2020-07-25 02:51:40+00:00,2020-07-25 02:51:40+00:00,1,3.05,3.05,4.852966738284315,possible_instrumental_spike
Avg_Chl,2020-07-26 12:51:40+00:00,2020-07-26 12:51:40+00:00,1,3.42,3.42,5.583200112252672,possible_instrumental_spike
Avg_Chl,2020-08-04 05:21:40+00:00,2020-08-04 05:21:40+00:00,1,10.07,10.07,18.70766480654881,possible_instrumental_spike
Avg_Chl,2020-08-04 15:51:40+00:00,2020-08-04 15:51:40+00:00,1,2.67,2.67,4.102997327181679,possible_instrumental_spike
Avg_Chl,2020-08-05 19:51:40+00:00,2020-08-05 20:21:40+00:00,2,3.49,4.37,7.458123640009263,possible_physical_event
Avg_Chl,2020-08-06 10:51:40+00:00,2020-08-06 11:21:40+00:00,2,3.92,4.48,7.675220048486342,possible_physical_event
Avg_Chl,2020-08-06 23:21:40+00:00,2020-08-06 23:21:40+00:00,1,6.19,6.19,11.050082398448206,possible_instrumental_spike
Avg_Chl,2020-08-07 00:51:40+00:00,2020-08-07 01:51:40+00:00,3,3.35,6.06,10.793513915702567,possible_physical_event
Avg_Chl,2020-08-07 23:21:40+00:00,2020-08-07 23:51:40+00:00,2,3.55,3.78,6.293697449086748,possible_physical_event
Avg_Chl,2020-08-08 01:21:40+00:00,2020-08-08 01:21:40+00:00,1,3.27,3.27,5.287159555238474,possible_instrumental_spike
Avg_Chl,2020-08-08 19:21:40+00:00,2020-08-08 19:21:40+00:00,1,9.14,9.14,16.87221335306078,possible_instrumental_spike
Avg_Chl,2020-08-09 07:51:40+00:00,2020-08-09 07:51:40+00:00,1,3.77,3.77,6.2739614119524685,possible_instrumental_spike
Avg_Chl,2020-08-10 14:21:40+00:00,2020-08-10 14:21:40+00:00,1,3.8,3.8,6.333169523355308,possible_instrumental_spike
Avg_Chl,2020-08-15 15:51:40+00:00,2020-08-15 15:51:40+00:00,1,5.16,5.16,9.017270573617376,possible_instrumental_spike
Avg_Chl,2020-10-18 17:51:40+00:00,2020-10-18 17:51:40+00:00,1,7.73,7.73,14.089432117127313,possible_instrumental_spike
Avg_Chl,2020-10-27 16:51:40+00:00,2020-10-27 16:51:40+00:00,1,3.98,3.98,6.688418191772347,possible_instrumental_spike
Avg_Chl,2020-10-28 12:51:40+00:00,2020-10-28 12:51:40+00:00,1,26.94,26.94,52.00235945207901,possible_instrumental_spike
Avg_Chl,2020-11-01 12:51:40+00:00,2020-11-01 12:51:40+00:00,1,6.69,6.69,12.036884255162201,possible_instrumental_spike
Avg_Chl,2020-11-02 01:21:40+00:00,2020-11-02 01:21:40+00:00,1,11.53,11.53,21.589126228153674,possible_instrumental_spike
Avg_Chl,2020-11-02 10:21:40+00:00,2020-11-02 10:21:40+00:00,1,3.71,3.71,6.155545189146789,possible_instrumental_spike
Avg_Chl,2020-11-02 19:51:40+00:00,2020-11-02 19:51:40+00:00,1,2.87,2.87,4.497718069867277,possible_instrumental_spike
Avg_Chl,2020-11-03 08:51:40+00:00,2020-11-03 08:51:40+00:00,1,6.2,6.2,11.069818435582485,possible_instrumental_spike
Avg_Chl,2020-11-04 13:21:40+00:00,2020-11-04 13:21:40+00:00,1,20.71,20.71,39.70680831742263,possible_instrumental_spike
Avg_Chl,2020-11-07 03:21:40+00:00,2020-11-07 03:21:40+00:00,1,2.68,2.68,4.122733364315959,possible_instrumental_spike
Avg_Chl,2020-11-08 08:21:40+00:00,2020-11-08 08:21:40+00:00,1,4.38,4.38,7.477859677143543,possible_instrumental_spike
Avg_Chl,2020-11-09 01:21:40+00:00,2020-11-09 01:21:40+00:00,1,5.11,5.11,8.918590387945976,possible_instrumental_spike
Avg_Chl,2020-11-11 13:51:40+00:00,2020-11-11 13:51:40+00:00,1,3.3,3.3,5.346367666641313,possible_instrumental_spike
Avg_Chl,2020-11-12 06:51:40+00:00,2020-11-12 06:51:40+00:00,1,8.61,8.61,15.826203384943941,possible_instrumental_spike
Avg_Chl,2020-11-12 09:51:40+00:00,2020-11-12 09:51:40+00:00,1,15.43,15.43,29.28618071052284,possible_instrumental_spike
Avg_Chl,2020-11-12 10:51:40+00:00,2020-11-12 10:51:40+00:00,1,3.82,3.82,6.3726415976238675,possible_instrumental_spike
Avg_Chl,2020-11-13 01:51:40+00:00,2020-11-13 01:51:40+00:00,1,4.62,4.62,7.951524568366261,possible_instrumental_spike
Avg_Chl,2020-11-14 02:51:40+00:00,2020-11-14 02:51:40+00:00,1,3.14,3.14,5.030591072492835,possible_instrumental_spike
Avg_Chl,2020-11-14 13:21:40+00:00,2020-11-14 13:21:40+00:00,1,3.23,3.23,5.2082154067013535,possible_instrumental_spike
Avg_Chl,2020-11-15 04:21:40+00:00,2020-11-15 04:21:40+00:00,1,4.25,4.25,7.221291194397904,possible_instrumental_spike
Avg_Chl,2020-11-16 04:21:40+00:00,2020-11-16 04:21:40+00:00,1,24.37,24.37,46.93019790856908,possible_instrumental_spike
Avg_Chl,2020-11-17 04:21:40+00:00,2020-11-17 04:21:40+00:00,1,7.13,7.13,12.905269889070517,possible_instrumental_spike
Avg_Chl,2020-11-17 05:21:40+00:00,2020-11-17 05:21:40+00:00,1,4.98,4.98,8.662021905200339,possible_instrumental_spike
Avg_Chl,2020-11-17 06:21:40+00:00,2020-11-17 06:21:40+00:00,1,3.7,3.7,6.135809152012509,possible_instrumental_spike
Avg_Chl,2020-11-17 09:51:40+00:00,2020-11-17 09:51:40+00:00,1,4.17,4.17,7.063402897323665,possible_instrumental_spike
Avg_Chl,2020-11-18 05:51:40+00:00,2020-11-18 06:21:40+00:00,2,7.14,52.17,101.79638114186722,possible_physical_event
Avg_Chl,2020-11-18 07:51:40+00:00,2020-11-18 08:21:40+00:00,2,2.97,3.05,4.852966738284315,possible_physical_event
Avg_Chl,2020-11-19 20:51:40+00:00,2020-11-19 21:21:40+00:00,2,4.83,7.54,13.714447411575993,possible_physical_event
Avg_Chl,2020-11-26 01:21:40+00:00,2020-11-26 01:21:40+00:00,1,4.25,4.25,7.221291194397904,possible_instrumental_spike
Avg_Chl,2020-11-27 19:21:40+00:00,2020-11-27 19:21:40+00:00,1,5.07,5.07,8.839646239408857,possible_instrumental_spike
Avg_Chl,2020-11-29 19:51:40+00:00,2020-11-29 19:51:40+00:00,1,2.62,2.62,4.004317141510279,possible_instrumental_spike
Avg_Chl,2020-12-01 14:21:40+00:00,2020-12-01 14:21:40+00:00,1,6.89,6.89,12.4316049978478,possible_instrumental_spike
Avg_Chl,2020-12-01 16:51:40+00:00,2020-12-01 16:51:40+00:00,1,4.27,4.27,7.260763268666463,possible_instrumental_spike
Avg_Chl,2020-12-02 04:51:40+00:00,2020-12-02 05:21:40+00:00,2,3.8,18.85,36.03590541044657,possible_physical_event
Avg_Chl,2020-12-03 05:51:40+00:00,2020-12-03 05:51:40+00:00,1,6.65,6.65,11.957940106625083,possible_instrumental_spike
Avg_Chl,2020-12-10 21:21:40+00:00,2020-12-10 21:21:40+00:00,1,2.65,2.65,4.063525252913119,possible_instrumental_spike
Avg_Chl,2020-12-11 15:21:40+00:00,2020-12-11 15:21:40+00:00,1,4.36,4.36,7.438387602874983,possible_instrumental_spike
Avg_Chl,2020-12-12 00:21:40+00:00,2020-12-12 00:21:40+00:00,1,7.62,7.62,13.872335708650231,possible_instrumental_spike
Avg_Chl,2020-12-12 17:51:40+00:00,2020-12-12 17:51:40+00:00,1,5.24,5.24,9.175158870691615,possible_instrumental_spike
Avg_Chl,2020-12-13 18:21:40+00:00,2020-12-13 18:21:40+00:00,1,17.62,17.62,33.60837284293014,possible_instrumental_spike
Avg_Chl,2020-12-15 04:21:40+00:00,2020-12-15 04:21:40+00:00,1,3.15,3.15,5.050327109627115,possible_instrumental_spike
Avg_Chl,2020-12-17 17:51:40+00:00,2020-12-17 17:51:40+00:00,1,6.5,6.5,11.661899549610883,possible_instrumental_spike
Avg_Chl,2020-12-17 18:51:40+00:00,2020-12-17 18:51:40+00:00,1,6.65,6.65,11.957940106625083,possible_instrumental_spike
Avg_Chl,2020-12-17 19:51:40+00:00,2020-12-17 19:51:40+00:00,1,5.15,5.15,8.997534536483096,possible_instrumental_spike
Avg_Chl,2021-01-02 11:51:40+00:00,2021-01-02 11:51:40+00:00,1,3.34,3.34,5.425311815178432,possible_instrumental_spike
Avg_Chl,2021-12-26 15:21:40+00:00,2021-12-26 15:21:40+00:00,1,2.74,2.74,4.2411495871216385,possible_instrumental_spike
Avg_Chl,2021-12-28 18:21:40+00:00,2021-12-28 19:21:40+00:00,2,2.79,3.29,5.326631629507033,possible_physical_event
Avg_Chl,2021-12-29 20:21:40+00:00,2021-12-29 20:21:40+00:00,1,3.03,3.03,4.813494664015756,possible_instrumental_spike
Avg_Chl,2022-04-24 19:21:40+00:00,2022-04-24 19:21:40+00:00,1,3.34,3.34,5.425311815178432,possible_instrumental_spike
Avg_Chl,2022-07-12 17:21:40+00:00,2022-07-12 17:21:40+00:00,1,2.68,2.68,4.122733364315959,possible_instrumental_spike
Avg_Chl,2022-09-27 11:51:40+00:00,2022-09-27 11:51:40+00:00,1,2.96,2.96,4.6753424040757965,possible_instrumental_spike
Avg_Chl,2023-01-10 12:21:40+00:00,2023-01-10 12:21:40+00:00,1,5.8,5.8,10.28037695021129,possible_instrumental_spike
Avg_Chl,2023-01-10 17:21:40+00:00,2023-01-10 17:21:40+00:00,1,4.8,4.8,8.306773236783298,possible_instrumental_spike
Avg_Chl,2023-01-10 21:51:40+00:00,2023-01-10 21:51:40+00:00,1,16.41,16.41,31.22031234968227,possible_instrumental_spike
Avg_Chl,2023-03-27 20:51:40+00:00,2023-03-27 20:51:40+00:00,1,2.75,2.75,4.260885624255918,possible_instrumental_spike
Avg_Chl,2023-03-31 09:51:40+00:00,2023-03-31 09:51:40+00:00,1,3.54,3.54,5.820032557864031,possible_instrumental_spike
Avg_Chl,2023-03-31 10:51:40+00:00,2023-03-31 11:21:40+00:00,2,4.65,6.2,11.069818435582485,possible_physical_event
Avg_Chl,2023-05-10 18:21:40+00:00,2023-05-10 19:51:40+00:00,3,2.71,2.99,4.734550515478636,possible_physical_event
Avg_Chl,2023-05-14 20:21:40+00:00,2023-05-14 20:21:40+00:00,1,2.79,2.79,4.339829772793038,possible_instrumental_spike
Avg_Chl,2023-06-06 15:21:40+00:00,2023-06-06 15:21:40+00:00,1,4.82,4.82,8.34624531105186,possible_instrumental_spike
Avg_Chl,2023-06-09 10:51:40+00:00,2023-06-09 11:21:40+00:00,2,5.91,8.71,16.023563756286745,possible_physical_event
Avg_Chl,2023-09-11 14:51:40+00:00,2023-09-11 14:51:40+00:00,1,2.64,2.64,4.0437892157788395,possible_instrumental_spike
Avg_Chl,2023-09-23 12:21:40+00:00,2023-09-23 12:51:40+00:00,2,2.72,10.23,19.023441400697287,possible_physical_event
Avg_Chl,2023-10-13 17:51:40+00:00,2023-10-13 17:51:40+00:00,1,3.01,3.01,4.7740225897471955,possible_instrumental_spike
Avg_Chl,2023-10-30 21:21:40+00:00,2023-10-30 21:21:40+00:00,1,3.19,3.19,5.129271258164234,possible_instrumental_spike
Avg_Chl,2023-10-31 21:21:40+00:00,2023-10-31 21:21:40+00:00,1,4.84,4.84,8.385717385320419,possible_instrumental_spike
Avg_Chl,2023-11-02 10:51:40+00:00,2023-11-02 10:51:40+00:00,1,2.93,2.93,4.616134292672957,possible_instrumental_spike
Avg_Chl,2023-11-02 21:21:40+00:00,2023-11-02 21:21:40+00:00,1,3.02,3.02,4.793758626881476,possible_instrumental_spike
Avg_Chl,2023-11-02 22:51:40+00:00,2023-11-02 22:51:40+00:00,1,3.55,3.55,5.8397685949983105,possible_instrumental_spike
Avg_Chl,2023-11-03 03:21:40+00:00,2023-11-03 03:21:40+00:00,1,3.32,3.32,5.385839740909873,possible_instrumental_spike
Avg_Chl,2023-11-25 09:51:40+00:00,2023-11-25 10:21:40+00:00,2,3.24,8.9,16.39854846183806,possible_physical_event
Avg_Chl,2023-12-09 10:51:40+00:00,2023-12-09 10:51:40+00:00,1,4.13,4.13,6.984458748786545,possible_instrumental_spike
Avg_Chl,2023-12-12 20:21:40+00:00,2023-12-12 20:21:40+00:00,1,5.41,5.41,9.510671501974373,possible_instrumental_spike
Avg_Chl,2023-12-16 19:21:40+00:00,2023-12-16 19:21:40+00:00,1,16.72,16.72,31.832129500844943,possible_instrumental_spike
Avg_Chl,2023-12-20 15:51:40+00:00,2023-12-20 15:51:40+00:00,1,2.66,2.66,4.0832612900474,possible_instrumental_spike
Avg_Chl,2024-01-22 17:21:40+00:00,2024-01-22 17:21:40+00:00,1,3.25,3.25,5.247687480969914,possible_instrumental_spike
Avg_Chl,2024-01-28 04:21:40+00:00,2024-01-28 04:21:40+00:00,1,7.24,7.24,13.122366297547597,possible_instrumental_spike
Avg_Chl,2024-02-03 17:51:40+00:00,2024-02-03 17:51:40+00:00,1,3.65,3.65,6.037128966341109,possible_instrumental_spike
Avg_Chl,2024-02-07 05:51:40+00:00,2024-02-07 06:21:40+00:00,2,2.88,3.42,5.583200112252672,possible_physical_event
Avg_Chl,2024-02-08 06:21:40+00:00,2024-02-08 06:21:40+00:00,1,3.26,3.26,5.267423518104193,possible_instrumental_spike
Avg_Chl,2024-02-08 07:21:40+00:00,2024-02-08 07:21:40+00:00,1,4.41,4.41,7.537067788546383,possible_instrumental_spike
Avg_Chl,2024-02-11 03:51:40+00:00,2024-02-11 03:51:40+00:00,1,4.59,4.59,7.892316456963421,possible_instrumental_spike
Avg_Chl,2024-02-18 08:21:40+00:00,2024-02-18 08:21:40+00:00,1,4.43,4.43,7.576539862814942,possible_instrumental_spike
Avg_Chl,2024-02-19 10:21:40+00:00,2024-02-19 10:21:40+00:00,1,14.06,14.06,26.58234362312649,possible_instrumental_spike
Avg_Chl,2024-02-20 04:51:40+00:00,2024-02-20 04:51:40+00:00,1,4.45,4.45,7.616011937083503,possible_instrumental_spike
Avg_Chl,2024-02-23 03:21:40+00:00,2024-02-23 05:21:40+00:00,5,3.09,6.05,10.773777878568287,possible_physical_event
Avg_Chl,2024-02-23 06:21:40+00:00,2024-02-23 06:21:40+00:00,1,3.52,3.52,5.780560483595471,possible_instrumental_spike
Avg_Chl,2024-02-26 08:51:40+00:00,2024-02-26 08:51:40+00:00,1,5.25,5.25,9.194894907825894,possible_instrumental_spike
Avg_Chl,2024-03-01 12:21:40+00:00,2024-03-01 12:21:40+00:00,1,5.11,5.11,8.918590387945976,possible_instrumental_spike
Avg_Chl,2024-03-04 04:21:40+00:00,2024-03-04 04:21:40+00:00,1,3.18,3.18,5.1095352210299545,possible_instrumental_spike
Avg_Chl,2024-03-04 07:21:40+00:00,2024-03-04 07:51:40+00:00,2,4.99,7.42,13.477614965964634,possible_physical_event
Avg_Chl,2024-03-08 04:51:40+00:00,2024-03-08 04:51:40+00:00,1,3.94,3.94,6.609474043235227,possible_instrumental_spike
Avg_Chl,2024-03-09 07:21:40+00:00,2024-03-09 07:21:40+00:00,1,5.19,5.19,9.076478685020216,possible_instrumental_spike
Avg_Chl,2024-03-10 01:51:40+00:00,2024-03-10 02:21:40+00:00,2,3.49,23.23,44.680289675261164,possible_physical_event
Avg_Chl,2024-03-12 16:51:40+00:00,2024-03-12 16:51:40+00:00,1,4.76,4.76,8.227829088246178,possible_instrumental_spike
Avg_Chl,2024-03-12 20:51:40+00:00,2024-03-12 20:51:40+00:00,1,4.28,4.28,7.280499305800745,possible_instrumental_spike
Avg_Chl,2024-03-18 07:21:40+00:00,2024-03-18 07:51:40+00:00,2,3.34,4.15,7.023930823055106,possible_physical_event
Avg_Chl,2024-03-21 07:51:40+00:00,2024-03-21 07:51:40+00:00,1,2.97,2.97,4.695078441210077,possible_instrumental_spike
Avg_Chl,2024-03-27 22:51:40+00:00,2024-03-28 01:51:40+00:00,6,2.64,17.16,32.70051513475326,possible_physical_event
Avg_Chl,2024-03-31 21:51:40+00:00,2024-03-31 21:51:40+00:00,1,5.05,5.05,8.800174165140296,possible_instrumental_spike
Avg_Chl,2024-04-12 00:51:40+00:00,2024-04-12 01:51:40+00:00,3,5.92,6.48,11.622427475342324,possible_physical_event
Avg_Chl,2024-10-05 00:51:40+00:00,2024-10-05 00:51:40+00:00,1,2.79,2.79,4.339829772793038,possible_instrumental_spike
Avg_Chl,2024-10-07 09:21:40+00:00,2024-10-07 09:21:40+00:00,1,3.42,3.42,5.583200112252672,possible_instrumental_spike
Avg_Chl,2024-10-08 18:51:40+00:00,2024-10-08 18:51:40+00:00,1,3.15,3.15,5.050327109627115,possible_instrumental_spike
Avg_Chl,2024-11-06 12:21:40+00:00,2024-11-06 12:21:40+00:00,1,2.86,2.86,4.477982032732997,possible_instrumental_spike
Avg_Chl,2024-11-06 20:21:40+00:00,2024-11-06 23:21:40+00:00,7,2.62,3.36,5.464783889446992,possible_physical_event
Avg_Chl,2024-11-07 10:21:40+00:00,2024-11-07 11:21:40+00:00,3,2.75,3.69,6.11607311487823,possible_physical_event
Avg_Chl,2024-11-10 01:21:40+00:00,2024-11-10 02:51:40+00:00,4,2.63,2.96,4.6753424040757965,possible_physical_event
Avg_Chl,2024-11-10 13:51:40+00:00,2024-11-10 17:51:40+00:00,9,3.28,7.73,14.089432117127313,possible_physical_event
Avg_Chl,2024-11-10 18:51:40+00:00,2024-11-10 18:51:40+00:00,1,2.71,2.71,4.181941475718799,possible_instrumental_spike
Avg_Chl,2024-11-10 19:51:40+00:00,2024-11-10 21:21:40+00:00,4,2.64,3.34,5.425311815178432,possible_physical_event
Avg_Chl,2024-11-11 00:51:40+00:00,2024-11-11 04:21:40+00:00,8,2.73,3.64,6.01739292920683,possible_physical_event
Avg_Chl,2024-11-11 20:21:40+00:00,2024-11-11 20:21:40+00:00,1,3.09,3.09,4.931910886821435,possible_instrumental_spike
Avg_Chl,2024-11-16 18:21:40+00:00,2024-11-16 18:21:40+00:00,1,2.72,2.72,4.201677512853079,possible_instrumental_spike
Avg_Chl,2024-11-16 22:21:40+00:00,2024-11-16 22:51:40+00:00,2,2.63,2.69,4.142469401450239,possible_physical_event
Avg_Chl,2024-11-17 09:51:40+00:00,2024-11-17 11:21:40+00:00,4,2.64,3.92,6.570001968966667,possible_physical_event
Avg_Chl,2025-04-04 02:21:40+00:00,2025-04-04 03:21:40+00:00,3,3.45,6.43,11.523747289670922,possible_physical_event
Avg_Chl,2025-05-25 20:51:40+00:00,2025-05-25 20:51:40+00:00,1,4.43,4.43,7.576539862814942,possible_instrumental_spike
Avg_Chl,2025-05-26 10:21:40+00:00,2025-05-26 10:51:40+00:00,2,3.73,14.37,27.194160774289166,possible_physical_event
Avg_Chl,2025-05-28 18:21:40+00:00,2025-05-28 18:21:40+00:00,1,2.83,2.83,4.418773921330158,possible_instrumental_spike
Avg_Chl,2025-05-29 06:21:40+00:00,2025-05-29 06:21:40+00:00,1,9.45,9.45,17.484030504223455,possible_instrumental_spike
Avg_Chl,2025-07-09 21:51:40+00:00,2025-07-09 23:21:40+00:00,4,31.64,58.18,113.65773945956943,possible_physical_event
Avg_CDOM,2020-02-24 16:21:40+00:00,2020-02-24 16:21:40+00:00,1,42.18,42.18,22.035961416987146,possible_instrumental_spike
Avg_CDOM,2020-02-29 06:21:40+00:00,2020-02-29 06:21:40+00:00,1,17.77,17.77,8.992947855795936,possible_instrumental_spike
Avg_CDOM,2020-07-27 10:21:40+00:00,2020-07-27 10:21:40+00:00,1,10.58,10.58,5.151109776936257,possible_instrumental_spike
Avg_CDOM,2020-07-31 12:51:40+00:00,2020-07-31 12:51:40+00:00,1,10.79,10.79,5.26331923403786,possible_instrumental_spike
Avg_CDOM,2020-10-27 10:21:40+00:00,2020-10-27 10:21:40+00:00,1,9.03,9.03,4.322897117376798,possible_instrumental_spike
Avg_CDOM,2021-03-23 19:21:40+00:00,2021-03-23 19:21:40+00:00,1,11.09,11.09,5.423618458468724,possible_instrumental_spike
Avg_CDOM,2021-11-25 09:21:40+00:00,2021-11-25 09:21:40+00:00,1,17.86,17.86,9.041037623125195,possible_instrumental_spike
Avg_CDOM,2022-11-30 04:51:40+00:00,2022-11-30 04:51:40+00:00,1,45.12,45.12,23.6068938164096,possible_instrumental_spike
Avg_CDOM,2022-12-10 14:51:40+00:00,2022-12-10 14:51:40+00:00,1,15.72,15.72,7.897569822185041,possible_instrumental_spike
Avg_CDOM,2023-01-10 16:21:40+00:00,2023-01-10 16:51:40+00:00,2,8.86,11.45,5.615977527785758,possible_physical_event
Avg_CDOM,2023-01-12 17:21:40+00:00,2023-01-12 17:21:40+00:00,1,8.99,8.99,4.301523887452683,possible_instrumental_spike
Avg_CDOM,2023-05-20 16:21:40+00:00,2023-05-20 16:21:40+00:00,1,24.66,24.66,12.674486710224754,possible_instrumental_spike
Avg_CDOM,2023-06-05 16:51:40+00:00,2023-06-05 17:21:40+00:00,2,39.05,81.82,43.21683227178516,possible_physical_event
Avg_CDOM,2023-06-07 14:51:40+00:00,2023-06-07 14:51:40+00:00,1,35.37,35.37,18.397169022406555,possible_instrumental_spike
Avg_CDOM,2023-06-08 09:21:40+00:00,2023-06-08 09:21:40+00:00,1,9.88,9.88,4.777078253264244,possible_instrumental_spike
Avg_CDOM,2023-06-08 13:21:40+00:00,2023-06-08 13:21:40+00:00,1,12.87,12.87,6.374727190091843,possible_instrumental_spike
Avg_CDOM,2023-06-09 09:21:40+00:00,2023-06-09 09:21:40+00:00,1,32.16,32.16,16.681967320996325,possible_instrumental_spike
Avg_CDOM,2023-06-09 10:51:40+00:00,2023-06-09 10:51:40+00:00,1,34.34,34.34,17.8468083518606,possible_instrumental_spike
Avg_CDOM,2023-06-17 10:51:40+00:00,2023-06-17 10:51:40+00:00,1,11.07,11.07,5.412931843506666,possible_instrumental_spike
Avg_CDOM,2023-06-17 18:51:40+00:00,2023-06-17 18:51:40+00:00,1,16.53,16.53,8.33037772814837,possible_instrumental_spike
Avg_CDOM,2023-09-05 14:51:40+00:00,2023-09-05 15:21:40+00:00,2,32.39,53.24,27.945659491004957,possible_physical_event
Avg_CDOM,2023-09-06 05:21:40+00:00,2023-09-06 05:21:40+00:00,1,17.48,17.48,8.837991938846102,possible_instrumental_spike
Avg_CDOM,2023-09-06 12:51:40+00:00,2023-09-06 13:21:40+00:00,2,11.14,18.78,9.532621911379842,possible_physical_event
Avg_CDOM,2023-09-10 09:21:40+00:00,2023-09-10 10:21:40+00:00,3,11.15,21.9,11.199733845460814,possible_physical_event
Avg_CDOM,2023-09-11 19:51:40+00:00,2023-09-11 20:21:40+00:00,2,12.4,13.35,6.631205949181223,possible_physical_event
Avg_CDOM,2023-09-11 21:21:40+00:00,2023-09-11 21:21:40+00:00,1,9.12,9.12,4.370986884706057,possible_instrumental_spike
Avg_CDOM,2023-09-12 11:21:40+00:00,2023-09-12 12:21:40+00:00,3,12.27,35.14,18.274272950342898,possible_physical_event
Avg_CDOM,2023-09-12 16:51:40+00:00,2023-09-12 17:51:40+00:00,3,9.66,12.78,6.326637422762584,possible_physical_event
Avg_CDOM,2023-09-12 19:51:40+00:00,2023-09-12 20:21:40+00:00,2,9.74,25.59,13.171414305960429,possible_physical_event
Avg_CDOM,2023-09-14 13:21:40+00:00,2023-09-14 13:21:40+00:00,1,9.28,9.28,4.456479804402517,possible_instrumental_spike
Avg_CDOM,2023-09-14 15:21:40+00:00,2023-09-14 15:51:40+00:00,2,10.74,18.09,9.163933695188856,possible_physical_event
Avg_CDOM,2023-09-15 12:51:40+00:00,2023-09-15 12:51:40+00:00,1,13.45,13.45,6.684639023991511,possible_instrumental_spike
Avg_CDOM,2023-09-15 14:21:40+00:00,2023-09-15 15:21:40+00:00,3,9.23,16.49,8.309004498224255,possible_physical_event
Avg_CDOM,2023-09-15 17:51:40+00:00,2023-09-15 17:51:40+00:00,1,9.4,9.4,4.520599494174863,possible_instrumental_spike
Avg_CDOM,2023-09-16 15:51:40+00:00,2023-09-16 15:51:40+00:00,1,24.31,24.31,12.487470948388745,possible_instrumental_spike
Avg_CDOM,2023-09-16 18:51:40+00:00,2023-09-16 18:51:40+00:00,1,12.21,12.21,6.022068896343945,possible_instrumental_spike
Avg_CDOM,2023-09-17 10:51:40+00:00,2023-09-17 10:51:40+00:00,1,8.71,8.71,4.151911277983879,possible_instrumental_spike
Avg_CDOM,2023-09-17 12:21:40+00:00,2023-09-17 13:21:40+00:00,3,11.53,14.14,7.0533272401824965,possible_physical_event
Avg_CDOM,2023-09-19 14:51:40+00:00,2023-09-19 16:21:40+00:00,4,12.02,56.85,29.87459349165634,possible_physical_event
Avg_CDOM,2023-09-20 11:21:40+00:00,2023-09-20 12:21:40+00:00,3,14.81,33.36,17.323164218719775,possible_physical_event
Avg_CDOM,2023-09-20 13:21:40+00:00,2023-09-20 13:51:40+00:00,2,24.2,32.99,17.125461841921712,possible_physical_event
Avg_CDOM,2023-09-21 11:21:40+00:00,2023-09-21 11:21:40+00:00,1,10.7,10.7,5.215229466708601,possible_instrumental_spike
Avg_CDOM,2023-09-21 12:21:40+00:00,2023-09-21 12:21:40+00:00,1,21.21,21.21,10.83104562926983,possible_instrumental_spike
Avg_CDOM,2023-09-26 19:21:40+00:00,2023-09-26 19:21:40+00:00,1,16.62,16.62,8.37846749547763,possible_instrumental_spike
Avg_CDOM,2023-09-29 16:21:40+00:00,2023-09-29 16:21:40+00:00,1,66.46,66.46,35.00951198092498,possible_instrumental_spike
Avg_CDOM,2023-10-12 09:51:40+00:00,2023-10-12 09:51:40+00:00,1,9.2,9.2,4.413733344554287,possible_instrumental_spike
Avg_CDOM,2023-10-13 16:51:40+00:00,2023-10-13 16:51:40+00:00,1,12.26,12.26,6.048785433749089,possible_instrumental_spike
Avg_CDOM,2023-10-13 17:51:40+00:00,2023-10-13 17:51:40+00:00,1,14.77,14.77,7.3899556114873075,possible_instrumental_spike
Avg_CDOM,2023-10-14 09:51:40+00:00,2023-10-14 10:51:40+00:00,3,29.72,35.58,18.50937847950816,possible_physical_event
Avg_CDOM,2023-10-15 09:51:40+00:00,2023-10-15 09:51:40+00:00,1,9.4,9.4,4.520599494174863,possible_instrumental_spike
Avg_CDOM,2023-10-16 09:51:40+00:00,2023-10-16 09:51:40+00:00,1,8.66,8.66,4.125194740578734,possible_instrumental_spike
Avg_CDOM,2023-10-23 18:21:40+00:00,2023-10-23 18:51:40+00:00,2,11.48,19.58,9.960086509862142,possible_physical_event
Avg_CDOM,2023-10-25 10:51:40+00:00,2023-10-25 10:51:40+00:00,1,30.6,30.6,15.84841135395584,possible_instrumental_spike
Avg_CDOM,2023-10-25 12:21:40+00:00,2023-10-25 12:21:40+00:00,1,8.65,8.65,4.119851433097706,possible_instrumental_spike
Avg_CDOM,2023-10-29 01:21:40+00:00,2023-10-29 01:21:40+00:00,1,21.16,21.16,10.804329091864687,possible_instrumental_spike
Avg_CDOM,2023-11-01 10:51:40+00:00,2023-11-01 10:51:40+00:00,1,10.31,10.31,5.00684047494848,possible_instrumental_spike
Avg_CDOM,2023-11-01 16:21:40+00:00,2023-11-01 16:21:40+00:00,1,43.19,43.19,22.575635472571047,possible_instrumental_spike
Avg_CDOM,2023-11-02 12:21:40+00:00,2023-11-02 13:51:40+00:00,4,24.63,56.76,29.82650372432708,possible_physical_event
Avg_CDOM,2023-11-03 10:21:40+00:00,2023-11-03 10:21:40+00:00,1,19.73,19.73,10.040236122077575,possible_instrumental_spike
Avg_CDOM,2023-11-04 13:51:40+00:00,2023-11-04 13:51:40+00:00,1,21.8,21.8,11.146300770650528,possible_instrumental_spike
Avg_CDOM,2023-11-05 09:51:40+00:00,2023-11-05 09:51:40+00:00,1,9.02,9.02,4.317553809895769,possible_instrumental_spike
Avg_CDOM,2023-11-05 13:51:40+00:00,2023-11-05 14:51:40+00:00,3,9.16,13.17,6.535026414522706,possible_physical_event
Avg_CDOM,2023-11-05 19:21:40+00:00,2023-11-05 19:21:40+00:00,1,12.44,12.44,6.1449649684076055,possible_instrumental_spike
Avg_CDOM,2023-11-06 10:51:40+00:00,2023-11-06 10:51:40+00:00,1,13.6,13.6,6.7647886362069425,possible_instrumental_spike
Avg_CDOM,2023-11-06 11:51:40+00:00,2023-11-06 11:51:40+00:00,1,11.76,11.76,5.781620059697651,possible_instrumental_spike
Avg_CDOM,2023-11-06 12:51:40+00:00,2023-11-06 13:21:40+00:00,2,8.55,9.68,4.670212103643668,possible_physical_event
Avg_CDOM,2023-11-06 20:21:40+00:00,2023-11-06 20:51:40+00:00,2,16.95,18.64,9.45781560664544,possible_physical_event
Avg_CDOM,2023-11-09 08:21:40+00:00,2023-11-09 09:51:40+00:00,4,12.85,18.55,9.409725839316181,possible_physical_event
Avg_CDOM,2023-11-14 09:51:40+00:00,2023-11-14 10:51:40+00:00,3,23.92,82.28,43.46262441591249,possible_physical_event
Avg_CDOM,2023-11-17 12:21:40+00:00,2023-11-17 14:51:40+00:00,6,10.31,59.51,31.295913281609987,possible_physical_event
Avg_CDOM,2023-11-18 20:51:40+00:00,2023-11-18 20:51:40+00:00,1,8.89,8.89,4.248090812642396,possible_instrumental_spike
Avg_CDOM,2023-11-25 08:21:40+00:00,2023-11-25 09:21:40+00:00,3,20.68,28.43,14.688913630572596,possible_physical_event
Avg_CDOM,2023-11-25 10:21:40+00:00,2023-11-25 10:21:40+00:00,1,14.93,14.93,7.475448531183768,possible_instrumental_spike
Avg_CDOM,2023-11-26 10:21:40+00:00,2023-11-26 10:21:40+00:00,1,42.21,42.21,22.05199133943023,possible_instrumental_spike
Avg_CDOM,2023-11-26 11:21:40+00:00,2023-11-26 11:21:40+00:00,1,17.86,17.86,9.041037623125195,possible_instrumental_spike
Avg_CDOM,2023-12-01 09:51:40+00:00,2023-12-01 09:51:40+00:00,1,10.12,10.12,4.905317632808933,possible_instrumental_spike
Avg_CDOM,2023-12-01 13:51:40+00:00,2023-12-01 14:21:40+00:00,2,13.87,14.97,7.496821761107883,possible_physical_event
Avg_CDOM,2023-12-06 13:51:40+00:00,2023-12-06 13:51:40+00:00,1,20.63,20.63,10.521133795370162,possible_instrumental_spike
Avg_CDOM,2023-12-07 20:21:40+00:00,2023-12-07 20:51:40+00:00,2,11.52,12.16,5.995352358938801,possible_physical_event
Avg_CDOM,2023-12-08 18:51:40+00:00,2023-12-08 18:51:40+00:00,1,30.43,30.43,15.757575126778349,possible_instrumental_spike
Avg_CDOM,2023-12-09 10:51:40+00:00,2023-12-09 10:51:40+00:00,1,10.2,10.2,4.948064092657163,possible_instrumental_spike
Avg_CDOM,2023-12-11 11:51:40+00:00,2023-12-11 11:51:40+00:00,1,12.94,12.94,6.412130342459044,possible_instrumental_spike
Avg_CDOM,2023-12-12 17:51:40+00:00,2023-12-12 17:51:40+00:00,1,8.8,8.8,4.200001045313138,possible_instrumental_spike
Avg_CDOM,2023-12-12 20:51:40+00:00,2023-12-12 21:21:40+00:00,2,13.31,20.04,10.205878653989465,possible_physical_event
Avg_CDOM,2023-12-16 19:21:40+00:00,2023-12-16 19:21:40+00:00,1,12.64,12.64,6.251831118028182,possible_instrumental_spike
Avg_CDOM,2023-12-17 16:21:40+00:00,2023-12-17 16:21:40+00:00,1,8.46,8.46,4.018328590958159,possible_instrumental_spike
Avg_CDOM,2023-12-17 18:51:40+00:00,2023-12-17 19:21:40+00:00,2,11.03,13.44,6.679295716510482,possible_physical_event
Avg_CDOM,2023-12-18 03:51:40+00:00,2023-12-18 03:51:40+00:00,1,22.69,22.69,11.621855136462088,possible_instrumental_spike
Avg_CDOM,2023-12-20 12:51:40+00:00,2023-12-20 12:51:40+00:00,1,27.31,27.31,14.090463192697374,possible_instrumental_spike
Avg_CDOM,2023-12-20 15:21:40+00:00,2023-12-20 15:21:40+00:00,1,10.54,10.54,5.129736547012141,possible_instrumental_spike
Avg_CDOM,2023-12-20 16:51:40+00:00,2023-12-20 16:51:40+00:00,1,13.22,13.22,6.56174295192785,possible_instrumental_spike
Avg_CDOM,2023-12-20 18:21:40+00:00,2023-12-20 18:21:40+00:00,1,14.23,14.23,7.101417007511755,possible_instrumental_spike
Avg_CDOM,2023-12-25 07:51:40+00:00,2023-12-25 07:51:40+00:00,1,13.62,13.62,6.7754752511689995,possible_instrumental_spike
Avg_CDOM,2023-12-25 14:21:40+00:00,2023-12-25 14:21:40+00:00,1,18.16,18.16,9.201336847556059,possible_instrumental_spike
Avg_CDOM,2023-12-27 15:51:40+00:00,2023-12-27 15:51:40+00:00,1,11.83,11.83,5.8190232120648515,possible_instrumental_spike
Avg_CDOM,2023-12-29 16:21:40+00:00,2023-12-29 16:21:40+00:00,1,10.3,10.3,5.001497167467451,possible_instrumental_spike
Avg_CDOM,2024-01-02 16:21:40+00:00,2024-01-02 16:21:40+00:00,1,8.63,8.63,4.109164818135648,possible_instrumental_spike
Avg_CDOM,2024-01-04 13:21:40+00:00,2024-01-04 13:21:40+00:00,1,10.96,10.96,5.35415546121535,possible_instrumental_spike
Avg_CDOM,2024-01-04 15:51:40+00:00,2024-01-04 15:51:40+00:00,1,25.68,25.68,13.219504073289688,possible_instrumental_spike
Avg_CDOM,2024-01-06 00:21:40+00:00,2024-01-06 00:21:40+00:00,1,32.15,32.15,16.676624013515294,possible_instrumental_spike
Avg_CDOM,2024-01-06 03:51:40+00:00,2024-01-06 04:21:40+00:00,2,39.05,45.61,23.86871588298001,possible_physical_event
Avg_CDOM,2024-01-13 16:21:40+00:00,2024-01-13 16:21:40+00:00,1,10.11,10.11,4.8999743253279044,possible_instrumental_spike
Avg_CDOM,2024-01-13 18:21:40+00:00,2024-01-13 18:21:40+00:00,1,9.32,9.32,4.477853034326633,possible_instrumental_spike
Avg_CDOM,2024-01-14 08:21:40+00:00,2024-01-14 08:21:40+00:00,1,11.99,11.99,5.904516131761312,possible_instrumental_spike
Avg_CDOM,2024-01-14 13:51:40+00:00,2024-01-14 13:51:40+00:00,1,22.85,22.85,11.707348056158548,possible_instrumental_spike
Avg_CDOM,2024-01-14 14:51:40+00:00,2024-01-14 14:51:40+00:00,1,15.63,15.63,7.849480054855782,possible_instrumental_spike
Avg_CDOM,2024-01-15 14:51:40+00:00,2024-01-15 14:51:40+00:00,1,8.65,8.65,4.119851433097706,possible_instrumental_spike
Avg_CDOM,2024-01-16 12:21:40+00:00,2024-01-16 12:21:40+00:00,1,14.68,14.68,7.341865844158049,possible_instrumental_spike
Avg_CDOM,2024-01-16 13:51:40+00:00,2024-01-16 13:51:40+00:00,1,19.49,19.49,9.911996742532883,possible_instrumental_spike
Avg_CDOM,2024-01-19 22:21:40+00:00,2024-01-19 22:21:40+00:00,1,17.05,17.05,8.608229717161866,possible_instrumental_spike
Avg_CDOM,2024-01-22 20:21:40+00:00,2024-01-22 20:21:40+00:00,1,11.2,11.2,5.48239484076004,possible_instrumental_spike
Avg_CDOM,2024-01-25 12:51:40+00:00,2024-01-25 12:51:40+00:00,1,20.75,20.75,10.585253485142507,possible_instrumental_spike
Avg_CDOM,2024-01-25 18:21:40+00:00,2024-01-25 19:21:40+00:00,3,18.96,20.42,10.408924338268559,possible_physical_event
Avg_CDOM,2024-01-26 01:21:40+00:00,2024-01-26 01:51:40+00:00,2,13.18,18.83,9.559338448784985,possible_physical_event
Avg_CDOM,2024-01-27 00:51:40+00:00,2024-01-27 00:51:40+00:00,1,34.87,34.87,18.130003648355117,possible_instrumental_spike
Avg_CDOM,2024-01-28 02:51:40+00:00,2024-01-28 02:51:40+00:00,1,30.35,30.35,15.71482866693012,possible_instrumental_spike
Avg_CDOM,2024-01-28 08:21:40+00:00,2024-01-28 08:51:40+00:00,2,9.14,10.82,5.279349156480947,possible_physical_event
Avg_CDOM,2024-01-30 19:21:40+00:00,2024-01-30 19:21:40+00:00,1,8.52,8.52,4.050388435844331,possible_instrumental_spike
Avg_CDOM,2024-01-31 06:21:40+00:00,2024-01-31 07:51:40+00:00,4,19.11,25.77,13.267593840618947,possible_physical_event
Avg_CDOM,2024-01-31 22:21:40+00:00,2024-01-31 22:21:40+00:00,1,23.73,23.73,12.177559114489078,possible_instrumental_spike
Avg_CDOM,2024-02-01 05:21:40+00:00,2024-02-01 06:21:40+00:00,3,11.3,47.61,24.93737737918576,possible_physical_event
Avg_CDOM,2024-02-01 10:21:40+00:00,2024-02-01 10:51:40+00:00,2,8.69,10.14,4.916004247770991,possible_physical_event
Avg_CDOM,2024-02-01 11:51:40+00:00,2024-02-01 11:51:40+00:00,1,8.86,8.86,4.2320608901993095,possible_instrumental_spike
Avg_CDOM,2024-02-02 02:51:40+00:00,2024-02-02 02:51:40+00:00,1,24.57,24.57,12.626396942895495,possible_instrumental_spike
Avg_CDOM,2024-02-02 06:21:40+00:00,2024-02-02 06:21:40+00:00,1,19.56,19.56,9.949399894900084,possible_instrumental_spike
Avg_CDOM,2024-02-03 02:21:40+00:00,2024-02-03 02:21:40+00:00,1,8.77,8.77,4.183971122870051,possible_instrumental_spike
Avg_CDOM,2024-02-03 05:21:40+00:00,2024-02-03 05:21:40+00:00,1,25.34,25.34,13.037831618934709,possible_instrumental_spike
Avg_CDOM,2024-02-03 07:21:40+00:00,2024-02-03 08:21:40+00:00,3,11.8,14.7,7.352552459120106,possible_physical_event
Avg_CDOM,2024-02-03 18:21:40+00:00,2024-02-03 18:51:40+00:00,2,10.39,11.79,5.797649982140737,possible_physical_event
Avg_CDOM,2024-02-04 01:21:40+00:00,2024-02-04 01:21:40+00:00,1,18.99,18.99,9.644831368481444,possible_instrumental_spike
Avg_CDOM,2024-02-04 04:51:40+00:00,2024-02-04 05:21:40+00:00,2,10.78,35.79,18.621587936609764,possible_physical_event
Avg_CDOM,2024-02-05 00:21:40+00:00,2024-02-05 00:21:40+00:00,1,9.05,9.05,4.333583732338856,possible_instrumental_spike
Avg_CDOM,2024-02-06 00:21:40+00:00,2024-02-06 00:51:40+00:00,2,13.44,19.0,9.650174675962473,possible_physical_event
Avg_CDOM,2024-02-06 06:51:40+00:00,2024-02-06 06:51:40+00:00,1,24.37,24.37,12.51953079327492,possible_instrumental_spike
Avg_CDOM,2024-02-07 01:51:40+00:00,2024-02-07 01:51:40+00:00,1,13.58,13.58,6.7541020212448855,possible_instrumental_spike
Avg_CDOM,2024-02-07 03:51:40+00:00,2024-02-07 03:51:40+00:00,1,12.56,12.56,6.209084658179951,possible_instrumental_spike
Avg_CDOM,2024-02-07 07:21:40+00:00,2024-02-07 07:21:40+00:00,1,14.17,14.17,7.0693571626255824,possible_instrumental_spike
Avg_CDOM,2024-02-07 23:51:40+00:00,2024-02-07 23:51:40+00:00,1,37.88,37.88,19.73833920014478,possible_instrumental_spike
Avg_CDOM,2024-02-08 01:21:40+00:00,2024-02-08 01:51:40+00:00,2,18.19,23.85,12.241678804261424,possible_physical_event
Avg_CDOM,2024-02-08 06:21:40+00:00,2024-02-08 06:51:40+00:00,2,10.96,11.25,5.5091113781651835,possible_physical_event
Avg_CDOM,2024-02-09 07:21:40+00:00,2024-02-09 08:21:40+00:00,3,8.63,9.65,4.654182181200582,possible_physical_event
Avg_CDOM,2024-02-10 02:21:40+00:00,2024-02-10 02:51:40+00:00,2,89.74,106.47,56.38808521252106,possible_physical_event
Avg_CDOM,2024-02-11 03:21:40+00:00,2024-02-11 03:21:40+00:00,1,27.92,27.92,14.41640494904013,possible_instrumental_spike
Avg_CDOM,2024-02-11 15:21:40+00:00,2024-02-11 15:21:40+00:00,1,9.69,9.69,4.675555411124696,possible_instrumental_spike
Avg_CDOM,2024-02-12 07:21:40+00:00,2024-02-12 07:21:40+00:00,1,9.76,9.76,4.712958563491898,possible_instrumental_spike
Avg_CDOM,2024-02-14 04:51:40+00:00,2024-02-14 05:51:40+00:00,3,30.26,80.8,42.67181490872023,possible_physical_event
Avg_CDOM,2024-02-15 05:21:40+00:00,2024-02-15 05:21:40+00:00,1,26.95,26.95,13.898104123380339,possible_instrumental_spike
Avg_CDOM,2024-02-15 07:51:40+00:00,2024-02-15 08:21:40+00:00,2,21.73,32.97,17.114775226959654,possible_physical_event
Avg_CDOM,2024-02-15 10:21:40+00:00,2024-02-15 10:21:40+00:00,1,14.44,14.44,7.213626464613358,possible_instrumental_spike
Avg_CDOM,2024-02-15 12:21:40+00:00,2024-02-15 12:21:40+00:00,1,16.18,16.18,8.143361966312364,possible_instrumental_spike
Avg_CDOM,2024-02-15 21:51:40+00:00,2024-02-15 21:51:40+00:00,1,15.51,15.51,7.785360365083436,possible_instrumental_spike
Avg_CDOM,2024-02-17 00:51:40+00:00,2024-02-17 01:51:40+00:00,3,9.08,35.24,18.327706025153184,possible_physical_event
Avg_CDOM,2024-02-17 10:51:40+00:00,2024-02-17 10:51:40+00:00,1,12.72,12.72,6.294577577876412,possible_instrumental_spike
Avg_CDOM,2024-02-17 15:51:40+00:00,2024-02-17 15:51:40+00:00,1,13.14,13.14,6.51899649207962,possible_instrumental_spike
Avg_CDOM,2024-02-17 21:51:40+00:00,2024-02-17 21:51:40+00:00,1,9.36,9.36,4.499226264250747,possible_instrumental_spike
Avg_CDOM,2024-02-18 06:51:40+00:00,2024-02-18 06:51:40+00:00,1,10.19,10.19,4.942720785176134,possible_instrumental_spike
Avg_CDOM,2024-02-18 15:51:40+00:00,2024-02-18 15:51:40+00:00,1,10.83,10.83,5.284692463961975,possible_instrumental_spike
Avg_CDOM,2024-02-18 17:51:40+00:00,2024-02-18 18:21:40+00:00,2,9.34,24.21,12.43403787357846,possible_physical_event
Avg_CDOM,2024-02-18 19:21:40+00:00,2024-02-18 20:21:40+00:00,3,8.92,18.35,9.302859689695605,possible_physical_event
Avg_CDOM,2024-02-18 21:51:40+00:00,2024-02-18 21:51:40+00:00,1,15.44,15.44,7.747957212716234,possible_instrumental_spike
Avg_CDOM,2024-02-19 09:51:40+00:00,2024-02-19 10:21:40+00:00,2,9.78,15.24,7.64109106309566,possible_physical_event
Avg_CDOM,2024-02-19 15:21:40+00:00,2024-02-19 15:51:40+00:00,2,13.91,24.48,12.578307175566236,possible_physical_event
Avg_CDOM,2024-02-19 19:21:40+00:00,2024-02-19 19:21:40+00:00,1,17.14,17.14,8.656319484491124,possible_instrumental_spike
Avg_CDOM,2024-02-19 21:21:40+00:00,2024-02-19 21:21:40+00:00,1,17.74,17.74,8.97691793335285,possible_instrumental_spike
Avg_CDOM,2024-02-20 00:21:40+00:00,2024-02-20 00:51:40+00:00,2,22.58,32.73,16.986535847414963,possible_physical_event
Avg_CDOM,2024-02-20 04:21:40+00:00,2024-02-20 05:21:40+00:00,3,8.5,30.3,15.688112129524976,possible_physical_event
Avg_CDOM,2024-02-20 23:51:40+00:00,2024-02-20 23:51:40+00:00,1,19.22,19.22,9.767727440545107,possible_instrumental_spike
Avg_CDOM,2024-02-21 05:21:40+00:00,2024-02-21 05:51:40+00:00,2,13.45,20.15,10.26465503628078,possible_physical_event
Avg_CDOM,2024-02-21 06:51:40+00:00,2024-02-21 06:51:40+00:00,1,11.6,11.6,5.69612714000119,possible_instrumental_spike
Avg_CDOM,2024-02-21 17:51:40+00:00,2024-02-21 17:51:40+00:00,1,10.08,10.08,4.8839444028848185,possible_instrumental_spike
Avg_CDOM,2024-02-22 01:21:40+00:00,2024-02-22 01:21:40+00:00,1,10.66,10.66,5.1938562367844865,possible_instrumental_spike
Avg_CDOM,2024-02-22 02:21:40+00:00,2024-02-22 02:21:40+00:00,1,26.18,26.18,13.486669447341125,possible_instrumental_spike
Avg_CDOM,2024-02-22 05:51:40+00:00,2024-02-22 06:51:40+00:00,3,10.97,29.46,15.23927430111856,possible_physical_event
Avg_CDOM,2024-02-23 06:51:40+00:00,2024-02-23 06:51:40+00:00,1,8.64,8.64,4.114508125616677,possible_instrumental_spike
Avg_CDOM,2024-02-23 09:51:40+00:00,2024-02-23 11:51:40+00:00,5,12.94,24.66,12.674486710224754,possible_physical_event
Avg_CDOM,2024-02-24 11:51:40+00:00,2024-02-24 12:21:40+00:00,2,29.81,42.37,22.13748425912669,possible_physical_event
Avg_CDOM,2024-02-26 08:51:40+00:00,2024-02-26 08:51:40+00:00,1,16.04,16.04,8.06855566157796,possible_instrumental_spike
Avg_CDOM,2024-02-28 22:21:40+00:00,2024-02-28 22:51:40+00:00,2,9.06,37.77,19.679562817853462,possible_physical_event
Avg_CDOM,2024-02-29 10:21:40+00:00,2024-02-29 10:21:40+00:00,1,13.63,13.63,6.780818558650029,possible_instrumental_spike
Avg_CDOM,2024-02-29 11:21:40+00:00,2024-02-29 12:21:40+00:00,3,9.14,20.36,10.376864493382385,possible_physical_event
Avg_CDOM,2024-02-29 13:21:40+00:00,2024-02-29 13:21:40+00:00,1,34.27,34.27,17.809405199493394,possible_instrumental_spike
Avg_CDOM,2024-03-01 12:21:40+00:00,2024-03-01 12:21:40+00:00,1,31.95,31.95,16.569757863894722,possible_instrumental_spike
Avg_CDOM,2024-03-01 19:51:40+00:00,2024-03-01 20:21:40+00:00,2,9.08,13.5,6.711355561396655,possible_physical_event
Avg_CDOM,2024-03-02 14:21:40+00:00,2024-03-02 14:21:40+00:00,1,8.46,8.46,4.018328590958159,possible_instrumental_spike
Avg_CDOM,2024-03-04 03:21:40+00:00,2024-03-04 03:21:40+00:00,1,47.09,47.09,24.65952539017227,possible_instrumental_spike
Avg_CDOM,2024-03-04 04:21:40+00:00,2024-03-04 04:21:40+00:00,1,9.19,9.19,4.408390037073258,possible_instrumental_spike
Avg_CDOM,2024-03-04 07:21:40+00:00,2024-03-04 07:51:40+00:00,2,10.52,13.98,6.967834320486036,possible_physical_event
Avg_CDOM,2024-03-04 10:51:40+00:00,2024-03-04 11:51:40+00:00,3,9.82,26.64,13.732461591468448,possible_physical_event
Avg_CDOM,2024-03-04 14:21:40+00:00,2024-03-04 14:21:40+00:00,1,9.2,9.2,4.413733344554287,possible_instrumental_spike
Avg_CDOM,2024-03-04 18:51:40+00:00,2024-03-04 18:51:40+00:00,1,15.32,15.32,7.6838375229438896,possible_instrumental_spike
Avg_CDOM,2024-03-07 16:51:40+00:00,2024-03-07 16:51:40+00:00,1,10.01,10.01,4.846541250517617,possible_instrumental_spike
Avg_CDOM,2024-03-07 22:21:40+00:00,2024-03-08 01:51:40+00:00,8,12.89,99.21,52.50884398129418,possible_physical_event
Avg_CDOM,2024-03-08 02:51:40+00:00,2024-03-08 05:51:40+00:00,7,8.64,27.66,14.277478954533382,possible_physical_event
Avg_CDOM,2024-03-08 07:21:40+00:00,2024-03-08 07:21:40+00:00,1,14.6,14.6,7.299119384309819,possible_instrumental_spike
Avg_CDOM,2024-03-09 08:21:40+00:00,2024-03-09 08:51:40+00:00,2,25.44,35.92,18.691050933863142,possible_physical_event
Avg_CDOM,2024-03-09 19:21:40+00:00,2024-03-09 19:51:40+00:00,2,16.62,18.26,9.254769922366346,possible_physical_event
Avg_CDOM,2024-03-09 22:51:40+00:00,2024-03-09 22:51:40+00:00,1,11.97,11.97,5.893829516799255,possible_instrumental_spike
Avg_CDOM,2024-03-10 00:21:40+00:00,2024-03-10 00:21:40+00:00,1,45.06,45.06,23.57483397152343,possible_instrumental_spike
Avg_CDOM,2024-03-10 01:51:40+00:00,2024-03-10 01:51:40+00:00,1,17.1,17.1,8.63494625456701,possible_instrumental_spike
Avg_CDOM,2024-03-10 07:51:40+00:00,2024-03-10 08:21:40+00:00,2,18.81,20.59,10.499760565446048,possible_physical_event
Avg_CDOM,2024-03-10 16:21:40+00:00,2024-03-10 19:21:40+00:00,7,18.52,66.14,34.838526141532064,possible_physical_event
Avg_CDOM,2024-03-11 00:21:40+00:00,2024-03-11 01:21:40+00:00,3,37.13,45.47,23.793909578245607,possible_physical_event
Avg_CDOM,2024-03-11 07:51:40+00:00,2024-03-11 08:21:40+00:00,2,28.59,45.52,23.820626115650754,possible_physical_event
Avg_CDOM,2024-03-11 16:21:40+00:00,2024-03-11 17:51:40+00:00,4,22.06,70.68,37.26438773791912,possible_physical_event
Avg_CDOM,2024-03-11 18:51:40+00:00,2024-03-11 19:21:40+00:00,2,10.05,17.53,8.864708476251247,possible_physical_event
Avg_CDOM,2024-03-11 20:21:40+00:00,2024-03-11 21:21:40+00:00,3,8.94,35.65,18.546781631875362,possible_physical_event
Avg_CDOM,2024-03-12 00:51:40+00:00,2024-03-12 00:51:40+00:00,1,50.38,50.38,26.41747355143073,possible_instrumental_spike
Avg_CDOM,2024-03-12 16:51:40+00:00,2024-03-12 16:51:40+00:00,1,85.38,85.38,45.119049735031396,possible_instrumental_spike
Avg_CDOM,2024-03-12 19:51:40+00:00,2024-03-12 19:51:40+00:00,1,13.9,13.9,6.925087860637806,possible_instrumental_spike
Avg_CDOM,2024-03-12 20:51:40+00:00,2024-03-12 20:51:40+00:00,1,20.52,20.52,10.462357413078847,possible_instrumental_spike
Avg_CDOM,2024-03-13 14:51:40+00:00,2024-03-13 14:51:40+00:00,1,9.61,9.61,4.632808951276466,possible_instrumental_spike
Avg_CDOM,2024-03-13 16:21:40+00:00,2024-03-13 16:21:40+00:00,1,23.83,23.83,12.230992189299366,possible_instrumental_spike
Avg_CDOM,2024-03-13 19:21:40+00:00,2024-03-13 19:51:40+00:00,2,34.35,47.72,24.99615376147708,possible_physical_event
Avg_CDOM,2024-03-15 05:21:40+00:00,2024-03-15 05:51:40+00:00,2,8.56,10.39,5.04958693479671,possible_physical_event
Avg_CDOM,2024-03-15 13:51:40+00:00,2024-03-15 13:51:40+00:00,1,35.39,35.39,18.407855637368616,possible_instrumental_spike
Avg_CDOM,2024-03-16 04:51:40+00:00,2024-03-16 07:21:40+00:00,6,9.72,64.95,34.202672551289645,possible_physical_event
Avg_CDOM,2024-03-16 11:21:40+00:00,2024-03-16 11:21:40+00:00,1,14.24,14.24,7.106760314992783,possible_instrumental_spike
Avg_CDOM,2024-03-16 23:21:40+00:00,2024-03-16 23:51:40+00:00,2,15.55,36.23,18.85669346577503,possible_physical_event
Avg_CDOM,2024-03-17 03:21:40+00:00,2024-03-17 03:51:40+00:00,2,39.81,48.51,25.41827505247835,possible_physical_event
Avg_CDOM,2024-03-18 07:51:40+00:00,2024-03-18 08:51:40+00:00,3,9.26,43.7,22.84814415410352,possible_physical_event
Avg_CDOM,2024-03-18 19:51:40+00:00,2024-03-18 20:21:40+00:00,2,56.99,85.17,45.0068402779298,possible_physical_event
Avg_CDOM,2024-03-18 21:51:40+00:00,2024-03-18 22:51:40+00:00,3,13.01,29.47,15.244617608599588,possible_physical_event
Avg_CDOM,2024-03-19 00:51:40+00:00,2024-03-19 01:21:40+00:00,2,42.79,53.86,28.276944554828738,possible_physical_event
Avg_CDOM,2024-03-20 17:21:40+00:00,2024-03-20 17:51:40+00:00,2,18.53,72.29,38.124660242364754,possible_physical_event
Avg_CDOM,2024-03-21 01:51:40+00:00,2024-03-21 01:51:40+00:00,1,17.03,17.03,8.59754310219981,possible_instrumental_spike
Avg_CDOM,2024-03-26 01:21:40+00:00,2024-03-26 01:21:40+00:00,1,12.12,12.12,5.973979129014685,possible_instrumental_spike
Avg_CDOM,2024-03-26 08:21:40+00:00,2024-03-26 08:21:40+00:00,1,33.71,33.71,17.510179980555783,possible_instrumental_spike
Avg_CDOM,2024-03-30 05:21:40+00:00,2024-03-30 06:21:40+00:00,3,30.02,89.26,47.19225303767056,possible_physical_event
Avg_CDOM,2024-03-30 23:51:40+00:00,2024-03-31 01:51:40+00:00,5,43.21,82.93,43.80993940217936,possible_physical_event
Avg_CDOM,2024-03-31 07:21:40+00:00,2024-03-31 07:21:40+00:00,1,9.42,9.42,4.53128610913692,possible_instrumental_spike
Avg_CDOM,2024-03-31 21:51:40+00:00,2024-03-31 21:51:40+00:00,1,12.57,12.57,6.21442796566098,possible_instrumental_spike
Avg_CDOM,2024-03-31 23:51:40+00:00,2024-04-01 00:21:40+00:00,2,35.79,50.0,26.214427867151638,possible_physical_event
Avg_CDOM,2024-04-02 23:21:40+00:00,2024-04-03 01:21:40+00:00,5,9.68,74.17,39.129202048798156,possible_physical_event
Avg_CDOM,2024-04-03 02:51:40+00:00,2024-04-03 04:51:40+00:00,5,20.63,41.75,21.80619919530291,possible_physical_event
Avg_CDOM,2024-04-03 06:21:40+00:00,2024-04-03 06:21:40+00:00,1,14.9,14.9,7.459418608740682,possible_instrumental_spike
Avg_CDOM,2024-04-03 07:21:40+00:00,2024-04-03 08:21:40+00:00,3,18.16,29.23,15.116378229054899,possible_physical_event
Avg_CDOM,2024-04-03 15:21:40+00:00,2024-04-03 15:21:40+00:00,1,8.56,8.56,4.071761665768447,possible_instrumental_spike
Avg_CDOM,2024-04-04 04:51:40+00:00,2024-04-04 05:51:40+00:00,3,14.46,43.66,22.8267709241794,possible_physical_event
Avg_CDOM,2024-04-04 14:51:40+00:00,2024-04-04 16:21:40+00:00,4,9.51,28.19,14.560674251027907,possible_physical_event
Avg_CDOM,2024-04-04 20:21:40+00:00,2024-04-04 21:21:40+00:00,3,39.24,52.54,27.57162796733294,possible_physical_event
Avg_CDOM,2024-04-06 20:51:40+00:00,2024-04-06 21:51:40+00:00,3,16.36,24.47,12.572963868085207,possible_physical_event
Avg_CDOM,2024-04-07 00:21:40+00:00,2024-04-07 00:21:40+00:00,1,8.52,8.52,4.050388435844331,possible_instrumental_spike
Avg_CDOM,2024-04-07 05:51:40+00:00,2024-04-07 06:51:40+00:00,3,8.62,15.63,7.849480054855782,possible_physical_event
Avg_CDOM,2024-04-07 08:21:40+00:00,2024-04-07 08:51:40+00:00,2,13.39,28.38,14.662197093167453,possible_physical_event
Avg_CDOM,2024-04-07 19:51:40+00:00,2024-04-07 20:51:40+00:00,3,9.94,16.11,8.105958813945161,possible_physical_event
Avg_CDOM,2024-04-12 00:51:40+00:00,2024-04-12 01:51:40+00:00,3,14.64,16.2,8.15404858127442,possible_physical_event
Avg_CDOM,2024-10-18 17:21:40+00:00,2024-10-18 17:21:40+00:00,1,13.58,13.58,6.7541020212448855,possible_instrumental_spike
Avg_CDOM,2024-11-01 08:21:40+00:00,2024-11-01 08:21:40+00:00,1,11.38,11.38,5.578574375418558,possible_instrumental_spike
Avg_CDOM,2024-11-03 08:21:40+00:00,2024-11-03 08:21:40+00:00,1,8.49,8.49,4.034358513401245,possible_instrumental_spike
Avg_CDOM,2024-11-05 08:21:40+00:00,2024-11-05 08:21:40+00:00,1,12.93,12.93,6.406787034978016,possible_instrumental_spike
