timestamp,observed_original,observed,predicted,residual,diffmean,is_injected_anomaly,lstm_peak_flag,traditional_spike_flag,robust_t_pvalue,robust_t_flag,gpd_pot_pvalue,gpd_pot_flag,iso_forest_flag,vae_lstm_pvalue,vae_lstm_flag
2025-05-14 13:00:00+00:00,1.4200000000000002,1.4200000000000002,1.2929549,0.12704507827758804,0.08946836498421692,0,0,0,0.49552714577121076,0,0.4950038431975403,0,1,3.8221421390188434e-08,1
2025-05-14 14:00:00+00:00,1.4200000000000002,1.4200000000000002,1.391797,0.02820305347442642,0.021047054831661506,0,0,0,0.8687073938189136,0,0.8697156033820138,0,1,2.180107395002872e-07,1
2025-05-14 15:00:00+00:00,1.1800000000000002,1.1800000000000002,1.4141967,-0.23419672966003402,0.18685909281385688,0,0,0,0.19281315703432056,0,0.1883166794773251,0,0,3.557310589691646e-05,1
2025-05-14 16:00:00+00:00,1.1600000000000001,1.1600000000000001,1.393971,-0.23397096633911119,0.21078465435955962,0,0,0,0.15241441940331338,0,0.1379707916986933,0,0,0.00015527857198230596,1
2025-05-14 17:00:00+00:00,0.99,0.99,1.2837452,-0.2937451696395874,0.28020206960850946,0,0,0,0.07889378599115796,0,0.05908424248340933,0,0,0.1558781760791864,0
2025-05-14 18:00:00+00:00,0.9949999999999998,0.9949999999999998,1.1883792,-0.19337916851043724,0.19699066401742335,0,0,0,0.17448686774103805,0,0.16487317448116834,0,0,0.2711617759304062,0
2025-05-14 19:00:00+00:00,0.96,0.96,1.088825,-0.12882498741149906,0.13656359089558207,0,0,0,0.31673260068083514,0,0.31014604150653347,0,0,0.3320154293039438,0
2025-05-14 20:00:00+00:00,0.875,0.875,1.0326165,-0.1576164960861206,0.16978437639438484,0,0,0,0.22828382959111862,0,0.22905457340507307,0,0,0.02052804845144044,0
2025-05-14 21:00:00+00:00,0.95,0.95,1.0054396,-0.055439639091491744,0.05950587380124338,0,0,0,0.644536110566516,0,0.6487317448116834,0,0,0.15754904698840708,0
2025-05-14 22:00:00+00:00,0.97,0.97,0.96824914,0.0017508578300475808,0.001846247272457906,0,0,0,0.9884092356703358,0,0.9880860876249039,0,0,0.20881985486915688,0
2025-05-14 23:00:00+00:00,0.9250000000000002,0.9250000000000002,0.9472947,-0.022294712066650235,0.023063495241362312,0,0,0,0.8563134363819315,0,0.8566487317448117,0,0,0.060076223791812766,0
2025-05-15 00:00:00+00:00,1.005,1.005,0.93809885,0.06690115213394154,0.06602087381638967,0,0,0,0.6099207857361826,0,0.6172175249807841,0,0,0.41927327929088076,0
2025-05-15 01:00:00+00:00,1.1099999999999999,1.1099999999999999,0.9047345,0.20526550769805896,0.18005746289303418,0,0,0,0.2062188775565866,0,0.20445810914681017,0,0,0.05428876367324584,0
2025-05-15 02:00:00+00:00,1.3050000000000002,1.3050000000000002,0.8760919,0.4289081025123598,0.34496630228876124,0,0,0,0.04466385491472388,0,0.025775091301578023,0,0,9.91589410719108e-05,1
2025-05-15 03:00:00+00:00,1.3149999999999997,1.3149999999999997,0.87833786,0.43666213989257785,0.3254624645162071,0,0,0,0.05274245186604627,0,0.03326953980632757,0,0,0.0001056247801765624,1
2025-05-15 04:00:00+00:00,1.4049999999999998,1.4049999999999998,0.9520228,0.45297720909118633,0.33064029860670535,0,0,0,0.0504433753141627,0,0.03110451186178769,0,0,1.3803379281986443e-05,1
2025-05-15 05:00:00+00:00,1.3900000000000001,1.3900000000000001,1.0340008,0.35599924564361585,0.26600192700643777,0,0,0,0.08993709600043988,0,0.07040245739268731,0,0,2.753672494614818e-05,1
2025-05-15 06:00:00+00:00,1.22,1.22,1.1253625,0.09463748455047605,0.0740319305479604,0,0,0,0.5689937587492853,0,0.5722521137586472,0,0,0.009474974386527942,1
2025-05-15 07:00:00+00:00,1.225,1.225,1.1880616,0.03693840503692636,0.030997262968050093,0,0,0,0.8080715474165305,0,0.8124519600307456,0,0,0.006182819088440639,1
2025-05-15 08:00:00+00:00,1.13,1.13,1.168279,-0.03827905178070079,0.03262419185855181,0,0,0,0.7982962543478371,0,0.8013066871637202,0,0,0.22026098320093276,0
2025-05-15 09:00:00+00:00,1.165,1.165,1.1450427,0.019957342147827184,0.017279084110672888,0,0,0,0.8919865622159184,0,0.8973866256725596,0,0,0.03306864782148371,0
2025-05-15 10:00:00+00:00,1.17,1.17,1.1235974,0.04640261650085442,0.03872262851253499,0,0,0,0.7620658149738334,0,0.7640276710222905,0,0,0.030131878640465203,0
2025-05-15 11:00:00+00:00,1.26,1.26,1.1357536,0.12424636840820313,0.09860822889539932,0,0,0,0.45549633635984305,0,0.4485011529592621,0,0,0.0011718443906067377,1
2025-05-15 12:00:00+00:00,1.35,1.35,1.1752012,0.1747988224029542,0.12759038131602496,0,0,0,0.3456610461476428,0,0.3370484242890085,0,0,6.10523843505773e-05,1
2025-05-15 13:00:00+00:00,1.4999999999999998,1.4999999999999998,1.2431799,0.2568200826644895,0.18432063349126043,0,0,0,0.1977088245356274,0,0.19292851652574938,0,0,2.1166435660080282e-06,1
2025-05-15 14:00:00+00:00,1.33,1.33,1.3036175,0.026382522583007884,0.019688449688811855,0,0,0,0.8770840781361634,0,0.8800922367409685,0,0,8.918288513127982e-05,1
2025-05-15 15:00:00+00:00,1.19,1.19,1.3692007,-0.17920070648193365,0.14549448428844408,0,0,0,0.29017192054399926,0,0.2886241352805534,0,0,0.011111524033964166,0
2025-05-15 16:00:00+00:00,1.175,1.175,1.3226546,-0.14765460491180415,0.13124853769938147,0,0,0,0.33358962131372416,0,0.32282859338970027,0,0,0.022169862053463846,0
2025-05-15 17:00:00+00:00,1.01,1.01,1.1972405,-0.18724047183990478,0.1817868658639852,0,0,0,0.20272249776375378,0,0.19830899308224448,0,0,0.2940418792948207,0
2025-05-15 18:00:00+00:00,0.905,0.905,1.0890023,-0.184002251625061,0.20713199057230133,0,0,0,0.15795628730752825,0,0.14604150653343584,0,0,0.003038243769559335,1
2025-05-15 19:00:00+00:00,0.7499999999999999,0.7499999999999999,0.991872,-0.24187201261520397,0.30297120578104886,0,0,0,0.06423958900368332,0,0.04439366650608916,0,0,2.1472512110043404e-05,1
2025-05-15 20:00:00+00:00,0.74,0.74,0.9156325,-0.1756324863433838,0.2341766484578451,0,0,0,0.12151056823355444,0,0.10299769408147574,0,0,1.3035275019833712e-05,1
2025-05-15 21:00:00+00:00,0.7599999999999999,0.7599999999999999,0.84537387,-0.08537386894226084,0.10738851439278095,0,0,0,0.41949764186324556,0,0.4108378170637971,0,0,2.3350431125129613e-05,1
2025-05-15 22:00:00+00:00,0.885,0.885,0.80296457,0.08203543186187745,0.09708335131583129,0,0,0,0.461993598407551,0,0.4554189085318986,0,0,0.0010439264405510084,1
2025-05-15 23:00:00+00:00,0.89,0.89,0.78975576,0.10024423837661744,0.11056349820950452,0,0,0,0.4070703604296012,0,0.4008455034588778,0,0,0.0019725014650332252,1
2025-05-16 00:00:00+00:00,0.9450000000000002,0.9450000000000002,0.8245788,0.12042117834091204,0.13257377432027012,0,0,0,0.32931155357581027,0,0.319369715603382,0,0,0.024423920306867162,0
2025-05-16 01:00:00+00:00,0.89,0.89,0.8604695,0.029530479907989515,0.03287251937809593,0,0,0,0.7968080626751869,0,0.8001537279016142,0,0,0.002016324618904721,1
2025-05-16 02:00:00+00:00,0.86,0.86,0.87592065,-0.015920653343200697,0.018803921271496885,0,0,0,0.8825483409874938,0,0.8866256725595696,0,0,0.0030565073689428216,1
2025-05-16 03:00:00+00:00,0.7899999999999999,0.7899999999999999,0.84312326,-0.05312325716018684,0.06767293905756286,0,0,0,0.6013299168177144,0,0.6029976940814759,0,0,0.000498185782873956,1
2025-05-16 04:00:00+00:00,0.7050000000000001,0.7050000000000001,0.77995956,-0.07495955944061272,0.09906549705807847,0,0,0,0.45356216093780505,0,0.4454265949269792,0,0,0.00013041389061509964,1
2025-05-16 05:00:00+00:00,0.7749999999999999,0.7749999999999999,0.71123046,0.06376954317092887,0.08755543684795725,0,0,0,0.504234836479898,0,0.505380476556495,0,0,0.0016493531374004446,1
2025-05-16 06:00:00+00:00,0.7050000000000001,0.7050000000000001,0.6502027,0.05479730844497688,0.07338925238166547,0,0,0,0.5722083014307188,0,0.5776325903151422,0,0,0.00043272126127042956,1
2025-05-16 07:00:00+00:00,0.7599999999999999,0.7599999999999999,0.6357474,0.12425262689590444,0.15531578361988055,0,0,0,0.263400625066507,0,0.26594926979246736,0,0,0.007612967334532663,1
2025-05-16 08:00:00+00:00,0.9350000000000002,0.9350000000000002,0.6451725,0.2898275232315065,0.3416434458524635,0,0,0,0.04593265456584938,0,0.026929849108007258,0,0,0.2381476868296633,0
2025-05-16 09:00:00+00:00,0.85,0.85,0.68702954,0.16297045946121214,0.18519370393319562,0,0,0,0.19601079093729426,0,0.19023827824750195,0,0,0.07917286156213413,0
2025-05-16 10:00:00+00:00,0.855,0.855,0.78817046,0.06682954311370848,0.07908821670261358,0,0,0,0.5441319140330216,0,0.5445810914681015,0,0,0.22069821741926895,0
2025-05-16 11:00:00+00:00,0.83,0.83,0.86711895,-0.03711895465850834,0.0437551528391061,0,0,0,0.7327080203590101,0,0.7328977709454265,0,0,0.25117676654175664,0
2025-05-16 12:00:00+00:00,0.86,0.86,0.89374536,-0.03374536275863649,0.038787773285789064,0,0,0,0.761682527917616,0,0.7632590315142198,0,0,0.44096100773078223,0
2025-05-16 13:00:00+00:00,0.9199999999999998,0.9199999999999998,0.8743089,0.04569111585617047,0.05182357185955064,0,0,0,0.6867918060814758,0,0.6921598770176787,0,0,0.054180295375675765,0
2025-05-16 14:00:00+00:00,0.865,0.865,0.84382075,0.021179249286651602,0.024531948980677537,0,0,0,0.8473188348582451,0,0.8481936971560338,0,0,0.18204036269820667,0
2025-05-16 15:00:00+00:00,0.8049999999999998,0.8049999999999998,0.8284145,-0.023414499759674245,0.02995458391429541,0,0,0,0.8143589163664273,0,0.8170637970791699,0,0,0.6710468438705565,0
2025-05-16 16:00:00+00:00,0.675,0.675,0.8138468,-0.13884682655334468,0.1937397579814112,0,0,0,0.18016169294828877,0,0.17179093005380475,0,0,0.05741814162984208,0
2025-05-16 17:00:00+00:00,0.6699999999999999,0.6699999999999999,0.7949673,-0.12496729373931892,0.19176566814217735,0,0,0,0.18370104230932569,0,0.17794004611837044,0,0,0.07688354364934609,0
2025-05-16 18:00:00+00:00,0.61,0.61,0.7557541,-0.14575411319732667,0.23074529793772036,0,0,0,0.12558524418145445,0,0.10953112990007685,0,0,0.0034867825251243614,1
2025-05-16 19:00:00+00:00,0.615,0.615,0.72398794,-0.10898793697357179,0.1702936515212059,0,0,0,0.22713606023001717,0,0.2259800153727901,0,0,0.0032195350111212597,1
2025-05-16 20:00:00+00:00,0.695,0.695,0.6935644,0.0014355850219726074,0.0021215542196639514,0,0,0,0.9866810674698843,0,0.9865488086087625,0,0,0.13419066997336182,0
2025-05-16 21:00:00+00:00,0.72,0.72,0.6747424,0.04525759935379026,0.06047786105183553,0,0,0,0.6392986758315372,0,0.6425826287471176,0,0,0.2555293151586882,0
2025-05-16 22:00:00+00:00,0.83,0.83,0.68486685,0.1451331543922424,0.17663264226236397,0,0,0,0.21332486089388195,0,0.2121445042275173,0,0,0.31710985528383406,0
2025-05-16 23:00:00+00:00,0.915,0.915,0.702263,0.21273700237274173,0.22121698686940214,0,0,0,0.13769726559411566,0,0.12298232129131437,0,0,0.006620010437026413,1
2025-05-17 00:00:00+00:00,1.1400000000000001,1.1400000000000001,0.73507637,0.4049236321449281,0.39569084574422936,0,0,0,0.02958883424618907,0,0.012962649723532275,0,0,7.641377985725354e-06,1
2025-05-17 01:00:00+00:00,1.0150000000000003,1.0150000000000003,0.78015447,0.23484553337097203,0.2222512934110145,0,0,0,0.13632342640008668,0,0.12106072252113753,0,0,0.00019738308055220917,1
2025-05-17 02:00:00+00:00,1.0150000000000003,1.0150000000000003,0.86621577,0.14878423452377354,0.15338580878739538,0,0,0,0.26846692139333256,0,0.2701767870868562,0,0,0.0002585461722631405,1
2025-05-17 03:00:00+00:00,0.88,0.88,0.891497,-0.01149701595306396,0.012102122055856798,0,0,0,0.9241809656263579,0,0.9296694850115296,0,0,0.05046572467547515,0
2025-05-17 04:00:00+00:00,0.9550000000000002,0.9550000000000002,0.8741522,0.08084781646728534,0.0906704483745256,0,0,0,0.49011340560647626,0,0.48962336664104533,0,0,0.0014735901686720955,1
2025-05-17 05:00:00+00:00,0.84,0.84,0.8177851,0.022214915752410858,0.02468323972490095,0,0,0,0.8463937127586365,0,0.8458877786318217,0,0,0.13198462516166218,0
2025-05-17 06:00:00+00:00,0.905,0.905,0.80994916,0.09505084037780764,0.10147776552790852,0,0,0,0.4434668184737392,0,0.43428132205995384,0,0,0.029849115485905492,0
2025-05-17 07:00:00+00:00,1.065,1.065,0.8223813,0.2426186823844909,0.22395570681645316,0,0,0,0.1340916119966545,0,0.1187548039969254,0,0,0.00014274278279912336,1
2025-05-17 08:00:00+00:00,1.28,1.28,0.88071793,0.39928206682205203,0.32243504723180516,0,0,0,0.05414275308695987,0,0.03459920115235308,0,0,1.4788235763948911e-06,1
2025-05-17 09:00:00+00:00,1.37,1.37,0.99756193,0.3724380683898927,0.24448888515747877,0,0,1,0.11010953902849523,0,0.09142205556847294,0,0,5.012445509607115e-07,1
2025-05-17 10:00:00+00:00,1.9199999999999997,1.9199999999999997,1.1699691,0.7500309181213376,0.45640826660527645,0,0,1,0.018768000131633277,0,0.0054218708278386705,1,1,1.9059823826654116e-09,1
2025-05-17 11:00:00+00:00,1.64,1.64,1.3123581,0.32764185905456533,0.19235334191070375,0,0,0,0.18263992202248877,0,0.17601844734819372,0,1,3.712790760259107e-08,1
2025-05-17 12:00:00+00:00,1.5499999999999998,1.5499999999999998,1.5760933,-0.026093316078186213,0.017630618971747444,0,0,0,0.8898086903149349,0,0.8943120676402767,0,1,1.3632333191358616e-07,1
2025-05-17 13:00:00+00:00,1.25,1.25,1.5980465,-0.34804654121398926,0.2663621488882571,0,0,0,0.08963636113692489,0,0.07009210763821819,0,0,5.443742300986884e-05,1
2025-05-17 14:00:00+00:00,1.12,1.12,1.4482815,-0.32828152656555165,0.29267298059335956,0,0,0,0.07044566727263885,0,0.050559069818412315,0,0,0.004701791445484471,1
2025-05-17 15:00:00+00:00,0.9950000000000002,0.9950000000000002,1.2071904,-0.21219039440155008,0.21875298391912376,0,0,0,0.1410304680323714,0,0.12567255956956191,0,0,0.39056249171059426,0
2025-05-17 16:00:00+00:00,0.7949999999999999,0.7949999999999999,1.0419642,-0.24696417331695564,0.28941114060580736,0,0,0,0.07255174737360161,0,0.052671401462501835,0,0,0.0015281582513597483,1
2025-05-17 17:00:00+00:00,0.7699999999999999,0.7699999999999999,0.9660273,-0.19602731943130502,0.2529384766855549,0,0,0,0.10164231732011353,0,0.08255591760428306,0,0,0.00044101442249112394,1
2025-05-17 18:00:00+00:00,0.7599999999999999,0.7599999999999999,0.92810863,-0.16810863256454478,0.22820176366227798,0,0,0,0.1287014303521015,0,0.11337432744043041,0,0,0.00011444171420074371,1
2025-05-17 19:00:00+00:00,0.6799999999999999,0.6799999999999999,0.92966306,-0.24966306209564215,0.3600909549456377,0,0,0,0.039381121866141,0,0.021075331469997086,0,0,2.353525897549481e-05,1
2025-05-17 20:00:00+00:00,0.64,0.64,0.95116556,-0.3111655569076538,0.4186083725215074,0,0,0,0.024801395851092596,0,0.009390141375238782,1,0,6.968356206265362e-06,1
2025-05-17 21:00:00+00:00,0.91,0.91,0.9367133,-0.026713278293609588,0.03244527727968776,0,0,0,0.79936910727625,0,0.8032282859338971,0,0,0.013016317873187244,0
2025-05-17 22:00:00+00:00,0.9199999999999999,0.9199999999999999,0.8770618,0.04293821573257439,0.04667197362236347,0,0,0,0.7159377470375756,0,0.7163720215219063,0,0,0.020277851366872282,0
2025-05-17 23:00:00+00:00,0.9299999999999999,0.9299999999999999,0.8605062,0.06949382305145257,0.07238939901192977,0,0,0,0.5772335165443953,0,0.5810914681014604,0,0,0.03510985926403254,0
2025-05-18 00:00:00+00:00,1.03,1.03,0.847906,0.18209400653839114,0.18393333993776886,0,0,0,0.19846689013769275,0,0.1933128362797848,0,0,0.6024998495754272,0
2025-05-18 01:00:00+00:00,1.01,1.01,0.8185194,0.19148058652877809,0.19672662999531995,0,0,0,0.17494073971211682,0,0.16564181398923905,0,0,0.45273366437985324,0
2025-05-18 02:00:00+00:00,0.88,0.88,0.7923344,0.08766562223434449,0.09615973188410729,0,0,0,0.46596435584862683,0,0.46003074558032286,0,0,0.007176152121605018,1
2025-05-18 03:00:00+00:00,0.845,0.845,0.7684416,0.07655838251113889,0.09393666565783912,0,0,0,0.4756309470551366,0,0.47117601844734824,0,0,0.0026234153680420353,1
2025-05-18 04:00:00+00:00,0.72,0.72,0.7225617,-0.002561717033386257,0.003370680307087181,0,0,0,0.9788412816520208,0,0.9800153727901614,0,0,4.617353554202119e-05,1
2025-05-18 05:00:00+00:00,0.715,0.715,0.6929135,0.022086527347564666,0.031107784996569954,0,0,0,0.8074061136546545,0,0.8116833205226749,0,0,5.6375309063790654e-05,1
2025-05-18 06:00:00+00:00,0.695,0.695,0.67356783,0.021432168483734082,0.03032854030717087,0,0,0,0.8121019765362083,0,0.815142198308993,0,0,4.926050231465562e-05,1
2025-05-18 07:00:00+00:00,0.71,0.71,0.69096017,0.019039831161498988,0.026201602515824297,0,0,0,0.837125994335025,0,0.8339738662567255,0,0,0.00013794341998705177,1
2025-05-18 08:00:00+00:00,0.7749999999999999,0.7749999999999999,0.734007,0.04099299907684317,0.05323766113875737,0,0,0,0.6789021058220559,0,0.6821675634127594,0,0,0.0023166274090126782,1
2025-05-18 09:00:00+00:00,0.825,0.825,0.7874032,0.03759677410125728,0.043972835206148864,0,0,0,0.7314500417383414,0,0.7309761721752498,0,0,0.07827886203782358,0
2025-05-18 10:00:00+00:00,0.9650000000000002,0.9650000000000002,0.8458224,0.11917760610580463,0.12954087620196156,0,0,0,0.3391765196377,0,0.32859338970023055,0,0,0.0661584419951662,0
2025-05-18 11:00:00+00:00,0.97,0.97,0.8882134,0.08178660392761228,0.08124497078901882,0,0,0,0.5337612487251383,0,0.5315142198308993,0,0,0.02694062239965127,0
2025-05-18 12:00:00+00:00,1.085,1.085,0.9280204,0.15697958230972286,0.15724165172927168,0,0,0,0.25843746273476936,0,0.2605687932359724,0,0,0.00015821196458182772,1
2025-05-18 13:00:00+00:00,0.94,0.94,0.9460602,-0.006060180664062553,0.006173358910759817,0,0,0,0.961263193107437,0,0.9657955418908531,0,0,0.032250797486595144,0
2025-05-18 14:00:00+00:00,0.9199999999999998,0.9199999999999998,0.9572417,-0.037241714000702086,0.042320129546252375,0,0,0,0.7410262082758621,0,0.7436587240584166,0,1,0.07046073453180283,0
2025-05-18 15:00:00+00:00,0.7799999999999999,0.7799999999999999,0.9077265,-0.12772652626037606,0.15388738103659766,0,0,0,0.26714128560178896,0,0.2686395080707148,0,0,0.34132000935124085,0
2025-05-18 16:00:00+00:00,0.7899999999999999,0.7899999999999999,0.8497737,-0.05977370500564583,0.07646955864261727,0,0,0,0.5569124797028342,0,0.5588009223674097,0,0,0.46502454999908893,0
2025-05-18 17:00:00+00:00,0.7749999999999999,0.7749999999999999,0.7751012,-0.00010118484497079194,0.00012466305335210508,0,0,0,0.9992173249656938,0,0.9992313604919293,0,0,0.3408945513560302,0
2025-05-18 18:00:00+00:00,0.87,0.87,0.738015,0.13198500394821167,0.1552764752331902,0,0,0,0.2635028833733993,0,0.26633358954650266,0,0,0.15813629160199175,0
2025-05-18 19:00:00+00:00,0.905,0.905,0.74766487,0.1573351311683655,0.1722647421551447,0,0,0,0.22274789765160177,0,0.22021521906225983,0,0,0.16056365780688145,0
2025-05-18 20:00:00+00:00,0.9650000000000002,0.9650000000000002,0.8192984,0.1457016134262087,0.14742153129127356,0,0,0,0.2847222641841929,0,0.28324365872405843,0,0,0.014836955410103684,0
2025-05-18 21:00:00+00:00,1.095,1.095,0.91757095,0.17742905139923093,0.16008636216471964,0,0,0,0.2512724952688147,0,0.25403535741737127,0,0,0.00011379847267713041,1
2025-05-18 22:00:00+00:00,1.2650000000000001,1.2650000000000001,0.9988876,0.26611240148544324,0.22973732502340422,0,0,0,0.12681024833921004,0,0.11068408916218297,0,0,3.2815527972318654e-06,1
2025-05-18 23:00:00+00:00,1.115,1.115,1.0652989,0.0497010850906372,0.04296923783052208,0,0,0,0.7372582215974103,0,0.7394312067640276,0,0,0.00013508608735461413,1
2025-05-19 00:00:00+00:00,1.09,1.09,1.1305493,-0.04054931163787834,0.03620474253381995,0,0,0,0.7769422332676253,0,0.7813220599538816,0,0,0.0002686033775430794,1
2025-05-19 01:00:00+00:00,1.1549999999999996,1.1549999999999996,1.1003565,0.054643540382384836,0.04850018377134749,0,0,0,0.705523517242432,0,0.7083013066871637,0,0,4.380413139097085e-05,1
2025-05-19 02:00:00+00:00,1.135,1.135,1.0223494,0.11265064239501954,0.10711630021713428,0,0,0,0.4205776489797115,0,0.4119907763259032,0,0,0.0001580005744433997,1
2025-05-19 03:00:00+00:00,0.865,0.865,0.98143023,-0.11643023252487184,0.12086183307080121,0,0,0,0.3688874496882632,0,0.35933897002305915,0,0,0.8370043064958841,0
2025-05-19 04:00:00+00:00,0.89,0.89,0.9775592,-0.08755920886993407,0.10444438433789353,0,0,0,0.43130063838799715,0,0.42198308993082245,0,0,0.269794951907437,0
2025-05-19 05:00:00+00:00,0.7599999999999999,0.7599999999999999,0.9215436,-0.16154359817504893,0.20319949455980998,0,0,0,0.16416180446092496,0,0.15526518063028438,0,0,0.006743144636977981,1
2025-05-19 06:00:00+00:00,0.735,0.735,0.8919023,-0.15690232753753663,0.20554890070419646,0,0,0,0.1604241030103902,0,0.1498847040737894,0,0,0.002186812689642031,1
2025-05-19 07:00:00+00:00,0.7949999999999999,0.7949999999999999,0.8602711,-0.0652710962295533,0.08569509351801309,0,0,0,0.5128118839760588,0,0.5119139123750961,0,0,0.02651472137291034,0
2025-05-19 08:00:00+00:00,0.7549999999999999,0.7549999999999999,0.8428695,-0.08786952018737804,0.1166409560009443,0,0,0,0.38414717625795897,0,0.3758647194465795,0,0,0.005028281667038582,1
2025-05-19 09:00:00+00:00,0.71,0.71,0.85864365,-0.148643651008606,0.18736594664950335,0,0,0,0.19185065164918977,0,0.1867794004611837,0,0,0.0009576677834966432,1
2025-05-19 10:00:00+00:00,0.915,0.915,0.86492467,0.050075330734252965,0.058114503753485064,0,0,0,0.6520768612662469,0,0.6568024596464258,0,0,0.39494409947821696,0
2025-05-19 11:00:00+00:00,0.96,0.96,0.83849037,0.12150963306426998,0.13042178861996778,0,0,0,0.3362839842952193,0,0.3259031514219831,0,0,0.09944956538624021,0
2025-05-19 12:00:00+00:00,0.9199999999999998,0.9199999999999998,0.84425926,0.07574073791503888,0.08158786849016755,0,0,0,0.5321254669130088,0,0.5295926210607225,0,0,0.28768021794456,0
2025-05-19 13:00:00+00:00,0.905,0.905,0.86343485,0.041565148830413845,0.046877987402722386,0,0,0,0.7147604063992369,0,0.7159877017678709,0,0,0.14309140419868563,0
2025-05-19 14:00:00+00:00,0.835,0.835,0.8541668,-0.019166805744171178,0.02304625941182907,0,0,0,0.856419169904039,0,0.857033051498847,0,0,0.07339901535840485,0
2025-05-19 15:00:00+00:00,0.7549999999999999,0.7549999999999999,0.8159718,-0.060971791744232284,0.07901312105084098,0,0,0,0.544495548042383,0,0.5449654112221368,0,0,0.006137953847733998,1
2025-05-19 16:00:00+00:00,0.725,0.725,0.759661,-0.03466101884841921,0.047157848773359476,0,0,0,0.7131625731510932,0,0.712913143735588,0,0,0.005428867766974475,1
2025-05-19 17:00:00+00:00,0.725,0.725,0.7052722,0.019727802276611306,0.02702438668028946,0,0,0,0.8321171200049294,0,0.8301306687163721,0,0,0.0062006172561904094,1
2025-05-19 18:00:00+00:00,0.74,0.74,0.67538637,0.06461363077163695,0.09100511376286895,0,0,0,0.4886141994978066,0,0.4877017678708686,0,0,0.014446364683263697,0
2025-05-19 19:00:00+00:00,0.665,0.665,0.68298805,-0.017988047599792445,0.02613275680357256,0,0,0,0.837545535170883,0,0.834358186010761,0,0,0.0008883300280739807,1
2025-05-19 20:00:00+00:00,0.6599999999999999,0.6599999999999999,0.72718376,-0.06718375921249398,0.09977786021657521,0,0,0,0.4505619976210203,0,0.4427363566487318,0,0,0.0011405942352743766,1
2025-05-19 21:00:00+00:00,0.6950000000000001,0.6950000000000001,0.7586076,-0.06360762596130365,0.09613243218333045,0,0,0,0.4660821266182253,0,0.4607993850883936,0,0,0.006690520080699067,1
2025-05-19 22:00:00+00:00,0.63,0.63,0.7694871,-0.13948708295822143,0.20923062443733215,0,0,0,0.15474657924036994,0,0.14181398923904687,0,0,0.0016804829801416589,1
2025-05-19 23:00:00+00:00,0.675,0.675,0.7664014,-0.0914014101028442,0.14134238675697555,0,0,0,0.30225028487322103,0,0.2997694081475788,0,0,0.019440120201383134,0
2025-05-20 00:00:00+00:00,0.635,0.635,0.7302718,-0.0952718162536621,0.14114343148690683,0,0,0,0.30284072076340507,0,0.3005380476556495,0,0,0.011709139449347473,0
2025-05-20 01:00:00+00:00,0.715,0.715,0.69493806,0.020061936378478973,0.02914567028350456,0,0,0,0.8192483847334243,0,0.8212913143735587,0,0,0.4384742274531377,0
2025-05-20 02:00:00+00:00,0.715,0.715,0.65498567,0.060014333724975555,0.0816521547278579,0,0,0,0.5318191906535654,0,0.5292083013066872,0,0,0.39979422338705217,0
2025-05-20 03:00:00+00:00,0.7749999999999999,0.7749999999999999,0.6360203,0.13897969722747794,0.1844863237532893,0,0,0,0.19738541855588912,0,0.19254419677171408,0,0,0.5042849921421176,0
2025-05-20 04:00:00+00:00,0.7699999999999999,0.7699999999999999,0.6299635,0.14003648281097403,0.17839042396302424,0,0,0,0.2096472387912144,0,0.20868562644119903,0,0,0.2842624683335307,0
2025-05-20 05:00:00+00:00,0.8099999999999999,0.8099999999999999,0.64810234,0.16189765691757196,0.2032188162145255,0,0,0,0.1641306938093167,0,0.15488086087624908,0,0,0.08812790042364423,0
2025-05-20 06:00:00+00:00,0.8099999999999999,0.8099999999999999,0.6699996,0.14000040054321283,0.17004097231969173,0,0,0,0.22770480895874518,0,0.22751729438893165,0,0,0.08395123476790296,0
2025-05-20 07:00:00+00:00,0.85,0.85,0.6962313,0.15376869440078733,0.18563625078565876,0,0,0,0.1951558013307949,0,0.18985395849346653,0,0,0.007580553984972791,1
2025-05-20 08:00:00+00:00,0.825,0.825,0.7212299,0.10377008914947505,0.12578192624178797,0,0,0,0.3517724342082182,0,0.3428132205995388,0,0,0.03097079110988473,0
2025-05-20 09:00:00+00:00,0.7999999999999999,0.7999999999999999,0.7491589,0.05084108114242547,0.06212759406406371,0,0,0,0.630467286583483,0,0.6341275941583397,0,0,0.03589955343592361,0
2025-05-20 10:00:00+00:00,0.83,0.83,0.7708489,0.059151129722595175,0.07228243957954604,0,0,0,0.577772825240407,0,0.5814757878554957,0,0,0.014169236578736063,0
2025-05-20 11:00:00+00:00,0.825,0.825,0.7819507,0.04304928779602046,0.0517626706966178,0,0,0,0.6871326912826793,0,0.6933128362797848,0,0,0.026321303948425974,0
2025-05-20 12:00:00+00:00,0.84,0.84,0.79517263,0.0448273682594299,0.05305013995198804,0,0,0,0.6799455297662766,0,0.6837048424289008,0,0,0.011655878226484208,0
2025-05-20 13:00:00+00:00,0.87,0.87,0.8078007,0.06219928979873657,0.07135673781881824,0,0,0,0.5824543417357483,0,0.584934665641814,0,0,0.0046934690753867685,1
2025-05-20 14:00:00+00:00,0.905,0.905,0.8265743,0.07842567443847659,0.09136971779239991,0,0,0,0.4869848476413733,0,0.48424289008455035,0,0,0.0011866203912143057,1
2025-05-20 15:00:00+00:00,0.7999999999999999,0.7999999999999999,0.8499417,-0.04994167089462287,0.05718511934498802,0,0,0,0.6571420373223831,0,0.6614142966948502,0,0,0.24291587601969059,0
2025-05-20 16:00:00+00:00,0.915,0.915,0.87980443,0.035195567607879674,0.040454675411355945,0,0,0,0.7519035385747348,0,0.7551883166794773,0,0,0.0015672831836769986,1
2025-05-20 17:00:00+00:00,0.895,0.895,0.86808896,0.02691103935241701,0.03018060488121534,0,0,0,0.8129945492088466,0,0.8162951575710992,0,0,0.00404086610392775,1
2025-05-20 18:00:00+00:00,0.865,0.865,0.86573666,-0.0007366633415222257,0.0008516339208349431,0,0,0,0.9946532217534587,0,0.9953881629515757,0,0,0.012513928144046754,0
2025-05-20 19:00:00+00:00,0.835,0.835,0.85733443,-0.022334434986114537,0.026801321983337442,0,0,0,0.8334741343731364,0,0.8316679477325135,0,0,0.094172296620807,0
2025-05-20 20:00:00+00:00,0.7999999999999999,0.7999999999999999,0.83839166,-0.038391661643982,0.04932547534558715,0,0,0,0.7008475479689564,0,0.7040737893927748,0,0,0.254569047066543,0
2025-05-20 21:00:00+00:00,0.7,0.7,0.8149322,-0.11493222713470463,0.1599984600483127,0,0,0,0.25149096039808605,0,0.25441967717140657,0,0,0.5924986942709117,0
2025-05-20 22:00:00+00:00,0.655,0.655,0.7857654,-0.13076540946960447,0.20066303243417563,0,0,0,0.16830021552473373,0,0.16064565718677937,0,0,0.07737512202546977,0
2025-05-20 23:00:00+00:00,0.6,0.6,0.74173135,-0.14173134565353396,0.22983461457329835,0,0,0,0.126691447174542,0,0.11029976940814756,0,0,0.011693957064262201,0
2025-05-21 00:00:00+00:00,0.595,0.595,0.69661826,-0.10161825895309451,0.1608732331711259,0,0,0,0.24932512720708624,0,0.2513451191391237,0,0,0.005785967508334664,1
2025-05-21 01:00:00+00:00,0.7,0.7,0.6541307,0.045869302749633745,0.06679995546063168,0,0,0,0.6058598985635987,0,0.6102997694081476,0,0,0.36047215494475665,0
2025-05-21 02:00:00+00:00,0.7649999999999999,0.7649999999999999,0.6256871,0.1393128776550292,0.18741642733860434,0,0,0,0.1917550609585997,0,0.18601076095311297,0,0,0.8243133701440841,0
2025-05-21 03:00:00+00:00,0.7649999999999998,0.7649999999999998,0.6356916,0.1293084168434141,0.17014265374133436,0,0,0,0.22747576612820394,0,0.22674865488086082,0,0,0.7393032330209193,0
2025-05-21 04:00:00+00:00,0.7499999999999999,0.7499999999999999,0.6804981,0.06950187683105458,0.09542591784584155,0,0,0,0.46913813076040145,0,0.4642582628747117,0,0,0.7470353482870645,0
2025-05-21 05:00:00+00:00,0.67,0.67,0.7176269,-0.04762692928314205,0.06614851289325284,0,0,0,0.6092543100617858,0,0.6152959262106072,0,0,0.280583506570945,0
2025-05-21 06:00:00+00:00,0.74,0.74,0.7276989,0.012301077842712393,0.018223819026240578,0,0,0,0.8861363019634368,0,0.8904688700999231,0,0,0.7128150461929095,0
2025-05-21 07:00:00+00:00,0.615,0.615,0.6894761,-0.07447607278823853,0.11759379913932401,0,0,0,0.3806553576370395,0,0.37279016141429666,0,0,0.046933997140687224,0
2025-05-21 08:00:00+00:00,0.545,0.545,0.6547983,-0.10979832887649532,0.19040172637542538,0,0,0,0.18618849675348936,0,0.1810146041506533,0,0,0.0038029259761456903,1
2025-05-21 09:00:00+00:00,0.5700000000000001,0.5700000000000001,0.60854954,-0.03854953527450555,0.07030310384408306,0,0,0,0.5878131792511831,0,0.5895465026902382,0,0,0.013170243782920608,0
2025-05-21 10:00:00+00:00,0.53,0.53,0.56290925,-0.032909245491027805,0.05929593782167172,0,0,0,0.6456706220520398,0,0.6498847040737894,0,0,0.00590543910493344,1
2025-05-21 11:00:00+00:00,0.565,0.565,0.5440534,0.020946624279022164,0.03696463108062735,0,0,0,0.7724399934129486,0,0.7770945426594927,0,0,0.03484492689020742,0
2025-05-21 12:00:00+00:00,0.605,0.605,0.5465757,0.05842427492141722,0.09987055542122603,0,0,0,0.4501727722584896,0,0.44158339738662566,0,0,0.30556105060779365,0
2025-05-21 13:00:00+00:00,0.585,0.585,0.56789225,0.0171077466011047,0.027593139679201132,0,0,0,0.8286603237089163,0,0.8278247501921598,0,0,0.11000437839670563,0
2025-05-21 14:00:00+00:00,0.67,0.67,0.6046008,0.06539921283721928,0.10463874053955084,0,0,0,0.43051315475263235,0,0.42121445042275174,0,0,0.6818842770320264,0
2025-05-21 15:00:00+00:00,0.62,0.62,0.62932986,-0.009329860210418706,0.01465423069699273,0,0,0,0.9082832775044756,0,0.9131437355880092,0,0,0.37057548641352134,0
2025-05-21 16:00:00+00:00,0.62,0.62,0.6491399,-0.029139881134033208,0.04625377957783049,0,0,0,0.7183306041122416,0,0.7186779400461183,0,0,0.5205509752268124,0
2025-05-21 17:00:00+00:00,0.65,0.65,0.64724517,0.0027548313140869363,0.004361210523620479,0,0,0,0.972626501687914,0,0.9769408147578785,0,0,0.6472755182389217,0
2025-05-21 18:00:00+00:00,0.625,0.625,0.62863153,-0.0036315321922302246,0.0058573099874681045,0,0,0,0.9632443092692764,0,0.9684857801691007,0,0,0.6738444696248714,0
2025-05-21 19:00:00+00:00,0.585,0.585,0.6102545,-0.0252545261383057,0.041514289542420334,0,0,0,0.7457162349111355,0,0.7498078401229823,0,0,0.283349931111973,0
2025-05-21 20:00:00+00:00,0.615,0.615,0.5880069,0.026993086338043204,0.04627386229378835,0,0,0,0.7182156035667262,0,0.718293620292083,0,0,0.6316318319461707,0
2025-05-21 21:00:00+00:00,0.55,0.55,0.5638816,-0.013881576061248735,0.024569161170351742,0,0,0,0.8470912597655025,0,0.8474250576479632,0,0,0.32881441926749694,0
2025-05-21 22:00:00+00:00,0.53,0.53,0.5552225,-0.02522251129150388,0.048504829406738226,0,0,0,0.7054971514966707,0,0.7079169869331283,0,0,0.28703959926410255,0
2025-05-21 23:00:00+00:00,0.48,0.48,0.54845107,-0.0684510660171509,0.13644730767538388,0,0,0,0.3170928812104216,0,0.31053036126056877,0,0,0.064036694615738,0
2025-05-22 00:00:00+00:00,0.495,0.495,0.543597,-0.04859698295593262,0.09623164941768836,0,0,0,0.46565421553309444,0,0.45926210607225215,0,0,0.18990775920753844,0
2025-05-22 01:00:00+00:00,0.54,0.54,0.53432626,0.00567374467849735,0.010876187882103545,0,0,0,0.9318334203551943,0,0.9385088393543428,0,0,0.6721911109352723,0
2025-05-22 02:00:00+00:00,0.53,0.53,0.52693135,0.0030686545372009544,0.005939331362324427,0,0,0,0.9627301362103703,0,0.96771714066103,0,0,0.6523304225106508,0
2025-05-22 03:00:00+00:00,0.48,0.48,0.5315295,-0.051529486179351824,0.10516221669255475,0,0,0,0.4283980071840243,0,0.4192928516525749,0,0,0.13291828417220686,0
2025-05-22 04:00:00+00:00,0.45999999999999996,0.45999999999999996,0.53782064,-0.07782063722610477,0.15774453491777993,0,0,0,0.25715651675423373,0,0.25864719446579554,0,0,0.0739236465837651,0
2025-05-22 05:00:00+00:00,0.54,0.54,0.52717394,0.012826063632965123,0.025737920333709276,0,0,0,0.8399528974266851,0,0.8382013835511145,0,0,0.816459526066708,0
2025-05-22 06:00:00+00:00,0.495,0.495,0.50177795,-0.006777946949005131,0.013076424982003466,0,0,0,0.9181062503809388,0,0.9231360491929286,0,0,0.46287398056235857,0
2025-05-22 07:00:00+00:00,0.52,0.52,0.492774,0.027225990295410174,0.05445198059082035,0,0,0,0.6721663910867599,0,0.6737125288239816,0,0,0.8780045569276184,0
2025-05-22 08:00:00+00:00,0.485,0.485,0.48246837,0.002531633377075182,0.005166598728724862,0,0,0,0.9675750468796803,0,0.971944657955419,0,0,0.8621319278936855,0
2025-05-22 09:00:00+00:00,0.46499999999999997,0.46499999999999997,0.47901294,-0.014012936353683503,0.029500918639333695,0,0,0,0.8170998493292633,0,0.8189853958493467,0,0,0.6811041028285502,0
2025-05-22 10:00:00+00:00,0.475,0.475,0.47439468,0.0006053209304809348,0.0013207002119584033,0,0,0,0.9917084254771757,0,0.9915449654112222,0,0,0.632390644739648,0
2025-05-22 11:00:00+00:00,0.43500000000000005,0.43500000000000005,0.463383,-0.02838298916816706,0.06450679356401605,0,0,0,0.6178614080635286,0,0.6206764027671022,0,0,0.2128666787710008,0
2025-05-22 12:00:00+00:00,0.4099999999999999,0.4099999999999999,0.4584538,-0.04845380425453194,0.11491020771825756,0,0,0,0.3905602756630625,0,0.38278247501921603,0,0,0.07065826119832327,0
2025-05-22 13:00:00+00:00,0.42000000000000004,0.42000000000000004,0.45424992,-0.03424991846084591,0.08027324639260759,0,0,0,0.5384162708656287,0,0.5399692544196772,0,0,0.07133910690317234,0
2025-05-22 14:00:00+00:00,0.45000000000000007,0.45000000000000007,0.4461202,0.0038797974586487483,0.008686113713392719,0,0,0,0.9455257367122459,0,0.9531129900076863,0,0,0.38115854787978765,0
2025-05-22 15:00:00+00:00,0.47,0.47,0.4420347,0.027965308427810642,0.0626088994652477,0,0,0,0.6279046376031349,0,0.6310530361260569,0,0,0.41758993050225734,0
2025-05-22 16:00:00+00:00,0.42000000000000004,0.42000000000000004,0.44731957,-0.02731956720352169,0.06162308391771809,0,0,0,0.6331602431701552,0,0.6368178324365872,0,0,0.06249216695345576,0
2025-05-22 17:00:00+00:00,0.44000000000000006,0.44000000000000006,0.46317637,-0.023176369667053165,0.054319616407155845,0,0,0,0.6728988164012533,0,0.6744811683320523,0,0,0.30744167420881896,0
2025-05-22 18:00:00+00:00,0.42000000000000004,0.42000000000000004,0.4662875,-0.04628749370574947,0.10764533419941738,0,0,0,0.4184808187143655,0,0.40968485780169106,0,0,0.2871882091029906,0
2025-05-22 19:00:00+00:00,0.43000000000000005,0.43000000000000005,0.46181166,-0.03181166172027583,0.07604381287715337,0,0,0,0.5590098000844389,0,0.5611068408916218,0,0,0.4917557596714226,0
2025-05-22 20:00:00+00:00,0.405,0.405,0.4469556,-0.04195559144020078,0.10150546316177607,0,0,0,0.4433519596858703,0,0.43389700230591854,0,0,0.5599364957741385,0
2025-05-22 21:00:00+00:00,0.405,0.405,0.43092284,-0.025922836065292332,0.06271653886764272,0,0,0,0.6273323894366856,0,0.6299000768639509,0,0,0.385602285323872,0
2025-05-22 22:00:00+00:00,0.43000000000000005,0.43000000000000005,0.41218516,0.01781483769416814,0.04208229376575151,0,0,0,0.7424090219128958,0,0.7455803228285933,0,0,0.7742104636394636,0
2025-05-22 23:00:00+00:00,0.43500000000000005,0.43500000000000005,0.39809296,0.0369070446491242,0.08517010303644044,0,0,0,0.5152516724784184,0,0.5138355111452728,0,0,0.6336528101302591,0
2025-05-23 00:00:00+00:00,0.43500000000000005,0.43500000000000005,0.39468643,0.040313569307327324,0.0944849280640484,0,0,0,0.47323258118379263,0,0.4692544196771714,0,0,0.8825613120092952,0
2025-05-23 01:00:00+00:00,0.41000000000000003,0.41000000000000003,0.40079728,0.009202722311019929,0.020005918067434625,0,0,0,0.8751248844684884,0,0.8777863182167563,0,0,0.7814484051134711,0
2025-05-23 02:00:00+00:00,0.535,0.535,0.4095896,0.12541041135787967,0.2649515732912951,0,0,0,0.09082045692216627,0,0.07131466991797858,0,0,0.119115477790041,0
2025-05-23 03:00:00+00:00,0.475,0.475,0.4102034,0.06479660272598264,0.14293368248378524,0,0,0,0.2975664541995821,0,0.29631053036126054,0,0,0.7438737525389997,0
2025-05-23 04:00:00+00:00,0.35,0.35,0.43115237,-0.08115237355232241,0.20458581567812373,0,0,0,0.1619453163562646,0,0.15257494235203695,0,0,0.23598624648056196,0
2025-05-23 05:00:00+00:00,0.365,0.365,0.44979867,-0.08479867339134217,0.21468018580086626,0,0,0,0.1467311366386994,0,0.1322059953881629,0,0,0.24313937164587718,0
2025-05-23 06:00:00+00:00,0.47,0.47,0.43604118,0.03395882368087766,0.08021769373435668,0,0,0,0.5386832617759437,0,0.5403535741737125,0,0,0.535690559606736,0
2025-05-23 07:00:00+00:00,0.43500000000000005,0.43500000000000005,0.4104516,0.024548408985137993,0.05516496401154605,0,0,0,0.6682287375448908,0,0.6714066102997693,0,0,0.8447243078610109,0
2025-05-23 08:00:00+00:00,0.43000000000000005,0.43000000000000005,0.41074008,0.019259922504425098,0.04141918818155935,0,0,0,0.7462706146418571,0,0.750576479631053,0,0,0.7580097783196653,0
2025-05-23 09:00:00+00:00,0.53,0.53,0.41872498,0.11127501606941226,0.22034656647408368,0,0,0,0.13886496291071468,0,0.12413528055342049,0,0,0.0545387389293457,0
2025-05-23 10:00:00+00:00,0.5549999999999999,0.5549999999999999,0.42447478,0.13052522420883172,0.24246171679659145,0,0,0,0.11225467238313377,0,0.0936763914901514,0,0,0.012307458752626238,0
2025-05-23 11:00:00+00:00,0.53,0.53,0.44543552,0.08456447601318362,0.16690357107865186,0,0,0,0.23488609980093683,0,0.23597232897770948,0,0,0.06339217455586829,0
2025-05-23 12:00:00+00:00,0.43500000000000005,0.43500000000000005,0.47654462,-0.04154461860656733,0.08870737069017934,0,0,0,0.4989776050259635,0,0.49807840122982316,0,0,0.8785227727591219,0
2025-05-23 13:00:00+00:00,0.44000000000000006,0.44000000000000006,0.5004999,-0.06049990415573114,0.14519976997375475,0,0,0,0.2910140234956705,0,0.29016141429669484,0,0,0.835989175947011,0
2025-05-23 14:00:00+00:00,0.375,0.375,0.49465388,-0.11965388059616089,0.2883226038461708,0,0,0,0.0732704324761195,0,0.05339431333465872,0,0,0.4970053091917458,0
2025-05-23 15:00:00+00:00,0.43000000000000005,0.43000000000000005,0.47639492,-0.04639492154121394,0.11090419491923649,0,0,0,0.4057553298244256,0,0.398923904688701,0,0,0.5439845110861466,0
2025-05-23 16:00:00+00:00,0.45000000000000007,0.45000000000000007,0.4445634,0.005436611175537176,0.012263032726775584,0,0,0,0.9231772531818623,0,0.9277478862413528,0,0,0.8743882714106265,0
2025-05-23 17:00:00+00:00,0.45000000000000007,0.45000000000000007,0.42656094,0.023439061641693182,0.05306957352836192,0,0,0,0.679837355239053,0,0.6833205226748655,0,0,0.5077250305152403,0
2025-05-23 18:00:00+00:00,0.42500000000000004,0.42500000000000004,0.43330282,-0.008302819728851274,0.019014090982102154,0,0,0,0.8812492661113703,0,0.8843197540353575,0,0,0.7389149737490003,0
2025-05-23 19:00:00+00:00,0.43500000000000005,0.43500000000000005,0.4527326,-0.017732592821121163,0.04076458119797968,0,0,0,0.7500915730719127,0,0.7528823981552651,0,0,0.689934659370304,0
2025-05-23 20:00:00+00:00,0.44500000000000006,0.44500000000000006,0.4655933,-0.020593308210372863,0.04698093127841717,0,0,0,0.7141724552045009,0,0.7156033820138354,0,0,0.8503410636661,0
2025-05-23 21:00:00+00:00,0.43500000000000005,0.43500000000000005,0.46760902,-0.03260901808738703,0.07672710138208713,0,0,0,0.5556463951400433,0,0.5576479631053036,0,0,0.8359311923168659,0
2025-05-23 22:00:00+00:00,0.395,0.395,0.46101606,-0.06601605892181395,0.15718109267098554,0,0,0,0.25859213722211555,0,0.2609531129900077,0,0,0.5368365512343286,0
2025-05-23 23:00:00+00:00,0.43000000000000005,0.43000000000000005,0.4458106,-0.015810586214065503,0.03809779810618193,0,0,0,0.7657462548397433,0,0.7690238278247502,0,0,0.6598623919614957,0
2025-05-24 00:00:00+00:00,0.42000000000000004,0.42000000000000004,0.4202589,-0.0002589094638824063,0.0006445878768856589,0,0,0,0.9959530921202342,0,0.9965411222136817,0,0,0.757864796090578,0
2025-05-24 01:00:00+00:00,0.355,0.355,0.40240946,-0.047409464120864886,0.11658064947753659,0,0,0,0.38436910391447854,0,0.3762490392006149,0,0,0.37313956175372015,0
2025-05-24 02:00:00+00:00,0.44500000000000006,0.44500000000000006,0.39361888,0.051381118297576966,0.19267919361591362,0,0,1,0.18205429625374503,0,0.1748654880860876,0,0,0.37549991307064434,0
2025-05-24 03:00:00+00:00,0.55,0.0,0.38051292,-0.38051292300224304,1.3046157360076904,1,0,1,0.00039920606703248204,1,8.741289208499559e-19,1,0,3.022391227307155e-06,1
2025-05-24 04:00:00+00:00,0.43000000000000005,0.43000000000000005,0.3813537,0.04864629387855535,0.17477710375528865,0,0,1,0.2172778138213229,0,0.21521906225980014,0,0,0.3205739004989031,0
2025-05-24 05:00:00+00:00,0.405,0.405,0.4136779,-0.008677901029586765,0.021079921529360564,0,0,0,0.8685050017292624,0,0.8693312836279785,0,0,0.5247510508295323,0
2025-05-24 06:00:00+00:00,0.4,0.4,0.4405597,-0.040559685230255105,0.09657067911965499,0,0,0,0.4641943472986989,0,0.45810914681014603,0,0,0.4702245579132702,0
2025-05-24 07:00:00+00:00,0.45500000000000007,0.45500000000000007,0.44457406,0.010425941944122386,0.02512275167258406,0,0,0,0.843707861852545,0,0.8420445810914681,0,0,0.43834491837789785,0
2025-05-24 08:00:00+00:00,0.39,0.39,0.43586102,-0.04586102128028868,0.10919290781021113,0,0,0,0.412396784198036,0,0.4062259800153728,0,0,0.5031714952846071,0
2025-05-24 09:00:00+00:00,0.41500000000000004,0.41500000000000004,0.43725494,-0.022254935503005946,0.05495045803211345,0,0,0,0.6694120603460149,0,0.6725595695618755,0,0,0.6368712439085696,0
2025-05-24 10:00:00+00:00,0.4099999999999999,0.4099999999999999,0.43155712,-0.021557118892669758,0.02163146090366917,0,0,1,0.865110472003173,0,0.8681783243658724,0,0,0.46203796772404165,0
2025-05-24 11:00:00+00:00,0.44500000000000006,2.1646897378317886,0.4241983,1.740491438185411,1.755300476600997,1,1,1,0.00012483112334808047,1,0.0,1,0,3.139355914720965e-11,1
2025-05-24 12:00:00+00:00,0.4,0.4,0.42047656,-0.020476555824279763,0.02068555064533103,0,0,1,0.8709343243191062,0,0.8727901614142967,0,0,0.13139211026552344,0
2025-05-24 13:00:00+00:00,0.405,0.405,0.42565754,-0.02065754055976865,0.050589895248413015,0,0,0,0.6937145793256386,0,0.6975403535741738,0,0,0.0027022999650167688,1
2025-05-24 14:00:00+00:00,0.42000000000000004,0.42000000000000004,0.43111938,-0.011119382381439169,0.02595964758312646,0,0,0,0.8386007387030051,0,0.835511145272867,0,0,0.03696914167746657,0
2025-05-24 15:00:00+00:00,0.4600000000000001,0.4600000000000001,0.43083137,0.029168627262115554,0.06119292432611654,0,0,0,0.635461772933244,0,0.637586471944658,0,0,0.18950326485768995,0
2025-05-24 16:00:00+00:00,0.55,0.55,0.4287728,0.12122719287872319,0.24408159640011376,0,0,0,0.11053688451033666,0,0.09187091280173187,0,0,0.011484018551467119,0
2025-05-24 17:00:00+00:00,0.48,0.48,0.43097484,0.049025158882141096,0.09707952253889325,0,0,0,0.462010003742261,0,0.4558032282859339,0,0,0.043685674498021014,0
2025-05-24 18:00:00+00:00,0.485,0.485,0.45188266,0.033117339611053453,0.06451429794361063,0,0,0,0.617821893801905,0,0.6202920830130669,0,0,0.056948846907592755,0
2025-05-24 19:00:00+00:00,0.575,0.575,0.4650192,0.1099808037281036,0.20751095043038412,0,0,0,0.15737151891758883,0,0.14488854727132972,0,0,0.002095958949169937,1
2025-05-24 20:00:00+00:00,0.53,0.53,0.46652782,0.06347218036651614,0.11540396430275664,0,0,0,0.3887214178652082,0,0.3804765564950039,0,0,0.003778278325732126,1
2025-05-24 21:00:00+00:00,0.545,0.545,0.48307496,0.061925036907196085,0.11432314505943891,0,0,0,0.3927563044294477,0,0.3858570330514989,0,0,0.00438438761161954,1
2025-05-24 22:00:00+00:00,0.55,0.55,0.49180678,0.05819322466850285,0.10422667104806478,0,0,0,0.43218415624441264,0,0.42313604919292847,0,0,0.36786380766944765,0
2025-05-24 23:00:00+00:00,0.58,0.58,0.49495628,0.08504371523857113,0.14704965170934492,0,0,0,0.2857663173669674,0,0.28516525749423516,0,0,0.07708218695850315,0
2025-05-25 00:00:00+00:00,0.605,0.605,0.50039613,0.10460386753082274,0.09446918030969767,0,0,1,0.47330133850258826,0,0.4692544196771714,0,0,0.015093848346096733,0
2025-05-25 01:00:00+00:00,0.5349999999999999,2.136841065665032,0.5146828,1.6221582362849967,1.4672016573936306,1,0,1,0.00025241099302508935,1,0.0,1,0,5.418523229594388e-11,1
2025-05-25 02:00:00+00:00,0.575,0.575,0.5396716,0.03532840013504024,0.03166723436389442,0,0,1,0.8040408027826131,0,0.8063028439661799,0,0,0.002466788929590348,1
2025-05-25 03:00:00+00:00,0.635,0.635,0.5510225,0.08397747039794923,0.13617968172640416,0,0,0,0.31792350282513526,0,0.3116833205226749,0,0,0.003851065988394695,1
2025-05-25 04:00:00+00:00,0.64,0.64,0.55802196,0.08197803735733034,0.12579749978106958,0,0,0,0.3517193967500327,0,0.3424289008455035,0,0,0.006598500142696587,1
2025-05-25 05:00:00+00:00,0.6799999999999999,0.6799999999999999,0.5729251,0.10707490921020502,0.1727014664680726,0,0,0,0.2217871906463767,0,0.2186779400461184,0,0,0.056658454603312515,0
2025-05-25 06:00:00+00:00,0.54,0.54,0.5948984,-0.054898402690887416,0.0914973378181457,0,0,0,0.4864155146876138,0,0.48347425057647964,0,0,0.007840996030353289,1
2025-05-25 07:00:00+00:00,0.5800000000000001,0.5800000000000001,0.6237589,-0.043758912086486745,0.07767854216536109,0,0,0,0.5509863258394196,0,0.5518831667947732,0,0,0.008148041272267556,1
2025-05-25 08:00:00+00:00,0.5700000000000001,0.5700000000000001,0.6154767,-0.045476727485656676,0.07621797902624024,0,0,0,0.5581511638464366,0,0.5603382013835512,0,0,0.0006382149199847971,1
2025-05-25 09:00:00+00:00,0.64,0.64,0.5962307,0.04376931428909303,0.07155746205301312,0,0,0,0.5814371047212166,0,0.5837817063797079,0,0,2.3177267248330316e-05,1
2025-05-25 10:00:00+00:00,0.625,0.625,0.57857376,0.046426236629486084,0.07330458415182012,0,0,0,0.5726327016483788,0,0.5784012298232128,0,0,9.342001472987396e-05,1
2025-05-25 11:00:00+00:00,0.635,0.635,0.58080804,0.054191956520080575,0.08445499717415154,0,0,0,0.5185886454510401,0,0.5165257494235204,0,0,0.032320960615018074,0
2025-05-25 12:00:00+00:00,0.665,0.665,0.58864343,0.07635656833648685,0.12249716845425697,0,0,0,0.3631190098004356,0,0.3554957724827056,0,0,0.2917464220765084,0
2025-05-25 13:00:00+00:00,0.5700000000000001,0.5700000000000001,0.5977466,-0.02774661064147943,0.044752597808837793,0,0,0,0.7269522181566972,0,0.7259800153727902,0,0,0.3914468297708373,0
2025-05-25 14:00:00+00:00,0.625,0.625,0.6150072,0.009992778301239014,0.016292573317237522,0,0,0,0.8981044002769786,0,0.9035357417371253,0,0,0.29780525044035294,0
2025-05-25 15:00:00+00:00,0.645,0.645,0.61250806,0.032491941452026385,0.05050560847465241,0,0,0,0.6941888867192375,0,0.6983089930822444,0,0,0.28737738330820634,0
2025-05-25 16:00:00+00:00,0.66,0.66,0.61108774,0.04891226053237918,0.0737370761794661,0,0,0,0.5704670468811357,0,0.5760953112990008,0,0,0.020745272050202292,0
2025-05-25 17:00:00+00:00,0.685,0.685,0.61525244,0.06974756479263311,0.1075797914539328,0,0,0,0.41874012684436185,0,0.41006917755572636,0,0,0.042447341169117865,0
2025-05-25 18:00:00+00:00,0.6,0.6,0.6245412,-0.02454122304916384,0.04090203841527306,0,0,0,0.7492885072236919,0,0.7517294388931591,0,0,0.01696265645470376,0
2025-05-25 19:00:00+00:00,0.515,0.515,0.642935,-0.12793497800827025,0.22913727404466314,0,0,0,0.127545653347152,0,0.11106840891621828,0,0,0.0017613566238885118,1
2025-05-25 20:00:00+00:00,0.56,0.56,0.63970304,-0.0797030353546142,0.14148467814428556,0,0,0,0.30182866958716287,0,0.2993850883935434,0,0,0.016250472856267715,0
2025-05-25 21:00:00+00:00,0.615,0.615,0.60626036,0.008739640712738028,0.013872445575774647,0,0,0,0.9131481057020137,0,0.920445810914681,0,0,0.007595262922313414,1
2025-05-25 22:00:00+00:00,0.715,0.715,0.5780511,0.13694890975952145,0.19992541570733058,0,0,0,0.16952414356392398,0,0.1617986164488855,0,0,0.00284822825310787,1
2025-05-25 23:00:00+00:00,0.725,0.725,0.5706279,0.1543720722198486,0.20674831100872584,0,0,0,0.15855068171158945,0,0.14681014604150655,0,0,0.0028023004144364645,1
2025-05-26 00:00:00+00:00,0.7999999999999999,0.7999999999999999,0.59605587,0.20394413471221917,0.2671757223304182,0,0,0,0.08896127335581937,0,0.06939582730280869,0,0,0.0009959426685506494,1
2025-05-26 01:00:00+00:00,0.7649999999999998,0.7649999999999998,0.6330995,0.13190050363540629,0.17129935537065755,0,0,0,0.22488639153094198,0,0.22328977709454267,0,0,0.002409199519313535,1
2025-05-26 02:00:00+00:00,0.745,0.745,0.6790702,0.06592982530593872,0.08771151925402047,0,0,0,0.5035200932109698,0,0.5046118370484243,0,0,0.01602840479607786,0
2025-05-26 03:00:00+00:00,0.745,0.745,0.70802814,0.03697186231613159,0.04907769333999768,0,0,0,0.7022497726287916,0,0.7063797079169869,0,0,0.01328824734919492,0
2025-05-26 04:00:00+00:00,0.7699999999999999,0.7699999999999999,0.7097924,0.06020762443542471,0.07573286092506254,0,0,0,0.5605450377630959,0,0.5626441199077632,0,0,0.007044418394900767,1
2025-05-26 05:00:00+00:00,0.87,0.87,0.69996464,0.17003535747528076,0.21846084472198812,0,0,0,0.14143137030373862,0,0.12644119907763263,0,0,0.00025525474860868525,1
2025-05-26 06:00:00+00:00,0.6950000000000001,0.6950000000000001,0.6999911,-0.0049911069869994495,0.006510139548260152,0,0,0,0.9591524953466467,0,0.963489623366641,0,0,0.43489662977184546,0
2025-05-26 07:00:00+00:00,0.735,0.735,0.73517966,-0.00017966270446778676,0.0002518636043940936,0,0,0,0.9984187198045013,0,0.9976940814757879,0,0,0.09175141935573729,0
2025-05-26 08:00:00+00:00,0.71,0.71,0.74280256,-0.03280256032943729,0.043932000441210664,0,0,0,0.731685946795348,0,0.7313604919292851,0,0,0.41249195248823356,0
2025-05-26 09:00:00+00:00,0.7949999999999998,0.7949999999999998,0.7489012,0.046098811626434144,0.056218062959066034,0,0,0,0.6624362524685874,0,0.6675634127594159,0,0,0.010676137323972419,0
2025-05-26 10:00:00+00:00,0.9550000000000002,0.9550000000000002,0.75164026,0.2033597397804262,0.22764149975420847,0,0,0,0.12939903952343343,0,0.11452728670253653,0,0,4.6475714906895806e-05,1
2025-05-26 11:00:00+00:00,0.9299999999999999,0.9299999999999999,0.7681164,0.16188358545303339,0.17221658026918443,0,0,0,0.22285409956101088,0,0.22059953881629513,0,0,9.718256785199006e-05,1
2025-05-26 12:00:00+00:00,0.9350000000000002,0.9350000000000002,0.8210042,0.11399578809738176,0.12736959563953268,0,0,0,0.34640203129681735,0,0.3374327440430438,0,0,0.0001211467248396812,1
2025-05-26 13:00:00+00:00,0.82,0.82,0.86330444,-0.043304436206817676,0.05206946237292707,0,0,0,0.6854163864505965,0,0.6906225980015372,0,0,0.012394008085499305,0
2025-05-26 14:00:00+00:00,0.74,0.74,0.879782,-0.13978202104568482,0.17920771928933954,0,0,0,0.20795924970352955,0,0.2059953881629516,0,0,0.3927317428200084,0
2025-05-26 15:00:00+00:00,0.7799999999999999,0.7799999999999999,0.849105,-0.06910500049591073,0.09053056833525423,0,0,0,0.49074106202285306,0,0.49000768639508074,0,0,0.09856900359454408,0
2025-05-26 16:00:00+00:00,0.7699999999999999,0.7699999999999999,0.7884163,-0.018416326045990083,0.023410583956767057,0,0,0,0.8541849938804291,0,0.8547271329746349,0,0,0.15568680218958109,0
2025-05-26 17:00:00+00:00,0.8099999999999999,0.8099999999999999,0.75058657,0.05941343069076532,0.07504854403044042,0,0,0,0.5639337982011886,0,0.5661029976940815,0,0,0.09925923456143958,0
2025-05-26 18:00:00+00:00,0.7949999999999998,0.7949999999999998,0.74065226,0.054347736835479554,0.07344288761551292,0,0,0,0.5719395635432185,0,0.5768639508070714,0,0,0.45545548869626173,0
2025-05-26 19:00:00+00:00,0.615,0.615,0.7603057,-0.14530570268630982,0.21633603377614372,0,0,0,0.14438425264910634,0,0.1302843966179862,0,0,0.02535908272557095,0
2025-05-26 20:00:00+00:00,0.605,0.605,0.78969085,-0.18469085216522219,0.29238657334863666,0,0,0,0.07062778276340387,0,0.05074135362859611,0,0,0.010297162942381114,0
2025-05-26 21:00:00+00:00,0.675,0.675,0.76353824,-0.08853824138641353,0.12296977970335211,0,0,0,0.3614667797890344,0,0.35242121445042274,0,0,0.21860654522280604,0
2025-05-26 22:00:00+00:00,0.88,0.88,0.712269,0.16773099184036255,0.20879376577638492,0,0,0,0.15540897990322264,0,0.14219830899308228,0,0,0.012509437140209047,0
2025-05-26 23:00:00+00:00,0.855,0.855,0.67863566,0.1763643431663513,0.2058727741241455,0,0,0,0.15991593395800893,0,0.14873174481168328,0,0,0.07552851397180844,0
2025-05-27 00:00:00+00:00,0.835,0.835,0.7077165,0.1272834753990173,0.158116118508096,0,0,0,0.25621399149664437,0,0.2578785549577248,0,0,0.06857126030386225,0
2025-05-27 01:00:00+00:00,0.725,0.725,0.7477136,-0.022713625431060813,0.030488087826927263,0,0,0,0.8111397288623338,0,0.8147578785549577,0,0,0.7945494310663583,0
2025-05-27 02:00:00+00:00,0.675,0.675,0.7597718,-0.0847718238830566,0.12052865954936959,0,0,0,0.3700724803868839,0,0.361260568793236,0,0,0.25293969434372565,0
2025-05-27 03:00:00+00:00,0.71,0.71,0.72612363,-0.016123631000518834,0.022762773177203058,0,0,0,0.8581587426924796,0,0.8597232897770946,0,0,0.5681741626097389,0
2025-05-27 04:00:00+00:00,0.74,0.74,0.6743872,0.06561278343200683,0.08826831851839484,0,0,0,0.5009765113287383,0,0.5023059185242121,0,0,0.6156812339777022,0
2025-05-27 05:00:00+00:00,0.7799999999999999,0.7799999999999999,0.64311093,0.1368890690803527,0.167962047951353,0,0,0,0.23243846630854773,0,0.23366641045349734,0,0,0.13501715706554251,0
2025-05-27 06:00:00+00:00,0.9250000000000002,0.9250000000000002,0.6463934,0.2786065816879274,0.34184856648825446,0,0,0,0.045853126983371455,0,0.02685720130785519,0,0,0.0005989123180647302,1
2025-05-27 07:00:00+00:00,0.74,0.74,0.6773224,0.06267761230468749,0.08431965780899663,0,0,0,0.5192219646686285,0,0.5176787086856265,0,0,0.4286742886957436,0
2025-05-27 08:00:00+00:00,0.565,0.565,0.7606822,-0.195682225227356,0.293523337841034,0,0,0,0.06990809707461487,0,0.050021426326530574,0,0,0.001700807374180802,1
2025-05-27 09:00:00+00:00,0.6950000000000001,0.6950000000000001,0.79536617,-0.1003661680221557,0.14759730591493483,0,0,0,0.28423003845601963,0,0.282859338970023,0,0,0.47628039163893576,0
2025-05-27 10:00:00+00:00,0.7799999999999999,0.7799999999999999,0.73978883,0.04021116971969596,0.05290943384170522,0,0,0,0.6807290299991287,0,0.684857801691007,0,0,0.6090185901632581,0
2025-05-27 11:00:00+00:00,0.8049999999999998,0.8049999999999998,0.69644034,0.10855966091155989,0.13770781510980115,0,0,0,0.31320754692979347,0,0.3070714834742506,0,0,0.2027317867073751,0
2025-05-27 12:00:00+00:00,0.7799999999999999,0.7799999999999999,0.69430965,0.08569034814834586,0.11527849526683302,0,0,0,0.38918798782742,0,0.3808608762490392,0,0,0.23292525927199148,0
2025-05-27 13:00:00+00:00,0.645,0.645,0.7204215,-0.07542149305343626,0.10983712580597516,0,0,0,0.40988598390880016,0,0.40315142198308995,0,0,0.20975149330049483,0
2025-05-27 14:00:00+00:00,0.635,0.635,0.7378975,-0.10289751529693603,0.1714958588282267,0,0,0,0.22444944218334764,0,0.22290545734050726,0,0,0.19840794399820297,0
2025-05-27 15:00:00+00:00,0.52,0.52,0.7134595,-0.1934594917297363,0.29018923759460447,0,0,1,0.07204292839426285,0,0.052160222445030054,0,0,0.0019429893987590317,1
2025-05-27 16:00:00+00:00,0.845,0.845,0.67840004,0.1665999603271484,0.22513508152317357,0,0,0,0.1325703870236548,0,0.11683320522674867,0,0,0.004976818989405032,1
2025-05-27 17:00:00+00:00,0.855,0.855,0.6266666,0.22833339452743528,0.2624521776177417,0,0,0,0.09296172962016017,0,0.07352953203615262,0,0,0.004900994989760744,1
2025-05-27 18:00:00+00:00,0.91,0.91,0.661023,0.2489769792556763,0.28894813840117173,0,0,0,0.07285645313492295,0,0.05297777270776408,0,0,0.0007713294482948165,1
2025-05-27 19:00:00+00:00,0.82,0.82,0.73670244,0.0832975578308105,0.10241503011984897,0,0,0,0.43959340293107535,0,0.42928516525749427,0,0,0.03458794459143658,0
2025-05-27 20:00:00+00:00,0.71,0.71,0.80902743,-0.09902743339538578,0.1280527155974816,0,0,0,0.3441139955329739,0,0.33474250576479636,0,0,0.8237510494134213,0
2025-05-27 21:00:00+00:00,0.7899999999999999,0.7899999999999999,0.8277096,-0.03770961523056038,0.05039146801411186,0,0,0,0.6948314597889703,0,0.6990776325903152,0,0,0.2987713357487877,0
2025-05-27 22:00:00+00:00,0.745,0.745,0.7750899,-0.03008991956710816,0.03882570266723634,0,0,0,0.7614594039316036,0,0.7628747117601845,0,0,0.44351201644766575,0
2025-05-27 23:00:00+00:00,0.7899999999999999,0.7899999999999999,0.735462,0.054537990093231126,0.07082855856263784,0,0,0,0.5851366640132781,0,0.5876249039200615,0,0,0.17014627746422933,0
2025-05-28 00:00:00+00:00,0.7749999999999999,0.7749999999999999,0.7031933,0.07180669307708731,0.09325544555465885,0,0,0,0.47862401491172957,0,0.4742505764796311,0,0,0.4464229036461796,0
2025-05-28 01:00:00+00:00,0.745,0.745,0.6993131,0.04568689584732055,0.05998279542317796,0,0,0,0.6419631321884662,0,0.6452728670253651,0,0,0.4569218866910458,0
2025-05-28 02:00:00+00:00,0.7649999999999999,0.7649999999999999,0.7115756,0.05342437267303457,0.0752455953141332,0,0,0,0.5629565661086926,0,0.56456571867794,0,0,0.2497251062662915,0
2025-05-28 03:00:00+00:00,0.62,0.62,0.7265299,-0.10652989625930787,0.1551406256203513,0,0,0,0.2638565837175072,0,0.26710222905457337,0,0,0.13898746687699598,0
2025-05-28 04:00:00+00:00,0.675,0.675,0.7499928,-0.07499278783798213,0.10587217106538653,0,0,0,0.42554300224095554,0,0.41468101460415063,0,0,0.6604054700400342,0
2025-05-28 05:00:00+00:00,0.83,0.83,0.73471004,0.09528996229171749,0.11788448943305257,0,0,0,0.37959555909574827,0,0.37086856264411994,0,0,0.032225277045756735,0
2025-05-28 06:00:00+00:00,0.9199999999999999,0.9199999999999999,0.71743983,0.2025601696968078,0.2364515599573632,0,0,0,0.11888866369485981,0,0.10069177555726361,0,0,0.00033975510306712554,1
2025-05-28 07:00:00+00:00,0.82,0.82,0.7395773,0.08042270660400386,0.0982762198826931,0,0,0,0.4569047815596164,0,0.4508070714834742,0,0,0.034570862256429295,0
2025-05-28 08:00:00+00:00,0.7150000000000001,0.7150000000000001,0.7937976,-0.0787976121902465,0.10300341462777321,0,0,0,0.437175806061633,0,0.42774788624135285,0,0,0.2297498431670774,0
2025-05-28 09:00:00+00:00,0.7599999999999999,0.7599999999999999,0.81636596,-0.05636595726013194,0.07226404776939993,0,0,0,0.577865593785515,0,0.5818601076095311,0,0,0.4121394845327202,0
2025-05-28 10:00:00+00:00,0.865,0.865,0.7775812,0.08741878509521483,0.10553575665418291,0,0,0,0.4268939023319208,0,0.41698693312836277,0,0,0.009706440200342756,1
2025-05-28 11:00:00+00:00,0.86,0.86,0.72827727,0.13172273397445677,0.147726430625559,0,0,0,0.2838689630033159,0,0.2820906994619523,0,0,0.008604449081046283,1
2025-05-28 12:00:00+00:00,0.95,0.95,0.71940136,0.2305986404418945,0.2620439095930619,0,0,0,0.09331682618862636,0,0.07389731606629185,0,0,0.00025909127072220076,1
2025-05-28 13:00:00+00:00,0.83,0.83,0.7342015,0.09579850912094112,0.11204503990753349,0,0,0,0.40137788467973556,0,0.3950807071483474,0,0,0.04261484699391327,0
2025-05-28 14:00:00+00:00,0.7849999999999999,0.7849999999999999,0.7788621,0.006137881278991619,0.008129644078134596,0,0,0,0.94900863673679,0,0.9550345887778632,0,0,0.3345104556999558,0
2025-05-28 15:00:00+00:00,0.65,0.65,0.796004,-0.1460039973258972,0.20857713903699598,0,0,0,0.1557385616316688,0,0.14258262874711758,0,0,0.10490074103039389,0
2025-05-28 16:00:00+00:00,0.665,0.665,0.7921063,-0.12710627079010006,0.28997628317133095,0,0,1,0.07218178120102091,0,0.05229966663000127,0,0,0.2702022079064564,0
2025-05-28 17:00:00+00:00,0.67,0.0,0.7603685,-0.7603685259819031,1.6650405678435831,1,1,1,0.00015366100560112043,1,0.0,1,0,3.6912586735834086e-08,1
2025-05-28 18:00:00+00:00,0.7050000000000001,0.7050000000000001,0.7272585,-0.022258503437042165,0.04928081941780553,0,0,1,0.7011001544462473,0,0.7040737893927748,0,0,0.2315066961336931,0
2025-05-28 19:00:00+00:00,0.6499999999999999,0.6499999999999999,0.71372336,-0.06372336149215707,0.09487349105532072,0,0,0,0.47153850504587147,0,0.46771714066103,0,0,0.11408406519414238,0
2025-05-28 20:00:00+00:00,0.6599999999999999,0.6599999999999999,0.71816564,-0.05816563606262215,0.08857711075526216,0,0,0,0.4995700252310269,0,0.4992313604919293,0,0,0.13077179376830655,0
2025-05-28 21:00:00+00:00,0.66,0.66,0.7115314,-0.05153140068054196,0.07634281582302513,0,0,0,0.5575362777025608,0,0.559185242121445,0,0,0.43393960913866253,0
2025-05-28 22:00:00+00:00,0.7050000000000001,0.7050000000000001,0.6954174,0.009582595825195384,0.012920353921611753,0,0,0,0.9190789017138971,0,0.9242890084550346,0,0,0.3956769582057674,0
2025-05-28 23:00:00+00:00,0.86,0.86,0.6703339,0.1896660780906677,0.23857368313291538,0,0,0,0.11649847982229908,0,0.09814480229328501,0,0,0.004599341910010637,1
2025-05-29 00:00:00+00:00,0.82,0.82,0.6596289,0.16037107229232783,0.19478267889756418,0,0,0,0.17832050774743086,0,0.17025365103766332,0,0,0.011751481937282841,0
2025-05-29 01:00:00+00:00,0.7899999999999999,0.7899999999999999,0.6873791,0.10262087821960442,0.13128470561143424,0,0,0,0.3334721986807635,0,0.32129131437355885,0,0,0.003874256731438235,1
2025-05-29 02:00:00+00:00,0.735,0.735,0.7018773,0.03312270402908324,0.04416360537211098,0,0,0,0.7303484261041102,0,0.7305918524212145,0,0,0.18076483562776052,0
2025-05-29 03:00:00+00:00,0.725,0.725,0.69145143,0.03354856967926023,0.047812688378993204,0,0,0,0.7094308055430567,0,0.7102229054573406,0,0,0.21030599689776058,0
2025-05-29 04:00:00+00:00,0.645,0.645,0.66376233,-0.018762331008911115,0.028865124629094022,0,0,0,0.8209464781007932,0,0.8228285933897003,0,0,0.5527787166768945,0
2025-05-29 05:00:00+00:00,0.58,0.58,0.6475799,-0.06757990837097172,0.11357967793440624,0,0,0,0.3955525102035069,0,0.38970023059185244,0,0,0.19626466962445988,0
2025-05-29 06:00:00+00:00,0.56,0.56,0.63279724,-0.07279724121093745,0.12443972856570502,0,0,0,0.3563702615656037,0,0.34588777863182163,0,0,0.264665366736879,0
2025-05-29 07:00:00+00:00,0.615,0.615,0.6131504,0.0018495821952819735,0.003074097831493585,0,0,0,0.9807024757902428,0,0.9819369715603382,0,0,0.2854052122677932,0
2025-05-29 08:00:00+00:00,0.63,0.63,0.59594935,0.034050648212432866,0.0523856126345121,0,0,0,0.6836501234148814,0,0.6898539584934666,0,0,0.6330781484708252,0
2025-05-29 09:00:00+00:00,0.7050000000000001,0.7050000000000001,0.6048709,0.10012908458709724,0.15209481203103378,0,0,0,0.2719081929477582,0,0.2732513451191392,0,0,0.16030779479575802,0
2025-05-29 10:00:00+00:00,0.64,0.64,0.62637496,0.013625040054321302,0.020285419435714096,0,0,0,0.873400891898139,0,0.8754803996925442,0,0,0.36385211127471817,0
2025-05-29 11:00:00+00:00,0.67,0.67,0.6628974,0.0071025919914246005,0.010318535580762131,0,0,0,0.9353173775886221,0,0.9419677171406611,0,0,0.4307311936472638,0
2025-05-29 12:00:00+00:00,0.7549999999999999,0.7549999999999999,0.6795318,0.07546818733215321,0.10129958031161505,0,0,0,0.4442063042109975,0,0.43543428132205997,0,0,0.008499639636337614,1
2025-05-29 13:00:00+00:00,0.8099999999999999,0.8099999999999999,0.67871714,0.1312828636169433,0.17049722547654975,0,0,0,0.2266788739761736,0,0.22405841660261339,0,0,0.0004379358341250045,1
2025-05-29 14:00:00+00:00,0.745,0.745,0.67346436,0.0715356421470642,0.09495881700937726,0,0,0,0.4711671285638254,0,0.46617986164488856,0,0,0.006172644095346271,1
2025-05-29 15:00:00+00:00,0.7050000000000001,0.7050000000000001,0.6770815,0.027918474674224925,0.03913804860872653,0,0,0,0.7596230609425753,0,0.7617217524980784,0,0,0.013942111952814383,0
2025-05-29 16:00:00+00:00,0.69,0.69,0.66597015,0.02402985334396357,0.03595489278398539,0,0,0,0.7784248890784099,0,0.7832436587240584,0,0,0.26436463478976274,0
2025-05-29 17:00:00+00:00,0.61,0.61,0.65070486,-0.04070486068725587,0.06278384681838953,0,0,0,0.626974717975561,0,0.6295157571099155,0,0,0.20142825935511913,0
2025-05-29 18:00:00+00:00,0.645,0.645,0.6427104,0.002289612293243426,0.0036536366381544035,0,0,0,0.9770657496387718,0,0.9796310530361261,0,0,0.27020740584867947,0
2025-05-29 19:00:00+00:00,0.625,0.625,0.6299888,-0.0049887895584106445,0.007558772058197946,0,0,0,0.9525831121439602,0,0.9573405073020753,0,0,0.43777696976760033,0
2025-05-29 20:00:00+00:00,0.71,0.71,0.63207877,0.07792123317718502,0.10822393496831252,0,0,0,0.416197463934857,0,0.4077632590315142,0,0,0.3372339999754362,0
2025-05-29 21:00:00+00:00,0.825,0.825,0.6405513,0.18444867134094234,0.2411093743018854,0,0,0,0.11371121975560639,0,0.0952087811769414,0,0,0.009290763478027006,1
2025-05-29 22:00:00+00:00,0.7599999999999999,0.7599999999999999,0.6696437,0.09035629987716665,0.10930197565786288,0,0,0,0.41197079713580936,0,0.4058416602613374,0,0,0.1694976635438664,0
2025-05-29 23:00:00+00:00,0.895,0.895,0.72811437,0.16688563346862795,0.20731134592376146,0,0,0,0.15767924007379097,0,0.14565718677940043,0,0,0.0004596695244081565,1
2025-05-30 00:00:00+00:00,0.7599999999999999,0.7599999999999999,0.7619873,-0.0019873285293580123,0.002428507367850932,0,0,0,0.9847543531750232,0,0.9842428900845503,0,0,0.10068120509199471,0
2025-05-30 01:00:00+00:00,0.7999999999999999,0.7999999999999999,0.7988455,0.0011544704437255193,0.0014864426314062484,0,0,0,0.9906679305198802,0,0.9907763259031515,0,0,0.00999928742236434,1
2025-05-30 02:00:00+00:00,0.7699999999999999,0.7699999999999999,0.77875304,-0.00875304222106943,0.011644845526921636,0,0,0,0.9270342441143854,0,0.9319754035357417,0,0,0.018946195096178828,0
2025-05-30 03:00:00+00:00,0.685,0.685,0.7390241,-0.05402410268783564,0.07383704239795302,0,0,0,0.5699672618167129,0,0.5749423520368947,0,0,0.3346377105687047,0
2025-05-30 04:00:00+00:00,0.74,0.74,0.70171386,0.038286139965057364,0.0540510211271398,0,0,0,0.6743864119542935,0,0.6748654880860876,0,0,0.0575916959019528,0
2025-05-30 05:00:00+00:00,0.7,0.7,0.6650695,0.03493047952651973,0.04990068503788533,0,0,0,0.697597932008208,0,0.7013835511145272,0,0,0.2788953942114761,0
2025-05-30 06:00:00+00:00,0.66,0.66,0.66413224,-0.004132237434387176,0.006047176733249527,0,0,0,0.9620541119000219,0,0.9669485011529593,0,0,0.2866412154011256,0
2025-05-30 07:00:00+00:00,0.69,0.69,0.67863715,0.01136285305023188,0.015601171236016311,0,0,0,0.9023972675904773,0,0.909684857801691,0,0,0.6669818468821846,0
2025-05-30 08:00:00+00:00,0.835,0.835,0.6883011,0.14669891357421871,0.19302488628186676,0,0,0,0.18143514165113653,0,0.17409684857801688,0,1,0.0035434705607810184,1
2025-05-30 09:00:00+00:00,0.7549999999999999,0.7549999999999999,0.6968542,0.058145825862884415,0.07391418541892086,0,0,0,0.5695817838008067,0,0.5745580322828594,0,1,0.2996348924291718,0
2025-05-30 10:00:00+00:00,0.7699999999999999,0.7699999999999999,0.73894465,0.03105535030364981,0.04113291430946995,0,0,0,0.7479405267303528,0,0.7513451191391237,0,1,0.14433749087674658,0
2025-05-30 11:00:00+00:00,0.74,0.74,0.75260025,-0.012600252628326425,0.01718216267499058,0,0,0,0.892587225522126,0,0.8985395849346657,0,0,0.5834070696268618,0
2025-05-30 12:00:00+00:00,0.69,0.69,0.7525779,-0.0625779008865357,0.08793147665555369,0,0,0,0.502514130763157,0,0.5034588777863183,0,1,0.3184918164012874,0
2025-05-30 13:00:00+00:00,0.705,0.705,0.7280369,-0.023036880493164102,0.03275385852108641,0,0,0,0.7975190505742049,0,0.8009223674096848,0,1,0.5494447157837564,0
2025-05-30 14:00:00+00:00,0.715,0.715,0.6874556,0.027544405460357635,0.037475381578717874,0,0,0,0.769419924541151,0,0.7728670253651038,0,0,0.4687843373014907,0
2025-05-30 15:00:00+00:00,0.7849999999999999,0.7849999999999999,0.6482614,0.13673857212066642,0.18774174661876394,0,0,0,0.19114020852983044,0,0.18485780169100696,0,1,0.012777391351794334,0
2025-05-30 16:00:00+00:00,0.685,0.685,0.6286946,0.056305406093597465,0.07856568292129879,0,0,0,0.5466656984143361,0,0.5476556495003844,0,0,0.5706356077489355,0
2025-05-30 17:00:00+00:00,0.6799999999999999,0.6799999999999999,0.6524748,0.027525179386138854,0.041916516831683535,0,0,0,0.7433735704205462,0,0.7467332820906994,0,0,0.6929753998149687,0
2025-05-30 18:00:00+00:00,0.605,0.605,0.6682316,-0.06323160648345949,0.09983937865809393,0,0,0,0.4503036529044121,0,0.4419677171406611,0,0,0.08588153958541378,0
2025-05-30 19:00:00+00:00,0.615,0.615,0.67834616,-0.06334615707397462,0.10189730360424872,0,0,0,0.44172961082359324,0,0.4319754035357417,0,0,0.10120871339947764,0
2025-05-30 20:00:00+00:00,0.645,0.645,0.6662902,-0.021290223598480207,0.03275419015150801,0,0,0,0.7975170631913736,0,0.8005380476556495,0,0,0.2646180483539875,0
2025-05-30 21:00:00+00:00,0.69,0.69,0.6483799,0.041620078086852974,0.05848254532110489,0,0,0,0.6500772500128846,0,0.653727901614143,0,0,0.7782403309600867,0
2025-05-30 22:00:00+00:00,0.7999999999999999,0.7999999999999999,0.6398134,0.16018657684326165,0.20985141071169652,0,0,0,0.15381044092947943,0,0.14066102997694085,0,1,0.0669963219168366,0
2025-05-30 23:00:00+00:00,0.7999999999999999,0.7999999999999999,0.643305,0.15669499635696404,0.20438477785690964,0,0,0,0.1622647757426465,0,0.15334358186010766,0,1,0.0732791287316059,0
2025-05-31 00:00:00+00:00,0.7,0.7,0.6815219,0.018478107452392534,0.025783405747524465,0,0,0,0.839675459180958,0,0.8370484242890084,0,0,0.7515292270893836,0
2025-05-31 01:00:00+00:00,0.65,0.65,0.71481115,-0.06481114625930784,0.09171388621600166,0,0,0,0.4854506197967624,0,0.4819369715603382,0,0,0.4589705303717608,0
2025-05-31 02:00:00+00:00,0.7699999999999999,0.7699999999999999,0.703412,0.0665880036354064,0.09581007717324663,0,0,0,0.467474526587283,0,0.462336664104535,0,0,0.10089573585219258,0
2025-05-31 03:00:00+00:00,0.665,0.665,0.6591664,0.005833604335784948,0.008663768815522199,0,0,0,0.9456655639346416,0,0.9534973097617218,0,0,0.46187401739944384,0
2025-05-31 04:00:00+00:00,0.585,0.585,0.6409241,-0.055924096107482946,0.08900386648405774,0,0,0,0.4976311108439406,0,0.49654112221368174,0,0,0.10776391439820528,0
2025-05-31 05:00:00+00:00,0.635,0.635,0.6222393,0.012760708332061776,0.02097650684722484,0,0,0,0.8691418671584344,0,0.8708685626441199,0,0,0.45251292744219646,0
2025-05-31 06:00:00+00:00,0.605,0.605,0.59591085,0.009089152812957746,0.014739166723715263,0,0,0,0.9077550328171753,0,0.9119907763259032,0,0,0.1854214661822419,0
2025-05-31 07:00:00+00:00,0.61,0.61,0.5974271,0.012572870254516588,0.020063090831675408,0,0,0,0.8747721685048739,0,0.877401998462721,0,0,0.18740982039998752,0
2025-05-31 08:00:00+00:00,0.665,0.665,0.6176951,0.04730490684509281,0.06872383561030432,0,0,0,0.5959054587557815,0,0.5972328977709453,0,0,0.7753627819815821,0
2025-05-31 09:00:00+00:00,0.7899999999999999,0.7899999999999999,0.6439197,0.14608029365539543,0.2076970999839745,0,0,0,0.15708511356712362,0,0.14450422751729441,0,0,0.008550705369687937,1
2025-05-31 10:00:00+00:00,0.655,0.655,0.6716204,-0.01662042856216428,0.022612827975733718,0,0,0,0.8590792548489572,0,0.8608762490392006,0,0,0.3394571805443616,0
2025-05-31 11:00:00+00:00,0.7599999999999999,0.7599999999999999,0.7186634,0.04133660554885854,0.05662548705323088,0,0,0,0.6602028481748123,0,0.6648731744811683,0,0,0.031165131986230218,0
2025-05-31 12:00:00+00:00,0.7749999999999999,0.7749999999999999,0.7153673,0.05963268280029288,0.0820633249545315,0,0,0,0.5298632522792809,0,0.5276710222905457,0,0,0.039210340338247066,0
2025-05-31 13:00:00+00:00,0.645,0.645,0.70465755,-0.059657554626464826,0.08583820809563285,0,0,0,0.5121482621579232,0,0.5111452728670254,0,0,0.6830014897442703,0
2025-05-31 14:00:00+00:00,0.665,0.665,0.693392,-0.028391978740692103,0.0417529099127825,0,0,0,0.7443260516181873,0,0.7478862413528056,0,0,0.5615043358918285,0
2025-05-31 15:00:00+00:00,0.73,0.73,0.6495454,0.0804546284675598,0.12251973878308599,0,0,0,0.3630399537672867,0,0.3543428132205996,0,0,0.2994037446948314,0
2025-05-31 16:00:00+00:00,0.575,0.575,0.6100317,-0.0350317239761353,0.056962152806724065,0,0,0,0.6583605452797163,0,0.6633358954650269,0,0,0.1510724523855895,0
2025-05-31 17:00:00+00:00,0.54,0.54,0.6110423,-0.07104232072830197,0.1332043513655662,0,0,0,0.3272935444050213,0,0.3178324365872406,0,0,0.04976560691545985,0
2025-05-31 18:00:00+00:00,0.485,0.485,0.600609,-0.11560900449752809,0.23355354443945073,0,0,0,0.12223966850622749,0,0.10453497309761717,0,0,0.004030704132121038,1
2025-05-31 19:00:00+00:00,0.4600000000000001,0.4600000000000001,0.5896409,-0.12964091539382927,0.27980053682121425,0,0,0,0.0791842531548458,0,0.05937964902844459,0,0,0.002211701130590363,1
2025-05-31 20:00:00+00:00,0.44500000000000006,0.44500000000000006,0.57982403,-0.13482403039932245,0.2920376109732616,0,0,0,0.07085039873886181,0,0.050964272938251926,0,0,0.0013608407648399708,1
2025-05-31 21:00:00+00:00,0.48,0.48,0.57242167,-0.09242166996002199,0.1879762778847905,0,0,0,0.19069820495623208,0,0.18370484242890084,0,0,0.007114619845763816,1
2025-05-31 22:00:00+00:00,0.55,0.55,0.56139714,-0.011397135257720903,0.020659459681669313,0,0,0,0.8710951056493729,0,0.8731744811683321,0,0,0.2371926101385871,0
2025-05-31 23:00:00+00:00,0.625,0.625,0.55278504,0.07221496105194092,0.12379707608904157,0,0,0,0.3585905528275825,0,0.3501152959262106,0,0,0.5179735909276694,0
2025-06-01 00:00:00+00:00,0.575,0.575,0.55089164,0.024108362197875932,0.039630184434864546,0,0,0,0.7567335864546083,0,0.759031514219831,0,0,0.33406022015786047,0
2025-06-01 01:00:00+00:00,0.625,0.625,0.560815,0.06418502330780029,0.10522134968491852,0,0,0,0.4281596116749583,0,0.4185242121445042,0,0,0.8363161892418098,0
2025-06-01 02:00:00+00:00,0.63,0.63,0.55717576,0.07282424449920655,0.11349232908967255,0,0,0,0.3958821424272668,0,0.39046887009992315,0,0,0.5455220026777527,0
2025-06-01 03:00:00+00:00,0.6699999999999999,0.6699999999999999,0.54596496,0.12403504371643059,0.181958499339507,0,0,0,0.20237881396982357,0,0.19754035357417377,0,0,0.11056576579623793,0
2025-06-01 04:00:00+00:00,0.745,0.745,0.52865094,0.2163490605354309,0.3025860986509523,0,0,0,0.06446012227242878,0,0.04461109354612351,0,0,0.0040761949514601745,1
2025-06-01 05:00:00+00:00,0.73,0.73,0.52753437,0.20246563434600828,0.28316871936504656,0,0,0,0.07678464470253087,0,0.056943487072424186,0,0,0.012734281141599952,0
2025-06-01 06:00:00+00:00,0.6699999999999999,0.6699999999999999,0.5590246,0.1109754276275634,0.16729963963954286,0,0,0,0.2339672419493422,0,0.23443504996156805,0,0,0.062208649744036705,0
2025-06-01 07:00:00+00:00,0.59,0.59,0.6011094,-0.011109385490417512,0.018882808199009938,0,0,0,0.8820606822616864,0,0.8858570330514989,0,0,0.3208282681089579,0
2025-06-01 08:00:00+00:00,0.505,0.505,0.63041556,-0.12541555881500244,0.2516700176889681,0,0,0,0.10286620890145652,0,0.08383403804547042,0,0,0.1500867393410288,0
2025-06-01 09:00:00+00:00,0.4,0.4,0.63161117,-0.23161116838455198,0.464771575353616,0,0,0,0.017680876819152494,0,0.004786710617797396,1,0,0.0018496212094095798,1
2025-06-01 10:00:00+00:00,0.5900000000000001,0.5900000000000001,0.6067398,-0.016739819049835125,0.031192209409630665,0,0,0,0.806897941764283,0,0.8105303612605688,0,0,0.8099514098625684,0
2025-06-01 11:00:00+00:00,0.62,0.62,0.55726504,0.062734956741333,0.10426862616288034,0,0,0,0.4320137803499203,0,0.42275172943889316,0,0,0.5183702130608766,0
2025-06-01 12:00:00+00:00,0.595,0.595,0.55898786,0.03601214408874509,0.060524611913857294,0,0,0,0.63904739990435,0,0.6418139892390469,0,0,0.585928700476011,0
2025-06-01 13:00:00+00:00,0.5700000000000001,0.5700000000000001,0.5962894,-0.02628939628601068,0.04708548588539226,0,0,0,0.7135755499342221,0,0.7144504227517294,0,0,0.6892821222735036,0
2025-06-01 14:00:00+00:00,0.51,0.51,0.632246,-0.12224601745605468,0.22849722888982182,0,0,0,0.12833517569479644,0,0.1126056879323597,0,0,0.30336966224711504,0
2025-06-01 15:00:00+00:00,0.5249999999999999,0.5249999999999999,0.63923025,-0.11423025131225595,0.2277014976324039,0,0,0,0.12932413807067983,0,0.11414296694850112,0,0,0.5001110413481167,0
2025-06-01 16:00:00+00:00,0.47,0.47,0.60207593,-0.13207593441009524,0.26954272328590867,0,0,0,0.08702934431392932,0,0.06740632709800742,0,0,0.1175307243097722,0
2025-06-01 17:00:00+00:00,0.475,0.475,0.5487878,-0.07378777265548708,0.15699526096912148,0,0,0,0.25906733400527904,0,0.2617217524980784,0,0,0.24929892621503336,0
2025-06-01 18:00:00+00:00,0.46499999999999997,0.46499999999999997,0.500269,-0.03526899576187137,0.07399090019973015,0,0,0,0.5691986198820127,0,0.5737893927747886,0,0,0.10162278963943416,0
2025-06-01 19:00:00+00:00,0.49,0.49,0.4715157,0.01848431468009948,0.03660260332692966,0,0,0,0.7745836240598198,0,0.7786318216756342,0,0,0.20846004227150627,0
2025-06-01 20:00:00+00:00,0.56,0.56,0.46460807,0.09539192676544195,0.16638126761414293,0,0,0,0.23610329496213214,0,0.23904688700999233,0,0,0.8930429127310505,0
2025-06-01 21:00:00+00:00,0.67,0.67,0.47868603,0.1913139653205872,0.3136294513452249,0,0,0,0.058465895745309346,0,0.03875157899254793,0,0,0.05049517360037343,0
2025-06-01 22:00:00+00:00,0.6,0.6,0.51343995,0.08656004667282102,0.14346969061793538,0,0,0,0.2960041554526098,0,0.2951575710991545,0,0,0.6897773038614702,0
2025-06-01 23:00:00+00:00,0.54,0.54,0.5691728,-0.02917279958724972,0.053692269178987215,0,0,0,0.6763761414784883,0,0.6771714066102998,0,0,0.44039289811009075,0
2025-06-02 00:00:00+00:00,0.49,0.49,0.5968959,-0.10689587354660035,0.21668082475662231,0,0,0,0.14390063816670676,0,0.12874711760184476,0,0,0.09474610124464339,0
2025-06-02 01:00:00+00:00,0.45000000000000007,0.45000000000000007,0.5804053,-0.13040529489517205,0.2726243098853771,0,0,0,0.08458430812694213,0,0.0648953079278562,0,0,0.021539198912039786,0
2025-06-02 02:00:00+00:00,0.495,0.495,0.53392524,-0.03892523527145386,0.08194786372937654,0,0,0,0.530411980611433,0,0.528055342044581,0,0,0.3664831462615102,0
2025-06-02 03:00:00+00:00,0.48,0.48,0.48373607,-0.003736068010330218,0.008092566087357873,0,0,0,0.9492407550197884,0,0.9554189085318985,0,0,0.07966881338296287,0
2025-06-02 04:00:00+00:00,0.41000000000000003,0.41000000000000003,0.458837,-0.048837002515792816,0.11491059415480663,0,0,0,0.39055883358193244,0,0.3823981552651806,0,0,0.007536541920234775,1
2025-06-02 05:00:00+00:00,0.385,0.385,0.45472598,-0.06972598075866698,0.17359165334107962,0,0,0,0.2198418208481772,0,0.21675634127594157,0,0,0.006118445855699616,1
2025-06-02 06:00:00+00:00,0.41000000000000003,0.41000000000000003,0.448379,-0.03837900996208188,0.09322836428036084,0,0,0,0.47874330103549795,0,0.4750192159877018,0,0,0.056763031427958154,0
2025-06-02 07:00:00+00:00,0.44000000000000006,0.44000000000000006,0.4398859,0.0001140856742859464,0.0002612649029449154,0,0,0,0.9983596955633826,0,0.9973097617217525,0,0,0.280607037683121,0
2025-06-02 08:00:00+00:00,0.45999999999999996,0.45999999999999996,0.44191456,0.018085441589355433,0.03794148585179461,0,0,0,0.7666681567078584,0,0.7694081475787855,0,0,0.347437433323232,0
2025-06-02 09:00:00+00:00,0.53,0.53,0.45643327,0.07356673359870913,0.13665647108119344,0,0,0,0.3164451010405635,0,0.30976172175249805,0,0,0.781248109870635,0
2025-06-02 10:00:00+00:00,0.625,0.625,0.47413144,0.15086856484413147,0.25716232643886044,0,0,0,0.09768181197157873,0,0.07842879479439299,0,0,0.026504378604823024,0
2025-06-02 11:00:00+00:00,0.605,0.605,0.4991935,0.10580651044845579,0.17251061486161273,0,0,0,0.22220651380326792,0,0.21944657955418911,0,0,0.07118510700386209,0
2025-06-02 12:00:00+00:00,0.61,0.61,0.53039515,0.07960484981536864,0.13764527345596886,0,0,0,0.31339928062283806,0,0.3074558032282859,0,0,0.06751354727209911,0
2025-06-02 13:00:00+00:00,0.52,0.52,0.5480533,-0.02805332422256468,0.051790752410888645,0,0,0,0.6869754968873695,0,0.6925441967717141,0,0,0.9376777852108034,0
2025-06-02 14:00:00+00:00,0.495,0.495,0.55120444,-0.05620444297790528,0.11166445624749391,0,0,0,0.40283374117610965,0,0.39546502690238283,0,0,0.5679555005038325,0
2025-06-02 15:00:00+00:00,0.495,0.495,0.525694,-0.030694012641906743,0.06350485374187602,0,0,0,0.623151101266654,0,0.6237509607993851,0,0,0.46071407860420044,0
2025-06-02 16:00:00+00:00,0.45999999999999996,0.45999999999999996,0.493883,-0.0338830137252808,0.07286669618339955,0,0,0,0.5748309830080347,0,0.5803228285933897,0,0,0.20665638599655844,0
2025-06-02 17:00:00+00:00,0.44000000000000006,0.44000000000000006,0.47503427,-0.035034266710281314,0.07588649828941801,0,0,0,0.5597861362858815,0,0.5614911606456572,0,0,0.0973322700211318,0
2025-06-02 18:00:00+00:00,0.485,0.485,0.47300905,0.01199095010757445,0.025068188378204424,0,0,0,0.8440411585514108,0,0.8428132205995388,0,0,0.524746793266139,0
2025-06-02 19:00:00+00:00,0.51,0.51,0.48274174,0.027258256673812875,0.05379919080357804,0,0,0,0.6757827917553411,0,0.6767870868562644,0,0,0.9055657630112016,0
2025-06-02 20:00:00+00:00,0.525,0.525,0.509653,0.01534702777862551,0.029800053939078662,0,0,0,0.8152921897751148,0,0.8174481168332053,0,0,0.8909366433796744,0
2025-06-02 21:00:00+00:00,0.51,0.51,0.5432487,-0.03324871301651,0.06694371748290603,0,0,0,0.6051124226080409,0,0.6087624903920061,0,0,0.8514742534160952,0
2025-06-02 22:00:00+00:00,0.45499999999999996,0.45499999999999996,0.5637457,-0.10874567747116093,0.20138088420585357,0,0,0,0.1671179841811823,0,0.15872405841660264,0,0,0.5294921202706073,0
2025-06-02 23:00:00+00:00,0.655,0.655,0.5572974,0.09770259141922,0.1684527438262414,0,0,0,0.23131239757074185,0,0.23251345119139122,0,0,0.008373205707645427,1
2025-06-03 00:00:00+00:00,0.63,0.63,0.522847,0.1071530032157898,0.18316752686459792,0,0,0,0.19997461681734932,0,0.19600307455803223,0,0,0.024661875438131736,0
2025-06-03 01:00:00+00:00,0.47,0.47,0.520764,-0.050763993263244656,0.09343066244768955,0,0,0,0.47785278242025825,0,0.4734819369715604,0,0,0.5721881670959957,0
2025-06-03 02:00:00+00:00,0.53,0.53,0.5351582,-0.005158216953277561,0.010282160039755938,0,0,0,0.9355446973000077,0,0.9423520368946964,0,0,0.7413881474313698,0
2025-06-03 03:00:00+00:00,0.505,0.505,0.5158626,-0.010862584114074703,0.021652991589517678,0,0,0,0.8649780290220987,0,0.8681783243658724,0,0,0.34822908147887616,0
2025-06-03 04:00:00+00:00,0.47,0.47,0.49463472,-0.024634717702865627,0.053553734136664415,0,0,0,0.6771453488252119,0,0.6790930053804766,0,0,0.37998204094527027,0
2025-06-03 05:00:00+00:00,0.405,0.405,0.47946653,-0.07446652770042417,0.171845833154825,0,0,0,0.22367333683988413,0,0.22098385857033054,0,0,0.01800027623790386,0
2025-06-03 06:00:00+00:00,0.42500000000000004,0.42500000000000004,0.47186965,-0.046869647502899126,0.1124871540069579,0,0,0,0.39969224223468297,0,0.3939277478862413,0,0,0.08895818061279451,0
2025-06-03 07:00:00+00:00,0.42000000000000004,0.42000000000000004,0.46116662,-0.04116662025451656,0.09724398485318873,0,0,0,0.46130573767173727,0,0.45426594926979247,0,0,0.07200384736716912,0
2025-06-03 08:00:00+00:00,0.42500000000000004,0.42500000000000004,0.46034244,-0.03534243702888484,0.0797197827719207,0,0,0,0.5410804454171977,0,0.541890853189854,0,0,0.1462852583213733,0
2025-06-03 09:00:00+00:00,0.485,0.485,0.46638778,0.01861222147941588,0.04060848322781647,0,0,0,0.751004008230055,0,0.7540353574173713,0,0,0.7711226612766043,0
2025-06-03 10:00:00+00:00,0.46499999999999997,0.46499999999999997,0.47473577,-0.009735766649246247,0.020424685278138982,0,0,0,0.8725422026986394,0,0.8747117601844735,0,0,0.4766705847563078,0
2025-06-03 11:00:00+00:00,0.48,0.48,0.48819014,-0.008190144300460833,0.01730312176153697,0,0,0,0.8918376042293727,0,0.8970023059185243,0,0,0.738048792800558,0
2025-06-03 12:00:00+00:00,0.475,0.475,0.48881945,-0.013819450139999412,0.02971924761290196,0,0,0,0.8157803618945145,0,0.8178324365872406,0,0,0.6798467823839706,0
2025-06-03 13:00:00+00:00,0.44000000000000006,0.44000000000000006,0.4818321,-0.04183208703994745,0.09127000808715809,0,0,0,0.4874300214650158,0,0.48501152959262106,0,0,0.26639860450374325,0
2025-06-03 14:00:00+00:00,0.4600000000000001,0.4600000000000001,0.46967548,-0.009675481319427415,0.021342973498736942,0,0,0,0.8668855766163863,0,0.8689469638739431,0,0,0.30163832450126327,0
2025-06-03 15:00:00+00:00,0.4600000000000001,0.4600000000000001,0.44915012,0.010849884748458938,0.023586705974910728,0,0,0,0.8531055380852125,0,0.8535741737125289,0,0,0.5195336636153383,0
2025-06-03 16:00:00+00:00,0.4600000000000001,0.4600000000000001,0.43637246,0.02362754106521614,0.05136421970699159,0,0,0,0.6893651768263811,0,0.6944657955418909,0,0,0.20605692910670742,0
2025-06-03 17:00:00+00:00,0.4600000000000001,0.4600000000000001,0.43283194,0.027168056964874343,0.05906099340190073,0,0,0,0.6469416636077147,0,0.6510376633358954,0,0,0.46187504400292034,0
2025-06-03 18:00:00+00:00,0.4600000000000001,0.4600000000000001,0.4387723,0.021227709054946975,0.0461471935977108,0,0,0,0.71894110302383,0,0.7190622598001537,0,0,0.5792743500105317,0
2025-06-03 19:00:00+00:00,0.4600000000000001,0.4600000000000001,0.45269242,0.007307580709457473,0.015943812456998125,0,0,0,0.9002693162630473,0,0.9069946195234435,0,0,0.6685745544120659,0
2025-06-03 20:00:00+00:00,0.45499999999999996,0.45499999999999996,0.46832776,-0.013327760696411173,0.028868795732298568,0,0,0,0.8209242498693553,0,0.8224442736356649,0,0,0.7881803926058564,0
2025-06-03 21:00:00+00:00,0.47,0.47,0.481244,-0.011243997812271145,0.024094281026295312,0,0,0,0.8499967843036917,0,0.8497309761721752,0,0,0.6962813396745069,0
2025-06-03 22:00:00+00:00,0.475,0.475,0.48746598,-0.01246597766876223,0.026061277356297343,0,0,0,0.8379811949344856,0,0.8347425057647964,0,0,0.6015535050918034,0
2025-06-03 23:00:00+00:00,0.49,0.49,0.49053824,-0.0005382394790649503,0.0011213322480519798,0,0,0,0.9929600405161743,0,0.9930822444273636,0,0,0.6983059241572305,0
2025-06-04 00:00:00+00:00,0.475,0.475,0.49037844,-0.015378439426422141,0.03226246033515135,0,0,0,0.8004659139729812,0,0.8039969254419677,0,0,0.8013551116571138,0
2025-06-04 01:00:00+00:00,0.46499999999999997,0.46499999999999997,0.48526785,-0.020267847776412995,0.043338234732173186,0,0,0,0.7351202079788214,0,0.7363566487317448,0,0,0.9218224515471513,0
2025-06-04 02:00:00+00:00,0.46299999999999997,0.46299999999999997,0.476487,-0.013487010717392,0.029129612780544285,0,0,0,0.819345545743679,0,0.8216756341275941,0,0,0.780209951830773,0
2025-06-04 03:00:00+00:00,0.46099999999999997,0.46099999999999997,0.4699299,-0.00892990374565128,0.019370723960198004,0,0,0,0.8790459269992169,0,0.8820138355111453,0,0,0.9569843732748223,0
2025-06-04 04:00:00+00:00,0.4590000000000001,0.4590000000000001,0.46399212,-0.004992118835449144,0.010876075894224712,0,0,0,0.931834119822127,0,0.9388931591083782,0,0,0.8562637251171169,0
2025-06-04 05:00:00+00:00,0.4570000000000001,0.4570000000000001,0.4614374,-0.004437404155731128,0.00970985592063704,0,0,0,0.9391221283859287,0,0.9454265949269792,0,0,0.6063684076010816,0
2025-06-04 06:00:00+00:00,0.45500000000000007,0.45500000000000007,0.4620168,-0.007016791105270315,0.015627597116414954,0,0,0,0.9022331157674416,0,0.9085318985395849,0,0,0.579424489232246,0
2025-06-04 07:00:00+00:00,0.43500000000000005,0.43500000000000005,0.4658738,-0.03087380766868586,0.06990296075928873,0,0,0,0.5898567483991093,0,0.5914681014604151,0,0,0.6585073410440597,0
2025-06-04 08:00:00+00:00,0.43500000000000005,0.43500000000000005,0.468102,-0.03310200810432429,0.075231836600737,0,0,0,0.5630247619313133,0,0.5653343581860107,0,0,0.714259833760932,0
2025-06-04 09:00:00+00:00,0.45000000000000007,0.45000000000000007,0.46228012,-0.012280124425887995,0.02728916539086221,0,0,0,0.8305072568978422,0,0.828977709454266,0,0,0.837554143808888,0
2025-06-04 10:00:00+00:00,0.46499999999999997,0.46499999999999997,0.45140472,0.013595279455184905,0.028823914039261284,0,0,0,0.8211960188207887,0,0.8232129131437356,0,0,0.4000684124532415,0
2025-06-04 11:00:00+00:00,0.5,0.5,0.44388136,0.05611863732337952,0.1133709844916758,0,0,0,0.39634045365356624,0,0.39085318985395845,0,0,0.1912833050352575,0
2025-06-04 12:00:00+00:00,0.52,0.52,0.44367316,0.07632683634757997,0.15015115347064914,0,0,0,0.27716923952270894,0,0.276325903151422,0,0,0.08665827293111145,0
2025-06-04 13:00:00+00:00,0.505,0.505,0.453894,0.0511060106754303,0.10153512054721253,0,0,0,0.44322900060293285,0,0.43312836279784783,0,0,0.11762588386279209,0
2025-06-04 14:00:00+00:00,0.485,0.485,0.4737002,0.011299804449081408,0.023459801624390465,0,0,0,0.8538832986921531,0,0.8543428132205996,0,0,0.688547285335757,0
2025-06-04 15:00:00+00:00,0.45500000000000007,0.45500000000000007,0.49672377,-0.04172377109527581,0.09103368238969267,0,0,0,0.48848638174305836,0,0.4873174481168332,0,0,0.7639470070830997,0
2025-06-04 16:00:00+00:00,0.43500000000000005,0.43500000000000005,0.5089075,-0.07390749692916865,0.17389999277451446,0,0,0,0.21917199845664367,0,0.21637202152190627,0,0,0.5785725534948088,0
2025-06-04 17:00:00+00:00,0.385,0.385,0.5039852,-0.11898522615432738,0.28329815751030324,0,0,0,0.07669408263915724,0,0.056851739474691826,0,0,0.09834970062797942,0
2025-06-04 18:00:00+00:00,0.44000000000000006,0.44000000000000006,0.4876812,-0.047681210041046085,0.11263277962451831,0,0,0,0.3991383313535784,0,0.393543428132206,0,0,0.6208311378677334,0
2025-06-04 19:00:00+00:00,0.44500000000000006,0.44500000000000006,0.46036723,-0.015367232561111388,0.03573775014211951,0,0,0,0.7797143819020854,0,0.7847809377401999,0,0,0.5893458757041651,0
2025-06-04 20:00:00+00:00,0.405,0.405,0.4463971,-0.04139709591865537,0.09778841555587882,0,0,0,0.4589803930254585,0,0.45234435049961563,0,0,0.35751104231483744,0
2025-06-04 21:00:00+00:00,0.42000000000000004,0.42000000000000004,0.44715223,-0.02715222716331478,0.06363803241401901,0,0,0,0.6224463948266805,0,0.6222136817832437,0,0,0.6015914317971875,0
2025-06-04 22:00:00+00:00,0.45499999999999996,0.45499999999999996,0.4465053,0.008494691848754843,0.019379525130239186,0,0,0,0.8789915685228303,0,0.8816295157571099,0,0,0.6623330721845262,0
2025-06-04 23:00:00+00:00,0.44000000000000006,0.44000000000000006,0.44247338,-0.0024733817577361483,0.006032638433502801,0,0,0,0.9621452424037242,0,0.9673328209069946,0,0,0.6731319181104695,0
2025-06-05 00:00:00+00:00,0.33499999999999996,0.33499999999999996,0.44175306,-0.10675305962562565,0.27372579391186064,0,0,0,0.08372914801893647,0,0.06401898269691314,0,0,0.04599623663828424,0
2025-06-05 01:00:00+00:00,0.395,0.395,0.43783566,-0.042835663557052595,0.10664480553623053,0,0,0,0.4224537403089522,0,0.4131437355880092,0,0,0.5409017066352361,0
2025-06-05 02:00:00+00:00,0.475,0.475,0.41236472,0.0626352787017822,0.14398914644087862,0,0,0,0.29449746364390966,0,0.2936202920830131,0,0,0.7877181255020899,0
2025-06-05 03:00:00+00:00,0.43500000000000005,0.43500000000000005,0.39061576,0.04438423871994024,0.09683833902532415,0,0,0,0.4630443377118443,0,0.45695618754804,0,0,0.8533326110133574,0
2025-06-05 04:00:00+00:00,0.46499999999999997,0.46499999999999997,0.3948169,0.07018309473991391,0.16385158305038264,0,0,0,0.2420875403267976,0,0.24519600307455802,0,0,0.6099020551321935,0
2025-06-05 05:00:00+00:00,0.385,0.385,0.40710938,-0.022109379768371573,0.053490434923479616,0,0,0,0.677496972356282,0,0.6798616448885473,0,0,0.2169210213786094,0
2025-06-05 06:00:00+00:00,0.39,0.39,0.42308426,-0.03308425903320311,0.08556273887897356,0,0,0,0.5134261744661478,0,0.5126825518831668,0,0,0.4159026730721138,0
2025-06-05 07:00:00+00:00,0.385,0.385,0.41943997,-0.03443997144699096,0.08682345742938898,0,0,0,0.5075968316077786,0,0.5076863950807071,0,0,0.4284396492326582,0
2025-06-05 08:00:00+00:00,0.41500000000000004,0.41500000000000004,0.40657574,0.008424260616302526,0.020715394958120963,0,0,0,0.8707504228345617,0,0.8727901614142967,0,0,0.6364718298194167,0
2025-06-05 09:00:00+00:00,0.42000000000000004,0.42000000000000004,0.39386034,0.026139659881591837,0.06248524274484103,0,0,0,0.6285624295967565,0,0.6325903151421983,0,0,0.7401680769838129,0
2025-06-05 10:00:00+00:00,0.42000000000000004,0.42000000000000004,0.39349896,0.02650104284286503,0.0623553949243883,0,0,0,0.6292536038022094,0,0.6329746348962337,0,0,0.8957082399259099,0
2025-06-05 11:00:00+00:00,0.43500000000000005,0.43500000000000005,0.40265015,0.03234985232353216,0.11350825376677949,0,0,1,0.39582202935236777,0,0.39008455034588774,0,0,0.7811691361464007,0
2025-06-05 12:00:00+00:00,0.405,0.0,0.41433558,-0.41433557868003845,1.5935983795386093,1,1,1,0.00018256135405372325,1,0.0,1,0,4.274272266174693e-06,1
2025-06-05 13:00:00+00:00,0.345,0.345,0.4256025,-0.08060249567031863,0.34298934327795166,0,0,0,0.04541374694242927,0,0.026456470973053942,0,0,0.6662255229333397,0
2025-06-05 14:00:00+00:00,0.36,0.36,0.4291899,-0.06918989062309266,0.1886997016993436,0,0,0,0.18934144588478993,0,0.18255188316679483,0,0,0.544598367045552,0
2025-06-05 15:00:00+00:00,0.395,0.395,0.41704595,-0.022045950889587385,0.05628753418618056,0,0,0,0.6620551262470759,0,0.6664104534973098,0,0,0.854741918475714,0
2025-06-05 16:00:00+00:00,0.42000000000000004,0.42000000000000004,0.40137172,0.01862828254699711,0.04716020897973952,0,0,0,0.713149105395011,0,0.7121445042275173,0,0,0.7360409835933978,0
2025-06-05 17:00:00+00:00,0.37,0.37,0.39670262,-0.026702617406845097,0.07057960548064783,0,0,0,0.5864037626947846,0,0.5880092236740968,0,0,0.5285525205408461,0
2025-06-05 18:00:00+00:00,0.345,0.345,0.4064276,-0.0614275920391083,0.17467561717281985,0,0,0,0.21749613523941352,0,0.21560338201383555,0,0,0.25120742746859476,0
2025-06-05 19:00:00+00:00,0.33999999999999997,0.33999999999999997,0.41130945,-0.0713094508647919,0.21076684984667557,0,0,0,0.15244092649113586,0,0.13835511145272872,0,0,0.5077403457424022,0
2025-06-05 20:00:00+00:00,0.33,0.33,0.40079752,-0.07079751610755919,0.21028965180463127,0,0,0,0.15315320014460035,0,0.13912375096079943,0,0,0.2173913214156205,0
2025-06-05 21:00:00+00:00,0.33999999999999997,0.33999999999999997,0.38384753,-0.04384753465652469,0.1289633372250726,0,0,0,0.3410850758354885,0,0.3308993082244427,0,0,0.3596414123144985,0
2025-06-05 22:00:00+00:00,0.35,0.35,0.36664942,-0.016649419069290183,0.04896887961555936,0,0,0,0.7028660144630003,0,0.7067640276710223,0,0,0.7012129555365754,0
2025-06-05 23:00:00+00:00,0.32999999999999996,0.32999999999999996,0.35224873,-0.022248728275299112,0.06511822909843644,0,0,0,0.6146470268967074,0,0.6187548039969255,0,0,0.6777638601252298,0
2025-06-06 00:00:00+00:00,0.345,0.345,0.3434092,0.0015907895565032693,0.004894737096933136,0,0,0,0.9692799918147673,0,0.9754035357417371,0,0,0.9134129879844676,0
2025-06-06 01:00:00+00:00,0.30000000000000004,0.30000000000000004,0.33692622,-0.036926221847534135,0.12106957982798078,0,0,0,0.3681502190808642,0,0.35895465026902384,0,0,0.5919583326197811,0
2025-06-06 02:00:00+00:00,0.27,0.27,0.33643654,-0.06643653988838194,0.23175537170365793,0,0,0,0.1243705717502486,0,0.10760953112990013,0,0,0.10289064397704206,0
2025-06-06 03:00:00+00:00,0.29,0.29,0.32730177,-0.03730177044868471,0.127165126529607,0,0,0,0.34708952476019084,0,0.3382013835511145,0,0,0.30704817479066,0
2025-06-06 04:00:00+00:00,0.31999999999999995,0.31999999999999995,0.3074321,0.012567914724349927,0.03989814198206327,0,0,0,0.755162343936785,0,0.7582628747117601,0,0,0.6130566413315314,0
2025-06-06 05:00:00+00:00,0.33499999999999996,0.33499999999999996,0.29422095,0.04077904582023617,0.12547398713918823,0,0,0,0.3528226199235562,0,0.3439661798616449,0,0,0.8385331829601147,0
2025-06-06 06:00:00+00:00,0.32,0.32,0.29462695,0.02537304878234864,0.0809778152628148,0,0,0,0.5350381877621483,0,0.5342044581091467,0,0,0.7844841468486352,0
2025-06-06 07:00:00+00:00,0.28500000000000003,0.28500000000000003,0.307109,-0.02210899829864499,0.07018729618617457,0,0,0,0.5884041445964016,0,0.590315142198309,0,0,0.29502205715687213,0
2025-06-06 08:00:00+00:00,0.33999999999999997,0.33999999999999997,0.3203638,0.019636210203170745,0.06300388300482591,0,0,0,0.6258063198716843,0,0.6264411990776326,0,0,0.5247923164220565,0
2025-06-06 09:00:00+00:00,0.31,0.31,0.32209852,-0.012098523378372195,0.03741811354135731,0,0,0,0.7697583058241189,0,0.7736356648731745,0,0,0.7129075460861883,0
2025-06-06 10:00:00+00:00,0.32,0.32,0.32166994,-0.0016699361801147394,0.0050604126670143615,0,0,0,0.9682409546368171,0,0.9723289777094543,0,0,0.44565638191584905,0
2025-06-06 11:00:00+00:00,0.36,0.36,0.31665504,0.043344960212707506,0.12209847947241552,0,0,0,0.36451797955704274,0,0.3566487317448117,0,0,0.7061650559819986,0
2025-06-06 12:00:00+00:00,0.385,0.385,0.31254455,0.0724554455280304,0.19494738707093384,0,0,0,0.1780315247262874,0,0.16986933128362802,0,0,0.299802642019553,0
2025-06-06 13:00:00+00:00,0.37,0.37,0.3177736,0.05222638964653015,0.14642912985008452,0,0,0,0.28751652826513135,0,0.287086856264412,0,0,0.3904951678542357,0
2025-06-06 14:00:00+00:00,0.315,0.315,0.33382806,-0.018828061819076536,0.052788958371242624,0,0,0,0.6814002662307387,0,0.686010760953113,0,0,0.9485981357543927,0
2025-06-06 15:00:00+00:00,0.385,0.385,0.35277328,0.03222672104835511,0.09035529265893957,0,0,0,0.49152840216327764,0,0.49039200614911604,0,0,0.5925396321178013,0
2025-06-06 16:00:00+00:00,0.37,0.37,0.35567015,0.01432984590530395,0.038555639207095836,0,0,0,0.7630486931671824,0,0.7659492697924674,0,0,0.5558470167510354,0
2025-06-06 17:00:00+00:00,0.36,0.36,0.36336926,-0.0033692562580108776,0.009359045161141326,0,0,0,0.9413158868260892,0,0.9477325134511914,0,0,0.8414083094255833,0
2025-06-06 18:00:00+00:00,0.35,0.35,0.37202734,-0.022027337551116966,0.06204883817216047,0,0,0,0.6308872122490239,0,0.6345119139123752,0,0,0.9306852767880629,0
2025-06-06 19:00:00+00:00,0.355,0.355,0.3791169,-0.024116892814636248,0.06956796004221995,0,0,0,0.5915711807152334,0,0.5941583397386625,0,0,0.6655977261478319,0
2025-06-06 20:00:00+00:00,0.335,0.335,0.38507187,-0.05007187366485594,0.13973546139029563,0,0,0,0.3070499948373955,0,0.30322828593389706,0,0,0.9126567017197463,0
2025-06-06 21:00:00+00:00,0.385,0.385,0.38655025,-0.0015502476692199618,0.004247253888273868,0,0,0,0.97334137829597,0,0.9777094542659492,0,0,0.5198384479016744,0
2025-06-06 22:00:00+00:00,0.375,0.375,0.3790755,-0.004075497388839722,0.010449993304717237,0,0,0,0.934495928287897,0,0.9404304381245197,0,0,0.5972168592312992,0
2025-06-06 23:00:00+00:00,0.41000000000000003,0.41000000000000003,0.3771762,0.03282380461692813,0.0845248187560381,0,0,0,0.5182621363432607,0,0.5157571099154497,0,0,0.22663407766287338,0
2025-06-07 00:00:00+00:00,0.38,0.38,0.37627265,0.0037273514270782515,0.009895623257729871,0,0,0,0.9379607148687568,0,0.9446579554189085,0,0,0.7436820325117908,0
2025-06-07 01:00:00+00:00,0.33999999999999997,0.33999999999999997,0.3811502,-0.04115018606185916,0.1187024597938245,0,0,0,0.3766271067184289,0,0.3681783243658724,0,0,0.8140124197014811,0
2025-06-07 02:00:00+00:00,0.31999999999999995,0.31999999999999995,0.3808759,-0.06087588548660283,0.1922396383787458,0,0,0,0.18284473137112825,0,0.17640276710222902,0,0,0.7461873021594038,0
2025-06-07 03:00:00+00:00,0.29,0.29,0.3695367,-0.07953669786453249,0.26660345652915923,0,0,0,0.08943553240602987,0,0.06988491763649297,0,0,0.5561441433262377,0
2025-06-07 04:00:00+00:00,0.28500000000000003,0.28500000000000003,0.35046095,-0.06546094655990597,0.23240572743161883,0,0,0,0.12359524485272969,0,0.106456571867794,0,0,0.7367733053699905,0
2025-06-07 05:00:00+00:00,0.27,0.27,0.3282914,-0.058291386365890485,0.20100478057203613,0,0,0,0.1677362986718154,0,0.15987701767870865,0,0,0.14373945185099973,0
2025-06-07 06:00:00+00:00,0.315,0.315,0.31061426,0.004385741949081423,0.015663364103862227,0,0,0,0.9020109484373978,0,0.9081475787855495,0,0,0.7154799986716651,0
2025-06-07 07:00:00+00:00,0.255,0.255,0.3001225,-0.04512249946594238,0.16609509005868361,0,0,0,0.23677286472406894,0,0.23981552651806304,0,0,0.2279890753704303,0
2025-06-07 08:00:00+00:00,0.245,0.245,0.30619478,-0.06119478225708008,0.23997953826305915,0,0,0,0.11494401796592618,0,0.0965068005947786,0,0,0.3266972588212075,0
2025-06-07 09:00:00+00:00,0.265,0.265,0.3088057,-0.043805704116821276,0.1740624004641905,0,0,0,0.21882001739874407,0,0.21598770176787085,0,0,0.7322853747668876,0
2025-06-07 10:00:00+00:00,0.245,0.245,0.29936862,-0.05436861991882325,0.20777816529486592,0,0,0,0.15696056094380195,0,0.1433512682551883,0,0,0.4252144756927619,0
2025-06-07 11:00:00+00:00,0.275,0.275,0.2885337,-0.013533687591552712,0.05272865295410148,0,0,0,0.6817363954078914,0,0.6863950807071484,0,0,0.4012710147374839,0
2025-06-07 12:00:00+00:00,0.25,0.25,0.27860767,-0.028607666492462158,0.10932866175463246,0,0,0,0.4118666250496963,0,0.4054573405073021,0,0,0.42670925494449063,0
2025-06-07 13:00:00+00:00,0.26,0.26,0.27542785,-0.015427848100662223,0.060108499093489184,0,0,0,0.6412859721476758,0,0.6445042275172944,0,0,0.13175788830180432,0
2025-06-07 14:00:00+00:00,0.26,0.26,0.27173054,-0.011730542182922354,0.04570341110229489,0,0,0,0.721485704012234,0,0.7202152190622598,0,0,0.47355090935969213,0
2025-06-07 15:00:00+00:00,0.25,0.25,0.270443,-0.020442992448806763,0.07714336773134627,0,0,0,0.5536042206291439,0,0.5553420445810915,0,0,0.4255942640854459,0
2025-06-07 16:00:00+00:00,0.28500000000000003,0.28500000000000003,0.27326274,0.011737260818481476,0.04142562641816991,0,0,0,0.7462330780007312,0,0.7501921598770177,0,0,0.5941974823991601,0
2025-06-07 17:00:00+00:00,0.315,0.315,0.27388167,0.04111832618713379,0.14178733167977167,0,0,0,0.3009337234193504,0,0.2990007686395081,0,0,0.4582688637982502,0
2025-06-07 18:00:00+00:00,0.27,0.27,0.27914837,-0.009148370027542096,0.03326680010015308,0,0,0,0.7944473415776261,0,0.7970791698693312,0,0,0.6360933417297838,0
2025-06-07 19:00:00+00:00,0.24,0.24,0.2944003,-0.05440030455589295,0.22510470850714323,0,0,0,0.13260932926412322,0,0.11721752498078397,0,0,0.19666880084105792,0
2025-06-07 20:00:00+00:00,0.21500000000000002,0.21500000000000002,0.30358642,-0.08858642339706418,0.37965610027313224,0,0,0,0.033594953391840716,0,0.016170007599140664,0,0,0.06433711013576311,0
2025-06-07 21:00:00+00:00,0.245,0.245,0.300287,-0.055287008285522465,0.2386489566281545,0,0,0,0.11641466882201669,0,0.09805645088859002,0,0,0.2577779928811905,0
2025-06-07 22:00:00+00:00,0.235,0.235,0.284115,-0.04911498665809633,0.21049279996327,0,0,0,0.15284954650076207,0,0.13873943120676402,0,0,0.3839883384543668,0
2025-06-07 23:00:00+00:00,0.22000000000000003,0.22000000000000003,0.2673258,-0.047325788736343355,0.19583084994348973,0,0,0,0.17648977773018287,0,0.1679477325134512,0,0,0.7199770298234532,0
2025-06-08 00:00:00+00:00,0.27,0.27,0.25542605,0.014573950767517108,0.05715274810791021,0,0,0,0.6573188657709552,0,0.6621829362029208,0,0,0.4784137182257838,0
2025-06-08 01:00:00+00:00,0.275,0.275,0.24599677,0.029003226757049583,0.1074193583594429,0,0,0,0.41937541369814246,0,0.4104534973097618,0,0,0.8811833190397851,0
2025-06-08 02:00:00+00:00,0.265,0.265,0.24716148,0.017838522195816053,0.06647896470490454,0,0,0,0.6075309618725866,0,0.611837048424289,0,0,0.5544045786185553,0
2025-06-08 03:00:00+00:00,0.265,0.265,0.25453016,0.010469838380813612,0.036311578199353566,0,0,0,0.7763086001579838,0,0.7801691006917756,0,0,0.5492213933420578,0
2025-06-08 04:00:00+00:00,0.335,0.335,0.25810105,0.07689895391464235,0.2682521648185198,0,0,0,0.08807679411626768,0,0.06848441599167567,0,0,0.13590901169235342,0
2025-06-08 05:00:00+00:00,0.26,0.26,0.25814873,0.0018512701988220304,0.0064956849081474755,0,0,0,0.9592430784196861,0,0.9638739431206764,0,0,0.4050522624846508,0
2025-06-08 06:00:00+00:00,0.26,0.26,0.26608923,-0.006089230775833121,0.022692785499999205,0,0,0,0.8585883625394181,0,0.8604919292851653,0,0,0.2057771840198661,0
2025-06-08 07:00:00+00:00,0.28500000000000003,0.28500000000000003,0.26646587,0.018534127473831208,0.06864491656974521,0,0,0,0.5963117239120229,0,0.5983858570330515,0,0,0.533552291392164,0
2025-06-08 08:00:00+00:00,0.265,0.265,0.25976908,0.005230917930603041,0.01913750462415746,0,0,0,0.880486647290089,0,0.883935434281322,0,0,0.6615433033932528,0
2025-06-08 09:00:00+00:00,0.27,0.27,0.2607106,0.009289402961730975,0.03461889302508438,0,0,0,0.7863721670100501,0,0.7905457340507303,0,0,0.9387667404372741,0
2025-06-08 10:00:00+00:00,0.27,0.27,0.26493874,0.005061258077621478,0.018516797844956624,0,0,0,0.8843237941470766,0,0.8897002305918524,0,0,0.7255956000435643,0
2025-06-08 11:00:00+00:00,0.28,0.28,0.26977515,0.010224847793579128,0.03466050099518349,0,0,0,0.7861241772983084,0,0.7897770945426594,0,0,0.6473615171765196,0
2025-06-08 12:00:00+00:00,0.33499999999999996,0.33499999999999996,0.2781184,0.0568815982341766,0.18649704339074297,0,0,0,0.193503721675871,0,0.18908531898539582,0,0,0.29552468510118524,0
2025-06-08 13:00:00+00:00,0.3,0.3,0.28768975,0.01231025457382201,0.039498143017610725,0,0,0,0.7575083713704888,0,0.760184473481937,0,0,0.24998442288819642,0
2025-06-08 14:00:00+00:00,0.3,0.3,0.3060415,-0.006041508913040172,0.019281411424596297,0,0,0,0.8795975916390938,0,0.8831667947732513,0,0,0.44709991013855604,0
2025-06-08 15:00:00+00:00,0.34,0.34,0.31868562,0.021314378976821924,0.06695616432509505,0,0,0,0.6050477339854717,0,0.6083781706379707,0,0,0.3578687378104745,0
2025-06-08 16:00:00+00:00,0.315,0.315,0.3199651,-0.0049650943279266335,0.015679245246084106,0,0,0,0.9019123058958848,0,0.9077632590315142,0,0,0.6053573045291969,0
2025-06-08 17:00:00+00:00,0.295,0.295,0.32030427,-0.02530427455902101,0.08776048980007288,0,0,0,0.5032959994956652,0,0.5042275172943889,0,0,0.7615631210848322,0
2025-06-08 18:00:00+00:00,0.255,0.255,0.31605023,-0.06105023145675659,0.2206634871930961,0,0,0,0.1384385755739405,0,0.12336664104534978,0,0,0.5537420423786877,0
2025-06-08 19:00:00+00:00,0.28,0.28,0.3071063,-0.027106286287307713,0.10101721597754426,0,0,0,0.4453801742320153,0,0.4373558800922367,0,0,0.6153310742097505,0
2025-06-08 20:00:00+00:00,0.27,0.27,0.29366127,-0.023661266565322858,0.08450452344758162,0,0,0,0.5183570285444469,0,0.5161414296694851,0,0,0.7921049737840619,0
2025-06-08 21:00:00+00:00,0.29000000000000004,0.29000000000000004,0.2883044,0.0016956114768982289,0.005846936127235271,0,0,0,0.9633093421503451,0,0.968870099923136,0,0,0.7754415626274904,0
2025-06-08 22:00:00+00:00,0.31,0.31,0.28948072,0.02051928400993347,0.06995210457931864,0,0,0,0.5896055172356085,0,0.5910837817063797,0,0,0.7908796416154078,0
2025-06-08 23:00:00+00:00,0.28,0.28,0.29512042,-0.0151204180717468,0.05184143338884617,0,0,0,0.6866918458921742,0,0.6917755572636434,0,0,0.7311413823183343,0
2025-06-09 00:00:00+00:00,0.28500000000000003,0.28500000000000003,0.30431473,-0.019314732551574676,0.07153604648731361,0,0,0,0.5815455793324814,0,0.5841660261337434,0,0,0.7161228737524756,0
2025-06-09 01:00:00+00:00,0.245,0.245,0.30675188,-0.06175187706947327,0.2486652767898252,0,0,0,0.10583094300639916,0,0.08693512064933041,0,0,0.512569090205758,0
2025-06-09 02:00:00+00:00,0.21500000000000002,0.21500000000000002,0.30085292,-0.08585292458534238,0.3732735851536625,0,0,0,0.0353653334272369,0,0.01763986481831823,0,0,0.2379071224079081,0
2025-06-09 03:00:00+00:00,0.23,0.23,0.2842639,-0.05426390886306762,0.2485369871590883,0,0,0,0.10595960920552473,0,0.08706985806591623,0,0,0.6119736734830931,0
2025-06-09 04:00:00+00:00,0.21000000000000002,0.21000000000000002,0.2584993,-0.04849929451942442,0.2124056694281361,0,0,0,0.1500214989703118,0,0.13528055342044576,0,0,0.3204096951067701,0
2025-06-09 05:00:00+00:00,0.245,0.245,0.23538569,0.009614313840866084,0.042730283737182594,0,0,0,0.7386442877989875,0,0.7413528055342045,0,0,0.4741477797387311,0
2025-06-09 06:00:00+00:00,0.22000000000000003,0.22000000000000003,0.21647236,0.003527642488479643,0.016034738583998377,0,0,0,0.8997047946804604,0,0.9062259800153728,0,0,0.5194951078565628,0
2025-06-09 07:00:00+00:00,0.195,0.195,0.21579874,-0.020798735618591302,0.09108935307412248,0,0,0,0.4882373807953501,0,0.4865488086087625,0,0,0.24170447480494184,0
2025-06-09 08:00:00+00:00,0.27,0.27,0.2232084,0.04679160237312319,0.20492672572170736,0,0,0,0.16140510832088878,0,0.15180630284396623,0,0,0.4689648489030739,0
2025-06-09 09:00:00+00:00,0.22000000000000003,0.22000000000000003,0.2292594,-0.009259401559829683,0.039968639826602946,0,0,0,0.7547491979295391,0,0.7578785549577248,0,0,0.33482951375725967,0
2025-06-09 10:00:00+00:00,0.20500000000000002,0.20500000000000002,0.24807853,-0.04307852506637572,0.2101391466652474,0,0,0,0.1533785794208792,0,0.13950807071483473,0,0,0.18538694943954617,0
2025-06-09 11:00:00+00:00,0.19,0.19,0.2587312,-0.0687311863899231,0.3196799366973167,0,0,0,0.05545451297452161,0,0.035851857498807004,0,0,0.006678856225496276,1
2025-06-09 12:00:00+00:00,0.25,0.25,0.25846574,-0.008465737104415894,0.032560527324676514,0,0,0,0.7986779541895037,0,0.8016910069177556,0,0,0.059023018658115024,0
2025-06-09 13:00:00+00:00,0.34,0.34,0.25192195,0.08807804822921755,0.2968922974018569,0,0,0,0.06782376145635255,0,0.047942986597762485,0,0,0.055737300299422844,0
2025-06-09 14:00:00+00:00,0.30000000000000004,0.30000000000000004,0.2518136,0.048186409473419234,0.15885629496731613,0,0,0,0.2543465521178315,0,0.2574942352036894,0,0,0.1402775985760815,0
2025-06-09 15:00:00+00:00,0.27,0.27,0.27150747,-0.001507471799850446,0.005583228888334985,0,0,0,0.9649626155480334,0,0.9700230591852421,0,0,0.12271187701648757,0
2025-06-09 16:00:00+00:00,0.24000000000000002,0.24000000000000002,0.28994444,-0.04994444012641905,0.2052511238072016,0,0,0,0.1608928306508208,0,0.1510376633358954,0,0,0.38288631904535714,0
2025-06-09 17:00:00+00:00,0.22000000000000003,0.22000000000000003,0.29333004,-0.073330043554306,0.30984525445481403,0,0,0,0.06044486350337944,0,0.040673980664099975,0,0,0.11665116110369349,0
2025-06-09 18:00:00+00:00,0.25,0.25,0.27914205,-0.029142051935195923,0.12058780111115552,0,0,0,0.3698618830476554,0,0.36049192928516527,0,0,0.0747980308818063,0
2025-06-09 19:00:00+00:00,0.255,0.255,0.2549485,5.150318145752397e-05,0.00020197326061774105,0,0,0,0.9987319469068431,0,0.9988470407378939,0,0,0.14046133744911077,0
2025-06-09 20:00:00+00:00,0.26,0.26,0.24126089,0.01873911380767823,0.07027167677879337,0,0,0,0.5879735129357553,0,0.5899308224442736,0,0,0.37349086643403195,0
2025-06-09 21:00:00+00:00,0.28500000000000003,0.28500000000000003,0.24203098,0.04296902179718021,0.16421282215482882,0,0,0,0.24122390007531255,0,0.244043043812452,0,0,0.20409652742522083,0
2025-06-09 22:00:00+00:00,0.24,0.24,0.2553969,-0.015396902561187753,0.05960091314008162,0,0,0,0.6440228941112075,0,0.648347425057648,0,0,0.31190083653537165,0
2025-06-09 23:00:00+00:00,0.25,0.25,0.2758342,-0.025834202766418457,0.10690014937828327,0,0,0,0.42143686299512956,0,0.4123750960799385,0,0,0.5432498018562032,0
2025-06-10 00:00:00+00:00,0.235,0.235,0.28296044,-0.04796044468879701,0.1970977178991658,0,0,0,0.17430319356792198,0,0.16448885472713293,0,0,0.1732822578786097,0
2025-06-10 01:00:00+00:00,0.245,0.245,0.28315425,-0.038154249191284184,0.16121513742796134,0,0,0,0.2484835916309056,0,0.2509607993850884,0,0,0.23579177897850295,0
2025-06-10 02:00:00+00:00,0.22999999999999998,0.22999999999999998,0.2786617,-0.04866169810295107,0.20561280888570874,0,0,0,0.16032369385888104,0,0.149500384319754,0,0,0.36818693942625025,0
2025-06-10 03:00:00+00:00,0.23500000000000001,0.23500000000000001,0.27332944,-0.0383294367790222,0.16426901476723801,0,0,0,0.2410898300136726,0,0.2432744043043813,0,0,0.6516206389075008,0
2025-06-10 04:00:00+00:00,0.235,0.235,0.2646944,-0.02969439268112184,0.11957473562867856,0,0,0,0.37348380933323844,0,0.36471944657955424,0,0,0.7033549061696927,0
2025-06-10 05:00:00+00:00,0.275,0.275,0.254332,0.020667994022369407,0.07848605324950407,0,0,0,0.5470525490361365,0,0.548424289008455,0,0,0.31175891086874047,0
2025-06-10 06:00:00+00:00,0.28,0.28,0.24565715,0.03434285402297976,0.12641541358152059,0,0,0,0.3496207664190005,0,0.34012298232129135,0,0,0.19996048465170096,0
2025-06-10 07:00:00+00:00,0.26,0.26,0.24591833,0.014081666469573983,0.05247826013505832,0,0,0,0.6831329843281572,0,0.6890853189853958,0,1,0.08094885897964912,0
2025-06-10 08:00:00+00:00,0.265,0.265,0.25398442,0.011015578508377089,0.044657750709636845,0,0,0,0.7274986098388582,0,0.7275172943889316,0,1,0.5118989635344241,0
2025-06-10 09:00:00+00:00,0.21500000000000002,0.21500000000000002,0.26070318,-0.04570317625999448,0.19587075539997634,0,0,0,0.17642046724687996,0,0.16679477325134517,0,0,0.1971879556680139,0
2025-06-10 10:00:00+00:00,0.22000000000000003,0.22000000000000003,0.2639848,-0.04398479938507077,0.1954879972669812,0,0,0,0.17708643798290014,0,0.1694850115295926,0,0,0.5970951982777726,0
2025-06-10 11:00:00+00:00,0.24,0.24,0.25702402,-0.017024019956588754,0.07401747807212501,0,0,0,0.5690659130924992,0,0.573020753266718,0,0,0.49038520045183304,0
2025-06-10 12:00:00+00:00,0.23,0.23,0.24902853,-0.019028533697128286,0.08097248381756718,0,0,0,0.5350636929003102,0,0.5345887778631822,0,0,0.08700301921408775,0
2025-06-10 13:00:00+00:00,0.235,0.235,0.2516126,-0.016612603664398207,0.07119687284742089,0,0,0,0.5832653495810051,0,0.5853189853958494,0,0,0.05379763078882268,0
2025-06-10 14:00:00+00:00,0.235,0.235,0.26182485,-0.02682484626770021,0.11922153896755648,0,0,0,0.3747538137835832,0,0.36625672559569566,0,0,0.2670719546482932,0
2025-06-10 15:00:00+00:00,0.20500000000000002,0.20500000000000002,0.27304325,-0.06804324507713316,0.3266075763702392,0,0,0,0.05222373246618424,0,0.032779052095931176,0,0,0.21054688886526224,0
2025-06-10 16:00:00+00:00,0.185,0.185,0.28043374,-0.09543374419212342,0.47716872096061697,0,0,0,0.016205063986132813,0,0.003970951664759629,1,0,0.44833587684874304,0
2025-06-10 17:00:00+00:00,0.21000000000000002,0.21000000000000002,0.27599186,-0.06599185705184935,0.29329714245266375,0,0,0,0.07005063393680391,0,0.05016392057039335,0,0,0.5824690300927399,0
2025-06-10 18:00:00+00:00,0.28,0.28,0.2605773,0.019422708749771145,0.07470272596065824,0,0,0,0.565651592453988,0,0.5684089162182937,0,0,0.13066792885612916,0
2025-06-10 19:00:00+00:00,0.29,0.29,0.24369958,0.04630041956901548,0.16341324553770167,0,0,0,0.24313960294247805,0,0.24711760184473486,0,0,0.47188461800029924,0
2025-06-10 20:00:00+00:00,0.28,0.28,0.24120548,0.038794516324996975,0.14280190058281095,0,0,0,0.297951742352432,0,0.29669485011529595,0,0,0.6435421799425022,0
2025-06-10 21:00:00+00:00,0.245,0.245,0.24789631,-0.0028963136672973677,0.011068714652091851,0,0,0,0.9306310249954666,0,0.9369715603382014,0,0,0.46539194141670626,0
2025-06-10 22:00:00+00:00,0.26,0.26,0.25759962,0.0024003779888153165,0.009352122034345389,0,0,0,0.941359186292592,0,0.9481168332052268,0,0,0.3372838581766309,0
2025-06-10 23:00:00+00:00,0.265,0.265,0.2586076,0.00639240384101869,0.025741223520880627,0,0,0,0.8399327486915062,0,0.8378170637970792,0,0,0.1879004423580516,0
2025-06-11 00:00:00+00:00,0.22000000000000003,0.22000000000000003,0.26034385,-0.040343849658966036,0.1635561472660785,0,0,0,0.24279612724187785,0,0.24634896233666415,0,0,0.06154959337546246,0
2025-06-11 01:00:00+00:00,0.255,0.255,0.26032197,-0.005321974754333492,0.02187112912739791,0,0,0,0.8636364900405119,0,0.866641045349731,0,0,0.3204776009704879,0
2025-06-11 02:00:00+00:00,0.255,0.255,0.2580223,-0.0030223083496093706,0.01200917225010346,0,0,0,0.9247608365666624,0,0.9304381245196003,0,0,0.5754642762458907,0
2025-06-11 03:00:00+00:00,0.245,0.245,0.26377115,-0.018771146535873418,0.07409663106265822,0,0,0,0.5686708154705653,0,0.5718677940046119,0,0,0.31417252880771585,0
2025-06-11 04:00:00+00:00,0.26,0.26,0.27658683,-0.016586830615997306,0.06634732246398922,0,0,0,0.6082171247996967,0,0.6137586471944658,0,0,0.5407253875680835,0
2025-06-11 05:00:00+00:00,0.245,0.245,0.2877772,-0.04277718544006348,0.16558910492927797,0,0,0,0.23796132665728664,0,0.24019984627209834,0,0,0.4078970380648951,0
2025-06-11 06:00:00+00:00,0.27,0.27,0.293266,-0.023265998363494855,0.09006192914901233,0,0,0,0.4928483333488118,0,0.4926979246733282,0,0,0.2114346774490356,0
2025-06-11 07:00:00+00:00,0.26,0.26,0.28619343,-0.026193430423736563,0.0988431336744776,0,0,0,0.45450190789229683,0,0.44696387394312065,0,0,0.04936019477822898,0
2025-06-11 08:00:00+00:00,0.265,0.265,0.27529415,-0.010294154882431017,0.03836331012086093,0,0,0,0.764181387635079,0,0.7674865488086088,0,0,0.1543193716380331,0
2025-06-11 09:00:00+00:00,0.28,0.28,0.26244646,0.017553536891937283,0.0634465188865203,0,0,0,0.623459930084179,0,0.6245196003074558,0,0,0.025968559853255444,0
2025-06-11 10:00:00+00:00,0.28500000000000003,0.28500000000000003,0.2538725,0.031127486228942902,0.1098617161021514,0,0,0,0.40979039873374623,0,0.40238278247501924,0,0,0.017497232308975354,0
2025-06-11 11:00:00+00:00,0.28500000000000003,0.28500000000000003,0.2538471,0.031152907609939606,0.11126038432121287,0,0,0,0.40438432359125676,0,0.39584934665641813,0,0,0.05954897643307599,0
2025-06-11 12:00:00+00:00,0.27,0.27,0.2544693,0.01553069472312929,0.05824010521173484,0,0,0,0.6513940558029783,0,0.6552651806302844,0,0,0.47819763253860303,0
2025-06-11 13:00:00+00:00,0.245,0.245,0.2549132,-0.009913210868835454,0.04018869271149508,0,0,0,0.753460237248072,0,0.7563412759415834,0,0,0.6364052555048247,0
2025-06-11 14:00:00+00:00,0.22499999999999998,0.22499999999999998,0.25526896,-0.03026896119117739,0.13065738643673694,0,0,0,0.33551417309269005,0,0.324750192159877,0,0,0.1340392917728655,0
2025-06-11 15:00:00+00:00,0.22499999999999998,0.22499999999999998,0.25865754,-0.03365754485130312,0.15183854820136747,0,0,0,0.27259631715117366,0,0.2736356648731745,0,0,0.36267670715843636,0
2025-06-11 16:00:00+00:00,0.21500000000000002,0.21500000000000002,0.26422438,-0.04922438025474546,0.21558122739304578,0,0,0,0.14544904748273163,0,0.1314373558800922,0,0,0.5577057455612242,0
2025-06-11 17:00:00+00:00,0.245,0.245,0.2750512,-0.030051206350326543,0.12787747383117676,0,0,0,0.3446996521859936,0,0.3355111452728671,0,0,0.10268465777260397,0
2025-06-11 18:00:00+00:00,0.245,0.245,0.28659785,-0.0415978479385376,0.16420203133633263,0,0,0,0.24124965433478832,0,0.24481168332052272,0,0,0.17571283966740314,0
2025-06-11 19:00:00+00:00,0.27,0.27,0.29627106,-0.026271055936813337,0.10235476339018183,0,0,0,0.43984164113869506,0,0.4296694850115296,0,0,0.21203297859736764,0
2025-06-11 20:00:00+00:00,0.255,0.255,0.29624364,-0.04124363780021667,0.1606894979229221,0,0,0,0.24977851217746483,0,0.25249807840122984,0,0,0.4778831813468011,0
2025-06-11 21:00:00+00:00,0.245,0.245,0.28803667,-0.043036674261093144,0.16240254438148355,0,0,0,0.24558260768597243,0,0.24903920061491158,0,0,0.6988181236509462,0
2025-06-11 22:00:00+00:00,0.29500000000000004,0.29500000000000004,0.27584025,0.01915974736213688,0.06883741567234807,0,0,0,0.5953210759233687,0,0.59684857801691,0,0,0.5760042618039367,0
2025-06-11 23:00:00+00:00,0.29500000000000004,0.29500000000000004,0.26149377,0.03350622773170475,0.11756571133931491,0,0,0,0.38075789558922973,0,0.3731744811683321,0,0,0.750647047997783,0
2025-06-12 00:00:00+00:00,0.265,0.265,0.2576375,0.00736249923706056,0.0276093721389771,0,0,0,0.8285617335932792,0,0.8274404304381245,0,0,0.502098705295202,0
2025-06-12 01:00:00+00:00,0.24,0.24,0.25905067,-0.0190506672859192,0.07470849916046744,0,0,0,0.5656228859249699,0,0.5680245964642583,0,0,0.228247244398655,0
2025-06-12 02:00:00+00:00,0.26,0.26,0.25480354,0.005196461677551278,0.020378281088436385,0,0,0,0.8728282994160599,0,0.8750960799385088,0,0,0.25828767034001066,0
2025-06-12 03:00:00+00:00,0.265,0.265,0.24979365,0.015206351280212416,0.058485966462355446,0,0,0,0.6500586792169859,0,0.6533435818601077,0,0,0.2549527297102632,0
2025-06-12 04:00:00+00:00,0.255,0.255,0.25066346,0.004336540699005131,0.015962726499405392,0,0,0,0.9001518811399932,0,0.9066102997694081,0,0,0.36303525989467883,0
2025-06-12 05:00:00+00:00,0.29500000000000004,0.29500000000000004,0.2578488,0.03715120077133183,0.12593627380112485,0,0,0,0.3512471006421905,0,0.34166026133743277,0,0,0.10795089493509455,0
2025-06-12 06:00:00+00:00,0.33499999999999996,0.33499999999999996,0.26604223,0.06895776748657223,0.2224444112470072,0,0,0,0.13606855238541088,0,0.12029208301306682,0,0,0.044466660357041006,0
2025-06-12 07:00:00+00:00,0.30000000000000004,0.30000000000000004,0.27631563,0.023684370517730757,0.07765367382862544,0,0,0,0.551107782909823,0,0.5526518063028439,0,0,0.015620221129878629,0
2025-06-12 08:00:00+00:00,0.28,0.28,0.29196423,-0.011964232921600315,0.040328875016630274,0,0,0,0.7526396246733197,0,0.7559569561875481,0,0,0.09000734016723587,0
2025-06-12 09:00:00+00:00,0.31,0.31,0.303067,0.00693300127983093,0.02236452025751913,0,0,0,0.8606042087303059,0,0.862413528055342,0,0,0.21764846729286189,0
2025-06-12 10:00:00+00:00,0.33999999999999997,0.33999999999999997,0.29854268,0.041457321643829315,0.12437196493148794,0,0,0,0.35660380126758784,0,0.34627209838585704,0,0,0.08656903361768424,0
2025-06-12 11:00:00+00:00,0.35,0.35,0.29281035,0.05718964934349058,0.155266016317169,0,0,0,0.26353009806342453,0,0.26671790930053807,0,0,0.3241185162831331,0
2025-06-12 12:00:00+00:00,0.41500000000000004,0.41500000000000004,0.2991531,0.1158469104766846,0.23885960923027752,0,0,0,0.11618047460600145,0,0.09780959104408261,0,0,0.01802003819438372,0
2025-06-12 13:00:00+00:00,0.69,0.69,0.31192982,0.37807017803192133,0.5519272671998852,0,0,0,0.009879324860710855,1,0.0012139876819839517,1,0,4.141131691068482e-06,1
2025-06-12 14:00:00+00:00,0.95,0.95,0.33784336,0.6121566414833068,0.7049788577542881,0,0,0,0.0041251666544730985,1,7.314439306322904e-05,1,0,8.76197087323721e-08,1
2025-06-12 15:00:00+00:00,0.9650000000000002,0.9650000000000002,0.4279749,0.5370250904560091,0.567280025129587,0,0,0,0.00897910345459883,1,0.0009390310056195408,1,0,1.1015333517412527e-07,1
2025-06-12 16:00:00+00:00,0.9250000000000002,0.9250000000000002,0.60757905,0.31742094755172745,0.309176247615319,0,0,0,0.06080266947033951,0,0.04102288918487896,0,0,2.6928372502523994e-07,1
2025-06-12 17:00:00+00:00,1.19,1.19,0.7816563,0.4083436751365661,0.36243521461825395,0,0,0,0.03862939755305238,0,0.020422373680951893,0,0,1.5500863152891062e-08,1
2025-06-12 18:00:00+00:00,1.2650000000000001,1.2650000000000001,0.86190355,0.4030964517593385,0.3088861699305276,0,0,0,0.06095856699602603,0,0.0411750335295123,0,0,1.1537292889754136e-08,1
2025-06-12 19:00:00+00:00,1.4600000000000002,1.4600000000000002,0.9371129,0.5228870725631716,0.39864325735438744,0,0,1,0.028914196455920825,0,0.01244061422144575,0,0,3.0438174341133432e-09,1
2025-06-12 20:00:00+00:00,1.21,1.21,1.0192608,0.1907392358779907,0.1368941884291799,0,0,1,0.31571037138420766,0,0.30937740199846275,0,0,6.139451766610923e-08,1
2025-06-12 21:00:00+00:00,1.5099999999999998,1.5099999999999998,1.1565473,0.35345269203186014,0.24264486867175758,0,0,0,0.11205898758770873,0,0.09347062013618627,0,1,4.36142423117874e-09,1
2025-06-12 22:00:00+00:00,1.65,1.65,1.1894338,0.46056618690490714,0.27523875711448637,0,0,0,0.08257033313077253,0,0.06283314283959317,0,1,2.393048902853271e-09,1
2025-06-12 23:00:00+00:00,1.8599999999999997,1.8599999999999997,1.3043755,0.555624470710754,0.3121485790509854,0,0,0,0.05923132854107501,0,0.03949362624138526,0,1,7.055435502072068e-10,1
2025-06-13 00:00:00+00:00,1.83,1.83,1.4840261,0.3459739255905152,0.18113818093744258,0,0,0,0.20402682808698833,0,0.20061491160645661,0,1,1.2590950427308474e-09,1
2025-06-13 01:00:00+00:00,2.0399999999999996,2.0399999999999996,1.6970686,0.34293142795562703,0.18176577453478465,0,0,1,0.20276477270729118,0,0.1990776325903152,0,1,4.1175799329548515e-10,1
2025-06-13 02:00:00+00:00,1.79,1.79,1.7813617,0.008638300895690953,0.004931475297254589,0,0,0,0.9690495811080028,0,0.9746348962336664,0,1,3.538041437950154e-09,1
2025-06-13 03:00:00+00:00,1.4249999999999998,1.4249999999999998,1.8546895,-0.4296894788742067,0.2926375565545109,0,0,0,0.07046816310312021,0,0.05058158253457938,0,0,2.3011415797645996e-07,1
2025-06-13 04:00:00+00:00,1.19,1.19,1.7439294,-0.5539293861389161,0.427194899335925,0,0,0,0.023248740217238075,0,0.008304931238728606,1,0,4.92392820537915e-05,1
2025-06-13 05:00:00+00:00,1.2749999999999997,1.2749999999999997,1.4960421,-0.22104213237762482,0.1726891659200194,0,0,0,0.22181419241648795,0,0.2190622598001537,0,0,2.1653963180521442e-05,1
2025-06-13 06:00:00+00:00,1.3749999999999998,1.3749999999999998,1.2672008,0.107799172401428,0.07383504959001919,0,0,0,0.569977222058771,0,0.57532667179093,0,1,7.416737729978707e-06,1
2025-06-13 07:00:00+00:00,1.73,1.73,1.1816378,0.5483622360229492,0.34308377644814336,0,0,1,0.045377595271772625,0,0.026423547979493395,0,1,6.615915650261188e-08,1
2025-06-13 08:00:00+00:00,1.69,1.69,1.2284898,0.46151024341583247,0.2741645010391084,0,0,0,0.0833912590183701,0,0.0636730145119359,0,1,2.3746156868953496e-07,1
2025-06-13 09:00:00+00:00,1.63,1.63,1.4354123,0.19458771228790273,0.11226214170455928,0,0,0,0.4005493934415639,0,0.3946963873943121,0,1,1.1456158457036932e-06,1
2025-06-13 10:00:00+00:00,1.8799999999999997,1.8799999999999997,1.5748641,0.30513585090637174,0.17174625754580025,0,0,0,0.22389388223917295,0,0.22175249807840125,0,1,8.774769295708784e-08,1
2025-06-13 11:00:00+00:00,1.8199999999999996,1.8199999999999996,1.547048,0.27295202732086143,0.14888292399319716,0,0,0,0.28065443038273885,0,0.2794004611837049,0,1,3.6534811967945847e-07,1
2025-06-13 12:00:00+00:00,1.8,1.8,1.536692,0.26330797672271733,0.14682600932493534,0,0,0,0.2863959431305016,0,0.28554957724827057,0,1,1.130684879259394e-06,1
2025-06-13 13:00:00+00:00,1.76,1.76,1.4874904,0.2725095844268799,0.15338250530593614,0,0,0,0.26847567336129063,0,0.27056110684089163,0,1,3.6889783556582442e-06,1
2025-06-13 14:00:00+00:00,1.77,1.77,1.4318199,0.33818008422851564,0.2037229423063347,0,0,0,0.16332116867927768,0,0.15411222136817837,0,1,6.120081530977587e-06,1
2025-06-13 15:00:00+00:00,1.4500000000000002,1.4500000000000002,1.3909279,0.05907208919525164,0.03929407263542238,0,0,0,0.7587064811680496,0,0.7605687932359724,0,0,0.0021162634887179612,1
2025-06-13 16:00:00+00:00,1.29,1.29,1.4083123,-0.11831232070922848,0.08840273029332142,0,0,0,0.5003639292884533,0,0.501152959262106,0,1,0.0004952539555200908,1
2025-06-13 17:00:00+00:00,1.2749999999999997,1.2749999999999997,1.3513236,-0.07632360458374055,0.05804076394200803,0,0,0,0.6524779241012169,0,0.6575710991544965,0,1,0.00010013064302724706,1
2025-06-13 18:00:00+00:00,1.3800000000000001,1.3800000000000001,1.2824799,0.0975201177597047,0.06851530521759114,0,0,0,0.5969793330711547,0,0.5995388162951576,0,1,0.0007221655421557224,1
2025-06-13 19:00:00+00:00,1.615,1.615,1.2610695,0.35393046379089355,0.2288343515889398,0,0,0,0.12791866238593477,0,0.11145272867025369,0,1,0.0007424040555397189,1
2025-06-13 20:00:00+00:00,1.6449999999999998,1.6449999999999998,1.3200802,0.32491983890533427,0.19692111448808142,0,0,0,0.17460630333775815,0,0.16525749423520364,0,1,0.00022523872408821522,1
2025-06-13 21:00:00+00:00,1.69,1.69,1.4678655,0.22213453292846674,0.1276635246715326,0,0,0,0.3454158811233747,0,0.3366641045349731,0,1,7.130607838917961e-05,1
2025-06-13 22:00:00+00:00,1.8849999999999996,1.8849999999999996,1.5712106,0.313789377212524,0.17612125942704812,0,0,0,0.21440698222854343,0,0.2125288239815527,0,1,2.8091885536936107e-06,1
2025-06-13 23:00:00+00:00,1.77,1.77,1.5904157,0.17958428382873537,0.09768864034201381,0,0,0,0.4594058540958558,0,0.45272867025365104,0,1,1.6475267077221308e-05,1
2025-06-14 00:00:00+00:00,1.86,1.86,1.6040295,0.2559704637527467,0.14939910335763426,0,0,1,0.2792309092737741,0,0.27863182167563416,0,1,4.200573585533475e-06,1
2025-06-14 01:00:00+00:00,1.5099999999999998,1.5099999999999998,1.531007,-0.02100705146789572,0.013074928299520158,0,0,0,0.9181155770443087,0,0.9235203689469639,0,1,0.0012695973103386909,1
2025-06-14 02:00:00+00:00,1.4500000000000002,1.4500000000000002,1.4863045,-0.03630452156066877,0.02544709455187063,0,0,0,0.8417274519203432,0,0.8401229823212913,0,1,0.0011916412260508898,1
2025-06-14 03:00:00+00:00,1.32,1.32,1.34448,-0.024480037689208922,0.01836002826690669,0,0,0,0.8852935404789816,0,0.8900845503458877,0,1,0.00013009169367237942,1
2025-06-14 04:00:00+00:00,1.23,1.23,1.2559403,-0.025940318107604998,0.019954090852003843,0,0,0,0.8754446524633755,0,0.8781706379707916,0,1,1.981460470675728e-05,1
2025-06-14 05:00:00+00:00,1.35,1.35,1.2210648,0.12893519401550302,0.10046898234974261,0,0,0,0.44766645275761396,0,0.44004611837048424,0,1,0.00010947577480216788,1
2025-06-14 06:00:00+00:00,1.27,1.27,1.2199242,0.05007578849792482,0.03723106951518574,0,0,0,0.7708639297135089,0,0.7747886241352806,0,1,1.7569719965995636e-05,1
2025-06-14 07:00:00+00:00,1.4149999999999998,1.4149999999999998,1.2922332,0.12276677131652813,0.08842744632643082,0,0,0,0.5002513469095692,0,0.5007686395080707,0,1,8.41476664994233e-05,1
2025-06-14 08:00:00+00:00,1.4800000000000002,1.4800000000000002,1.3424202,0.13757977962493917,0.09161805524413263,0,0,0,0.48587744249214543,0,0.4830899308224442,0,1,0.0002590414249532776,1
2025-06-14 09:00:00+00:00,1.6099999999999999,1.6099999999999999,1.398313,0.2116869544982909,0.13957381615271927,0,0,0,0.3075367233097093,0,0.30361260568793236,0,1,8.067745708266317e-05,1
2025-06-14 10:00:00+00:00,1.4600000000000002,1.4600000000000002,1.4326079,0.027392110824585147,0.01863408899631643,0,0,0,0.8835984139029912,0,0.8885472713297463,0,1,0.00047843653868638814,1
2025-06-14 11:00:00+00:00,1.34,1.34,1.4607928,-0.12079277992248527,0.08742541369540549,0,0,0,0.5048308236357091,0,0.5061491160645657,0,1,0.00019363187140755857,1
2025-06-14 12:00:00+00:00,1.3450000000000002,1.3450000000000002,1.3786232,-0.03362324714660625,0.025123223272682123,0,0,0,0.8437049812832843,0,0.8416602613374328,0,1,0.0005586125355141956,1
2025-06-14 13:00:00+00:00,1.33,1.33,1.2439402,0.08605976581573493,0.0660305108560626,0,0,0,0.6098704493492318,0,0.6168332052267487,0,1,0.0035603609269936162,1
2025-06-14 14:00:00+00:00,1.235,1.235,1.1537703,0.0812296724319459,0.06667278174988718,0,0,0,0.6065216116232713,0,0.610684089162183,0,1,0.001116357045070074,1
2025-06-14 15:00:00+00:00,1.09,1.09,1.1238942,-0.03389421463012687,0.030766306774699125,0,0,0,0.8094627275109723,0,0.8132205995388163,0,0,2.0961274595265927e-05,1
2025-06-14 16:00:00+00:00,0.98,0.98,1.1242123,-0.14421226501464846,0.1439723111627106,0,0,0,0.29454618131017407,0,0.2940046118370484,0,0,2.346787290589778e-06,1
2025-06-14 17:00:00+00:00,0.9350000000000002,0.9350000000000002,1.1120374,-0.17703742027282698,0.18701135944312708,0,0,0,0.19252348477377704,0,0.1875480399692544,0,0,1.2367205395712458e-06,1
2025-06-14 18:00:00+00:00,0.9250000000000002,0.9250000000000002,1.0805964,-0.15559644699096664,0.15130934877565635,0,0,0,0.2740226296115367,0,0.2747886241352806,0,0,1.7370741401907625e-06,1
2025-06-14 19:00:00+00:00,1.225,1.225,1.0513932,0.17360684871673593,0.14527769767090873,0,0,0,0.2907911322142136,0,0.28939277478862413,0,0,0.000421026971577605,1
2025-06-14 20:00:00+00:00,1.4349999999999998,1.4349999999999998,1.0288156,0.40618437290191634,0.2922189733107312,0,0,0,0.0707346015846978,0,0.050848304647654344,0,1,0.0023325908362349383,1
2025-06-14 21:00:00+00:00,1.5099999999999998,1.5099999999999998,1.0979774,0.41202260017395,0.28092450011860226,0,0,0,0.07837420746947751,0,0.058556176082349386,0,1,7.36568157073089e-05,1
2025-06-14 22:00:00+00:00,1.4549999999999998,1.4549999999999998,1.2414944,0.2135055828094481,0.1500039223485584,0,0,0,0.2775717098454243,0,0.27709454265949274,0,1,0.00048817284463139113,1
2025-06-14 23:00:00+00:00,1.3050000000000002,1.3050000000000002,1.3588598,-0.053859777450561364,0.04009412713441293,0,0,0,0.7540140368209527,0,0.7574942352036895,0,1,0.009290383430928775,1
2025-06-15 00:00:00+00:00,1.27,1.27,1.3516592,-0.08165917873382567,0.06354799901465032,0,0,0,0.6229227473688957,0,0.6229823212913144,0,0,0.05330176337045557,0
2025-06-15 01:00:00+00:00,1.28,1.28,1.2241634,0.0558365869522095,0.04419782608354313,0,0,0,0.7301508992686427,0,0.7294388931591084,0,0,0.04044857682253176,0
2025-06-15 02:00:00+00:00,1.24,1.24,1.1007489,0.13925110340118407,0.11367437012341558,0,0,0,0.39519542992325624,0,0.389315910837817,0,0,0.022580336836359214,0
2025-06-15 03:00:00+00:00,1.1549999999999996,1.1549999999999996,1.0537388,0.1012611675262447,0.08741971297229759,0,0,0,0.5048569660238044,0,0.5065334358186011,0,0,0.025170614388564237,0
2025-06-15 04:00:00+00:00,1.08,1.08,1.0702131,0.009786920547485423,0.009486514262506065,0,0,0,0.9405186980153845,0,0.9469638739431206,0,0,0.0046790667176810465,1
2025-06-15 05:00:00+00:00,0.86,0.86,1.1059127,-0.24591268539428712,0.2575001941301436,0,0,0,0.09737248836158016,0,0.0781070575210746,0,0,1.4291819661369266e-05,1
2025-06-15 06:00:00+00:00,0.9250000000000002,0.9250000000000002,1.1328449,-0.20784492492675766,0.23574093564471565,0,0,0,0.11970098751780531,0,0.10146041506533432,0,0,9.156210375370112e-05,1
2025-06-15 07:00:00+00:00,0.86,0.86,1.0876237,-0.22762371540069581,0.24475668322655464,0,0,0,0.10982954393767079,0,0.0911280329865127,0,0,2.1985836730627463e-05,1
2025-06-15 08:00:00+00:00,1.005,1.005,1.053838,-0.04883801460266124,0.04966577756202838,0,0,0,0.6989240880687763,0,0.7025365103766333,0,0,0.003625023924780911,1
2025-06-15 09:00:00+00:00,1.085,1.085,1.0110728,0.07392724514007565,0.07307470689299075,0,0,0,0.5737860268376613,0,0.579554189085319,0,0,0.015858694887425452,0
2025-06-15 10:00:00+00:00,0.9450000000000002,0.9450000000000002,1.0106945,-0.06569450378417951,0.06692139604500459,0,0,0,0.6052284423606377,0,0.6091468101460416,0,0,0.0012595451225123275,1
2025-06-15 11:00:00+00:00,0.915,0.915,1.0338309,-0.11883088111877438,0.12378216783205663,0,0,0,0.3586422042063249,0,0.350499615680246,0,0,0.0006675309375673361,1
2025-06-15 12:00:00+00:00,1.02,1.02,0.99575686,0.024243135452270526,0.024612320256112208,0,0,0,0.8468273383878865,0,0.846272098385857,0,0,0.05289513741549389,0
2025-06-15 13:00:00+00:00,1.02,1.02,0.92112327,0.09887673377990724,0.0985482396477481,0,0,0,0.4557505669812306,0,0.4488854727132975,0,0,0.19235147878773695,0
2025-06-15 14:00:00+00:00,0.97,0.97,0.8734057,0.09659430503845212,0.09627339372603202,0,0,0,0.46547426973369194,0,0.45887778631821674,0,0,0.03112740145452237,0
2025-06-15 15:00:00+00:00,1.02,1.02,0.84867543,0.1713245701789856,0.17784557458026187,0,0,0,0.21078025039645007,0,0.20945426594926975,0,0,0.3469705778966621,0
2025-06-15 16:00:00+00:00,0.9,0.9,0.8354217,0.06457831859588625,0.06968883301714345,0,0,0,0.5909522166439395,0,0.5933897002305919,0,0,0.006453674384029479,1
2025-06-15 17:00:00+00:00,0.86,0.86,0.8558392,0.004160807132720934,0.0048759458586573445,0,0,0,0.9693978460927979,0,0.9757878554957725,0,0,0.0020836761689345725,1
2025-06-15 18:00:00+00:00,0.7999999999999999,0.7999999999999999,0.8652235,-0.06522352695465095,0.08361990635211661,0,0,0,0.5225054239472771,0,0.5215219062259799,0,0,0.0002957762822483886,1
2025-06-15 19:00:00+00:00,0.6799999999999999,0.6799999999999999,0.86617815,-0.1861781549453736,0.25102672576904306,0,0,0,0.10349312594110002,0,0.08448920828082783,0,0,1.2744079938536348e-05,1
2025-06-15 20:00:00+00:00,0.745,0.745,0.8561887,-0.11118871450424195,0.14534472484214633,0,0,0,0.290599548009281,0,0.28900845503458883,0,0,0.00013602767930858512,1
2025-06-15 21:00:00+00:00,0.87,0.87,0.81465775,0.05534225225448608,0.06832376821541492,0,0,0,0.5979667909179709,0,0.6003074558032283,0,0,0.031512984604079,0
2025-06-15 22:00:00+00:00,0.8149999999999998,0.8149999999999998,0.7871755,0.027824523448943927,0.03338942813873272,0,0,0,0.7937136578611687,0,0.7955418908531898,0,0,0.008279785365153725,1
2025-06-15 23:00:00+00:00,0.8149999999999998,0.8149999999999998,0.8104621,0.004537882804870441,0.0054893743607303735,0,0,0,0.9655510745215659,0,0.9711760184473482,0,0,0.01936499113550703,0
2025-06-16 00:00:00+00:00,0.85,0.85,0.8300801,0.01991990804672239,0.02338932451669948,0,0,0,0.8543153196423711,0,0.8551114527286703,0,0,0.2348288056486386,0
2025-06-16 01:00:00+00:00,0.89,0.89,0.83223885,0.05776114702224733,0.06795429061440862,0,0,0,0.599874567510006,0,0.602229054573405,0,0,0.7279828974800197,0
2025-06-16 02:00:00+00:00,0.8099999999999999,0.8099999999999999,0.8236931,-0.013693096637725888,0.01646464525578263,0,0,0,0.8970366657839244,0,0.9023827824750192,0,0,0.10885678713416329,0
2025-06-16 03:00:00+00:00,0.7949999999999999,0.7949999999999999,0.8136813,-0.018681304454803538,0.023697214953239162,0,0,0,0.8524284244885697,0,0.851652574942352,0,0,0.11761902507108654,0
2025-06-16 04:00:00+00:00,0.7599999999999999,0.7599999999999999,0.7784906,-0.018490602970123393,0.024170722836762606,0,0,0,0.8495288837091571,0,0.8489623366641046,0,0,0.05493504893464187,0
2025-06-16 05:00:00+00:00,0.74,0.74,0.7413789,-0.0013789033889770597,0.0018064236536817376,0,0,0,0.9886592247840867,0,0.9888547271329746,0,0,0.05341464372359732,0
2025-06-16 06:00:00+00:00,0.7899999999999999,0.7899999999999999,0.7125,0.07750002384185783,0.09728036465505169,0,0,0,0.4611500651072711,0,0.45388162951575706,0,0,0.4228553908369847,0
2025-06-16 07:00:00+00:00,0.86,0.86,0.7032724,0.15672759771347045,0.18474765938719503,0,0,0,0.19687642651932113,0,0.19100691775557266,0,0,0.43208850014686434,0
2025-06-16 08:00:00+00:00,0.895,0.895,0.7224643,0.17253567695617678,0.19349795546487117,0,0,0,0.1805913895783917,0,0.17255956956187546,0,0,0.10401204511973729,0
2025-06-16 09:00:00+00:00,0.9199999999999998,0.9199999999999998,0.7713967,0.14860330343246442,0.16480957866816756,0,0,0,0.23980385180183042,0,0.24135280553420446,0,0,0.02032826100516621,0
2025-06-16 10:00:00+00:00,0.89,0.89,0.8273458,0.0626542115211487,0.07053006925457639,0,0,0,0.5866561018577082,0,0.5887778631821676,0,0,0.08361803593299723,0
2025-06-16 11:00:00+00:00,0.855,0.855,0.8752754,-0.020275373458862322,0.022996642864494127,0,0,0,0.8567235638922698,0,0.8581860107609531,0,0,0.4903998856327828,0
2025-06-16 12:00:00+00:00,0.9,0.9,0.89068824,0.009311759471893333,0.010384861864565055,0,0,0,0.9349029075316131,0,0.940814757878555,0,0,0.04893228592347298,0
2025-06-16 13:00:00+00:00,0.9350000000000002,0.9350000000000002,0.87695855,0.058041450977325604,0.06109626418665852,0,0,0,0.6359796309149519,0,0.6379707916986933,0,0,0.014827640991959884,0
2025-06-16 14:00:00+00:00,1.0150000000000003,1.0150000000000003,0.8631959,0.1518041038513187,0.15005347991893114,0,0,0,0.2774361771295863,0,0.2767102229054573,0,0,0.0007952678846563818,1
2025-06-16 15:00:00+00:00,1.085,1.085,0.8620647,0.2229352807998657,0.20770367776385,0,0,0,0.15707500325047874,0,0.1437355880092237,0,0,6.919396502270389e-05,1
2025-06-16 16:00:00+00:00,1.12,1.12,0.88808763,0.23191236972808849,0.20583938141546315,0,0,0,0.15996824960785258,0,0.1491160645657187,0,0,3.815471539508027e-05,1
2025-06-16 17:00:00+00:00,1.1749999999999996,1.1749999999999996,0.9426625,0.23233752250671347,0.20530561635350233,0,0,0,0.16080694650059352,0,0.1506533435818601,0,0,1.363168823148715e-05,1
2025-06-16 18:00:00+00:00,1.1,1.1,1.0043443,0.09565565586090097,0.08789187368536078,0,0,0,0.5026951419620086,0,0.5038431975403536,0,0,0.00014077527277471297,1
2025-06-16 19:00:00+00:00,0.99,0.99,1.0611882,-0.07118822097778321,0.07364298721839642,0,0,0,0.5709377176067807,0,0.5764796310530361,0,0,0.009603531317041588,1
2025-06-16 20:00:00+00:00,0.8099999999999999,0.8099999999999999,1.0666473,-0.25664729118347174,0.2779573550723521,0,0,0,0.0805331826909739,0,0.06075330151897659,0,0,0.4792565896279689,0
2025-06-16 21:00:00+00:00,0.97,0.97,1.0182902,-0.04829016208648684,0.05345774400718101,0,0,0,0.6776786074362767,0,0.6802459646425827,0,0,0.022429723792641187,0
2025-06-16 22:00:00+00:00,0.9299999999999999,0.9299999999999999,0.91905314,0.010946862697601256,0.01196378436896312,0,0,0,0.9250440111881841,0,0.931206764027671,0,0,0.22915321732986035,0
2025-06-16 23:00:00+00:00,0.845,0.845,0.88648087,-0.04148086786270144,0.04731657931106629,0,0,0,0.712257110350001,0,0.711760184473482,0,0,0.7101529713583906,0
2025-06-17 00:00:00+00:00,0.855,0.855,0.8953703,-0.04037030458450319,0.045616163372319996,0,0,0,0.721986487523676,0,0.7209838585703305,0,0,0.45999626138399247,0
2025-06-17 01:00:00+00:00,0.9549999999999997,0.9549999999999997,0.8963646,0.0586353707313535,0.06350401162240452,0,0,0,0.6231555588405823,0,0.6241352805534204,0,0,0.13593599971939196,0
2025-06-17 02:00:00+00:00,0.96,0.96,0.89399475,0.06600525140762326,0.06984682688637382,0,0,0,0.5901437990541659,0,0.5918524212144505,0,0,0.12194607595631639,0
2025-06-17 03:00:00+00:00,0.9199999999999998,0.9199999999999998,0.9138966,0.00610337972640973,0.006844911842702501,0,0,0,0.9570547857901617,0,0.9607993850883936,0,0,0.1455618667955032,0
2025-06-17 04:00:00+00:00,0.7949999999999999,0.7949999999999999,0.9256175,-0.13061751604080207,0.14842899550091146,0,0,0,0.28191199278646256,0,0.2801691006917756,0,0,0.05386046548521919,0
2025-06-17 05:00:00+00:00,0.9250000000000002,0.9250000000000002,0.90729177,0.017708230018615878,0.020084948981416873,0,0,0,0.8746373283038903,0,0.8770176787086856,0,0,0.5555854094518983,0
2025-06-17 06:00:00+00:00,0.9250000000000002,0.9250000000000002,0.840685,0.08431499004364029,0.09197998913851667,0,0,0,0.48426692220547257,0,0.4815526518063028,0,0,0.17837007410475306,0
2025-06-17 07:00:00+00:00,0.9,0.9,0.80811834,0.09188165664672854,0.10209072960747614,0,0,0,0.44093053057711196,0,0.4315910837817064,0,0,0.4899848529372742,0
2025-06-17 08:00:00+00:00,0.875,0.875,0.8066871,0.0683128833770752,0.07867126684500023,0,0,0,0.5461530538215579,0,0.5468870099923135,0,0,0.3888976445587742,0
2025-06-17 09:00:00+00:00,0.83,0.83,0.81548494,0.014515058994293173,0.016683975855509393,0,0,0,0.8956760661931765,0,0.9008455034588778,0,0,0.12940877938860715,0
2025-06-17 10:00:00+00:00,0.905,0.905,0.81986135,0.08513864755630496,0.09602103107853942,0,0,0,0.4665629519800711,0,0.4615680245964643,0,0,0.4136598762913975,0
2025-06-17 11:00:00+00:00,0.9250000000000002,0.9250000000000002,0.81033033,0.11466966867446915,0.13030644167553312,0,0,0,0.33666146072544667,0,0.3262874711760184,0,0,0.42285433120566907,0
2025-06-17 12:00:00+00:00,0.8099999999999999,0.8099999999999999,0.8220473,-0.012047293186187802,0.01371608332393298,0,0,0,0.9141216649826157,0,0.9212144504227517,0,0,0.031148091780158232,0
2025-06-17 13:00:00+00:00,0.9,0.9,0.8564715,0.043528521060943626,0.049464228478345036,0,0,0,0.7000629574961559,0,0.703305149884704,0,0,0.5481346543432083,0
2025-06-17 14:00:00+00:00,0.9299999999999999,0.9299999999999999,0.85288084,0.07711916446685785,0.08665074659197511,0,0,0,0.5083925132087709,0,0.5088393543428132,0,0,0.719763723455548,0
2025-06-17 15:00:00+00:00,0.84,0.84,0.8617201,-0.021720085144043,0.024870326500812594,0,0,0,0.8452501170292326,0,0.8439661798616449,0,0,0.3212182343713137,0
2025-06-17 16:00:00+00:00,0.85,0.85,0.879422,-0.029422008991241477,0.03454639020498021,0,0,0,0.7868043678520352,0,0.7909300538047656,0,0,0.45914540014360083,0
2025-06-17 17:00:00+00:00,0.865,0.865,0.866508,-0.0015080070495605558,0.0017776114533130324,0,0,0,0.988840091712968,0,0.98923904688701,0,0,0.29625829240480184,0
2025-06-17 18:00:00+00:00,0.83,0.83,0.8447366,-0.014736576080322306,0.017934981030818222,0,0,0,0.887924017898192,0,0.8923904688700999,0,0,0.5482172775509402,0
2025-06-17 19:00:00+00:00,0.7699999999999999,0.7699999999999999,0.83154935,-0.06154934644699106,0.08080876995228585,0,0,0,0.5358473058801452,0,0.5361260568793236,0,0,0.1410127311923134,0
2025-06-17 20:00:00+00:00,0.685,0.685,0.8207925,-0.13579249620437617,0.17867433711102124,0,0,0,0.20905929238509244,0,0.2071483474250576,0,0,0.005142555009572402,1
2025-06-17 21:00:00+00:00,0.825,0.825,0.8006711,0.024328899383544877,0.029549270506329814,0,0,0,0.8168075678139539,0,0.8186010760953113,0,0,0.59765226906304,0
2025-06-17 22:00:00+00:00,0.96,0.96,0.76472455,0.1952754473686218,0.20166139143059048,0,0,0,0.16665838902423522,0,0.15833973866256723,0,0,0.018738488894542875,0
2025-06-17 23:00:00+00:00,1.12,1.12,0.76094157,0.3590584349632264,0.3596578647377894,0,0,0,0.039521866826731256,0,0.021198057118139855,0,0,7.04148427803309e-05,1
2025-06-18 00:00:00+00:00,0.915,0.915,0.8172318,0.09776822566986088,0.10096546540777371,0,0,0,0.44559558635202534,0,0.4388931591083781,0,0,0.31345182251642467,0
2025-06-18 01:00:00+00:00,0.87,0.87,0.93391585,-0.06391585350036622,0.06922294602927749,0,0,0,0.5933402335541745,0,0.5953112990007686,0,0,0.5870615345136416,0
2025-06-18 02:00:00+00:00,0.9849999999999998,0.9849999999999998,0.96453065,0.02046935319900489,0.0221290304854107,0,0,0,0.8620511223128124,0,0.8647194465795542,0,0,0.020024375635848437,0
2025-06-18 03:00:00+00:00,0.9199999999999998,0.9199999999999998,0.9099588,0.010041220188140687,0.011095270926122308,0,0,0,0.9304651894931514,0,0.9362029208301307,0,0,0.27447558253391413,0
2025-06-18 04:00:00+00:00,0.8099999999999999,0.8099999999999999,0.87565416,-0.06565416097640997,0.07878499317169198,0,0,0,0.545601251508514,0,0.5461183704842429,0,0,0.37149110572786564,0
2025-06-18 05:00:00+00:00,0.7699999999999999,0.7699999999999999,0.8497242,-0.0797241735458375,0.1055949318487914,0,0,0,0.426656024336732,0,0.41660261337432747,0,0,0.1598784604437841,0
2025-06-18 06:00:00+00:00,0.685,0.685,0.81915236,-0.13415235519409174,0.1863227155473496,0,0,0,0.19383713691385654,0,0.18946963873943123,0,0,0.003903215607387346,1
2025-06-18 07:00:00+00:00,0.705,0.705,0.7910651,-0.08606509685516361,0.12383467173404837,0,0,0,0.35846032760077445,0,0.3497309761721753,0,0,0.02527831253840173,0
2025-06-18 08:00:00+00:00,0.6950000000000001,0.6950000000000001,0.759902,-0.06490200042724603,0.09162635354434734,0,0,0,0.48584047127341096,0,0.4827056110684089,0,0,0.04326779884704768,0
2025-06-18 09:00:00+00:00,0.725,0.725,0.7518791,-0.026879096031188987,0.03560145169693906,0,0,0,0.7805242231181048,0,0.7855495772482706,0,0,0.12361161796384053,0
2025-06-18 10:00:00+00:00,0.845,0.845,0.7571859,0.08781412363052365,0.09866755464103781,0,0,0,0.4552450282905735,0,0.44811683320522677,0,0,0.6331340341676301,0
2025-06-18 11:00:00+00:00,1.1,1.1,0.77201086,0.32798913717269906,0.31998940211970633,0,0,0,0.05530535776963349,0,0.03570908958152282,0,0,4.8439695203171616e-05,1
2025-06-18 12:00:00+00:00,1.13,1.13,0.80323964,0.3267603564262389,0.2957107297975013,0,0,0,0.0685466163755118,0,0.048662659281832076,0,0,3.572138670722669e-05,1
2025-06-18 13:00:00+00:00,1.085,1.085,0.89937055,0.185629448890686,0.16648381066429238,0,0,0,0.23586383216603982,0,0.23827824750192161,0,0,0.0001275795734950994,1
2025-06-18 14:00:00+00:00,1.13,1.13,0.9929612,0.13703877210617055,0.12364400490782307,0,0,0,0.35912119885886706,0,0.3508839354342813,0,1,3.9372884050886846e-05,1
2025-06-18 15:00:00+00:00,1.1099999999999999,1.1099999999999999,1.0111369,0.09886311054229724,0.09385738342623157,0,0,0,0.47597854314687865,0,0.47194465795541896,0,1,0.00018576018905352697,1
2025-06-18 16:00:00+00:00,0.9199999999999998,0.9199999999999998,0.98629606,-0.06629605770111102,0.06893870818139795,0,0,0,0.5948002256325238,0,0.5960799385088393,0,0,0.4797228021279777,0
2025-06-18 17:00:00+00:00,0.855,0.855,0.9533516,-0.09835161685943605,0.11755173329813076,0,0,0,0.38080893303866215,0,0.3739431206764028,0,0,0.7536787893822486,0
2025-06-18 18:00:00+00:00,0.7350000000000001,0.7350000000000001,0.8835123,-0.14851231813430776,0.19584041951776845,0,0,0,0.17647315406250277,0,0.1675634127594159,0,0,0.014720300860030327,0
2025-06-18 19:00:00+00:00,0.685,0.685,0.82627356,-0.14127356052398676,0.19352542537532433,0,0,0,0.18054252043914581,0,0.17217524980784016,0,0,0.0018565992478645555,1
2025-06-18 20:00:00+00:00,0.7699999999999999,0.7699999999999999,0.7900187,-0.02001867771148691,0.02717467562645282,0,0,0,0.8312032354942694,0,0.8297463489623367,0,0,0.12305140356802027,0
2025-06-18 21:00:00+00:00,0.7549999999999999,0.7549999999999999,0.7844719,-0.029471929073333847,0.03869399878337048,0,0,0,0.7622342875185898,0,0.7644119907763259,0,0,0.05100481224771632,0
2025-06-18 22:00:00+00:00,0.7599999999999999,0.7599999999999999,0.82768726,-0.06768726348876963,0.08271356027140893,0,0,0,0.5267806237267315,0,0.525749423520369,0,0,0.095342028859702,0
2025-06-18 23:00:00+00:00,0.94,0.94,0.8736935,0.06630647420883173,0.08086155391320944,0,0,0,0.5355945674823519,0,0.5357417371252882,0,0,0.04927483722396031,0
2025-06-19 00:00:00+00:00,0.7599999999999999,0.7599999999999999,0.8854602,-0.12546019792556773,0.15748141999025242,0,0,0,0.25782595141060355,0,0.25941583397386625,0,0,0.060509638802264905,0
2025-06-19 01:00:00+00:00,0.69,0.69,0.90151227,-0.21151226520538335,0.2972069300309837,0,0,0,0.06763274437972389,0,0.047753017590083484,0,0,0.009969111212833826,1
2025-06-19 02:00:00+00:00,0.685,0.685,0.85310364,-0.16810363769531245,0.2395776309196852,0,0,0,0.11538607741616148,0,0.09697247146237775,0,0,0.011125667001964545,0
2025-06-19 03:00:00+00:00,0.73,0.73,0.757104,-0.02710397958755495,0.03781950640123946,0,0,0,0.7673878944749521,0,0.7697924673328209,0,0,0.08131281726213727,0
2025-06-19 04:00:00+00:00,0.735,0.735,0.6614335,0.07356648206710814,0.10610550298140597,0,0,0,0.42460810492890355,0,0.4139123750960799,0,0,0.1878801779447172,0
2025-06-19 05:00:00+00:00,0.615,0.615,0.60613066,0.008869340419769278,0.013680216585762383,0,0,0,0.9143450080611861,0,0.921598770176787,0,0,0.0014703566004880127,1
2025-06-19 06:00:00+00:00,0.595,0.595,0.5964614,-0.0014614152908325462,0.0024630594789312576,0,0,0,0.9845374806024609,0,0.9838585703305149,0,0,0.001050362995040988,1
2025-06-19 07:00:00+00:00,0.5700000000000001,0.5700000000000001,0.58968705,-0.019687049388885436,0.034741851862738996,0,0,0,0.7856394026463399,0,0.7886241352805534,0,0,0.00045938417111068006,1
2025-06-19 08:00:00+00:00,0.535,0.535,0.58619255,-0.051192548274993865,0.09223882572070966,0,0,0,0.48311766578582876,0,0.4800153727901614,0,0,0.0003570547778442388,1
2025-06-19 09:00:00+00:00,0.56,0.56,0.58581924,-0.02581924438476557,0.04841108322143545,0,0,0,0.7060292933854171,0,0.7094542659492697,0,0,0.0007032982416970956,1
2025-06-19 10:00:00+00:00,0.505,0.505,0.5869992,-0.08199917793273925,0.1556946416444416,0,0,0,0.26241701838944725,0,0.26518063028439665,0,0,0.00018277467404711163,1
2025-06-19 11:00:00+00:00,0.515,0.515,0.5948814,-0.07988141536712645,0.14393047813896656,0,0,0,0.2946672699212454,0,0.2943889315910838,0,0,0.00045405498691420445,1
2025-06-19 12:00:00+00:00,0.645,0.645,0.59187675,0.053123254776000994,0.08804959355138285,0,0,0,0.5019745488962001,0,0.5026902382782474,0,0,0.2882131885824489,0
2025-06-19 13:00:00+00:00,0.65,0.65,0.57771623,0.07228376865386965,0.10979812960081466,0,0,0,0.410037604711375,0,0.40392006149116066,0,0,0.5030133894931903,0
2025-06-19 14:00:00+00:00,0.6799999999999999,0.6799999999999999,0.5871077,0.0928922820091247,0.1356091708162404,0,0,0,0.31970087072933007,0,0.3128362797847809,0,0,0.7765265314769151,0
2025-06-19 15:00:00+00:00,0.725,0.725,0.6033427,0.12165728807449339,0.17847034925353553,0,0,0,0.20948155469964813,0,0.20791698693312832,0,0,0.3356541599762782,0
2025-06-19 16:00:00+00:00,0.64,0.64,0.6166423,0.02335770368576051,0.03557010713567591,0,0,0,0.7807105100232679,0,0.785933897002306,0,0,0.7010199817179811,0
2025-06-19 17:00:00+00:00,0.605,0.605,0.6309841,-0.02598412752151491,0.04306761467654405,0,0,0,0.7366879318155962,0,0.7382782475019216,0,0,0.22941287288454199,0
2025-06-19 18:00:00+00:00,0.565,0.565,0.6223302,-0.057330188751220756,0.10146936062162967,0,0,0,0.4435016773570333,0,0.43466564181398926,0,0,0.11758046569503659,0
2025-06-19 19:00:00+00:00,0.525,0.525,0.5941771,-0.06917712688446043,0.12539660462439958,0,0,0,0.35308696123832223,0,0.3443504996156802,0,0,0.060992450809511246,0
2025-06-19 20:00:00+00:00,0.565,0.565,0.5656483,-0.0006483173370361861,0.0011859463482369258,0,0,0,0.9925543958221815,0,0.9923136049192929,0,0,0.2256131326179501,0
2025-06-19 21:00:00+00:00,0.55,0.55,0.54840726,0.0015927433967590776,0.0026182083234395797,0,0,0,0.9835636810784079,0,0.9834742505764796,0,0,0.33426424707871755,0
2025-06-19 22:00:00+00:00,0.71,0.71,0.5559481,0.15405192136764523,0.23341200207218973,0,0,0,0.12240595211586597,0,0.10530361260568788,0,0,0.07929893576537157,0
2025-06-19 23:00:00+00:00,0.72,0.72,0.576032,0.14396801710128782,0.1928143086177962,0,0,0,0.18181203719906736,0,0.1748654880860876,0,0,0.032120924588203946,0
2025-06-20 00:00:00+00:00,0.8099999999999999,0.8099999999999999,0.63346434,0.17653566360473627,0.228771918278276,0,0,0,0.12799568770063402,0,0.11183704842428899,0,0,0.0006047406901732115,1
2025-06-20 01:00:00+00:00,0.7849999999999999,0.7849999999999999,0.6862143,0.0987856721878051,0.1294135443508364,0,0,0,0.3395964756848677,0,0.32936202920830127,0,0,0.002333950628228067,1
2025-06-20 02:00:00+00:00,0.695,0.695,0.7382551,-0.04325508356094365,0.0581906953734668,0,0,0,0.6516626125911188,0,0.6564181398923905,0,0,0.23334336607881062,0
2025-06-20 03:00:00+00:00,0.7499999999999999,0.7499999999999999,0.754686,-0.004685997962951771,0.006389997222206961,0,0,0,0.9599054152717429,0,0.9642582628747117,0,0,0.011255815138215367,0
2025-06-20 04:00:00+00:00,0.7549999999999999,0.7549999999999999,0.71830004,0.03669995546340932,0.050972160365846265,0,0,0,0.6915655876734617,0,0.6960030745580323,0,0,0.011653070207829231,0
2025-06-20 05:00:00+00:00,0.655,0.655,0.68243796,-0.027437956333160374,0.03957397548051977,0,0,0,0.7570633638887846,0,0.7594158339738662,0,0,0.6759743102119246,0
2025-06-20 06:00:00+00:00,0.6699999999999999,0.6699999999999999,0.6689528,0.0010471773147582297,0.0016754837036131675,0,0,0,0.989481199226821,0,0.9896233666410453,0,0,0.37137057550410746,0
2025-06-20 07:00:00+00:00,0.55,0.55,0.6490378,-0.09903777837753291,0.16929534765390242,0,0,0,0.22939141872740806,0,0.23020753266717908,0,0,0.27263501181170685,0
2025-06-20 08:00:00+00:00,0.535,0.535,0.6392972,-0.10429718732833859,0.1925486535292405,0,0,0,0.1822886707033242,0,0.175249807840123,0,0,0.1808383969266134,0
2025-06-20 09:00:00+00:00,0.54,0.54,0.62229717,-0.0822971677780151,0.14783922355332052,0,0,0,0.2835539135570813,0,0.2809377401998463,0,0,0.22997174378484733,0
2025-06-20 10:00:00+00:00,0.595,0.595,0.609091,-0.01409098386764529,0.026338287603075307,0,0,0,0.8362932394714206,0,0.8335895465026902,0,0,0.8214742306726565,0
2025-06-20 11:00:00+00:00,0.47,0.47,0.60563594,-0.135635941028595,0.2677025151880164,0,0,0,0.08852718729574073,0,0.06894840400045302,0,0,0.005626774323029545,1
2025-06-20 12:00:00+00:00,0.45499999999999996,0.45499999999999996,0.6220991,-0.16709910154342655,0.3319849699538276,0,0,0,0.04986542772886097,0,0.030564003089533852,0,0,0.005184576716740488,1
2025-06-20 13:00:00+00:00,0.585,0.585,0.6122044,-0.027204372882843053,0.048435085251352615,0,0,0,0.7058930286279886,0,0.7090699461952344,0,0,0.5037093148156546,0
2025-06-20 14:00:00+00:00,0.645,0.645,0.57761043,0.06738956689834597,0.10898582247710939,0,0,0,0.41320661093197414,0,0.4066102997694081,0,0,0.7410216507849682,0
2025-06-20 15:00:00+00:00,0.625,0.625,0.55947125,0.0655287504196167,0.09978997525829955,0,0,0,0.4505111115382292,0,0.4423520368946964,0,0,0.7890496179729308,0
2025-06-20 16:00:00+00:00,0.7,0.7,0.56659365,0.13340635299682613,0.20524054307204018,0,0,0,0.16090951225958883,0,0.15142198308993082,0,0,0.18830495754500975,0
2025-06-20 17:00:00+00:00,0.625,0.625,0.5734361,0.051563918590545654,0.07994405983030334,0,0,0,0.5399997368852835,0,0.5411222136817833,0,0,0.765012748699878,0
2025-06-20 18:00:00+00:00,0.61,0.61,0.59016746,0.01983253717422484,0.03251235602331941,0,0,0,0.7989668097986853,0,0.8024596464258262,0,0,0.35024525015332114,0
2025-06-20 19:00:00+00:00,0.595,0.595,0.5867817,0.008218319416046116,0.013929354942451044,0,0,0,0.9127938161998921,0,0.9200614911606456,0,0,0.296168214337002,0
2025-06-20 20:00:00+00:00,0.565,0.565,0.56722677,-0.0022267675399780806,0.003988240370109996,0,0,0,0.9749663420503206,0,0.9788624135280554,0,0,0.3787833730138603,0
2025-06-20 21:00:00+00:00,0.515,0.515,0.5491093,-0.034109280109405504,0.06201687292619182,0,0,0,0.6310576986954177,0,0.6348962336664105,0,0,0.05984723172183033,0
2025-06-20 22:00:00+00:00,0.5700000000000001,0.5700000000000001,0.5398893,0.03011072397232062,0.055418510378504204,0,0,0,0.6668315494748771,0,0.6702536510376633,0,0,0.5724706923481541,0
2025-06-20 23:00:00+00:00,0.545,0.545,0.5351492,0.009850783348083536,0.018074831831345936,0,0,0,0.8870583325216985,0,0.8912375096079939,0,0,0.43136898656804634,0
2025-06-21 00:00:00+00:00,0.52,0.52,0.54696447,-0.026964466571807844,0.05252818163339191,0,0,0,0.6828544199752749,0,0.6887009992313604,0,0,0.2697668452640541,0
2025-06-21 01:00:00+00:00,0.475,0.475,0.5651352,-0.09013518095016482,0.181480230101003,0,0,0,0.20333799666422003,0,0.1994619523443505,0,0,0.1354573800156191,0
2025-06-21 02:00:00+00:00,0.495,0.495,0.57189757,-0.07689756631851197,0.1517715124707473,0,0,0,0.27277659857459746,0,0.2744043043812452,0,0,0.15421435007853426,0
2025-06-21 03:00:00+00:00,0.55,0.55,0.5575969,-0.007596921920776323,0.014379032026705974,0,0,0,0.9099952197399315,0,0.9166026133743275,0,0,0.7635603626507662,0
2025-06-21 04:00:00+00:00,0.54,0.54,0.5352368,0.004763224124908483,0.00873986077964859,0,0,0,0.9451894145007395,0,0.9511913912375096,0,0,0.7397313664431516,0
2025-06-21 05:00:00+00:00,0.5449999999999999,0.5449999999999999,0.5236933,0.021306676864623952,0.04084347002803314,0,0,0,0.7496306342117212,0,0.7521137586471944,0,0,0.7827579871219749,0
2025-06-21 06:00:00+00:00,0.48,0.48,0.52372205,-0.04372205257415773,0.08545026561724639,0,0,0,0.5139486152688362,0,0.5130668716372022,0,0,0.4437849670713271,0
2025-06-21 07:00:00+00:00,0.51,0.51,0.5281451,-0.018145074844360343,0.036169584407362815,0,0,0,0.7771507990089215,0,0.781706379707917,0,0,0.663856197028247,0
2025-06-21 08:00:00+00:00,0.515,0.515,0.5098131,0.005186929702758802,0.009879866100492957,0,0,0,0.938059221090092,0,0.9450422751729439,0,0,0.7879136285339925,0
2025-06-21 09:00:00+00:00,0.55,0.55,0.48816168,0.06183831691741948,0.11451540169892498,0,0,0,0.3920359701163334,0,0.38508839354342816,0,0,0.8202380573951384,0
2025-06-21 10:00:00+00:00,0.5549999999999999,0.5549999999999999,0.47224677,0.08275323390960687,0.14955403718603652,0,0,0,0.2788049788944525,0,0.27824750192159875,0,0,0.49440989181144346,0
2025-06-21 11:00:00+00:00,0.5549999999999999,0.5549999999999999,0.47343108,0.08156891942024225,0.1539036215476269,0,0,0,0.26709846830735917,0,0.2682551883166795,0,0,0.7838059518976475,0
2025-06-21 12:00:00+00:00,0.48,0.48,0.48951223,-0.009512234926223773,0.018961265633668654,0,0,0,0.8815757412655147,0,0.8847040737893928,0,0,0.5391731188170867,0
2025-06-21 13:00:00+00:00,0.47,0.47,0.51601577,-0.04601576805114749,0.09390973071662753,0,0,0,0.4757490155587949,0,0.47156033820138354,0,0,0.2713081797868033,0
2025-06-21 14:00:00+00:00,0.52,0.52,0.52813804,-0.008138041496276838,0.016276082992553675,0,0,0,0.8982067391841431,0,0.904304381245196,0,0,0.6645452989178748,0
2025-06-21 15:00:00+00:00,0.51,0.51,0.52130544,-0.011305441856384268,0.022610883712768537,0,0,0,0.8590911924441268,0,0.861260568793236,0,0,0.6892640832103684,0
2025-06-21 16:00:00+00:00,0.47,0.47,0.5183357,-0.04833570003509524,0.0950866230198595,0,0,0,0.47061128567507804,0,0.46541122213681785,0,0,0.42765115881311033,0
2025-06-21 17:00:00+00:00,0.545,0.545,0.51849425,0.026505751609802286,0.05113649828257675,0,0,0,0.6906428004366729,0,0.6956187548039969,0,0,0.3546139849716108,0
2025-06-21 18:00:00+00:00,0.54,0.54,0.51533043,0.024669566154480016,0.04744147337400003,0,0,0,0.7115450671510296,0,0.7113758647194466,0,0,0.7635523891346804,0
2025-06-21 19:00:00+00:00,0.475,0.475,0.5260471,-0.051047110557556175,0.10329938055491975,0,0,0,0.43596380223227355,0,0.4265949269792467,0,0,0.7424612193931739,0
2025-06-21 20:00:00+00:00,0.4674999999999999,0.4674999999999999,0.53228664,-0.06478664398193368,0.13858105664584744,0,0,0,0.31054177548563544,0,0.3051498847040738,0,0,0.46412402802527225,0
2025-06-21 21:00:00+00:00,0.45999999999999996,0.45999999999999996,0.5126675,-0.05266747713088993,0.11769268632601103,0,0,0,0.3802945478604982,0,0.37202152190622595,0,0,0.6255809704108328,0
2025-06-21 22:00:00+00:00,0.41500000000000004,0.41500000000000004,0.4809884,-0.06598841309547421,0.1571152692749386,0,0,0,0.25876035952213516,0,0.2613374327440431,0,0,0.3664067566129663,0
2025-06-21 23:00:00+00:00,0.385,0.385,0.45319074,-0.06819074392318725,0.1704768598079681,0,0,0,0.22672456973975372,0,0.2244427363566487,0,0,0.15848588378959685,0
2025-06-22 00:00:00+00:00,0.4,0.4,0.4289572,-0.028957194089889504,0.07554050632145089,0,0,0,0.5614961767330452,0,0.5641813989239046,0,0,0.4667574011445303,0
2025-06-22 01:00:00+00:00,0.365,0.365,0.41063324,-0.04563323616981507,0.12389113892257485,0,0,0,0.35826481304159885,0,0.3493466564181399,0,0,0.1386057541992326,0
2025-06-22 02:00:00+00:00,0.33999999999999997,0.33999999999999997,0.4049159,-0.06491589903831485,0.1811606484790182,0,0,0,0.20398150921724661,0,0.2002305918524212,0,0,0.11047727083385793,0
2025-06-22 03:00:00+00:00,0.37,0.37,0.40213022,-0.03213021636009217,0.09313106191331064,0,0,0,0.47917208213009704,0,0.4757878554957725,0,0,0.3694743907360421,0
2025-06-22 04:00:00+00:00,0.325,0.325,0.39349303,-0.06849302649497985,0.197576037966288,0,0,0,0.1734849950350959,0,0.16410453497309763,0,0,0.046659140755721834,0
2025-06-22 05:00:00+00:00,0.345,0.345,0.38660467,-0.04160466670989993,0.11774905672613188,0,0,0,0.3800890015365422,0,0.37163720215219065,0,0,0.10089095441004557,0
2025-06-22 06:00:00+00:00,0.39,0.39,0.37573522,0.01426477670669557,0.038727900561164444,0,0,0,0.7620347931749825,0,0.7636433512682552,0,0,0.40792515317888245,0
2025-06-22 07:00:00+00:00,0.37,0.37,0.36341745,0.006582553386688228,0.017710905973152183,0,0,0,0.889311450530988,0,0.8939277478862413,0,0,0.272679742725803,0
2025-06-22 08:00:00+00:00,0.355,0.355,0.3637556,-0.008755613565444964,0.025135732723765448,0,0,0,0.8436285736844128,0,0.8412759415833974,0,0,0.3620197012115221,0
2025-06-22 09:00:00+00:00,0.32,0.32,0.36190265,-0.041902654170989984,0.1302673186662901,0,0,0,0.33678957900386425,0,0.32667179093005383,0,0,0.18780507770004037,0
2025-06-22 10:00:00+00:00,0.29000000000000004,0.29000000000000004,0.3521418,-0.062141797542571986,0.19938544666065874,0,0,0,0.17042602848679222,0,0.16333589546502691,0,0,0.028536917009630396,0
2025-06-22 11:00:00+00:00,0.325,0.325,0.33266667,-0.007666665315628041,0.024083765389407454,0,0,0,0.8500611564069669,0,0.8501152959262106,0,0,0.22450499485687153,0
2025-06-22 12:00:00+00:00,0.34,0.34,0.3114716,0.028528388738632227,0.08755515725411424,0,0,0,0.5042361174924368,0,0.5057647963105303,0,0,0.2557510740745657,0
2025-06-22 13:00:00+00:00,0.3125,0.3125,0.3027256,0.009774386882781982,0.03127803802490234,0,0,0,0.8063814357603194,0,0.8101460415065335,0,0,0.3013615074804822,0
2025-06-22 14:00:00+00:00,0.28500000000000003,0.28500000000000003,0.3130422,-0.02804219365119931,0.0981067999458868,0,0,0,0.45762482136273924,0,0.4515757109915449,0,0,0.1102038050383513,0
2025-06-22 15:00:00+00:00,0.26,0.26,0.32945654,-0.06945653796195983,0.23678365214304486,0,0,0,0.11851111073239483,0,0.10026767299047072,0,0,0.05803001511697648,0
2025-06-22 16:00:00+00:00,0.33499999999999996,0.33499999999999996,0.33866823,-0.0036682271957397816,0.012159869157148446,0,0,0,0.9238207367857814,0,0.9285165257494236,0,0,0.7108077968789375,0
2025-06-22 17:00:00+00:00,0.31000000000000005,0.31000000000000005,0.33622304,-0.026223036050796455,0.08194698765873892,0,0,0,0.5304161456847082,0,0.5284396617986165,0,0,0.6560393344265388,0
2025-06-22 18:00:00+00:00,0.315,0.315,0.3412907,-0.02629071235656738,0.08258862520387658,0,0,0,0.5273719109768854,0,0.5265180630284396,0,0,0.21770160090883756,0
2025-06-22 19:00:00+00:00,0.33,0.33,0.34304816,-0.01304815530776976,0.041643048854584336,0,0,0,0.7449659475513168,0,0.7482705611068409,0,0,0.8709755920760197,0
2025-06-22 20:00:00+00:00,0.29500000000000004,0.29500000000000004,0.34568787,-0.05068786621093746,0.16350924584173374,0,0,0,0.24290880578187768,0,0.24673328209069945,0,0,0.5398053279592505,0
2025-06-22 21:00:00+00:00,0.305,0.305,0.34687406,-0.041874058246612555,0.14275247129527005,0,0,0,0.29809637851757714,0,0.29707916986933125,0,0,0.642435263687988,0
2025-06-22 22:00:00+00:00,0.28,0.28,0.3326033,-0.052603305578231785,0.18139070889045444,0,0,0,0.20351804848430058,0,0.1998462720983859,0,0,0.35388601984473816,0
2025-06-22 23:00:00+00:00,0.28500000000000003,0.28500000000000003,0.3109155,-0.025915499925613372,0.08735561772678664,0,0,0,0.505150963407027,0,0.5069177555726364,0,0,0.6766194015066376,0
2025-06-23 00:00:00+00:00,0.325,0.325,0.29003766,0.03496233820915223,0.11654112736384076,0,0,0,0.3845146049542133,0,0.3766333589546502,0,0,0.35484101977960675,0
2025-06-23 01:00:00+00:00,0.29000000000000004,0.29000000000000004,0.27953124,0.0104687595367432,0.036099170816355865,0,0,0,0.7775685761993371,0,0.7820906994619523,0,0,0.7840580571829485,0
2025-06-23 02:00:00+00:00,0.255,0.255,0.28577206,-0.030772055387496944,0.1222730677648885,0,0,0,0.3639047796285778,0,0.3562644119907763,0,0,0.48690136173426546,0
2025-06-23 03:00:00+00:00,0.21000000000000002,0.21000000000000002,0.29762644,-0.08762643575668333,0.3481845129404635,0,0,0,0.043473762121982895,0,0.02470055932381288,0,0,0.09838157416288658,0
2025-06-23 04:00:00+00:00,0.29000000000000004,0.29000000000000004,0.29962903,-0.009629032611846888,0.03826105673581545,0,0,0,0.7647838850808647,0,0.7682551883166795,0,0,0.5215759509747957,0
2025-06-23 05:00:00+00:00,0.255,0.255,0.2844036,-0.02940359234809875,0.10439145212342751,0,0,0,0.43151531055168696,0,0.42236740968485775,0,0,0.49237456865523055,0
2025-06-23 06:00:00+00:00,0.3,0.3,0.2804953,0.019504714012145985,0.06764640697854099,0,0,0,0.6014672755975845,0,0.6033820138355112,0,0,0.8629687098008696,0
2025-06-23 07:00:00+00:00,0.31,0.31,0.2791712,0.03082880139350891,0.10391730806800754,0,0,0,0.4334421441378319,0,0.42467332820907,0,0,0.8022782925292827,0
2025-06-23 08:00:00+00:00,0.28,0.28,0.28471816,-0.004718155860900852,0.016458683235700648,0,0,0,0.8970736566981258,0,0.9027671022290545,0,0,0.8198550082235649,0
2025-06-23 09:00:00+00:00,0.27,0.27,0.29642197,-0.026421974897384626,0.09436419606208794,0,0,0,0.47375991523734323,0,0.4696387394312067,0,0,0.844715466010545,0
2025-06-23 10:00:00+00:00,0.29,0.29,0.29718086,-0.007180861234664937,0.02549418189821871,0,0,0,0.8414400578511582,0,0.8393543428132206,0,0,0.8084200527849306,0
2025-06-23 11:00:00+00:00,0.28500000000000003,0.28500000000000003,0.28644094,-0.0014409387111663507,0.004940361295427488,0,0,0,0.968993851405066,0,0.9742505764796311,0,0,0.8970455834711136,0
2025-06-23 12:00:00+00:00,0.3,0.3,0.2744893,0.025510686635971058,0.08141708500841828,0,0,0,0.5329397357106043,0,0.5303612605687933,0,0,0.5351534108319251,0
2025-06-23 13:00:00+00:00,0.355,0.355,0.27128324,0.08371676087379454,0.2643687185488249,0,0,0,0.09131482729563421,0,0.07182557733797826,0,0,0.22569568014522315,0
2025-06-23 14:00:00+00:00,0.295,0.295,0.27783942,0.017160577774047836,0.05334894644781712,0,0,0,0.6782832918044829,0,0.6813989239046887,0,0,0.5651797262124034,0
2025-06-23 15:00:00+00:00,0.315,0.315,0.29912177,0.01587823271751404,0.05571309725443523,0,0,0,0.6652102528861332,0,0.6694850115295926,0,0,0.7891084031585207,0
2025-06-23 16:00:00+00:00,0.245,0.245,0.3154314,-0.0704313862323761,0.2485813631730921,0,0,0,0.10591508340908745,0,0.08702322987415252,0,0,0.7017158893200326,0
2025-06-23 17:00:00+00:00,0.29,0.29,0.32595837,-0.03595837116241457,0.1374205267353423,0,0,0,0.31408918216501497,0,0.30784012298232133,0,0,0.5362536154699042,0
2025-06-23 18:00:00+00:00,0.25,0.25,0.31715584,-0.06715583801269531,0.24273194462419992,0,0,0,0.1119660845412781,0,0.09337293704851436,0,0,0.5368826244322642,0
2025-06-23 19:00:00+00:00,0.29000000000000004,0.29000000000000004,0.30975917,-0.01975916981697079,0.07318211043322514,0,0,0,0.573246975403509,0,0.5791698693312837,0,0,0.7032181251946168,0
2025-06-23 20:00:00+00:00,0.27,0.27,0.29869586,-0.02869586229324339,0.106280971456457,0,0,0,0.4239061652441191,0,0.4135280553420446,0,0,0.8461393164623987,0
2025-06-23 21:00:00+00:00,0.25,0.25,0.29731217,-0.0473121702671051,0.17742063850164413,0,0,0,0.21166820819438723,0,0.21022290545734046,0,0,0.3186148542967106,0
2025-06-23 22:00:00+00:00,0.28,0.28,0.29788688,-0.017886878252029392,0.06707579344511022,0,0,0,0.6044262218585835,0,0.6076095311299001,0,0,0.858444740678505,0
2025-06-23 23:00:00+00:00,0.27,0.27,0.29092845,-0.020928453207015973,0.07343316914742447,0,0,0,0.5719882513814862,0,0.5772482705611068,0,0,0.6160042669558333,0
2025-06-24 00:00:00+00:00,0.305,0.305,0.2831403,0.021859698295593255,0.07167114195276478,0,0,0,0.5808615144549512,0,0.5833973866256725,0,0,0.8353026370416424,0
2025-06-24 01:00:00+00:00,0.34,0.34,0.27498063,0.06501936554908755,0.21087361799704069,0,0,0,0.1522820450789307,0,0.1372021521906226,0,0,0.13465829383450795,0
2025-06-24 02:00:00+00:00,0.28,0.28,0.27262953,0.007370470762252834,0.02456823587417611,0,0,0,0.8470969182938729,0,0.8478093774019985,0,0,0.90332767376963,0
2025-06-24 03:00:00+00:00,0.28,0.28,0.28187868,-0.001878679990768406,0.007272309641684151,0,0,0,0.9543772916235181,0,0.9592621060722522,0,0,0.5741502169289038,0
2025-06-24 04:00:00+00:00,0.21500000000000002,0.21500000000000002,0.28579348,-0.07079348325729368,0.27944796022615925,0,0,0,0.07944030137107648,0,0.05964016556732875,0,0,0.2959195012900108,0
2025-06-24 05:00:00+00:00,0.265,0.265,0.2837361,-0.01873610973358153,0.0826593076481538,0,0,0,0.5270373295060322,0,0.5261337432744043,0,0,0.6729994977030858,0
2025-06-24 06:00:00+00:00,0.2,0.2,0.26576084,-0.0657608389854431,0.2721138164914887,0,0,0,0.08498396586325377,0,0.06530520414251684,0,0,0.16324741254631256,0
2025-06-24 07:00:00+00:00,0.26,0.26,0.25726554,0.002734462022781381,0.011473267228453345,0,0,0,0.9281051904110242,0,0.9342813220599538,0,0,0.940626199443635,0
2025-06-24 08:00:00+00:00,0.255,0.255,0.24942166,0.00557834386825562,0.02231337547302248,0,0,0,0.860918400266902,0,0.8631821675634128,0,0,0.7794194455899378,0
2025-06-24 09:00:00+00:00,0.235,0.235,0.2548955,-0.01989550828933717,0.0806574660378534,0,0,0,0.5365722438210541,0,0.5372790161414296,0,0,0.41108335791995765,0
2025-06-24 10:00:00+00:00,0.25,0.25,0.26879793,-0.01879793405532837,0.07420237127103303,0,0,0,0.5681432947663408,0,0.5707148347425057,0,0,0.6513123709893344,0
2025-06-24 11:00:00+00:00,0.275,0.275,0.2770787,-0.0020786881446838157,0.007423886231013627,0,0,0,0.9534278912928035,0,0.958109146810146,0,0,0.796045005705029,0
2025-06-24 12:00:00+00:00,0.315,0.315,0.2771692,0.037830802202224734,0.12269449362883697,0,0,0,0.36242836118559135,0,0.35357417371252886,0,0,0.5159629936503338,0
2025-06-24 13:00:00+00:00,0.33499999999999996,0.33499999999999996,0.27730387,0.0576961255073547,0.17844162528047847,0,0,0,0.20954108382950665,0,0.20830130668716373,0,0,0.19394261152329675,0
2025-06-24 14:00:00+00:00,0.32,0.32,0.2839252,0.03607479453086854,0.11513232297085703,0,0,0,0.3897321500855254,0,0.3816295157571099,0,0,0.7551066510680811,0
2025-06-24 15:00:00+00:00,0.28500000000000003,0.28500000000000003,0.2969893,-0.01198929190635678,0.04182311130124458,0,0,0,0.743917287702755,0,0.7475019215987702,0,0,0.8380999261831124,0
2025-06-24 16:00:00+00:00,0.255,0.255,0.3098477,-0.054847712516784664,0.20960909242083312,0,0,0,0.1541751368074639,0,0.14104534973097616,0,0,0.843381379308596,0
2025-06-24 17:00:00+00:00,0.245,0.245,0.30870578,-0.06370577692985535,0.23741283327896406,0,0,0,0.11779938714602088,0,0.0995167034359078,0,0,0.6149164276233585,0
2025-06-24 18:00:00+00:00,0.305,0.305,0.29571941,0.009280585050582879,0.033343419343411534,0,0,0,0.793988898341825,0,0.7963105303612605,0,0,0.8226581950070146,0
2025-06-24 19:00:00+00:00,0.28500000000000003,0.28500000000000003,0.27777007,0.00722992777824405,0.020270825546478643,0,0,0,0.8734908875433004,0,0.8758647194465795,0,0,0.7872170468386432,0
2025-06-24 20:00:00+00:00,0.48,0.48,0.2780301,0.20196990251541136,0.5007518244183753,0,0,0,0.013786024269421287,0,0.002762891242225796,1,0,0.003330598031612553,1
2025-06-24 21:00:00+00:00,0.44500000000000006,0.44500000000000006,0.28710148,0.1578985226154328,0.3700746623799206,0,0,0,0.03629381988011772,0,0.01842221526160178,0,0,0.010964435311832683,0
2025-06-24 22:00:00+00:00,0.355,0.355,0.33580846,0.019191544055938703,0.0502835215439442,0,0,0,0.6954394479936484,0,0.6998462720983858,0,0,0.4056119827518247,0
2025-06-24 23:00:00+00:00,0.345,0.345,0.38861412,-0.04361411809921267,0.12580995605542117,0,0,0,0.35167698062076924,0,0.34204458109146807,0,0,0.46238360838367765,0
2025-06-25 00:00:00+00:00,0.34,0.34,0.39951319,-0.05951318502426145,0.17167264910844648,0,0,0,0.2240570542363037,0,0.22252113758647196,0,0,0.661144500940597,0
2025-06-25 01:00:00+00:00,0.355,0.355,0.37628955,-0.021289546489715594,0.05969031726088484,0,0,0,0.6435403268417144,0,0.6468101460415066,0,0,0.48124960685418827,0
2025-06-25 02:00:00+00:00,0.375,0.375,0.34526664,0.029733359813690186,0.0841510183406326,0,0,0,0.5200118994762024,0,0.5184473481936971,0,0,0.31209835625514626,0
2025-06-25 03:00:00+00:00,0.33,0.33,0.3285959,0.001404093503952042,0.004170574764213986,0,0,0,0.9738224214657145,0,0.9780937740199847,0,0,0.5473102391422242,0
2025-06-25 04:00:00+00:00,0.305,0.305,0.334951,-0.029951013326644904,0.09661617202143517,0,0,0,0.4639987275196749,0,0.45772482705611073,0,0,0.6066665447244179,0
2025-06-25 05:00:00+00:00,0.29500000000000004,0.29500000000000004,0.34431344,-0.04931344270706173,0.16716421256631092,0,0,0,0.23428102312776725,0,0.23520368946963877,0,0,0.5577218790241261,0
2025-06-25 06:00:00+00:00,0.28500000000000003,0.28500000000000003,0.3480374,-0.0630373919010162,0.22248491259182185,0,0,0,0.13601516445599066,0,0.11990776325903152,0,0,0.5687454892018465,0
2025-06-25 07:00:00+00:00,0.27,0.27,0.34097055,-0.07097054600715635,0.2612412736459743,0,0,0,0.09401934910156517,0,0.07462533300890606,0,0,0.5992451327418046,0
2025-06-25 08:00:00+00:00,0.26,0.26,0.32878357,-0.06878357172012328,0.23582938875470838,0,0,0,0.11959954620936919,0,0.10107609531129902,0,0,0.36093959158430067,0
2025-06-25 09:00:00+00:00,0.345,0.345,0.31116384,0.033836157321929905,0.11405446288290978,0,0,0,0.3937648769276649,0,0.3877786318216756,0,0,0.49762238047744567,0
2025-06-25 10:00:00+00:00,0.28500000000000003,0.28500000000000003,0.29794428,-0.012944277524948089,0.042673442389938754,0,0,0,0.7389741762563762,0,0.7417371252882399,0,0,0.6671713011965714,0
2025-06-25 11:00:00+00:00,0.28,0.28,0.304659,-0.024659008979797337,0.0896691235628994,0,0,0,0.49461987685377395,0,0.494619523443505,0,0,0.623418188303496,0
2025-06-25 12:00:00+00:00,0.26,0.26,0.30896053,-0.04896052718162536,0.17912387993277568,0,0,0,0.20813176919032889,0,0.2063797079169869,0,0,0.5439324154657308,0
2025-06-25 13:00:00+00:00,0.28,0.28,0.30347332,-0.02347332358360288,0.08383329851286742,0,0,0,0.5215025253046499,0,0.5207532667179093,0,0,0.4196320184850707,0
2025-06-25 14:00:00+00:00,0.3,0.3,0.29060045,0.009399551153182972,0.032980881239238494,0,0,0,0.7961589921525559,0,0.7982321291314374,0,0,0.48782682622751344,0
2025-06-25 15:00:00+00:00,0.275,0.275,0.2800538,-0.005053794384002663,0.017527610580356057,0,0,0,0.8904467397749333,0,0.8954650269023827,0,0,0.22694692409312886,0
2025-06-25 16:00:00+00:00,0.29000000000000004,0.29000000000000004,0.28113168,0.008868315219879186,0.030935983325159948,0,0,0,0.8084405860865196,0,0.8128362797847809,0,0,0.3465796683339588,0
2025-06-25 17:00:00+00:00,0.295,0.295,0.28668764,0.00831235766410826,0.029337732932146803,0,0,0,0.8180865535674795,0,0.8201383551114527,0,0,0.6744117205944186,0
2025-06-25 18:00:00+00:00,0.265,0.265,0.29609352,-0.03109352350234984,0.10364507834116614,0,0,0,0.4345516009788219,0,0.425826287471176,0,0,0.15021588349752263,0
2025-06-25 19:00:00+00:00,0.33999999999999997,0.33999999999999997,0.30624837,0.033751633167266815,0.1049273569966844,0,0,0,0.4293459217591093,0,0.4196771714066103,0,0,0.4152384669740737,0
2025-06-25 20:00:00+00:00,0.36,0.36,0.30698928,0.05301071763038634,0.13477301092471103,0,0,0,0.32232235091853045,0,0.31475787855495774,0,0,0.7131853584313621,0
2025-06-25 21:00:00+00:00,0.48,0.48,0.31499898,0.16500101566314695,0.38672113046050066,0,0,0,0.03175561405910846,0,0.014675687957713813,0,0,0.006535524050628708,1
2025-06-25 22:00:00+00:00,0.44000000000000006,0.44000000000000006,0.32478383,0.11521616816520697,0.2281508280499148,0,0,0,0.12876468383155834,0,0.11375864719446582,0,0,0.04500032276559243,0
2025-06-25 23:00:00+00:00,0.595,0.595,0.35730365,0.23769635081291196,0.4231982507054812,0,0,0,0.02395658460587472,0,0.008794720795396394,1,0,0.0001939501641470451,1
2025-06-26 00:00:00+00:00,0.6499999999999999,0.6499999999999999,0.38313177,0.26686822772026053,0.4213708858740956,0,0,0,0.02428876148921217,0,0.00902745689398169,1,0,2.85035088363178e-05,1
2025-06-26 01:00:00+00:00,0.655,0.655,0.41924152,0.23575848221778872,0.33599783688996016,0,0,0,0.04818577635924783,0,0.029002237152364926,0,0,3.252854715156198e-05,1
2025-06-26 02:00:00+00:00,0.7999999999999999,0.7999999999999999,0.46565205,0.33434795141220086,0.4622321908924436,0,0,0,0.01800278688970686,0,0.004971876335833553,1,0,1.96484419500511e-06,1
2025-06-26 03:00:00+00:00,0.715,0.715,0.5088951,0.20610490083694455,0.2797804083759428,0,0,0,0.07919884573719597,0,0.05939449340042281,0,0,9.489478754358389e-06,1
2025-06-26 04:00:00+00:00,0.695,0.695,0.57257825,0.12242174863815303,0.1873802275073771,0,0,0,0.19182360431286455,0,0.1863950807071484,0,0,2.16422698165425e-05,1
2025-06-26 05:00:00+00:00,0.55,0.55,0.62346005,-0.07346005439758296,0.11448320165857084,0,0,0,0.3921565363638003,0,0.38547271329746347,0,0,0.0035358286723952497,1
2025-06-26 06:00:00+00:00,0.6799999999999999,0.6799999999999999,0.6533639,0.026636116504669127,0.03985453841097625,0,0,0,0.7554179281583788,0,0.7586471944657955,0,0,7.220192067241405e-05,1
2025-06-26 07:00:00+00:00,0.7749999999999998,0.7749999999999998,0.6384353,0.13656469583511333,0.19555803699538904,0,0,0,0.17696437850603638,0,0.1691006917755573,0,0,1.5243411043605397e-05,1
2025-06-26 08:00:00+00:00,0.6399999999999999,0.6399999999999999,0.6499735,-0.009973511695861914,0.013387264021291164,0,0,0,0.9161695870668022,0,0.9223674096848578,0,0,0.0017487069130612178,1
2025-06-26 09:00:00+00:00,0.82,0.82,0.7092292,0.11077082872390742,0.14479846892014042,0,0,0,0.2921643946906292,0,0.29131437355880097,0,0,1.5210631675927724e-05,1
2025-06-26 10:00:00+00:00,0.835,0.835,0.7433325,0.09166749477386471,0.10416760769757355,0,0,0,0.43242410005834925,0,0.4239046887009992,0,0,2.1492326791564987e-05,1
2025-06-26 11:00:00+00:00,0.9849999999999998,0.9849999999999998,0.7990066,0.18599341869354225,0.19011252336648274,0,0,0,0.1867203867680697,0,0.1813989239046887,0,0,1.5229638779614694e-06,1
2025-06-26 12:00:00+00:00,1.115,1.115,0.8446782,0.27032177686691283,0.2542211067713914,0,0,0,0.10042113404225188,0,0.08128188290517667,0,0,3.4087315057985726e-07,1
2025-06-26 13:00:00+00:00,1.09,1.09,0.89583784,0.19416215658187874,0.18061595961105,0,0,0,0.20508308606403797,0,0.20215219062259804,0,0,6.885692741514252e-07,1
2025-06-26 14:00:00+00:00,1.02,1.02,0.9579128,0.06208719730377199,0.0617783057748975,0,0,0,0.6323309706313356,0,0.6360491929285166,0,0,3.894504118182988e-06,1
2025-06-26 15:00:00+00:00,0.905,0.905,0.9862049,-0.08120492219924924,0.09107094078420476,0,0,0,0.4883197236448545,0,0.4869331283627979,0,0,0.00011877081892438673,1
2025-06-26 16:00:00+00:00,0.7499999999999999,0.7499999999999999,0.9628545,-0.21285450458526622,0.2644155336462935,0,0,0,0.09127500841465687,0,0.07178441624926765,0,0,0.13143915898365605,0
2025-06-26 17:00:00+00:00,0.7599999999999999,0.7599999999999999,0.90374243,-0.14374243259429942,0.18195244632189803,0,0,0,0.20239092458691682,0,0.19792467332820907,0,0,0.2617630616196286,0
2025-06-26 18:00:00+00:00,0.86,0.86,0.8239932,0.036006793975830065,0.04194966288446221,0,0,0,0.7431806694017965,0,0.7463489623366641,0,0,0.007035976284662307,1
2025-06-26 19:00:00+00:00,0.9550000000000002,0.9550000000000002,0.7805513,0.1744486856460573,0.21317558327420444,0,0,1,0.14889900266486858,0,0.13451191391237505,0,0,0.00047657837290411776,1
2025-06-26 20:00:00+00:00,0.64,0.64,0.8082173,-0.16821728706359862,0.216588781626951,0,0,1,0.1440295708541378,0,0.12913143735588006,0,0,0.01161818353714355,0
2025-06-26 21:00:00+00:00,0.735,0.735,0.89810055,-0.16310055494308473,0.2169852172191815,0,0,0,0.1434751287374008,0,0.12797847809377405,0,0,0.41986293118868995,0
2025-06-26 22:00:00+00:00,0.88,0.88,0.888802,-0.008801991939544673,0.010734136511639847,0,0,0,0.9327207209513807,0,0.9392774788624135,0,0,0.08490233302822489,0
2025-06-26 23:00:00+00:00,0.845,0.845,0.84702504,-0.00202503681182864,0.0022091310674494254,0,0,0,0.9861313444325999,0,0.9857801691006918,0,0,0.37522156444432986,0
2025-06-27 00:00:00+00:00,1.025,1.025,0.83778423,0.18721576929092398,0.20239542626045837,0,0,0,0.16546198971972112,0,0.15757109915449652,0,0,0.0002649443739547591,1
2025-06-27 01:00:00+00:00,0.905,0.905,0.81810415,0.08689585208892825,0.09277137233693408,0,0,0,0.48075968708621997,0,0.47770945426594924,0,0,0.03226189311788873,0
2025-06-27 02:00:00+00:00,0.88,0.88,0.8345776,0.04542237997055054,0.05333351855641942,0,0,0,0.6783690619784425,0,0.6817832436587241,0,0,0.1511445361692251,0
2025-06-27 03:00:00+00:00,0.7699999999999999,0.7699999999999999,0.8256437,-0.05564371824264536,0.07337633174854333,0,0,0,0.572273052571353,0,0.5780169100691775,0,0,0.7060547243682319,0
2025-06-27 04:00:00+00:00,0.625,0.625,0.79435134,-0.16935133934020996,0.2553035266435326,0,0,0,0.0994032210932915,0,0.08022090604989553,0,0,0.004170279605389924,1
2025-06-27 05:00:00+00:00,0.595,0.595,0.74730706,-0.15230706214904788,0.2538451035817465,0,0,0,0.10077743061059345,0,0.08165346736383167,0,0,0.0005086314165338595,1
2025-06-27 06:00:00+00:00,0.5800000000000001,0.5800000000000001,0.68375605,-0.10375605344772332,0.17486975300178087,0,0,0,0.2170786964272524,0,0.21483474250576484,0,0,0.0006182234719320122,1
2025-06-27 07:00:00+00:00,0.605,0.605,0.6364145,-0.031414527893066424,0.05593091019537049,0,0,0,0.6640129115952619,0,0.6687163720215219,0,0,0.001009032936282433,1
2025-06-27 08:00:00+00:00,0.5,0.5,0.6123414,-0.11234140396118164,0.2099839326377227,0,0,0,0.15361137921565324,0,0.13989239046887014,0,0,5.818523106312743e-05,1
2025-06-27 09:00:00+00:00,0.5,0.5,0.6172838,-0.11728382110595703,0.21324331110174008,0,0,0,0.1488006880610132,0,0.13412759415833975,0,0,9.561841492727257e-05,1
2025-06-27 10:00:00+00:00,0.65,0.65,0.6172217,0.03277828693389895,0.053588480000924706,0,0,0,0.6769523797756708,0,0.6783243658724059,0,0,0.026029608999602587,0
2025-06-27 11:00:00+00:00,0.685,0.685,0.6044727,0.0805273032188416,0.11755810688881987,0,0,0,0.3807856606743932,0,0.3735588009223674,0,0,0.3052850011744658,0
2025-06-27 12:00:00+00:00,0.72,0.72,0.6167384,0.10326162099838254,0.15111456731470618,0,0,0,0.27454941068809025,0,0.2751729438893159,0,0,0.5447876238134096,0
2025-06-27 13:00:00+00:00,0.645,0.645,0.6348581,0.010141928195953387,0.014698446660802009,0,0,0,0.9080082769094974,0,0.9127594158339739,0,0,0.25784716589906637,0
2025-06-27 14:00:00+00:00,0.7050000000000001,0.7050000000000001,0.64212954,0.06287045955657966,0.09291200919691574,0,0,0,0.480138460556661,0,0.47694081475787853,0,0,0.807116929983909,0
2025-06-27 15:00:00+00:00,0.6799999999999999,0.6799999999999999,0.6189922,0.06100779056549066,0.09128347715534763,0,0,0,0.48736986803164534,0,0.48462720983858565,0,0,0.6226590080166099,0
2025-06-27 16:00:00+00:00,0.62,0.62,0.5979689,0.02203112363815307,0.035920310279597405,0,0,0,0.7786301982879658,0,0.7836279784780937,0,0,0.2394869640468942,0
2025-06-27 17:00:00+00:00,0.54,0.54,0.58476526,-0.04476525545120236,0.08041662655904613,0,0,0,0.5377276063406637,0,0.5388162951575711,0,0,0.0077695922611544935,1
2025-06-27 18:00:00+00:00,0.51,0.51,0.57667935,-0.06667934894561767,0.12620696961315647,0,0,0,0.35032745593261677,0,0.34050730207532665,0,0,0.0025373159816071697,1
2025-06-27 19:00:00+00:00,0.535,0.535,0.55942655,-0.024426546096801727,0.04361883231571737,0,0,0,0.7334963293376231,0,0.7340507302075326,0,0,0.008598406984343438,1
2025-06-27 20:00:00+00:00,0.635,0.635,0.540734,0.09426600694656373,0.17730283438225156,0,0,0,0.21191504484380713,0,0.21060722521137587,0,0,0.4054082967016345,0
2025-06-27 21:00:00+00:00,0.42500000000000004,0.42500000000000004,0.5415393,-0.11653931140899654,0.2315350557794633,0,0,0,0.12463442138078815,0,0.10799385088393543,0,0,0.00024453570840987665,1
2025-06-27 22:00:00+00:00,0.45000000000000007,0.45000000000000007,0.58489704,-0.13489704132080071,0.26979408264160143,0,0,0,0.08682696379411496,0,0.06719818702305913,0,0,0.00074052499367238,1
2025-06-27 23:00:00+00:00,0.625,0.625,0.58327425,0.041725754737854004,0.07495644563686348,0,0,0,0.5643909351433276,0,0.5672559569561875,0,0,0.7812652242743379,0
2025-06-28 00:00:00+00:00,0.595,0.595,0.55608445,0.03891554594039914,0.06362214595160623,0,0,0,0.6225304313873957,0,0.622598001537279,0,0,0.45795966616629574,0
2025-06-28 01:00:00+00:00,0.615,0.615,0.559633,0.05536698341369628,0.08978429742761558,0,0,0,0.4940999483430475,0,0.4938508839354343,0,0,0.4619162581722628,0
2025-06-28 02:00:00+00:00,0.64,0.64,0.5610814,0.07891859054565431,0.12694679444341178,0,0,0,0.34782497844480703,0,0.3389700230591852,0,0,0.35560883467819615,0
2025-06-28 03:00:00+00:00,0.61,0.61,0.56040853,0.04959146738052367,0.08020183403858276,0,0,0,0.5387595020443382,0,0.5407378939277478,0,0,0.5247545036911654,0
2025-06-28 04:00:00+00:00,0.605,0.605,0.55880284,0.04619715690612791,0.07896949898483405,0,0,0,0.5447068564506428,0,0.5457340507302075,0,0,0.7397616091200315,0
2025-06-28 05:00:00+00:00,0.54,0.54,0.5514569,-0.011456928253173793,0.020458800452096058,0,0,0,0.8723318867422919,0,0.8743274404304381,0,0,0.7227258125758983,0
2025-06-28 06:00:00+00:00,0.535,0.535,0.54450125,-0.009501245021820037,0.017540760040283144,0,0,0,0.8903652844428588,0,0.8950807071483474,0,0,0.558440522224318,0
2025-06-28 07:00:00+00:00,0.55,0.55,0.5265065,0.023493516445159957,0.04220392175777238,0,0,0,0.7417017108522673,0,0.7448116833205227,0,0,0.5439155557289725,0
2025-06-28 08:00:00+00:00,0.585,0.585,0.5125854,0.07241459846496578,0.13126513316912228,0,0,0,0.33353573785537527,0,0.32205995388162956,0,0,0.7445896583289505,0
2025-06-28 09:00:00+00:00,0.52,0.52,0.5112626,0.008737404346466082,0.016856728642699836,0,0,0,0.894604713501154,0,0.9000768639508071,0,0,0.11436132628859717,0
2025-06-28 10:00:00+00:00,0.45000000000000007,0.45000000000000007,0.53514796,-0.08514796495437615,0.1669567940281885,0,0,0,0.23476241728632594,0,0.23558800922367407,0,0,0.01215456775207367,0
2025-06-28 11:00:00+00:00,0.56,0.56,0.5526022,0.00739782810211187,0.014364714761382269,0,0,0,0.9100843001519986,0,0.9169869331283628,0,0,0.512666719679499,0
2025-06-28 12:00:00+00:00,0.535,0.535,0.5439684,-0.008968379497528045,0.016256881264401286,0,0,0,0.8983259080711623,0,0.9046887009992314,0,0,0.4457083865018493,0
2025-06-28 13:00:00+00:00,0.56,0.56,0.55201983,0.007980165481567436,0.01442198581006163,0,0,0,0.9097279757488205,0,0.9158339738662568,0,0,0.7162299973584393,0
2025-06-28 14:00:00+00:00,0.565,0.565,0.5561403,0.008859696388244576,0.015588908601016848,0,0,0,0.9024734424184536,0,0.9100691775557264,0,0,0.7375037747012363,0
2025-06-28 15:00:00+00:00,0.58,0.58,0.55532926,0.02467073678970333,0.040115019170249316,0,0,0,0.7538916724462044,0,0.7571099154496541,0,0,0.6606115389550014,0
2025-06-28 16:00:00+00:00,0.7,0.7,0.5499145,0.15008552074432369,0.23329355556112494,0,0,0,0.12254529212564737,0,0.10568793235972329,0,0,0.007099155435462254,1
2025-06-28 17:00:00+00:00,0.6499999999999999,0.6499999999999999,0.5457156,0.10428442955017081,0.15261136031732317,0,0,0,0.27052622037131047,0,0.27248270561106835,0,0,0.07967185692104542,0
2025-06-28 18:00:00+00:00,0.7,0.7,0.5714303,0.12856967449188228,0.19285451173782342,0,0,0,0.18174001824468508,0,0.1744811683320523,0,0,0.00818331716099753,1
2025-06-28 19:00:00+00:00,0.65,0.65,0.5982163,0.05178370475769045,0.07633961389340116,0,0,0,0.557552043054564,0,0.5595695618754803,0,0,0.1899503614618576,0
2025-06-28 20:00:00+00:00,0.685,0.685,0.6267471,0.05825292825698858,0.0834170810362605,0,0,0,0.5234599560033963,0,0.5234435049961568,0,0,0.052087305535128,0
2025-06-28 21:00:00+00:00,0.7599999999999999,0.7599999999999999,0.6360521,0.12394792795181264,0.1701802214441364,0,0,0,0.22739120111475344,0,0.22636433512682552,0,0,0.004841164129927287,1
2025-06-28 22:00:00+00:00,0.74,0.74,0.6395892,0.10041080951690673,0.13477961008980768,0,0,0,0.3223015845675748,0,0.3143735588009223,0,0,0.022580349722241735,0
2025-06-28 23:00:00+00:00,0.735,0.735,0.6710307,0.0639692997932434,0.08864106206915943,0,0,0,0.4992791098136227,0,0.4988470407378939,0,0,0.04759942960413659,0
2025-06-29 00:00:00+00:00,0.69,0.69,0.7057468,-0.01574682950973516,0.022283249306229002,0,0,0,0.8611034852614811,0,0.8635664873174481,0,0,0.3624967350943665,0
2025-06-29 01:00:00+00:00,0.6950000000000001,0.6950000000000001,0.7230532,-0.02805321693420404,0.041974888180853924,0,0,0,0.7430338803039005,0,0.7459646425826287,0,0,0.24796000601825824,0
2025-06-29 02:00:00+00:00,0.62,0.62,0.7154059,-0.09540588140487671,0.1467782790844257,0,0,0,0.28653048954795574,0,0.28593389700230587,0,0,0.8425838844203741,0
2025-06-29 03:00:00+00:00,0.635,0.635,0.6978468,-0.06284677028656005,0.09845447042280948,0,0,0,0.4561481804286578,0,0.4504227517294389,0,0,0.7678282747908821,0
2025-06-29 04:00:00+00:00,0.66,0.66,0.66720957,-0.0072095656394958185,0.011566148084752651,0,0,0,0.927525429657525,0,0.9335126825518831,0,0,0.49042643024230564,0
2025-06-29 05:00:00+00:00,0.575,0.575,0.6487676,-0.07376759052276616,0.12294598420461027,0,0,0,0.36154980915152696,0,0.35280553420445815,0,0,0.7728106774749525,0
2025-06-29 06:00:00+00:00,0.565,0.565,0.65074617,-0.08574616670608526,0.15311815483229513,0,0,0,0.2691769136935486,0,0.27171406610299764,0,0,0.5946169447118689,0
2025-06-29 07:00:00+00:00,0.54,0.54,0.6446742,-0.10467418193817135,0.16659020998117458,0,0,0,0.23561561873800338,0,0.2371252882398155,0,0,0.14201974982037555,0
2025-06-29 08:00:00+00:00,0.7799999999999999,0.7799999999999999,0.62737864,0.1526213574409484,0.22836113332810234,0,0,0,0.12850373737629223,0,0.11299000768639511,0,0,0.003060113135282137,1
2025-06-29 09:00:00+00:00,0.685,0.685,0.5996922,0.08530777454376226,0.12828236773498086,0,0,0,0.3433478525803278,0,0.3332052267486548,0,0,0.45213155437457053,0
2025-06-29 10:00:00+00:00,0.53,0.53,0.6280266,-0.09802660465240476,0.15726193259744078,0,0,0,0.2583856832877124,0,0.26018447348193696,0,0,0.017168995464511724,0
2025-06-29 11:00:00+00:00,0.655,0.655,0.6583769,-0.003376872539520237,0.005612530536598732,0,0,0,0.9647789025049242,0,0.9696387394312067,0,0,0.6914102607262177,0
2025-06-29 12:00:00+00:00,0.62,0.62,0.6300476,-0.01004761934280396,0.016162390363759722,0,0,0,0.8989123803590785,0,0.9058416602613374,0,0,0.5376931309972708,0
2025-06-29 13:00:00+00:00,0.59,0.59,0.605586,-0.015585992336273224,0.02649177167638508,0,0,0,0.8353584459190841,0,0.8328209069946195,0,0,0.4083452018363881,0
2025-06-29 14:00:00+00:00,0.555,0.555,0.58893514,-0.033935136795043896,0.05834120938976028,0,0,0,0.6508447244550605,0,0.6544965411222137,0,0,0.11546561699448482,0
2025-06-29 15:00:00+00:00,0.6,0.6,0.5773179,0.022682106494903542,0.0381211873863925,0,0,0,0.7656083493137295,0,0.7686395080707148,0,0,0.6947076680218313,0
2025-06-29 16:00:00+00:00,0.63,0.63,0.5618174,0.06818259239196778,0.10997192321285125,0,0,0,0.4093622409395058,0,0.40199846272098383,0,0,0.6162640650833467,0
2025-06-29 17:00:00+00:00,0.63,0.63,0.56369406,0.0663059401512146,0.10840208199108654,0,0,0,0.41549652349274363,0,0.4069946195234435,0,0,0.744810527865389,0
2025-06-29 18:00:00+00:00,0.575,0.575,0.5853528,-0.010352778434753462,0.018597805571413405,0,0,0,0.8838227919104102,0,0.8889315910837817,0,0,0.37515946894035374,0
2025-06-29 19:00:00+00:00,0.46499999999999997,0.46499999999999997,0.6192578,-0.15425780773162845,0.3085156154632569,0,0,0,0.06115838286850802,0,0.041370147522261244,0,0,0.004235500560131128,1
2025-06-29 20:00:00+00:00,0.4600000000000001,0.4600000000000001,0.6326414,-0.17264137506484978,0.34994873323956033,0,0,0,0.042837057099416515,0,0.024129253074286348,0,0,0.0036926226103784817,1
2025-06-29 21:00:00+00:00,0.5549999999999999,0.5549999999999999,0.6001494,-0.0451493930816651,0.08654835734504492,0,0,0,0.5088646576118138,0,0.509607993850884,0,0,0.313367671997882,0
2025-06-29 22:00:00+00:00,0.55,0.55,0.54869837,0.0013016343116760698,0.002366607839411036,0,0,0,0.9851428807277467,0,0.9846272098385858,0,0,0.513477265150604,0
2025-06-29 23:00:00+00:00,0.545,0.545,0.52292687,0.02207313299179081,0.04062539814440027,0,0,0,0.7509051121134881,0,0.7536510376633359,0,0,0.42433341060786095,0
2025-06-30 00:00:00+00:00,0.5349999999999999,0.5349999999999999,0.52251756,0.012482438087463299,0.022695341977205997,0,0,0,0.8585726685427444,0,0.86010760953113,0,0,0.3918967460087972,0
2025-06-30 01:00:00+00:00,0.5700000000000001,0.5700000000000001,0.53106,0.03894001960754401,0.0689203886859186,0,0,0,0.5948944034663183,0,0.5964642582628747,0,0,0.3213095908305997,0
2025-06-30 02:00:00+00:00,0.59,0.59,0.5341704,0.05582961082458493,0.0922803484703883,0,0,0,0.4829334957452703,0,0.47924673328209066,0,0,0.8279826696408475,0
2025-06-30 03:00:00+00:00,0.655,0.655,0.5348995,0.12010052680969241,0.19164977682397724,0,0,0,0.1839110521453091,0,0.17909300538047657,0,0,0.1085949370318971,0
2025-06-30 04:00:00+00:00,0.635,0.635,0.5370816,0.09791840076446534,0.15460800120705054,0,0,0,0.26524777113770226,0,0.2674865488086088,0,0,0.25718332185504156,0
2025-06-30 05:00:00+00:00,0.61,0.61,0.5529258,0.05707417488098143,0.13752813224332874,0,0,1,0.31375869213411073,0,0.3074558032282859,0,0,0.15028787999846793,0
2025-06-30 06:00:00+00:00,0.575,0.0,0.5658042,-0.5658041834831238,1.5572592205957538,1,0,1,0.00019986149175225498,1,0.0,1,0,2.9764328614914426e-07,1
2025-06-30 07:00:00+00:00,0.48,0.48,0.57013136,-0.0901313614845276,0.27312533783190185,0,0,1,0.08419411328987052,0,0.06449532925701523,0,0,0.35686770641444177,0
2025-06-30 08:00:00+00:00,0.51,0.51,0.5626778,-0.05267780065536498,0.09846317879507473,0,0,0,0.45611124238269884,0,0.4500384319754035,0,0,0.6751440256658661,0
2025-06-30 09:00:00+00:00,0.615,0.615,0.53609544,0.07890455961227416,0.13565253801537105,0,0,0,0.3195654442867431,0,0.3124519600307456,0,0,0.041156732248663105,0
2025-06-30 10:00:00+00:00,0.62,0.62,0.51050824,0.1094917607307434,0.1804809242814452,0,0,0,0.2053571169093053,0,0.20330514988470405,0,0,0.08491438916827648,0
2025-06-30 11:00:00+00:00,0.585,0.585,0.5270175,0.05798252582550045,0.09717741758463763,0,0,0,0.4615906923774378,0,0.4550345887778632,0,0,0.2313482476317538,0
2025-06-30 12:00:00+00:00,0.585,0.585,0.5705644,0.014435610771179164,0.025625344564223367,0,0,0,0.8406396740939437,0,0.8385857033051499,0,0,0.5599305776736148,0
2025-06-30 13:00:00+00:00,0.52,0.52,0.6046941,-0.084694128036499,0.15635839022122894,0,0,0,0.2607023454523082,0,0.2636433512682552,0,0,0.5344833577244492,0
2025-06-30 14:00:00+00:00,0.52,0.52,0.6210109,-0.10101089954376219,0.1917928472349915,0,0,0,0.183651826311773,0,0.17755572636433514,0,0,0.3798500024630505,0
2025-06-30 15:00:00+00:00,0.54,0.54,0.60142386,-0.061423859596252406,0.11625967116009919,0,0,0,0.38555216052900804,0,0.37893927747886247,0,0,0.22277089589810953,0
2025-06-30 16:00:00+00:00,0.525,0.525,0.56618124,-0.04118124246597288,0.07673523440864512,0,0,0,0.5556064453613836,0,0.5572636433512683,0,0,0.7315119406913677,0
2025-06-30 17:00:00+00:00,0.545,0.545,0.53985566,0.005144340991973917,0.009497244908259539,0,0,0,0.9404515926366128,0,0.9465795541890853,0,0,0.5538130673584141,0
2025-06-30 18:00:00+00:00,0.5549999999999999,0.5549999999999999,0.5251946,0.029805414676666198,0.05806249612337571,0,0,0,0.6523597103612406,0,0.6571867794004611,0,0,0.46804481775367884,0
2025-06-30 19:00:00+00:00,0.44000000000000006,0.44000000000000006,0.52651453,-0.08651453018188471,0.18472853419619512,0,0,0,0.19691363015932767,0,0.19139123750960796,0,0,0.2087122157952059,0
2025-06-30 20:00:00+00:00,0.41000000000000003,0.41000000000000003,0.53880864,-0.12880864381790158,0.4546187428867114,0,0,1,0.019010915803975525,0,0.005567536174380768,1,0,0.052996192285794226,0
2025-06-30 21:00:00+00:00,0.375,0.0,0.5296725,-0.5296725034713745,1.9144789282097874,1,1,1,8.863990213651046e-05,1,0.0,1,0,5.048892606339049e-07,1
2025-06-30 22:00:00+00:00,0.42000000000000004,0.42000000000000004,0.4982249,-0.07822491407394405,0.2777215884282037,0,0,1,0.08070759046247646,0,0.06093111609468894,0,0,0.12160474353684053,0
2025-06-30 23:00:00+00:00,0.42500000000000004,0.42500000000000004,0.4533053,-0.028305304050445512,0.06457483813789851,0,0,0,0.617503176935469,0,0.6199077632590315,0,0,0.12506204908797997,0
2025-07-01 00:00:00+00:00,0.47,0.47,0.42454687,0.045453132390975926,0.10252586253603592,0,0,0,0.4391371809420693,0,0.42851652574942356,0,0,0.28679255632511486,0
2025-07-01 01:00:00+00:00,0.43500000000000005,0.43500000000000005,0.41560134,0.019398657083511406,0.04359248782811552,0,0,0,0.733648719063176,0,0.7344350499615679,0,0,0.269226223000069,0
2025-07-01 02:00:00+00:00,0.43000000000000005,0.43000000000000005,0.42928582,0.0007141757011414063,0.0016544610837252653,0,0,0,0.98961317005128,0,0.9900076863950807,0,0,0.19286948052020145,0
2025-07-01 03:00:00+00:00,0.43000000000000005,0.43000000000000005,0.44112548,-0.011125482320785474,0.02597388868665869,0,0,0,0.8385139151831291,0,0.8351268255188317,0,0,0.21556328738839522,0
2025-07-01 04:00:00+00:00,0.42500000000000004,0.42500000000000004,0.44213995,-0.017139953374862626,0.0383730299437223,0,0,0,0.7641241269853251,0,0.7671022290545734,0,0,0.1978953628203364,0
2025-07-01 05:00:00+00:00,0.485,0.485,0.4335597,0.05144031405448912,0.11264302347698346,0,0,0,0.3990993916836118,0,0.3931591083781706,0,0,0.2522232075997369,0
2025-07-01 06:00:00+00:00,0.45999999999999996,0.45999999999999996,0.42417604,0.03582396268844601,0.07622119720945959,0,0,0,0.5581353067763137,0,0.5599538816295158,0,0,0.12289515392428876,0
2025-07-01 07:00:00+00:00,0.46499999999999997,0.46499999999999997,0.42954865,0.03545134902000424,0.07734839786182744,0,0,0,0.5526002657773311,0,0.5538047655649501,0,0,0.6642337265207833,0
2025-07-01 08:00:00+00:00,0.44999999999999996,0.44999999999999996,0.44025245,0.00974754691123958,0.022153515707362684,0,0,0,0.8619006477869926,0,0.8643351268255188,0,0,0.7644674407279316,0
2025-07-01 09:00:00+00:00,0.405,0.405,0.4525187,-0.0475187015533447,0.10482066519120155,0,0,0,0.4297771064487621,0,0.4200614911606456,0,0,0.40084126946561155,0
2025-07-01 10:00:00+00:00,0.505,0.505,0.45735574,0.04764426231384278,0.1020948478153774,0,0,0,0.44091353016182094,0,0.431206764027671,0,0,0.5910309371384217,0
2025-07-01 11:00:00+00:00,0.49,0.49,0.4438522,0.04614781379699706,0.09322790666060013,0,0,0,0.47874531693084865,0,0.4754035357417371,0,0,0.36001849770541067,0
2025-07-01 12:00:00+00:00,0.49,0.49,0.44496015,0.04503985285758971,0.09007970571517943,0,0,0,0.4927682749847589,0,0.49192928516525747,0,0,0.49346973911966713,0
2025-07-01 13:00:00+00:00,0.52,0.52,0.45534933,0.06465067386627199,0.12594287116806233,0,0,0,0.35122466159786425,0,0.34127594158339736,0,0,0.24646582703943506,0
2025-07-01 14:00:00+00:00,0.53,0.53,0.46822035,0.06177964687347415,0.11996047936596922,0,0,0,0.372101059877951,0,0.36395080707148353,0,0,0.13763591682011334,0
2025-07-01 15:00:00+00:00,0.495,0.495,0.4863996,0.008600409030914302,0.016278376714664294,0,0,0,0.8981925042079308,0,0.9039200614911607,0,0,0.2530532436894681,0
2025-07-01 16:00:00+00:00,0.56,0.56,0.50448143,0.055518565177917534,0.10124966293845143,0,0,0,0.4444136439143609,0,0.4362029208301307,0,0,0.02801128313456264,0
2025-07-01 17:00:00+00:00,0.59,0.59,0.51310813,0.07689186573028561,0.13450472139408562,0,0,0,0.32316764809358495,0,0.31514219830899304,0,0,0.004256089160918267,1
2025-07-01 18:00:00+00:00,0.565,0.565,0.5274508,0.037549200057983345,0.06437005724225717,0,0,0,0.61858166564579,0,0.6214450422751729,0,0,0.021133451462796778,0
2025-07-01 19:00:00+00:00,0.595,0.595,0.5481042,0.04689577341079709,0.08155786680138626,0,0,0,0.5322684458551566,0,0.5299769408147579,0,0,0.0053055850443897955,1
2025-07-01 20:00:00+00:00,0.565,0.565,0.55744666,0.007553341388702339,0.013987669238337667,0,0,0,0.9124308057377737,0,0.9189085318985396,0,0,0.05541885921439661,0
2025-07-01 21:00:00+00:00,0.45999999999999996,0.45999999999999996,0.56650716,-0.10650716066360477,0.21160363045749295,0,0,0,0.1512004223010365,0,0.1368178324365873,0,0,0.7011837121278183,0
2025-07-01 22:00:00+00:00,0.485,0.485,0.5667376,-0.08173759222030641,0.16911225976615119,0,0,0,0.22980746792744083,0,0.2313604919292852,0,0,0.754808158881507,0
2025-07-01 23:00:00+00:00,0.505,0.505,0.53751194,-0.032511944770812984,0.06680536596742394,0,0,0,0.6058317566169326,0,0.6095311299000769,0,0,0.7042970991973547,0
2025-07-02 00:00:00+00:00,0.47,0.47,0.50789493,-0.03789493322372439,0.07786630114463916,0,0,0,0.5500699101494199,0,0.5507302075326672,0,0,0.5082384162134445,0
2025-07-02 01:00:00+00:00,0.485,0.485,0.4920997,-0.007099702358245863,0.01515950681475985,0,0,0,0.9051416571908745,0,0.9112221368178325,0,0,0.8413949959406241,0
2025-07-02 02:00:00+00:00,0.45000000000000007,0.45000000000000007,0.4834597,-0.033459711074829035,0.07435491349962008,0,0,0,0.5673828688377452,0,0.5699461952344351,0,0,0.6707549456347606,0
2025-07-02 03:00:00+00:00,0.41500000000000004,0.41500000000000004,0.48634526,-0.07134526133537289,0.16464291077393742,0,0,0,0.24019962308889659,0,0.24250576479631059,0,0,0.14912992212449983,0
2025-07-02 04:00:00+00:00,0.43500000000000005,0.43500000000000005,0.4872321,-0.05223208904266352,0.11781674220149665,0,0,0,0.37984232347322383,0,0.37125288239815524,0,0,0.3739714174884688,0
2025-07-02 05:00:00+00:00,0.48,0.48,0.47470492,0.005295078754425031,0.011031414071718815,0,0,0,0.9308639624736593,0,0.9373558800922367,0,0,0.9178228890062876,0
2025-07-02 06:00:00+00:00,0.525,0.525,0.45919085,0.06580915451049807,0.1311810388913583,0,0,0,0.33380886307377655,0,0.32321291314373557,0,0,0.7075712475735105,0
2025-07-02 07:00:00+00:00,0.5,0.5,0.45176956,0.04823043942451477,0.09614041081298627,0,0,0,0.46604770444060434,0,0.46041506533435816,0,0,0.8300199526154328,0
2025-07-02 08:00:00+00:00,0.48,0.48,0.45939144,0.020608555078506452,0.063087413505632,0,0,1,0.6253631177032523,0,0.6256725595695618,0,0,0.7625434711447879,0
2025-07-02 09:00:00+00:00,0.405,0.0,0.46839234,-0.46839234232902527,1.6339267755663671,1,0,1,0.00016548967159482595,1,0.0,1,0,8.620518449798449e-07,1
2025-07-02 10:00:00+00:00,0.38,0.38,0.46896994,-0.08896994113922119,0.3215781005032091,0,0,0,0.05454688766089983,0,0.03498441505643393,0,0,0.1207332846858408,0
2025-07-02 11:00:00+00:00,0.45000000000000007,0.45000000000000007,0.44937533,0.0006246685981751154,0.001499204635620277,0,0,0,0.9905878143247552,0,0.990392006149116,0,0,0.7163607590630834,0
2025-07-02 12:00:00+00:00,0.42000000000000004,0.42000000000000004,0.41716507,0.0028349292278290195,0.006644365377724264,0,0,0,0.9583113765205353,0,0.9619523443504996,0,0,0.4387000020870032,0
2025-07-02 13:00:00+00:00,0.4099999999999999,0.4099999999999999,0.40671936,0.0032806432247161066,0.007749550924526236,0,0,0,0.9513884083583501,0,0.95695618754804,0,0,0.22441363295594668,0
2025-07-02 14:00:00+00:00,0.44000000000000006,0.44000000000000006,0.41157773,0.028422268629074154,0.06713921723403343,0,0,0,0.6040968788522129,0,0.6068408916218293,0,0,0.5316795192136036,0
2025-07-02 15:00:00+00:00,0.42000000000000004,0.42000000000000004,0.41963038,0.0003696215152740878,0.0008663004264236431,0,0,0,0.9945611436347419,0,0.9950038431975403,0,0,0.22036301420993915,0
2025-07-02 16:00:00+00:00,0.42000000000000004,0.42000000000000004,0.43491638,-0.014916377067565878,0.03579930496215811,0,0,0,0.7793487537935311,0,0.7843966179861646,0,0,0.49703333022377766,0
2025-07-02 17:00:00+00:00,0.4099999999999999,0.4099999999999999,0.44749787,-0.03749787449836739,0.08892776560877641,0,0,0,0.49797645191381684,0,0.49692544196771715,0,0,0.3410506252054927,0
2025-07-02 18:00:00+00:00,0.43500000000000005,0.43500000000000005,0.45027128,-0.015271278619766182,0.034839418904409544,0,0,0,0.7850581498562401,0,0.788239815526518,0,0,0.28187366955885457,0
2025-07-02 19:00:00+00:00,0.47,0.47,0.4433577,0.026642293930053684,0.05834078962785478,0,0,0,0.6508470046023982,0,0.6548808608762491,0,0,0.5893705789716407,0
2025-07-02 20:00:00+00:00,0.46499999999999997,0.46499999999999997,0.4374626,0.027537401914596527,0.05717107663930075,0,0,0,0.6572187425180896,0,0.6617986164488855,0,0,0.770446899950973,0
2025-07-02 21:00:00+00:00,0.51,0.51,0.43974236,0.07025764346122743,0.15218262121565507,0,0,0,0.2716727904052865,0,0.27286702536510377,0,0,0.20242613427950715,0
2025-07-02 22:00:00+00:00,0.41000000000000003,0.41000000000000003,0.44283122,-0.03283121824264523,0.07377801852279828,0,0,0,0.5702623183720475,0,0.5757109915449654,0,0,0.7719077436649152,0
2025-07-02 23:00:00+00:00,0.41500000000000004,0.41500000000000004,0.45146728,-0.0364672756195068,0.08967362857255769,0,0,0,0.49459953217145647,0,0.4942352036894696,0,0,0.658441777181147,0
2025-07-03 00:00:00+00:00,0.395,0.395,0.4409053,-0.04590530276298521,0.11288189204012755,0,0,0,0.39819230006267425,0,0.3920061491160646,0,0,0.5142587383051601,0
2025-07-03 01:00:00+00:00,0.41000000000000003,0.41000000000000003,0.42155138,-0.011551376581191986,0.027612852385319485,0,0,0,0.8285405963273125,0,0.8270561106840891,0,0,0.6195001600977339,0
2025-07-03 02:00:00+00:00,0.45000000000000007,0.45000000000000007,0.4024003,0.04759968519210822,0.1038538586009634,0,0,0,0.4337005224169161,0,0.4250576479631053,0,0,0.6689305587445465,0
2025-07-03 03:00:00+00:00,0.515,0.515,0.3953915,0.11960850596427919,0.2242659486830235,0,0,0,0.13368962640703946,0,0.11798616448885468,0,0,0.17455945829954933,0
2025-07-03 04:00:00+00:00,0.635,0.635,0.41027614,0.2247238552570343,0.33374829988668464,0,0,0,0.04911912898280868,0,0.02986838449733011,0,0,0.0008350430693487849,1
2025-07-03 05:00:00+00:00,0.87,0.87,0.4471804,0.4228196096420288,0.5600259730357998,0,0,0,0.009391453042745121,1,0.0010608249442907057,1,0,2.1923634841140793e-06,1
2025-07-03 06:00:00+00:00,0.7599999999999999,0.7599999999999999,0.50641626,0.2535837388038634,0.31764142647665566,0,0,0,0.05644869472513927,0,0.03680558452936207,0,0,3.27046712901819e-05,1
2025-07-03 07:00:00+00:00,0.7649999999999999,0.7649999999999999,0.616191,0.14880897045135488,0.2001914400690873,0,0,0,0.16908165637222847,0,0.16141429669485008,0,0,2.1220519852123906e-05,1
2025-07-03 08:00:00+00:00,0.705,0.705,0.69178885,0.013211147785186728,0.018180478603467977,0,0,0,0.8864044985411501,0,0.8908531898539584,0,0,0.00021001276683489244,1
2025-07-03 09:00:00+00:00,0.71,0.71,0.7183739,-0.00837389469146732,0.012106835698506967,0,0,0,0.9241515608999118,0,0.9292851652574943,0,0,0.0003947054559500979,1
2025-07-03 10:00:00+00:00,0.66,0.66,0.6995865,-0.03958651065826413,0.05864668245668758,0,0,0,0.6491866195238287,0,0.6525749423520368,0,0,0.004320659013866522,1
2025-07-03 11:00:00+00:00,0.655,0.655,0.6765961,-0.02159610509872434,0.032232992684663196,0,0,0,0.8006427567334826,0,0.8043812451960031,0,0,0.012894369797795877,0
2025-07-03 12:00:00+00:00,0.6950000000000001,0.6950000000000001,0.6598833,0.035116679668426576,0.04946011220905152,0,0,0,0.7000862267601533,0,0.7036894696387395,0,0,0.0034225350396954297,1
2025-07-03 13:00:00+00:00,0.7799999999999999,0.7799999999999999,0.6596069,0.12039312601089469,0.16269341352823605,0,0,0,0.24487707043567444,0,0.24827056110684087,0,0,0.0002801918120334977,1
2025-07-03 14:00:00+00:00,0.745,0.745,0.6890931,0.055906887054443355,0.07837414073052808,0,0,0,0.5475965568217479,0,0.5488086087624904,0,0,0.0021787417479190514,1
2025-07-03 15:00:00+00:00,0.615,0.615,0.76038224,-0.14538223505020142,0.21644997774223543,0,0,0,0.14422423918830768,0,0.12951575710991547,0,0,0.6147299971589701,0
2025-07-03 16:00:00+00:00,0.655,0.655,0.81453836,-0.15953835964202878,0.24419136679902365,0,0,0,0.11042152922730464,0,0.09174973865307962,0,0,0.33621880645559604,0
2025-07-03 17:00:00+00:00,0.69,0.69,0.79938066,-0.10938066005706792,0.16325471650308648,0,0,0,0.24352120056603646,0,0.24750192159877016,0,0,0.14459895001701065,0
2025-07-03 18:00:00+00:00,0.665,0.665,0.7566659,-0.09166588544845578,0.1300225325510011,0,0,0,0.3375921949979862,0,0.32705611068408913,0,0,0.38206155281317916,0
2025-07-03 19:00:00+00:00,0.7599999999999999,0.7599999999999999,0.7177154,0.04228461742401113,0.0579241334575495,0,0,0,0.6531125545272601,0,0.6579554189085319,0,0,0.0057186288653305155,1
2025-07-03 20:00:00+00:00,0.7649999999999999,0.7649999999999999,0.67941827,0.08558173418045034,0.11461839399167457,0,0,0,0.39165054982527003,0,0.38393543428132204,0,0,0.013805210402658597,0
2025-07-03 21:00:00+00:00,0.715,0.715,0.67145437,0.0435456299781799,0.059925178869054914,0,0,0,0.6422736506726571,0,0.6460415065334358,0,0,0.15288553299345264,0
2025-07-03 22:00:00+00:00,0.7,0.7,0.67815787,0.021842133998870805,0.030196498615950425,0,0,0,0.8128986373965124,0,0.8155265180630284,0,0,0.49419672294486244,0
2025-07-03 23:00:00+00:00,0.7549999999999999,0.7549999999999999,0.67264175,0.08235824584960927,0.11465185037068577,0,0,0,0.3915254182297603,0,0.38355111452728674,0,0,0.09819264763816472,0
2025-07-04 00:00:00+00:00,0.7,0.7,0.66075426,0.03924573659896846,0.05267884107244089,0,0,0,0.6820141032551422,0,0.6867794004611837,0,0,0.5739642041638418,0
2025-07-04 01:00:00+00:00,0.7799999999999999,0.7799999999999999,0.6641847,0.11581531047821036,0.15339776222279522,0,0,0,0.26843525525800105,0,0.2697924673328209,0,0,0.11935914649837165,0
2025-07-04 02:00:00+00:00,0.7849999999999999,0.7849999999999999,0.6694983,0.11550167560577385,0.1477633376619708,0,0,0,0.2837658388762759,0,0.281706379707917,0,0,0.0971018456556968,0
2025-07-04 03:00:00+00:00,0.7799999999999999,0.7799999999999999,0.69669795,0.08330204963684074,0.1081844800478451,0,0,0,0.41635283690408137,0,0.4081475787855495,0,0,0.17967466917248776,0
2025-07-04 04:00:00+00:00,0.745,0.745,0.7329386,0.012061412334442134,0.016560291534703158,0,0,0,0.8964432788463828,0,0.9016141429669485,0,0,0.41388739726634227,0
2025-07-04 05:00:00+00:00,0.66,0.66,0.7613022,-0.10130217313766476,0.14471739019666394,0,0,0,0.292397335914825,0,0.2920830130668717,0,0,0.47257006162714815,0
2025-07-04 06:00:00+00:00,0.695,0.695,0.7670697,-0.07206969738006597,0.1052112370511912,0,0,0,0.42820037319098664,0,0.4189085318985396,0,0,0.4509513692060606,0
2025-07-04 07:00:00+00:00,0.7,0.7,0.73237777,-0.032377767562866255,0.044658989741884494,0,0,0,0.7274914708038095,0,0.7271329746348962,0,0,0.735681212497619,0
2025-07-04 08:00:00+00:00,0.7799999999999999,0.7799999999999999,0.7033032,0.0766967821121215,0.09939107833104298,0,0,0,0.45218898593864393,0,0.4442736356648732,0,0,0.05748128724250304,0
2025-07-04 09:00:00+00:00,0.835,0.835,0.6869087,0.14809127807617184,0.18666967824727543,0,0,0,0.19317412533031947,0,0.18870099923136052,0,0,0.011710909835324714,0
2025-07-04 10:00:00+00:00,0.7649999999999999,0.7649999999999999,0.7055044,0.05949558258056631,0.07660375439557893,0,0,0,0.5562525235133486,0,0.5584166026133743,0,0,0.2636683276814129,0
2025-07-04 11:00:00+00:00,0.73,0.73,0.748095,-0.018094975948333758,0.024844360569794638,0,0,0,0.8454088101639854,0,0.8443504996156802,0,0,0.7251726417914366,0
2025-07-04 12:00:00+00:00,0.69,0.69,0.76985824,-0.07985824108123785,0.11274104623233577,0,0,0,0.398726943333122,0,0.3927747886241353,0,0,0.8264746497304959,0
2025-07-04 13:00:00+00:00,0.7050000000000001,0.7050000000000001,0.76173866,-0.05673865795135491,0.07917022039723941,0,0,0,0.5437350240574211,0,0.5438124519600307,0,0,0.7934280347843776,0
2025-07-04 14:00:00+00:00,0.7549999999999999,0.7549999999999999,0.72951627,0.025483732223510636,0.03331206826602697,0,0,0,0.7941764720862275,0,0.796694850115296,0,0,0.26404831109669424,0
2025-07-04 15:00:00+00:00,0.835,0.835,0.70021504,0.1347849583625793,0.16674427838669606,0,0,0,0.2352566598723506,0,0.2367409684857802,0,0,0.021517360836841536,0
2025-07-04 16:00:00+00:00,0.835,0.835,0.70327985,0.1317201471328735,0.16063432577179695,0,0,0,0.2499148126398479,0,0.25288239815526514,0,0,0.02768025668318174,0
2025-07-04 17:00:00+00:00,0.7899999999999999,0.7899999999999999,0.7508046,0.039195396900176926,0.048489150804342594,0,0,0,0.7055861355244993,0,0.7086856264411991,0,0,0.3250804412398784,0
2025-07-04 18:00:00+00:00,0.7999999999999999,0.7999999999999999,0.8039604,-0.003960382938385076,0.0048994428103732906,0,0,0,0.9692504788224744,0,0.9750192159877018,0,0,0.21312517580243753,0
2025-07-04 19:00:00+00:00,0.835,0.835,0.823467,0.011532983779907191,0.013811956622643343,0,0,0,0.9135247067034048,0,0.9208301306687163,0,0,0.038786372994759774,0
2025-07-04 20:00:00+00:00,0.87,0.87,0.8176793,0.0523207139968872,0.06253471792456639,0,0,0,0.6282991963007611,0,0.6314373558800923,0,0,0.007026671798944562,1
2025-07-04 21:00:00+00:00,0.8049999999999998,0.8049999999999998,0.8019743,0.003025703430175608,0.0037201271682486994,0,0,0,0.9766485488826495,0,0.9792467332820907,0,0,0.19177927835080988,0
2025-07-04 22:00:00+00:00,0.7649999999999999,0.7649999999999999,0.79789025,-0.032890245914459326,0.043467285349505724,0,0,0,0.7343731556640807,0,0.7352036894696388,0,0,0.5202468665066643,0
2025-07-04 23:00:00+00:00,0.7,0.7,0.7864517,-0.08645169734954838,0.12409334547782065,0,0,0,0.35756545798662936,0,0.34819369715603377,0,0,0.8231848872938661,0
2025-07-05 00:00:00+00:00,0.625,0.625,0.76503146,-0.14003145694732666,0.22286173519468436,0,0,0,0.13551952601748776,0,0.11913912375096081,0,0,0.1134949060818242,0
2025-07-05 01:00:00+00:00,0.56,0.56,0.73240435,-0.17240435123443598,0.3051404446627185,0,0,0,0.06301337287793358,0,0.043187157128680626,0,0,0.005984953901472651,1
2025-07-05 02:00:00+00:00,0.51,0.51,0.6941435,-0.18414347410202025,0.3474405171736231,0,0,0,0.04374557324467456,0,0.024945220389986776,0,0,0.0013808862319312977,1
2025-07-05 03:00:00+00:00,0.52,0.52,0.64869666,-0.12869666099548338,0.23119160657871268,0,0,0,0.12504694954042128,0,0.10837817063797084,0,0,0.0027677636887279418,1
2025-07-05 04:00:00+00:00,0.64,0.64,0.6065679,0.033432080745697035,0.05618837100117148,0,0,0,0.6625991832680141,0,0.6679477325134512,0,0,0.5983148050029521,0
2025-07-05 05:00:00+00:00,0.625,0.625,0.5822487,0.042751312255859375,0.06750207198293584,0,0,0,0.6022148600008328,0,0.6041506533435819,0,0,0.15715655694227168,0
2025-07-05 06:00:00+00:00,0.635,0.635,0.595023,0.03997702360153199,0.05966719940527163,0,0,0,0.6436650873315681,0,0.647194465795542,0,0,0.2149300470643744,0
2025-07-05 07:00:00+00:00,0.7499999999999999,0.7499999999999999,0.62008893,0.12991106510162342,0.16726746579608165,0,0,0,0.23404175011462508,0,0.23481936971560335,0,0,0.3045413788047791,0
2025-07-05 08:00:00+00:00,0.9450000000000002,0.9450000000000002,0.63129944,0.31370056390762346,0.3415977102442361,0,0,0,0.04595040864595302,0,0.026946072125007745,0,0,0.00015261608649811998,1
2025-07-05 09:00:00+00:00,1.06,1.06,0.64499265,0.41500735044479375,0.37957989369950645,0,0,0,0.03361546740814046,0,0.016186867582837428,0,0,8.050476037725834e-06,1
2025-07-05 10:00:00+00:00,1.2749999999999997,1.2749999999999997,0.69589347,0.579106533527374,0.4753268401045476,0,0,0,0.01641469683720192,0,0.0040833961369304205,1,0,2.7926614028368125e-07,1
2025-07-05 11:00:00+00:00,1.32,1.32,0.7795701,0.5404298973083497,0.4018066150991447,0,0,0,0.028211463921319714,0,0.011902927685887549,0,0,1.9810145878678564e-07,1
2025-07-05 12:00:00+00:00,1.4400000000000002,1.4400000000000002,0.9116622,0.5283377790451051,0.38239163742709664,0,0,0,0.032868247378745545,0,0.015575453518615355,0,0,5.757885048208978e-08,1
2025-07-05 13:00:00+00:00,1.3849999999999998,1.3849999999999998,1.0370119,0.3479881381988523,0.25277588731151496,0,0,0,0.10179828930719165,0,0.08271873120234816,0,0,1.6570023635170025e-07,1
2025-07-05 14:00:00+00:00,1.3050000000000002,1.3050000000000002,1.1594324,0.1455675888061525,0.10836296933460483,0,0,0,0.4156503326526618,0,0.4073789392774788,0,0,7.662108703611485e-07,1
2025-07-05 15:00:00+00:00,1.34,1.34,1.2343044,0.10569557189941414,0.0792716789245606,0,0,0,0.5432442559719015,0,0.5434281322059954,0,1,5.791803552186069e-07,1
2025-07-05 16:00:00+00:00,1.3549999999999998,1.3549999999999998,1.2488294,0.10617063522338843,0.0783547123419841,0,0,0,0.5476910368565749,0,0.5491929285165258,0,1,6.66048926580086e-07,1
2025-07-05 17:00:00+00:00,1.37,1.37,1.281492,0.08850800514221202,0.06638100385665903,0,0,0,0.6080415198024816,0,0.6133743274404304,0,1,7.970775006423895e-07,1
2025-07-05 18:00:00+00:00,1.2749999999999997,1.2749999999999997,1.3438885,-0.06888852119445832,0.05160188853517477,0,0,0,0.6880330773929133,0,0.6936971560338201,0,1,5.821289890935087e-06,1
2025-07-05 19:00:00+00:00,1.36,1.36,1.4134114,-0.053411378860473535,0.03922500283510909,0,0,0,0.759112180058743,0,0.761337432744043,0,1,1.1433131585494533e-06,1
2025-07-05 20:00:00+00:00,1.4500000000000002,1.4500000000000002,1.4138165,0.03618354797363299,0.024954171016298612,0,0,0,0.8447377543693583,0,0.8431975403535742,0,0,4.073433759734818e-07,1
2025-07-05 21:00:00+00:00,1.5399999999999998,1.5399999999999998,1.4036843,0.13631574153900128,0.09067565956031128,0,0,0,0.490090034239128,0,0.4888547271329746,0,0,1.320115403879097e-07,1
2025-07-05 22:00:00+00:00,1.5199999999999998,1.5199999999999998,1.4058402,0.11415984153747538,0.07396965974350458,0,0,0,0.5693046912526825,0,0.574173712528824,0,0,2.5704566721417386e-07,1
2025-07-05 23:00:00+00:00,1.5699999999999998,1.5699999999999998,1.4162687,0.15373129367828353,0.09971759589942715,0,0,0,0.45081519039204004,0,0.4435049961568025,0,0,1.7734809569114856e-07,1
2025-07-06 00:00:00+00:00,1.535,1.535,1.3958259,0.13917413711547844,0.09257703134067302,0,0,0,0.4816191533852122,0,0.47886241352805536,0,0,3.8366398419338316e-07,1
2025-07-06 01:00:00+00:00,1.4049999999999998,1.4049999999999998,1.3749349,0.03006508827209453,0.021000061656876276,0,0,0,0.8689967974446462,0,0.8704842428900845,0,0,8.673975314028946e-06,1
2025-07-06 02:00:00+00:00,1.3549999999999998,1.3549999999999998,1.3417118,0.013288240432739018,0.010054154173573028,0,0,0,0.9369697303855451,0,0.9435049961568025,0,0,7.65258490339257e-05,1
2025-07-06 03:00:00+00:00,1.205,1.205,1.2749671,-0.069967074394226,0.05176355688845327,0,0,1,0.6871277303108001,0,0.6929285165257495,0,0,0.10472026751176426,0
2025-07-06 04:00:00+00:00,1.4949999999999999,1.4949999999999999,1.2179594,0.27704059600830067,0.1921668874046016,0,0,0,0.18297589954492433,0,0.17678708685626443,0,0,1.7102821341407786e-05,1
2025-07-06 05:00:00+00:00,1.625,1.625,1.1557198,0.4692802429199219,0.30538844441643503,0,0,0,0.06287489912691695,0,0.04305117325366345,0,0,2.5395929568922286e-06,1
2025-07-06 06:00:00+00:00,1.4900000000000002,1.4900000000000002,1.2271298,0.26287018299102805,0.17237389048592003,0,0,0,0.2225074022339815,0,0.21983089930822441,0,0,9.894797025958277e-05,1
2025-07-06 07:00:00+00:00,1.4600000000000002,1.4600000000000002,1.3790776,0.08092244625091571,0.05504928316388824,0,0,0,0.6688667468452146,0,0.6721752498078402,0,0,0.000392720697246783,1
2025-07-06 08:00:00+00:00,1.4600000000000002,1.4600000000000002,1.4370321,0.022967896461487003,0.01580359848267454,0,0,0,0.9011399848425525,0,0.9073789392774789,0,0,0.0006927524931675909,1
2025-07-06 09:00:00+00:00,1.4400000000000002,1.4400000000000002,1.4046992,0.03530079364776628,0.023798287852426707,0,0,0,0.851809262528019,0,0.8512682551883166,0,0,0.002666097997100499,1
2025-07-06 10:00:00+00:00,1.5499999999999998,1.5499999999999998,1.3426927,0.2073072671890257,0.1382048447926838,0,0,0,0.31168766100749445,0,0.3066871637202152,0,0,0.0001230408707229965,1
2025-07-06 11:00:00+00:00,1.5099999999999998,1.5099999999999998,1.2840203,0.22597969532012918,0.149655427364324,0,0,0,0.2785265820044438,0,0.27747886241352804,0,0,0.0004816075854638648,1
2025-07-06 12:00:00+00:00,1.4700000000000002,1.4700000000000002,1.2866902,0.18330976486206074,0.12924307745856223,0,0,0,0.34015943054416853,0,0.3297463489623367,0,0,0.0018744914598711373,1
2025-07-06 13:00:00+00:00,1.2749999999999997,1.2749999999999997,1.3097185,-0.03471848964691193,0.026844193025962835,0,0,0,0.8332132736733112,0,0.8308993082244427,0,0,0.02762053755383758,0
2025-07-06 14:00:00+00:00,1.135,1.135,1.3176267,-0.1826267147064209,0.1576633508256871,0,0,0,0.2573628900470079,0,0.25903151421983095,0,0,0.0005281798173202213,1
2025-07-06 15:00:00+00:00,1.065,1.065,1.2565919,-0.1915919160842896,0.17496978637834668,0,0,0,0.21686391589657023,0,0.21406610299769413,0,0,5.516386022198529e-05,1
2025-07-06 16:00:00+00:00,1.085,1.085,1.1656493,-0.08064929485321048,0.07410348684827917,0,0,0,0.5686366030533431,0,0.5714834742505766,0,0,0.00013151373786149512,1
2025-07-06 17:00:00+00:00,1.115,1.115,1.090112,0.024888029098510733,0.022421647836496153,0,0,0,0.8602533007164151,0,0.8616448885472714,0,0,0.0003012211433431871,1
2025-07-06 18:00:00+00:00,1.13,1.13,1.0683374,0.06166255950927724,0.05385376376356091,0,0,0,0.6754800547816349,0,0.676402767102229,0,0,0.0005128268178474902,1
2025-07-06 19:00:00+00:00,1.19,1.19,1.0852653,0.1047347211837768,0.08888378035398317,0,0,0,0.4981761363010089,0,0.49730976172175245,0,0,0.0033496500146507685,1
2025-07-06 20:00:00+00:00,1.2149999999999996,1.2149999999999996,1.1153533,0.09964665412902796,0.08101353994229916,0,0,0,0.5348673065397727,0,0.5330514988470407,0,0,0.040297235795510096,0
2025-07-06 21:00:00+00:00,1.2850000000000001,1.2850000000000001,1.1354551,0.14954486846923842,0.11698425173604049,0,0,0,0.38288595223460686,0,0.3750960799385088,0,0,0.3527228542517533,0
2025-07-06 22:00:00+00:00,1.3349999999999997,1.3349999999999997,1.1266018,0.2083981847763059,0.1607183944290277,0,0,0,0.24970715365869775,0,0.25211375864719443,0,0,0.12853321388443217,0
2025-07-06 23:00:00+00:00,1.27,1.27,1.1130377,0.15696229457855226,0.13134920048414417,0,0,0,0.3332629028914314,0,0.32090699461952343,0,0,0.5855449521068679,0
2025-07-07 00:00:00+00:00,0.98,0.98,1.1119293,-0.1319292974472046,0.12892113757055826,0,0,0,0.3412249090024154,0,0.3312836279784781,0,0,0.00011461594111250821,1
2025-07-07 01:00:00+00:00,0.82,0.82,1.094502,-0.2745019721984864,0.31491622049539547,0,0,0,0.057810013377900864,0,0.038117298151993086,0,0,3.923479123399523e-06,1
2025-07-07 02:00:00+00:00,0.8149999999999998,0.8149999999999998,1.0004222,-0.18542223930358903,0.21644619373959811,0,0,0,0.14422955008074576,0,0.12990007686395078,0,0,5.060530194057485e-06,1
2025-07-07 03:00:00+00:00,0.9350000000000002,0.9350000000000002,0.8874494,0.047550616264343426,0.04860369635196943,0,0,0,0.7049361625790143,0,0.707532667179093,0,0,0.00012275207172097219,1
2025-07-07 04:00:00+00:00,1.185,1.185,0.822711,0.36228900909423833,0.32299168715682464,0,0,0,0.05388209413294192,0,0.03435108887580779,0,0,0.28899740736242063,0
2025-07-07 05:00:00+00:00,1.245,1.245,0.8479249,0.3970751118659974,0.3308959265549979,0,0,0,0.05033291004502634,0,0.03100108238499583,0,0,0.028478075363664375,0
2025-07-07 06:00:00+00:00,1.17,1.17,0.9902766,0.17972342491149895,0.14474369791530117,0,0,0,0.2923217339747891,0,0.29169869331283627,0,0,0.3577998553761873,0
2025-07-07 07:00:00+00:00,1.31,1.31,1.1594703,0.15052968025207525,0.11883922125163836,0,0,0,0.37613276350621244,0,0.3670253651037664,0,0,0.001792182643132519,1
2025-07-07 08:00:00+00:00,1.32,1.32,1.2200841,0.09991592884063727,0.07715515740589751,0,0,0,0.5535464568957023,0,0.5549577248270561,0,0,0.0008990018537713991,1
2025-07-07 09:00:00+00:00,1.2549999999999997,1.2549999999999997,1.2250226,0.029977445602416664,0.0236353053369908,0,0,0,0.8528077398591476,0,0.8520368946963874,0,0,0.007882245834467966,1
2025-07-07 10:00:00+00:00,1.23,1.23,1.1875203,0.04247973442077635,0.03425785033933578,0,0,0,0.7885253186930766,0,0.7928516525749424,0,0,0.01643147992983589,0
2025-07-07 11:00:00+00:00,1.2349999999999997,1.2349999999999997,1.1205521,0.1144479370117184,0.09685297913544576,0,0,0,0.4629815006188952,0,0.4565718677940046,0,0,0.011988497230253019,0
2025-07-07 12:00:00+00:00,1.08,1.08,1.0679971,0.012002902030944895,0.010895221208119421,0,0,0,0.9317145408740033,0,0.9377401998462721,0,0,0.40556542563482467,0
2025-07-07 13:00:00+00:00,0.99,0.99,1.0608752,-0.07087517738342286,0.07195449480550545,0,0,0,0.579428467253272,0,0.5822444273635665,0,0,0.07182612038031569,0
2025-07-07 14:00:00+00:00,0.885,0.885,1.0439423,-0.15894233226776122,0.1647070800702189,0,0,0,0.24004716964374337,0,0.24212144504227517,0,0,0.0012257305698409706,1
2025-07-07 15:00:00+00:00,1.02,1.02,1.0228432,-0.0028432416915893377,0.0029211387242356205,0,0,0,0.9816624249228982,0,0.9827056110684089,0,0,0.19659142092008153,0
2025-07-07 16:00:00+00:00,1.0150000000000003,1.0150000000000003,0.99124014,0.023759856224060405,0.022414958701943776,0,0,0,0.8602943869277441,0,0.8620292083013067,0,0,0.22743912346586978,0
2025-07-07 17:00:00+00:00,1.145,1.145,1.0155147,0.1294852685928345,0.115098016526964,0,0,0,0.3898599586154189,0,0.3820138355111453,0,0,0.12715737849102357,0
2025-07-07 18:00:00+00:00,1.2149999999999996,1.2149999999999996,1.0538073,0.1611927413940426,0.13526663613486095,0,0,0,0.3207723885067083,0,0.313989239046887,0,0,0.01573569215218737,0
2025-07-07 19:00:00+00:00,1.2149999999999996,1.2149999999999996,1.1152974,0.09970256328582727,0.07850595534317109,0,0,0,0.5469558443225642,0,0.5480399692544197,0,1,0.009831546397939563,1
2025-07-07 20:00:00+00:00,1.3800000000000001,1.3800000000000001,1.1643392,0.21566081523895275,0.1691457374423159,0,0,0,0.22973133702446424,0,0.2309761721752498,0,1,5.0587647809675615e-05,1
2025-07-07 21:00:00+00:00,1.23,1.23,1.1590337,0.07096634387969969,0.05580577500369569,0,0,0,0.6647006454916091,0,0.6691006917755573,0,0,0.010427150512364416,0
2025-07-07 22:00:00+00:00,1.205,1.205,1.163893,0.04110701560974128,0.03324017434749969,0,0,0,0.7946066775082503,0,0.7974634896233667,0,0,0.03234661802236498,0
2025-07-07 23:00:00+00:00,1.2749999999999997,1.2749999999999997,1.1089579,0.16604211330413787,0.13354593563335487,0,0,0,0.32620510534742847,0,0.31667947732513446,0,1,0.0010098095094221702,1
2025-07-08 00:00:00+00:00,1.25,1.25,1.0445746,0.20542538166046143,0.1750784502788024,0,0,0,0.21663084761001167,0,0.21368178324365872,0,0,0.002924144616069911,1
2025-07-08 01:00:00+00:00,0.9949999999999998,0.9949999999999998,1.0380609,-0.04306090354919456,0.04018124747980831,0,0,0,0.7535038318826875,0,0.7567255956956187,0,0,0.031852528224787006,0
2025-07-08 02:00:00+00:00,0.97,0.97,1.0763005,-0.10630050182342532,0.11053778352522564,0,0,0,0.4071697598899429,0,0.4012298232129131,0,0,0.008160177612697632,1
2025-07-08 03:00:00+00:00,0.9199999999999998,0.9199999999999998,1.055138,-0.13513799190521258,0.14959925303160065,0,0,0,0.27868079251598993,0,0.27786318216756345,0,0,0.00148918945378012,1
2025-07-08 04:00:00+00:00,0.82,0.82,1.0268202,-0.20682018280029302,0.22603298666698693,0,0,0,0.1314247174233845,0,0.11568024596464255,0,0,7.241752676039792e-05,1
2025-07-08 05:00:00+00:00,1.005,1.005,1.0029182,0.0020817565917967684,0.0020852319784274813,0,0,0,0.9869090661360045,0,0.9873174481168332,0,0,0.10880287284615843,0
2025-07-08 06:00:00+00:00,1.17,1.17,0.9641422,0.20585779666900628,0.1782318585878842,0,0,0,0.20997633624944084,0,0.20906994619523445,0,0,0.05702152984320348,0
2025-07-08 07:00:00+00:00,1.29,1.29,0.98965305,0.3003469491004944,0.23742841826126043,0,0,0,0.11778181696669023,0,0.09949816799028546,0,0,0.0007940037178085968,1
2025-07-08 08:00:00+00:00,1.3349999999999997,1.3349999999999997,1.0823283,0.2526716804504392,0.19974045885410216,0,0,0,0.16983250378140471,0,0.1625672559569562,0,0,0.00011723423335989721,1
2025-07-08 09:00:00+00:00,1.17,1.17,1.1810005,-0.011000471115112376,0.008812126393948499,0,0,0,0.9447372342916874,0,0.9500384319754035,0,0,0.1217907509140937,0
2025-07-08 10:00:00+00:00,1.24,1.24,1.2200909,0.019909133911132804,0.01623027221016261,0,0,0,0.898491053327449,0,0.9054573405073021,0,0,0.00281770971818168,1
2025-07-08 11:00:00+00:00,1.27,1.27,1.1332654,0.1367346239089966,0.11458208707457818,0,0,0,0.3917863815008058,0,0.38470407378939275,0,0,0.0007223950017923346,1
2025-07-08 12:00:00+00:00,1.0699999999999998,1.0699999999999998,1.0480388,0.021961159706115563,0.01993448687393243,0,0,0,0.8755656142697216,0,0.8785549577248271,0,0,0.6566396274157085,0
2025-07-08 13:00:00+00:00,0.9650000000000002,0.9650000000000002,1.0201094,-0.0551094150543211,0.05642602223991921,0,0,0,0.6612957357481939,0,0.665641813989239,0,0,0.04923455475040243,0
2025-07-08 14:00:00+00:00,0.895,0.895,0.98736703,-0.09236703395843504,0.09896467924118038,0,0,0,0.45398804327051795,0,0.44619523443504994,0,0,0.0026117259052294895,1
2025-07-08 15:00:00+00:00,0.94,0.94,0.9605641,-0.02056407690048223,0.024098527617752614,0,0,0,0.8499707889396827,0,0.8493466564181399,0,0,0.014249637554707484,0
2025-07-08 16:00:00+00:00,0.725,0.725,0.94832265,-0.2233226537704468,0.27570697996351456,0,0,0,0.08221537547460561,0,0.06247029777464232,0,0,1.0732083127866839e-05,1
2025-07-08 17:00:00+00:00,0.7649999999999998,0.7649999999999998,0.968439,-0.20343898296356222,0.24860160850944465,0,0,0,0.10589477660016378,0,0.08700196472437831,0,0,4.815484377807992e-05,1
2025-07-08 18:00:00+00:00,0.9650000000000002,0.9650000000000002,0.94545275,0.019547250270843697,0.02054001779773418,0,0,0,0.8718312429480908,0,0.8739431206764028,0,0,0.03387066336806252,0
2025-07-08 19:00:00+00:00,1.125,1.125,0.9206956,0.20430439710617065,0.19964599065749575,0,0,0,0.1699902279947319,0,0.1629515757109915,0,0,0.07439613970623046,0
2025-07-08 20:00:00+00:00,0.98,0.98,0.9525735,0.02742652177810667,0.02751824927569231,0,0,0,0.8291152304525924,0,0.8282090699461953,0,0,0.17328923954820472,0
2025-07-08 21:00:00+00:00,0.885,0.885,1.0306106,-0.1456105613708496,0.16641207013811382,0,0,0,0.23603133829987008,0,0.23866256725595691,0,0,0.011382295029057974,0
2025-07-08 22:00:00+00:00,0.7599999999999999,0.7599999999999999,1.0196518,-0.25965177059173594,0.33431558445287884,0,0,0,0.04888179481226521,0,0.029647731096563906,0,0,0.00024130278622927734,1
2025-07-08 23:00:00+00:00,0.685,0.685,0.9259879,-0.24098789930343623,0.34509007060157937,0,0,0,0.044617389207437526,0,0.025732978492466637,0,0,4.80873116090542e-05,1
2025-07-09 00:00:00+00:00,0.65,0.65,0.7913264,-0.14132640361785886,0.22139906571988335,0,0,0,0.13745433899558862,0,0.12221368178324366,0,0,5.276370693805574e-05,1
2025-07-09 01:00:00+00:00,0.58,0.58,0.6725508,-0.09255079746246342,0.09119933918532787,0,0,1,0.4877457244298353,0,0.48539584934665647,0,0,1.548170473826804e-05,1
2025-07-09 02:00:00+00:00,0.53,1.8144561864989803,0.5980894,1.2163667895453976,1.2717045082637959,1,0,1,0.00044091068374052316,1,2.8599401846775543e-16,1,0,6.1026073231471264e-09,1
2025-07-09 03:00:00+00:00,0.475,0.475,0.56483215,-0.08983215093612673,0.09643967728333484,0,0,1,0.46475801757003715,0,0.45810914681014603,0,0,1.3635364443799758e-06,1
2025-07-09 04:00:00+00:00,0.505,0.505,0.5553013,-0.05030130863189697,0.09372914651906268,0,0,0,0.47654118620470687,0,0.47271329746348967,0,0,2.1911496830659186e-06,1
2025-07-09 05:00:00+00:00,0.63,0.63,0.55209917,0.07790083169937134,0.1287617052882171,0,0,0,0.3417536712840416,0,0.3320522674865488,0,0,4.848485605017022e-05,1
2025-07-09 06:00:00+00:00,0.6799999999999999,0.6799999999999999,0.5613875,0.1186125206947326,0.17485875286692767,0,0,0,0.21710232777391583,0,0.21521906225980014,0,0,0.0007289839350561129,1
2025-07-09 07:00:00+00:00,0.7250000000000001,0.7250000000000001,0.5948975,0.13010249137878427,0.18764782410401576,0,0,0,0.1913175130652736,0,0.18524212144504226,0,0,0.0020960207185553676,1
2025-07-09 08:00:00+00:00,0.675,0.675,0.6362072,0.03879277706146245,0.05622141603110499,0,0,0,0.6624178543353724,0,0.6667947732513451,0,0,0.00217940625405858,1
2025-07-09 09:00:00+00:00,0.6699999999999999,0.6699999999999999,0.66827184,0.0017281603813170676,0.002618424820177375,0,0,0,0.9835623222494752,0,0.9830899308224442,0,0,0.003465199581263223,1
2025-07-09 10:00:00+00:00,0.635,0.635,0.6601578,-0.02515779972076415,0.03754895480711068,0,0,0,0.7689852914301437,0,0.7724827056110684,0,0,0.0002640019624192898,1
2025-07-09 11:00:00+00:00,0.705,0.705,0.6244103,0.08058972835540767,0.11793618783718197,0,0,0,0.37940734477560306,0,0.3700999231360492,0,0,0.010652619235543483,0
2025-07-09 12:00:00+00:00,0.71,0.71,0.574134,0.13586600780487057,0.19317441867991073,0,0,0,0.1811679985260079,0,0.17371252882398158,0,0,0.14969343623117098,0
2025-07-09 13:00:00+00:00,0.6950000000000001,0.6950000000000001,0.5541433,0.14085669040679938,0.20613174205873083,0,0,0,0.1595108276072795,0,0.14757878554957726,0,0,0.43848392405000197,0
2025-07-09 14:00:00+00:00,0.645,0.645,0.5745073,0.07049270391464235,0.11101213214904307,0,0,0,0.4053394567477806,0,0.39777094542659497,0,0,0.08379291031896426,0
2025-07-09 15:00:00+00:00,0.565,0.565,0.6164525,-0.05145251512527471,0.08647481533659616,0,0,0,0.5092039796176485,0,0.5099923136049194,0,0,0.001545888500485351,1
2025-07-09 16:00:00+00:00,0.575,0.575,0.6524577,-0.07745771408081059,0.13128426115391625,0,0,0,0.33347364142755376,0,0.32167563412759415,0,0,0.005987420629764724,1
2025-07-09 17:00:00+00:00,0.63,0.63,0.6588069,-0.028806920051574703,0.04709578210066709,0,0,0,0.7135167819361526,0,0.714066102997694,0,0,0.011464164431483624,0
2025-07-09 18:00:00+00:00,0.63,0.63,0.65689,-0.026889975070953365,0.044202698746772656,0,0,0,0.7301227756178164,0,0.7290545734050731,0,0,0.036334981281591065,0
2025-07-09 19:00:00+00:00,0.565,0.565,0.66398954,-0.09898954391479498,0.16052358472669456,0,0,0,0.25018861371256274,0,0.25365103766333585,0,0,0.0023530934808122296,1
2025-07-09 20:00:00+00:00,0.655,0.655,0.66877633,-0.013776333332061741,0.02175210526115012,0,0,0,0.8643684144958277,0,0.8674096848578017,0,0,0.34543148514799155,0
2025-07-09 21:00:00+00:00,0.68,0.68,0.6467569,0.03324311256408696,0.05024147994572337,0,0,0,0.6956763143319578,0,0.7002305918524212,0,0,0.18848115700867876,0
2025-07-09 22:00:00+00:00,0.65,0.65,0.63632137,0.013678634166717552,0.02077767215197603,0,0,0,0.8703667008853285,0,0.8724058416602614,0,0,0.054234679378480526,0
2025-07-09 23:00:00+00:00,0.645,0.645,0.6319399,0.013060111999511737,0.019838144809384915,0,0,0,0.8761601303542684,0,0.8793235972328978,0,0,0.009302042650781186,1
2025-07-10 00:00:00+00:00,0.6799999999999999,0.6799999999999999,0.6165862,0.06341379165649408,0.09488347878777169,0,0,0,0.47149502223583034,0,0.4673328209069946,0,0,0.010566496793170973,0
2025-07-10 01:00:00+00:00,0.6799999999999999,0.6799999999999999,0.59339416,0.08660583972930902,0.13222265607528097,0,0,0,0.33044013112094384,0,0.3197540353574174,0,0,0.19658719111672734,0
2025-07-10 02:00:00+00:00,0.605,0.605,0.5816083,0.023391704559326154,0.03834705665463304,0,0,0,0.7642771428400361,0,0.7678708685626441,0,0,0.24678430898562848,0
2025-07-10 03:00:00+00:00,0.545,0.545,0.5844784,-0.0394783782958984,0.07091924244772167,0,0,0,0.584675555987753,0,0.5872405841660262,0,0,0.24614226814965495,0
2025-07-10 04:00:00+00:00,0.52,0.52,0.58469826,-0.06469825983047484,0.11763319969177244,0,0,0,0.38051156133753966,0,0.37240584166026136,0,0,0.10036791638880521,0
2025-07-10 05:00:00+00:00,0.585,0.585,0.5730168,0.011983177661895716,0.02090089127074834,0,0,0,0.8696076115741129,0,0.8716372021521906,0,0,0.7790418332210739,0
2025-07-10 06:00:00+00:00,0.615,0.615,0.5557296,0.05927037239074706,0.0985103142228483,0,0,0,0.45591135058420945,0,0.4492697924673328,0,0,0.8014418558229948,0
2025-07-10 07:00:00+00:00,0.605,0.605,0.5569169,0.04808310747146605,0.0757214290889229,0,0,0,0.5606015341543239,0,0.563412759415834,0,0,0.6805820702615297,0
2025-07-10 08:00:00+00:00,0.685,0.685,0.57963073,0.10536926746368414,0.2450448080550794,0,0,1,0.10952917094435093,0,0.09081267098888682,0,0,0.28259131710937013,0
2025-07-10 09:00:00+00:00,0.635,0.0,0.60527694,-0.6052769422531128,1.340096551113903,1,1,1,0.0003595946110062309,1,7.714000205323311e-24,1,0,1.4579565887081125e-07,1
2025-07-10 10:00:00+00:00,0.6699999999999999,0.6699999999999999,0.6393323,0.0306677055358886,0.0696993307633832,0,0,1,0.590898479834153,0,0.5930053804765565,0,0,0.2051956836431791,0
2025-07-10 11:00:00+00:00,0.65,0.65,0.6463147,0.0036853194236755593,0.005541833719812872,0,0,0,0.9652221560221202,0,0.9704073789392775,0,0,0.16243152899264515,0
2025-07-10 12:00:00+00:00,0.675,0.675,0.6357408,0.03925918340682988,0.06009058684718858,0,0,0,0.6413824388844452,0,0.6448885472713297,0,0,0.05114501018102292,0
2025-07-10 13:00:00+00:00,0.635,0.635,0.61508346,0.019916543960571298,0.02893444643182271,0,0,0,0.820526774582852,0,0.8220599538816296,0,0,0.3738662812005398,0
2025-07-10 14:00:00+00:00,0.7549999999999999,0.7549999999999999,0.6068389,0.148161118030548,0.21576861849108936,0,0,0,0.1451839162016936,0,0.1310530361260569,0,0,0.001571097067133851,1
2025-07-10 15:00:00+00:00,0.6699999999999999,0.6699999999999999,0.60236067,0.06763933420181267,0.09850388475992139,0,0,0,0.45593861254164714,0,0.4496541122213682,0,0,0.15534269780106352,0
2025-07-10 16:00:00+00:00,0.635,0.635,0.63346124,0.0015387630462646573,0.0022518483603873036,0,0,0,0.9858632097987319,0,0.9853958493466565,0,0,0.3336058282449121,0
2025-07-10 17:00:00+00:00,0.745,0.745,0.6649892,0.080010826587677,0.11941914416071195,0,0,0,0.3740428137016737,0,0.36548808608762495,0,0,0.0030728580104772284,1
2025-07-10 18:00:00+00:00,0.63,0.63,0.6733003,-0.04330032587051391,0.06352126044574168,0,0,0,0.6230642598852494,0,0.6233666410453498,0,0,0.17057985383271976,0
2025-07-10 19:00:00+00:00,0.67,0.67,0.6910252,-0.021025197505950888,0.03153779625892633,0,0,0,0.8048189714701236,0,0.8078401229823213,0,0,0.12205982906384467,0
2025-07-10 20:00:00+00:00,0.7,0.7,0.6863787,0.013621282577514604,0.018701989808944535,0,0,0,0.8831785483353527,0,0.8877786318216756,0,0,0.04199623683934397,0
2025-07-10 21:00:00+00:00,0.8149999999999998,0.8149999999999998,0.6800892,0.13491082429885848,0.1806841396859712,0,0,0,0.2049448678567766,0,0.20138355111452733,0,0,0.0007106371532105105,1
2025-07-10 22:00:00+00:00,0.725,0.725,0.6821332,0.04286680221557615,0.057797935571563354,0,0,0,0.6537996444286244,0,0.6583397386625672,0,0,0.03965409450240165,0
2025-07-10 23:00:00+00:00,0.685,0.685,0.7169005,-0.03190052747726435,0.04645707885038498,0,0,0,0.717166859480478,0,0.7171406610299769,0,0,0.11403381513124491,0
2025-07-11 00:00:00+00:00,0.65,0.65,0.7278936,-0.077893590927124,0.1171332194392842,0,0,0,0.382339776246154,0,0.3747117601844735,0,0,0.5063934701637011,0
2025-07-11 01:00:00+00:00,0.66,0.66,0.70190233,-0.04190232992172238,0.06192462550008233,0,0,0,0.6315498552837319,0,0.6352805534204458,0,0,0.1505608703049507,0
2025-07-11 02:00:00+00:00,0.72,0.72,0.6552057,0.06479427337646482,0.10045623779296872,0,0,0,0.4477197126116464,0,0.44043043812451965,0,0,0.015523801573710319,0
2025-07-11 03:00:00+00:00,0.5549999999999999,0.5549999999999999,0.62065214,-0.06565213918685919,0.11351954902626951,0,0,0,0.3957793962855429,0,0.39008455034588774,0,0,0.2614264204855347,0
2025-07-11 04:00:00+00:00,0.45999999999999996,0.45999999999999996,0.6240859,-0.16408590316772464,0.2992448082086164,0,0,0,0.06641028059124943,0,0.04653936361894158,0,0,0.004376737063647785,1
2025-07-11 05:00:00+00:00,0.63,0.63,0.61491305,0.015086953639984135,0.023210697907667905,0,0,0,0.8554105677089312,0,0.855880092236741,0,0,0.35538667234701293,0
2025-07-11 06:00:00+00:00,0.86,0.86,0.58015245,0.2798475480079651,0.36661250830737785,0,0,0,0.03733114774392962,0,0.019305062002317273,0,0,0.0001385580378869112,1
2025-07-11 07:00:00+00:00,0.7999999999999999,0.7999999999999999,0.5781305,0.2218695163726806,0.2574888004325113,0,0,0,0.09738290172697174,0,0.07811788732308061,0,0,0.0006658247854694072,1
2025-07-11 08:00:00+00:00,0.9250000000000002,0.9250000000000002,0.6487368,0.2762632250785829,0.3121618362469863,0,0,0,0.059224425273184104,0,0.039486925258738474,0,0,4.176112391272834e-05,1
2025-07-11 09:00:00+00:00,0.9299999999999999,0.9299999999999999,0.72615504,0.2038449573516845,0.2286111671233845,0,0,0,0.12819424136269264,0,0.1122213681783244,0,0,9.320255284207186e-05,1
2025-07-11 10:00:00+00:00,0.82,0.82,0.79999936,0.020000643730163525,0.0246921527532883,0,0,0,0.8463392201368256,0,0.8455034588777863,0,0,0.009189644408723835,1
2025-07-11 11:00:00+00:00,0.68,0.68,0.8397846,-0.15978462219238276,0.22243798913092727,0,0,0,0.13607701994243954,0,0.12067640276710223,0,0,0.6980935503137796,0
2025-07-11 12:00:00+00:00,0.655,0.655,0.8074494,-0.15244940042495725,0.23453753911531883,0,0,0,0.12109045489613096,0,0.10261337432744044,0,0,0.7119951138220526,0
2025-07-11 13:00:00+00:00,0.615,0.615,0.7203019,-0.10530192613601685,0.16200296328617977,0,0,0,0.2465550996447819,0,0.2498078401229823,0,0,0.35018826458575736,0
2025-07-11 14:00:00+00:00,0.6799999999999999,0.6799999999999999,0.6451401,0.03485988855361932,0.05335697227594794,0,0,0,0.6782386751599985,0,0.6810146041506533,0,0,0.6805862070835383,0
2025-07-11 15:00:00+00:00,0.665,0.665,0.60812926,0.0568707370758057,0.09148107840612177,0,0,0,0.48648802225990573,0,0.48385857033051494,0,0,0.6858953500643439,0
2025-07-11 16:00:00+00:00,0.52,0.52,0.62642604,-0.1064260411262512,0.18455382854263214,0,0,0,0.1972538133737308,0,0.19177555726364337,0,0,0.003620591452419213,1
2025-07-11 17:00:00+00:00,0.5449999999999999,0.5449999999999999,0.6799361,-0.13493611097335823,0.2261499066592596,0,0,0,0.13127632424268956,0,0.11529592621060725,0,0,0.008001763508568056,1
2025-07-11 18:00:00+00:00,0.725,0.725,0.6990734,0.025926625728607156,0.04227167238359863,0,0,0,0.7413078499638596,0,0.7444273635664873,0,0,0.4947747029390533,0
2025-07-11 19:00:00+00:00,0.57,0.57,0.69016784,-0.12016784429550176,0.20253007465534006,0,0,0,0.1652435090548502,0,0.1568024596464258,0,0,0.017405441077844426,0
2025-07-11 20:00:00+00:00,0.485,0.485,0.70645374,-0.22145374059677125,0.4088376749478854,0,0,0,0.026720723457480593,0,0.010783976875587943,0,0,0.0005467553823313969,1
2025-07-11 21:00:00+00:00,0.5700000000000001,0.5700000000000001,0.6835841,-0.11358409404754632,0.20103379477441824,0,0,0,0.16768851391517295,0,0.15949269792467335,0,0,0.04661412096121809,0
2025-07-11 22:00:00+00:00,0.64,0.64,0.61393315,0.026066854000091566,0.04418110847473147,0,0,0,0.7302473925350211,0,0.7298232129131437,0,0,0.11944253339978836,0
2025-07-11 23:00:00+00:00,0.56,0.56,0.5513597,0.008640286922454887,0.014521490625974598,0,0,0,0.9091089458298574,0,0.915065334358186,0,0,0.04475319895726477,0
2025-07-12 00:00:00+00:00,0.585,0.585,0.5237381,0.06126191377639767,0.10562398926965116,0,0,0,0.4265392564582412,0,0.41621829362029206,0,0,0.12629360160982678,0
2025-07-12 01:00:00+00:00,0.595,0.595,0.5044328,0.09056720256805417,0.14452213175753328,0,0,0,0.2929590376041662,0,0.292467332820907,0,0,0.3676807014770429,0
2025-07-12 02:00:00+00:00,0.7,0.7,0.49875602,0.20124397873878475,0.29740489468785924,0,0,0,0.06751287218920574,0,0.04763384787136454,0,0,0.36977846780826,0
2025-07-12 03:00:00+00:00,0.735,0.735,0.50780314,0.22719685792922972,0.3341130263665143,0,0,0,0.048966385806868615,0,0.0297263451172843,0,0,0.15058548838833255,0
2025-07-12 04:00:00+00:00,0.605,0.605,0.5474418,0.05755821943283079,0.08341770932294318,0,0,0,0.5234569972258066,0,0.5230591852421215,0,0,0.28557899113034496,0
2025-07-12 05:00:00+00:00,0.73,0.73,0.6121075,0.11789248466491697,0.15179289871019355,0,0,0,0.2727190714125131,0,0.2740199846272099,0,0,0.2780097945383864,0
2025-07-12 06:00:00+00:00,0.9949999999999998,0.9949999999999998,0.6391676,0.35583239316940285,0.4020705007563875,0,0,0,0.028153761698066174,0,0.011859060811873786,0,0,1.974315085669302e-05,1
2025-07-12 07:00:00+00:00,0.9299999999999999,0.9299999999999999,0.6644038,0.26559620380401605,0.30586894871863657,0,0,0,0.06260759402911624,0,0.04278882933597942,0,0,0.00015672387352146664,1
2025-07-12 08:00:00+00:00,0.6799999999999999,0.6799999999999999,0.7563477,-0.07634771585464484,0.0936781789627544,0,0,1,0.4767649504321682,0,0.47309761721752497,0,0,0.5306528138393705,0
2025-07-12 09:00:00+00:00,0.835,0.835,0.8446525,-0.009652473926544225,0.012141476637162548,0,0,0,0.9239354677036058,0,0.9289008455034589,0,0,0.005402254008190638,1
2025-07-12 10:00:00+00:00,0.87,0.87,0.815777,0.054222996234893794,0.06735775929800471,0,0,0,0.6029629197832153,0,0.6056879323597233,0,0,0.0012103637953442886,1
2025-07-12 11:00:00+00:00,0.71,0.71,0.7898988,-0.07989881277084354,0.10376469191018642,0,0,0,0.4340638381677389,0,0.4254419677171407,0,0,0.47236410735686557,0
2025-07-12 12:00:00+00:00,0.73,0.73,0.79680645,-0.06680645465850832,0.09752767103431872,0,0,0,0.4600929150810912,0,0.45311299000768634,0,0,0.4792218196334653,0
2025-07-12 13:00:00+00:00,0.615,0.615,0.7777409,-0.16274089574813844,0.24533803379116348,0,0,0,0.10922440827605803,0,0.0904927635700825,0,0,0.20681015017696286,0
2025-07-12 14:00:00+00:00,0.645,0.645,0.7588527,-0.1138527202606201,0.17035319739743657,0,0,0,0.2270022368539436,0,0.2255956956187548,0,0,0.5189202494599638,0
2025-07-12 15:00:00+00:00,0.745,0.745,0.7288531,0.016146893501281734,0.024777841689946394,0,0,0,0.845815386765856,0,0.8451191391237509,0,0,0.227932308645438,0
2025-07-12 16:00:00+00:00,0.565,0.565,0.71237344,-0.147373435497284,0.24028277526731082,0,0,0,0.11461171472083416,0,0.09615682565274737,0,0,0.02531745635956275,0
2025-07-12 17:00:00+00:00,0.53,0.53,0.73576367,-0.20576366901397702,0.34198947758555737,0,0,0,0.04579858697427951,0,0.02680739985721421,0,0,0.00497312696866975,1
2025-07-12 18:00:00+00:00,0.71,0.71,0.7287762,-0.018776216506958043,0.025779702297882904,0,0,0,0.8396980473162698,0,0.8374327440430438,0,0,0.7403216098072439,0
2025-07-12 19:00:00+00:00,0.9449999999999997,0.9449999999999997,0.68251103,0.2624889683723447,0.3329669789078369,0,0,1,0.049448200453274645,0,0.030174780212058095,0,0,0.00014344116588386696,1
2025-07-12 20:00:00+00:00,0.71,0.71,0.66134655,0.048653445243835414,0.06291393781530441,0,0,0,0.6262837711948968,0,0.6275941583397386,0,0,0.8081156257545999,0
2025-07-12 21:00:00+00:00,0.665,0.665,0.7171641,-0.052164099216461146,0.07145767015953582,0,0,0,0.5819426867975469,0,0.5845503458877787,0,0,0.22998977351790378,0
2025-07-12 22:00:00+00:00,0.8149999999999998,0.8149999999999998,0.72893214,0.0860678577423094,0.11424936868448152,0,0,0,0.393033024619956,0,0.3862413528055342,0,0,0.07636788144474728,0
2025-07-12 23:00:00+00:00,0.7799999999999999,0.7799999999999999,0.6867824,0.09321758031845084,0.1192549001941802,0,0,0,0.37463369482029374,0,0.36587240584166025,0,0,0.6329667122263214,0
2025-07-13 00:00:00+00:00,0.7499999999999999,0.7499999999999999,0.66931117,0.08068883419036854,0.10570589631926011,0,0,0,0.4262102525111161,0,0.41544965411222134,0,0,0.8470717687513923,0
2025-07-13 01:00:00+00:00,0.7599999999999999,0.7599999999999999,0.6713989,0.08860112190246572,0.11632532416078652,0,0,0,0.3853099231719574,0,0.37855495772482706,0,0,0.3826408559672424,0
2025-07-13 02:00:00+00:00,0.7749999999999999,0.7749999999999999,0.67579,0.09920998811721793,0.12773818212517332,0,0,0,0.3451658018954963,0,0.3358954650269024,0,0,0.6315373218000674,0
2025-07-13 03:00:00+00:00,0.7949999999999998,0.7949999999999998,0.69038516,0.10461483716964703,0.14105371303772635,0,0,0,0.30310732900842047,0,0.3013066871637202,0,0,0.2311052580733915,0
2025-07-13 04:00:00+00:00,0.655,0.655,0.71819955,-0.06319955110549924,0.08922289567835187,0,0,0,0.49663817383766323,0,0.49577248270561103,0,0,0.13631571392505465,0
2025-07-13 05:00:00+00:00,0.675,0.675,0.7587138,-0.08371378183364864,0.12813333954129894,0,0,0,0.3438448511006818,0,0.33397386625672565,0,0,0.2836475277804866,0
2025-07-13 06:00:00+00:00,0.63,0.63,0.7616577,-0.13165771484375,0.18719106375888628,0,0,0,0.1921821909241374,0,0.1871637202152191,0,0,0.07070190490798116,0
2025-07-13 07:00:00+00:00,0.8049999999999998,0.8049999999999998,0.74617475,0.05882524728775007,0.07446233833892414,0,0,0,0.5668477670673782,0,0.5695618754803997,0,0,0.11241806162052438,0
2025-07-13 08:00:00+00:00,0.9350000000000002,0.9350000000000002,0.71048915,0.22451084613800065,0.2754734308441726,0,0,0,0.08239221282208314,0,0.0626510413533414,0,0,0.0004331738054022302,1
2025-07-13 09:00:00+00:00,0.7050000000000001,0.7050000000000001,0.72313446,-0.018134458065032888,0.021674651073744486,0,0,1,0.864844799168551,0,0.8677940046118371,0,0,0.16295277199558572,0
2025-07-13 10:00:00+00:00,0.87,0.87,0.7938047,0.07619529485702514,0.0931103399474849,0,0,0,0.47926343552660416,0,0.4761721752498078,0,0,0.003952912981809336,1
2025-07-13 11:00:00+00:00,0.88,0.88,0.7927429,0.08725709199905396,0.09518955490805887,0,0,0,0.4701639943484101,0,0.46464258262874714,0,0,0.0033392507508819545,1
2025-07-13 12:00:00+00:00,1.0,1.0,0.78987926,0.21012073755264282,0.21550844877194136,0,0,0,0.14555215820731476,0,0.1318216756341276,0,0,7.750714737571507e-05,1
2025-07-13 13:00:00+00:00,1.045,1.045,0.78760755,0.2573924493789672,0.26489788958384275,0,0,0,0.09086586549619215,0,0.07136158586456286,0,0,2.849641074904128e-05,1
2025-07-13 14:00:00+00:00,0.87,0.87,0.8128075,0.057192499637603755,0.06182972933795001,0,0,0,0.6320563842020968,0,0.6356648731744812,0,0,0.01389086851349236,0
2025-07-13 15:00:00+00:00,0.86,0.86,0.86182666,-0.0018266582489013805,0.0021199128613942518,0,0,0,0.9866913704215945,0,0.9869331283627979,0,0,0.05812699485362639,0
2025-07-13 16:00:00+00:00,0.855,0.855,0.8604585,-0.0054584932327270685,0.006286172628860348,0,0,0,0.9605561143902472,0,0.9654112221368178,0,0,0.039567968224386116,0
2025-07-13 17:00:00+00:00,0.89,0.89,0.8411426,0.048857405185699476,0.0536894562480214,0,0,0,0.6763917553646333,0,0.6775557263643351,0,0,0.02324671712204279,0
2025-07-13 18:00:00+00:00,0.9849999999999998,0.9849999999999998,0.83642966,0.14857034444808936,0.1401607023095183,0,0,0,0.3057729784402111,0,0.30284396617986165,0,0,0.0008510632106838165,1
2025-07-13 19:00:00+00:00,1.3049999999999997,1.3049999999999997,0.86285675,0.44214325428009005,0.351838133379382,0,0,0,0.0421672052428026,0,0.023530994095856024,0,0,5.288188586185357e-07,1
2025-07-13 20:00:00+00:00,1.4800000000000002,1.4800000000000002,0.92304665,0.5569533514976504,0.40604132551469035,0,0,0,0.027302148088687958,0,0.01121678685645956,0,0,8.65059436594264e-08,1
2025-07-13 21:00:00+00:00,1.33,1.33,1.0803015,0.2496984767913819,0.18797877801107796,0,0,0,0.1906934988311395,0,0.18332052267486554,0,0,9.807628956785564e-07,1
2025-07-13 22:00:00+00:00,1.175,1.175,1.2872242,-0.11222417354583736,0.088018959643794,0,0,0,0.5021144492359875,0,0.5030745580322828,0,0,3.275053078458142e-05,1
2025-07-13 23:00:00+00:00,1.32,1.32,1.3452332,-0.025233201980590758,0.020213512935052677,0,0,0,0.8738443376801222,0,0.8762490392006149,0,0,2.3000909710819248e-06,1
2025-07-14 00:00:00+00:00,1.25,1.25,1.2331051,0.016894936561584473,0.013147810553762233,0,0,0,0.9176614256107423,0,0.9227517294388932,0,0,1.5577809020212947e-05,1
2025-07-14 01:00:00+00:00,1.2850000000000001,1.2850000000000001,1.1466947,0.13830533981323256,0.11108862635601008,0,0,0,0.4050449482633549,0,0.39661798616448884,0,0,8.37558538140031e-06,1
2025-07-14 02:00:00+00:00,1.2,1.2,1.091892,0.10810799598693843,0.0902152956775564,0,0,0,0.4921579568889233,0,0.49116064565718676,0,0,0.00010421483743982769,1
2025-07-14 03:00:00+00:00,1.11,1.11,1.0963932,0.013606772422790625,0.012388563662631828,0,0,0,0.9223943489231843,0,0.9273635664873174,0,0,0.004090218011633627,1
2025-07-14 04:00:00+00:00,0.9849999999999998,0.9849999999999998,1.1128864,-0.12788642883300805,0.1272501779432916,0,0,0,0.34680340521055214,0,0.3378170637970792,0,0,0.6104033099607264,0
2025-07-14 05:00:00+00:00,0.9199999999999998,0.9199999999999998,1.1148804,-0.1948804426193239,0.21221100829690448,0,0,0,0.15030673068434336,0,0.13566487317448117,0,0,0.23895303003150004,0
2025-07-14 06:00:00+00:00,0.85,0.85,1.0837325,-0.23373248577117922,0.24603419554860975,0,0,0,0.10850458917019727,0,0.08973743004088923,0,0,0.009371782539823674,1
2025-07-14 07:00:00+00:00,1.08,1.08,1.0367435,0.04325647830963142,0.04152621917724616,0,0,0,0.7456467059448767,0,0.749423520368947,0,0,0.0522100415884919,0
2025-07-14 08:00:00+00:00,1.1949999999999996,1.1949999999999996,0.9800857,0.21491432905197105,0.18797171637198642,0,0,0,0.19070679165076868,0,0.18408916218293625,0,0,0.0009001680480610071,1
2025-07-14 09:00:00+00:00,1.1549999999999996,1.1549999999999996,0.994445,0.16055497407913166,0.1464027119262599,0,0,0,0.2875912663596909,0,0.2874711760184473,0,0,0.0052664052917762135,1
2025-07-14 10:00:00+00:00,0.94,0.94,1.0594842,-0.11948424339294439,0.12339164550045893,0,0,0,0.35999755976309805,0,0.351652574942352,0,0,0.0589609628007803,0
2025-07-14 11:00:00+00:00,0.8099999999999999,0.8099999999999999,1.103003,-0.2930030250549317,0.33045453953563725,0,0,0,0.050523824117712814,0,0.031179872070026173,0,0,0.0003301872813955458,1
2025-07-14 12:00:00+00:00,0.91,0.91,1.0250616,-0.11506160736083981,0.13124898178042566,0,0,0,0.3335881793341064,0,0.32244427363566486,0,0,0.015173187131978929,0
2025-07-14 13:00:00+00:00,0.91,0.91,0.8821404,0.027859601974487336,0.030727502177743383,0,0,0,0.8096965533569302,0,0.8136049192928516,0,0,0.022413688902139215,0
2025-07-14 14:00:00+00:00,0.9,0.9,0.78305197,0.11694803237915041,0.129942258199056,0,0,0,0.33785577844365366,0,0.32744043043812454,0,0,0.02349897987062013,0
2025-07-14 15:00:00+00:00,0.89,0.89,0.74688256,0.1431174421310425,0.1599077565709972,0,0,0,0.25171658268102626,0,0.254803996925442,0,0,0.013578491972238817,0
2025-07-14 16:00:00+00:00,0.895,0.895,0.7633018,0.13169821023941042,0.15079947737337068,0,0,0,0.27540361908667216,0,0.2755572636433513,0,0,0.03121920422907839,0
2025-07-14 17:00:00+00:00,0.835,0.835,0.80216926,0.03283073663711544,0.0395551043820668,0,0,0,0.7571740944830108,0,0.7598001537279016,0,0,0.0028688748998247204,1
2025-07-14 18:00:00+00:00,0.7599999999999999,0.7599999999999999,0.8424576,-0.08245759248733531,0.10096848059673713,0,0,0,0.44558303331085897,0,0.4385088393543428,0,0,0.0002503847588767928,1
2025-07-14 19:00:00+00:00,0.855,0.855,0.8602431,-0.005243082046508807,0.006622840479800599,0,0,0,0.9584462567314481,0,0.962336664104535,0,0,0.010660005608706292,0
2025-07-14 20:00:00+00:00,0.7599999999999999,0.7599999999999999,0.84325594,-0.08325593709945689,0.10765853935274598,0,0,0,0.41842859101047003,0,0.40930053804765565,0,0,0.0005420777404618461,1
2025-07-14 21:00:00+00:00,0.705,0.705,0.83195007,-0.12695006847381596,0.17922362608068135,0,0,0,0.20792653407893139,0,0.2052267486548809,0,0,0.00014913661546447842,1
2025-07-14 22:00:00+00:00,0.66,0.66,0.80350107,-0.14350106954574582,0.21418070081454602,0,0,0,0.14744704772917427,0,0.13297463489623362,0,0,6.781897246469222e-05,1
2025-07-14 23:00:00+00:00,0.645,0.645,0.75941217,-0.11441216945648192,0.1638360421811197,0,0,0,0.24212476338436537,0,0.24558032282859343,0,0,8.463494423961438e-05,1
2025-07-15 00:00:00+00:00,0.7899999999999999,0.7899999999999999,0.7105923,0.07940767049789421,0.11105967901803386,0,0,0,0.4051563765107733,0,0.39738662567255956,0,0,0.04014749865264008,0
2025-07-15 01:00:00+00:00,0.71,0.71,0.66834027,0.041659734249114955,0.057594102648546024,0,0,0,0.6549102975882463,0,0.6598770176787088,0,0,0.002896494727791846,1
2025-07-15 02:00:00+00:00,0.67,0.67,0.6722661,-0.0022661256790160733,0.003357223228171961,0,0,0,0.9789257277130892,0,0.9803996925441968,0,0,0.00172645997492275,1
2025-07-15 03:00:00+00:00,0.645,0.645,0.67430216,-0.029302160739898664,0.04496495254204398,0,0,0,0.7257296047902291,0,0.723674096848578,0,0,0.002950216962037225,1
2025-07-15 04:00:00+00:00,0.64,0.64,0.6592576,-0.019257590770721422,0.031313155724750276,0,0,0,0.8061701361848664,0,0.809761721752498,0,0,0.01275139965518638,0
2025-07-15 05:00:00+00:00,0.56,0.56,0.6328938,-0.07289380073547358,0.13094694742899443,0,0,0,0.3345702245471419,0,0.3243658724058417,0,0,0.0006073368572367442,1
2025-07-15 06:00:00+00:00,0.47,0.47,0.6120207,-0.1420206713676453,0.284991313781228,0,0,0,0.07552052096363852,0,0.055664142792759934,0,0,7.304179156529115e-05,1
2025-07-15 07:00:00+00:00,0.46499999999999997,0.46499999999999997,0.5866788,-0.12167880296707156,0.25706789359240473,0,0,0,0.09776846203333175,0,0.07851893839806433,0,0,0.00010923980277260019,1
2025-07-15 08:00:00+00:00,0.485,0.485,0.54915047,-0.06415046691894533,0.12830093383789065,0,0,0,0.3432859811698249,0,0.3328209069946195,0,0,0.0003067162487159644,1
2025-07-15 09:00:00+00:00,0.55,0.55,0.51235926,0.0376407384872437,0.0710202612966862,0,0,0,0.5841621779157014,0,0.5864719446579554,0,0,0.009865337058758694,1
2025-07-15 10:00:00+00:00,0.555,0.555,0.48720372,0.06779628276824956,0.12711803019046794,0,0,0,0.34724805139054205,0,0.3385857033051499,0,0,0.02761288534702884,0
2025-07-15 11:00:00+00:00,0.495,0.495,0.49042487,0.004575128555297847,0.008686952953097177,0,0,0,0.945520485064881,0,0.9523443504996156,0,0,0.0027122067273507348,1
2025-07-15 12:00:00+00:00,0.53,0.53,0.51514894,0.014851062297821072,0.028287737710135374,0,0,0,0.8244450250211821,0,0.8239815526518063,0,0,0.010091702661508752,0
2025-07-15 13:00:00+00:00,0.55,0.55,0.53132474,0.018675255775451705,0.03219871685422708,0,0,0,0.8008484727669206,0,0.8047655649500385,0,0,0.1679071422918371,0
2025-07-15 14:00:00+00:00,0.6599999999999999,0.6599999999999999,0.53666985,0.12333014965057365,0.19170489582990724,0,0,0,0.18381113847872294,0,0.17870868562644115,0,0,0.5066199604855125,0
2025-07-15 15:00:00+00:00,0.72,0.72,0.5350002,0.18499979496002195,0.2587409719720587,0,0,0,0.09624584464815912,0,0.07693597131301397,0,0,0.019441809363959856,0
2025-07-15 16:00:00+00:00,0.7649999999999999,0.7649999999999999,0.54862887,0.21637113332748403,0.29505154544656914,0,0,0,0.06895370253905686,0,0.049068490855056254,0,0,0.002980428179945019,1
2025-07-15 17:00:00+00:00,0.715,0.715,0.57677627,0.1382237339019775,0.19559962344619458,0,0,0,0.17689194654067322,0,0.1683320522674866,0,0,0.03321990345343212,0
2025-07-15 18:00:00+00:00,0.64,0.64,0.61794883,0.02205116987228395,0.033665908201960235,0,0,0,0.7920604253199991,0,0.7947732513451191,0,0,0.5454735935297005,0
2025-07-15 19:00:00+00:00,0.61,0.61,0.6453305,-0.035330488681793226,0.05713825662823703,0,0,0,0.6573980345164139,0,0.6625672559569562,0,0,0.6591441211142072,0
2025-07-15 20:00:00+00:00,0.605,0.605,0.6435258,-0.03852577924728395,0.06798666925991287,0,0,0,0.5997072267319683,0,0.601076095311299,0,0,0.4140658876119598,0
2025-07-15 21:00:00+00:00,0.485,0.485,0.62011147,-0.13511146545410158,0.24199068439540586,0,0,0,0.11275966282040285,0,0.09420752491446782,0,0,0.022393620211000824,0
2025-07-15 22:00:00+00:00,0.585,0.585,0.60497916,-0.019979157447814977,0.03711298597117334,0,0,0,0.7715622650671443,0,0.776325903151422,0,0,0.37483944209651365,0
2025-07-15 23:00:00+00:00,0.545,0.545,0.57826185,-0.03326185226440426,0.05939616475786475,0,0,0,0.6451288417670392,0,0.649500384319754,0,0,0.7064579783315573,0
2025-07-16 00:00:00+00:00,0.55,0.55,0.57832235,-0.028322350978851274,0.0505756267479487,0,0,0,0.6937948606168711,0,0.6979246733282091,0,0,0.4526896571965936,0
2025-07-16 01:00:00+00:00,0.585,0.585,0.5894554,-0.004455425739288366,0.007909039773884673,0,0,0,0.9503897687345482,0,0.9558032282859339,0,0,0.5640955213507741,0
2025-07-16 02:00:00+00:00,0.5549999999999999,0.5549999999999999,0.6008746,-0.04587460279464728,0.08340836871754052,0,0,0,0.5235009859952447,0,0.5238278247501922,0,0,0.723155681304047,0
2025-07-16 03:00:00+00:00,0.51,0.51,0.60870636,-0.09870635509490966,0.18981991364405704,0,0,0,0.18726014093328566,0,0.181783243658724,0,0,0.4662493987063098,0
2025-07-16 04:00:00+00:00,0.495,0.495,0.5944144,-0.09941441297531128,0.19429526965858884,0,0,0,0.1791785378782995,0,0.17063797079169873,0,0,0.3707511905207772,0
2025-07-16 05:00:00+00:00,0.53,0.53,0.55403554,-0.02403554439544675,0.04839371354787937,0,0,0,0.7061279131192367,0,0.7098385857033052,0,0,0.598058283805038,0
2025-07-16 06:00:00+00:00,0.46499999999999997,0.46499999999999997,0.5052219,-0.04022190332412723,0.08350568164178664,0,0,0,0.5230428305306375,0,0.5222905457340508,0,0,0.21941954549447126,0
2025-07-16 07:00:00+00:00,0.45000000000000007,0.45000000000000007,0.4729579,-0.022957909107208185,0.05008998350663604,0,0,0,0.6965302075457697,0,0.7006149116064566,0,0,0.16845871922409164,0
2025-07-16 08:00:00+00:00,0.4600000000000001,0.4600000000000001,0.45099407,0.009005925655365066,0.016992312557292572,0,0,0,0.8937640595275154,0,0.898923904688701,0,0,0.31116080782504885,0
2025-07-16 09:00:00+00:00,0.68,0.68,0.4338512,0.24614878773689275,0.4164171221112847,0,0,0,0.02521719204066481,0,0.00968736998445128,1,0,0.0030077137348174503,1
2025-07-16 10:00:00+00:00,0.6333333333333333,0.6333333333333333,0.4254726,0.20786074598630266,0.32820117787310943,0,0,0,0.05151163958070578,0,0.03210759775114727,0,0,0.13360602475869893,0
2025-07-16 11:00:00+00:00,0.5866666666666667,0.5866666666666667,0.46891382,0.11775284330050151,0.20071507380767303,0,0,0,0.16821421405019374,0,0.16026133743274407,0,0,0.18130876572637947,0
2025-07-16 12:00:00+00:00,0.54,0.54,0.5271577,0.01284227609634403,0.021994383419047813,0,0,0,0.8628787254681217,0,0.8654880860876248,0,0,0.8004397797367193,0
2025-07-16 13:00:00+00:00,0.625,0.625,0.5661194,0.058880627155303955,0.10151832268155855,0,0,0,0.4432986409333561,0,0.43351268255188313,0,0,0.18898467218175222,0
2025-07-16 14:00:00+00:00,0.575,0.575,0.5702413,0.004758727550506547,0.007887393730121348,0,0,0,0.9505252990486792,0,0.9561875480399693,0,0,0.4596136197127205,0
2025-07-16 15:00:00+00:00,0.61,0.61,0.5730036,0.036996409893035875,0.06064985228366537,0,0,0,0.6383745480135871,0,0.6410453497309762,0,0,0.33321612656223526,0
2025-07-16 16:00:00+00:00,0.645,0.645,0.56923956,0.07576044321060182,0.12057364967204535,0,0,0,0.3699122654024179,0,0.36087624903920057,0,0,0.0772476143787028,0
2025-07-16 17:00:00+00:00,0.63,0.63,0.5768314,0.05316859960556031,0.08373007811899262,0,0,0,0.5219874650750712,0,0.5211375864719446,0,0,0.15371110013164027,0
2025-07-16 18:00:00+00:00,0.63,0.63,0.59871197,0.031288032531738286,0.051152096782133435,0,0,0,0.6905552457464618,0,0.6952344350499615,0,0,0.11850551032101223,0
2025-07-16 19:00:00+00:00,0.575,0.575,0.6214268,-0.04642682075500493,0.08050893772544207,0,0,0,0.5372845600637732,0,0.5384319754035358,0,0,0.5511832190990326,0
2025-07-16 20:00:00+00:00,0.525,0.525,0.63974804,-0.11474803686141966,0.22137884925032728,0,0,0,0.13748128870621337,0,0.12259800153727907,0,0,0.7983215032325789,0
2025-07-16 21:00:00+00:00,0.45499999999999996,0.45499999999999996,0.6358183,-0.1808183026313782,0.37670479714870464,0,0,0,0.034400299647103096,0,0.016834975347500954,0,0,0.05828388249350222,0
2025-07-16 22:00:00+00:00,0.4600000000000001,0.4600000000000001,0.6051972,-0.14519719123840324,0.3046094921085382,0,0,0,0.06331101248066082,0,0.04347962860205742,0,0,0.08057018934876717,0
2025-07-16 23:00:00+00:00,0.515,0.515,0.55530775,-0.0403077459335327,0.0777641400646933,0,0,0,0.5505684074023873,0,0.5514988470407378,0,0,0.4387726347033211,0
2025-07-17 00:00:00+00:00,0.5800000000000001,0.5800000000000001,0.5072223,0.07277770519256599,0.12768018454836136,0,0,0,0.3453600616424432,0,0.3362797847809378,0,0,0.25958906378749336,0
2025-07-17 01:00:00+00:00,0.615,0.615,0.48856056,0.1264394426345825,0.20448427380255932,0,0,0,0.16210658860525265,0,0.15295926210607225,0,0,0.36426551318756817,0
2025-07-17 02:00:00+00:00,0.66,0.66,0.5040799,0.15592012166976932,0.22274303095681336,0,0,0,0.1356754485774375,0,0.11952344350499611,0,0,0.04556529028097034,0
2025-07-17 03:00:00+00:00,0.825,0.825,0.53533286,0.2896671414375305,0.35614812471827517,0,0,0,0.040684432277678546,0,0.02221730543617465,0,0,0.00010000379246027942,1
2025-07-17 04:00:00+00:00,0.9550000000000002,0.9550000000000002,0.56813616,0.386863844394684,0.4346784768479595,0,0,0,0.021989195130996037,0,0.007455068850969885,1,0,4.800523717584473e-06,1
2025-07-17 05:00:00+00:00,0.89,0.89,0.6228355,0.26716448307037355,0.2941260364077507,0,0,0,0.0695299156854748,0,0.04964357732469869,0,0,2.3656849296853563e-05,1
2025-07-17 06:00:00+00:00,0.88,0.88,0.70432436,0.1756756353378296,0.21208326197725907,0,0,0,0.15049422771348925,0,0.13643351268255188,0,0,3.815644470432593e-05,1
2025-07-17 07:00:00+00:00,0.715,0.715,0.7549409,-0.03994092702865604,0.053373176430275324,0,0,0,0.6781485989724154,0,0.680630284396618,0,0,0.0247057657601364,0
2025-07-17 08:00:00+00:00,0.65,0.65,0.7726117,-0.12261167764663694,0.17943172338532237,0,0,0,0.20749901995583628,0,0.20484242890084547,0,0,0.34375671213534004,0
2025-07-17 09:00:00+00:00,0.685,0.685,0.7386835,-0.05368352174758906,0.07933525381417102,0,0,0,0.5429368946355274,0,0.5430438124519601,0,0,0.12275003701712822,0
2025-07-17 10:00:00+00:00,0.6950000000000001,0.6950000000000001,0.69148904,0.0035109591484070446,0.004968338417557138,0,0,0,0.9688183906151574,0,0.9738662567255957,0,0,0.053758275280031166,0
2025-07-17 11:00:00+00:00,0.74,0.74,0.6675657,0.07243429660797118,0.09744524207350384,0,0,0,0.460445058128508,0,0.45349730976172176,0,0,0.0244212836756496,0
2025-07-17 12:00:00+00:00,0.7949999999999998,0.7949999999999998,0.68220174,0.11279825687408429,0.1461748469210596,0,0,0,0.2882366764366095,0,0.2878554957724827,0,0,0.003958861394012473,1
2025-07-17 13:00:00+00:00,0.7799999999999999,0.7799999999999999,0.7328362,0.047163813114166175,0.06020912312446747,0,0,0,0.6407442186265909,0,0.6437355880092237,0,0,0.01073463921274091,0
2025-07-17 14:00:00+00:00,0.7749999999999999,0.7749999999999999,0.8056121,-0.030612087249755948,0.04045650297324575,0,0,0,0.7518928474517906,0,0.754803996925442,0,0,0.02737345604189578,0
2025-07-17 15:00:00+00:00,0.7150000000000001,0.7150000000000001,0.8557467,-0.14074668645858757,0.19413336063253459,0,0,0,0.17946451020506,0,0.17140661029976945,0,0,0.4492956395200313,0
2025-07-17 16:00:00+00:00,0.685,0.685,0.8638098,-0.1788098239898681,0.2578987846007713,0,0,0,0.09700897136855077,0,0.07772906781423114,0,0,0.8929087775282946,0
2025-07-17 17:00:00+00:00,0.68,0.68,0.81292546,-0.1329254579544067,0.19171941051116348,0,0,0,0.183784837218554,0,0.17832436587240585,0,0,0.8273947653774095,0
2025-07-17 18:00:00+00:00,0.715,0.715,0.73370093,-0.01870093107223514,0.02646358170599312,0,0,0,0.835530112113741,0,0.8332052267486549,0,0,0.5089613715551412,0
2025-07-17 19:00:00+00:00,0.725,0.725,0.662029,0.0629709720611572,0.08848380149108742,0,0,0,0.499994718083562,0,0.5,0,0,0.3423578742012508,0
2025-07-17 20:00:00+00:00,0.6950000000000001,0.6950000000000001,0.6234916,0.07150841474533087,0.10672897723183714,0,0,0,0.4221183126141055,0,0.4127594158339739,0,0,0.8017898295831422,0
2025-07-17 21:00:00+00:00,0.59,0.59,0.62058365,-0.030583653450012238,0.05041261557694325,0,0,0,0.6947123825857423,0,0.6986933128362798,0,0,0.11947927890838994,0
2025-07-17 22:00:00+00:00,0.5349999999999999,0.5349999999999999,0.63213086,-0.09713086128234871,0.16188476880391453,0,0,0,0.24684348369559309,0,0.2501921598770177,0,0,0.006234013612116813,1
2025-07-17 23:00:00+00:00,0.675,0.675,0.6236754,0.05132459402084355,0.08625982188377068,0,0,0,0.5101969155997998,0,0.5103766333589547,0,0,0.5031660392573486,0
2025-07-18 00:00:00+00:00,0.575,0.575,0.5977549,-0.022754895687103316,0.03761139782992284,0,0,0,0.7686164904049052,0,0.7717140661029978,0,0,0.03087044426828854,0
2025-07-18 01:00:00+00:00,0.565,0.565,0.6043496,-0.03934961318969732,0.06863304626109998,0,0,0,0.5963728461602403,0,0.5987701767870869,0,0,0.02967778824234044,0
2025-07-18 02:00:00+00:00,0.58,0.58,0.606057,-0.02605698823928837,0.04479711445149863,0,0,0,0.7266958359634,0,0.7255956956187548,0,0,0.04148052322312445,0
2025-07-18 03:00:00+00:00,0.6,0.6,0.59943044,0.0005695581436157005,0.0009680874962306525,0,0,0,0.993922114859796,0,0.994619523443505,0,0,0.1454868205847519,0
2025-07-18 04:00:00+00:00,0.585,0.585,0.59121186,-0.0062118554115295765,0.010469419232915016,0,0,0,0.9343745484348012,0,0.9400461183704842,0,0,0.16594728616800836,0
2025-07-18 05:00:00+00:00,0.595,0.595,0.5815099,0.013490111827850315,0.022800189004817433,0,0,0,0.8579290897314181,0,0.8593389700230591,0,0,0.35205548238060025,0
2025-07-18 06:00:00+00:00,0.595,0.595,0.5677569,0.027243108749389622,0.047106239912489266,0,0,0,0.7134570940485435,0,0.7136817832436587,0,0,0.6023166416170566,0
2025-07-18 07:00:00+00:00,0.545,0.545,0.5581087,-0.013108687400817831,0.023548540240990113,0,0,0,0.853339423808063,0,0.8539584934665642,0,0,0.16228755873008818,0
2025-07-18 08:00:00+00:00,0.53,0.53,0.55108607,-0.02108606815338132,0.040680517337713155,0,0,0,0.7505828879413308,0,0.7532667179093006,0,0,0.12127556248877694,0
2025-07-18 09:00:00+00:00,0.48,0.48,0.541545,-0.06154497385025026,0.13331041267202223,0,0,0,0.326955231491399,0,0.3170637970791699,0,0,0.023137198414306843,0
2025-07-18 10:00:00+00:00,0.375,0.375,0.531919,-0.15691900253295898,0.3842914347745934,0,0,0,0.032374450713781165,0,0.01517452373377477,0,0,0.0002981140644644951,1
2025-07-18 11:00:00+00:00,0.37,0.37,0.51557815,-0.14557815074920655,0.3685522803777381,0,0,0,0.03674573107414724,0,0.01880571224511112,0,0,0.00043718286997114855,1
2025-07-18 12:00:00+00:00,0.44000000000000006,0.44000000000000006,0.48142007,-0.041420069932937564,0.10102456081204285,0,0,0,0.4453496080853003,0,0.4369715603382014,0,0,0.014070290996545463,0
2025-07-18 13:00:00+00:00,0.42000000000000004,0.42000000000000004,0.44511983,-0.02511982798576351,0.05841820461805468,0,0,0,0.6504265643488693,0,0.6541122213681783,0,0,0.010580569572420142,0
2025-07-18 14:00:00+00:00,0.43000000000000005,0.43000000000000005,0.4290801,0.000919901132583667,0.0021393049594969,0,0,0,0.9865696446998818,0,0.9861644888547272,0,0,0.04684249269090645,0
2025-07-18 15:00:00+00:00,0.44000000000000006,0.44000000000000006,0.43275326,0.007246735095977841,0.016723234836871936,0,0,0,0.8954325719136741,0,0.9004611837048424,0,0,0.08910235776595911,0
2025-07-18 16:00:00+00:00,0.43000000000000005,0.43000000000000005,0.44952694,-0.01952693581581111,0.04244986046915458,0,0,0,0.74027243052628,0,0.7428900845503459,0,0,0.04997997241143008,0
2025-07-18 17:00:00+00:00,0.51,0.51,0.46565086,0.044349143505096444,0.0927159794531633,0,0,0,0.481004540098241,0,0.47809377401998465,0,0,0.6814515584196795,0
2025-07-18 18:00:00+00:00,0.495,0.495,0.4653151,0.029684896469116206,0.061417027177481806,0,0,0,0.6342621076803864,0,0.6372021521906226,0,0,0.649618860412711,0
2025-07-18 19:00:00+00:00,0.44500000000000006,0.44500000000000006,0.46534392,-0.020343922376632628,0.04343898016362839,0,0,0,0.7345369792401341,0,0.7355880092236742,0,0,0.29034777030471987,0
2025-07-18 20:00:00+00:00,0.46499999999999997,0.46499999999999997,0.46030015,0.004699852466583221,0.010367321617462986,0,0,0,0.9350125133503466,0,0.9411990776325904,0,0,0.27134345268107213,0
2025-07-18 21:00:00+00:00,0.45000000000000007,0.45000000000000007,0.4442379,0.005762112140655584,0.012710541486740258,0,0,0,0.920386744561413,0,0.9254419677171406,0,0,0.5503828417003982,0
2025-07-18 22:00:00+00:00,0.44500000000000006,0.44500000000000006,0.4331808,0.011819190979003968,0.025881440100008687,0,0,0,0.8390775945747512,0,0.8366641045349731,0,0,0.34584385110423327,0
2025-07-18 23:00:00+00:00,0.475,0.475,0.4290541,0.045945888757705666,0.1021019750171237,0,0,0,0.44088410953986773,0,0.4308224442736357,0,0,0.860385896597918,0
2025-07-19 00:00:00+00:00,0.43000000000000005,0.43000000000000005,0.42994764,5.235552787785647e-05,0.00011591629788455306,0,0,0,0.9992722399077271,0,0.9996156802459646,0,0,0.607070203952483,0
2025-07-19 01:00:00+00:00,0.44999999999999996,0.44999999999999996,0.43796733,0.012032669782638505,0.027982952982880244,0,0,0,0.8262937976095774,0,0.8251345119139124,0,0,0.35698792201562896,0
2025-07-19 02:00:00+00:00,0.41000000000000003,0.41000000000000003,0.4452558,-0.035255786180496185,0.08394234804880045,0,0,0,0.5209905550458163,0,0.5196003074558032,0,0,0.5579933352256632,0
2025-07-19 03:00:00+00:00,0.4,0.4,0.45261756,-0.05261755585670469,0.13099806437353864,0,0,0,0.334403837033312,0,0.323597232897771,0,0,0.5495764785730531,0
2025-07-19 04:00:00+00:00,0.395,0.395,0.4527533,-0.057753305435180646,0.1431900134756545,0,0,0,0.29681836407891116,0,0.29592621060722524,0,0,0.5436955917807547,0
2025-07-19 05:00:00+00:00,0.41500000000000004,0.41500000000000004,0.44752526,-0.032525262832641566,0.08030929094479398,0,0,0,0.5382430877286182,0,0.5392006149116064,0,0,0.6390299374976516,0
2025-07-19 06:00:00+00:00,0.405,0.405,0.43904686,-0.03404685974121091,0.08583241951565776,0,0,0,0.512175091517876,0,0.5115295926210608,0,0,0.7845322045476698,0
2025-07-19 07:00:00+00:00,0.37,0.37,0.4328101,-0.06281009793281556,0.16824133374861308,0,0,0,0.23179688263486375,0,0.23328209069946193,0,0,0.5088810111882438,0
2025-07-19 08:00:00+00:00,0.345,0.345,0.4240539,-0.0790539073944092,0.21270109612845528,0,0,0,0.14958971902294174,0,0.13489623366641046,0,0,0.3889371704895385,0
2025-07-19 09:00:00+00:00,0.4,0.4,0.40827712,-0.008277124166488625,0.021043536016496504,0,0,0,0.8687290632934282,0,0.8700999231360492,0,0,0.7186648626229185,0
2025-07-19 10:00:00+00:00,0.43500000000000005,0.43500000000000005,0.38743228,0.04756772279739385,0.11696981015752585,0,0,0,0.3829389366906554,0,0.3754803996925442,0,0,0.48274269947630455,0
2025-07-19 11:00:00+00:00,0.385,0.385,0.37715748,0.007842520475387582,0.019524947241628836,0,0,0,0.8780935181401369,0,0.8804765564950039,0,0,0.5832836958575857,0
2025-07-19 12:00:00+00:00,0.385,0.385,0.384904,9.600281715393955e-05,0.0002504421317059293,0,0,0,0.9984276442479022,0,0.9980784012298232,0,0,0.3524214619753114,0
2025-07-19 13:00:00+00:00,0.38,0.38,0.3900823,-0.010082299709320064,0.02664925033300457,0,0,0,0.8343996651904667,0,0.8324365872405841,0,0,0.7849512511157132,0
2025-07-19 14:00:00+00:00,0.37,0.37,0.38985884,-0.019858841896057133,0.053915407862598554,0,0,0,0.6751381807052494,0,0.6756341275941584,0,0,0.4713667913798055,0
2025-07-19 15:00:00+00:00,0.355,0.355,0.38682482,-0.031824816465377825,0.08562730887545604,0,0,0,0.5131264216918006,0,0.5122982321291314,0,0,0.465082668184391,0
2025-07-19 16:00:00+00:00,0.39,0.39,0.38536733,0.004632666110992445,0.012464572495943798,0,0,0,0.921920352947723,0,0.9269792467332821,0,0,0.8749855577259822,0
2025-07-19 17:00:00+00:00,0.37,0.37,0.38199747,-0.011997466087341313,0.031434408962466326,0,0,0,0.8054407218996895,0,0.808608762490392,0,0,0.465675639565183,0
2025-07-19 18:00:00+00:00,0.385,0.385,0.38690132,-0.0019013190269470126,0.005047749629062866,0,0,0,0.9683203684360443,0,0.9727132974634897,0,0,0.39242194039694817,0
2025-07-19 19:00:00+00:00,0.375,0.375,0.39052266,-0.015522658824920654,0.040493892586749534,0,0,0,0.7516741353260364,0,0.7544196771714067,0,0,0.6752696991100559,0
2025-07-19 20:00:00+00:00,0.39,0.39,0.39175233,-0.0017523324489593373,0.004631715724121596,0,0,0,0.9709296853995794,0,0.9761721752498078,0,0,0.8921764966459796,0
2025-07-19 21:00:00+00:00,0.37,0.37,0.3899278,-0.01992780447006226,0.05267261093408527,0,0,0,0.6820488413869382,0,0.687163720215219,0,0,0.7279688992276452,0
2025-07-19 22:00:00+00:00,0.375,0.375,0.38702026,-0.012020260095596313,0.032197125256061554,0,0,0,0.8008580256655199,0,0.8051498847040738,0,0,0.7863230947093204,0
2025-07-19 23:00:00+00:00,0.375,0.375,0.3801435,-0.005143493413925171,0.013964235512919015,0,0,0,0.9125766791734509,0,0.9192928516525749,0,0,0.8210123220354798,0
2025-07-20 00:00:00+00:00,0.355,0.355,0.3726627,-0.017662693262100237,0.051949097829706574,0,0,0,0.6860894771197784,0,0.6913912375096081,0,0,0.9265535447368796,0
2025-07-20 01:00:00+00:00,0.29000000000000004,0.29000000000000004,0.3658263,-0.07582630872726437,0.23572945718320526,0,0,0,0.1197141583266553,0,0.10184473481936973,0,0,0.4643401530578006,0
2025-07-20 02:00:00+00:00,0.32,0.32,0.35966206,-0.039662055969238275,0.12863369503536737,0,0,0,0.3421787550398632,0,0.3324365872405841,0,0,0.6121953929311883,0
2025-07-20 03:00:00+00:00,0.315,0.315,0.34076038,-0.025760380029678343,0.08221397881812238,0,0,0,0.5291478836121218,0,0.5272867025365104,0,0,0.5837521707294064,0
2025-07-20 04:00:00+00:00,0.305,0.305,0.32570723,-0.02070722699165345,0.06644030050797897,0,0,0,0.6077324418659565,0,0.6122213681783244,0,0,0.5521911925795581,0
2025-07-20 05:00:00+00:00,0.315,0.315,0.31975865,-0.004758653640747068,0.015106836954752597,0,0,0,0.905469042117139,0,0.9116064565718678,0,0,0.2782329093411584,0
2025-07-20 06:00:00+00:00,0.325,0.325,0.32059672,0.004403275251388561,0.014053006121452856,0,0,0,0.9120241099006817,0,0.9181398923904689,0,0,0.6986027545309691,0
2025-07-20 07:00:00+00:00,0.3,0.3,0.32724062,-0.027240616083145153,0.08882809592329942,0,0,0,0.4984290188130587,0,0.49769408147578786,0,0,0.37520344010765044,0
2025-07-20 08:00:00+00:00,0.295,0.295,0.33515993,-0.04015992760658266,0.13848250898821607,0,0,0,0.31084155884981407,0,0.3055342044581092,0,0,0.5969016830753198,0
2025-07-20 09:00:00+00:00,0.275,0.275,0.33522034,-0.06022033691406248,0.20298989971032294,0,0,0,0.1644996816356049,0,0.1556495003843198,0,0,0.174690923997073,0
2025-07-20 10:00:00+00:00,0.32,0.32,0.32980737,-0.009807370901107781,0.032510621771628,0,0,0,0.7989772098352861,0,0.8028439661798616,0,0,0.8965416254347364,0
2025-07-20 11:00:00+00:00,0.31,0.31,0.31719813,-0.007198127508163454,0.02285119843861414,0,0,0,0.8576160285736909,0,0.8585703305149884,0,0,0.75794514404722,0
2025-07-20 12:00:00+00:00,0.315,0.315,0.3094339,0.005566092729568484,0.017577134935479424,0,0,0,0.8901399659116636,0,0.8946963873943121,0,0,0.849920504123692,0
2025-07-20 13:00:00+00:00,0.325,0.325,0.3070581,0.017941904067993175,0.05355792259102441,0,0,0,0.6771220857047073,0,0.6787086856264413,0,0,0.9051998868980866,0
2025-07-20 14:00:00+00:00,0.365,0.365,0.30899304,0.05600695848464965,0.1562984887943711,0,0,0,0.2608566424779844,0,0.2640276710222905,0,0,0.6190268935652372,0
2025-07-20 15:00:00+00:00,0.385,0.385,0.31312308,0.07187692284584046,0.1960279713977467,0,0,0,0.17614767991185867,0,0.16641045349730976,0,0,0.5757173650871688,0
2025-07-20 16:00:00+00:00,0.35,0.35,0.32494316,0.025056844949722268,0.06711654897247035,0,0,0,0.6042145760860648,0,0.6072252113758647,0,0,0.7456521438382482,0
2025-07-20 17:00:00+00:00,0.385,0.385,0.34122646,0.0437735414505005,0.11621294190398362,0,0,0,0.3857246554642177,0,0.3797079169869332,0,0,0.6623039793687724,0
2025-07-20 18:00:00+00:00,0.395,0.395,0.35041097,0.04458903193473818,0.11288362515123589,0,0,0,0.39818572505351435,0,0.39162182936202916,0,0,0.604653154743288,0
2025-07-20 19:00:00+00:00,0.405,0.405,0.35997403,0.04502597332000735,0.10981944712196916,0,0,0,0.40995471442640946,0,0.40353574173712525,0,0,0.4012239457327963,0
2025-07-20 20:00:00+00:00,0.43000000000000005,0.43000000000000005,0.3706026,0.05939739227294927,0.13707090524526755,0,0,0,0.31516520108157814,0,0.30899308224442734,0,0,0.21632906397219134,0
2025-07-20 21:00:00+00:00,0.46499999999999997,0.46499999999999997,0.38156906,0.08343094229698178,0.18071684252053816,0,0,0,0.20487860462503005,0,0.20099923136049191,0,0,0.039256543291078826,0
2025-07-20 22:00:00+00:00,0.49,0.49,0.39364308,0.09635691881179809,0.19335836550862492,0,0,0,0.18083993338581755,0,0.17332820906994617,0,0,0.013359596735851003,0
2025-07-20 23:00:00+00:00,0.54,0.54,0.40793645,0.13206354618072513,0.253968358039856,0,0,0,0.10066048182456232,0,0.08153148844979152,0,0,0.0013146135423712,1
2025-07-21 00:00:00+00:00,0.53,0.53,0.42480835,0.10519164681434634,0.2029420838861987,0,0,0,0.16457686559356793,0,0.1560338201383551,0,0,0.002941767618337643,1
2025-07-21 01:00:00+00:00,0.485,0.485,0.44836572,0.03663428187370299,0.07400865024990502,0,0,0,0.5691099892483916,0,0.5734050730207533,0,0,0.025432625836755172,0
2025-07-21 02:00:00+00:00,0.47,0.47,0.46935344,0.0006465625762939187,0.0012888290557353862,0,0,0,0.9919085080468443,0,0.9919292851652575,0,0,0.06381715366979024,0
2025-07-21 03:00:00+00:00,0.55,0.55,0.47408232,0.07591767907142644,0.14506562879890403,0,0,0,0.29139807640198917,0,0.29093005380476555,0,0,0.004502495111085345,1
2025-07-21 04:00:00+00:00,0.55,0.55,0.4666621,0.0833378911018372,0.15577175906885457,0,0,0,0.2622172394584401,0,0.26479631053036123,0,0,0.004871285621809979,1
2025-07-21 05:00:00+00:00,0.505,0.505,0.47759083,0.027409170866012578,0.05305000812776627,0,0,0,0.6799462635808077,0,0.6840891621829361,0,0,0.06686930362443476,0
2025-07-21 06:00:00+00:00,0.495,0.495,0.50331116,-0.008311157226562504,0.01749717310855264,0,0,0,0.8906352932877374,0,0.8958493466564181,0,0,0.11452847058282088,0
2025-07-21 07:00:00+00:00,0.42500000000000004,0.42500000000000004,0.5221432,-0.09714318513870235,0.21428643780596104,0,0,0,0.14729518451682078,0,0.13259031514219832,0,0,0.9225853913049613,0
2025-07-21 08:00:00+00:00,0.44000000000000006,0.44000000000000006,0.52676517,-0.08676516771316523,0.18793899143645895,0,0,0,0.19076840548826984,0,0.18447348193697155,0,0,0.7497640316489013,0
2025-07-21 09:00:00+00:00,0.52,0.52,0.5065669,0.013433117866516131,0.027229292972667834,0,0,0,0.8308711954758256,0,0.8293620292083013,0,0,0.05703907693726307,0
2025-07-21 10:00:00+00:00,0.52,0.52,0.4822454,0.03775461435317995,0.07402865559447049,0,0,0,0.569010108495005,0,0.5726364335126826,0,0,0.04603664221779189,0
2025-07-21 11:00:00+00:00,0.49,0.49,0.4795521,0.010447909832000724,0.02082639833621407,0,0,0,0.8700665037950184,0,0.872021521906226,0,0,0.5234854278186282,0
2025-07-21 12:00:00+00:00,0.495,0.495,0.49214467,0.0028553259372711137,0.006075161568661944,0,0,0,0.9618786963791394,0,0.9661798616448886,0,0,0.47464347648470384,0
2025-07-21 13:00:00+00:00,0.42500000000000004,0.42500000000000004,0.49839735,-0.07339735031127925,0.1556127568437016,0,0,0,0.2626293090949637,0,0.26556495003843195,0,0,0.7655205893608098,0
2025-07-21 14:00:00+00:00,0.495,0.495,0.49997833,-0.00497833371162415,0.010091216983021926,0,0,0,0.9367380687953207,0,0.9431206764027671,0,0,0.5393049327758229,0
2025-07-21 15:00:00+00:00,0.56,0.56,0.48563942,0.0743605768680573,0.14724866706546,0,0,0,0.2852071296959695,0,0.28401229823212915,0,0,0.09999061074408896,0
2025-07-21 16:00:00+00:00,0.4600000000000001,0.4600000000000001,0.4793206,-0.019320585727691575,0.03903148631856884,0,0,0,0.7602493470486499,0,0.7621060722521138,0,0,0.8364486917560711,0
2025-07-21 17:00:00+00:00,0.46499999999999997,0.46499999999999997,0.49437773,-0.029377732276916535,0.06340517757607884,0,0,0,0.6236788505207214,0,0.6249039200614912,0,0,0.5845012301528203,0
2025-07-21 18:00:00+00:00,0.46499999999999997,0.46499999999999997,0.49665904,-0.031659040451049836,0.0698361186420217,0,0,0,0.5901985679054065,0,0.5922367409684858,0,0,0.8202429779269057,0
2025-07-21 19:00:00+00:00,0.43000000000000005,0.43000000000000005,0.48754704,-0.05754703998565669,0.1298053533511053,0,0,0,0.338305738933029,0,0.32782475019215984,0,0,0.4793168785543342,0
2025-07-21 20:00:00+00:00,0.43500000000000005,0.43500000000000005,0.48158744,-0.046587439775466866,0.10588054494424284,0,0,0,0.4255094211167683,0,0.41429669485011533,0,0,0.24290361697703325,0
2025-07-21 21:00:00+00:00,0.45500000000000007,0.45500000000000007,0.47175294,-0.016752941608428884,0.036685273595099745,0,0,0,0.7740939036753881,0,0.777478862413528,0,0,0.5598051893682502,0
2025-07-21 22:00:00+00:00,0.48,0.48,0.4629226,0.017077397108077985,0.03473368903337895,0,0,0,0.7856880401311019,0,0.7890084550345888,0,0,0.7413357084665247,0
2025-07-21 23:00:00+00:00,0.54,0.54,0.45763737,0.08236263036727909,0.15638474120369444,0,0,0,0.2606344973662826,0,0.2632590315142198,0,0,0.2850876639924881,0
2025-07-22 00:00:00+00:00,0.56,0.56,0.45987853,0.10012146592140203,0.19070755413600385,0,0,0,0.18562773548253855,0,0.180630284396618,0,0,0.09096566955868639,0
2025-07-22 01:00:00+00:00,0.475,0.475,0.47445855,0.0005414545536041038,0.0010513680652506868,0,0,0,0.993399275709658,0,0.9942352036894696,0,0,0.7400719908487808,0
2025-07-22 02:00:00+00:00,0.51,0.51,0.49596548,0.01403451919555665,0.029340458248550486,0,0,0,0.8180700715573954,0,0.8197540353574173,0,0,0.48028146523398046,0
2025-07-22 03:00:00+00:00,0.44999999999999996,0.44999999999999996,0.4958524,-0.04585241079330449,0.09552585581938436,0,0,0,0.46870490479152743,0,0.4638739431206764,0,0,0.6475233706415938,0
2025-07-22 04:00:00+00:00,0.48,0.48,0.487561,-0.0075609874725341975,0.016496699940074612,0,0,0,0.89683779028674,0,0.9019984627209838,0,0,0.8460936983598359,0
2025-07-22 05:00:00+00:00,0.44500000000000006,0.44500000000000006,0.46508247,-0.020082466602325377,0.04227887705752711,0,0,0,0.7412659720091985,0,0.7440430438124519,0,0,0.6629155331151211,0
2025-07-22 06:00:00+00:00,0.5,0.5,0.4509669,0.04903310537338257,0.10109918633687126,0,0,0,0.4450391432324507,0,0.436587240584166,0,0,0.6402803182787385,0
2025-07-22 07:00:00+00:00,0.51,0.51,0.4443884,0.06561161041259767,0.13166209447344013,0,0,0,0.33224920536721136,0,0.32052267486548813,0,0,0.5225576932056969,0
2025-07-22 08:00:00+00:00,0.485,0.485,0.4563841,0.02861590743064879,0.05820184562165855,0,0,0,0.6516020021809124,0,0.6560338201383551,0,0,0.8779836529912886,0
2025-07-22 09:00:00+00:00,0.48,0.48,0.479615,0.00038499712944028985,0.0007699942588805797,0,0,0,0.9951657673448219,0,0.995772482705611,0,0,0.8840774056929731,0
2025-07-22 10:00:00+00:00,0.535,0.535,0.49343923,0.04156077265739444,0.07720267366698656,0,0,0,0.5533136923260034,0,0.5545734050730208,0,0,0.14557738207154539,0
2025-07-22 11:00:00+00:00,0.6,0.6,0.48989177,0.11010823249816892,0.18929782091375746,0,0,0,0.18822721185912722,0,0.18216756341275941,0,0,0.009197874568897714,1
2025-07-22 12:00:00+00:00,0.61,0.61,0.48914537,0.12085463166236876,0.20541863738646252,0,0,0,0.16062897153583813,0,0.1502690238278247,0,0,0.008472293211734122,1
2025-07-22 13:00:00+00:00,0.5549999999999999,0.5549999999999999,0.5065686,0.048431389331817565,0.08832472218568553,0,0,0,0.5007193832068909,0,0.5015372790161414,0,0,0.07833541393066791,0
2025-07-22 14:00:00+00:00,0.48,0.48,0.5324305,-0.052430529594421404,0.10314202543164867,0,0,0,0.4366078437630195,0,0.42697924673328214,0,0,0.7588776567383276,0
2025-07-22 15:00:00+00:00,0.49,0.49,0.5473417,-0.05734170436859132,0.12114444584913658,0,0,0,0.3678848586998012,0,0.35857033051498843,0,0,0.7525283478026149,0
2025-07-22 16:00:00+00:00,0.45000000000000007,0.45000000000000007,0.5334777,-0.08347772359848016,0.18016774877369818,0,0,0,0.20599408771096533,0,0.20407378939277476,0,0,0.8915310632286708,0
2025-07-22 17:00:00+00:00,0.44999999999999996,0.44999999999999996,0.511794,-0.06179397106170659,0.1383447113321789,0,0,0,0.3112611912706466,0,0.3059185242121445,0,0,0.5244373062748761,0
2025-07-22 18:00:00+00:00,0.44000000000000006,0.44000000000000006,0.49017575,-0.050175753831863346,0.11275450299295134,0,0,0,0.39867583588767913,0,0.3923904688700999,0,0,0.65774988582119,0
2025-07-22 19:00:00+00:00,0.44500000000000006,0.44500000000000006,0.47648555,-0.03148555040359491,0.06869574633511617,0,0,0,0.5960500383394699,0,0.5976172175249808,0,0,0.6057492852259675,0
2025-07-22 20:00:00+00:00,0.49,0.49,0.47303638,0.016963621377944937,0.035965275006243684,0,0,0,0.7783632562287386,0,0.7824750192159877,0,0,0.8685764555101871,0
2025-07-22 21:00:00+00:00,0.48,0.48,0.4780107,0.0019892859458923162,0.0040597672365149315,0,0,0,0.9745175914345865,0,0.97847809377402,0,0,0.8718933658164055,0
2025-07-22 22:00:00+00:00,0.5,0.5,0.4914,0.008599996566772461,0.017257518194192228,0,0,0,0.8921202077959636,0,0.897770945426595,0,0,0.8792539121633038,0
2025-07-22 23:00:00+00:00,0.515,0.515,0.49455398,0.02044601678848268,0.04158511889182918,0,0,0,0.7453034662640677,0,0.7486548808608762,0,0,0.6497935092778054,0
2025-07-23 00:00:00+00:00,0.4600000000000001,0.4600000000000001,0.48699698,-0.02699697852134697,0.058902498592029756,0,0,0,0.6477999383611628,0,0.6518063028439662,0,0,0.8576098489122275,0
2025-07-23 01:00:00+00:00,0.4,0.4,0.47430083,-0.07430083155632017,0.18345884334893867,0,0,0,0.19939969912642427,0,0.1944657955418908,0,0,0.2942470164597467,0
2025-07-23 02:00:00+00:00,0.355,0.355,0.449551,-0.09455098628997805,0.25786632624539463,0,0,0,0.09703851708120968,0,0.0777597851308444,0,0,0.15528299149491387,0
2025-07-23 03:00:00+00:00,0.345,0.345,0.41657966,-0.07157966375350955,0.20950145488832067,0,0,0,0.15433742866453273,0,0.14142966948501157,0,0,0.1180243411404851,0
2025-07-23 04:00:00+00:00,0.325,0.325,0.3800266,-0.05502660870552062,0.168448802159757,0,0,0,0.23132142139329623,0,0.23289777094542663,0,0,0.01946980522664233,0
2025-07-23 05:00:00+00:00,0.31,0.31,0.35522857,-0.045228573083877566,0.14589862285121796,0,0,0,0.28902089916726,0,0.2882398155265181,0,0,0.01186446440099339,0
2025-07-23 06:00:00+00:00,0.295,0.295,0.3413474,-0.046347396373748795,0.14334246301159423,0,0,0,0.29637428551414147,0,0.2955418908531898,0,0,0.009655107792795666,1
2025-07-23 07:00:00+00:00,0.365,0.365,0.33743674,0.02756326436996459,0.08028135253387747,0,0,0,0.5383773198782003,0,0.5395849346656418,0,0,0.36868150907444636,0
2025-07-23 08:00:00+00:00,0.37,0.37,0.33870405,0.03129595041275024,0.08345586776733398,0,0,0,0.5232773211443379,0,0.5226748654880861,0,0,0.30168767220559844,0
2025-07-23 09:00:00+00:00,0.39,0.39,0.3552844,0.034715607166290297,0.09340522107522053,0,0,0,0.47796470535984614,0,0.4738662567255957,0,0,0.5034918820460665,0
2025-07-23 10:00:00+00:00,0.355,0.355,0.37487745,-0.019877452850341815,0.053965935340294514,0,0,0,0.674858029286127,0,0.675249807840123,0,0,0.3009211408912166,0
2025-07-23 11:00:00+00:00,0.36,0.36,0.38777864,-0.02777863979339601,0.07610586244766031,0,0,0,0.5587037929156984,0,0.5607225211375865,0,0,0.3385525907451106,0
2025-07-23 12:00:00+00:00,0.38,0.38,0.38056102,-0.0005610239505767778,0.001469931748236099,0,0,0,0.9907715812971571,0,0.9911606456571868,0,0,0.5404653100023447,0
2025-07-23 13:00:00+00:00,0.405,0.405,0.36144882,0.04355117559432986,0.11410788365326602,0,0,0,0.3935641716139084,0,0.3873943120676403,0,0,0.8783994214166353,0
2025-07-23 14:00:00+00:00,0.36,0.36,0.34697714,0.0130228555202484,0.0347276147206624,0,0,0,0.7857242341449099,0,0.7893927747886241,0,0,0.8199505736344362,0
2025-07-23 15:00:00+00:00,0.36,0.36,0.34639817,0.013601825237274157,0.0388623578207833,0,0,0,0.7612438023810519,0,0.7624903920061491,0,0,0.8198784428803559,0
2025-07-23 16:00:00+00:00,0.33,0.33,0.34981322,-0.01981322288513182,0.05607515910886364,0,0,0,0.6632206259329432,0,0.6683320522674865,0,0,0.46957244526620373,0
2025-07-23 17:00:00+00:00,0.37,0.37,0.35410124,0.015898759365081783,0.042585962585040486,0,0,0,0.7394820129296221,0,0.7421214450422752,0,0,0.8665757246497013,0
2025-07-23 18:00:00+00:00,0.42000000000000004,0.42000000000000004,0.35653627,0.0634637308120728,0.1699921361037664,0,0,0,0.227814897022739,0,0.22790161414296695,0,0,0.79774623986445,0
2025-07-23 19:00:00+00:00,0.32999999999999996,0.32999999999999996,0.36422962,-0.03422961950302128,0.09007794606058231,0,0,0,0.4927761993090385,0,0.4923136049192929,0,0,0.2865093794139074,0
2025-07-23 20:00:00+00:00,0.39,0.39,0.38563675,0.004363253116607679,0.005718975360687669,0,0,1,0.9641115459369833,0,0.968870099923136,0,0,0.7522150595659662,0
2025-07-23 21:00:00+00:00,0.4099999999999999,1.5688294710626416,0.3938304,1.174999082278233,1.5333878790083797,1,1,1,0.00021234499710996604,1,0.0,1,0,7.165536023748944e-10,1
2025-07-23 22:00:00+00:00,0.33999999999999997,0.33999999999999997,0.40199137,-0.06199136734008792,0.0817889399302013,0,0,1,0.5311679301140099,0,0.5288239815526519,0,0,0.23630411422136707,0
2025-07-23 23:00:00+00:00,0.365,0.365,0.40554243,-0.04054243326187135,0.11866078027864786,0,0,0,0.3767778752373331,0,0.3685626441199078,0,0,0.03786155372955195,0
2025-07-24 00:00:00+00:00,0.32,0.32,0.3908388,-0.07083880186080932,0.20733307861700292,0,0,0,0.1576457048945169,0,0.14527286702536513,0,0,0.10046380993522372,0
2025-07-24 01:00:00+00:00,0.33999999999999997,0.33999999999999997,0.37091973,-0.030919734239578278,0.09094039482228905,0,0,0,0.4889038499603602,0,0.4880860876249039,0,0,0.37695599991333884,0
2025-07-24 02:00:00+00:00,0.36,0.36,0.34798816,0.012011841535568224,0.03448375560450208,0,0,0,0.7871778174608359,0,0.7920830130668717,0,0,0.2336962209775546,0
2025-07-24 03:00:00+00:00,0.345,0.345,0.33245638,0.0125436198711395,0.03653481515865874,0,0,0,0.7749852808337507,0,0.7790161414296695,0,0,0.29219452096553566,0
2025-07-24 04:00:00+00:00,0.325,0.325,0.33065048,-0.005650478601455677,0.016951435804367032,0,0,0,0.8940174878442861,0,0.8993082244427364,0,0,0.05883875944962147,0
2025-07-24 05:00:00+00:00,0.33,0.33,0.33436027,-0.004360271692275985,0.013485376367863873,0,0,0,0.9155584495193312,0,0.9219830899308225,0,0,0.01347759112559758,0
2025-07-24 06:00:00+00:00,0.315,0.315,0.3362909,-0.02129089593887329,0.06868030948023642,0,0,0,0.5961295036877955,0,0.5980015372790162,0,0,0.02119846963842433,0
2025-07-24 07:00:00+00:00,0.28500000000000003,0.28500000000000003,0.33463794,-0.04963793992996213,0.18050159974531682,0,0,0,0.20531513547792005,0,0.20292083013066875,0,0,0.017115265905847353,0
2025-07-24 08:00:00+00:00,0.22499999999999998,0.22499999999999998,0.33304933,-0.10804932713508608,0.41557433513494646,0,0,0,0.02537931652973796,0,0.009803989859050212,1,0,0.0033027083780768777,1
2025-07-24 09:00:00+00:00,0.27,0.27,0.32601094,-0.05601094245910643,0.2140545571685596,0,0,0,0.14762843832536393,0,0.13335895465026903,0,0,0.03503549626386584,0
2025-07-24 10:00:00+00:00,0.29,0.29,0.30813372,-0.018133721351623555,0.060783423524995155,0,0,0,0.6376574019892338,0,0.6395080707148347,0,0,0.06131508307846668,0
2025-07-24 11:00:00+00:00,0.335,0.335,0.2952609,0.0397390937805176,0.12549187509637136,0,0,0,0.3527615391199717,0,0.3435818601076095,0,0,0.29616554293239356,0
2025-07-24 12:00:00+00:00,0.325,0.325,0.29169625,0.033303749561309826,0.09991124868392948,0,0,0,0.45000198687545395,0,0.44119907763259036,0,0,0.0060298443935816485,1
2025-07-24 13:00:00+00:00,0.33999999999999997,0.33999999999999997,0.29991317,0.04008683204650876,0.11292065365213735,0,0,0,0.39804526978140986,0,0.39123750960799386,0,0,0.25377138117710346,0
2025-07-24 14:00:00+00:00,0.4,0.4,0.3133575,0.08664249777793886,0.23416891291334832,0,0,0,0.12151959056742183,0,0.10338201383551116,0,0,0.31174602682672103,0
2025-07-24 15:00:00+00:00,0.37,0.37,0.3271148,0.042885209321975704,0.11643043254835032,0,0,0,0.3849223814402668,0,0.37778631821675634,0,0,0.4203979750881286,0
2025-07-24 16:00:00+00:00,0.33499999999999996,0.33499999999999996,0.3482161,-0.013216086626052892,0.03620845650973395,0,0,0,0.7769202024725256,0,0.7809377401998463,0,0,0.10839634753274341,0
2025-07-24 17:00:00+00:00,0.39,0.39,0.36388597,0.026114031076431288,0.06753628726663263,0,0,0,0.6020375881587677,0,0.6037663335895465,0,0,0.10387044909298329,0
2025-07-24 18:00:00+00:00,0.43500000000000005,0.43500000000000005,0.36416402,0.07083597540855413,0.17490364298408426,0,0,0,0.2170059076241501,0,0.21445042275172943,0,0,0.02328044821129034,0
2025-07-24 19:00:00+00:00,0.39,0.39,0.36462426,0.025375738143920912,0.06797072717121673,0,0,0,0.5997896156251527,0,0.6014604150653344,0,0,0.01964733728763994,0
2025-07-24 20:00:00+00:00,0.29500000000000004,0.29500000000000004,0.3762158,-0.08121578574180599,0.23094536229897433,0,0,0,0.12534363503356816,0,0.10876249039200614,0,0,0.014366411479656501,0
2025-07-24 21:00:00+00:00,0.37,0.37,0.38645688,-0.016456876993179326,0.04550288569542671,0,0,0,0.7226369287475576,0,0.721368178324366,0,0,0.2945025115198986,0
2025-07-24 22:00:00+00:00,0.42000000000000004,0.42000000000000004,0.37289885,0.04710115313529972,0.1182455727246018,0,0,0,0.3782826798457945,0,0.3693312836279785,0,0,0.16649461346408378,0
2025-07-24 23:00:00+00:00,0.405,0.405,0.3666623,0.03833770632743838,0.09505216444819434,0,0,0,0.47076109965722646,0,0.46579554189085315,0,0,0.49134882036245825,0
2025-07-25 00:00:00+00:00,0.385,0.385,0.38149494,0.0035050606727600186,0.008799315496468665,0,0,0,0.9448173927742541,0,0.9504227517294389,0,0,0.6917518464126765,0
2025-07-25 01:00:00+00:00,0.405,0.405,0.3940338,0.010966210365295437,0.025113458851821608,0,0,0,0.8437646237115101,0,0.8424289008455035,0,0,0.5778002202268363,0
2025-07-25 02:00:00+00:00,0.52,0.52,0.3958973,0.12410270094871523,0.27175773930375596,0,0,0,0.08526398932199786,0,0.06559253090303657,0,0,0.0033570714200026916,1
2025-07-25 03:00:00+00:00,0.44500000000000006,0.44500000000000006,0.39188144,0.053118563890457215,0.10767276464281868,0,0,0,0.4183723346119621,0,0.40891621829362024,0,0,0.17409016043153044,0
2025-07-25 04:00:00+00:00,0.515,0.515,0.40914115,0.1058588469028473,0.21901830393692542,0,0,0,0.14066742598581503,0,0.1249039200614912,0,0,0.004480446802795818,1
2025-07-25 05:00:00+00:00,0.49,0.49,0.42408493,0.06591506838798522,0.12555251121520994,0,0,0,0.3525545590728251,0,0.3431975403535742,0,0,0.026110937164595106,0
2025-07-25 06:00:00+00:00,0.5700000000000001,0.5700000000000001,0.44156474,0.1284352612495423,0.24006590887764914,0,0,0,0.1148492610351035,0,0.09640699774647017,0,0,0.0015553542186857673,1
2025-07-25 07:00:00+00:00,0.545,0.545,0.45061362,0.09438638210296635,0.18690372693656704,0,0,0,0.19272819859678836,0,0.1879323597232898,0,0,0.007316590324581693,1
2025-07-25 08:00:00+00:00,0.4,0.4,0.46948892,-0.0694889187812805,0.14229812719716142,0,0,0,0.29942893404516624,0,0.2982321291314374,0,0,0.784798911128355,0
2025-07-25 09:00:00+00:00,0.52,0.52,0.4905404,0.029459614753723162,0.06223862271913344,0,0,0,0.6298755691729331,0,0.6337432744043043,0,0,0.055416134850696984,0
2025-07-25 10:00:00+00:00,0.5,0.5,0.4810403,0.01895970106124878,0.03717588443382114,0,0,0,0.7711902566417642,0,0.7759415833973866,0,0,0.32003559334814874,0
2025-07-25 11:00:00+00:00,0.51,0.51,0.48194265,0.02805734634399415,0.05519477969310325,0,0,0,0.6680643513239931,0,0.671022290545734,0,0,0.2277123103720268,0
2025-07-25 12:00:00+00:00,0.515,0.515,0.49146336,0.023536636829376234,0.04483168919881187,0,0,0,0.7264967414138354,0,0.7244427363566488,0,0,0.19188587727143414,0
2025-07-25 13:00:00+00:00,0.55,0.55,0.5043069,0.04569308757781987,0.08409770719844148,0,0,0,0.5202617994191358,0,0.5188316679477325,0,0,0.04714809937512155,0
2025-07-25 14:00:00+00:00,0.565,0.565,0.51786494,0.04713505744934077,0.08622266606586726,0,0,0,0.510368662535689,0,0.51076095311299,0,0,0.04451961899123696,0
2025-07-25 15:00:00+00:00,0.5249999999999999,0.5249999999999999,0.53507835,-0.010078346729278653,0.019319514497019786,0,0,0,0.8793622268867533,0,0.882782475019216,0,0,0.3106086967648727,0
2025-07-25 16:00:00+00:00,0.475,0.475,0.5516573,-0.07665731906890871,0.1597027480602265,0,0,0,0.2522272653422352,0,0.255956956187548,0,0,0.9268641547111274,0
2025-07-25 17:00:00+00:00,0.44000000000000006,0.44000000000000006,0.5542086,-0.11420857667922968,0.24213832511497457,0,0,0,0.11260111040167599,0,0.09404074684216462,0,0,0.7214488464388826,0
2025-07-25 18:00:00+00:00,0.5,0.5,0.5342879,-0.03428792953491211,0.07118601287525005,0,0,0,0.5833204700501465,0,0.5857033051498848,0,0,0.6963517554900771,0
2025-07-25 19:00:00+00:00,0.505,0.505,0.49776334,0.007236664295196538,0.014718639244467535,0,0,0,0.9078826945904082,0,0.9123750960799385,0,0,0.7398082731137086,0
2025-07-25 20:00:00+00:00,0.47,0.47,0.4752041,-0.005204110145568874,0.011072574777806115,0,0,0,0.9306069194706971,0,0.936587240584166,0,0,0.688968588047044,0
2025-07-25 21:00:00+00:00,0.43500000000000005,0.43500000000000005,0.46983853,-0.03483852982521052,0.07573593440263157,0,0,0,0.5605298492318798,0,0.5622598001537279,0,0,0.3401736228998888,0
2025-07-25 22:00:00+00:00,0.475,0.475,0.4696023,0.005397713184356667,0.011525366229943062,0,0,0,0.9277799826372299,0,0.9338970023059185,0,0,0.8381202600159617,0
2025-07-25 23:00:00+00:00,0.495,0.495,0.4595586,0.03544139385223388,0.07184066321398759,0,0,0,0.5800038850389954,0,0.5826287471176018,0,0,0.8109447226105111,0
2025-07-26 00:00:00+00:00,0.51,0.51,0.45712996,0.05287004470825196,0.10574008941650392,0,0,0,0.4260729675191469,0,0.41506533435818604,0,0,0.7748265476815239,0
2025-07-26 01:00:00+00:00,0.495,0.495,0.45997426,0.035025740861892696,0.06981875254862333,0,0,0,0.5902873963070177,0,0.5926210607225211,0,0,0.8645390882517191,0
2025-07-26 02:00:00+00:00,0.5,0.5,0.46524385,0.03475615382194519,0.07240865379571915,0,0,0,0.5771364660272528,0,0.5807071483474251,0,0,0.8910493319111503,0
2025-07-26 03:00:00+00:00,0.44499999999999995,0.44499999999999995,0.46517664,-0.020176641941070605,0.04434426800235298,0,0,0,0.7293059015855333,0,0.7286702536510377,0,0,0.5086170322705841,0
2025-07-26 04:00:00+00:00,0.42000000000000004,0.42000000000000004,0.46288586,-0.04288585662841793,0.10170558884209785,0,0,0,0.4425227742452634,0,0.4327440430438124,0,0,0.5767974645319924,0
2025-07-26 05:00:00+00:00,0.4,0.4,0.4541762,-0.05417618751525877,0.1354404687881469,0,0,0,0.3202281929787276,0,0.3132205995388163,0,0,0.24702454705193594,0
2025-07-26 06:00:00+00:00,0.38,0.38,0.43650526,-0.0565052580833435,0.1436574358051106,0,0,0,0.29545876180856623,0,0.2947732513451191,0,0,0.0964437741306003,0
2025-07-26 07:00:00+00:00,0.4,0.4,0.4183437,-0.018343693017959573,0.05002825368534428,0,0,0,0.6968782969916153,0,0.7009992313604919,0,0,0.37543131262757,0
2025-07-26 08:00:00+00:00,0.32,0.32,0.39963633,-0.07963632822036742,0.2319504705447595,0,0,0,0.12413742906046296,0,0.10722521137586472,0,0,0.006495896913664455,1
2025-07-26 09:00:00+00:00,0.31,0.31,0.39251283,-0.08251282811164856,0.2500388730656017,0,0,0,0.1044640765222777,0,0.08550453658517458,0,0,0.011819806775380973,0
2025-07-26 10:00:00+00:00,0.36,0.36,0.38515195,-0.025151952505111708,0.07325811409255839,0,0,0,0.5728657228733601,0,0.5787855495772483,0,0,0.09025139449025306,0
2025-07-26 11:00:00+00:00,0.36,0.36,0.37105516,-0.011055155992507948,0.03158615997859413,0,0,0,0.804528181657978,0,0.8070714834742506,0,0,0.19936801694450879,0
2025-07-26 12:00:00+00:00,0.33,0.33,0.36773843,-0.03773842573165892,0.10531653692555977,0,0,0,0.42777609146483675,0,0.4181398923904689,0,0,0.03746950055928917,0
2025-07-26 13:00:00+00:00,0.385,0.385,0.36888343,0.01611656904220582,0.04375539106481218,0,0,0,0.7327066431051794,0,0.7325134511913912,0,0,0.6632450590295348,0
2025-07-26 14:00:00+00:00,0.39,0.39,0.36435616,0.02564383983612062,0.06632027543824297,0,0,0,0.6083581632402428,0,0.6141429669485012,0,0,0.6815936722034517,0
2025-07-26 15:00:00+00:00,0.385,0.385,0.36434948,0.020650515556335458,0.05363770274372846,0,0,0,0.6766790613858762,0,0.6779400461183704,0,0,0.7249090678667234,0
2025-07-26 16:00:00+00:00,0.38,0.38,0.37044242,0.009557579755783085,0.02461179336253155,0,0,0,0.8468305602392674,0,0.8466564181398923,0,0,0.8516102406984339,0
2025-07-26 17:00:00+00:00,0.4,0.4,0.37648246,0.023517543077468894,0.06030139250633051,0,0,0,0.6402476835481232,0,0.6429669485011529,0,0,0.7848529491392767,0
2025-07-26 18:00:00+00:00,0.39,0.39,0.38039377,0.009606226682662977,0.0236218688917942,0,0,0,0.8528900702697446,0,0.8528055342044581,0,0,0.7787201147203524,0
2025-07-26 19:00:00+00:00,0.43000000000000005,0.43000000000000005,0.38436598,0.04563402414321904,0.11904528037361489,0,0,0,0.3753889990226459,0,0.36664104534973097,0,0,0.8722273868268531,0
2025-07-26 20:00:00+00:00,0.33,0.33,0.384112,-0.05411200046539305,0.15387298710538305,0,0,0,0.26717924001921567,0,0.2690238278247502,0,0,0.14146642981193538,0
2025-07-26 21:00:00+00:00,0.29500000000000004,0.29500000000000004,0.38920087,-0.09420086622238155,0.2913428852238605,0,0,0,0.07129596926347091,0,0.05141076993477701,0,0,0.02556128404106671,0
2025-07-26 22:00:00+00:00,0.345,0.345,0.3816194,-0.03661939382553103,0.1098581814765931,0,0,0,0.4098041370615744,0,0.40276710222905454,0,0,0.2966131120730681,0
2025-07-26 23:00:00+00:00,0.36,0.36,0.36266294,-0.0026629412174224987,0.007229704662685517,0,0,0,0.9546441645835071,0,0.9596464258262875,0,0,0.44466541824988376,0
2025-07-27 00:00:00+00:00,0.4,0.4,0.35742682,0.042573177814483665,0.10963050080982917,0,0,0,0.4106898955466835,0,0.40430438124519597,0,0,0.8883092519226073,0
2025-07-27 01:00:00+00:00,0.405,0.405,0.3640629,0.040937094688415554,0.1027709490085746,0,0,0,0.4381296869162368,0,0.42813220599538815,0,0,0.7266309325709445,0
2025-07-27 02:00:00+00:00,0.39,0.39,0.37747908,0.012520923614501966,0.031433281040590705,0,0,0,0.8054475059557016,0,0.8089930822444273,0,0,0.6863283009463882,0
2025-07-27 03:00:00+00:00,0.4,0.4,0.3880519,0.011948102712631248,0.030636160801618587,0,0,0,0.8102470461971787,0,0.8143735588009223,0,0,0.8277434092913484,0
2025-07-27 04:00:00+00:00,0.38,0.38,0.38916293,-0.009162927865982051,0.023295579320293348,0,0,0,0.8548900684797696,0,0.8554957724827056,0,0,0.5720473463827511,0
2025-07-27 05:00:00+00:00,0.4,0.4,0.38524067,0.014759325981140159,0.03768338548376211,0,0,0,0.7681914087454491,0,0.7709454265949269,0,0,0.3837436778654863,0
2025-07-27 06:00:00+00:00,0.395,0.395,0.3766568,0.018343199491500872,0.04233046036500201,0,0,0,0.7409661700528789,0,0.7432744043043813,0,0,0.7052604808701435,0
2025-07-27 07:00:00+00:00,0.505,0.505,0.37146932,0.13353068113327027,0.28613717385700776,0,0,0,0.07473783964209868,0,0.05487350278118708,0,0,0.008576344471741234,1
2025-07-27 08:00:00+00:00,0.5,0.5,0.36993802,0.13006198406219482,0.2757497895311551,0,0,0,0.08218300754507282,0,0.0624372198687748,0,0,0.028432076388955004,0
2025-07-27 09:00:00+00:00,0.41000000000000003,0.41000000000000003,0.39300707,0.016992930173873932,0.03667538886447611,0,0,0,0.7741524519489961,0,0.7782475019215987,0,0,0.7484121265701073,0
2025-07-27 10:00:00+00:00,0.48,0.48,0.43293914,0.04706085801124571,0.10457968446943491,0,0,0,0.4307523110474003,0,0.42159877017678704,0,0,0.195309654119443,0
2025-07-27 11:00:00+00:00,0.4600000000000001,0.4600000000000001,0.44812936,0.01187064409255989,0.02562009516379832,0,0,0,0.8406717026354696,0,0.8389700230591852,0,0,0.5579183935259376,0
2025-07-27 12:00:00+00:00,0.45000000000000007,0.45000000000000007,0.45964816,-0.009648162126541071,0.021927641196684253,0,0,0,0.8632890330411854,0,0.8662567255956957,0,0,0.6035085881994073,0
2025-07-27 13:00:00+00:00,0.4099999999999999,0.4099999999999999,0.46754673,-0.05754673123359688,0.1354040734908162,0,0,0,0.32034206078585914,0,0.3136049192928516,0,0,0.9081875074789904,0
2025-07-27 14:00:00+00:00,0.41500000000000004,0.41500000000000004,0.47081292,-0.055812916755676234,0.13288789703732437,0,0,0,0.3283048658140115,0,0.3186010760953113,0,0,0.7760738163408513,0
2025-07-27 15:00:00+00:00,0.43500000000000005,0.43500000000000005,0.46014595,-0.02514595031738276,0.059634664784306936,0,0,0,0.6438406914617719,0,0.6479631053036126,0,0,0.6152847532930013,0
2025-07-27 16:00:00+00:00,0.41500000000000004,0.41500000000000004,0.44943342,-0.034433416128158534,0.08432673337508212,0,0,0,0.5191888406730789,0,0.5172943889315911,0,0,0.7693517081149104,0
2025-07-27 17:00:00+00:00,0.375,0.375,0.44916448,-0.074164479970932,0.18237167205966884,0,0,0,0.20155390161547102,0,0.19677171406610294,0,0,0.6389400592519653,0
2025-07-27 18:00:00+00:00,0.43000000000000005,0.43000000000000005,0.45107627,-0.021076269149780225,0.04920529762594604,0,0,0,0.701527467032142,0,0.7052267486548809,0,0,0.8524334857495993,0
2025-07-27 19:00:00+00:00,0.48,0.48,0.443271,0.0367289888858795,0.07572987399150412,0,0,0,0.5605597988801921,0,0.5630284396617986,0,0,0.20598292608482724,0
2025-07-27 20:00:00+00:00,0.5449999999999999,0.5449999999999999,0.44062632,0.10437367677688592,0.21085591268057763,0,0,0,0.1523083801350233,0,0.137586471944658,0,0,0.030165004933244317,0
2025-07-27 21:00:00+00:00,0.4600000000000001,0.4600000000000001,0.44484416,0.015155843496322707,0.033067294901067724,0,0,0,0.7956415307489216,0,0.797847809377402,0,0,0.25915257935739744,0
2025-07-27 22:00:00+00:00,0.37,0.37,0.46270874,-0.0927087414264679,0.21899702699165646,0,0,0,0.14069650258728386,0,0.1252882398155265,0,0,0.2792420790664721,0
2025-07-27 23:00:00+00:00,0.43999999999999995,0.43999999999999995,0.4640664,-0.02406638622283941,0.05707443373005393,0,0,0,0.6577467715283575,0,0.6629515757109916,0,0,0.7263182479698791,0
2025-07-28 00:00:00+00:00,0.45500000000000007,0.45500000000000007,0.4359944,0.019005613327026438,0.04286980449705211,0,0,0,0.7378348437195206,0,0.7405841660261338,0,0,0.7569245950899114,0
2025-07-28 01:00:00+00:00,0.43500000000000005,0.43500000000000005,0.41573775,0.019262251853942924,0.04462297726782144,0,0,0,0.7276989805011528,0,0.7282859338970022,0,0,0.6782933230409145,0
2025-07-28 02:00:00+00:00,0.405,0.405,0.41099858,-0.005998582839965794,0.014630689853575107,0,0,0,0.908429695811224,0,0.9139123750960799,0,0,0.7652393749087819,0
2025-07-28 03:00:00+00:00,0.39,0.39,0.41103145,-0.021031454801559435,0.05257863700389858,0,0,0,0.6825729386010495,0,0.6879323597232898,0,0,0.6489764443409092,0
2025-07-28 04:00:00+00:00,0.405,0.405,0.41102153,-0.006021530628204319,0.015572924038459444,0,0,0,0.9025727395666361,0,0.9104534973097618,0,0,0.6320697558480021,0
2025-07-28 05:00:00+00:00,0.365,0.365,0.41111153,-0.046111533641815194,0.12081624534973413,0,0,0,0.3690493996223373,0,0.35972328977709456,0,0,0.6669114919777307,0
2025-07-28 06:00:00+00:00,0.375,0.375,0.41709176,-0.04209175705909729,0.11376150556512783,0,0,0,0.39486708827300004,0,0.3889315910837817,0,0,0.6314307803291064,0
2025-07-28 07:00:00+00:00,0.37,0.37,0.41701412,-0.04701412200927735,0.1200360561938996,0,0,0,0.37183066849594826,0,0.3631821675634127,0,0,0.6268046504265853,0
2025-07-28 08:00:00+00:00,0.43000000000000005,0.43000000000000005,0.41315645,0.016843550205230762,0.04300480903463173,0,0,0,0.7370519919821159,0,0.738662567255957,0,0,0.7508688675533277,0
2025-07-28 09:00:00+00:00,0.375,0.375,0.40177292,-0.026772916316986084,0.06924030081979159,0,0,0,0.5932511654978728,0,0.5949269792467333,0,0,0.25894887211816603,0
2025-07-28 10:00:00+00:00,0.355,0.355,0.40036136,-0.0453613591194153,0.11387788900271625,0,0,0,0.39442889741005344,0,0.388162951575711,0,0,0.18889071451329104,0
2025-07-28 11:00:00+00:00,0.46499999999999997,0.46499999999999997,0.39520928,0.06979071736335751,0.16616837467466075,0,0,0,0.23660122156551797,0,0.23943120676402763,0,0,0.387445917655166,0
2025-07-28 12:00:00+00:00,0.44000000000000006,0.44000000000000006,0.3811476,0.058852406740188656,0.13325073224193656,0,0,0,0.327145560011675,0,0.3174481168332052,0,0,0.623224872701107,0
2025-07-28 13:00:00+00:00,0.42000000000000004,0.42000000000000004,0.3853434,0.03465659737586979,0.07876499403606771,0,0,0,0.5456982594075859,0,0.5465026902382782,0,0,0.6580160623878313,0
2025-07-28 14:00:00+00:00,0.45999999999999996,0.45999999999999996,0.39728376,0.06271623730659481,0.07691924115508866,0,0,1,0.5547031254542071,0,0.5564950038431975,0,0,0.3229308154916623,0
2025-07-28 15:00:00+00:00,0.44000000000000006,1.566055227461605,0.40396458,1.1620906483562279,1.4165760711776116,1,1,1,0.000289565845324935,1,0.0,1,0,7.671501260355987e-10,1
2025-07-28 16:00:00+00:00,0.43500000000000005,0.43500000000000005,0.41578943,0.01921057462692266,0.024052752716315042,0,0,1,0.8502510105796668,0,0.8501152959262106,0,0,0.741306983404512,0
2025-07-28 17:00:00+00:00,0.395,0.395,0.42848006,-0.03348005890846251,0.08132807832015183,0,0,0,0.5333644580546273,0,0.5307455803228286,0,0,0.014543657142434366,0
2025-07-28 18:00:00+00:00,0.405,0.405,0.44142488,-0.03642487645149228,0.0884814812586857,0,0,0,0.5000052819582025,0,0.5003843197540354,0,0,0.13419033859500237,0
2025-07-28 19:00:00+00:00,0.43500000000000005,0.43500000000000005,0.44412166,-0.009121658802032417,0.021378887817263475,0,0,0,0.8666645386120994,0,0.8685626441199078,0,0,0.46550443260850344,0
2025-07-28 20:00:00+00:00,0.44000000000000006,0.44000000000000006,0.43970925,0.0002907538414002042,0.0006533794188768634,0,0,0,0.9958978969771918,0,0.9961568024596464,0,0,0.04922097512810055,0
2025-07-28 21:00:00+00:00,0.45999999999999996,0.45999999999999996,0.43629533,0.023704669475555384,0.05387424880808042,0,0,0,0.6753664355854122,0,0.6760184473481937,0,0,0.1799583718318618,0
2025-07-28 22:00:00+00:00,0.42000000000000004,0.42000000000000004,0.4325826,-0.012582587003707846,0.02949043828994026,0,0,0,0.8171632065902201,0,0.819369715603382,0,0,0.1656457219785604,0
2025-07-28 23:00:00+00:00,0.4,0.4,0.43535325,-0.03535324931144712,0.08693421961831257,0,0,0,0.5070870340084518,0,0.5073020753266717,0,0,0.006013696888733815,1
2025-07-29 00:00:00+00:00,0.4,0.4,0.4335746,-0.03357458710670469,0.08057900905609125,0,0,0,0.5369484264656922,0,0.5380476556495004,0,0,0.12203535532204451,0
2025-07-29 01:00:00+00:00,0.44999999999999996,0.44999999999999996,0.4232945,0.02670548558235164,0.06333316738897622,0,0,0,0.6240602882947941,0,0.6252882398155265,0,0,0.31010740342070364,0
2025-07-29 02:00:00+00:00,0.41500000000000004,0.41500000000000004,0.4129515,0.002048500776290929,0.005037296990879334,0,0,0,0.9683859204745064,0,0.973097617217525,0,0,0.4799766108685949,0
2025-07-29 03:00:00+00:00,0.355,0.355,0.4133864,-0.05838640451431276,0.15432529827571653,0,0,0,0.26598905561618497,0,0.2678708685626441,0,0,0.07213706014925254,0
2025-07-29 04:00:00+00:00,0.365,0.365,0.41240036,-0.047400364875793466,0.1304597198416334,0,0,0,0.336159936901527,0,0.3255188316679477,0,0,0.09220485371596487,0
2025-07-29 05:00:00+00:00,0.37,0.37,0.4003421,-0.030342106819152836,0.08275120041587136,0,0,0,0.5266025757301278,0,0.5253651037663336,0,0,0.06597475807585937,0
2025-07-29 06:00:00+00:00,0.365,0.365,0.38605532,-0.021055320501327524,0.05821747604053694,0,0,0,0.6515170439777813,0,0.6556495003843197,0,0,0.25198246358343385,0
2025-07-29 07:00:00+00:00,0.35,0.35,0.3793234,-0.029323393106460593,0.08070658653154293,0,0,0,0.5363368179451922,0,0.5368946963873943,0,0,0.027694168205879836,0
2025-07-29 08:00:00+00:00,0.375,0.375,0.37703407,-0.0020340681076049805,0.005472828989071697,0,0,0,0.9656548151952544,0,0.9715603382013835,0,0,0.043651861791594596,0
2025-07-29 09:00:00+00:00,0.39,0.39,0.37393335,0.016066654920578016,0.04191301283629048,0,0,0,0.7433939640528282,0,0.7471176018447347,0,0,0.44240074297176096,0
2025-07-29 10:00:00+00:00,0.385,0.385,0.3684221,0.016577908992767343,0.04381826165489165,0,0,0,0.7323432120272132,0,0.7321291314373559,0,0,0.044906115890928806,0
2025-07-29 11:00:00+00:00,0.36,0.36,0.36670747,-0.006707473993301405,0.018047015228613645,0,0,0,0.8872305039296587,0,0.8916218293620292,0,0,0.06014581427767897,0
2025-07-29 12:00:00+00:00,0.37,0.37,0.366865,0.0031349909305572465,0.008708308140436796,0,0,0,0.9453868534382732,0,0.9519600307455803,0,0,0.0029923770485186523,1
2025-07-29 13:00:00+00:00,0.35,0.35,0.36291987,-0.012919867038726829,0.03572313466929077,0,0,0,0.7798012061529467,0,0.7851652574942352,0,0,0.033531559536875755,0
2025-07-29 14:00:00+00:00,0.365,0.365,0.36342847,0.0015715265274047763,0.004577261730305174,0,0,0,0.971271248039052,0,0.9765564950038432,0,0,0.04142511720521781,0
2025-07-29 15:00:00+00:00,0.315,0.315,0.36412185,-0.04912185430526733,0.14518774671507587,0,0,0,0.2910484271720402,0,0.29054573405073025,0,0,0.047035907636898286,0
2025-07-29 16:00:00+00:00,0.335,0.335,0.3650959,-0.030095913410186748,0.09213034717404106,0,0,0,0.4835990654003662,0,0.4803996925441968,0,0,0.34566622449931494,0
2025-07-29 17:00:00+00:00,0.33,0.33,0.36248332,-0.03248332262039183,0.0994387427154852,0,0,0,0.45198823423896567,0,0.4438893159108378,0,0,0.6420861292618075,0
2025-07-29 18:00:00+00:00,0.315,0.315,0.36191845,-0.046918449401855467,0.14662015438079834,0,0,0,0.28697665451647186,0,0.2863182167563413,0,0,0.5141273982239155,0
2025-07-29 19:00:00+00:00,0.315,0.315,0.36511177,-0.05011176824569702,0.1565992757678032,0,0,0,0.2600827548640846,0,0.2628747117601845,0,0,0.8262089809471498,0
2025-07-29 20:00:00+00:00,0.33,0.33,0.36824852,-0.03824852228164671,0.11649296126389863,0,0,0,0.38469199303425194,0,0.37701767870868563,0,0,0.6353146685339852,0
2025-07-29 21:00:00+00:00,0.33999999999999997,0.33999999999999997,0.3641116,-0.024111602306365998,0.07306546153444242,0,0,0,0.573832444544402,0,0.5799385088393543,0,0,0.45459917542914285,0
2025-07-29 22:00:00+00:00,0.32,0.32,0.3568681,-0.03686808824539184,0.11461581837945652,0,0,0,0.3916601843963094,0,0.38431975403535745,0,0,0.4331641224394677,0
2025-07-29 23:00:00+00:00,0.305,0.305,0.34840432,-0.04340431809425355,0.14230923965329031,0,0,0,0.29939627555071224,0,0.29784780937740196,0,0,0.41598209641835787,0
2025-07-30 00:00:00+00:00,0.29000000000000004,0.29000000000000004,0.33761567,-0.04761566877365109,0.15697473222082778,0,0,0,0.25911988083871335,0,0.2621060722521138,0,0,0.2596948123983793,0
2025-07-30 01:00:00+00:00,0.315,0.315,0.32660195,-0.011601952314376829,0.03742565262702203,0,0,0,0.7697137558685213,0,0.7732513451191392,0,0,0.3816602811651021,0
2025-07-30 02:00:00+00:00,0.325,0.325,0.31442505,0.01057494878768922,0.035249829292297405,0,0,0,0.7826150021483708,0,0.7878554957724827,0,0,0.7667318746563525,0
2025-07-30 03:00:00+00:00,0.26,0.26,0.30770954,-0.04770954489707946,0.1645156720588947,0,0,0,0.2405021999143011,0,0.24289008455034589,0,0,0.1895005851482565,0
2025-07-30 04:00:00+00:00,0.28500000000000003,0.28500000000000003,0.30861816,-0.02361815810203549,0.08385144888296624,0,0,0,0.521417286864368,0,0.5203689469638739,0,0,0.5348615402931062,0
2025-07-30 05:00:00+00:00,0.3,0.3,0.30185455,-0.00185455083847047,0.00635846001761304,0,0,0,0.9601030641970606,0,0.9646425826287471,0,0,0.4785102083829087,0
2025-07-30 06:00:00+00:00,0.29000000000000004,0.29000000000000004,0.29580346,-0.0058034574985503795,0.019897568566458444,0,0,0,0.8757934212962681,0,0.8789392774788625,0,0,0.4033025445096394,0
2025-07-30 07:00:00+00:00,0.28500000000000003,0.28500000000000003,0.29751062,-0.012510623931884735,0.04468079975673119,0,0,0,0.7273658117037671,0,0.7267486548808608,0,0,0.3237337892926609,0
2025-07-30 08:00:00+00:00,0.265,0.265,0.30158788,-0.03658787965774535,0.13635234655060377,0,0,0,0.31738737965690805,0,0.3112990007686395,0,0,0.25379811816539444,0
2025-07-30 09:00:00+00:00,0.255,0.255,0.3010136,-0.04601358890533447,0.1769753419435941,0,0,0,0.2126027763343694,0,0.21137586471944658,0,0,0.1884721554009559,0
2025-07-30 10:00:00+00:00,0.26,0.26,0.28989404,-0.029894044399261466,0.11878428238117139,0,0,0,0.3763312798824121,0,0.3677940046118371,0,0,0.366615746328202,0
2025-07-30 11:00:00+00:00,0.24,0.24,0.27117023,-0.031170228719711313,0.12809683035497801,0,0,0,0.34396670516602873,0,0.33435818601076095,0,0,0.28049502913876195,0
2025-07-30 12:00:00+00:00,0.22999999999999998,0.22999999999999998,0.25284678,-0.02284677743911745,0.10229900345873487,0,0,0,0.4400714168363751,0,0.430053804765565,0,0,0.10472426174572755,0
2025-07-30 13:00:00+00:00,0.2,0.2,0.23684523,-0.03684522509574889,0.17005488505730257,0,0,0,0.2276734561747932,0,0.22713297463489623,0,0,0.04786805879945467,0
2025-07-30 14:00:00+00:00,0.22000000000000003,0.22000000000000003,0.22720054,-0.00720053791999814,0.03297956299235789,0,0,0,0.7961668870475181,0,0.7986164488854727,0,0,0.11176681453471411,0
2025-07-30 15:00:00+00:00,0.235,0.235,0.22138594,0.013614059090614306,0.06050692929161913,0,0,0,0.6391424333537395,0,0.6421983089930823,0,0,0.04466840853466114,0
2025-07-30 16:00:00+00:00,0.22000000000000003,0.22000000000000003,0.22564405,-0.005644052028655977,0.025461888851079594,0,0,0,0.8416371528143137,0,0.8397386625672559,0,0,0.16739005708953283,0
2025-07-30 17:00:00+00:00,0.21000000000000002,0.21000000000000002,0.24177435,-0.03177435040473936,0.1477876763011133,0,0,0,0.2836978523434096,0,0.2813220599538816,0,0,0.26628377261469166,0
2025-07-30 18:00:00+00:00,0.21500000000000002,0.21500000000000002,0.2564448,-0.04144481182098386,0.19128374686607935,0,0,0,0.1845759798590542,0,0.17986164488854728,0,0,0.41419523642800365,0
2025-07-30 19:00:00+00:00,0.22499999999999998,0.22499999999999998,0.26420307,-0.0392030715942383,0.18233986788017817,0,0,0,0.20161727754678796,0,0.19715603382013835,0,0,0.4065602839843434,0
2025-07-30 20:00:00+00:00,0.20500000000000002,0.20500000000000002,0.26878572,-0.0637857151031494,0.3013498351329893,0,0,0,0.06517394534893099,0,0.04531575447063327,0,0,0.210899846839066,0
2025-07-30 21:00:00+00:00,0.20500000000000002,0.20500000000000002,0.27104065,-0.06604064822196959,0.3302032411098479,0,0,0,0.05063289339569738,0,0.03128208985221945,0,0,0.1576311126185822,0
2025-07-30 22:00:00+00:00,0.19,0.19,0.2650888,-0.07508879661560058,0.09804948832551,0,0,1,0.45786860064793,0,0.4515757109915449,0,0,0.16550153805237094,0
2025-07-30 23:00:00+00:00,0.18,1.9024764447413556,0.2512585,1.651217952271568,2.184655046054846,1,1,1,5.258742027439721e-05,1,0.0,1,0,5.780855326339321e-11,1
2025-07-31 00:00:00+00:00,0.175,0.175,0.2336224,-0.05862240195274354,0.07705104964540364,0,0,1,0.5540566789032377,0,0.5557263643351269,0,0,0.009970810770777536,1
2025-07-31 01:00:00+00:00,0.20500000000000002,0.20500000000000002,0.21596351,-0.01096351265907286,0.05770269820564662,0,0,0,0.6543184431216584,0,0.6594926979246734,0,0,0.002244267914098411,1
2025-07-31 02:00:00+00:00,0.19,0.19,0.20509668,-0.015096676945686338,0.0808750550661768,0,0,0,0.5355299353258223,0,0.5353574173712529,0,0,0.0028016639399073974,1
2025-07-31 03:00:00+00:00,0.165,0.165,0.2031309,-0.038130900859832756,0.22212175258155004,0,0,0,0.13649468052654176,0,0.12144504227517294,0,0,0.006995155470246393,1
2025-07-31 04:00:00+00:00,0.16,0.16,0.2023716,-0.04237159729003906,0.2444515228271484,0,0,0,0.11014866543735956,0,0.09146314640643058,0,0,0.0036058185219850934,1
2025-07-31 05:00:00+00:00,0.195,0.195,0.19737124,-0.0023712444305419855,0.01205717507055247,0,0,0,0.9244613620346976,0,0.930053804765565,0,0,0.012536312581697998,0
2025-07-31 06:00:00+00:00,0.235,0.235,0.18829662,0.04670338392257689,0.20604434083489806,0,0,0,0.15964742891689898,0,0.14834742505764797,0,0,0.029672663777923464,0
2025-07-31 07:00:00+00:00,0.25,0.25,0.18425763,0.0657423734664917,0.2629694938659668,0,0,0,0.09251395075976827,0,0.07306594721693867,0,0,0.0018514364891851869,1
2025-07-31 08:00:00+00:00,0.265,0.265,0.19125682,0.07374317884445192,0.28545746649465253,0,0,0,0.07520099973421016,0,0.05534123480643237,0,0,0.0012291481276334754,1
2025-07-31 09:00:00+00:00,0.26,0.26,0.20527074,0.054729262590408334,0.20022900947710362,0,0,0,0.1690192635860419,0,0.16102997694081478,0,0,0.020420666995185417,0
2025-07-31 10:00:00+00:00,0.29500000000000004,0.29500000000000004,0.22151582,0.07348418056964878,0.26560547193848955,0,0,0,0.09026938592982175,0,0.07074549428194202,0,0,0.3904751583130932,0
2025-07-31 11:00:00+00:00,0.275,0.275,0.23272663,0.04227336645126345,0.1409112215042115,0,0,0,0.30353120893619495,0,0.3016910069177555,0,0,0.20139087702307126,0
2025-07-31 12:00:00+00:00,0.32999999999999996,0.32999999999999996,0.24324015,0.08675985217094417,0.250268804339262,0,0,0,0.10423718336769007,0,0.08526720652218293,0,0,0.07900225141900621,0
2025-07-31 13:00:00+00:00,0.43500000000000005,0.43500000000000005,0.25313395,0.1818660473823548,0.41490353014985887,0,0,0,0.025509243285359483,0,0.009897739433722292,1,0,0.01887538929122251,0
2025-07-31 14:00:00+00:00,0.55,0.55,0.27469984,0.27530016303062443,0.5178059492739017,0,0,0,0.01230502813457749,0,0.002112257025613867,1,0,3.9053817197963155e-05,1
2025-07-31 15:00:00+00:00,0.61,0.61,0.3222361,0.2877639091014862,0.4796065151691436,0,0,0,0.01593253414798387,0,0.0038265333790176294,1,0,7.270194140746828e-05,1
2025-07-31 16:00:00+00:00,0.64,0.64,0.4023984,0.23760159254074098,0.3832283750657113,0,0,0,0.032649675553509325,0,0.015397676536726447,0,0,8.61400948348577e-05,1
2025-07-31 17:00:00+00:00,0.61,0.61,0.49303332,0.1169666802883148,0.18764708067644084,0,0,0,0.1913189171643839,0,0.18562644119907767,0,0,0.00016486481669880738,1
2025-07-31 18:00:00+00:00,0.62,0.62,0.5677423,0.052257711887359615,0.08520279112069504,0,0,0,0.5150995130721261,0,0.5134511913912375,0,0,0.00012241375919376486,1
2025-07-31 19:00:00+00:00,0.61,0.61,0.60242635,0.00757364988327025,0.01302060151851619,0,0,0,0.9184541282945946,0,0.9239046887009992,0,0,0.0001767680282974659,1
2025-07-31 20:00:00+00:00,0.515,0.515,0.60799104,-0.09299103975296019,0.16655111597545108,0,0,0,0.2357067889787549,0,0.2378939277478862,0,0,0.0002766032835322458,1
2025-07-31 21:00:00+00:00,0.55,0.55,0.6014441,-0.05144412517547603,0.0886967675439242,0,0,0,0.49902580828246407,0,0.4984627209838586,0,0,0.00014581808738687546,1
2025-07-31 22:00:00+00:00,0.675,0.675,0.5785818,0.09641819000244145,0.15385881383368316,0,0,0,0.2672166176798461,0,0.2694081475787855,0,0,6.704359742832503e-05,1
2025-07-31 23:00:00+00:00,0.655,0.655,0.5691493,0.08585068464279177,0.12942314267757551,0,0,0,0.3395648028889299,0,0.32897770945426597,0,0,8.302667725972508e-05,1
2025-08-01 00:00:00+00:00,0.66,0.66,0.6043371,0.0556629037857056,0.08328614032773905,0,0,0,0.5240768565609376,0,0.5245964642582629,0,0,0.000128766416760055,1
2025-08-01 01:00:00+00:00,0.69,0.69,0.6556836,0.034316422939300484,0.04925802335784758,0,0,0,0.7012291235882713,0,0.7048424289008455,0,0,0.00018924717686326196,1
2025-08-01 02:00:00+00:00,0.74,0.74,0.69754666,0.042453339099884024,0.053177460250376646,0,0,0,0.6792369869612038,0,0.6825518831667947,0,0,8.250107011150543e-05,1
2025-08-01 03:00:00+00:00,0.9650000000000002,0.9650000000000002,0.7188497,0.24615028142929096,0.2642042376700798,0,0,0,0.09145488153209329,0,0.07197036665845306,0,0,1.2561733692730845e-06,1
2025-08-01 04:00:00+00:00,1.09,1.09,0.73169523,0.35830476522445687,0.3461881789608278,0,0,0,0.044207588684997454,0,0.02536212157542886,0,0,2.34774600079512e-07,1
2025-08-01 05:00:00+00:00,1.05,1.05,0.7889263,0.2610736966133118,0.2398839478835943,0,0,0,0.11504898975824444,0,0.09661736856808814,0,0,6.610688627624579e-07,1
2025-08-01 06:00:00+00:00,1.125,1.125,0.88023466,0.24476534128189087,0.2252441790937646,0,0,0,0.132430611294221,0,0.11644888547271326,0,0,3.2518150161886387e-07,1
2025-08-01 07:00:00+00:00,1.085,1.085,0.9356005,0.1493994808197021,0.13643788202712523,0,0,0,0.3171221012634803,0,0.3109146810146042,0,0,9.765858173164079e-07,1
2025-08-01 08:00:00+00:00,1.0750000000000004,1.0750000000000004,0.9712648,0.1037352204322819,0.09303607213657569,0,0,0,0.47959095746926583,0,0.47655649500384323,0,0,1.8542040069182643e-06,1
2025-08-01 09:00:00+00:00,1.185,1.185,0.9789721,0.2060279226303101,0.18844017313747874,0,0,0,0.18982703536288564,0,0.18293620292083013,0,0,5.152820112402204e-07,1
2025-08-01 10:00:00+00:00,1.02,1.02,0.980363,0.03963698863983156,0.03533758273982011,0,0,0,0.7820930032306715,0,0.7874711760184474,0,0,2.6147788240098957e-05,1
2025-08-01 11:00:00+00:00,1.16,1.16,1.0293545,0.1306455469131469,0.11527548257042375,0,0,0,0.3891991967568489,0,0.3812451960030746,0,0,2.7757939860052763e-06,1
2025-08-01 12:00:00+00:00,1.22,1.22,1.0440478,0.1759521675109863,0.14132704217749906,0,0,0,0.30229578437769405,0,0.3001537279016141,0,0,2.1661128380676314e-06,1
2025-08-01 13:00:00+00:00,1.3549999999999998,1.3549999999999998,1.0955418,0.25945816516876197,0.20323093877448722,0,0,0,0.16411117790819205,0,0.15449654112221367,0,0,3.6099989517069266e-07,1
2025-08-01 14:00:00+00:00,1.2549999999999997,1.2549999999999997,1.1763723,0.0786277103424069,0.05964175247211649,0,0,0,0.643802433596688,0,0.6475787855495773,0,1,3.846984541652437e-06,1
2025-08-01 15:00:00+00:00,1.3449999999999998,1.3449999999999998,1.2827612,0.0622387838363645,0.04656268117433753,0,0,0,0.7165627265802064,0,0.7167563412759416,0,1,1.0711943085713484e-06,1
2025-08-01 16:00:00+00:00,1.4100000000000001,1.4100000000000001,1.306537,0.10346296787261977,0.07470250387914786,0,0,0,0.5656526967468323,0,0.568793235972329,0,1,7.700820594170208e-07,1
2025-08-01 17:00:00+00:00,1.4000000000000001,1.4000000000000001,1.305457,0.09454300403594984,0.0694318267093879,0,0,0,0.5922687931127142,0,0.5945426594926979,0,1,1.248899212273809e-06,1
2025-08-01 18:00:00+00:00,1.2749999999999997,1.2749999999999997,1.3071053,-0.032105302810669256,0.024199976992966776,0,0,0,0.8493498387337659,0,0.8485780169100692,0,1,2.6577671038445997e-05,1
2025-08-01 19:00:00+00:00,1.3050000000000002,1.3050000000000002,1.2911445,0.013855509757995765,0.011264642079671355,0,0,0,0.9294076213041524,0,0.93543428132206,0,1,2.5569568846310156e-05,1
2025-08-01 20:00:00+00:00,1.1099999999999999,1.1099999999999999,1.2293581,-0.1193580770492555,0.07747060168189619,0,0,1,0.5520024799408669,0,0.5530361260568794,0,1,0.04605333773746819,0
2025-08-01 21:00:00+00:00,1.06,2.2070659627514355,1.1939037,1.0131622781353467,0.6781441548754383,1,0,1,0.004751557650644532,1,0.00012511103857713277,1,1,9.054209544820977e-10,1
2025-08-01 22:00:00+00:00,1.165,1.165,1.1251057,0.03989426136016849,0.02640799694094602,0,0,1,0.8358686346442411,0,0.8332052267486549,0,1,0.01970155281554712,0
2025-08-01 23:00:00+00:00,1.16,1.16,1.0652074,0.09479263782501213,0.07899386485417678,0,0,0,0.5445888193483308,0,0.5453497309761721,0,1,0.006468082095390947,1
2025-08-02 00:00:00+00:00,1.2749999999999997,1.2749999999999997,1.0723093,0.2026907444000241,0.159808734086747,0,0,0,0.2519631243922015,0,0.2551883166794773,0,1,0.0021261910334009365,1
2025-08-02 01:00:00+00:00,1.37,1.37,1.1104169,0.2595831108093263,0.19640588459722041,0,0,0,0.1754937560836803,0,0.16602613374327435,0,1,0.00017005997739436105,1
2025-08-02 02:00:00+00:00,1.32,1.32,1.1804013,0.13959867477416998,0.10391960901302975,0,0,0,0.43343277661007995,0,0.4242890084550346,0,1,0.00254542097254077,1
2025-08-02 03:00:00+00:00,1.34,1.34,1.2541718,0.08582815170288094,0.06287776681529739,0,0,0,0.626475838233877,0,0.6283627978478094,0,1,0.0016599363984169933,1
2025-08-02 04:00:00+00:00,1.4349999999999998,1.4349999999999998,1.2657025,0.16929751396179182,0.11950412750244128,0,0,0,0.37373739784481796,0,0.36510376633358954,0,1,0.00012744479755866112,1
2025-08-02 05:00:00+00:00,1.4749999999999999,1.4749999999999999,1.2351445,0.23985550403594957,0.16224724061056342,0,0,0,0.2459601337682275,0,0.249423520368947,0,1,7.891026072158214e-05,1
2025-08-02 06:00:00+00:00,1.525,1.525,1.2284248,0.2965752124786376,0.2024404180741554,0,0,0,0.16538895216008942,0,0.15718677940046122,0,1,2.4171832798258312e-05,1
2025-08-02 07:00:00+00:00,1.3949999999999998,1.3949999999999998,1.2522165,0.14278354167938212,0.10126492317686674,0,0,0,0.44435024984111404,0,0.43581860107609527,0,1,0.0013806265746698577,1
2025-08-02 08:00:00+00:00,1.31,1.31,1.2975575,0.01244252681732183,0.009450020367586201,0,0,0,0.9407469214261411,0,0.9473481936971561,0,1,0.07630717629066552,0
2025-08-02 09:00:00+00:00,1.245,1.245,1.2985526,-0.05355263233184804,0.04312963677732728,0,0,0,0.7363284955121768,0,0.7375096079938509,0,0,0.061288415633971326,0
2025-08-02 10:00:00+00:00,1.17,1.17,1.2668316,-0.09683163642883308,0.08091780202966553,0,0,0,0.5353253354237157,0,0.5349730976172176,0,0,0.00806961308288774,1
2025-08-02 11:00:00+00:00,1.1749999999999996,1.1749999999999996,1.2299621,-0.05496211051940958,0.047586242873947686,0,0,0,0.7107201554057401,0,0.7109915449654112,0,0,0.005057078745803618,1
2025-08-02 12:00:00+00:00,1.12,1.12,1.1978012,-0.07780123233795155,0.06967274537727003,0,0,0,0.5910345736635254,0,0.5937740199846272,0,0,0.0013698664043363315,1
2025-08-02 13:00:00+00:00,1.0550000000000004,1.0550000000000004,1.1900723,-0.13507229804992638,0.12429966078214082,0,0,0,0.3568531389720747,0,0.34704073789392775,0,0,0.00017311976784779195,1
2025-08-02 14:00:00+00:00,1.085,1.085,1.1839849,-0.09898487567901615,0.092078954120015,0,0,0,0.48382726255618247,0,0.4807840122982321,0,0,0.00023199369382071193,1
2025-08-02 15:00:00+00:00,1.085,1.085,1.1539643,-0.06896428108215336,0.06298107861383868,0,0,0,0.625927350265062,0,0.6272098385857032,0,0,0.0012403854652007144,1
2025-08-02 16:00:00+00:00,1.1150000000000004,1.1150000000000004,1.1300414,-0.015041360855102104,0.013948711766709834,0,0,0,0.9126733157916118,0,0.9196771714066103,0,0,0.0021974676076484787,1
2025-08-02 17:00:00+00:00,1.0350000000000004,1.0350000000000004,1.1028625,-0.0678624773025509,0.06392070075593488,0,0,0,0.6209522922038939,0,0.6218293620292084,0,0,0.0003030997482781397,1
2025-08-02 18:00:00+00:00,1.0350000000000004,1.0350000000000004,1.0812775,-0.046277489662170046,0.04365800911525475,0,0,0,0.7332697385373101,0,0.7336664104534973,0,0,0.0005164154122983245,1
2025-08-02 19:00:00+00:00,1.1099999999999999,1.1099999999999999,1.0291941,0.08080588340759265,0.0751682636349699,0,0,0,0.5633399378896242,0,0.565718677940046,0,0,0.0017210318073405137,1
2025-08-02 20:00:00+00:00,1.08,1.08,0.97849965,0.10150034904479988,0.09471261186139958,0,0,0,0.4722393417652539,0,0.4684857801691007,0,0,0.016440401554853296,0
2025-08-02 21:00:00+00:00,1.025,1.025,0.96405226,0.06094774007797232,0.061049489226683455,0,0,0,0.6362303186985515,0,0.6383551114527286,0,0,0.011317361358254098,0
2025-08-02 22:00:00+00:00,0.89,0.89,0.9668463,-0.07684628725051879,0.08117565554632265,0,0,0,0.5340923500807058,0,0.5318985395849347,0,0,8.338996827820692e-05,1
2025-08-02 23:00:00+00:00,0.9250000000000002,0.9250000000000002,0.9590231,-0.03402311801910385,0.03766396828683083,0,0,0,0.768306056128024,0,0.7713297463489623,0,0,0.0003655140722216593,1
2025-08-03 00:00:00+00:00,0.895,0.895,0.91313046,-0.0181304621696472,0.020563851232114023,0,0,0,0.8716843415361871,0,0.8735588009223674,0,0,0.00022020440915302477,1
2025-08-03 01:00:00+00:00,0.825,0.825,0.8862856,-0.06128560304641728,0.07057842961199687,0,0,0,0.58640975178496,0,0.5883935434281322,0,0,5.512002429540381e-05,1
2025-08-03 02:00:00+00:00,0.885,0.885,0.8785602,0.006439814567565927,0.007304137505745853,0,0,0,0.9541779300603852,0,0.9588777863182167,0,0,0.0006128179223324682,1
2025-08-03 03:00:00+00:00,0.9350000000000002,0.9350000000000002,0.86705095,0.06794905424118058,0.07412624099037882,0,0,0,0.5685230630449543,0,0.5710991544965411,0,0,0.006687105085938264,1
2025-08-03 04:00:00+00:00,0.9299999999999999,0.9299999999999999,0.87872696,0.05127304077148431,0.05444924683697448,0,0,0,0.6721815136261677,0,0.6740968485780169,0,0,0.014647496231451054,0
2025-08-03 05:00:00+00:00,0.96,0.96,0.90941006,0.05058994054794308,0.053534328622161995,0,0,0,0.677253134793303,0,0.6794773251345119,0,0,0.11411748948504526,0
2025-08-03 06:00:00+00:00,0.9450000000000002,0.9450000000000002,0.9281443,0.016855723857879812,0.0179954347237151,0,0,0,0.8875497823897267,0,0.8920061491160646,0,0,0.17995282789952308,0
2025-08-03 07:00:00+00:00,0.905,0.905,0.9316141,-0.026614100933074925,0.029681153456960884,0,0,0,0.8160105337315714,0,0.8182167563412759,0,0,0.05422760376335369,0
2025-08-03 08:00:00+00:00,0.84,0.84,0.91096383,-0.0709638333320618,0.08110152380807063,0,0,0,0.534446620552421,0,0.5326671790930053,0,0,0.005734673014913489,1
2025-08-03 09:00:00+00:00,0.88,0.88,0.8757519,0.004248087406158452,0.004968523282056669,0,0,0,0.9688172312295475,0,0.9734819369715604,0,0,0.10838106577704856,0
2025-08-03 10:00:00+00:00,0.845,0.845,0.8304908,0.014509172439575169,0.017480930650090563,0,0,0,0.8907359153637157,0,0.8962336664104535,0,0,0.03864295372198183,0
2025-08-03 11:00:00+00:00,0.7649999999999999,0.7649999999999999,0.8118896,-0.04688958883285532,0.06024358308289763,0,0,0,0.6405587504680537,0,0.6433512682551883,0,0,0.003119478267056482,1
2025-08-03 12:00:00+00:00,0.725,0.725,0.80931884,-0.08431884050369265,0.11420158984698779,0,0,0,0.393212322069695,0,0.3866256725595696,0,0,0.0009531857556684995,1
2025-08-03 13:00:00+00:00,0.725,0.725,0.8014677,-0.0764677166938782,0.10475029684092904,0,0,0,0.4300616873094269,0,0.42083013066871633,0,0,0.0015425473216453764,1
2025-08-03 14:00:00+00:00,0.74,0.74,0.78759676,-0.04759676218032838,0.06262731865832682,0,0,0,0.6278066923918293,0,0.6306687163720215,0,0,0.003950367526660813,1
2025-08-03 15:00:00+00:00,0.8149999999999998,0.8149999999999998,0.7792145,0.035785498619079426,0.04607574929495206,0,0,0,0.7193504608465398,0,0.7194465795541891,0,0,0.15466683613180104,0
2025-08-03 16:00:00+00:00,0.7749999999999999,0.7749999999999999,0.7805469,-0.005546903610229581,0.007096251953385392,0,0,0,0.9554801442216116,0,0.9600307455803229,0,0,0.039062086119465184,0
2025-08-03 17:00:00+00:00,0.7549999999999999,0.7549999999999999,0.805111,-0.05011099100112926,0.06550456340016896,0,0,0,0.612621394568456,0,0.6176018447348194,0,0,0.0228283494569801,0
2025-08-03 18:00:00+00:00,0.7649999999999999,0.7649999999999999,0.8122042,-0.047204182147979834,0.0625220955602382,0,0,0,0.6283663474019338,0,0.6318216756341276,0,0,0.07936319679074466,0
2025-08-03 19:00:00+00:00,0.745,0.745,0.7950216,-0.05002159357070923,0.06640034544784412,0,0,0,0.607940692793822,0,0.612990007686395,0,0,0.052377961493333736,0
2025-08-03 20:00:00+00:00,0.7499999999999999,0.7499999999999999,0.7670305,-0.017030477523803822,0.023014158815951116,0,0,0,0.8566161013304467,0,0.8574173712528824,0,0,0.17856593091409662,0
2025-08-03 21:00:00+00:00,0.725,0.725,0.73227173,-0.007271730899810813,0.010217888852193182,0,0,0,0.9359463619293026,0,0.9427363566487318,0,0,0.10744579195060884,0
2025-08-03 22:00:00+00:00,0.66,0.66,0.7052841,-0.04528411865234372,0.06659429213579958,0,0,0,0.6069302381666032,0,0.6114527286702536,0,0,0.009752910703163701,1
2025-08-03 23:00:00+00:00,0.655,0.655,0.6874085,-0.03240850687026975,0.049604857454494514,0,0,0,0.6992682213022984,0,0.7029208301306686,0,0,0.013162181674658472,0
2025-08-04 00:00:00+00:00,0.645,0.645,0.6692974,-0.024297397136688215,0.037767974823867685,0,0,0,0.7676920410223401,0,0.7701767870868563,0,0,0.019126975540782493,0
2025-08-04 01:00:00+00:00,0.63,0.63,0.65673953,-0.02673953294754028,0.03922669870054809,0,0,0,0.7591022178420503,0,0.7609531129900077,0,0,0.009192505825306539,1
2025-08-04 02:00:00+00:00,0.7699999999999999,0.7699999999999999,0.6550032,0.11499680995941153,0.15681383176283392,0,0,0,0.2595320919845329,0,0.2624903920061491,0,0,0.7795950835795906,0
2025-08-04 03:00:00+00:00,0.7999999999999999,0.7999999999999999,0.65787107,0.14212893247604363,0.1806723717915809,0,0,0,0.20496871757239474,0,0.20176787086856263,0,0,0.6480308744637929,0
2025-08-04 04:00:00+00:00,0.7899999999999999,0.7899999999999999,0.6921681,0.09783188343048088,0.12436256368281469,0,0,0,0.3566362123253262,0,0.34665641813989234,0,0,0.7763872509597105,0
2025-08-04 05:00:00+00:00,0.7699999999999999,0.7699999999999999,0.74151874,0.02848126411437979,0.03582548945205005,0,0,0,0.7791932420420223,0,0.7840122982321291,0,0,0.9254355390423552,0
2025-08-04 06:00:00+00:00,0.825,0.825,0.77144545,0.053554546833038286,0.06680400852354049,0,0,0,0.6058388170818175,0,0.6099154496541122,0,0,0.2272195064260037,0
2025-08-04 07:00:00+00:00,0.8099999999999999,0.8099999999999999,0.76801854,0.04198145627975458,0.052043127619530484,0,0,0,0.6855636229286557,0,0.6910069177555727,0,0,0.3317864298268274,0
2025-08-04 08:00:00+00:00,0.7849999999999998,0.7849999999999998,0.76008815,0.02491185426712017,0.03133566574480525,0,0,0,0.80603470623911,0,0.8093774019984628,0,0,0.6417965262382401,0
2025-08-04 09:00:00+00:00,0.7899999999999999,0.7899999999999999,0.74933916,0.04066083669662468,0.05246559573758024,0,0,0,0.6832036619730735,0,0.6894696387394312,0,0,0.4088325050689654,0
2025-08-04 10:00:00+00:00,0.7499999999999999,0.7499999999999999,0.73893094,0.011069059371948131,0.014628712826363173,0,0,0,0.9084419926388931,0,0.9142966948501153,0,0,0.7727840567706661,0
2025-08-04 11:00:00+00:00,0.73,0.73,0.7391766,-0.00917657136917116,0.012686504197010822,0,0,0,0.9205365979214627,0,0.925826287471176,0,0,0.8793257391842669,0
2025-08-04 12:00:00+00:00,0.69,0.69,0.74222124,-0.052221236228942924,0.0749587122903487,0,0,0,0.5643796814252751,0,0.5668716372021522,0,0,0.7495083719889506,0
2025-08-04 13:00:00+00:00,0.6699999999999999,0.6699999999999999,0.7486035,-0.07860352277755744,0.12000537828634726,0,0,0,0.3719404042309448,0,0.3635664873174481,0,0,0.4510050837408301,0
2025-08-04 14:00:00+00:00,0.605,0.605,0.75059,-0.1455900263786316,0.34256476794972146,0,0,1,0.04557670099531992,0,0.026604963863123856,0,0,0.022794332114211148,0
2025-08-04 15:00:00+00:00,0.67,0.0,0.7450986,-0.7450985908508301,1.643599832759184,1,1,1,0.00016169437139880116,1,0.0,1,0,4.0779354655218304e-08,1
2025-08-04 16:00:00+00:00,0.7549999999999999,0.7549999999999999,0.72050285,0.034497146606445206,0.06786323922579385,0,0,1,0.6003453033303874,0,0.602229054573405,0,0,0.4171865362814339,0
2025-08-04 17:00:00+00:00,0.7699999999999999,0.7699999999999999,0.70601964,0.06398036003112784,0.08418468425148401,0,0,0,0.5198541330120466,0,0.5180630284396618,0,0,0.08946851713586573,0
2025-08-04 18:00:00+00:00,0.7549999999999999,0.7549999999999999,0.72153836,0.033461635112762345,0.04511681138799418,0,0,0,0.7248558962836916,0,0.7229054573405074,0,0,0.10513809602502229,0
2025-08-04 19:00:00+00:00,0.7,0.7,0.742069,-0.04206900596618657,0.058837770582079126,0,0,0,0.6481506413056733,0,0.6521906225980015,0,0,0.6608085425506309,0
2025-08-04 20:00:00+00:00,0.69,0.69,0.7425808,-0.05258077144622808,0.07583765112436743,0,0,0,0.5600273436729201,0,0.5618754803996926,0,0,0.4580727349675696,0
2025-08-04 21:00:00+00:00,0.69,0.69,0.71157986,-0.021579859256744438,0.03173508714227123,0,0,0,0.8036329884092624,0,0.8063028439661799,0,0,0.8109046916137226,0
2025-08-04 22:00:00+00:00,0.66,0.66,0.67186475,-0.011864748001098602,0.017841726317441506,0,0,0,0.8885013757268995,0,0.8931591083781707,0,0,0.6464418951658601,0
2025-08-04 23:00:00+00:00,0.645,0.645,0.6406559,0.004344124794006365,0.007063617551229862,0,0,0,0.9556845845026786,0,0.9604150653343582,0,0,0.32966060132149705,0
2025-08-05 00:00:00+00:00,0.54,0.54,0.6224257,-0.08242567539215084,0.1441848549133834,0,0,0,0.29393168211064136,0,0.2932359723289777,0,0,0.004002988225915511,1
2025-08-05 01:00:00+00:00,0.53,0.53,0.61927277,-0.08927276849746701,0.16897053974283976,0,0,0,0.2301300292891131,0,0.23212913143735592,0,0,0.008628388926925997,1
2025-08-05 02:00:00+00:00,0.515,0.515,0.60538673,-0.09038673400878905,0.16947512626647948,0,0,0,0.22898362061953645,0,0.22982321291314378,0,0,0.02020999875230733,0
2025-08-05 03:00:00+00:00,0.5549999999999999,0.5549999999999999,0.58890456,-0.03390455961227423,0.060185608779185024,0,0,0,0.6408707942088595,0,0.6441199077632591,0,0,0.14795610045392743,0
2025-08-05 04:00:00+00:00,0.62,0.62,0.571076,0.04892402410507202,0.08435176569840004,0,0,0,0.5190716651533455,0,0.5169100691775557,0,0,0.9595053383549139,0
2025-08-05 05:00:00+00:00,0.565,0.565,0.56761014,-0.002610144615173393,0.004338190496133063,0,0,0,0.9727709092194313,0,0.9773251345119139,0,0,0.30720898195425167,0
2025-08-05 06:00:00+00:00,0.62,0.62,0.5865974,0.033402616977691646,0.056774986364348405,0,0,0,0.6593843973234771,0,0.6641045349730976,0,0,0.3723602077117363,0
2025-08-05 07:00:00+00:00,0.58,0.58,0.5965786,-0.016578598022460977,0.02786318995371593,0,0,0,0.8270206336360574,0,0.8255188316679477,0,0,0.4916409799948854,0
2025-08-05 08:00:00+00:00,0.585,0.585,0.5976973,-0.01269731760025028,0.022082291478696135,0,0,0,0.8623383776664153,0,0.8651037663335895,0,0,0.660456095142773,0
2025-08-05 09:00:00+00:00,0.56,0.56,0.57893795,-0.0189379477500915,0.03293556130450695,0,0,0,0.7964304272201284,0,0.7997694081475788,0,0,0.7874021424618409,0
2025-08-05 10:00:00+00:00,0.58,0.58,0.55105203,0.02894796609878536,0.0503442888674528,0,0,0,0.6950971533777578,0,0.6994619523443505,0,0,0.6233439630040742,0
2025-08-05 11:00:00+00:00,0.585,0.585,0.523429,0.061571023464202845,0.11060662897760991,0,0,0,0.40690368531044707,0,0.4004611837048424,0,0,0.3632988058194697,0
2025-08-05 12:00:00+00:00,0.505,0.505,0.5111158,-0.006115789413452144,0.0116491226922898,0,0,0,0.9270075495582255,0,0.9315910837817064,0,0,0.174315639756739,0
2025-08-05 13:00:00+00:00,0.485,0.485,0.5193029,-0.03430290460586549,0.06815146610436854,0,0,0,0.598855978930874,0,0.6006917755572636,0,0,0.02480618271061476,0
2025-08-05 14:00:00+00:00,0.52,0.52,0.52564704,-0.005647044181823713,0.005479648698816001,0,0,1,0.965612055023493,0,0.9711760184473482,0,0,0.20205083298672338,0
2025-08-05 15:00:00+00:00,0.55,2.086645738007191,0.5265335,1.5601122535482679,1.480348257991376,1,0,1,0.00024374906974380307,1,0.0,1,0,1.22293120440013e-10,1
2025-08-05 16:00:00+00:00,0.5549999999999999,0.5549999999999999,0.5320933,0.02290671348571771,0.021330756403918343,0,0,1,0.8669607712169909,0,0.8689469638739431,0,0,0.06164153576631445,0
2025-08-05 17:00:00+00:00,0.5800000000000001,0.5800000000000001,0.5453509,0.03464909076690681,0.06168977584612489,0,0,0,0.6328038617350937,0,0.6364335126825519,0,0,0.0061796235555615486,1
2025-08-05 18:00:00+00:00,0.55,0.55,0.55978155,-0.00978155136108394,0.017312480285104317,0,0,0,0.8917796122172132,0,0.8966179861644888,0,0,0.07351330520774313,0
2025-08-05 19:00:00+00:00,0.565,0.565,0.57098126,-0.005981264114379936,0.010586308167044136,0,0,0,0.9336442320403409,0,0.9396617986164488,0,0,0.09584389479338933,0
2025-08-05 20:00:00+00:00,0.58,0.58,0.56899196,0.01100804090499874,0.018870927265712125,0,0,0,0.8821341231018185,0,0.8862413528055342,0,0,0.06291102542841764,0
2025-08-05 21:00:00+00:00,0.605,0.605,0.558766,0.0462339925765991,0.0797137803044812,0,0,0,0.5411093900426656,0,0.5422751729438893,0,0,0.09723694332279806,0
2025-08-05 22:00:00+00:00,0.555,0.555,0.5476806,0.007319383621215869,0.012729362819505858,0,0,0,0.9202694113306299,0,0.9250576479631053,0,0,0.08463756110280252,0
2025-08-05 23:00:00+00:00,0.565,0.565,0.5414889,0.023511114120483345,0.0435391002231173,0,0,0,0.7339575852302784,0,0.7348193697156034,0,0,0.00395963509079189,1
2025-08-06 00:00:00+00:00,0.5,0.5,0.5291539,-0.029153883457183838,0.055708057561497784,0,0,0,0.6652379709297349,0,0.6698693312836279,0,0,0.005415632064688741,1
2025-08-06 01:00:00+00:00,0.505,0.505,0.5218494,-0.016849393844604488,0.03462204214644758,0,0,0,0.7863533967043036,0,0.7901614142966948,0,0,0.02109748458223612,0
2025-08-06 02:00:00+00:00,0.45499999999999996,0.45499999999999996,0.512166,-0.05716602325439457,0.12249862125941695,0,0,0,0.363113920671333,0,0.3551114527286703,0,0,0.017691178864501892,0
2025-08-06 03:00:00+00:00,0.44000000000000006,0.44000000000000006,0.5074824,-0.06748240947723383,0.14723434795032836,0,0,0,0.2852473284234956,0,0.28439661798616445,0,0,0.006686846943178386,1
2025-08-06 04:00:00+00:00,0.48,0.48,0.49947262,-0.01947261810302736,0.041578543992229246,0,0,0,0.745341778127207,0,0.7490392006149116,0,0,0.038461040536278766,0
2025-08-06 05:00:00+00:00,0.485,0.485,0.49002853,-0.005028530359268202,0.010332596628633292,0,0,0,0.9352295086363458,0,0.9415833973866257,0,0,0.039100770198437815,0
2025-08-06 06:00:00+00:00,0.495,0.495,0.48994637,0.005053634643554683,0.010040333728916589,0,0,0,0.9370561171948536,0,0.9442736356648732,0,0,0.0030825353915350973,1
2025-08-06 07:00:00+00:00,0.53,0.53,0.5004087,0.029591290950775173,0.057458817380145966,0,0,0,0.6556480418546378,0,0.6610299769408148,0,0,0.06361084817432759,0
2025-08-06 08:00:00+00:00,0.52,0.52,0.5095725,0.010427494049072283,0.0194906430823781,0,0,0,0.8783053426284513,0,0.8812451960030746,0,0,0.009119650730189104,1
2025-08-06 09:00:00+00:00,0.5549999999999999,0.5549999999999999,0.5165872,0.03841280221939081,0.0692122562511546,0,0,0,0.5933950998141553,0,0.5956956187548039,0,0,0.19162412809625792,0
2025-08-06 10:00:00+00:00,0.59,0.59,0.5120079,0.07799210786819455,0.14715492050602744,0,0,0,0.2854704065495979,0,0.28478093774019986,0,0,0.33906211888740395,0
2025-08-06 11:00:00+00:00,0.44500000000000006,0.44500000000000006,0.5054536,-0.06045358657836908,0.12131154497331587,0,0,0,0.367293185436357,0,0.35818601076095313,0,0,0.0009267963366081289,1
2025-08-06 12:00:00+00:00,0.45999999999999996,0.45999999999999996,0.50732845,-0.04732845067977909,0.10178161436511632,0,0,0,0.44220810370096447,0,0.4323597232897771,0,0,0.0008553783594031089,1
2025-08-06 13:00:00+00:00,0.49,0.49,0.48452377,0.005476226806640616,0.011610374855068445,0,0,0,0.9272493859974701,0,0.9323597232897771,0,0,0.0025172049081313257,1
2025-08-06 14:00:00+00:00,0.46499999999999997,0.46499999999999997,0.46650317,-0.0015031731128692938,0.003175717844090057,0,0,0,0.9800647450900446,0,0.9811683320522675,0,0,0.017257731773829343,0
2025-08-06 15:00:00+00:00,0.46499999999999997,0.46499999999999997,0.47123358,-0.00623357653617862,0.01263562811387558,0,0,0,0.9208537829420818,0,0.9262106072252114,0,0,0.07473886211220557,0
2025-08-06 16:00:00+00:00,0.55,0.55,0.48636568,0.06363432407379155,0.12396296897491861,0,0,0,0.35801624181652725,0,0.3489623366641046,0,0,0.22313025750161128,0
2025-08-06 17:00:00+00:00,0.525,0.525,0.5017053,0.023294711112976096,0.044941564848185386,0,0,0,0.7258642090325319,0,0.7240584166026134,0,0,0.8015589134169423,0
2025-08-06 18:00:00+00:00,0.48,0.48,0.5304769,-0.0504769277572632,0.09801345195585087,0,0,0,0.45802193665461,0,0.45196003074558033,0,0,0.312131628242011,0
2025-08-06 19:00:00+00:00,0.54,0.54,0.5436005,-0.0036004996299743297,0.006772099617506576,0,0,0,0.9575109978357693,0,0.9611837048424289,0,0,0.5595306938875815,0
2025-08-06 20:00:00+00:00,0.575,0.575,0.5303119,0.04468811750411983,0.0840528855876862,0,0,0,0.5204719716340992,0,0.5192159877017679,0,0,0.36604257084317576,0
2025-08-06 21:00:00+00:00,0.48,0.48,0.52420455,-0.04420455217361452,0.08500875418002792,0,0,0,0.5160032158301382,0,0.5146041506533436,0,0,0.5995940439495977,0
2025-08-06 22:00:00+00:00,0.505,0.505,0.53148973,-0.026489729881286617,0.0563611274069928,0,0,0,0.6616515212346465,0,0.6660261337432745,0,0,0.513124116643685,0
2025-08-06 23:00:00+00:00,0.42500000000000004,0.42500000000000004,0.5170827,-0.09208269119262691,0.204628202650282,0,0,0,0.1618780460035234,0,0.15219062259800153,0,0,0.27281265764731993,0
2025-08-07 00:00:00+00:00,0.42000000000000004,0.42000000000000004,0.4974312,-0.07743118882179256,0.18509447527121725,0,0,0,0.19620302515407945,0,0.19062259800153725,0,0,0.23815227816510273,0
2025-08-07 01:00:00+00:00,0.41000000000000003,0.41000000000000003,0.4664529,-0.05645289659500119,0.13283034492941456,0,0,0,0.3284890962991211,0,0.3189853958493467,0,0,0.3910027274966197,0
2025-08-07 02:00:00+00:00,0.44499999999999995,0.44499999999999995,0.44160667,0.0033933293819427,0.007376803004223262,0,0,0,0.9537227872759855,0,0.9584934665641814,0,0,0.35030087187885156,0
2025-08-07 03:00:00+00:00,0.525,0.525,0.42899108,0.09600892066955569,0.1805810420117035,0,0,0,0.20515390958907942,0,0.20253651037663334,0,0,0.6413754355327898,0
2025-08-07 04:00:00+00:00,0.625,0.625,0.43422118,0.19077882170677185,0.3543879040992667,0,0,0,0.04128252260048074,0,0.022745394201429618,0,0,0.009707177999370611,1
2025-08-07 05:00:00+00:00,0.46499999999999997,0.46499999999999997,0.4646972,0.00030278801918026677,0.000611692968040943,0,0,0,0.9961596134916801,0,0.9969254419677172,0,0,0.7742851347221688,0
2025-08-07 06:00:00+00:00,0.395,0.395,0.5159617,-0.12096170663833616,0.26980306313383534,0,0,0,0.0868197429753021,0,0.06719076167805238,0,0,0.08078466118801046,0
2025-08-07 07:00:00+00:00,0.485,0.485,0.52572715,-0.04072715282440187,0.08983930770088648,0,0,0,0.49385176144044923,0,0.4934665641813989,0,0,0.8575787760159259,0
2025-08-07 08:00:00+00:00,0.48,0.48,0.48661122,-0.0066112172603607355,0.006641156989844913,0,0,1,0.958331480947205,0,0.9619523443504996,0,0,0.7675228411679028,0
2025-08-07 09:00:00+00:00,0.42000000000000004,2.021475370392557,0.45322397,1.5682513968799077,1.6021773034693552,1,1,1,0.00017875252514254345,1,0.0,1,0,9.53994930698029e-11,1
2025-08-07 10:00:00+00:00,0.43500000000000005,0.43500000000000005,0.4373446,-0.0023446106910705033,0.002449553336147863,0,0,1,0.9846222541584939,0,0.9838585703305149,0,0,0.01089434262956847,0
2025-08-07 11:00:00+00:00,0.41500000000000004,0.41500000000000004,0.42283788,-0.007837883234024012,0.01866162674767622,0,0,0,0.8834281282706841,0,0.888162951575711,0,0,0.001873271311539906,1
2025-08-07 12:00:00+00:00,0.4099999999999999,0.4099999999999999,0.41684556,-0.006845560073852619,0.016234529819413326,0,0,0,0.8984646286717018,0,0.9050730207532667,0,0,0.009084292046066344,1
2025-08-07 13:00:00+00:00,0.44000000000000006,0.44000000000000006,0.42102784,0.018972160816192685,0.04499326675776921,0,0,0,0.7255666627401562,0,0.7232897770945427,0,0,0.09698575199116799,0
2025-08-07 14:00:00+00:00,0.41500000000000004,0.41500000000000004,0.43063965,-0.015639654397964442,0.036512811824041494,0,0,0,0.7751156727585253,0,0.7794004611837049,0,0,0.01637836958495388,0
2025-08-07 15:00:00+00:00,0.43000000000000005,0.43000000000000005,0.4466821,-0.016682095527648877,0.03720913500590827,0,0,0,0.770993628578171,0,0.7751729438893159,0,0,0.035675607972099094,0
2025-08-07 16:00:00+00:00,0.5,0.5,0.45510334,0.04489666223526001,0.09620713336127146,0,0,0,0.46575992147795886,0,0.45964642582628745,0,0,0.2395616644500075,0
2025-08-07 17:00:00+00:00,0.47,0.47,0.4561137,0.013886303901672337,0.03018761717754856,0,0,0,0.8129522325454119,0,0.8159108378170639,0,0,0.005971704442122338,1
2025-08-07 18:00:00+00:00,0.41000000000000003,0.41000000000000003,0.4611391,-0.05113911271095273,0.12080105364791983,0,0,0,0.369103381819039,0,0.36010760953112986,0,0,0.0021579680161145386,1
2025-08-07 19:00:00+00:00,0.39,0.39,0.46167818,-0.07167817711830138,0.17771448872306128,0,0,0,0.21105376772004256,0,0.20983858570330516,0,0,0.0022109646659892314,1
2025-08-07 20:00:00+00:00,0.41000000000000003,0.41000000000000003,0.4419194,-0.03191938638687131,0.07753697098025418,0,0,0,0.5516780083554531,0,0.5530361260568794,0,0,0.017763326182677182,0
2025-08-07 21:00:00+00:00,0.43500000000000005,0.43500000000000005,0.41148698,0.023513016700744682,0.055108632892370335,0,0,0,0.6685393757411014,0,0.6717909300538047,0,0,0.11110828068011717,0
2025-08-07 22:00:00+00:00,0.43500000000000005,0.43500000000000005,0.39335227,0.04164772987365728,0.09611014586228601,0,0,0,0.46617828697023234,0,0.4611837048424289,0,0,0.046711694054269004,0
2025-08-07 23:00:00+00:00,0.43000000000000005,0.43000000000000005,0.3946286,0.03537138581275945,0.0825791108469092,0,0,0,0.5274169596828859,0,0.526902382782475,0,0,0.08726669254064935,0
2025-08-08 00:00:00+00:00,0.42000000000000004,0.42000000000000004,0.40390453,0.01609547257423405,0.03757697877253085,0,0,0,0.7688197671159775,0,0.772098385857033,0,0,0.02372040017991288,0
2025-08-08 01:00:00+00:00,0.43500000000000005,0.43500000000000005,0.41547278,0.019527224302291923,0.04705355253564319,0,0,0,0.7137578320925009,0,0.7152190622598001,0,0,0.03537214225950777,0
2025-08-08 02:00:00+00:00,0.39,0.39,0.42173406,-0.031734064817428576,0.07803458561662763,0,0,0,0.549249446815556,0,0.5503458877786318,0,0,0.01265266077270544,0
2025-08-08 03:00:00+00:00,0.395,0.395,0.42596558,-0.030965577363967878,0.07939891631786636,0,0,0,0.542629232252178,0,0.5426594926979247,0,0,0.08833965579822214,0
2025-08-08 04:00:00+00:00,0.385,0.385,0.41966724,-0.03466724395751952,0.08387236441335369,0,0,0,0.5213190751217718,0,0.5199846272098385,0,0,0.04887680397378707,0
2025-08-08 05:00:00+00:00,0.45999999999999996,0.45999999999999996,0.4060869,0.05391310811042782,0.12537932118704145,0,0,0,0.35314602612311463,0,0.3447348193697156,0,0,0.012410833841098552,0
2025-08-08 06:00:00+00:00,0.44500000000000006,0.44500000000000006,0.38932604,0.05567396402359015,0.12897443403148298,0,0,0,0.34104831392513807,0,0.3305149884704074,0,0,0.0034905206328494495,1
2025-08-08 07:00:00+00:00,0.39,0.39,0.3949941,-0.004994109869003283,0.011350249702280187,0,0,0,0.928873146800068,0,0.9350499615680246,0,0,0.0015981890843588698,1
2025-08-08 08:00:00+00:00,0.485,0.485,0.41001585,0.07498414874076842,0.17041851986538278,0,0,0,0.22685552181227478,0,0.2252113758647194,0,0,0.009771728536762404,1
2025-08-08 09:00:00+00:00,0.44500000000000006,0.44500000000000006,0.41305277,0.03194723248481757,0.06749415313693852,0,0,0,0.6022558928442587,0,0.6045349730976173,0,0,0.21645777455754453,0
2025-08-08 10:00:00+00:00,0.49,0.49,0.43019158,0.05980842351913451,0.1309673507718274,0,0,0,0.3345038019269865,0,0.3239815526518063,0,0,0.15128630014296082,0
2025-08-08 11:00:00+00:00,0.43500000000000005,0.43500000000000005,0.43909705,-0.004097046852111763,0.008686318414371228,0,0,0,0.9455244557699741,0,0.952728670253651,0,0,0.7143239307020562,0
2025-08-08 12:00:00+00:00,0.49,0.49,0.44657007,0.04342993140220641,0.0898550304873236,0,0,0,0.49378084308030906,0,0.4930822444273636,0,0,0.07313082173590171,0
2025-08-08 13:00:00+00:00,0.525,0.525,0.44033417,0.08466582894325259,0.17046811196628034,0,0,0,0.2267442006635078,0,0.2248270561106841,0,0,0.02789809645568065,0
2025-08-08 14:00:00+00:00,0.475,0.475,0.44356015,0.031439846754074074,0.06642221145226918,0,0,0,0.6078267187909646,0,0.6126056879323597,0,0,0.27407275585263213,0
2025-08-08 15:00:00+00:00,0.42000000000000004,0.42000000000000004,0.46453103,-0.04453103423118587,0.10082498316494913,0,0,0,0.44618076654546684,0,0.43966179861644894,0,0,0.4707773482397606,0
2025-08-08 16:00:00+00:00,0.43000000000000005,0.43000000000000005,0.48663443,-0.056634433269500684,0.1337821258334662,0,0,0,0.3254544338117594,0,0.31552651806302845,0,0,0.7729485675850795,0
2025-08-08 17:00:00+00:00,0.42000000000000004,0.42000000000000004,0.48902568,-0.0690256822109222,0.16305279262422567,0,0,0,0.24400810928856392,0,0.24788624135280557,0,0,0.4253011774724787,0
2025-08-08 18:00:00+00:00,0.42000000000000004,0.42000000000000004,0.47595152,-0.05595152258872982,0.13062612277524469,0,0,0,0.3356162345973267,0,0.3251345119139124,0,0,0.6625776168238976,0
2025-08-08 19:00:00+00:00,0.44500000000000006,0.44500000000000006,0.45721698,-0.012216978073120055,0.028193026322584736,0,0,0,0.8250193815001946,0,0.8243658724058417,0,0,0.5616387459490931,0
2025-08-08 20:00:00+00:00,0.43500000000000005,0.43500000000000005,0.4413902,-0.006390186548232979,0.013993109229707252,0,0,0,0.9123969427375815,0,0.9185242121445042,0,0,0.7183885100921524,0
2025-08-08 21:00:00+00:00,0.49,0.49,0.43355784,0.056442161798477164,0.12051707145582313,0,0,0,0.3701137567424714,0,0.3616448885472713,0,0,0.3291629421771417,0
2025-08-08 22:00:00+00:00,0.48,0.48,0.43274364,0.04725636124610899,0.09913921939743146,0,0,0,0.4532509385583536,0,0.4450422751729439,0,0,0.41975881439642115,0
2025-08-08 23:00:00+00:00,0.45999999999999996,0.45999999999999996,0.44757384,0.01242615938186642,0.027410645695293574,0,0,0,0.829768988670788,0,0.8285933897002306,0,0,0.7089733987592723,0
2025-08-09 00:00:00+00:00,0.42000000000000004,0.42000000000000004,0.4553509,-0.035350905656814535,0.08126644978578053,0,0,0,0.5336586787018504,0,0.5311299000768639,0,0,0.7644831094427301,0
2025-08-09 01:00:00+00:00,0.42500000000000004,0.42500000000000004,0.44691953,-0.02191953063011165,0.05281814609665458,0,0,0,0.6812376123325283,0,0.6856264411990776,0,0,0.6921684097456317,0
2025-08-09 02:00:00+00:00,0.4,0.4,0.42511246,-0.025112456083297707,0.06252063755177853,0,0,0,0.628374104301056,0,0.6322059953881629,0,0,0.8332948902892694,0
2025-08-09 03:00:00+00:00,0.38,0.38,0.4064827,-0.02648269653320312,0.06848973241345634,0,0,0,0.5971111115648658,0,0.599923136049193,0,0,0.6891106866897116,0
2025-08-09 04:00:00+00:00,0.38,0.38,0.39603347,-0.016033465862274165,0.042193331216510956,0,0,0,0.7417632864607276,0,0.745196003074558,0,0,0.713197325274897,0
2025-08-09 05:00:00+00:00,0.38,0.38,0.38988566,-0.00988566398620605,0.02492184198203206,0,0,0,0.8449353018029796,0,0.8435818601076095,0,0,0.4732234699797084,0
2025-08-09 06:00:00+00:00,0.43000000000000005,0.43000000000000005,0.38603106,0.04396893858909612,0.10946623715127664,0,0,0,0.4113299337015099,0,0.4046887009992314,0,0,0.39375386828243386,0
2025-08-09 07:00:00+00:00,0.395,0.395,0.38279933,0.012200672626495379,0.02928161430358891,0,0,0,0.8184259698124556,0,0.8205226748654881,0,0,0.7646402395959624,0
2025-08-09 08:00:00+00:00,0.42500000000000004,0.42500000000000004,0.3935821,0.031417894363403365,0.07480451038905561,0,0,0,0.5651456267016395,0,0.5676402767102229,0,0,0.5652991307639609,0
2025-08-09 09:00:00+00:00,0.44000000000000006,0.44000000000000006,0.39924616,0.04075384378433233,0.09477638089379613,0,0,0,0.47196144848428456,0,0.4681014604150653,0,0,0.6392543929118994,0
2025-08-09 10:00:00+00:00,0.42500000000000004,0.42500000000000004,0.4057916,0.019208389520645186,0.044714000824004306,0,0,0,0.7271745425868045,0,0.7263643351268255,0,0,0.7425208673544397,0
2025-08-09 11:00:00+00:00,0.42374999999999996,0.42374999999999996,0.4158039,0.007946090698242148,0.018751836456028667,0,0,0,0.8828703504732677,0,0.8870099923136049,0,0,0.6693244774081585,0
2025-08-09 12:00:00+00:00,0.4225,0.4225,0.41646844,0.006031558513641344,0.014275878138796083,0,0,0,0.9106370672924092,0,0.9177555726364335,0,0,0.23729176993660098,0
2025-08-09 13:00:00+00:00,0.4212499999999999,0.4212499999999999,0.41000387,0.011246129274368188,0.026829731867279976,0,0,0,0.8333012636870688,0,0.8312836279784781,0,0,0.3045032180594848,0
2025-08-09 19:00:00+00:00,0.41374999999999995,0.41374999999999995,0.40050498,0.013245023488998364,0.03185175989338285,0,0,0,0.8029319289962417,0,0.8059185242121445,0,0,0.148444475019741,0
2025-08-09 20:00:00+00:00,0.4125,0.4125,0.39483422,0.017665779590606667,0.04282613234086466,0,0,0,0.7380881681240682,0,0.740968485780169,0,0,0.1456677437931247,0
2025-08-09 21:00:00+00:00,0.4112499999999999,0.4112499999999999,0.39587852,0.015371476411819351,0.03737745024150603,0,0,0,0.7699986118674054,0,0.7740199846272098,0,0,0.22269446963293396,0
2025-08-09 22:00:00+00:00,0.4099999999999999,0.4099999999999999,0.40093863,0.009061369895934979,0.023013002910311057,0,0,0,0.8566231928408703,0,0.8578016910069177,0,0,0.33865812824563934,0
2025-08-09 23:00:00+00:00,0.36,0.36,0.40457654,-0.044576539993286146,0.12268772475216372,0,0,0,0.3624520334285546,0,0.35395849346656416,0,0,0.05185963863857339,0
2025-08-10 00:00:00+00:00,0.32,0.32,0.40630665,-0.086306654214859,0.26022106798449957,0,0,0,0.09492082867185511,0,0.07556027755686576,0,0,0.010875596883928083,0
2025-08-10 01:00:00+00:00,0.315,0.315,0.39416823,-0.07916822791099548,0.2339947622985088,0,0,0,0.12172290409429296,0,0.10376633358954646,0,0,0.010229570068715992,0
2025-08-10 02:00:00+00:00,0.38,0.38,0.37185627,0.008143727779388432,0.023835300817722244,0,0,0,0.8515825572741343,0,0.8508839354342813,0,0,0.21127665337910118,0
2025-08-10 03:00:00+00:00,0.32999999999999996,0.32999999999999996,0.35694683,-0.026946825981140177,0.07735930903676606,0,0,0,0.5525468732325921,0,0.5534204458109147,0,0,0.05468954559073893,0
2025-08-10 04:00:00+00:00,0.33499999999999996,0.33499999999999996,0.36381376,-0.028813757896423375,0.0847463467541864,0,0,0,0.5172271901437555,0,0.5153727901614142,0,0,0.1289916710321947,0
2025-08-10 05:00:00+00:00,0.355,0.355,0.36962014,-0.014620144367218035,0.04118350525976912,0,0,0,0.7476452941635219,0,0.7509607993850884,0,0,0.09120675994381787,0
2025-08-10 06:00:00+00:00,0.375,0.375,0.36479563,0.01020437479019165,0.027830113064159043,0,0,0,0.8272214126565338,0,0.8259031514219831,0,0,0.06356962173124495,0
2025-08-10 07:00:00+00:00,0.37,0.37,0.3539094,0.016090596914291377,0.04309981316328047,0,0,0,0.7365013219476401,0,0.7378939277478862,0,0,0.20109894127215894,0
2025-08-10 08:00:00+00:00,0.375,0.375,0.34281167,0.03218832612037659,0.09109903618974506,0,0,0,0.48819408051527635,0,0.4861644888547272,0,0,0.09080375521744213,0
2025-08-10 09:00:00+00:00,0.315,0.315,0.33299652,-0.01799651741981506,0.05293093358769135,0,0,0,0.6806092804301248,0,0.6844734819369716,0,0,0.05550901072847909,0
2025-08-10 10:00:00+00:00,0.32999999999999996,0.32999999999999996,0.32526135,0.004738645553588827,0.014506057817108654,0,0,0,0.9092049498547738,0,0.9154496541122213,0,0,0.01213122494086211,0
2025-08-10 11:00:00+00:00,0.33499999999999996,0.33499999999999996,0.31437993,0.020620069503784144,0.06280224214350501,0,0,0,0.6268769875764574,0,0.6291314373558801,0,0,0.30189634533338355,0
2025-08-10 12:00:00+00:00,0.32,0.32,0.31529102,0.004708982706069953,0.014639324474828868,0,0,0,0.9083759900607365,0,0.9135280553420446,0,0,0.28852164017174864,0
2025-08-10 13:00:00+00:00,0.31,0.31,0.32230872,-0.01230871915817261,0.038464747369289405,0,0,0,0.7635838984074421,0,0.7663335895465027,0,0,0.11876265978343618,0
2025-08-10 14:00:00+00:00,0.33,0.33,0.3275508,0.002449201345443741,0.00781660003865024,0,0,0,0.9509685669627573,0,0.9565718677940046,0,0,0.1415733820323037,0
2025-08-10 15:00:00+00:00,0.3,0.3,0.32877228,-0.028772276639938366,0.09382264121719032,0,0,0,0.47613092484539765,0,0.47232897770945426,0,0,0.16374161866214051,0
2025-08-10 16:00:00+00:00,0.29000000000000004,0.29000000000000004,0.33617786,-0.04617785573005673,0.14737613530869167,0,0,0,0.2848495191483962,0,0.28362797847809373,0,0,0.2004733375820285,0
2025-08-10 17:00:00+00:00,0.35,0.35,0.3468737,0.0031262993812560813,0.009240293737702703,0,0,0,0.9420586303469867,0,0.9485011529592621,0,0,0.19050070424674564,0
2025-08-10 18:00:00+00:00,0.375,0.375,0.3531021,0.02189791202545166,0.06286481921182295,0,0,0,0.6265445983594486,0,0.6287471176018447,0,0,0.31038106418692285,0
2025-08-10 19:00:00+00:00,0.32,0.32,0.36182162,-0.04182162165641784,0.12422263858341932,0,0,0,0.35711891664310325,0,0.34742505764796305,0,0,0.5428395133114365,0
2025-08-10 20:00:00+00:00,0.315,0.315,0.3711569,-0.056156901121139524,0.18018257044215888,0,0,0,0.20596389649898997,0,0.20368946963873946,0,0,0.2782102578391078,0
2025-08-10 21:00:00+00:00,0.30000000000000004,0.30000000000000004,0.36398458,-0.06398458480834956,0.21210359604977755,0,0,0,0.1504643661407104,0,0.13604919292851647,0,0,0.2542512535941459,0
2025-08-10 22:00:00+00:00,0.29,0.29,0.34482437,-0.054824373722076436,0.19349778960732855,0,0,0,0.18059168468171147,0,0.17294388931591087,0,0,0.1094775783548194,0
2025-08-10 23:00:00+00:00,0.26,0.26,0.32126728,-0.061267277002334586,0.22012195330180087,0,0,0,0.1391680135883366,0,0.12451960030745579,0,0,0.059589651168182545,0
2025-08-11 00:00:00+00:00,0.28500000000000003,0.28500000000000003,0.30639324,-0.02139323592185971,0.07826793629948674,0,0,0,0.5481131666343734,0,0.5495772482705611,0,0,0.09453205923617289,0
2025-08-11 01:00:00+00:00,0.275,0.275,0.2899223,-0.014922297000884988,0.055267766669944395,0,0,0,0.6676620387891831,0,0.6706379707916987,0,0,0.20223995949890627,0
2025-08-11 02:00:00+00:00,0.25,0.25,0.28091368,-0.03091368079185486,0.1110671166174426,0,0,0,0.40512774417241454,0,0.39700230591852426,0,0,0.1317792232455936,0
2025-08-11 03:00:00+00:00,0.31,0.31,0.28336757,0.026632425785064695,0.09399679688846362,0,0,0,0.4753674453843481,0,0.47040737893927753,0,0,0.5799358611023904,0
2025-08-11 04:00:00+00:00,0.29000000000000004,0.29000000000000004,0.28729874,0.0027012610435486195,0.008954456497951225,0,0,0,0.9438467205960577,0,0.9496541122213682,0,0,0.39055664842319626,0
2025-08-11 05:00:00+00:00,0.30500000000000005,0.30500000000000005,0.30181882,0.0031811821460724365,0.01004583835601822,0,0,0,0.9370217095530949,0,0.9438893159108378,0,0,0.435140336429894,0
2025-08-11 06:00:00+00:00,0.355,0.355,0.31422442,0.040775578022003156,0.1241895777319893,0,0,0,0.35723305230830305,0,0.34780937740199847,0,0,0.3418451821083192,0
2025-08-11 07:00:00+00:00,0.325,0.325,0.31703946,0.007960540056228649,0.024001628310237135,0,0,0,0.8505640120748482,0,0.850499615680246,0,0,0.534531244011426,0
2025-08-11 08:00:00+00:00,0.315,0.315,0.3179875,-0.0029875016212463357,0.009585566699186103,0,0,0,0.9398992845177085,0,0.9461952344350499,0,0,0.05460867528686932,0
2025-08-11 09:00:00+00:00,0.295,0.295,0.3131843,-0.018184291124343888,0.060952931143052134,0,0,0,0.636748002515062,0,0.638739431206764,0,0,0.16685148355438,0
2025-08-11 10:00:00+00:00,0.28500000000000003,0.28500000000000003,0.3025675,-0.017567511796951263,0.06057762688603883,0,0,0,0.638762526524021,0,0.6414296694850115,0,0,0.49862058033700296,0
2025-08-11 11:00:00+00:00,0.29,0.29,0.28902924,0.000970759391784648,0.003272222668937016,0,0,0,0.979459132147912,0,0.9807840122982321,0,0,0.5204904703570229,0
2025-08-11 12:00:00+00:00,0.315,0.315,0.2799345,0.03506550431251526,0.11623924081496771,0,0,0,0.38562756831069545,0,0.37932359723289777,0,0,0.6750782769653779,0
2025-08-11 13:00:00+00:00,0.30000000000000004,0.30000000000000004,0.27854827,0.021451729536056563,0.07111070564438639,0,0,0,0.5837027909205812,0,0.5860876249039201,0,0,0.691043626694086,0
2025-08-11 14:00:00+00:00,0.29,0.29,0.28726512,0.0027348780632018843,0.009218690100680509,0,0,0,0.9421937603036029,0,0.9488854727132975,0,0,0.6637271693741029,0
2025-08-11 15:00:00+00:00,0.3,0.3,0.30173114,-0.0017311394214630238,0.006333436907791551,0,0,0,0.960259890672371,0,0.9650269023827824,0,0,0.6234400237199159,0
2025-08-11 16:00:00+00:00,0.23,0.23,0.3155111,-0.08551110744476317,0.3186749345767571,0,0,0,0.055942108756003334,0,0.03631915555925558,0,0,0.05599693449940044,0
2025-08-11 17:00:00+00:00,0.275,0.275,0.33100733,-0.05600733160972593,0.20122394590320694,0,0,0,0.16737569929799861,0,0.15910837817063794,0,0,0.4414192869594682,0
2025-08-11 18:00:00+00:00,0.33,0.33,0.33188227,-0.0018822681903838956,0.005646804571151687,0,0,0,0.964564017364143,0,0.9692544196771714,0,0,0.7255866128293871,0
2025-08-11 19:00:00+00:00,0.395,0.395,0.3267725,0.0682274889945984,0.19586838945817722,0,0,0,0.17642457578251208,0,0.16717909300538047,0,0,0.12539719193100615,0
2025-08-11 20:00:00+00:00,0.32,0.32,0.32441178,-0.004411779642105096,0.012787767078565495,0,0,0,0.9199053315923233,0,0.92467332820907,0,0,0.6017007854251201,0
2025-08-11 21:00:00+00:00,0.32,0.32,0.33446398,-0.014463983774185174,0.04383025386116719,0,0,0,0.7322738992545189,0,0.7317448116833205,0,0,0.14928711779791431,0
2025-08-11 22:00:00+00:00,0.35,0.35,0.33107314,0.018926864862441994,0.05621841048250097,0,0,0,0.6624343456120657,0,0.6671790930053805,0,0,0.8133483373705084,0
2025-08-11 23:00:00+00:00,0.34,0.34,0.31492034,0.025079663991928125,0.07523899197578438,0,0,0,0.5629892952177179,0,0.5649500384319754,0,0,0.6410373452621794,0
2025-08-12 00:00:00+00:00,0.31,0.31,0.30397725,0.0060227489471435525,0.019221539193011335,0,0,0,0.8799674560635466,0,0.8835511145272867,0,0,0.6973345789301403,0
2025-08-12 01:00:00+00:00,0.29000000000000004,0.29000000000000004,0.30013084,-0.010130844116210902,0.034536968577991704,0,0,0,0.7868605384924496,0,0.7913143735588009,0,0,0.6404329411062675,0
2025-08-12 02:00:00+00:00,0.28,0.28,0.29799268,-0.01799267649650571,0.06313219823335336,0,0,0,0.6251255743877161,0,0.6256725595695618,0,0,0.5375042133065289,0
2025-08-12 03:00:00+00:00,0.28500000000000003,0.28500000000000003,0.29716262,-0.012162622213363616,0.0431809072663797,0,0,0,0.7360314295276559,0,0.7371252882398156,0,0,0.7571741039992519,0
2025-08-12 04:00:00+00:00,0.28,0.28,0.29969838,-0.019698382616043064,0.0671535771001468,0,0,0,0.6040223276575507,0,0.606456571867794,0,0,0.5031252308963076,0
2025-08-12 05:00:00+00:00,0.315,0.315,0.30578795,0.009212049245834353,0.02777502285176187,0,0,0,0.8275558495261965,0,0.8262874711760184,0,0,0.483766299720833,0
2025-08-12 06:00:00+00:00,0.4,0.4,0.3148419,0.08515810370445254,0.20770269196207938,0,0,0,0.15707651842421216,0,0.144119907763259,0,0,0.02448011129623878,0
2025-08-12 07:00:00+00:00,0.515,0.515,0.32797056,0.18702943563461305,0.3993511081166115,0,0,0,0.028755165469296327,0,0.012318381689636107,0,0,0.0010479313536680972,1
2025-08-12 08:00:00+00:00,0.49,0.49,0.3527602,0.1372398042678833,0.26307949699913735,0,0,0,0.09241904488700135,0,0.07296771919169248,0,0,0.0021505711645131357,1
2025-08-12 09:00:00+00:00,0.56,0.56,0.39478874,0.16521125793457037,0.2994766004856261,0,0,0,0.06627283917007895,0,0.04640314428035835,0,0,0.00027466316286448803,1
2025-08-12 10:00:00+00:00,0.605,0.605,0.42590338,0.1790966200828552,0.2984943668047587,0,0,0,0.06685749227211508,0,0.04698292577729765,0,0,0.0001569547328539266,1
2025-08-12 11:00:00+00:00,0.635,0.635,0.45386037,0.18113962769508363,0.28376965174164537,0,0,0,0.07636521961852667,0,0.056518693683805354,0,0,9.840378636544634e-05,1
2025-08-12 12:00:00+00:00,0.675,0.675,0.4826998,0.1923001885414124,0.28630301023535343,0,0,0,0.07462532798788947,0,0.05475994137253596,0,0,3.135056499787079e-05,1
2025-08-12 13:00:00+00:00,0.7050000000000001,0.7050000000000001,0.5125384,0.19246162652969367,0.2691771000415296,0,0,0,0.08732466875154983,0,0.0677101500425393,0,0,1.7210647669786695e-05,1
2025-08-12 14:00:00+00:00,0.7649999999999999,0.7649999999999999,0.54608244,0.21891756296157827,0.2998870725501072,0,0,0,0.06603024538403317,0,0.04616282396591161,0,0,6.012780921392014e-06,1
2025-08-12 15:00:00+00:00,0.72,0.72,0.5859647,0.1340353202819824,0.1914790289742606,0,0,0,0.1842209223244448,0,0.17947732513451187,0,0,1.984223814306861e-05,1
2025-08-12 16:00:00+00:00,0.615,0.615,0.64263475,-0.02763474941253663,0.046444956995859876,0,0,0,0.7172362225615473,0,0.7175249807840123,0,0,0.0009224592125434189,1
2025-08-12 17:00:00+00:00,0.45000000000000007,0.45000000000000007,0.69264185,-0.24264185428619378,0.4788983966174877,0,0,0,0.016011125509903527,0,0.0038679739719443902,1,0,0.7015000759463186,0
2025-08-12 18:00:00+00:00,0.45500000000000007,0.45500000000000007,0.70726144,-0.2522614431381225,0.5503886032104491,0,0,0,0.00997546203813223,1,0.0012453061695072657,1,0,0.7506057557494407,0
2025-08-12 19:00:00+00:00,0.47,0.47,0.6649933,-0.19499328613281253,0.4285566728193681,0,0,0,0.023013267173424376,0,0.008143900378498523,1,0,0.6049380008093773,0
2025-08-12 20:00:00+00:00,0.44000000000000006,0.44000000000000006,0.61225146,-0.17225146055221552,0.366492469260033,0,0,0,0.0373677332957891,0,0.019336363052366825,0,0,0.5075211606345491,0
2025-08-12 21:00:00+00:00,0.5,0.5,0.5772115,-0.07721149921417236,0.16369929162015343,0,0,0,0.2424525480631878,0,0.24596464258262873,0,0,0.6585972392316125,0
2025-08-12 22:00:00+00:00,0.475,0.475,0.55494773,-0.07994773387908938,0.15936425357958017,0,0,0,0.25307268420041157,0,0.2563412759415834,0,0,0.35450179324946807,0
2025-08-12 23:00:00+00:00,0.53,0.53,0.54901046,-0.019010455608367893,0.03667612014476121,0,0,0,0.7741481204386168,0,0.7778631821675634,0,0,0.6289564371419475,0
2025-08-13 00:00:00+00:00,0.55,0.55,0.53985703,0.010142970085144087,0.018554213570385523,0,0,0,0.8840923838474678,0,0.889315910837817,0,0,0.4751822717550686,0
2025-08-13 01:00:00+00:00,0.56,0.56,0.53090733,0.029092667102813774,0.05134000076967136,0,0,0,0.6895009970215529,0,0.6948501152959262,0,0,0.3212368080795421,0
2025-08-13 02:00:00+00:00,0.59,0.59,0.5170318,0.0729682111740112,0.1291472764141791,0,0,0,0.34047617584694173,0,0.330130668716372,0,0,0.05872155597510424,0
2025-08-13 03:00:00+00:00,0.5449999999999999,0.5449999999999999,0.4932958,0.051704211235046316,0.09664338548606789,0,0,0,0.4638817403778539,0,0.4573405073020753,0,0,0.3996863720742853,0
2025-08-13 04:00:00+00:00,0.47,0.47,0.47439325,-0.00439324855804446,0.009216605366526841,0,0,0,0.9422068003638339,0,0.9492697924673328,0,0,0.4103430579955998,0
2025-08-13 05:00:00+00:00,0.41500000000000004,0.41500000000000004,0.4574489,-0.04244889974594113,0.09574939792317547,0,0,0,0.46773699159984927,0,0.4631053036126057,0,0,0.053638036020093156,0
2025-08-13 06:00:00+00:00,0.44500000000000006,0.44500000000000006,0.4368904,0.00810960650444037,0.01893293347340164,0,0,0,0.8817508535260266,0,0.8850883935434282,0,0,0.40991097207607113,0
2025-08-13 07:00:00+00:00,0.42500000000000004,0.42500000000000004,0.4149914,0.01000859141349797,0.02283328839581286,0,0,0,0.8577259446116798,0,0.8589546502690238,0,0,0.09369936335620171,0
2025-08-13 08:00:00+00:00,0.44499999999999995,0.44499999999999995,0.4082035,0.03679648756980891,0.08116872258046083,0,0,0,0.5341254751530561,0,0.53228285933897,0,0,0.2887574160262961,0
2025-08-13 09:00:00+00:00,0.49,0.49,0.41405874,0.07594125509262084,0.17325001161814643,0,0,0,0.22058639187000018,0,0.21752498078401228,0,0,0.7113369149922162,0
2025-08-13 10:00:00+00:00,0.38,0.38,0.4341554,-0.0541554045677185,0.06268038775602433,0,0,1,0.6275245459252605,0,0.6299000768639509,0,0,0.016116926980258295,0
2025-08-13 11:00:00+00:00,0.44000000000000006,1.7219784404578857,0.46714225,1.2548361863437347,1.4608226828480235,1,0,1,0.00025675190602364076,1,0.0,1,0,6.723366682981931e-10,1
2025-08-13 12:00:00+00:00,0.475,0.475,0.4755645,-0.0005645096302032693,0.0006198910158039053,0,0,1,0.9961081443351473,0,0.9965411222136817,0,0,0.11875569898202758,0
2025-08-13 13:00:00+00:00,0.535,0.535,0.48006362,0.05493638277053836,0.105646889943343,0,0,0,0.4264472481034081,0,0.41583397386625676,0,0,0.01579827069401699,0
2025-08-13 14:00:00+00:00,0.55,0.55,0.4822676,0.06773241162300114,0.12167499093952301,0,0,0,0.36600915838931286,0,0.3578016910069177,0,0,0.3252994733293373,0
2025-08-13 15:00:00+00:00,0.585,0.585,0.49040696,0.09459303975105282,0.16992761631925657,0,0,0,0.227960420972606,0,0.22867025365103766,0,0,0.06992310037033392,0
2025-08-13 16:00:00+00:00,0.535,0.535,0.4992828,0.03571719288825992,0.0673909299778489,0,0,0,0.6027909238529249,0,0.6049192928516526,0,0,0.246610702341489,0
2025-08-13 17:00:00+00:00,0.47,0.47,0.5132094,-0.04320940256118777,0.09033324577251799,0,0,0,0.4916275047058175,0,0.49077632590315146,0,0,0.18164843003778597,0
2025-08-13 18:00:00+00:00,0.43000000000000005,0.43000000000000005,0.5183481,-0.08834809780120845,0.19417164351913943,0,0,0,0.17939685011730774,0,0.17102229054573403,0,0,0.024331001186741863,0
2025-08-13 19:00:00+00:00,0.46499999999999997,0.46499999999999997,0.5069411,-0.04194108009338382,0.0928584799115509,0,0,0,0.4803748394050321,0,0.47732513451191394,0,0,0.019916823523280527,0
2025-08-13 20:00:00+00:00,0.45999999999999996,0.45999999999999996,0.48055243,-0.020552434921264684,0.04533625350278975,0,0,0,0.7235942469907277,0,0.7221368178324366,0,0,0.01829667793267644,0
2025-08-13 21:00:00+00:00,0.43500000000000005,0.43500000000000005,0.46464616,-0.029646160602569527,0.06539594250566808,0,0,0,0.6131904958012281,0,0.6179861644888547,0,0,0.023666497755116207,0
2025-08-13 22:00:00+00:00,0.46499999999999997,0.46499999999999997,0.46453544,0.0004645550251006769,0.0010558068752288111,0,0,0,0.9933714087711357,0,0.9934665641813989,0,0,0.2155595133523194,0
2025-08-13 23:00:00+00:00,0.42000000000000004,0.42000000000000004,0.46720558,-0.047205584049224814,0.09868763215865815,0,0,0,0.4551600034265678,0,0.44734819369715606,0,0,0.02124949237238179,0
2025-08-14 00:00:00+00:00,0.55,0.55,0.47844028,0.07155971527099614,0.13940204273570678,0,0,0,0.3080547351999497,0,0.30399692544196777,0,0,0.34204991091795545,0
2025-08-14 01:00:00+00:00,0.5700000000000001,0.5700000000000001,0.47971773,0.09028226852416998,0.15932165033677054,0,0,0,0.2531792854959833,0,0.2567255956956187,0,0,0.2444586859152601,0
2025-08-14 02:00:00+00:00,0.58,0.58,0.4988742,0.08112581253051754,0.14443764842228643,0,0,0,0.29320238683279115,0,0.2928516525749424,0,0,0.012111610024301247,0
2025-08-14 03:00:00+00:00,0.535,0.535,0.5192635,0.015736494064331086,0.028698773369600764,0,0,0,0.8219539344785983,0,0.823597232897771,0,0,0.1789670180797455,0
2025-08-14 04:00:00+00:00,0.53,0.53,0.52662545,0.003374545574188259,0.006595203076589432,0,0,0,0.9586194418442647,0,0.9627209838585703,0,0,0.1013826279702878,0
2025-08-14 05:00:00+00:00,0.47,0.47,0.5138759,-0.04387590169906619,0.09469619071740903,0,0,0,0.4723109225547395,0,0.468870099923136,0,0,0.4818695841489667,0
2025-08-14 06:00:00+00:00,0.39,0.39,0.49507388,-0.10507388472557067,0.24723266994251922,0,0,0,0.10727759979781179,0,0.08845074838683306,0,0,0.027742865291776372,0
2025-08-14 07:00:00+00:00,0.41500000000000004,0.41500000000000004,0.47161734,-0.056617341041564906,0.14037357283032623,0,0,0,0.3051355793479823,0,0.30207532667179093,0,0,0.0071564387858317905,1
2025-08-14 08:00:00+00:00,0.405,0.405,0.44145527,-0.03645527482032773,0.09076002029957111,0,0,0,0.4897118069305022,0,0.4884704073789393,0,0,0.001466598442557964,1
2025-08-14 09:00:00+00:00,0.385,0.385,0.4227556,-0.03775559902191161,0.09892296686963742,0,0,0,0.45416434080800155,0,0.44657955418908535,0,0,0.0014436863483157974,1
2025-08-14 10:00:00+00:00,0.355,0.355,0.4155522,-0.060552198886871356,0.1689828806145247,0,0,0,0.2301019229593217,0,0.2317448116833205,0,0,0.007438275181858505,1
2025-08-14 11:00:00+00:00,0.33499999999999996,0.33499999999999996,0.4149526,-0.07995260596275333,0.2262809602719434,0,0,0,0.13111020820173752,0,0.11491160645657184,0,0,0.009099078509958924,1
2025-08-14 12:00:00+00:00,0.37,0.37,0.41785884,-0.047858839035034184,0.12594431325008995,0,0,0,0.35121975694121144,0,0.34089162182936206,0,0,0.1526358898568115,0
2025-08-14 13:00:00+00:00,0.43500000000000005,0.43500000000000005,0.41389588,0.021104124784469658,0.05254138950490371,0,0,0,0.6827807296268995,0,0.6883166794773251,0,0,0.7560712386332509,0
2025-08-14 14:00:00+00:00,0.4,0.4,0.4142424,-0.014242386817932107,0.03338059410452837,0,0,0,0.7937665032839485,0,0.7959262106072252,0,0,0.4836185566641556,0
2025-08-14 15:00:00+00:00,0.44499999999999995,0.44499999999999995,0.42380682,0.021193183660507153,0.04967152420431364,0,0,0,0.6988916302174045,0,0.702152190622598,0,0,0.7989653476937681,0
2025-08-14 16:00:00+00:00,0.43500000000000005,0.43500000000000005,0.42352274,0.011477259397506767,0.027005316229427687,0,0,0,0.8322331075421102,0,0.8305149884704074,0,0,0.8846596977373863,0
2025-08-14 17:00:00+00:00,0.395,0.395,0.42036676,-0.025366764068603498,0.06504298479129103,0,0,0,0.6150420330237387,0,0.6191391237509608,0,0,0.657140440174462,0
2025-08-14 18:00:00+00:00,0.33999999999999997,0.33999999999999997,0.41654703,-0.07654703021049503,0.21870580060141434,0,0,0,0.14109513501393206,0,0.12605687932359722,0,0,0.09685321825691877,0
2025-08-14 19:00:00+00:00,0.315,0.315,0.40632796,-0.09132796287536621,0.2795753965572435,0,0,0,0.07934764684734398,0,0.05954588182152756,0,0,0.014413238031610978,0
2025-08-14 20:00:00+00:00,0.325,0.325,0.38492104,-0.05992104411125182,0.1771065343189709,0,0,0,0.2123270026333712,0,0.21099154496541117,0,0,0.0735931723373412,0
2025-08-14 21:00:00+00:00,0.375,0.375,0.35980743,0.015192568302154541,0.042997834817418513,0,0,0,0.7370924239875838,0,0.7390468870099923,0,0,0.4427004505899204,0
2025-08-14 22:00:00+00:00,0.36,0.36,0.34383553,0.0161644673347473,0.046405169382049666,0,0,0,0.7174639164545505,0,0.7179093005380477,0,0,0.32010983211033417,0
2025-08-14 23:00:00+00:00,0.31,0.31,0.34969494,-0.039694937467575075,0.05254977189622868,0,0,1,0.6827339641761183,0,0.6879323597232898,0,0,0.02597585401155222,0
2025-08-15 00:00:00+00:00,0.33999999999999997,1.5961337643460172,0.3636963,1.2324374574021237,1.5997829417080933,1,1,1,0.00017980552436725974,1,0.0,1,0,8.164091808104809e-10,1
2025-08-15 01:00:00+00:00,0.405,0.405,0.368241,0.036758987903595,0.045927038863168256,0,0,1,0.7202028989600171,0,0.7198308993082245,0,0,0.3589676561254467,0
2025-08-15 02:00:00+00:00,0.4,0.4,0.3661253,0.03387471437454226,0.08504112395282575,0,0,0,0.5158523770534819,0,0.5142198308993082,0,0,0.04053355771175301,0
2025-08-15 03:00:00+00:00,0.39,0.39,0.37168637,0.018313630819320692,0.04715956434159835,0,0,0,0.7131527838019971,0,0.7125288239815526,0,0,0.3021525709128306,0
2025-08-15 04:00:00+00:00,0.375,0.375,0.3758581,-0.0008580982685089111,0.002278136996041357,0,0,0,0.9856981982692123,0,0.9850115295926211,0,0,0.4400731082249522,0
2025-08-15 05:00:00+00:00,0.365,0.365,0.37241033,-0.007410327196121225,0.020118535374084773,0,0,0,0.8744301480702319,0,0.8766333589546502,0,0,0.17917424483088587,0
2025-08-15 06:00:00+00:00,0.365,0.365,0.36393443,0.001065572500228873,0.0030737668275832874,0,0,0,0.9807045530807187,0,0.9823212913143735,0,0,0.0924425073063949,0
2025-08-15 07:00:00+00:00,0.31,0.31,0.35649255,-0.0464925491809845,0.13741640152015122,0,0,0,0.3141018583896836,0,0.30822444273635663,0,0,0.026721687908082388,0
2025-08-15 08:00:00+00:00,0.33999999999999997,0.33999999999999997,0.3549452,-0.014945212602615388,0.042904916562532217,0,0,0,0.7376312021014443,0,0.7401998462720984,0,0,0.006197129428403857,1
2025-08-15 09:00:00+00:00,0.395,0.395,0.3488089,0.046191085577011126,0.11644811490002804,0,0,0,0.38485721839077125,0,0.37740199846272093,0,0,0.08123426591911326,0
2025-08-15 10:00:00+00:00,0.45499999999999996,0.45499999999999996,0.3457727,0.10922728657722469,0.2590370432661455,0,0,0,0.09597915588815815,0,0.07665894258582236,0,0,0.3702718686316803,0
2025-08-15 11:00:00+00:00,0.41500000000000004,0.41500000000000004,0.35788712,0.057112880945205724,0.1464432844748865,0,0,0,0.28747649144713444,0,0.2867025365103766,0,0,0.8274266148196895,0
2025-08-15 12:00:00+00:00,0.3,0.3,0.38794088,-0.08794088363647462,0.23347137248621577,0,0,0,0.12233617392661315,0,0.10491929285165258,0,0,0.012514598957087683,0
2025-08-15 13:00:00+00:00,0.41500000000000004,0.41500000000000004,0.41428393,0.0007160687446594594,0.001944078039799437,0,0,0,0.987795118909392,0,0.9877017678708686,0,0,0.5596209747244377,0
2025-08-15 14:00:00+00:00,0.39,0.39,0.40415946,-0.014159456491470324,0.03453525973529348,0,0,0,0.7868707265811881,0,0.7916986933128363,0,0,0.4681443887709528,0
2025-08-15 15:00:00+00:00,0.42500000000000004,0.42500000000000004,0.39709508,0.027904915809631392,0.0672407609870636,0,0,0,0.6035698259692627,0,0.6060722521137587,0,0,0.02660812009682685,0
2025-08-15 16:00:00+00:00,0.43000000000000005,0.43000000000000005,0.3948795,0.03512050986289983,0.07862800715574587,0,0,0,0.5463630531359208,0,0.547271329746349,0,0,0.20987027385539508,0
2025-08-15 17:00:00+00:00,0.485,0.485,0.40242592,0.08257408499717711,0.16737990202130495,0,0,0,0.23378147309829458,0,0.23405073020753264,0,0,0.21388914813879933,0
2025-08-15 18:00:00+00:00,0.565,0.565,0.41542313,0.14957687497138972,0.26088989820591235,0,0,0,0.09432875162462143,0,0.07494612703672782,0,0,0.007235516830061338,1
2025-08-15 19:00:00+00:00,0.67,0.67,0.4393721,0.23062790751457218,0.3660760436739241,0,0,0,0.03749497813100705,0,0.019445313655162614,0,0,0.0001273784865764775,1
2025-08-15 20:00:00+00:00,0.655,0.655,0.48126265,0.1737373459339142,0.2743221251588119,0,0,0,0.08327023281931481,0,0.06354913408135401,0,0,0.00046655176402373203,1
2025-08-15 21:00:00+00:00,0.575,0.575,0.5427402,0.0322597742080688,0.050936485591687584,0,0,0,0.6917659936388462,0,0.6963873943120676,0,0,0.0011461703059813548,1
2025-08-15 22:00:00+00:00,0.6699999999999999,0.6699999999999999,0.590164,0.07983599424362176,0.12251047710018685,0,0,0,0.36307239239575345,0,0.3547271329746349,0,0,0.0005699217730641214,1
2025-08-15 23:00:00+00:00,0.71,0.71,0.58842754,0.12157245635986325,0.175344888980572,0,0,0,0.21606044366816232,0,0.21329746348962342,0,0,0.0002676385821312842,1
2025-08-16 00:00:00+00:00,0.7,0.7,0.58273745,0.11726255416870113,0.16477173887873697,0,0,0,0.23989364995400905,0,0.24173712528823976,0,0,0.00021027699918632782,1
2025-08-16 01:00:00+00:00,0.7250000000000001,0.7250000000000001,0.598306,0.12669399976730356,0.17886211731854618,0,0,0,0.20867134400871323,0,0.2067640276710223,0,0,0.00016680224881092975,1
2025-08-16 02:00:00+00:00,0.7,0.7,0.6250192,0.07498080730438228,0.10087104121665778,0,0,0,0.4459888433317693,0,0.43927747886241353,0,0,0.000401021390227483,1
2025-08-16 03:00:00+00:00,0.8049999999999998,0.8049999999999998,0.66102004,0.14397995948791487,0.18341396113110173,0,0,0,0.1994881646160256,0,0.19523443504996152,0,0,4.515464677344958e-05,1
2025-08-16 04:00:00+00:00,0.85,0.85,0.6882254,0.16177461147308347,0.18453377734572263,0,0,0,0.19729289515726062,0,0.19215987701767867,0,0,1.7695028948123865e-05,1
2025-08-16 05:00:00+00:00,0.9749999999999998,0.9749999999999998,0.73091567,0.24408433437347388,0.2657905637460696,0,0,0,0.0901140801193604,0,0.07058514952803056,0,0,1.7867627172568409e-06,1
2025-08-16 06:00:00+00:00,0.9299999999999999,0.9299999999999999,0.7845185,0.14548151969909662,0.15587305682046068,0,0,0,0.2619550434771994,0,0.26441199077632593,0,0,6.655100123247325e-06,1
2025-08-16 07:00:00+00:00,0.895,0.895,0.8560706,0.0389294219017029,0.04374092348505944,0,0,0,0.7327902867036152,0,0.7332820906994619,0,0,2.113243389971296e-05,1
2025-08-16 08:00:00+00:00,0.845,0.845,0.9018901,-0.05689009904861453,0.06706102048952597,0,0,0,0.6045029502597874,0,0.6079938508839354,0,0,0.0001310031027597137,1
2025-08-16 09:00:00+00:00,0.8049999999999999,0.8049999999999999,0.9033524,-0.09835237979888922,0.1148082254461742,0,0,0,0.3909410063418021,0,0.38316679477325133,0,0,0.0005098480769505193,1
2025-08-16 10:00:00+00:00,0.9199999999999998,0.9199999999999998,0.87070376,0.0492962431907652,0.054672358437077864,0,0,0,0.6709479253096717,0,0.6733282090699462,0,0,3.6599941407719255e-05,1
2025-08-16 11:00:00+00:00,0.98,0.98,0.8264543,0.15354571819305418,0.14811484070069536,0,0,0,0.28278546773806285,0,0.2805534204458109,0,0,1.6249139003002305e-05,1
2025-08-16 12:00:00+00:00,1.21,1.21,0.8274425,0.3825574731826782,0.3451646374580555,0,0,0,0.04458942213086532,0,0.025707637494882415,0,0,3.771529338517483e-07,1
2025-08-16 13:00:00+00:00,1.135,1.135,0.8756381,0.2593618726730347,0.2322643635877923,0,0,0,0.12376332459571358,0,0.10684089162182941,0,0,2.849918464940497e-06,1
2025-08-16 14:00:00+00:00,1.005,1.005,1.0017325,0.0032675313949583895,0.0031570351642110045,0,0,0,0.9801819895435292,0,0.9815526518063028,0,0,8.26926012006603e-05,1
2025-08-16 15:00:00+00:00,0.9650000000000002,0.9650000000000002,1.0952424,-0.13024238109588604,0.14029699938515552,0,0,0,0.3053647207718838,0,0.30245964642582623,0,0,0.0007857085764415945,1
2025-08-16 16:00:00+00:00,0.8149999999999998,0.8149999999999998,1.0822321,-0.26723211765289323,0.31876594551040943,0,0,0,0.05589775018411474,0,0.036276606939744216,0,0,0.32429853432990097,0
2025-08-16 17:00:00+00:00,0.7350000000000001,0.7350000000000001,1.0128913,-0.2778912925720214,0.365646437594765,0,0,0,0.0376267834382363,0,0.01955830812943687,0,0,0.1735026494374742,0
2025-08-16 18:00:00+00:00,0.73,0.73,0.90615827,-0.1761582684516907,0.24021582061594182,0,0,0,0.11468499651449576,0,0.09623399879035564,0,0,0.2015570138930319,0
2025-08-16 19:00:00+00:00,0.735,0.735,0.81160367,-0.07660366535186769,0.10101582244202333,0,0,0,0.44538597373753785,0,0.4377401998462721,0,0,0.21471178307651317,0
2025-08-16 20:00:00+00:00,0.8099999999999999,0.8099999999999999,0.76062524,0.04937475681304926,0.06440185671267296,0,0,0,0.6184141159278188,0,0.6210607225211375,0,0,0.8763744385545759,0
2025-08-16 21:00:00+00:00,0.7549999999999999,0.7549999999999999,0.75054187,0.004458134174346817,0.00590481347595605,0,0,0,0.9629465182145481,0,0.9681014604150653,0,0,0.3647083088318817,0
2025-08-16 22:00:00+00:00,0.7,0.7,0.7823585,-0.08235852718353276,0.12171210913822576,0,0,0,0.3658782446271156,0,0.3574173712528824,0,0,0.01964147390393649,0
2025-08-16 23:00:00+00:00,0.575,0.575,0.8049377,-0.22993772029876713,0.36305955836647447,0,0,0,0.03843203485688509,0,0.02025165876080718,0,0,0.00015492867126596434,1
2025-08-17 00:00:00+00:00,0.625,0.625,0.78643,-0.1614300012588501,0.2576010658385906,0,0,0,0.09728034979738155,0,0.07801123875685943,0,0,0.0010559468310994435,1
2025-08-17 01:00:00+00:00,0.68,0.68,0.7154939,-0.03549391746520991,0.05156501326664878,0,0,0,0.6882396684884596,0,0.6940814757878555,0,0,0.007420241814851281,1
2025-08-17 02:00:00+00:00,0.7599999999999999,0.7599999999999999,0.6487565,0.11124349594116201,0.1411122570078165,0,0,0,0.30293333431084396,0,0.3009223674096848,0,0,0.35104990382758516,0
2025-08-17 03:00:00+00:00,0.9250000000000002,0.9250000000000002,0.6171744,0.30782561302185074,0.3471717440096061,0,0,0,0.04384425349988192,0,0.025034156044061527,0,0,0.04052533383647046,0
2025-08-17 04:00:00+00:00,0.9749999999999998,0.9749999999999998,0.6293648,0.3456352114677427,0.34853970904310183,0,0,0,0.04334468967402741,0,0.024584539267992145,0,0,0.00439784884834284,1
2025-08-17 05:00:00+00:00,1.0750000000000004,1.0750000000000004,0.69434863,0.38065136671066324,0.3636796497235636,0,0,0,0.0382371850158113,0,0.020083415188385814,0,0,0.00013103199680669777,1
2025-08-17 06:00:00+00:00,1.0899999999999999,1.0899999999999999,0.77454156,0.3154584431648253,0.2880899024336304,0,0,0,0.07342511516514692,0,0.05355004044343074,0,0,7.303489145965138e-05,1
2025-08-17 07:00:00+00:00,1.12,1.12,0.8537977,0.26620232582092296,0.23803486660589235,0,0,0,0.117100340191128,0,0.09877938735487336,0,0,4.30831309478983e-05,1
2025-08-17 08:00:00+00:00,1.145,1.145,0.91623265,0.22876735448837282,0.19864024991754514,0,0,0,0.17167895778630332,0,0.16372021521906222,0,0,2.8225031486395378e-05,1
2025-08-17 09:00:00+00:00,1.19,1.19,0.96305317,0.22694683313369746,0.20263110101222986,0,0,0,0.1650797828342821,0,0.1564181398923905,0,0,9.79223522453447e-06,1
2025-08-17 10:00:00+00:00,1.0250000000000004,1.0250000000000004,1.0085506,0.016449356079101918,0.015616477290286628,0,0,0,0.9023021889895023,0,0.9093005380476556,0,0,0.0020471766957699572,1
2025-08-17 11:00:00+00:00,0.9450000000000002,0.9450000000000002,1.067002,-0.12200205802917463,0.12797418674388944,0,0,0,0.34437632782691596,0,0.33512682551883166,0,0,0.036460948651320754,0
2025-08-17 12:00:00+00:00,0.89,0.89,1.072202,-0.18220196723937987,0.20433865484790265,0,0,0,0.16233816124794193,0,0.15372790161414296,0,0,0.31391668673328393,0
2025-08-17 13:00:00+00:00,0.84,0.84,1.0416272,-0.20162716865539554,0.2133620832332228,0,0,0,0.1486284439383567,0,0.13374327440430434,0,0,0.22120747327797463,0
2025-08-17 14:00:00+00:00,1.105,1.105,1.002087,0.10291300296783445,0.10139212115057583,0,0,0,0.4438221270852152,0,0.43504996156802456,0,0,0.0001336144246698796,1
2025-08-17 15:00:00+00:00,1.1,1.1,0.9752868,0.12471321821212777,0.11637314296621566,0,0,0,0.3851335703921636,0,0.37817063797079165,0,0,0.0001397396895883925,1
2025-08-17 16:00:00+00:00,1.01,1.01,1.0431268,-0.03312682151794433,0.03253043029585367,0,0,0,0.7988584242105646,0,0.8020753266717909,0,0,0.010371631959506293,0
2025-08-17 17:00:00+00:00,0.9450000000000002,0.9450000000000002,1.1188989,-0.17389886856079084,0.18177582079525176,0,0,0,0.20274463510745852,0,0.19869331283627978,0,0,0.31487584817786296,0
2025-08-17 18:00:00+00:00,0.915,0.915,1.1090287,-0.19402869701385494,0.2078878896577017,0,0,0,0.15679214175073117,0,0.142966948501153,0,0,0.7777600678085529,0
2025-08-17 19:00:00+00:00,0.94,0.94,1.0290618,-0.08906179428100591,0.09491487845222654,0,0,0,0.4713583402789311,0,0.46694850115295927,0,0,0.5707302678577033,0
2025-08-17 20:00:00+00:00,0.96,0.96,0.9304259,0.029574117660522425,0.031021801741806743,0,0,0,0.8079237867758956,0,0.8120676402767102,0,0,0.3841794707132561,0
2025-08-17 21:00:00+00:00,0.96,0.96,0.8626175,0.09738250732421871,0.10250790244654603,0,0,0,0.4392110844397364,0,0.42890084550345886,0,0,0.34745306824747246,0
2025-08-17 22:00:00+00:00,0.9299999999999999,0.9299999999999999,0.8385679,0.09143208742141717,0.0986677202389394,0,0,0,0.4552443269601399,0,0.44773251345119136,0,0,0.8012876316911588,0
2025-08-17 23:00:00+00:00,0.8899999999999998,0.8899999999999998,0.84440297,0.04559703111648539,0.04885396191052006,0,0,0,0.703517124556238,0,0.7071483474250577,0,0,0.5478868503381785,0
2025-08-18 00:00:00+00:00,0.98,0.98,0.8538274,0.1261725831031799,0.13375185487969604,0,0,0,0.32555055415760753,0,0.31629515757109916,0,0,0.30598359193775615,0
2025-08-18 01:00:00+00:00,0.96,0.96,0.85584587,0.10415413141250607,0.10538360682546989,0,0,0,0.4275060284979348,0,0.4173712528823982,0,0,0.496658933807689,0
2025-08-18 02:00:00+00:00,1.025,1.025,0.8805743,0.1444257140159606,0.13931740901861153,0,0,0,0.3083102607953295,0,0.30438124519600307,0,0,0.18678157461521216,0
2025-08-18 03:00:00+00:00,1.125,1.125,0.90825206,0.2167479395866394,0.20609946711883306,0,0,0,0.15956125643542238,0,0.14796310530361256,0,0,0.005713135305802733,1
2025-08-18 04:00:00+00:00,1.005,1.005,0.9497579,0.055242125988006485,0.05227961449969068,0,0,0,0.6842420402893155,0,0.690238278247502,0,0,0.586984324822493,0
2025-08-18 05:00:00+00:00,1.04,1.04,1.0143844,0.025615611076355016,0.02519568302592297,0,0,0,0.8432624267599775,0,0.8408916218293621,0,0,0.15236936596091866,0
2025-08-18 06:00:00+00:00,1.005,1.005,1.0212063,-0.016206259727478134,0.016369959320684982,0,0,0,0.8976241750243432,0,0.90315142198309,0,0,0.3836562840087509,0
2025-08-18 07:00:00+00:00,0.9250000000000002,0.9250000000000002,1.0060778,-0.08107776641845688,0.08828794891302019,0,0,0,0.5008870108001796,0,0.5019215987701768,0,0,0.4134587113526972,0
2025-08-18 08:00:00+00:00,0.825,0.825,0.9781899,-0.15318988561630253,0.17675756032650292,0,0,0,0.21306136573559092,0,0.21176018447348188,0,0,0.012190290039720839,0
2025-08-18 09:00:00+00:00,0.85,0.85,0.9353439,-0.08534392118453982,0.10099872329531341,0,0,0,0.44545714054832525,0,0.4381245196003074,0,0,0.07338958787737303,0
2025-08-18 10:00:00+00:00,0.86,0.86,0.8780753,-0.018075301647186293,0.021777471864079873,0,0,0,0.8642124114671468,0,0.8670253651037663,0,0,0.19201231528136098,0
2025-08-18 11:00:00+00:00,0.7799999999999999,0.7799999999999999,0.844473,-0.06447300434112557,0.08075950439389426,0,0,0,0.5360832740452328,0,0.536510376633359,0,0,0.014922057024793203,0
2025-08-18 12:00:00+00:00,0.7549999999999999,0.7549999999999999,0.8438966,-0.08889662742614757,0.1106597021902252,0,0,0,0.406698667173794,0,0.4000768639508071,0,0,0.005579930886847816,1
2025-08-18 13:00:00+00:00,0.875,0.875,0.8423237,0.03267627954483032,0.038442681817447436,0,0,0,0.7637138527704341,0,0.7667179093005381,0,0,0.45602789642643166,0
2025-08-18 14:00:00+00:00,0.9199999999999999,0.9199999999999999,0.83106834,0.08893166303634636,0.09973644452674359,0,0,0,0.450735988109422,0,0.4431206764027671,0,0,0.5356529777451802,0
2025-08-18 15:00:00+00:00,0.88,0.88,0.84845686,0.03154314041137696,0.037182483785513115,0,0,0,0.7711512295616587,0,0.7755572636433512,0,0,0.5023494058467085,0
2025-08-18 16:00:00+00:00,0.745,0.745,0.8763995,-0.13139951705932618,0.16424939632415772,0,0,0,0.24113662933219077,0,0.2436587240584166,0,0,0.0027863468385464496,1
2025-08-18 17:00:00+00:00,0.7749999999999998,0.7749999999999998,0.88025016,-0.10525015592575093,0.132113166433997,0,0,0,0.33079277632289156,0,0.3201383551114527,0,0,0.009363270054291075,1
2025-08-18 18:00:00+00:00,0.87,0.87,0.8239573,0.04604267597198486,0.056609847506538774,0,0,0,0.6602885018671665,0,0.6652574942352036,0,0,0.5910472692577248,0
2025-08-18 19:00:00+00:00,0.7949999999999999,0.7949999999999999,0.76583534,0.029164655208587575,0.0362293853522827,0,0,0,0.776796060195823,0,0.7805534204458109,0,0,0.05214209700502902,0
2025-08-18 20:00:00+00:00,0.7499999999999999,0.7499999999999999,0.7500552,-5.519390106212274e-05,7.183587990731812e-05,0,0,0,0.9995489910059193,0,1.0,0,0,0.009394579818061776,1
2025-08-18 21:00:00+00:00,0.7599999999999999,0.7599999999999999,0.7427846,0.017215380668640035,0.023107893514953067,0,0,0,0.8560410911391498,0,0.8562644119907763,0,0,0.029850164799096496,0
2025-08-18 22:00:00+00:00,0.725,0.725,0.7308903,-0.005890274047851585,0.008143236010854727,0,0,0,0.9489235490817852,0,0.9546502690238279,0,0,0.010877048211631513,0
2025-08-18 23:00:00+00:00,0.685,0.685,0.72505087,-0.040050866603851265,0.05748928220648507,0,0,0,0.6554818681034054,0,0.6606456571867794,0,0,0.00375093436625713,1
2025-08-19 00:00:00+00:00,0.6799999999999999,0.6799999999999999,0.7176828,-0.03768277883529669,0.052826325470042096,0,0,0,0.6811920350454354,0,0.6852421214450423,0,0,0.006911033327662961,1
2025-08-19 01:00:00+00:00,0.7749999999999998,0.7749999999999998,0.7062073,0.0687927246093748,0.09012147328739058,0,0,0,0.4925802096547158,0,0.49154496541122217,0,0,0.307312032111787,0
2025-08-19 02:00:00+00:00,0.835,0.835,0.6955225,0.13947751283645626,0.1612456795797182,0,0,0,0.2484085533581686,0,0.250576479631053,0,0,0.5495179605641611,0
2025-08-19 03:00:00+00:00,0.9850000000000002,0.9850000000000002,0.71584004,0.26915995836257955,0.30356386281493936,0,0,0,0.06390188512778762,0,0.04406097524455961,0,0,0.0029361719102401398,1
2025-08-19 04:00:00+00:00,0.84,0.84,0.76178706,0.07821294307708737,0.08904699401565924,0,0,0,0.49743548062245324,0,0.49615680245964644,0,0,0.5990766850368677,0
2025-08-19 05:00:00+00:00,0.8099999999999999,0.8099999999999999,0.8416494,-0.03164941310882574,0.03775277905625337,0,0,0,0.7677817382207242,0,0.7705611068408916,0,0,0.6455537221999016,0
2025-08-19 06:00:00+00:00,0.865,0.865,0.86518604,-0.00018603563308716708,0.00022826458047505165,0,0,0,0.998566881781058,0,0.9984627209838586,0,0,0.4016707684005195,0
2025-08-19 07:00:00+00:00,0.7699999999999999,0.7699999999999999,0.83106464,-0.061064641475677583,0.07697223715421544,0,0,0,0.5544431472988881,0,0.5564950038431975,0,0,0.4019899095941928,0
2025-08-19 08:00:00+00:00,0.745,0.745,0.799015,-0.054014985561370854,0.07170130826730645,0,0,0,0.5807088379682612,0,0.5830130668716371,0,0,0.3576630573029477,0
2025-08-19 09:00:00+00:00,0.745,0.745,0.7575574,-0.012557392120361333,0.01689335262828879,0,0,0,0.8943776191226241,0,0.8996925441967717,0,0,0.4428276322572657,0
2025-08-19 10:00:00+00:00,0.74,0.74,0.72721756,0.012782444953918448,0.017877545390095735,0,0,0,0.888279603051997,0,0.8927747886241353,0,0,0.4650061232575796,0
2025-08-19 11:00:00+00:00,0.6599999999999999,0.6599999999999999,0.71984375,-0.0598437452316285,0.09067234126004317,0,0,0,0.49010491620806007,0,0.48923904688701003,0,0,0.021241959610468177,0
2025-08-19 12:00:00+00:00,0.58,0.58,0.73206496,-0.152064962387085,0.250656531407283,0,0,0,0.10385581230043092,0,0.08486838398331571,0,0,0.0010208600068469167,1
2025-08-19 13:00:00+00:00,0.58,0.58,0.7363849,-0.156384928226471,0.25636873479749345,0,0,0,0.09841266251646097,0,0.07918933089861992,0,0,0.001718033741155376,1
2025-08-19 14:00:00+00:00,0.6699999999999999,0.6699999999999999,0.71574914,-0.045749144554138255,0.0677765104505752,0,0,0,0.6007939105295989,0,0.6026133743274404,0,0,0.11716132195528975,0
2025-08-19 15:00:00+00:00,0.7749999999999998,0.7749999999999998,0.68504536,0.08995463848113994,0.11993951797485326,0,0,0,0.37217608387886436,0,0.36433512682551883,0,0,0.5771186209062323,0
2025-08-19 16:00:00+00:00,0.8049999999999998,0.8049999999999998,0.67841196,0.1265880393981932,0.17183896750885957,0,0,0,0.2236885362494283,0,0.22136817832436584,0,0,0.3950937611143749,0
2025-08-19 17:00:00+00:00,0.63,0.63,0.70642793,-0.07642793178558349,0.11239401733174043,0,0,0,0.40004684411528124,0,0.3943120676402767,0,0,0.017799260469466453,0
2025-08-19 18:00:00+00:00,0.605,0.605,0.74537873,-0.14037873268127443,0.21820528396053024,0,0,0,0.14178307838021809,0,0.12720983858570334,0,0,0.008076953791953516,1
2025-08-19 19:00:00+00:00,0.695,0.695,0.7175939,-0.022593908309936572,0.035395156621310556,0,0,0,0.7817506019665186,0,0.7867025365103766,0,0,0.5281860571126364,0
2025-08-19 20:00:00+00:00,0.615,0.615,0.65433735,-0.0393373465538025,0.06227548267092743,0,0,0,0.6296792014362835,0,0.633358954650269,0,0,0.03026032115967439,0
2025-08-19 21:00:00+00:00,0.585,0.585,0.61917,-0.0341700100898743,0.0599473861225865,0,0,0,0.6421539564984914,0,0.6456571867794005,0,0,0.011265757991560255,0
2025-08-19 22:00:00+00:00,0.51,0.51,0.59415746,-0.08415745735168456,0.15730365860127954,0,0,0,0.258279183620615,0,0.25980015372790166,0,0,0.0006000260273661391,1
2025-08-19 23:00:00+00:00,0.51,0.51,0.5755384,-0.06553839683532714,0.12684851000385897,0,0,0,0.34815650534680065,0,0.33973866256725593,0,0,0.0008254334360860536,1
2025-08-20 00:00:00+00:00,0.53,0.53,0.55283034,-0.022830338478088352,0.04294107550737621,0,0,0,0.7374215160394142,0,0.739815526518063,0,0,0.0030275507707232907,1
2025-08-20 01:00:00+00:00,0.5549999999999999,0.5549999999999999,0.5399456,0.01505439758300775,0.02588148581605917,0,0,0,0.8390773158050322,0,0.8362797847809378,0,0,0.01220515416341875,0
2025-08-20 02:00:00+00:00,0.66,0.66,0.54448104,0.11551896095275882,0.18336343008374414,0,0,0,0.1995878123238112,0,0.19561875480399693,0,0,0.6134583129395984,0
2025-08-20 03:00:00+00:00,0.675,0.675,0.56021124,0.11478875875473027,0.1651636816614824,0,0,0,0.23896513412278494,0,0.24058416602613375,0,0,0.5669042497559008,0
2025-08-20 04:00:00+00:00,0.7499999999999999,0.7499999999999999,0.5977798,0.1522201895713805,0.2335859686517348,0,0,0,0.12220161127391471,0,0.10415065334358187,0,0,0.10562411677626272,0
2025-08-20 05:00:00+00:00,0.53,0.53,0.63329065,-0.10329064846038816,0.17167420796740418,0,0,0,0.22405359739048408,0,0.22213681783243655,0,0,0.0260458101814544,0
2025-08-20 06:00:00+00:00,0.525,0.525,0.670305,-0.1453050136566162,0.2649939458783274,0,0,0,0.09078463381569983,0,0.07127765929700301,0,0,0.03160011017172807,0
2025-08-20 07:00:00+00:00,0.59,0.59,0.6368183,-0.04681828975677493,0.08335600550167645,0,0,0,0.5237476355560767,0,0.5242121445042276,0,0,0.4940130686995068,0
2025-08-20 08:00:00+00:00,0.5700000000000001,0.5700000000000001,0.57505774,-0.005057744979858336,0.008770656034436419,0,0,0,0.9449967194479263,0,0.9508070714834742,0,0,0.27052185317890737,0
2025-08-20 09:00:00+00:00,0.5700000000000001,0.5700000000000001,0.5369915,0.033008522987365785,0.0577408565376661,0,0,0,0.654110550003809,0,0.6591083781706379,0,0,0.5092348716942198,0
2025-08-20 10:00:00+00:00,0.575,0.575,0.5220891,0.05291087627410884,0.08769758498471078,0,0,0,0.503583871287919,0,0.5049961568024597,0,0,0.6187779357290663,0
2025-08-20 11:00:00+00:00,0.665,0.665,0.52710485,0.1378951454162598,0.2242197486443249,0,0,0,0.13374940607479405,0,0.1183704842428901,0,0,0.48691717491855957,0
2025-08-20 12:00:00+00:00,0.605,0.605,0.5460399,0.05896012067794798,0.09718701210650765,0,0,0,0.46154961253157395,0,0.4546502690238279,0,0,0.8511332363539134,0
2025-08-20 13:00:00+00:00,0.55,0.55,0.59171563,-0.0417156338691711,0.06857364471644564,0,0,0,0.5966787753960404,0,0.5991544965411222,0,0,0.45563695536536397,0
2025-08-20 14:00:00+00:00,0.6699999999999999,0.6699999999999999,0.6278999,0.042100114822387624,0.06612583479956172,0,0,0,0.609372691770855,0,0.6156802459646427,0,0,0.3901307018600615,0
2025-08-20 15:00:00+00:00,0.69,0.69,0.628734,0.061266007423400826,0.08669718031613326,0,0,0,0.5081785016297351,0,0.5084550345887779,0,0,0.18181761566145818,0
2025-08-20 16:00:00+00:00,0.7599999999999999,0.7599999999999999,0.6352814,0.12471861600875844,0.17322030001216454,0,0,0,0.22065126476944966,0,0.2179093005380477,0,0,0.006009944701889729,1
2025-08-20 17:00:00+00:00,0.71,0.71,0.6473832,0.06261678695678707,0.09118949556813653,0,0,0,0.48778971169401775,0,0.48578016910069177,0,0,0.0859522310505605,0
2025-08-20 18:00:00+00:00,0.59,0.59,0.6730476,-0.08304760217666629,0.1357726466103536,0,0,0,0.31919064634625416,0,0.3120676402767102,0,0,0.701939130750909,0
2025-08-20 19:00:00+00:00,0.535,0.535,0.68908036,-0.15408035755157468,0.2671913714767191,0,0,0,0.08894834390184456,0,0.06938249729394753,0,0,0.19403728756244082,0
2025-08-20 20:00:00+00:00,0.605,0.605,0.6607911,-0.0557910990715027,0.09324417672117442,0,0,0,0.4786736484748767,0,0.4746348962336664,0,0,0.8388150183926409,0
2025-08-20 21:00:00+00:00,0.655,0.655,0.6088168,0.04618319749832156,0.07428932573456551,0,0,0,0.5677097407627784,0,0.5703305149884704,0,0,0.586487998603766,0
2025-08-20 22:00:00+00:00,0.605,0.605,0.5824032,0.022596817016601545,0.03704396232229761,0,0,0,0.7719705859457411,0,0.7767102229054573,0,0,0.8629018794481587,0
2025-08-20 23:00:00+00:00,0.5700000000000001,0.5700000000000001,0.5924312,-0.022431187629699645,0.03867446143051663,0,0,0,0.7623492648337886,0,0.7647963105303612,0,0,0.49911271816909514,0
2025-08-21 00:00:00+00:00,0.565,0.565,0.6064132,-0.04141318559646612,0.07669108443790021,0,0,0,0.5558233357230913,0,0.5580322828593389,0,0,0.7750603190362906,0
2025-08-21 01:00:00+00:00,0.485,0.485,0.60744536,-0.12244535923004152,0.2393068910033385,0,0,0,0.11568491501405523,0,0.09728733669658154,0,0,0.07456723173539018,0
2025-08-21 02:00:00+00:00,0.485,0.485,0.59736925,-0.11236925363540651,0.23089572664809557,0,0,0,0.12540353073913396,0,0.10914681014604155,0,0,0.09868861846531894,0
2025-08-21 03:00:00+00:00,0.49,0.49,0.5668921,-0.07689208745956422,0.15327326403899846,0,0,0,0.2687652430404155,0,0.27094542659492693,0,0,0.15826419543670933,0
2025-08-21 04:00:00+00:00,0.53,0.53,0.53056145,-0.0005614471435546609,0.001052713394164989,0,0,0,0.993390829706409,0,0.9938508839354343,0,0,0.5852993708356526,0
2025-08-21 05:00:00+00:00,0.58,0.58,0.504468,0.0755319762229919,0.14525380042883057,0,0,0,0.29085946671475355,0,0.28977709454265954,0,0,0.9613678525963287,0
2025-08-21 06:00:00+00:00,0.45000000000000007,0.45000000000000007,0.49527147,-0.04527147412300103,0.09398921963252808,0,0,0,0.475400643534293,0,0.47079169869331283,0,0,0.027762453513229833,0
2025-08-21 07:00:00+00:00,0.41500000000000004,0.41500000000000004,0.51288635,-0.09788634538650509,0.2167225359110814,0,0,0,0.1438422504644294,0,0.12836279784780935,0,0,0.004988015926331031,1
2025-08-21 08:00:00+00:00,0.49,0.49,0.5101728,-0.020172784328460702,0.04482840961880156,0,0,0,0.7265156253626405,0,0.7248270561106841,0,0,0.23553586052900072,0
2025-08-21 09:00:00+00:00,0.44500000000000006,0.44500000000000006,0.4838686,-0.03886859893798822,0.08358838481287789,0,0,0,0.5226536870864921,0,0.5219062259800153,0,0,0.0534095008386752,0
2025-08-21 10:00:00+00:00,0.45999999999999996,0.45999999999999996,0.4653144,-0.00531438827514652,0.012170354828579815,0,0,0,0.9237553290951511,0,0.9281322059953881,0,0,0.10364207574208543,0
2025-08-21 11:00:00+00:00,0.405,0.405,0.44607595,-0.041075946092605564,0.09589715041075228,0,0,0,0.46709809684083786,0,0.4619523443504996,0,0,0.030716888355323338,0
2025-08-21 12:00:00+00:00,0.42000000000000004,0.42000000000000004,0.43510142,-0.015101419687271078,0.037287456017953274,0,0,0,0.7705305576169085,0,0.7744043043812452,0,0,0.06702990779325967,0
2025-08-21 13:00:00+00:00,0.39,0.39,0.42240795,-0.03240795493125914,0.07809145766568468,0,0,0,0.5489723623828403,0,0.5499615680245964,0,0,0.026007440601029247,0
2025-08-21 14:00:00+00:00,0.43500000000000005,0.43500000000000005,0.42008933,0.014910665750503593,0.03388787670568998,0,0,0,0.7907341042498531,0,0.7940046118370484,0,0,0.17979130640638222,0
2025-08-21 15:00:00+00:00,0.495,0.495,0.4239806,0.07101940631866455,0.14899176150768784,0,0,0,0.2803537030654803,0,0.27901614142966946,0,0,0.736911201249816,0
2025-08-21 16:00:00+00:00,0.5,0.5,0.43442556,0.06557443737983704,0.12815850953714078,0,0,0,0.3437608656091753,0,0.33358954650269024,0,0,0.7768061975100999,0
2025-08-21 17:00:00+00:00,0.54,0.54,0.45757484,0.08242515563964847,0.14762714442922115,0,0,0,0.2841465613183701,0,0.2824750192159877,0,0,0.5810084058422563,0
2025-08-21 18:00:00+00:00,0.635,0.635,0.47869828,0.15630171656608582,0.25978124637022576,0,0,0,0.09531243370171052,0,0.07596667789304602,0,0,0.021390114895028157,0
2025-08-21 19:00:00+00:00,0.63,0.63,0.4983064,0.13169360637664795,0.21827669565190266,0,0,0,0.14168470579220524,0,0.12682551883166793,0,0,0.05296451801215807,0
2025-08-21 20:00:00+00:00,0.545,0.545,0.5341613,0.01083867073059086,0.018741217401598027,0,0,0,0.8829360051438264,0,0.8873943120676403,0,0,0.6994622586223797,0
2025-08-21 21:00:00+00:00,0.56,0.56,0.5694016,-0.009401621818542427,0.017198088692455656,0,0,0,0.8924885192289785,0,0.8981552651806303,0,0,0.4778710370321687,0
2025-08-21 22:00:00+00:00,0.535,0.535,0.566534,-0.03153398275375363,0.05912621766328806,0,0,0,0.6465886562854606,0,0.6506533435818601,0,0,0.6443996773280855,0
2025-08-21 23:00:00+00:00,0.505,0.505,0.5429821,-0.03798210144042968,0.07571183011381333,0,0,0,0.5606489755118741,0,0.5637970791698693,0,0,0.666704414288211,0
2025-08-22 00:00:00+00:00,0.46499999999999997,0.46499999999999997,0.51981735,-0.054817352294921906,0.11380765182336729,0,0,0,0.39469329516695423,0,0.3885472713297463,0,0,0.763955640835631,0
2025-08-22 01:00:00+00:00,0.475,0.475,0.50384843,-0.028848433494567893,0.06482794043723122,0,0,0,0.6161718091659788,0,0.6195234435049961,0,0,0.6162866905189817,0
2025-08-22 02:00:00+00:00,0.395,0.395,0.49266836,-0.09766836047172545,0.22197354652664875,0,0,0,0.1366908944180482,0,0.12182936202920835,0,0,0.24352183901553032,0
2025-08-22 03:00:00+00:00,0.45000000000000007,0.45000000000000007,0.49533352,-0.045333522558212214,0.10421499438669474,0,0,0,0.43223158385541777,0,0.4235203689469639,0,0,0.7798314502938374,0
2025-08-22 04:00:00+00:00,0.4600000000000001,0.4600000000000001,0.48772112,-0.02772111535072319,0.0589810964909004,0,0,0,0.6473742353654811,0,0.6514219830899308,0,0,0.8514826176150093,0
2025-08-22 05:00:00+00:00,0.5,0.5,0.48330668,0.016693323850631714,0.03294734970519417,0,0,0,0.7963598194991555,0,0.7993850883935434,0,0,0.6962457779103246,0
2025-08-22 06:00:00+00:00,0.56,0.56,0.48058838,0.07941162347793584,0.152714660534492,0,0,0,0.27025066307655193,0,0.27209838585703305,0,0,0.10466903225330468,0
2025-08-22 07:00:00+00:00,0.5,0.5,0.48441818,0.01558181643486023,0.030652753642347996,0,0,0,0.8101470351971206,0,0.813989239046887,0,0,0.6827119596666412,0
2025-08-22 08:00:00+00:00,0.46499999999999997,0.46499999999999997,0.503748,-0.03874799966812137,0.08100627108318056,0,0,0,0.5349020723960296,0,0.5334358186010761,0,0,0.6236156386599456,0
2025-08-22 09:00:00+00:00,0.47,0.47,0.50748026,-0.037480263710022,0.07974524193621703,0,0,0,0.5409576903761812,0,0.5415065334358187,0,0,0.7237264757750097,0
2025-08-22 10:00:00+00:00,0.475,0.475,0.48692992,-0.011929923295974754,0.02538281552335054,0,0,0,0.8421198222666602,0,0.8405073020753266,0,0,0.6608105990253622,0
2025-08-22 11:00:00+00:00,0.46499999999999997,0.46499999999999997,0.45596707,0.009032931327819793,0.01949553523989883,0,0,0,0.8782751333287804,0,0.8808608762490392,0,0,0.7104005530701203,0
2025-08-22 12:00:00+00:00,0.45000000000000007,0.45000000000000007,0.43338072,0.016619277000427313,0.033574296970560226,0,0,0,0.792608075412798,0,0.7951575710991545,0,0,0.6406227969694962,0
2025-08-22 13:00:00+00:00,0.5700000000000001,0.5700000000000001,0.4269701,0.1430299055576325,0.2707190641469385,0,0,0,0.08608675327078408,0,0.06643736195510387,0,0,0.1210421769863569,0
2025-08-22 14:00:00+00:00,0.565,0.565,0.43280864,0.1321913623809814,0.22596814082219044,0,0,0,0.1315070970228613,0,0.11606456571867796,0,0,0.3899051671362031,0
2025-08-22 15:00:00+00:00,0.62,0.62,0.47398293,0.14601706981658935,0.24889273264191367,0,0,0,0.10560324332322413,0,0.0866967073969162,0,0,0.030432119717427136,0
2025-08-22 16:00:00+00:00,0.575,0.575,0.527453,0.047546994686126665,0.08058812658665537,0,0,0,0.5369047004576332,0,0.537663335895465,0,0,0.30533780165983915,0
2025-08-22 17:00:00+00:00,0.575,0.575,0.581994,-0.006993997097015425,0.011403256136438195,0,0,0,0.9285422341907732,0,0.9346656418139893,0,0,0.5035608569892047,0
2025-08-22 18:00:00+00:00,0.69,0.69,0.60341126,0.08658874273300166,0.14194875857869124,0,0,0,0.3004574004591903,0,0.2986164488854727,0,0,0.00438243268578933,1
2025-08-22 19:00:00+00:00,0.565,0.565,0.5953814,-0.030381379127502495,0.04926710128784189,0,0,0,0.7011777635687013,0,0.7044581091468101,0,0,0.6696599999410306,0
2025-08-22 20:00:00+00:00,0.595,0.595,0.605075,-0.010075001716613796,0.017779414794024347,0,0,0,0.8888872049933682,0,0.893543428132206,0,0,0.3710181865533128,0
2025-08-22 21:00:00+00:00,0.54,0.54,0.59400064,-0.05400063753128048,0.09700713328972542,0,0,0,0.46232025952298483,0,0.4561875480399693,0,0,0.7080200805365414,0
2025-08-22 22:00:00+00:00,0.5349999999999999,0.5349999999999999,0.5847551,-0.049755122661590656,0.09271140868619378,0,0,0,0.4810247485235079,0,0.47847809377401995,0,0,0.39500255264152195,0
2025-08-22 23:00:00+00:00,0.535,0.535,0.56573385,-0.030733850002288787,0.06065891447820156,0,0,0,0.63832587782398,0,0.6402767102229054,0,0,0.683066212950881,0
2025-08-23 00:00:00+00:00,0.44999999999999996,0.44999999999999996,0.54550636,-0.09550635814666752,0.19557616002730552,0,0,0,0.17693280945492926,0,0.1687163720215219,0,0,0.22212954632119514,0
2025-08-23 01:00:00+00:00,0.48,0.48,0.5344205,-0.054420490264892596,0.12229323655032044,0,0,0,0.36383400007276445,0,0.355880092236741,0,0,0.828434969580816,0
2025-08-23 02:00:00+00:00,0.405,0.405,0.5194492,-0.11444917440414426,0.2682402525097131,0,0,0,0.08808652802838299,0,0.06849444107145403,0,0,0.10953569886384694,0
2025-08-23 03:00:00+00:00,0.395,0.395,0.5099306,-0.11493061065673826,0.27473452746630656,0,0,0,0.08295451783322713,0,0.06322607250137882,0,0,0.07642168975488463,0
2025-08-23 04:00:00+00:00,0.45500000000000007,0.45500000000000007,0.49473107,-0.03973106861114495,0.09204108558566398,0,0,0,0.4839954603975556,0,0.4811683320522675,0,0,0.5519462306818017,0
2025-08-23 05:00:00+00:00,0.44499999999999995,0.44499999999999995,0.4745241,-0.029524110555648853,0.06512671446099012,0,0,0,0.6146024916280156,0,0.6183704842428901,0,0,0.40178375060378846,0
2025-08-23 06:00:00+00:00,0.45999999999999996,0.45999999999999996,0.46329135,-0.0032913470268249867,0.007452106475830159,0,0,0,0.953251143987701,0,0.9577248270561107,0,0,0.5071930000736229,0
2025-08-23 07:00:00+00:00,0.42000000000000004,0.42000000000000004,0.45730275,-0.037302749156951864,0.08675057943477178,0,0,0,0.5079324691935145,0,0.5080707148347425,0,0,0.08425575649591721,0
2025-08-23 08:00:00+00:00,0.4099999999999999,0.4099999999999999,0.4535813,-0.04358130335807808,0.10335486962390059,0,0,0,0.43573687420280777,0,0.4262106072252114,0,0,0.05805980654986032,0
2025-08-23 09:00:00+00:00,0.43500000000000005,0.43500000000000005,0.44012028,-0.005120279788970894,0.011593086314651082,0,0,0,0.9273572918390179,0,0.9327440430438124,0,0,0.15548198976054706,0
2025-08-23 10:00:00+00:00,0.48,0.48,0.4214989,0.0585011053085327,0.12491339211786341,0,0,0,0.35474161965706763,0,0.34550345887778633,0,0,0.6137460857386573,0
2025-08-23 11:00:00+00:00,0.49,0.49,0.4080298,0.08197020530700683,0.17077126105626422,0,0,0,0.22606489760037493,0,0.22367409684857797,0,0,0.7658976688627513,0
2025-08-23 12:00:00+00:00,0.47,0.47,0.4118857,0.05811429142951963,0.12191809390808314,0,0,0,0.36515249533974165,0,0.357033051498847,0,0,0.7067362761031989,0
2025-08-23 13:00:00+00:00,0.47,0.47,0.428947,0.04105299830436704,0.08183321921136288,0,0,0,0.530957230306464,0,0.5288239815526519,0,0,0.623736539211691,0
2025-08-23 14:00:00+00:00,0.565,0.565,0.44599867,0.11900133132934565,0.24285985985580746,0,0,0,0.11182976266365649,0,0.09322961125115722,0,0,0.15630836546660462,0
2025-08-23 15:00:00+00:00,0.43500000000000005,0.43500000000000005,0.45686924,-0.021869244575500435,0.04418029207171806,0,0,0,0.7302521049301408,0,0.7302075326671791,0,0,0.45374733651797805,0
2025-08-23 16:00:00+00:00,0.485,0.485,0.48948896,-0.004488959312438978,0.009653675940728985,0,0,0,0.9394734006896811,0,0.9458109146810146,0,0,0.7724525734087754,0
2025-08-23 17:00:00+00:00,0.475,0.475,0.49982855,-0.02482854723930361,0.049165440077828935,0,0,0,0.7017530402797394,0,0.7056110684089163,0,0,0.5752444337577967,0
2025-08-23 18:00:00+00:00,0.555,0.555,0.5034535,0.051546506881713916,0.09516278193547185,0,0,0,0.47028030464381676,0,0.46502690238278244,0,0,0.48629941866275816,0
2025-08-23 19:00:00+00:00,0.595,0.595,0.5011661,0.09383389472961423,0.16510362709023035,0,0,0,0.23910717298619824,0,0.24096848578016905,0,0,0.03639638582844324,0
2025-08-23 20:00:00+00:00,0.5549999999999999,0.5549999999999999,0.51043546,0.0445645380020141,0.07705683804382842,0,0,0,0.5540283019958973,0,0.5557263643351269,0,0,0.22236564526667146,0
2025-08-23 21:00:00+00:00,0.585,0.585,0.5407359,0.04426409959793087,0.07502389762361165,0,0,0,0.5640561077234014,0,0.5664873174481169,0,0,0.03272437009581605,0
2025-08-23 22:00:00+00:00,0.63,0.63,0.559426,0.07057399034500123,0.11795095879387392,0,0,0,0.37935358415634185,0,0.3697156033820138,0,0,0.01260740840541517,0
2025-08-23 23:00:00+00:00,0.58,0.58,0.56854224,0.011457757949829062,0.01981168521584276,0,0,0,0.8763234268638602,0,0.8797079169869331,0,0,0.0988290299023249,0
2025-08-24 00:00:00+00:00,0.5249999999999999,0.5249999999999999,0.5787824,-0.05378237962722787,0.1021184423301795,0,0,0,0.44081613961458327,0,0.4304381245196003,0,0,0.5104366597432197,0
2025-08-24 01:00:00+00:00,0.475,0.475,0.5691913,-0.09419127702713015,0.19092826424418274,0,0,0,0.18522413038792337,0,0.18024596464258258,0,0,0.7244596967826193,0
2025-08-24 02:00:00+00:00,0.48,0.48,0.54362386,-0.06362386465072634,0.13831274924070944,0,0,0,0.31135859979190095,0,0.3063028439661799,0,0,0.7839529192739624,0
2025-08-24 03:00:00+00:00,0.42500000000000004,0.42500000000000004,0.5096905,-0.08469052314758296,0.1834451764929595,0,0,0,0.1994266330528243,0,0.19485011529592622,0,0,0.4536936446253856,0
2025-08-24 04:00:00+00:00,0.48,0.48,0.4914908,-0.011490811109542864,0.024800311747214813,0,0,0,0.8456780388111443,0,0.8447348193697156,0,0,0.8698896161328155,0
2025-08-24 05:00:00+00:00,0.485,0.485,0.48168895,0.0033110535144805775,0.006578252015524326,0,0,0,0.9587256641692062,0,0.9631053036126057,0,0,0.6858461106495204,0
2025-08-24 06:00:00+00:00,0.5449999999999999,0.5449999999999999,0.48769945,0.05730055093765252,0.10481808098351073,0,0,0,0.4297875546713095,0,0.42044581091468103,0,0,0.16948981080863465,0
2025-08-24 07:00:00+00:00,0.61,0.61,0.5003839,0.1096160864830017,0.1999077565039545,0,0,0,0.16955355964418656,0,0.1621829362029208,0,0,0.013376031592440085,0
2025-08-24 08:00:00+00:00,0.49,0.49,0.51981175,-0.029811749458312997,0.052608969632317044,0,0,0,0.6824037483817652,0,0.6875480399692544,0,0,0.4631251591014012,0
2025-08-24 09:00:00+00:00,0.6,0.6,0.55218637,0.04781363010406492,0.08487626645691997,0,0,0,0.5166209271177514,0,0.5149884704073789,0,0,0.060610721513931876,0
2025-08-24 10:00:00+00:00,0.6,0.6,0.5430378,0.056962227821350075,0.0949370463689168,0,0,0,0.47126186244667795,0,0.46656418139892386,0,0,0.13896976408556883,0
2025-08-24 11:00:00+00:00,0.6,0.6,0.5360304,0.0639695882797241,0.10721160046881134,0,0,0,0.4201992846318327,0,0.4116064565718678,0,0,0.04029441888106972,0
2025-08-24 12:00:00+00:00,0.5900000000000001,0.5900000000000001,0.5357081,0.05429187059402474,0.09901252995870773,0,0,0,0.453785868986026,0,0.44581091468101464,0,0,0.18070733771505987,0
2025-08-24 13:00:00+00:00,0.45500000000000007,0.45500000000000007,0.53872937,-0.08372936964035027,0.1625813002725248,0,0,0,0.2451487777452115,0,0.24865488086087628,0,0,0.621681832007604,0
2025-08-24 14:00:00+00:00,0.5,0.5,0.5390428,-0.039042770862579346,0.08306972523953052,0,0,0,0.5250976045911608,0,0.5249807840122982,0,0,0.8210200833922094,0
2025-08-24 15:00:00+00:00,0.45499999999999996,0.45499999999999996,0.51510584,-0.06010584354400639,0.12350515796713642,0,0,0,0.3596031347998534,0,0.3512682551883167,0,0,0.6758342503442496,0
2025-08-24 16:00:00+00:00,0.505,0.505,0.500953,0.004046981334686284,0.008610598584438902,0,0,0,0.9459982957409943,0,0.9538816295157571,0,0,0.6847638265013426,0
2025-08-24 17:00:00+00:00,0.44999999999999996,0.44999999999999996,0.50243485,-0.05243484973907475,0.10737511891960701,0,0,0,0.41955073450120367,0,0.4112221368178325,0,0,0.4659241593967952,0
2025-08-24 18:00:00+00:00,0.51,0.51,0.5198075,-0.009807517528533927,0.018921255682059022,0,0,0,0.8818230326984275,0,0.8854727132974635,0,0,0.8228395265393751,0
2025-08-24 19:00:00+00:00,0.595,0.595,0.53076756,0.06423243999481199,0.12006063550432146,0,0,0,0.37174276800457656,0,0.3627978478093774,0,0,0.22764038656846228,0
2025-08-24 20:00:00+00:00,0.5,0.5,0.54048383,-0.040483832359313965,0.07912149646771459,0,0,0,0.5439708186691237,0,0.5441967717140661,0,0,0.6775572061524919,0
2025-08-24 21:00:00+00:00,0.44000000000000006,0.44000000000000006,0.5600782,-0.12007820367813105,0.2434017642124278,0,0,0,0.1112542634391802,0,0.09262467746826734,0,0,0.08106159856706345,0
2025-08-24 22:00:00+00:00,0.54,0.54,0.5552919,-0.015291891098022425,0.03163839537521881,0,0,0,0.8042141561080189,0,0.8066871637202152,0,0,0.8597681590383394,0
2025-08-24 23:00:00+00:00,0.47,0.47,0.5160589,-0.04605892181396487,0.09120578577022746,0,0,0,0.4877169188064871,0,0.48539584934665647,0,0,0.5229086475829212,0
2025-08-25 00:00:00+00:00,0.505,0.505,0.4892653,0.015734707117080693,0.03408239808753941,0,0,0,0.7895724909857532,0,0.7932359723289777,0,0,0.8014112880253258,0
2025-08-25 01:00:00+00:00,0.4099999999999999,0.4099999999999999,0.4614858,-0.0514858031272889,0.11072215726298687,0,0,0,0.4064575187626557,0,0.3996925441967717,0,0,0.07703737643434509,0
2025-08-25 02:00:00+00:00,0.48,0.48,0.4472256,0.03277439951896666,0.07048257961068098,0,0,0,0.5868980823663121,0,0.5891621829362029,0,0,0.4742121997250455,0
2025-08-25 03:00:00+00:00,0.505,0.505,0.42940688,0.07559311866760254,0.1597037718329631,0,0,0,0.2522247125759275,0,0.2555726364335127,0,0,0.8284849393172555,0
2025-08-25 04:00:00+00:00,0.43500000000000005,0.43500000000000005,0.42877743,0.006222573518753105,0.012613324700175213,0,0,0,0.9209928383530416,0,0.9265949269792467,0,0,0.5925432476309264,0
2025-08-25 05:00:00+00:00,0.54,0.54,0.45113182,0.0888681793212891,0.1753977223446495,0,0,0,0.2159475157383143,0,0.212913143735588,0,0,0.540824277484964,0
2025-08-25 06:00:00+00:00,0.5449999999999999,0.5449999999999999,0.46651545,0.07848454833030694,0.13378048010847773,0,0,0,0.32545965886873635,0,0.31591083781706375,0,0,0.4358233163125237,0
2025-08-25 07:00:00+00:00,0.675,0.675,0.4889771,0.18602289557456975,0.3170844810930166,0,0,0,0.056723878024413574,0,0.037070209630619196,0,0,0.0012980764293741966,1
2025-08-25 08:00:00+00:00,0.54,0.54,0.51042515,0.029574849605560338,0.05069974218096058,0,0,0,0.6930966915818492,0,0.6971560338201384,0,0,0.6553299734486202,0
2025-08-25 09:00:00+00:00,0.5349999999999999,0.5349999999999999,0.55021626,-0.015216257572174152,0.02669518872311255,0,0,0,0.8341200429832195,0,0.8320522674865488,0,0,0.632285798762389,0
2025-08-25 10:00:00+00:00,0.635,0.635,0.5659949,0.06900508165359498,0.12285771214289908,0,0,0,0.3618579628286228,0,0.35318985395849345,0,0,0.014343294088414829,0
2025-08-25 11:00:00+00:00,0.515,0.515,0.5524693,-0.037469313144683825,0.06612231731414793,0,0,0,0.6093910546582679,0,0.616064565718678,0,0,0.6828679372462212,0
2025-08-25 12:00:00+00:00,0.55,0.55,0.5563241,-0.006324124336242631,0.011969951425064919,0,0,0,0.9250055341854166,0,0.9308224442736357,0,0,0.6800461078035843,0
2025-08-25 13:00:00+00:00,0.52,0.52,0.54234266,-0.02234266281127928,0.043383811284037434,0,0,0,0.7348563324645072,0,0.7359723289777095,0,0,0.20452154953864182,0
2025-08-25 14:00:00+00:00,0.475,0.475,0.530622,-0.05562200546264651,0.11087442949364754,0,0,0,0.40587007664057845,0,0.3993082244427364,0,0,0.6644242792807582,0
2025-08-25 15:00:00+00:00,0.51,0.51,0.5287698,-0.018769791126251212,0.040365142206991854,0,0,0,0.7524273846021712,0,0.7555726364335127,0,0,0.7560856805485929,0
2025-08-25 16:00:00+00:00,0.41000000000000003,0.41000000000000003,0.5264008,-0.11640080451965329,0.24250167608261103,0,0,0,0.11221194673148288,0,0.09363146144614358,0,0,0.07916224323847364,0
2025-08-25 17:00:00+00:00,0.52,0.52,0.53756046,-0.01756046295166014,0.0359599923924781,0,0,0,0.7783946156019983,0,0.782859338970023,0,0,0.7360539595665948,0
2025-08-25 18:00:00+00:00,0.535,0.535,0.53045624,0.004543755054473908,0.008211605520133568,0,0,0,0.9484955576322293,0,0.9542659492697925,0,0,0.6864835119577913,0
2025-08-25 19:00:00+00:00,0.605,0.605,0.53611404,0.06888596296310423,0.11545133457503502,0,0,0,0.3885453911844199,0,0.3800922367409685,0,0,0.11839027297243335,0
2025-08-25 20:00:00+00:00,0.65,0.65,0.54188627,0.10811372995376589,0.18376271380243497,0,0,0,0.19880180739408843,0,0.1940814757878555,0,0,0.04116466013480374,0
2025-08-25 21:00:00+00:00,0.51,0.51,0.55357146,-0.04357146263122558,0.07689081640804513,0,0,0,0.5548426010824972,0,0.5568793235972329,0,0,0.4571643967146189,0
2025-08-25 22:00:00+00:00,0.54,0.54,0.57499385,-0.034993848800659144,0.06975518033353983,0,0,0,0.590612645383999,0,0.5930053804765565,0,0,0.7464654843201147,0
2025-08-25 23:00:00+00:00,0.45499999999999996,0.45499999999999996,0.5557356,-0.10073558807373051,0.20986580848693856,0,0,0,0.15378880071688292,0,0.14027671022290544,0,0,0.0929289591613059,0
2025-08-26 00:00:00+00:00,0.44499999999999995,0.44499999999999995,0.518568,-0.07356797933578496,0.16656900981687162,0,0,0,0.2356650548155305,0,0.2375096079938509,0,0,0.1399933638458875,0
2025-08-26 01:00:00+00:00,0.42500000000000004,0.42500000000000004,0.4721057,-0.04710571169853206,0.10997442419890752,0,0,0,0.40935252888759766,0,0.40161414296694853,0,0,0.07115716374579939,0
2025-08-26 02:00:00+00:00,0.41500000000000004,0.41500000000000004,0.43537095,-0.0203709518909454,0.04594951554348586,0,0,0,0.7200740265190462,0,0.7198308993082245,0,0,0.09433520846809072,0
2025-08-26 03:00:00+00:00,0.49,0.49,0.42020145,0.06979854941368102,0.15923623440383505,0,0,0,0.253393144358269,0,0.2571099154496541,0,0,0.5698688510293766,0
2025-08-26 04:00:00+00:00,0.41000000000000003,0.41000000000000003,0.42255318,-0.012553181648254363,0.02769084187114933,0,0,0,0.8280669735046978,0,0.8266717909300538,0,0,0.19315504965471852,0
2025-08-26 05:00:00+00:00,0.4600000000000001,0.4600000000000001,0.4496593,0.010340712070465163,0.022318083605320494,0,0,0,0.8608894760678772,0,0.8627978478093774,0,0,0.6318785978496082,0
2025-08-26 06:00:00+00:00,0.52,0.52,0.4700607,0.04993929386138918,0.09921714012196524,0,0,0,0.452922177218959,0,0.4446579554189085,0,0,0.7606970056323906,0
2025-08-26 07:00:00+00:00,0.53,0.53,0.4826789,0.04732110977172854,0.09824451855722188,0,0,0,0.45703944487666126,0,0.4511913912375096,0,0,0.5769724914840316,0
2025-08-26 08:00:00+00:00,0.395,0.395,0.49716312,-0.10216311693191527,0.2385131134597243,0,0,0,0.11656596724308418,0,0.0982159487638432,0,0,0.03915295344475273,0
2025-08-26 09:00:00+00:00,0.36,0.36,0.505495,-0.14549501180648805,0.3845683131449023,0,0,0,0.03230321691205875,0,0.015116896187351181,0,0,0.007540707952030244,1
2025-08-26 10:00:00+00:00,0.38,0.38,0.48034945,-0.10034945130348205,0.25952444302624667,0,0,0,0.09554191612472715,0,0.07620490202282418,0,0,0.04247938895284589,0
2025-08-26 11:00:00+00:00,0.42000000000000004,0.42000000000000004,0.43295237,-0.01295237421989437,0.03198117091331943,0,0,0,0.8021545905597187,0,0.8055342044581091,0,0,0.09625011744124704,0
2025-08-26 12:00:00+00:00,0.41500000000000004,0.41500000000000004,0.3918694,0.023130604028701818,0.0566463772131473,0,0,0,0.6600884480654541,0,0.664488854727133,0,0,0.21712175505617767,0
2025-08-26 13:00:00+00:00,0.39,0.39,0.38012984,0.009870156049728407,0.02457300261343172,0,0,0,0.8470677680394023,0,0.8470407378939278,0,0,0.0925845090605086,0
2025-08-26 14:00:00+00:00,0.4,0.4,0.38744527,0.012554728984832786,0.03151814807907812,0,0,0,0.8049371182604895,0,0.8082244427363566,0,0,0.23425997634251908,0
2025-08-26 15:00:00+00:00,0.405,0.405,0.40155444,0.003445564508438137,0.008722948122628195,0,0,0,0.9452952439483931,0,0.9515757109915449,0,0,0.3699717256553089,0
2025-08-26 16:00:00+00:00,0.38,0.38,0.41688466,-0.03688466072082519,0.09580431356058491,0,0,0,0.4674994518531001,0,0.4627209838585703,0,0,0.19195624138376835,0
2025-08-26 17:00:00+00:00,0.37,0.37,0.4269518,-0.05695179581642151,0.15323353134463188,0,0,0,0.2688706385383541,0,0.27132974634896234,0,0,0.19304593813266036,0
2025-08-26 18:00:00+00:00,0.365,0.365,0.42931196,-0.06431196093559266,0.16998756194429776,0,0,0,0.22782521095282116,0,0.22828593389700236,0,0,0.15131508786908546,0
2025-08-26 19:00:00+00:00,0.4,0.4,0.41832423,-0.018324232101440407,0.04759540805568937,0,0,0,0.7106679473414421,0,0.7106072252113759,0,0,0.5973186550002277,0
2025-08-26 20:00:00+00:00,0.39,0.39,0.40078878,-0.010788784027099596,0.029158875748917824,0,0,0,0.8191684838209726,0,0.8209069946195234,0,0,0.5106196335443134,0
2025-08-26 21:00:00+00:00,0.32,0.32,0.38899782,-0.06899782299995422,0.20699346899986265,0,0,0,0.15817061182532235,0,0.14642582628747114,0,0,0.027275037635335588,0
2025-08-26 22:00:00+00:00,0.29000000000000004,0.29000000000000004,0.3811561,-0.09115608692169186,0.2629502507356496,0,0,0,0.09253056406539568,0,0.07308314307394573,0,0,0.009775263327967677,1
2025-08-26 23:00:00+00:00,0.43000000000000005,0.43000000000000005,0.36388782,0.06611218333244329,0.1695184188011366,0,0,0,0.2288855267633845,0,0.22943889315910837,0,0,0.8513606949434843,0
2025-08-27 00:00:00+00:00,0.45000000000000007,0.45000000000000007,0.3375764,0.11242361068725593,0.2535870917757652,0,0,0,0.10102273058105211,0,0.08190935627957519,0,0,0.7960359167984135,0
2025-08-27 01:00:00+00:00,0.45000000000000007,0.45000000000000007,0.34233057,0.10766942501068122,0.23321897114226975,0,0,0,0.12263312157071782,0,0.1060722521137587,0,0,0.7123527373458594,0
2025-08-27 02:00:00+00:00,0.485,0.485,0.36973652,0.11526347756385802,0.2393013375028194,0,0,0,0.1156910537282094,0,0.0972938052050985,0,0,0.20357290567056072,0
2025-08-27 03:00:00+00:00,0.51,0.51,0.39696562,0.1130343770980835,0.2346734472624571,0,0,0,0.12093265472378817,0,0.10222905457340503,0,0,0.12915270570474482,0
2025-08-27 04:00:00+00:00,0.45000000000000007,0.45000000000000007,0.4222855,0.02771450281143195,0.05753876016214246,0,0,0,0.6552120364938072,0,0.6602613374327441,0,0,0.5576413569436287,0
2025-08-27 05:00:00+00:00,0.485,0.485,0.44419655,0.04080344796180724,0.08935061597476036,0,0,0,0.49605986041358896,0,0.49538816295157573,0,0,0.29009049765951017,0
2025-08-27 06:00:00+00:00,0.43500000000000005,0.43500000000000005,0.45270172,-0.01770171761512751,0.034372267213839826,0,0,0,0.7878427218084028,0,0.792467332820907,0,0,0.5031520654256333,0
2025-08-27 07:00:00+00:00,0.625,0.625,0.45445925,0.17054075002670288,0.29919429829246125,0,0,0,0.06644027364770737,0,0.04656909629753585,0,0,0.000612290108447685,1
2025-08-27 08:00:00+00:00,0.65,0.65,0.4461498,0.20385020375251772,0.3484618867564406,0,0,0,0.0433729307483593,0,0.024609915628730897,0,0,0.00029279201111172607,1
2025-08-27 09:00:00+00:00,0.48,0.48,0.47213802,0.007861982583999616,0.015619832948343609,0,0,0,0.9022813444783148,0,0.9089162182936203,0,0,0.466953294839493,0
2025-08-27 10:00:00+00:00,0.38,0.38,0.5286477,-0.14864772081375122,0.3340398220533735,0,0,0,0.04899699867771717,0,0.029754803601338437,0,0,0.49109077790104727,0
2025-08-27 11:00:00+00:00,0.475,0.475,0.5520795,-0.0770794987678528,0.16058228909969335,0,0,0,0.25004343382752386,0,0.25326671790930055,0,0,0.6694312738472871,0
2025-08-27 12:00:00+00:00,0.585,0.585,0.52666175,0.058338246345519984,0.10938421189784997,0,0,0,0.4116498496080646,0,0.4050730207532667,0,0,0.01192098708454362,0
2025-08-27 13:00:00+00:00,0.54,0.54,0.5034249,0.03657511711120609,0.06629930594176331,0,0,0,0.6084675241776956,0,0.6145272867025365,0,0,0.10838990270741784,0
2025-08-27 14:00:00+00:00,0.53,0.53,0.515218,0.014781980514526394,0.02593329914829192,0,0,0,0.8387613841317582,0,0.8358954650269024,0,0,0.1495284380401407,0
2025-08-27 15:00:00+00:00,0.64,0.64,0.5365594,0.10344059705734254,0.17336412914638413,0,0,0,0.22033740358391318,0,0.21714066102997698,0,0,0.002328046227697591,1
2025-08-27 16:00:00+00:00,0.62,0.62,0.5511309,0.06886910915374755,0.11739052696661514,0,0,0,0.38139796661505576,0,0.3743274404304381,0,0,0.005506040346167737,1
2025-08-27 17:00:00+00:00,0.5,0.5,0.58017635,-0.08017635345458984,0.1484747286196108,0,0,0,0.28178505102695517,0,0.2797847809377402,0,0,0.714108385024456,0
2025-08-27 18:00:00+00:00,0.5,0.5,0.6067173,-0.10671728849411011,0.13152422143897807,0,0,1,0.3326955336275387,0,0.32052267486548813,0,0,0.5855233834190832,0
2025-08-27 19:00:00+00:00,0.39,1.434166589086162,0.59209937,0.8420672205139268,1.0356822993743229,1,1,1,0.0009739690089231893,1,6.312861069255546e-09,1,0,4.99515288395871e-09,1
2025-08-27 20:00:00+00:00,0.505,0.505,0.5553213,-0.050321276187896724,0.0627925823647156,0,0,1,0.626928306746727,0,0.6291314373558801,0,0,0.5279897051550179,0
2025-08-27 21:00:00+00:00,0.46499999999999997,0.46499999999999997,0.49575955,-0.030759546756744416,0.06662717709042111,0,0,0,0.6067590139247784,0,0.6110684089162183,0,0,0.01116039073907643,0
2025-08-27 22:00:00+00:00,0.41500000000000004,0.41500000000000004,0.46667373,-0.05167373180389401,0.11879018805492873,0,0,0,0.3763099359273705,0,0.3674096848578017,0,0,0.010040747593643517,0
2025-08-27 23:00:00+00:00,0.42500000000000004,0.42500000000000004,0.4590049,-0.03400490880012508,0.0772838836366479,0,0,0,0.5529160315200998,0,0.5541890853189855,0,0,0.019370650573853426,0
2025-08-28 00:00:00+00:00,0.48,0.48,0.45263308,0.02736691713333128,0.06081537140740285,0,0,0,0.6374859442634838,0,0.6391237509607994,0,0,0.091968144174921,0
2025-08-28 01:00:00+00:00,0.44500000000000006,0.44500000000000006,0.44583938,-0.0008393752574920033,0.0018247288206347898,0,0,0,0.9885443155800017,0,0.9884704073789393,0,0,0.03523953103083785,0
2025-08-28 02:00:00+00:00,0.45499999999999996,0.45499999999999996,0.44791552,0.007084475755691488,0.015457038012417794,0,0,0,0.9032926954822514,0,0.9108378170637971,0,0,0.06690370056587515,0
2025-08-28 03:00:00+00:00,0.475,0.475,0.44461775,0.03038225173950193,0.06264381801959161,0,0,0,0.6277189638687917,0,0.6302843966179862,0,0,0.018777207407206946,0
2025-08-28 04:00:00+00:00,0.525,0.525,0.43704492,0.08795508146286013,0.18387821908611873,0,0,0,0.1985750221149363,0,0.1936971560338201,0,0,0.10880159937189046,0
2025-08-28 05:00:00+00:00,0.43500000000000005,0.43500000000000005,0.43210697,0.002893028259277397,0.006069290054428105,0,0,0,0.9619155001933353,0,0.9665641813989239,0,0,0.026089289491176244,0
2025-08-28 06:00:00+00:00,0.47,0.47,0.44247258,0.027527422904968235,0.057749838262171116,0,0,0,0.6540616215433509,0,0.6587240584166025,0,0,0.4570332461229067,0
2025-08-28 07:00:00+00:00,0.525,0.525,0.44059283,0.08440717458724978,0.16077557064238052,0,0,0,0.24956601865759165,0,0.25172943889315913,0,0,0.6895539422662829,0
2025-08-28 08:00:00+00:00,0.58,0.58,0.43985894,0.1401410567760467,0.27300205865463645,0,0,0,0.08428993370684708,0,0.06459353273477975,0,0,0.5283578224666458,0
2025-08-28 09:00:00+00:00,0.43500000000000005,0.43500000000000005,0.4491941,-0.014194103479385323,0.03154245217641183,0,0,0,0.8047909758204398,0,0.8074558032282859,0,0,0.04379119683480543,0
2025-08-28 10:00:00+00:00,0.33499999999999996,0.33499999999999996,0.47852814,-0.14352814197540287,0.38445038029125767,0,0,0,0.032333535430408206,0,0.015141417097205026,0,0,0.0005991733452879309,1
2025-08-28 11:00:00+00:00,0.35,0.35,0.4856754,-0.13567539453506472,0.3700238032774492,0,0,0,0.036308811390377484,0,0.018434909176182377,0,0,0.001208201426397232,1
2025-08-28 12:00:00+00:00,0.41500000000000004,0.41500000000000004,0.45814598,-0.04314597606658932,0.11110551776804116,0,0,0,0.4049799393382098,0,0.39623366641045354,0,0,0.021928968792746466,0
2025-08-28 13:00:00+00:00,0.4,0.4,0.42497143,-0.024971431493759133,0.05945578927085506,0,0,0,0.6448066655066242,0,0.6491160645657187,0,0,0.02355605578231877,0
2025-08-28 14:00:00+00:00,0.44500000000000006,0.44500000000000006,0.41473714,0.030262864828109803,0.07010702276782194,0,0,0,0.5888140064488664,0,0.5906994619523444,0,0,0.08999635682155928,0
2025-08-28 15:00:00+00:00,0.44999999999999996,0.44999999999999996,0.42140397,0.02859602570533748,0.0630794684676562,0,0,0,0.6254052648337906,0,0.6260568793235972,0,0,0.11672464315452433,0
2025-08-28 16:00:00+00:00,0.46499999999999997,0.46499999999999997,0.44137198,0.02362802267074582,0.053096680158979365,0,0,0,0.6796864851870034,0,0.6829362029208301,0,0,0.08341152418470864,0
2025-08-28 17:00:00+00:00,0.42000000000000004,0.42000000000000004,0.45748833,-0.03748832821846004,0.08855510602785836,0,0,0,0.49967015439514395,0,0.4996156802459646,0,0,0.02322882398832225,0
2025-08-28 18:00:00+00:00,0.385,0.385,0.468494,-0.08349399805068969,0.20615801987824614,0,0,0,0.15946978157791653,0,0.14719446579554185,0,0,0.03749387539000309,0
2025-08-28 19:00:00+00:00,0.41000000000000003,0.41000000000000003,0.4632288,-0.05322879195213315,0.1200649442529319,0,0,0,0.3717273609331511,0,0.362413528055342,0,0,0.2558541609998448,0
2025-08-28 20:00:00+00:00,0.535,0.535,0.4363638,0.09863621354103091,0.2019854202205411,0,0,0,0.16612913897990275,0,0.15795541890853193,0,0,0.19217211287306588,0
2025-08-28 21:00:00+00:00,0.52,0.52,0.4116515,0.10834850788116457,0.22036984653796182,0,0,0,0.1388335937646384,0,0.12375096079938508,0,0,0.40753595412381893,0
2025-08-28 22:00:00+00:00,0.42000000000000004,0.42000000000000004,0.41695628,0.003043724298477213,0.0067140977172291455,0,0,0,0.9578744284563536,0,0.9615680245964643,0,0,0.592326047613403,0
2025-08-28 23:00:00+00:00,0.42000000000000004,0.42000000000000004,0.4394025,-0.019402490854263266,0.04512207175410062,0,0,0,0.7248256402235768,0,0.722521137586472,0,0,0.6075328467855133,0
2025-08-29 00:00:00+00:00,0.44999999999999996,0.44999999999999996,0.4438071,0.006192904710769609,0.014402103978533974,0,0,0,0.9098516720231334,0,0.9162182936202921,0,0,0.8522814762699764,0
2025-08-29 01:00:00+00:00,0.42000000000000004,0.42000000000000004,0.43591657,-0.01591657280921932,0.036450166738670194,0,0,0,0.7754869570929409,0,0.7797847809377402,0,0,0.6641800312124284,0
2025-08-29 02:00:00+00:00,0.44000000000000006,0.44000000000000006,0.4316167,0.008383306264877377,0.019346091380486253,0,0,0,0.8791980689551873,0,0.8823981552651806,0,0,0.7925328371641802,0
2025-08-29 03:00:00+00:00,0.44000000000000006,0.44000000000000006,0.42922518,0.010774823427200375,0.023594503855183302,0,0,0,0.8530577536735784,0,0.8531898539584934,0,0,0.8589995538784689,0
2025-08-29 04:00:00+00:00,0.49,0.49,0.43311375,0.05688624620437621,0.12321930585785461,0,0,0,0.3605971238655895,0,0.35203689469638744,0,0,0.5678269538629506,0
2025-08-29 05:00:00+00:00,0.45499999999999996,0.45499999999999996,0.44022548,0.014774518013000448,0.032352959152555726,0,0,0,0.799922898335261,0,0.8036126056879324,0,0,0.828807292305592,0
2025-08-29 06:00:00+00:00,0.42500000000000004,0.42500000000000004,0.45671597,-0.03171597123146053,0.06796279549598686,0,0,0,0.5998306093069752,0,0.6018447348193697,0,0,0.8907867761824549,0
2025-08-29 07:00:00+00:00,0.52,0.52,0.4710356,0.04896440029144289,0.0999273475335569,0,0,0,0.44993443597057253,0,0.44081475787855495,0,0,0.23373229589090977,0
2025-08-29 08:00:00+00:00,0.525,0.525,0.46989992,0.0551000773906708,0.10803936743268787,0,0,0,0.41692470331531695,0,0.40853189853958494,0,0,0.16082683948175464,0
2025-08-29 09:00:00+00:00,0.485,0.485,0.47484058,0.010159418582916246,0.020947254810136588,0,0,0,0.869322033714518,0,0.8712528823981552,0,0,0.5928605324343256,0
2025-08-29 10:00:00+00:00,0.44500000000000006,0.44500000000000006,0.483695,-0.038695000410079894,0.08663059793301468,0,0,0,0.5084853984874802,0,0.5092236740968485,0,0,0.8853194411360112,0
2025-08-29 11:00:00+00:00,0.41000000000000003,0.41000000000000003,0.4870655,-0.07706549406051633,0.1792220792105031,0,0,0,0.20792971530969362,0,0.2056110684089162,0,0,0.5788590053151474,0
2025-08-29 12:00:00+00:00,0.43500000000000005,0.43500000000000005,0.4755041,-0.040504100322723335,0.09170739695710943,0,0,0,0.4854795133467428,0,0.4823212913143735,0,0,0.45680143612755714,0
2025-08-29 13:00:00+00:00,0.48,0.48,0.45412034,0.025879662036895734,0.05859546121561298,0,0,0,0.6494644770236172,0,0.6529592621060722,0,0,0.8944729538926974,0
2025-08-29 14:00:00+00:00,0.41000000000000003,0.41000000000000003,0.4433986,-0.033398594856262176,0.0776711508285167,0,0,0,0.551022423221418,0,0.5522674865488086,0,0,0.41331817130730236,0
2025-08-29 15:00:00+00:00,0.4,0.4,0.45682392,-0.05682391524314878,0.13916060875873168,0,0,0,0.3087841918830225,0,0.3047655649500385,0,0,0.26611472911370865,0
2025-08-29 16:00:00+00:00,0.41500000000000004,0.41500000000000004,0.4654063,-0.0504062986373901,0.12497429414228951,0,0,0,0.3545326947334281,0,0.3451191391237509,0,0,0.5294863880040909,0
2025-08-29 17:00:00+00:00,0.395,0.395,0.46436986,-0.06936986327171324,0.16919478846759328,0,0,0,0.2296198365031375,0,0.2305918524212145,0,0,0.3691632017860845,0
2025-08-29 18:00:00+00:00,0.42000000000000004,0.42000000000000004,0.45955673,-0.03955672860145565,0.0957185436963156,0,0,0,0.46787049413874776,0,0.463489623366641,0,0,0.5488452160034454,0
2025-08-29 19:00:00+00:00,0.4247826086956522,0.4247826086956522,0.45054573,-0.025763119510982313,0.06065012781500441,0,0,0,0.6383730681891893,0,0.6406610299769409,0,0,0.6548950633314496,0
2025-08-29 20:00:00+00:00,0.4295652173913044,0.4295652173913044,0.44614285,-0.01657763491506159,0.03859166022737009,0,0,0,0.7628366321642974,0,0.765564950038432,0,0,0.7456210198392823,0
2025-08-29 21:00:00+00:00,0.43434782608695655,0.43434782608695655,0.44212827,-0.007780444777530149,0.014592299256580059,0,0,0,0.908668485402326,0,0.9146810146041506,0,0,0.7861599885009148,0
2025-09-01 12:00:00+00:00,0.7356521739130434,0.7356521739130434,0.43326354,0.30238863364509905,0.4748478771395502,0,0,0,0.016469742783821236,0,0.004113115350318277,1,0,7.435638561500479e-05,1
2025-09-01 13:00:00+00:00,0.7404347826086956,0.7404347826086956,0.42105958,0.3193752039515453,0.43133468531330255,0,0,0,0.02254165798403029,0,0.007824323456768445,1,0,6.179323225166226e-05,1
2025-09-01 14:00:00+00:00,0.7452173913043477,0.7452173913043477,0.46846604,0.2767513478320577,0.37136995333356637,0,0,0,0.0359144520394903,0,0.018101638611869728,0,0,7.423991263641859e-05,1
2025-09-01 15:00:00+00:00,0.7499999999999999,0.7499999999999999,0.54888266,0.2011173367500304,0.2736020551212954,0,0,0,0.08382472891137722,0,0.0641168783709177,0,0,0.00011076228827383554,1
2025-09-01 16:00:00+00:00,0.71,0.71,0.62183917,0.08816083431243893,0.12685012131286177,0,0,0,0.34815106790258005,0,0.33935434281322063,0,0,0.0004912540214323458,1
2025-09-01 17:00:00+00:00,0.625,0.625,0.668615,-0.043614983558654785,0.06608330842220422,0,0,0,0.6095947222621027,0,0.6164488854727133,0,0,0.04070183940604844,0
2025-09-01 18:00:00+00:00,0.645,0.645,0.6842347,-0.03923467874526976,0.05990027289354161,0,0,0,0.6424079062203342,0,0.6464258262874711,0,0,0.02079737797421944,0
2025-09-01 19:00:00+00:00,0.6950000000000001,0.6950000000000001,0.6680964,0.026903576850891175,0.03861757442711652,0,0,0,0.7626840870511239,0,0.7651806302843966,0,0,0.003114199626602029,1
2025-09-01 20:00:00+00:00,0.7499999999999999,0.7499999999999999,0.6566011,0.09339892864227284,0.12972073422537897,0,0,0,0.3385841242932862,0,0.32820906994619525,0,0,0.0009708438661683563,1
2025-09-01 21:00:00+00:00,0.715,0.715,0.675689,0.039311017990112274,0.054852583242017125,0,0,0,0.6699523727710794,0,0.6729438893159108,0,0,0.004025489138286479,1
2025-09-01 22:00:00+00:00,0.685,0.685,0.7288892,-0.043889226913452095,0.06299889030639057,0,0,0,0.6258328165446934,0,0.6268255188316679,0,0,0.021480304183756925,0
2025-09-01 23:00:00+00:00,0.69,0.69,0.7684833,-0.07848328113555914,0.1186145306834647,0,0,0,0.37694523657389506,0,0.3689469638739431,0,0,0.017244988834181286,0
2025-09-02 00:00:00+00:00,0.61,0.61,0.7755774,-0.1655774259567261,0.24349621464224422,0,0,0,0.111154291116477,0,0.0925196140728249,0,0,0.3407093796908275,0
2025-09-02 01:00:00+00:00,0.74,0.74,0.76102495,-0.021024951934814462,0.030035645621163513,0,0,0,0.8138694984653937,0,0.8166794773251345,0,0,0.006276184032094916,1
2025-09-02 02:00:00+00:00,0.7499999999999999,0.7499999999999999,0.71626085,0.03373914957046498,0.045696365106724576,0,0,0,0.7215261402770567,0,0.7205995388162951,0,0,0.004271526090141902,1
2025-09-02 03:00:00+00:00,0.725,0.725,0.70214176,0.02285823822021482,0.031170324845747485,0,0,0,0.8070296594345927,0,0.8109146810146042,0,0,0.03733772554151893,0
2025-09-02 04:00:00+00:00,0.725,0.725,0.7042823,0.020717716217040993,0.027996913806812157,0,0,0,0.826209083725277,0,0.824750192159877,0,0,0.05636119984979889,0
2025-09-02 05:00:00+00:00,0.7699999999999999,0.7699999999999999,0.7021907,0.06780930280685415,0.09225755483925735,0,0,0,0.48303458797871585,0,0.4796310530361261,0,0,0.019555567296522195,0
2025-09-02 06:00:00+00:00,0.71,0.71,0.6940057,0.01599427223205563,0.02216296383194775,0,0,0,0.8618425860029794,0,0.8639508070714834,0,0,0.37040711518064867,0
2025-09-02 07:00:00+00:00,0.685,0.685,0.6929074,-0.00790739297866816,0.011163378322825636,0,0,0,0.9300398999643875,0,0.9358186010760953,0,0,0.6893917961359078,0
2025-09-02 08:00:00+00:00,0.73,0.73,0.68292016,0.04707984209060667,0.06615434485799533,0,0,0,0.6092238690113291,0,0.6149116064565718,0,0,0.26204073445488874,0
2025-09-02 09:00:00+00:00,0.72,0.72,0.66877836,0.05122164011001584,0.07097686851272403,0,0,0,0.5843826638676178,0,0.5868562644119908,0,0,0.4342063493049792,0
2025-09-02 10:00:00+00:00,0.715,0.715,0.67449707,0.04050293207168576,0.05677981131544732,0,0,0,0.6593579921702301,0,0.6637202152190622,0,0,0.57755281008665,0
2025-09-02 11:00:00+00:00,0.705,0.705,0.6901068,0.014893190860748251,0.021955563922478993,0,0,0,0.8631173676454926,0,0.8658724058416603,0,0,0.34806391436972334,0
2025-09-02 12:00:00+00:00,0.615,0.615,0.7075179,-0.09251792192459107,0.13740285434345212,0,0,0,0.3141434903464744,0,0.30860876249039204,0,0,0.27766338695965675,0
2025-09-02 13:00:00+00:00,0.7,0.7,0.72323143,-0.023231434822082564,0.03408034448227271,0,0,0,0.7895847509476979,0,0.7936202920830131,0,0,0.5076231668226369,0
2025-09-02 14:00:00+00:00,0.73,0.73,0.7053258,0.024674217700958234,0.03380029822049073,0,0,0,0.7912573070619227,0,0.7943889315910838,0,0,0.1178266217848492,0
2025-09-02 15:00:00+00:00,0.7599999999999999,0.7599999999999999,0.7016354,0.058364579677581685,0.07781943957010892,0,0,0,0.5502985332785718,0,0.5511145272867025,0,0,0.36194639394883643,0
2025-09-02 16:00:00+00:00,0.7599999999999999,0.7599999999999999,0.7149762,0.04502380847930898,0.059241853262248664,0,0,0,0.6459630884770226,0,0.6502690238278248,0,0,0.30266696699111256,0
2025-09-02 17:00:00+00:00,0.7599999999999999,0.7599999999999999,0.73631996,0.023680040836334126,0.031157948468860698,0,0,0,0.8071041531516729,0,0.8112990007686395,0,0,0.6066564914463564,0
